attack_auc,advantage,n_members,n_nonmembers,tpr_at_10pct,tpr_at_10pct_interpolated,op_10pct_target_fpr,op_10pct_threshold,op_10pct_tp,op_10pct_fp,op_10pct_tn,op_10pct_fn,op_10pct_tpr,op_10pct_fpr,op_10pct_fpr_resolvable,op_10pct_selection_rule,tpr_at_1pct,tpr_at_1pct_interpolated,op_1pct_target_fpr,op_1pct_threshold,op_1pct_tp,op_1pct_fp,op_1pct_tn,op_1pct_fn,op_1pct_tpr,op_1pct_fpr,op_1pct_fpr_resolvable,op_1pct_selection_rule,tpr_at_0p1pct,tpr_at_0p1pct_interpolated,op_0p1pct_target_fpr,op_0p1pct_threshold,op_0p1pct_tp,op_0p1pct_fp,op_0p1pct_tn,op_0p1pct_fn,op_0p1pct_tpr,op_0p1pct_fpr,op_0p1pct_fpr_resolvable,op_0p1pct_selection_rule,n_shadow_trained,online,balanced,sd_in,sd_out,test_acc,dataset,model,variant,epsilon,run_seed
0.5204656862745098,0.09264705882352942,255,64,0.07058823529411765,0.07058823529411765,0.1,0.7731423808860822,18,5,59,237,0.07058823529411765,0.078125,True,max_tpr_with_empirical_fpr_le_target,0.0,0.0,0.01,inf,0,0,64,255,0.0,0.0,False,max_tpr_with_empirical_fpr_le_target,0.0,0.0,0.001,inf,0,0,64,255,0.0,0.0,False,max_tpr_with_empirical_fpr_le_target,32,True,False,0.1805041971922815,0.19011173617503188,0.765625,GALLSTONE,LR,standard,,0
0.5100490196078431,0.09712009803921573,255,64,0.09803921568627451,0.09803921568627451,0.1,0.6990749731682746,25,6,58,230,0.09803921568627451,0.09375,True,max_tpr_with_empirical_fpr_le_target,0.01568627450980392,0.01568627450980392,0.01,1.7454634880376776,4,0,64,251,0.01568627450980392,0.0,False,max_tpr_with_empirical_fpr_le_target,0.01568627450980392,0.01568627450980392,0.001,1.7454634880376776,4,0,64,251,0.01568627450980392,0.0,False,max_tpr_with_empirical_fpr_le_target,32,True,False,0.18482615177041692,0.1946067344529337,0.765625,GALLSTONE,LR,standard,,1
0.5191176470588235,0.07457107843137255,255,64,0.13725490196078433,0.13725490196078433,0.1,0.5601008400244019,35,6,58,220,0.13725490196078433,0.09375,True,max_tpr_with_empirical_fpr_le_target,0.043137254901960784,0.043137254901960784,0.01,1.3056974406911428,11,0,64,244,0.043137254901960784,0.0,False,max_tpr_with_empirical_fpr_le_target,0.043137254901960784,0.043137254901960784,0.001,1.3056974406911428,11,0,64,244,0.043137254901960784,0.0,False,max_tpr_with_empirical_fpr_le_target,32,True,False,0.18433225359144417,0.19353483604238944,0.765625,GALLSTONE,LR,standard,,2
0.5306372549019608,0.08008578431372548,255,64,0.12941176470588237,0.12941176470588237,0.1,0.6996642801330986,33,6,58,222,0.12941176470588237,0.09375,True,max_tpr_with_empirical_fpr_le_target,0.050980392156862744,0.050980392156862744,0.01,1.0259477201699196,13,0,64,242,0.050980392156862744,0.0,False,max_tpr_with_empirical_fpr_le_target,0.050980392156862744,0.050980392156862744,0.001,1.0259477201699196,13,0,64,242,0.050980392156862744,0.0,False,max_tpr_with_empirical_fpr_le_target,32,True,False,0.18005192212205634,0.1897458198071124,0.765625,GALLSTONE,LR,standard,,3
0.5064950980392157,0.0908700980392157,255,64,0.12156862745098039,0.12156862745098039,0.1,0.5982924423787669,31,6,58,224,0.12156862745098039,0.09375,True,max_tpr_with_empirical_fpr_le_target,0.00392156862745098,0.00392156862745098,0.01,2.1054523875870474,1,0,64,254,0.00392156862745098,0.0,False,max_tpr_with_empirical_fpr_le_target,0.00392156862745098,0.00392156862745098,0.001,2.1054523875870474,1,0,64,254,0.00392156862745098,0.0,False,max_tpr_with_empirical_fpr_le_target,32,True,False,0.19161925434635205,0.19814973511308479,0.765625,GALLSTONE,LR,standard,,4
0.5258578431372549,0.11219362745098038,255,64,0.09411764705882353,0.09411764705882353,0.1,0.7446688772957368,24,6,58,231,0.09411764705882353,0.09375,True,max_tpr_with_empirical_fpr_le_target,0.01568627450980392,0.01568627450980392,0.01,1.767227531270676,4,0,64,251,0.01568627450980392,0.0,False,max_tpr_with_empirical_fpr_le_target,0.01568627450980392,0.01568627450980392,0.001,1.767227531270676,4,0,64,251,0.01568627450980392,0.0,False,max_tpr_with_empirical_fpr_le_target,32,True,False,0.18034362967881348,0.19378520941223587,0.765625,GALLSTONE,LR,standard,,5
0.5684436274509805,0.14185049019607843,255,64,0.1803921568627451,0.1803921568627451,0.1,0.5730758387654085,46,6,58,209,0.1803921568627451,0.09375,True,max_tpr_with_empirical_fpr_le_target,0.043137254901960784,0.043137254901960784,0.01,1.1525512944676488,11,0,64,244,0.043137254901960784,0.0,False,max_tpr_with_empirical_fpr_le_target,0.043137254901960784,0.043137254901960784,0.001,1.1525512944676488,11,0,64,244,0.043137254901960784,0.0,False,max_tpr_with_empirical_fpr_le_target,32,True,False,0.18293544112978918,0.19425806177710647,0.765625,GALLSTONE,LR,standard,,6
0.4939338235294118,0.0659313725490196,255,64,0.07450980392156863,0.07450980392156863,0.1,0.8704614839811295,19,6,58,236,0.07450980392156863,0.09375,True,max_tpr_with_empirical_fpr_le_target,0.00392156862745098,0.00392156862745098,0.01,2.0288644125607616,1,0,64,254,0.00392156862745098,0.0,False,max_tpr_with_empirical_fpr_le_target,0.00392156862745098,0.00392156862745098,0.001,2.0288644125607616,1,0,64,254,0.00392156862745098,0.0,False,max_tpr_with_empirical_fpr_le_target,32,True,False,0.19188590528435612,0.2135821332019508,0.765625,GALLSTONE,LR,standard,,7
0.4818014705882353,0.0507352941176471,255,64,0.08627450980392157,0.08627450980392157,0.1,0.7945403329281261,22,6,58,233,0.08627450980392157,0.09375,True,max_tpr_with_empirical_fpr_le_target,0.0,0.0,0.01,inf,0,0,64,255,0.0,0.0,False,max_tpr_with_empirical_fpr_le_target,0.0,0.0,0.001,inf,0,0,64,255,0.0,0.0,False,max_tpr_with_empirical_fpr_le_target,32,True,False,0.18604094768801901,0.19418921714213258,0.765625,GALLSTONE,LR,standard,,8
0.5275735294117647,0.12089460784313721,255,64,0.1411764705882353,0.1411764705882353,0.1,0.47661080683957524,36,6,58,219,0.1411764705882353,0.09375,True,max_tpr_with_empirical_fpr_le_target,0.00784313725490196,0.00784313725490196,0.01,2.6215851808999777,2,0,64,253,0.00784313725490196,0.0,False,max_tpr_with_empirical_fpr_le_target,0.00784313725490196,0.00784313725490196,0.001,2.6215851808999777,2,0,64,253,0.00784313725490196,0.0,False,max_tpr_with_empirical_fpr_le_target,32,True,False,0.1915839982858385,0.19820641007035217,0.765625,GALLSTONE,LR,standard,,9
0.5401348039215687,0.12077205882352937,255,64,0.10588235294117647,0.10588235294117647,0.1,0.6775122090699666,27,6,58,228,0.10588235294117647,0.09375,True,max_tpr_with_empirical_fpr_le_target,0.0,0.0,0.01,inf,0,0,64,255,0.0,0.0,False,max_tpr_with_empirical_fpr_le_target,0.0,0.0,0.001,inf,0,0,64,255,0.0,0.0,False,max_tpr_with_empirical_fpr_le_target,32,True,False,0.18723083752472566,0.19773558864934987,0.765625,GALLSTONE,LR,standard,,10
0.5582107843137255,0.15036764705882355,255,64,0.11764705882352941,0.11764705882352941,0.1,0.5352115746026971,30,6,58,225,0.11764705882352941,0.09375,True,max_tpr_with_empirical_fpr_le_target,0.00784313725490196,0.00784313725490196,0.01,2.034195211784109,2,0,64,253,0.00784313725490196,0.0,False,max_tpr_with_empirical_fpr_le_target,0.00784313725490196,0.00784313725490196,0.001,2.034195211784109,2,0,64,253,0.00784313725490196,0.0,False,max_tpr_with_empirical_fpr_le_target,32,True,False,0.19364725503909316,0.19790046252735796,0.765625,GALLSTONE,LR,standard,,11
0.5313112745098039,0.08419117647058827,255,64,0.08627450980392157,0.08627450980392157,0.1,0.8132310281589024,22,6,58,233,0.08627450980392157,0.09375,True,max_tpr_with_empirical_fpr_le_target,0.00392156862745098,0.00392156862745098,0.01,3.0952840145531333,1,0,64,254,0.00392156862745098,0.0,False,max_tpr_with_empirical_fpr_le_target,0.00392156862745098,0.00392156862745098,0.001,3.0952840145531333,1,0,64,254,0.00392156862745098,0.0,False,max_tpr_with_empirical_fpr_le_target,32,True,False,0.1788860248383011,0.19150596639935571,0.765625,GALLSTONE,LR,standard,,12
0.5188112745098039,0.11250000000000004,255,64,0.0784313725490196,0.0784313725490196,0.1,0.9245406223525114,20,3,61,235,0.0784313725490196,0.046875,True,max_tpr_with_empirical_fpr_le_target,0.00784313725490196,0.00784313725490196,0.01,2.6105105939782165,2,0,64,253,0.00784313725490196,0.0,False,max_tpr_with_empirical_fpr_le_target,0.00784313725490196,0.00784313725490196,0.001,2.6105105939782165,2,0,64,253,0.00784313725490196,0.0,False,max_tpr_with_empirical_fpr_le_target,32,True,False,0.17410553651425045,0.1788690051002326,0.765625,GALLSTONE,LR,standard,,13
0.5360294117647059,0.0845588235294118,255,64,0.1568627450980392,0.1568627450980392,0.1,0.49547398453781555,40,6,58,215,0.1568627450980392,0.09375,True,max_tpr_with_empirical_fpr_le_target,0.0,0.0,0.01,inf,0,0,64,255,0.0,0.0,False,max_tpr_with_empirical_fpr_le_target,0.0,0.0,0.001,inf,0,0,64,255,0.0,0.0,False,max_tpr_with_empirical_fpr_le_target,32,True,False,0.18964378206477128,0.19560298447019048,0.765625,GALLSTONE,LR,standard,,14
0.5582720588235294,0.11948529411764708,255,64,0.1843137254901961,0.1843137254901961,0.1,0.5181156371862702,47,6,58,208,0.1843137254901961,0.09375,True,max_tpr_with_empirical_fpr_le_target,0.0392156862745098,0.0392156862745098,0.01,1.372906758864495,10,0,64,245,0.0392156862745098,0.0,False,max_tpr_with_empirical_fpr_le_target,0.0392156862745098,0.0392156862745098,0.001,1.372906758864495,10,0,64,245,0.0392156862745098,0.0,False,max_tpr_with_empirical_fpr_le_target,32,True,False,0.16423626227267127,0.17473957406513074,0.765625,GALLSTONE,LR,standard,,15
0.5103553921568627,0.13210784313725488,255,64,0.10980392156862745,0.10980392156862745,0.1,0.5917964576982162,28,6,58,227,0.10980392156862745,0.09375,True,max_tpr_with_empirical_fpr_le_target,0.011764705882352941,0.011764705882352941,0.01,2.290766421514146,3,0,64,252,0.011764705882352941,0.0,False,max_tpr_with_empirical_fpr_le_target,0.011764705882352941,0.011764705882352941,0.001,2.290766421514146,3,0,64,252,0.011764705882352941,0.0,False,max_tpr_with_empirical_fpr_le_target,32,True,False,0.1883924348650415,0.19695950046846278,0.765625,GALLSTONE,LR,standard,,16
0.5725490196078431,0.17879901960784317,255,64,0.09411764705882353,0.09411764705882353,0.1,0.7705077700740477,24,4,60,231,0.09411764705882353,0.0625,True,max_tpr_with_empirical_fpr_le_target,0.0196078431372549,0.0196078431372549,0.01,1.635421093351541,5,0,64,250,0.0196078431372549,0.0,False,max_tpr_with_empirical_fpr_le_target,0.0196078431372549,0.0196078431372549,0.001,1.635421093351541,5,0,64,250,0.0196078431372549,0.0,False,max_tpr_with_empirical_fpr_le_target,32,True,False,0.17038061445234062,0.17946200005393448,0.765625,GALLSTONE,LR,standard,,17
0.5291053921568627,0.11513480392156861,255,64,0.058823529411764705,0.058823529411764705,0.1,0.9576949296645236,15,6,58,240,0.058823529411764705,0.09375,True,max_tpr_with_empirical_fpr_le_target,0.0,0.0,0.01,inf,0,0,64,255,0.0,0.0,False,max_tpr_with_empirical_fpr_le_target,0.0,0.0,0.001,inf,0,0,64,255,0.0,0.0,False,max_tpr_with_empirical_fpr_le_target,32,True,False,0.1763063993515045,0.18621931077725526,0.765625,GALLSTONE,LR,standard,,18
0.5331495098039216,0.1558210784313725,255,64,0.050980392156862744,0.050980392156862744,0.1,0.9338301634323942,13,6,58,242,0.050980392156862744,0.09375,True,max_tpr_with_empirical_fpr_le_target,0.0,0.0,0.01,inf,0,0,64,255,0.0,0.0,False,max_tpr_with_empirical_fpr_le_target,0.0,0.0,0.001,inf,0,0,64,255,0.0,0.0,False,max_tpr_with_empirical_fpr_le_target,32,True,False,0.17407212405759467,0.18437274422171077,0.765625,GALLSTONE,LR,standard,,19
0.5439338235294118,0.15870098039215685,255,64,0.12549019607843137,0.12549019607843137,0.1,0.648328574785012,32,6,58,223,0.12549019607843137,0.09375,True,max_tpr_with_empirical_fpr_le_target,0.00784313725490196,0.00784313725490196,0.01,2.5064604365797134,2,0,64,253,0.00784313725490196,0.0,False,max_tpr_with_empirical_fpr_le_target,0.00784313725490196,0.00784313725490196,0.001,2.5064604365797134,2,0,64,253,0.00784313725490196,0.0,False,max_tpr_with_empirical_fpr_le_target,32,True,False,0.1568847917994255,0.1606336524331134,0.765625,GALLSTONE,LR,standard,,20
0.5137254901960784,0.08756127450980394,255,64,0.09411764705882353,0.09411764705882353,0.1,0.7747194126016883,24,6,58,231,0.09411764705882353,0.09375,True,max_tpr_with_empirical_fpr_le_target,0.01568627450980392,0.01568627450980392,0.01,2.3278906278931526,4,0,64,251,0.01568627450980392,0.0,False,max_tpr_with_empirical_fpr_le_target,0.01568627450980392,0.01568627450980392,0.001,2.3278906278931526,4,0,64,251,0.01568627450980392,0.0,False,max_tpr_with_empirical_fpr_le_target,32,True,False,0.18293953039183672,0.18919960916467218,0.765625,GALLSTONE,LR,standard,,21
0.5278186274509804,0.13897058823529407,255,64,0.11372549019607843,0.11372549019607843,0.1,0.6298001923956007,29,4,60,226,0.11372549019607843,0.0625,True,max_tpr_with_empirical_fpr_le_target,0.0196078431372549,0.0196078431372549,0.01,2.157052811839823,5,0,64,250,0.0196078431372549,0.0,False,max_tpr_with_empirical_fpr_le_target,0.0196078431372549,0.0196078431372549,0.001,2.157052811839823,5,0,64,250,0.0196078431372549,0.0,False,max_tpr_with_empirical_fpr_le_target,32,True,False,0.17679061547663805,0.1875727014596745,0.765625,GALLSTONE,LR,standard,,22
0.5539215686274509,0.14693627450980395,255,64,0.12549019607843137,0.12549019607843137,0.1,0.5443211635319647,32,6,58,223,0.12549019607843137,0.09375,True,max_tpr_with_empirical_fpr_le_target,0.00784313725490196,0.00784313725490196,0.01,2.1520517719175327,2,0,64,253,0.00784313725490196,0.0,False,max_tpr_with_empirical_fpr_le_target,0.00784313725490196,0.00784313725490196,0.001,2.1520517719175327,2,0,64,253,0.00784313725490196,0.0,False,max_tpr_with_empirical_fpr_le_target,32,True,False,0.16750553702193038,0.17744384780569086,0.765625,GALLSTONE,LR,standard,,23
0.5374387254901961,0.0894607843137255,255,64,0.13333333333333333,0.13333333333333333,0.1,0.6505957466319106,34,6,58,221,0.13333333333333333,0.09375,True,max_tpr_with_empirical_fpr_le_target,0.0,0.0,0.01,inf,0,0,64,255,0.0,0.0,False,max_tpr_with_empirical_fpr_le_target,0.0,0.0,0.001,inf,0,0,64,255,0.0,0.0,False,max_tpr_with_empirical_fpr_le_target,32,True,False,0.1866981446992207,0.1949913667371672,0.765625,GALLSTONE,LR,standard,,24
0.5418504901960786,0.1479166666666667,255,64,0.09411764705882353,0.09411764705882353,0.1,0.6809633860488926,24,6,58,231,0.09411764705882353,0.09375,True,max_tpr_with_empirical_fpr_le_target,0.00784313725490196,0.00784313725490196,0.01,1.7518387994178946,2,0,64,253,0.00784313725490196,0.0,False,max_tpr_with_empirical_fpr_le_target,0.00784313725490196,0.00784313725490196,0.001,1.7518387994178946,2,0,64,253,0.00784313725490196,0.0,False,max_tpr_with_empirical_fpr_le_target,32,True,False,0.18196879023503157,0.19371931150046487,0.765625,GALLSTONE,LR,standard,,25
0.542892156862745,0.12334558823529407,255,64,0.11764705882352941,0.11764705882352941,0.1,0.8275519131344693,30,6,58,225,0.11764705882352941,0.09375,True,max_tpr_with_empirical_fpr_le_target,0.027450980392156862,0.027450980392156862,0.01,1.6158969601822835,7,0,64,248,0.027450980392156862,0.0,False,max_tpr_with_empirical_fpr_le_target,0.027450980392156862,0.027450980392156862,0.001,1.6158969601822835,7,0,64,248,0.027450980392156862,0.0,False,max_tpr_with_empirical_fpr_le_target,32,True,False,0.1719740817482735,0.18173763066997667,0.765625,GALLSTONE,LR,standard,,26
0.5003676470588235,0.08180147058823528,255,64,0.07058823529411765,0.07058823529411765,0.1,0.7725100075306428,18,6,58,237,0.07058823529411765,0.09375,True,max_tpr_with_empirical_fpr_le_target,0.01568627450980392,0.01568627450980392,0.01,1.442698634243483,4,0,64,251,0.01568627450980392,0.0,False,max_tpr_with_empirical_fpr_le_target,0.01568627450980392,0.01568627450980392,0.001,1.442698634243483,4,0,64,251,0.01568627450980392,0.0,False,max_tpr_with_empirical_fpr_le_target,32,True,False,0.1893757221635143,0.19709670365326615,0.765625,GALLSTONE,LR,standard,,27
0.5465686274509803,0.15098039215686276,255,64,0.11372549019607843,0.11372549019607843,0.1,0.6624166284527964,29,6,58,226,0.11372549019607843,0.09375,True,max_tpr_with_empirical_fpr_le_target,0.0,0.0,0.01,inf,0,0,64,255,0.0,0.0,False,max_tpr_with_empirical_fpr_le_target,0.0,0.0,0.001,inf,0,0,64,255,0.0,0.0,False,max_tpr_with_empirical_fpr_le_target,32,True,False,0.18456835710124195,0.1937995050943032,0.765625,GALLSTONE,LR,standard,,28
0.5344975490196078,0.11047794117647058,255,64,0.07450980392156863,0.07450980392156863,0.1,0.7267878665309331,19,6,58,236,0.07450980392156863,0.09375,True,max_tpr_with_empirical_fpr_le_target,0.0196078431372549,0.0196078431372549,0.01,1.7586631062049338,5,0,64,250,0.0196078431372549,0.0,False,max_tpr_with_empirical_fpr_le_target,0.0196078431372549,0.0196078431372549,0.001,1.7586631062049338,5,0,64,250,0.0196078431372549,0.0,False,max_tpr_with_empirical_fpr_le_target,32,True,False,0.17813634011327953,0.18526596267311768,0.765625,GALLSTONE,LR,standard,,29
0.4647058823529412,0.04019607843137257,255,64,0.047058823529411764,0.047058823529411764,0.1,0.7689760074242287,12,6,58,243,0.047058823529411764,0.09375,True,max_tpr_with_empirical_fpr_le_target,0.0,0.0,0.01,inf,0,0,64,255,0.0,0.0,False,max_tpr_with_empirical_fpr_le_target,0.0,0.0,0.001,inf,0,0,64,255,0.0,0.0,False,max_tpr_with_empirical_fpr_le_target,32,True,False,11.227723669856898,11.138530581554113,0.484375,GALLSTONE,LR,dp,0.1,0
0.5164215686274509,0.10637254901960785,255,64,0.17254901960784313,0.17254901960784313,0.1,0.2992244832449904,44,6,58,211,0.17254901960784313,0.09375,True,max_tpr_with_empirical_fpr_le_target,0.00784313725490196,0.00784313725490196,0.01,1.052027227219606,2,0,64,253,0.00784313725490196,0.0,False,max_tpr_with_empirical_fpr_le_target,0.00784313725490196,0.00784313725490196,0.001,1.052027227219606,2,0,64,253,0.00784313725490196,0.0,False,max_tpr_with_empirical_fpr_le_target,32,True,False,11.486405592425903,11.602811960796299,0.484375,GALLSTONE,LR,dp,0.1,1
0.4661151960784314,0.031495098039215685,255,64,0.10588235294117647,0.10588235294117647,0.1,0.41824413531255633,27,5,59,228,0.10588235294117647,0.078125,True,max_tpr_with_empirical_fpr_le_target,0.027450980392156862,0.027450980392156862,0.01,0.7255155563610476,7,0,64,248,0.027450980392156862,0.0,False,max_tpr_with_empirical_fpr_le_target,0.027450980392156862,0.027450980392156862,0.001,0.7255155563610476,7,0,64,248,0.027450980392156862,0.0,False,max_tpr_with_empirical_fpr_le_target,32,True,False,11.640403079431488,11.672310503223505,0.484375,GALLSTONE,LR,dp,0.1,2
0.5009191176470588,0.07604166666666667,255,64,0.10196078431372549,0.10196078431372549,0.1,0.4207123524680014,26,6,58,229,0.10196078431372549,0.09375,True,max_tpr_with_empirical_fpr_le_target,0.043137254901960784,0.043137254901960784,0.01,0.6083339347365961,11,0,64,244,0.043137254901960784,0.0,False,max_tpr_with_empirical_fpr_le_target,0.043137254901960784,0.043137254901960784,0.001,0.6083339347365961,11,0,64,244,0.043137254901960784,0.0,False,max_tpr_with_empirical_fpr_le_target,32,True,False,11.923114982307773,11.941040735340447,0.484375,GALLSTONE,LR,dp,0.1,3
0.4868872549019608,0.05894607843137255,255,64,0.12549019607843137,0.12549019607843137,0.1,0.46357369346781896,32,6,58,223,0.12549019607843137,0.09375,True,max_tpr_with_empirical_fpr_le_target,0.0392156862745098,0.0392156862745098,0.01,0.6653985594848755,10,0,64,245,0.0392156862745098,0.0,False,max_tpr_with_empirical_fpr_le_target,0.0392156862745098,0.0392156862745098,0.001,0.6653985594848755,10,0,64,245,0.0392156862745098,0.0,False,max_tpr_with_empirical_fpr_le_target,32,True,False,11.612881462748057,11.651334283916759,0.484375,GALLSTONE,LR,dp,0.1,4
0.5361519607843137,0.12763480392156867,255,64,0.07058823529411765,0.07058823529411765,0.1,0.489002020659985,18,6,58,237,0.07058823529411765,0.09375,True,max_tpr_with_empirical_fpr_le_target,0.00784313725490196,0.00784313725490196,0.01,1.6807160229758344,2,0,64,253,0.00784313725490196,0.0,False,max_tpr_with_empirical_fpr_le_target,0.00784313725490196,0.00784313725490196,0.001,1.6807160229758344,2,0,64,253,0.00784313725490196,0.0,False,max_tpr_with_empirical_fpr_le_target,32,True,False,11.148821589089577,11.039442449017315,0.484375,GALLSTONE,LR,dp,0.1,5
0.4824142156862745,0.06133578431372544,255,64,0.06274509803921569,0.06274509803921569,0.1,0.6758446112236398,16,6,58,239,0.06274509803921569,0.09375,True,max_tpr_with_empirical_fpr_le_target,0.01568627450980392,0.01568627450980392,0.01,0.9387647234922469,4,0,64,251,0.01568627450980392,0.0,False,max_tpr_with_empirical_fpr_le_target,0.01568627450980392,0.01568627450980392,0.001,0.9387647234922469,4,0,64,251,0.01568627450980392,0.0,False,max_tpr_with_empirical_fpr_le_target,32,True,False,12.178110262874137,12.0968162684013,0.484375,GALLSTONE,LR,dp,0.1,6
0.5267156862745098,0.07745098039215681,255,64,0.14901960784313725,0.14901960784313725,0.1,0.4766684004157069,38,6,58,217,0.14901960784313725,0.09375,True,max_tpr_with_empirical_fpr_le_target,0.023529411764705882,0.023529411764705882,0.01,0.9261013035439021,6,0,64,249,0.023529411764705882,0.0,False,max_tpr_with_empirical_fpr_le_target,0.023529411764705882,0.023529411764705882,0.001,0.9261013035439021,6,0,64,249,0.023529411764705882,0.0,False,max_tpr_with_empirical_fpr_le_target,32,True,False,11.391410181662305,11.423384499492363,0.484375,GALLSTONE,LR,dp,0.1,7
0.45116421568627446,0.058823529411764705,255,64,0.11372549019607843,0.11372549019607843,0.1,0.5065545786479682,29,4,60,226,0.11372549019607843,0.0625,True,max_tpr_with_empirical_fpr_le_target,0.058823529411764705,0.058823529411764705,0.01,0.6462855905662321,15,0,64,240,0.058823529411764705,0.0,False,max_tpr_with_empirical_fpr_le_target,0.058823529411764705,0.058823529411764705,0.001,0.6462855905662321,15,0,64,240,0.058823529411764705,0.0,False,max_tpr_with_empirical_fpr_le_target,32,True,False,11.628036474234541,11.661095576333889,0.484375,GALLSTONE,LR,dp,0.1,8
0.5049019607843136,0.08719362745098042,255,64,0.10588235294117647,0.10588235294117647,0.1,0.49485264381840555,27,5,59,228,0.10588235294117647,0.078125,True,max_tpr_with_empirical_fpr_le_target,0.023529411764705882,0.023529411764705882,0.01,0.9506677191237154,6,0,64,249,0.023529411764705882,0.0,False,max_tpr_with_empirical_fpr_le_target,0.023529411764705882,0.023529411764705882,0.001,0.9506677191237154,6,0,64,249,0.023529411764705882,0.0,False,max_tpr_with_empirical_fpr_le_target,32,True,False,11.261438034133409,11.163649520877007,0.484375,GALLSTONE,LR,dp,0.1,9
0.5772671568627451,0.13964460784313726,255,64,0.21568627450980393,0.21568627450980393,0.1,0.30370738971156497,55,6,58,200,0.21568627450980393,0.09375,True,max_tpr_with_empirical_fpr_le_target,0.03529411764705882,0.03529411764705882,0.01,0.8338555106692618,9,0,64,246,0.03529411764705882,0.0,False,max_tpr_with_empirical_fpr_le_target,0.03529411764705882,0.03529411764705882,0.001,0.8338555106692618,9,0,64,246,0.03529411764705882,0.0,False,max_tpr_with_empirical_fpr_le_target,32,True,False,11.415534850052792,11.357073309230596,0.484375,GALLSTONE,LR,dp,0.1,10
0.502267156862745,0.08688725490196078,255,64,0.07450980392156863,0.07450980392156863,0.1,0.5152904403301668,19,6,58,236,0.07450980392156863,0.09375,True,max_tpr_with_empirical_fpr_le_target,0.011764705882352941,0.011764705882352941,0.01,1.113510492228023,3,0,64,252,0.011764705882352941,0.0,False,max_tpr_with_empirical_fpr_le_target,0.011764705882352941,0.011764705882352941,0.001,1.113510492228023,3,0,64,252,0.011764705882352941,0.0,False,max_tpr_with_empirical_fpr_le_target,32,True,False,11.201711080197223,11.21282362681761,0.484375,GALLSTONE,LR,dp,0.1,11
0.4549019607843137,0.05526960784313725,255,64,0.14901960784313725,0.14901960784313725,0.1,0.4244990805706488,38,6,58,217,0.14901960784313725,0.09375,True,max_tpr_with_empirical_fpr_le_target,0.011764705882352941,0.011764705882352941,0.01,1.2031274506991583,3,0,64,252,0.011764705882352941,0.0,False,max_tpr_with_empirical_fpr_le_target,0.011764705882352941,0.011764705882352941,0.001,1.2031274506991583,3,0,64,252,0.011764705882352941,0.0,False,max_tpr_with_empirical_fpr_le_target,32,True,False,11.897788508534063,11.855108203433934,0.484375,GALLSTONE,LR,dp,0.1,12
0.46090686274509807,0.027328431372549034,255,64,0.0392156862745098,0.0392156862745098,0.1,0.6573031952548045,10,6,58,245,0.0392156862745098,0.09375,True,max_tpr_with_empirical_fpr_le_target,0.011764705882352941,0.011764705882352941,0.01,0.933297016254508,3,0,64,252,0.011764705882352941,0.0,False,max_tpr_with_empirical_fpr_le_target,0.011764705882352941,0.011764705882352941,0.001,0.933297016254508,3,0,64,252,0.011764705882352941,0.0,False,max_tpr_with_empirical_fpr_le_target,32,True,False,11.935184050961814,12.010497061390945,0.484375,GALLSTONE,LR,dp,0.1,13
0.447610294117647,0.03884803921568625,255,64,0.08235294117647059,0.08235294117647059,0.1,0.6333920355690186,21,6,58,234,0.08235294117647059,0.09375,True,max_tpr_with_empirical_fpr_le_target,0.027450980392156862,0.027450980392156862,0.01,0.9729870074288982,7,0,64,248,0.027450980392156862,0.0,False,max_tpr_with_empirical_fpr_le_target,0.027450980392156862,0.027450980392156862,0.001,0.9729870074288982,7,0,64,248,0.027450980392156862,0.0,False,max_tpr_with_empirical_fpr_le_target,32,True,False,11.805820467098311,11.80804983744757,0.484375,GALLSTONE,LR,dp,0.1,14
0.5231004901960784,0.11531862745098043,255,64,0.10588235294117647,0.10588235294117647,0.1,0.47072938550543775,27,6,58,228,0.10588235294117647,0.09375,True,max_tpr_with_empirical_fpr_le_target,0.03529411764705882,0.03529411764705882,0.01,0.8093085729935763,9,0,64,246,0.03529411764705882,0.0,False,max_tpr_with_empirical_fpr_le_target,0.03529411764705882,0.03529411764705882,0.001,0.8093085729935763,9,0,64,246,0.03529411764705882,0.0,False,max_tpr_with_empirical_fpr_le_target,32,True,False,11.652053291645766,11.690764483484708,0.484375,GALLSTONE,LR,dp,0.1,15
0.5406862745098039,0.13412990196078434,255,64,0.1803921568627451,0.1803921568627451,0.1,0.40748427662950126,46,6,58,209,0.1803921568627451,0.09375,True,max_tpr_with_empirical_fpr_le_target,0.027450980392156862,0.027450980392156862,0.01,0.9549610044423709,7,0,64,248,0.027450980392156862,0.0,False,max_tpr_with_empirical_fpr_le_target,0.027450980392156862,0.027450980392156862,0.001,0.9549610044423709,7,0,64,248,0.027450980392156862,0.0,False,max_tpr_with_empirical_fpr_le_target,32,True,False,11.512756594045392,11.367009818588345,0.484375,GALLSTONE,LR,dp,0.1,16
0.49356617647058826,0.0616421568627451,255,64,0.10196078431372549,0.10196078431372549,0.1,0.49925530909775073,26,5,59,229,0.10196078431372549,0.078125,True,max_tpr_with_empirical_fpr_le_target,0.023529411764705882,0.023529411764705882,0.01,0.8326060680058229,6,0,64,249,0.023529411764705882,0.0,False,max_tpr_with_empirical_fpr_le_target,0.023529411764705882,0.023529411764705882,0.001,0.8326060680058229,6,0,64,249,0.023529411764705882,0.0,False,max_tpr_with_empirical_fpr_le_target,32,True,False,11.064752778811368,11.120141338411972,0.484375,GALLSTONE,LR,dp,0.1,17
0.4897058823529412,0.03327205882352946,255,64,0.08235294117647059,0.08235294117647059,0.1,0.6096403259154153,21,5,59,234,0.08235294117647059,0.078125,True,max_tpr_with_empirical_fpr_le_target,0.00392156862745098,0.00392156862745098,0.01,1.0733518092281775,1,0,64,254,0.00392156862745098,0.0,False,max_tpr_with_empirical_fpr_le_target,0.00392156862745098,0.00392156862745098,0.001,1.0733518092281775,1,0,64,254,0.00392156862745098,0.0,False,max_tpr_with_empirical_fpr_le_target,32,True,False,12.062574383712176,12.112749858265552,0.484375,GALLSTONE,LR,dp,0.1,18
0.43982843137254907,0.031924019607843135,255,64,0.10980392156862745,0.10980392156862745,0.1,0.4846585795367728,28,6,58,227,0.10980392156862745,0.09375,True,max_tpr_with_empirical_fpr_le_target,0.0,0.0,0.01,inf,0,0,64,255,0.0,0.0,False,max_tpr_with_empirical_fpr_le_target,0.0,0.0,0.001,inf,0,0,64,255,0.0,0.0,False,max_tpr_with_empirical_fpr_le_target,32,True,False,11.836601052684653,11.849472283347316,0.484375,GALLSTONE,LR,dp,0.1,19
0.4803308823529412,0.05526960784313725,255,64,0.14901960784313725,0.14901960784313725,0.1,0.3546776497389592,38,6,58,217,0.14901960784313725,0.09375,True,max_tpr_with_empirical_fpr_le_target,0.0,0.0,0.01,inf,0,0,64,255,0.0,0.0,False,max_tpr_with_empirical_fpr_le_target,0.0,0.0,0.001,inf,0,0,64,255,0.0,0.0,False,max_tpr_with_empirical_fpr_le_target,32,True,False,11.39964735384275,11.513914415748921,0.484375,GALLSTONE,LR,dp,0.1,20
0.5904411764705882,0.20839460784313724,255,64,0.25098039215686274,0.25098039215686274,0.1,0.304097191541858,64,6,58,191,0.25098039215686274,0.09375,True,max_tpr_with_empirical_fpr_le_target,0.06274509803921569,0.06274509803921569,0.01,0.6585650433854786,16,0,64,239,0.06274509803921569,0.0,False,max_tpr_with_empirical_fpr_le_target,0.06274509803921569,0.06274509803921569,0.001,0.6585650433854786,16,0,64,239,0.06274509803921569,0.0,False,max_tpr_with_empirical_fpr_le_target,32,True,False,11.855438412115221,11.893657707460134,0.484375,GALLSTONE,LR,dp,0.1,21
0.4667892156862745,0.03376225490196083,255,64,0.08627450980392157,0.08627450980392157,0.1,0.4204071773634728,22,6,58,233,0.08627450980392157,0.09375,True,max_tpr_with_empirical_fpr_le_target,0.00392156862745098,0.00392156862745098,0.01,1.2996986469317262,1,0,64,254,0.00392156862745098,0.0,False,max_tpr_with_empirical_fpr_le_target,0.00392156862745098,0.00392156862745098,0.001,1.2996986469317262,1,0,64,254,0.00392156862745098,0.0,False,max_tpr_with_empirical_fpr_le_target,32,True,False,11.098401276207555,11.131986351065164,0.484375,GALLSTONE,LR,dp,0.1,22
0.499203431372549,0.0710171568627451,255,64,0.11764705882352941,0.11764705882352941,0.1,0.4670431988235717,30,6,58,225,0.11764705882352941,0.09375,True,max_tpr_with_empirical_fpr_le_target,0.011764705882352941,0.011764705882352941,0.01,1.0761142452059644,3,0,64,252,0.011764705882352941,0.0,False,max_tpr_with_empirical_fpr_le_target,0.011764705882352941,0.011764705882352941,0.001,1.0761142452059644,3,0,64,252,0.011764705882352941,0.0,False,max_tpr_with_empirical_fpr_le_target,32,True,False,11.419671640493512,11.403578849673867,0.484375,GALLSTONE,LR,dp,0.1,23
0.5153186274509804,0.05808823529411766,255,64,0.11372549019607843,0.11372549019607843,0.1,0.4253852209297637,29,6,58,226,0.11372549019607843,0.09375,True,max_tpr_with_empirical_fpr_le_target,0.043137254901960784,0.043137254901960784,0.01,0.7822611925897349,11,0,64,244,0.043137254901960784,0.0,False,max_tpr_with_empirical_fpr_le_target,0.043137254901960784,0.043137254901960784,0.001,0.7822611925897349,11,0,64,244,0.043137254901960784,0.0,False,max_tpr_with_empirical_fpr_le_target,32,True,False,11.125536272353658,11.133029194103655,0.484375,GALLSTONE,LR,dp,0.1,24
0.48351715686274505,0.073406862745098,255,64,0.058823529411764705,0.058823529411764705,0.1,0.5088072278400793,15,6,58,240,0.058823529411764705,0.09375,True,max_tpr_with_empirical_fpr_le_target,0.00392156862745098,0.00392156862745098,0.01,1.6901814628270562,1,0,64,254,0.00392156862745098,0.0,False,max_tpr_with_empirical_fpr_le_target,0.00392156862745098,0.00392156862745098,0.001,1.6901814628270562,1,0,64,254,0.00392156862745098,0.0,False,max_tpr_with_empirical_fpr_le_target,32,True,False,11.329395017597264,11.33489259644838,0.484375,GALLSTONE,LR,dp,0.1,25
0.5183210784313725,0.07285539215686276,255,64,0.09411764705882353,0.09411764705882353,0.1,0.5072001851181951,24,6,58,231,0.09411764705882353,0.09375,True,max_tpr_with_empirical_fpr_le_target,0.03137254901960784,0.03137254901960784,0.01,0.891950534304387,8,0,64,247,0.03137254901960784,0.0,False,max_tpr_with_empirical_fpr_le_target,0.03137254901960784,0.03137254901960784,0.001,0.891950534304387,8,0,64,247,0.03137254901960784,0.0,False,max_tpr_with_empirical_fpr_le_target,32,True,False,11.408080832956681,11.453074098812147,0.484375,GALLSTONE,LR,dp,0.1,26
0.4878063725490196,0.060049019607843146,255,64,0.10588235294117647,0.10588235294117647,0.1,0.4591295161058708,27,4,60,228,0.10588235294117647,0.0625,True,max_tpr_with_empirical_fpr_le_target,0.00784313725490196,0.00784313725490196,0.01,1.1161299457829337,2,0,64,253,0.00784313725490196,0.0,False,max_tpr_with_empirical_fpr_le_target,0.00784313725490196,0.00784313725490196,0.001,1.1161299457829337,2,0,64,253,0.00784313725490196,0.0,False,max_tpr_with_empirical_fpr_le_target,32,True,False,10.824908805156502,10.889886552001181,0.484375,GALLSTONE,LR,dp,0.1,27
0.5115808823529412,0.12052696078431369,255,64,0.10588235294117647,0.10588235294117647,0.1,0.45331035218619453,27,6,58,228,0.10588235294117647,0.09375,True,max_tpr_with_empirical_fpr_le_target,0.0,0.0,0.01,inf,0,0,64,255,0.0,0.0,False,max_tpr_with_empirical_fpr_le_target,0.0,0.0,0.001,inf,0,0,64,255,0.0,0.0,False,max_tpr_with_empirical_fpr_le_target,32,True,False,12.026315281192716,12.018529623744723,0.484375,GALLSTONE,LR,dp,0.1,28
0.489093137254902,0.06525735294117652,255,64,0.09019607843137255,0.09019607843137255,0.1,0.4557513270178113,23,5,59,232,0.09019607843137255,0.078125,True,max_tpr_with_empirical_fpr_le_target,0.0,0.0,0.01,inf,0,0,64,255,0.0,0.0,False,max_tpr_with_empirical_fpr_le_target,0.0,0.0,0.001,inf,0,0,64,255,0.0,0.0,False,max_tpr_with_empirical_fpr_le_target,32,True,False,11.335823642030444,11.350984380689846,0.484375,GALLSTONE,LR,dp,0.1,29
0.46427696078431374,0.024142156862745096,255,64,0.027450980392156862,0.027450980392156862,0.1,0.9583129340379868,7,4,60,248,0.027450980392156862,0.0625,True,max_tpr_with_empirical_fpr_le_target,0.011764705882352941,0.011764705882352941,0.01,1.2474472983345963,3,0,64,252,0.011764705882352941,0.0,False,max_tpr_with_empirical_fpr_le_target,0.011764705882352941,0.011764705882352941,0.001,1.2474472983345963,3,0,64,252,0.011764705882352941,0.0,False,max_tpr_with_empirical_fpr_le_target,32,True,False,10.919193715866426,10.829622029138148,0.484375,GALLSTONE,LR,dp,0.2,0
0.5164828431372548,0.09859068627450981,255,64,0.1411764705882353,0.1411764705882353,0.1,0.35987020678437265,36,6,58,219,0.1411764705882353,0.09375,True,max_tpr_with_empirical_fpr_le_target,0.0,0.0,0.01,inf,0,0,64,255,0.0,0.0,False,max_tpr_with_empirical_fpr_le_target,0.0,0.0,0.001,inf,0,0,64,255,0.0,0.0,False,max_tpr_with_empirical_fpr_le_target,32,True,False,11.155227507275123,11.316308806204463,0.484375,GALLSTONE,LR,dp,0.2,1
0.4677696078431373,0.035355392156862744,255,64,0.11764705882352941,0.11764705882352941,0.1,0.4000333196380881,30,6,58,225,0.11764705882352941,0.09375,True,max_tpr_with_empirical_fpr_le_target,0.03137254901960784,0.03137254901960784,0.01,0.7436201005832612,8,0,64,247,0.03137254901960784,0.0,False,max_tpr_with_empirical_fpr_le_target,0.03137254901960784,0.03137254901960784,0.001,0.7436201005832612,8,0,64,247,0.03137254901960784,0.0,False,max_tpr_with_empirical_fpr_le_target,32,True,False,11.192364982879269,11.260014284139993,0.484375,GALLSTONE,LR,dp,0.2,2
0.5034926470588235,0.07107843137254902,255,64,0.10980392156862745,0.10980392156862745,0.1,0.46956387538232125,28,5,59,227,0.10980392156862745,0.078125,True,max_tpr_with_empirical_fpr_le_target,0.06274509803921569,0.06274509803921569,0.01,0.6064148563660412,16,0,64,239,0.06274509803921569,0.0,False,max_tpr_with_empirical_fpr_le_target,0.06274509803921569,0.06274509803921569,0.001,0.6064148563660412,16,0,64,239,0.06274509803921569,0.0,False,max_tpr_with_empirical_fpr_le_target,32,True,False,11.314263918494836,11.361818688380133,0.484375,GALLSTONE,LR,dp,0.2,3
0.49699754901960785,0.08106617647058822,255,64,0.10980392156862745,0.10980392156862745,0.1,0.484180775710052,28,5,59,227,0.10980392156862745,0.078125,True,max_tpr_with_empirical_fpr_le_target,0.03137254901960784,0.03137254901960784,0.01,0.707238642884489,8,0,64,247,0.03137254901960784,0.0,False,max_tpr_with_empirical_fpr_le_target,0.03137254901960784,0.03137254901960784,0.001,0.707238642884489,8,0,64,247,0.03137254901960784,0.0,False,max_tpr_with_empirical_fpr_le_target,32,True,False,11.170606852714627,11.251977062659888,0.484375,GALLSTONE,LR,dp,0.2,4
0.5286764705882353,0.10784313725490191,255,64,0.08235294117647059,0.08235294117647059,0.1,0.5127731554786354,21,6,58,234,0.08235294117647059,0.09375,True,max_tpr_with_empirical_fpr_le_target,0.00784313725490196,0.00784313725490196,0.01,1.8962687029619332,2,0,64,253,0.00784313725490196,0.0,False,max_tpr_with_empirical_fpr_le_target,0.00784313725490196,0.00784313725490196,0.001,1.8962687029619332,2,0,64,253,0.00784313725490196,0.0,False,max_tpr_with_empirical_fpr_le_target,32,True,False,10.660583849372003,10.604982314521212,0.484375,GALLSTONE,LR,dp,0.2,5
0.4781862745098039,0.025183823529411786,255,64,0.08627450980392157,0.08627450980392157,0.1,0.6307126331865733,22,6,58,233,0.08627450980392157,0.09375,True,max_tpr_with_empirical_fpr_le_target,0.0196078431372549,0.0196078431372549,0.01,1.020866477109427,5,0,64,250,0.0196078431372549,0.0,False,max_tpr_with_empirical_fpr_le_target,0.0196078431372549,0.0196078431372549,0.001,1.020866477109427,5,0,64,250,0.0196078431372549,0.0,False,max_tpr_with_empirical_fpr_le_target,32,True,False,11.704224146852404,11.601115531793516,0.484375,GALLSTONE,LR,dp,0.2,6
0.5316176470588236,0.0854166666666667,255,64,0.1568627450980392,0.1568627450980392,0.1,0.45645035350554686,40,6,58,215,0.1568627450980392,0.09375,True,max_tpr_with_empirical_fpr_le_target,0.0196078431372549,0.0196078431372549,0.01,1.0616675774696964,5,0,64,250,0.0196078431372549,0.0,False,max_tpr_with_empirical_fpr_le_target,0.0196078431372549,0.0196078431372549,0.001,1.0616675774696964,5,0,64,250,0.0196078431372549,0.0,False,max_tpr_with_empirical_fpr_le_target,32,True,False,10.875246586092041,10.930768565028494,0.484375,GALLSTONE,LR,dp,0.2,7
0.43014705882352944,0.047058823529411764,255,64,0.12941176470588237,0.12941176470588237,0.1,0.4846108946676937,33,6,58,222,0.12941176470588237,0.09375,True,max_tpr_with_empirical_fpr_le_target,0.047058823529411764,0.047058823529411764,0.01,0.7813639921791791,12,0,64,243,0.047058823529411764,0.0,False,max_tpr_with_empirical_fpr_le_target,0.047058823529411764,0.047058823529411764,0.001,0.7813639921791791,12,0,64,243,0.047058823529411764,0.0,False,max_tpr_with_empirical_fpr_le_target,32,True,False,11.199412822214686,11.24960676996566,0.484375,GALLSTONE,LR,dp,0.2,8
0.49466911764705884,0.054044117647058854,255,64,0.10588235294117647,0.10588235294117647,0.1,0.49141779059993596,27,6,58,228,0.10588235294117647,0.09375,True,max_tpr_with_empirical_fpr_le_target,0.050980392156862744,0.050980392156862744,0.01,0.7686525263735238,13,0,64,242,0.050980392156862744,0.0,False,max_tpr_with_empirical_fpr_le_target,0.050980392156862744,0.050980392156862744,0.001,0.7686525263735238,13,0,64,242,0.050980392156862744,0.0,False,max_tpr_with_empirical_fpr_le_target,32,True,False,10.757770376868258,10.67738509827193,0.484375,GALLSTONE,LR,dp,0.2,9
0.5666666666666665,0.12812500000000004,255,64,0.2196078431372549,0.2196078431372549,0.1,0.30124168645755756,56,6,58,199,0.2196078431372549,0.09375,True,max_tpr_with_empirical_fpr_le_target,0.03137254901960784,0.03137254901960784,0.01,0.9622143048351326,8,0,64,247,0.03137254901960784,0.0,False,max_tpr_with_empirical_fpr_le_target,0.03137254901960784,0.03137254901960784,0.001,0.9622143048351326,8,0,64,247,0.03137254901960784,0.0,False,max_tpr_with_empirical_fpr_le_target,32,True,False,10.969130068341956,10.886493037329977,0.484375,GALLSTONE,LR,dp,0.2,10
0.4980392156862745,0.09368872549019602,255,64,0.09019607843137255,0.09019607843137255,0.1,0.47920453096738935,23,6,58,232,0.09019607843137255,0.09375,True,max_tpr_with_empirical_fpr_le_target,0.00392156862745098,0.00392156862745098,0.01,1.2681623361226695,1,0,64,254,0.00392156862745098,0.0,False,max_tpr_with_empirical_fpr_le_target,0.00392156862745098,0.00392156862745098,0.001,1.2681623361226695,1,0,64,254,0.00392156862745098,0.0,False,max_tpr_with_empirical_fpr_le_target,32,True,False,10.785386578499915,10.804094210644067,0.484375,GALLSTONE,LR,dp,0.2,11
0.4443627450980392,0.06286764705882353,255,64,0.12549019607843137,0.12549019607843137,0.1,0.5201127425495615,32,6,58,223,0.12549019607843137,0.09375,True,max_tpr_with_empirical_fpr_le_target,0.01568627450980392,0.01568627450980392,0.01,1.1719467755824882,4,0,64,251,0.01568627450980392,0.0,False,max_tpr_with_empirical_fpr_le_target,0.01568627450980392,0.01568627450980392,0.001,1.1719467755824882,4,0,64,251,0.01568627450980392,0.0,False,max_tpr_with_empirical_fpr_le_target,32,True,False,11.525249528436703,11.449260002245406,0.484375,GALLSTONE,LR,dp,0.2,12
0.46568627450980393,0.0194852941176471,255,64,0.03137254901960784,0.03137254901960784,0.1,0.6771436787759009,8,5,59,247,0.03137254901960784,0.078125,True,max_tpr_with_empirical_fpr_le_target,0.00784313725490196,0.00784313725490196,0.01,0.9631066592772526,2,0,64,253,0.00784313725490196,0.0,False,max_tpr_with_empirical_fpr_le_target,0.00784313725490196,0.00784313725490196,0.001,0.9631066592772526,2,0,64,253,0.00784313725490196,0.0,False,max_tpr_with_empirical_fpr_le_target,32,True,False,11.537165414471952,11.629330258714688,0.484375,GALLSTONE,LR,dp,0.2,13
0.4505514705882353,0.023651960784313725,255,64,0.07450980392156863,0.07450980392156863,0.1,0.6959810241535251,19,4,60,236,0.07450980392156863,0.0625,True,max_tpr_with_empirical_fpr_le_target,0.011764705882352941,0.011764705882352941,0.01,1.2474732616172854,3,0,64,252,0.011764705882352941,0.0,False,max_tpr_with_empirical_fpr_le_target,0.011764705882352941,0.011764705882352941,0.001,1.2474732616172854,3,0,64,252,0.011764705882352941,0.0,False,max_tpr_with_empirical_fpr_le_target,32,True,False,11.391603188318511,11.404745677612596,0.484375,GALLSTONE,LR,dp,0.2,14
0.5368259803921569,0.11930147058823526,255,64,0.10588235294117647,0.10588235294117647,0.1,0.5257010999132294,27,5,59,228,0.10588235294117647,0.078125,True,max_tpr_with_empirical_fpr_le_target,0.01568627450980392,0.01568627450980392,0.01,1.0897488049516517,4,0,64,251,0.01568627450980392,0.0,False,max_tpr_with_empirical_fpr_le_target,0.01568627450980392,0.01568627450980392,0.001,1.0897488049516517,4,0,64,251,0.01568627450980392,0.0,False,max_tpr_with_empirical_fpr_le_target,32,True,False,11.26054057602368,11.352380253618023,0.484375,GALLSTONE,LR,dp,0.2,15
0.545281862745098,0.11911764705882355,255,64,0.1607843137254902,0.1607843137254902,0.1,0.46339530530620765,41,6,58,214,0.1607843137254902,0.09375,True,max_tpr_with_empirical_fpr_le_target,0.0196078431372549,0.0196078431372549,0.01,1.0598253848691712,5,0,64,250,0.0196078431372549,0.0,False,max_tpr_with_empirical_fpr_le_target,0.0196078431372549,0.0196078431372549,0.001,1.0598253848691712,5,0,64,250,0.0196078431372549,0.0,False,max_tpr_with_empirical_fpr_le_target,32,True,False,11.204035397816819,11.07566611604189,0.484375,GALLSTONE,LR,dp,0.2,16
0.5065563725490196,0.09466911764705882,255,64,0.12941176470588237,0.12941176470588237,0.1,0.48279192345172905,33,6,58,222,0.12941176470588237,0.09375,True,max_tpr_with_empirical_fpr_le_target,0.03137254901960784,0.03137254901960784,0.01,0.7963750612061311,8,0,64,247,0.03137254901960784,0.0,False,max_tpr_with_empirical_fpr_le_target,0.03137254901960784,0.03137254901960784,0.001,0.7963750612061311,8,0,64,247,0.03137254901960784,0.0,False,max_tpr_with_empirical_fpr_le_target,32,True,False,10.60041216926249,10.719942887446809,0.484375,GALLSTONE,LR,dp,0.2,17
0.4901348039215686,0.045098039215686225,255,64,0.08235294117647059,0.08235294117647059,0.1,0.577062022502802,21,6,58,234,0.08235294117647059,0.09375,True,max_tpr_with_empirical_fpr_le_target,0.0,0.0,0.01,inf,0,0,64,255,0.0,0.0,False,max_tpr_with_empirical_fpr_le_target,0.0,0.0,0.001,inf,0,0,64,255,0.0,0.0,False,max_tpr_with_empirical_fpr_le_target,32,True,False,11.557400750250464,11.642671221609055,0.484375,GALLSTONE,LR,dp,0.2,18
0.4288602941176471,0.047549019607843135,255,64,0.10196078431372549,0.10196078431372549,0.1,0.5354860982045007,26,6,58,229,0.10196078431372549,0.09375,True,max_tpr_with_empirical_fpr_le_target,0.00392156862745098,0.00392156862745098,0.01,1.2842616138406138,1,0,64,254,0.00392156862745098,0.0,False,max_tpr_with_empirical_fpr_le_target,0.00392156862745098,0.00392156862745098,0.001,1.2842616138406138,1,0,64,254,0.00392156862745098,0.0,False,max_tpr_with_empirical_fpr_le_target,32,True,False,11.202843633325731,11.24078895405553,0.484375,GALLSTONE,LR,dp,0.2,19
0.4769607843137255,0.06740196078431371,255,64,0.11372549019607843,0.11372549019607843,0.1,0.42660984982218864,29,6,58,226,0.11372549019607843,0.09375,True,max_tpr_with_empirical_fpr_le_target,0.0,0.0,0.01,inf,0,0,64,255,0.0,0.0,False,max_tpr_with_empirical_fpr_le_target,0.0,0.0,0.001,inf,0,0,64,255,0.0,0.0,False,max_tpr_with_empirical_fpr_le_target,32,True,False,11.068786313601699,11.152908826741115,0.484375,GALLSTONE,LR,dp,0.2,20
0.5920343137254902,0.20049019607843138,255,64,0.24313725490196078,0.24313725490196078,0.1,0.3322838360439855,62,6,58,193,0.24313725490196078,0.09375,True,max_tpr_with_empirical_fpr_le_target,0.043137254901960784,0.043137254901960784,0.01,0.7679226808121857,11,0,64,244,0.043137254901960784,0.0,False,max_tpr_with_empirical_fpr_le_target,0.043137254901960784,0.043137254901960784,0.001,0.7679226808121857,11,0,64,244,0.043137254901960784,0.0,False,max_tpr_with_empirical_fpr_le_target,32,True,False,11.370699089009012,11.470879211038296,0.484375,GALLSTONE,LR,dp,0.2,21
0.4540441176470588,0.03357843137254901,255,64,0.08235294117647059,0.08235294117647059,0.1,0.4131476302485537,21,6,58,234,0.08235294117647059,0.09375,True,max_tpr_with_empirical_fpr_le_target,0.00392156862745098,0.00392156862745098,0.01,1.4908122469421592,1,0,64,254,0.00392156862745098,0.0,False,max_tpr_with_empirical_fpr_le_target,0.00392156862745098,0.00392156862745098,0.001,1.4908122469421592,1,0,64,254,0.00392156862745098,0.0,False,max_tpr_with_empirical_fpr_le_target,32,True,False,10.736442636533864,10.76995147469387,0.484375,GALLSTONE,LR,dp,0.2,22
0.5125612745098039,0.08002450980392156,255,64,0.13333333333333333,0.13333333333333333,0.1,0.4827371449975586,34,6,58,221,0.13333333333333333,0.09375,True,max_tpr_with_empirical_fpr_le_target,0.011764705882352941,0.011764705882352941,0.01,1.1458454440571586,3,0,64,252,0.011764705882352941,0.0,False,max_tpr_with_empirical_fpr_le_target,0.011764705882352941,0.011764705882352941,0.001,1.1458454440571586,3,0,64,252,0.011764705882352941,0.0,False,max_tpr_with_empirical_fpr_le_target,32,True,False,11.091714866766868,11.064636071485475,0.484375,GALLSTONE,LR,dp,0.2,23
0.5213235294117647,0.05808823529411766,255,64,0.12156862745098039,0.12156862745098039,0.1,0.4845655586191553,31,6,58,224,0.12156862745098039,0.09375,True,max_tpr_with_empirical_fpr_le_target,0.047058823529411764,0.047058823529411764,0.01,0.7639742448739564,12,0,64,243,0.047058823529411764,0.0,False,max_tpr_with_empirical_fpr_le_target,0.047058823529411764,0.047058823529411764,0.001,0.7639742448739564,12,0,64,243,0.047058823529411764,0.0,False,max_tpr_with_empirical_fpr_le_target,32,True,False,10.756233276394877,10.784237106755896,0.484375,GALLSTONE,LR,dp,0.2,24
0.48406862745098045,0.09283088235294112,255,64,0.058823529411764705,0.058823529411764705,0.1,0.5974288532629206,15,5,59,240,0.058823529411764705,0.078125,True,max_tpr_with_empirical_fpr_le_target,0.00392156862745098,0.00392156862745098,0.01,1.733057085171025,1,0,64,254,0.00392156862745098,0.0,False,max_tpr_with_empirical_fpr_le_target,0.00392156862745098,0.00392156862745098,0.001,1.733057085171025,1,0,64,254,0.00392156862745098,0.0,False,max_tpr_with_empirical_fpr_le_target,32,True,False,10.829180738840973,10.887302206676868,0.484375,GALLSTONE,LR,dp,0.2,25
0.5113970588235295,0.09344362745098034,255,64,0.13333333333333333,0.13333333333333333,0.1,0.48429088032202294,34,5,59,221,0.13333333333333333,0.078125,True,max_tpr_with_empirical_fpr_le_target,0.027450980392156862,0.027450980392156862,0.01,0.9079317581449757,7,0,64,248,0.027450980392156862,0.0,False,max_tpr_with_empirical_fpr_le_target,0.027450980392156862,0.027450980392156862,0.001,0.9079317581449757,7,0,64,248,0.027450980392156862,0.0,False,max_tpr_with_empirical_fpr_le_target,32,True,False,10.653551804194459,10.730436447158198,0.484375,GALLSTONE,LR,dp,0.2,26
0.47634803921568625,0.03590686274509805,255,64,0.12549019607843137,0.12549019607843137,0.1,0.44765045610912324,32,6,58,223,0.12549019607843137,0.09375,True,max_tpr_with_empirical_fpr_le_target,0.00392156862745098,0.00392156862745098,0.01,1.306181867864332,1,0,64,254,0.00392156862745098,0.0,False,max_tpr_with_empirical_fpr_le_target,0.00392156862745098,0.00392156862745098,0.001,1.306181867864332,1,0,64,254,0.00392156862745098,0.0,False,max_tpr_with_empirical_fpr_le_target,32,True,False,10.572361400594913,10.630724759880959,0.484375,GALLSTONE,LR,dp,0.2,27
0.499264705882353,0.09344362745098034,255,64,0.08235294117647059,0.08235294117647059,0.1,0.5614119438555512,21,6,58,234,0.08235294117647059,0.09375,True,max_tpr_with_empirical_fpr_le_target,0.0,0.0,0.01,inf,0,0,64,255,0.0,0.0,False,max_tpr_with_empirical_fpr_le_target,0.0,0.0,0.001,inf,0,0,64,255,0.0,0.0,False,max_tpr_with_empirical_fpr_le_target,32,True,False,11.522366070117997,11.548501014847078,0.484375,GALLSTONE,LR,dp,0.2,28
0.48094362745098035,0.054963235294117646,255,64,0.10588235294117647,0.10588235294117647,0.1,0.42049633154020594,27,6,58,228,0.10588235294117647,0.09375,True,max_tpr_with_empirical_fpr_le_target,0.0,0.0,0.01,inf,0,0,64,255,0.0,0.0,False,max_tpr_with_empirical_fpr_le_target,0.0,0.0,0.001,inf,0,0,64,255,0.0,0.0,False,max_tpr_with_empirical_fpr_le_target,32,True,False,10.969815820761564,11.018646073523987,0.484375,GALLSTONE,LR,dp,0.2,29
0.46219362745098036,0.0196078431372549,255,64,0.023529411764705882,0.023529411764705882,0.1,1.1561899977873074,6,4,60,249,0.023529411764705882,0.0625,True,max_tpr_with_empirical_fpr_le_target,0.0196078431372549,0.0196078431372549,0.01,1.361437316344003,5,0,64,250,0.0196078431372549,0.0,False,max_tpr_with_empirical_fpr_le_target,0.0196078431372549,0.0196078431372549,0.001,1.361437316344003,5,0,64,250,0.0196078431372549,0.0,False,max_tpr_with_empirical_fpr_le_target,32,True,False,10.318483507461071,10.267158891716146,0.5,GALLSTONE,LR,dp,0.4,0
0.5237745098039216,0.08241421568627451,255,64,0.1450980392156863,0.1450980392156863,0.1,0.39543798204517433,37,5,59,218,0.1450980392156863,0.078125,True,max_tpr_with_empirical_fpr_le_target,0.00392156862745098,0.00392156862745098,0.01,1.2383926460312296,1,0,64,254,0.00392156862745098,0.0,False,max_tpr_with_empirical_fpr_le_target,0.00392156862745098,0.00392156862745098,0.001,1.2383926460312296,1,0,64,254,0.00392156862745098,0.0,False,max_tpr_with_empirical_fpr_le_target,32,True,False,10.637264193893339,10.781790529760569,0.5,GALLSTONE,LR,dp,0.4,1
0.46715686274509804,0.054963235294117646,255,64,0.12941176470588237,0.12941176470588237,0.1,0.444852031510655,33,6,58,222,0.12941176470588237,0.09375,True,max_tpr_with_empirical_fpr_le_target,0.03137254901960784,0.03137254901960784,0.01,0.7689963169865788,8,0,64,247,0.03137254901960784,0.0,False,max_tpr_with_empirical_fpr_le_target,0.03137254901960784,0.03137254901960784,0.001,0.7689963169865788,8,0,64,247,0.03137254901960784,0.0,False,max_tpr_with_empirical_fpr_le_target,32,True,False,10.591069225263611,10.638377577302874,0.5,GALLSTONE,LR,dp,0.4,2
0.5142156862745099,0.0871323529411765,255,64,0.09803921568627451,0.09803921568627451,0.1,0.47626388529796326,25,5,59,230,0.09803921568627451,0.078125,True,max_tpr_with_empirical_fpr_le_target,0.054901960784313725,0.054901960784313725,0.01,0.7620861519979645,14,0,64,241,0.054901960784313725,0.0,False,max_tpr_with_empirical_fpr_le_target,0.054901960784313725,0.054901960784313725,0.001,0.7620861519979645,14,0,64,241,0.054901960784313725,0.0,False,max_tpr_with_empirical_fpr_le_target,32,True,False,10.371888405308331,10.450170353226682,0.5,GALLSTONE,LR,dp,0.4,3
0.517218137254902,0.11127450980392156,255,64,0.10196078431372549,0.10196078431372549,0.1,0.5064073380882461,26,6,58,229,0.10196078431372549,0.09375,True,max_tpr_with_empirical_fpr_le_target,0.00784313725490196,0.00784313725490196,0.01,1.072767452125059,2,0,64,253,0.00784313725490196,0.0,False,max_tpr_with_empirical_fpr_le_target,0.00784313725490196,0.00784313725490196,0.001,1.072767452125059,2,0,64,253,0.00784313725490196,0.0,False,max_tpr_with_empirical_fpr_le_target,32,True,False,10.639020479456294,10.78743891115529,0.5,GALLSTONE,LR,dp,0.4,4
0.5221813725490196,0.08841911764705879,255,64,0.11764705882352941,0.11764705882352941,0.1,0.5483463855628363,30,6,58,225,0.11764705882352941,0.09375,True,max_tpr_with_empirical_fpr_le_target,0.00784313725490196,0.00784313725490196,0.01,1.818825936146534,2,0,64,253,0.00784313725490196,0.0,False,max_tpr_with_empirical_fpr_le_target,0.00784313725490196,0.00784313725490196,0.001,1.818825936146534,2,0,64,253,0.00784313725490196,0.0,False,max_tpr_with_empirical_fpr_le_target,32,True,False,10.06868363166549,10.066489476789211,0.5,GALLSTONE,LR,dp,0.4,5
0.47291666666666665,0.04013480392156865,255,64,0.043137254901960784,0.043137254901960784,0.1,0.7836763154273285,11,6,58,244,0.043137254901960784,0.09375,True,max_tpr_with_empirical_fpr_le_target,0.00784313725490196,0.00784313725490196,0.01,1.3025206824641637,2,0,64,253,0.00784313725490196,0.0,False,max_tpr_with_empirical_fpr_le_target,0.00784313725490196,0.00784313725490196,0.001,1.3025206824641637,2,0,64,253,0.00784313725490196,0.0,False,max_tpr_with_empirical_fpr_le_target,32,True,False,10.873732119447865,10.790357873552948,0.5,GALLSTONE,LR,dp,0.4,6
0.5211397058823529,0.08272058823529413,255,64,0.17647058823529413,0.17647058823529413,0.1,0.4399230452271077,45,6,58,210,0.17647058823529413,0.09375,True,max_tpr_with_empirical_fpr_le_target,0.03137254901960784,0.03137254901960784,0.01,0.9526690411337606,8,0,64,247,0.03137254901960784,0.0,False,max_tpr_with_empirical_fpr_le_target,0.03137254901960784,0.03137254901960784,0.001,0.9526690411337606,8,0,64,247,0.03137254901960784,0.0,False,max_tpr_with_empirical_fpr_le_target,32,True,False,10.167146276014817,10.293901484795104,0.5,GALLSTONE,LR,dp,0.4,7
0.42947303921568625,0.047058823529411764,255,64,0.09411764705882353,0.09411764705882353,0.1,0.6426867767697084,24,6,58,231,0.09411764705882353,0.09375,True,max_tpr_with_empirical_fpr_le_target,0.047058823529411764,0.047058823529411764,0.01,0.8188736511455721,12,0,64,243,0.047058823529411764,0.0,False,max_tpr_with_empirical_fpr_le_target,0.047058823529411764,0.047058823529411764,0.001,0.8188736511455721,12,0,64,243,0.047058823529411764,0.0,False,max_tpr_with_empirical_fpr_le_target,32,True,False,10.632338462866267,10.702184132994022,0.5,GALLSTONE,LR,dp,0.4,8
0.4816789215686274,0.03615196078431371,255,64,0.08235294117647059,0.08235294117647059,0.1,0.5865746162265424,21,6,58,234,0.08235294117647059,0.09375,True,max_tpr_with_empirical_fpr_le_target,0.03137254901960784,0.03137254901960784,0.01,1.0030069495033018,8,0,64,247,0.03137254901960784,0.0,False,max_tpr_with_empirical_fpr_le_target,0.03137254901960784,0.03137254901960784,0.001,1.0030069495033018,8,0,64,247,0.03137254901960784,0.0,False,max_tpr_with_empirical_fpr_le_target,32,True,False,10.169879416979464,10.102955207494364,0.5,GALLSTONE,LR,dp,0.4,9
0.5598651960784313,0.14761029411764703,255,64,0.2,0.2,0.1,0.3863441632862097,51,6,58,204,0.2,0.09375,True,max_tpr_with_empirical_fpr_le_target,0.00392156862745098,0.00392156862745098,0.01,1.513079816174605,1,0,64,254,0.00392156862745098,0.0,False,max_tpr_with_empirical_fpr_le_target,0.00392156862745098,0.00392156862745098,0.001,1.513079816174605,1,0,64,254,0.00392156862745098,0.0,False,max_tpr_with_empirical_fpr_le_target,32,True,False,10.284241770250924,10.137356509037547,0.5,GALLSTONE,LR,dp,0.4,10
0.4828431372549019,0.08578431372549022,255,64,0.0392156862745098,0.0392156862745098,0.1,0.6466595674516062,10,6,58,245,0.0392156862745098,0.09375,True,max_tpr_with_empirical_fpr_le_target,0.0,0.0,0.01,inf,0,0,64,255,0.0,0.0,False,max_tpr_with_empirical_fpr_le_target,0.0,0.0,0.001,inf,0,0,64,255,0.0,0.0,False,max_tpr_with_empirical_fpr_le_target,32,True,False,10.21314787350208,10.245900293617288,0.5,GALLSTONE,LR,dp,0.4,11
0.44981617647058825,0.06299019607843137,255,64,0.13725490196078433,0.13725490196078433,0.1,0.5362398474022441,35,5,59,220,0.13725490196078433,0.078125,True,max_tpr_with_empirical_fpr_le_target,0.047058823529411764,0.047058823529411764,0.01,0.9253549622498305,12,0,64,243,0.047058823529411764,0.0,False,max_tpr_with_empirical_fpr_le_target,0.047058823529411764,0.047058823529411764,0.001,0.9253549622498305,12,0,64,243,0.047058823529411764,0.0,False,max_tpr_with_empirical_fpr_le_target,32,True,False,10.822054441415455,10.703100429409128,0.5,GALLSTONE,LR,dp,0.4,12
0.47708333333333336,0.05287990196078429,255,64,0.03137254901960784,0.03137254901960784,0.1,0.75481796210721,8,6,58,247,0.03137254901960784,0.09375,True,max_tpr_with_empirical_fpr_le_target,0.00784313725490196,0.00784313725490196,0.01,1.0213500102126023,2,0,64,253,0.00784313725490196,0.0,False,max_tpr_with_empirical_fpr_le_target,0.00784313725490196,0.00784313725490196,0.001,1.0213500102126023,2,0,64,253,0.00784313725490196,0.0,False,max_tpr_with_empirical_fpr_le_target,32,True,False,10.815444171744373,10.944600382028813,0.5,GALLSTONE,LR,dp,0.4,13
0.4587009803921569,0.019669117647058823,255,64,0.0784313725490196,0.0784313725490196,0.1,0.6577459235191054,20,6,58,235,0.0784313725490196,0.09375,True,max_tpr_with_empirical_fpr_le_target,0.00784313725490196,0.00784313725490196,0.01,1.4543379866668955,2,0,64,253,0.00784313725490196,0.0,False,max_tpr_with_empirical_fpr_le_target,0.00784313725490196,0.00784313725490196,0.001,1.4543379866668955,2,0,64,253,0.00784313725490196,0.0,False,max_tpr_with_empirical_fpr_le_target,32,True,False,10.677010984786135,10.66359526366355,0.5,GALLSTONE,LR,dp,0.4,14
0.5619485294117645,0.174203431372549,255,64,0.1607843137254902,0.1607843137254902,0.1,0.4169590409664794,41,6,58,214,0.1607843137254902,0.09375,True,max_tpr_with_empirical_fpr_le_target,0.01568627450980392,0.01568627450980392,0.01,1.081856713447337,4,0,64,251,0.01568627450980392,0.0,False,max_tpr_with_empirical_fpr_le_target,0.01568627450980392,0.01568627450980392,0.001,1.081856713447337,4,0,64,251,0.01568627450980392,0.0,False,max_tpr_with_empirical_fpr_le_target,32,True,False,10.743608212289926,10.859086588400935,0.5,GALLSTONE,LR,dp,0.4,15
0.5498774509803921,0.12665441176470588,255,64,0.1843137254901961,0.1843137254901961,0.1,0.4305890104793031,47,6,58,208,0.1843137254901961,0.09375,True,max_tpr_with_empirical_fpr_le_target,0.0196078431372549,0.0196078431372549,0.01,1.0748112161660028,5,0,64,250,0.0196078431372549,0.0,False,max_tpr_with_empirical_fpr_le_target,0.0196078431372549,0.0196078431372549,0.001,1.0748112161660028,5,0,64,250,0.0196078431372549,0.0,False,max_tpr_with_empirical_fpr_le_target,32,True,False,10.70561720081031,10.609541566155325,0.5,GALLSTONE,LR,dp,0.4,16
0.5292892156862744,0.11825980392156865,255,64,0.1450980392156863,0.1450980392156863,0.1,0.429186671036101,37,6,58,218,0.1450980392156863,0.09375,True,max_tpr_with_empirical_fpr_le_target,0.023529411764705882,0.023529411764705882,0.01,0.8960461682477816,6,0,64,249,0.023529411764705882,0.0,False,max_tpr_with_empirical_fpr_le_target,0.023529411764705882,0.023529411764705882,0.001,0.8960461682477816,6,0,64,249,0.023529411764705882,0.0,False,max_tpr_with_empirical_fpr_le_target,32,True,False,9.939296008572647,10.129513140544194,0.5,GALLSTONE,LR,dp,0.4,17
0.48419117647058824,0.06023284313725491,255,64,0.09803921568627451,0.09803921568627451,0.1,0.5430535508959293,25,6,58,230,0.09803921568627451,0.09375,True,max_tpr_with_empirical_fpr_le_target,0.0,0.0,0.01,inf,0,0,64,255,0.0,0.0,False,max_tpr_with_empirical_fpr_le_target,0.0,0.0,0.001,inf,0,0,64,255,0.0,0.0,False,max_tpr_with_empirical_fpr_le_target,32,True,False,10.675414682069366,10.760523073475877,0.5,GALLSTONE,LR,dp,0.4,18
0.43131127450980394,0.03174019607843137,255,64,0.12549019607843137,0.12549019607843137,0.1,0.576580480812388,32,6,58,223,0.12549019607843137,0.09375,True,max_tpr_with_empirical_fpr_le_target,0.011764705882352941,0.011764705882352941,0.01,1.1515396938506308,3,0,64,252,0.011764705882352941,0.0,False,max_tpr_with_empirical_fpr_le_target,0.011764705882352941,0.011764705882352941,0.001,1.1515396938506308,3,0,64,252,0.011764705882352941,0.0,False,max_tpr_with_empirical_fpr_le_target,32,True,False,10.41213991349375,10.425605500299971,0.5,GALLSTONE,LR,dp,0.4,19
0.49050245098039214,0.07536764705882354,255,64,0.09019607843137255,0.09019607843137255,0.1,0.5313906957152028,23,6,58,232,0.09019607843137255,0.09375,True,max_tpr_with_empirical_fpr_le_target,0.0,0.0,0.01,inf,0,0,64,255,0.0,0.0,False,max_tpr_with_empirical_fpr_le_target,0.0,0.0,0.001,inf,0,0,64,255,0.0,0.0,False,max_tpr_with_empirical_fpr_le_target,32,True,False,10.320121992770366,10.36398539058703,0.5,GALLSTONE,LR,dp,0.4,20
0.5955882352941175,0.1814950980392157,255,64,0.19607843137254902,0.19607843137254902,0.1,0.3985773333208682,50,6,58,205,0.19607843137254902,0.09375,True,max_tpr_with_empirical_fpr_le_target,0.054901960784313725,0.054901960784313725,0.01,0.8557364444720363,14,0,64,241,0.054901960784313725,0.0,False,max_tpr_with_empirical_fpr_le_target,0.054901960784313725,0.054901960784313725,0.001,0.8557364444720363,14,0,64,241,0.054901960784313725,0.0,False,max_tpr_with_empirical_fpr_le_target,32,True,False,10.614080435554694,10.77992219181082,0.5,GALLSTONE,LR,dp,0.4,21
0.4583333333333333,0.020036764705882365,255,64,0.10196078431372549,0.10196078431372549,0.1,0.39947551393197855,26,6,58,229,0.10196078431372549,0.09375,True,max_tpr_with_empirical_fpr_le_target,0.00392156862745098,0.00392156862745098,0.01,1.6693924639095163,1,0,64,254,0.00392156862745098,0.0,False,max_tpr_with_empirical_fpr_le_target,0.00392156862745098,0.00392156862745098,0.001,1.6693924639095163,1,0,64,254,0.00392156862745098,0.0,False,max_tpr_with_empirical_fpr_le_target,32,True,False,10.254370063242632,10.244153644058338,0.5,GALLSTONE,LR,dp,0.4,22
0.5159926470588236,0.10416666666666663,255,64,0.10588235294117647,0.10588235294117647,0.1,0.5118600153088355,27,6,58,228,0.10588235294117647,0.09375,True,max_tpr_with_empirical_fpr_le_target,0.011764705882352941,0.011764705882352941,0.01,1.2483170661126959,3,0,64,252,0.011764705882352941,0.0,False,max_tpr_with_empirical_fpr_le_target,0.011764705882352941,0.011764705882352941,0.001,1.2483170661126959,3,0,64,252,0.011764705882352941,0.0,False,max_tpr_with_empirical_fpr_le_target,32,True,False,10.615417949520957,10.620705366189505,0.5,GALLSTONE,LR,dp,0.4,23
0.5229779411764706,0.08431372549019611,255,64,0.12156862745098039,0.12156862745098039,0.1,0.5235448439091019,31,6,58,224,0.12156862745098039,0.09375,True,max_tpr_with_empirical_fpr_le_target,0.043137254901960784,0.043137254901960784,0.01,0.8525146413802802,11,0,64,244,0.043137254901960784,0.0,False,max_tpr_with_empirical_fpr_le_target,0.043137254901960784,0.043137254901960784,0.001,0.8525146413802802,11,0,64,244,0.043137254901960784,0.0,False,max_tpr_with_empirical_fpr_le_target,32,True,False,10.149602909129591,10.197577116214477,0.5,GALLSTONE,LR,dp,0.4,24
0.49644607843137256,0.08498774509803919,255,64,0.054901960784313725,0.054901960784313725,0.1,0.6464487768343545,14,6,58,241,0.054901960784313725,0.09375,True,max_tpr_with_empirical_fpr_le_target,0.0,0.0,0.01,inf,0,0,64,255,0.0,0.0,False,max_tpr_with_empirical_fpr_le_target,0.0,0.0,0.001,inf,0,0,64,255,0.0,0.0,False,max_tpr_with_empirical_fpr_le_target,32,True,False,9.971418509994734,10.081074901742086,0.5,GALLSTONE,LR,dp,0.4,25
0.5142156862745099,0.1102328431372549,255,64,0.19607843137254902,0.19607843137254902,0.1,0.39479706755905797,50,6,58,205,0.19607843137254902,0.09375,True,max_tpr_with_empirical_fpr_le_target,0.011764705882352941,0.011764705882352941,0.01,1.2034417334316085,3,0,64,252,0.011764705882352941,0.0,False,max_tpr_with_empirical_fpr_le_target,0.011764705882352941,0.011764705882352941,0.001,1.2034417334316085,3,0,64,252,0.011764705882352941,0.0,False,max_tpr_with_empirical_fpr_le_target,32,True,False,9.813024201336594,9.956353835190905,0.5,GALLSTONE,LR,dp,0.4,26
0.4357843137254902,0.008026960784313725,255,64,0.08627450980392157,0.08627450980392157,0.1,0.6615288955918128,22,6,58,233,0.08627450980392157,0.09375,True,max_tpr_with_empirical_fpr_le_target,0.0,0.0,0.01,inf,0,0,64,255,0.0,0.0,False,max_tpr_with_empirical_fpr_le_target,0.0,0.0,0.001,inf,0,0,64,255,0.0,0.0,False,max_tpr_with_empirical_fpr_le_target,32,True,False,10.098145197018287,10.198665971485058,0.5,GALLSTONE,LR,dp,0.4,27
0.4724877450980392,0.08131127450980391,255,64,0.07058823529411765,0.07058823529411765,0.1,0.6135467882429619,18,6,58,237,0.07058823529411765,0.09375,True,max_tpr_with_empirical_fpr_le_target,0.011764705882352941,0.011764705882352941,0.01,1.196139909478941,3,0,64,252,0.011764705882352941,0.0,False,max_tpr_with_empirical_fpr_le_target,0.011764705882352941,0.011764705882352941,0.001,1.196139909478941,3,0,64,252,0.011764705882352941,0.0,False,max_tpr_with_empirical_fpr_le_target,32,True,False,10.707304853019142,10.829115113166058,0.5,GALLSTONE,LR,dp,0.4,28
0.47297794117647063,0.06574754901960789,255,64,0.08627450980392157,0.08627450980392157,0.1,0.538276704838955,22,6,58,233,0.08627450980392157,0.09375,True,max_tpr_with_empirical_fpr_le_target,0.0,0.0,0.01,inf,0,0,64,255,0.0,0.0,False,max_tpr_with_empirical_fpr_le_target,0.0,0.0,0.001,inf,0,0,64,255,0.0,0.0,False,max_tpr_with_empirical_fpr_le_target,32,True,False,10.361019509141048,10.39456759756075,0.5,GALLSTONE,LR,dp,0.4,29
0.4967524509803922,0.09123774509803922,255,64,0.11372549019607843,0.11372549019607843,0.1,0.5795693300343912,29,6,58,226,0.11372549019607843,0.09375,True,max_tpr_with_empirical_fpr_le_target,0.01568627450980392,0.01568627450980392,0.01,1.1500239895380258,4,0,64,251,0.01568627450980392,0.0,False,max_tpr_with_empirical_fpr_le_target,0.01568627450980392,0.01568627450980392,0.001,1.1500239895380258,4,0,64,251,0.01568627450980392,0.0,False,max_tpr_with_empirical_fpr_le_target,32,True,False,12.590427630375306,12.703770404658957,0.4375,GALLSTONE,LR,dp,0.8,0
0.5211397058823528,0.08517156862745101,255,64,0.08235294117647059,0.08235294117647059,0.1,0.531234629081589,21,6,58,234,0.08235294117647059,0.09375,True,max_tpr_with_empirical_fpr_le_target,0.011764705882352941,0.011764705882352941,0.01,0.8216228975571394,3,0,64,252,0.011764705882352941,0.0,False,max_tpr_with_empirical_fpr_le_target,0.011764705882352941,0.011764705882352941,0.001,0.8216228975571394,3,0,64,252,0.011764705882352941,0.0,False,max_tpr_with_empirical_fpr_le_target,32,True,False,12.985338729109992,12.998611675709158,0.4375,GALLSTONE,LR,dp,0.8,1
0.49485294117647055,0.06513480392156867,255,64,0.11372549019607843,0.11372549019607843,0.1,0.4780572240982406,29,5,59,226,0.11372549019607843,0.078125,True,max_tpr_with_empirical_fpr_le_target,0.023529411764705882,0.023529411764705882,0.01,0.864982333912133,6,0,64,249,0.023529411764705882,0.0,False,max_tpr_with_empirical_fpr_le_target,0.023529411764705882,0.023529411764705882,0.001,0.864982333912133,6,0,64,249,0.023529411764705882,0.0,False,max_tpr_with_empirical_fpr_le_target,32,True,False,12.955902689520402,13.049199829756832,0.4375,GALLSTONE,LR,dp,0.8,2
0.517953431372549,0.09283088235294112,255,64,0.13333333333333333,0.13333333333333333,0.1,0.41848026146288575,34,6,58,221,0.13333333333333333,0.09375,True,max_tpr_with_empirical_fpr_le_target,0.0196078431372549,0.0196078431372549,0.01,1.0637492022278057,5,0,64,250,0.0196078431372549,0.0,False,max_tpr_with_empirical_fpr_le_target,0.0196078431372549,0.0196078431372549,0.001,1.0637492022278057,5,0,64,250,0.0196078431372549,0.0,False,max_tpr_with_empirical_fpr_le_target,32,True,False,12.690972635306485,12.713369267127232,0.4375,GALLSTONE,LR,dp,0.8,3
0.49669117647058825,0.09154411764705883,255,64,0.11372549019607843,0.11372549019607843,0.1,0.42708484016042014,29,6,58,226,0.11372549019607843,0.09375,True,max_tpr_with_empirical_fpr_le_target,0.00784313725490196,0.00784313725490196,0.01,0.8637452263657721,2,0,64,253,0.00784313725490196,0.0,False,max_tpr_with_empirical_fpr_le_target,0.00784313725490196,0.00784313725490196,0.001,0.8637452263657721,2,0,64,253,0.00784313725490196,0.0,False,max_tpr_with_empirical_fpr_le_target,32,True,False,12.808661330414251,12.921728642475399,0.4375,GALLSTONE,LR,dp,0.8,4
0.47224264705882346,0.059497549019607854,255,64,0.11764705882352941,0.11764705882352941,0.1,0.45611900983877307,30,6,58,225,0.11764705882352941,0.09375,True,max_tpr_with_empirical_fpr_le_target,0.0196078431372549,0.0196078431372549,0.01,1.004152337386289,5,0,64,250,0.0196078431372549,0.0,False,max_tpr_with_empirical_fpr_le_target,0.0196078431372549,0.0196078431372549,0.001,1.004152337386289,5,0,64,250,0.0196078431372549,0.0,False,max_tpr_with_empirical_fpr_le_target,32,True,False,12.748035095772892,12.61232909153727,0.4375,GALLSTONE,LR,dp,0.8,5
0.5049632352941176,0.09485294117647058,255,64,0.13725490196078433,0.13725490196078433,0.1,0.4796512556705661,35,6,58,220,0.13725490196078433,0.09375,True,max_tpr_with_empirical_fpr_le_target,0.011764705882352941,0.011764705882352941,0.01,1.069518313223504,3,0,64,252,0.011764705882352941,0.0,False,max_tpr_with_empirical_fpr_le_target,0.011764705882352941,0.011764705882352941,0.001,1.069518313223504,3,0,64,252,0.011764705882352941,0.0,False,max_tpr_with_empirical_fpr_le_target,32,True,False,12.788691541142624,12.788129740823393,0.4375,GALLSTONE,LR,dp,0.8,6
0.5051470588235294,0.04589460784313726,255,64,0.09411764705882353,0.09411764705882353,0.1,0.623872546606349,24,6,58,231,0.09411764705882353,0.09375,True,max_tpr_with_empirical_fpr_le_target,0.043137254901960784,0.043137254901960784,0.01,0.9487096919754898,11,0,64,244,0.043137254901960784,0.0,False,max_tpr_with_empirical_fpr_le_target,0.043137254901960784,0.043137254901960784,0.001,0.9487096919754898,11,0,64,244,0.043137254901960784,0.0,False,max_tpr_with_empirical_fpr_le_target,32,True,False,12.251980382190576,12.356192073323294,0.4375,GALLSTONE,LR,dp,0.8,7
0.44577205882352944,0.03529411764705882,255,64,0.06274509803921569,0.06274509803921569,0.1,0.5358809361736898,16,6,58,239,0.06274509803921569,0.09375,True,max_tpr_with_empirical_fpr_le_target,0.03529411764705882,0.03529411764705882,0.01,0.7156697528667859,9,0,64,246,0.03529411764705882,0.0,False,max_tpr_with_empirical_fpr_le_target,0.03529411764705882,0.03529411764705882,0.001,0.7156697528667859,9,0,64,246,0.03529411764705882,0.0,False,max_tpr_with_empirical_fpr_le_target,32,True,False,12.877130149493356,12.90713661199097,0.4375,GALLSTONE,LR,dp,0.8,8
0.42787990196078435,0.03137254901960784,255,64,0.10588235294117647,0.10588235294117647,0.1,0.4802351546924868,27,6,58,228,0.10588235294117647,0.09375,True,max_tpr_with_empirical_fpr_le_target,0.03137254901960784,0.03137254901960784,0.01,0.8351292673844104,8,0,64,247,0.03137254901960784,0.0,False,max_tpr_with_empirical_fpr_le_target,0.03137254901960784,0.03137254901960784,0.001,0.8351292673844104,8,0,64,247,0.03137254901960784,0.0,False,max_tpr_with_empirical_fpr_le_target,32,True,False,12.78329174256511,12.842508998131331,0.4375,GALLSTONE,LR,dp,0.8,9
0.545189950980392,0.11158088235294117,255,64,0.16862745098039217,0.16862745098039217,0.1,0.415122780325897,43,6,58,212,0.16862745098039217,0.09375,True,max_tpr_with_empirical_fpr_le_target,0.00392156862745098,0.00392156862745098,0.01,1.3120048480622297,1,0,64,254,0.00392156862745098,0.0,False,max_tpr_with_empirical_fpr_le_target,0.00392156862745098,0.00392156862745098,0.001,1.3120048480622297,1,0,64,254,0.00392156862745098,0.0,False,max_tpr_with_empirical_fpr_le_target,32,True,False,12.743425913922044,12.787603708530572,0.4375,GALLSTONE,LR,dp,0.8,10
0.494485294117647,0.0507352941176471,255,64,0.10588235294117647,0.10588235294117647,0.1,0.41520335645373674,27,5,59,228,0.10588235294117647,0.078125,True,max_tpr_with_empirical_fpr_le_target,0.00392156862745098,0.00392156862745098,0.01,0.9407912501510172,1,0,64,254,0.00392156862745098,0.0,False,max_tpr_with_empirical_fpr_le_target,0.00392156862745098,0.00392156862745098,0.001,0.9407912501510172,1,0,64,254,0.00392156862745098,0.0,False,max_tpr_with_empirical_fpr_le_target,32,True,False,12.763799773423512,12.736978871899673,0.4375,GALLSTONE,LR,dp,0.8,11
0.4733455882352941,0.04718137254901961,255,64,0.10196078431372549,0.10196078431372549,0.1,0.4706858746406004,26,5,59,229,0.10196078431372549,0.078125,True,max_tpr_with_empirical_fpr_le_target,0.0392156862745098,0.0392156862745098,0.01,0.7338854881135735,10,0,64,245,0.0392156862745098,0.0,False,max_tpr_with_empirical_fpr_le_target,0.0392156862745098,0.0392156862745098,0.001,0.7338854881135735,10,0,64,245,0.0392156862745098,0.0,False,max_tpr_with_empirical_fpr_le_target,32,True,False,12.844300178925637,12.84251432544635,0.4375,GALLSTONE,LR,dp,0.8,12
0.4768382352941176,0.054963235294117646,255,64,0.09411764705882353,0.09411764705882353,0.1,0.5307811953360106,24,4,60,231,0.09411764705882353,0.0625,True,max_tpr_with_empirical_fpr_le_target,0.0196078431372549,0.0196078431372549,0.01,0.8137467434708388,5,0,64,250,0.0196078431372549,0.0,False,max_tpr_with_empirical_fpr_le_target,0.0196078431372549,0.0196078431372549,0.001,0.8137467434708388,5,0,64,250,0.0196078431372549,0.0,False,max_tpr_with_empirical_fpr_le_target,32,True,False,12.745742301369686,12.817493490617922,0.4375,GALLSTONE,LR,dp,0.8,13
0.49613970588235295,0.04375000000000001,255,64,0.11372549019607843,0.11372549019607843,0.1,0.507597838103254,29,6,58,226,0.11372549019607843,0.09375,True,max_tpr_with_empirical_fpr_le_target,0.03529411764705882,0.03529411764705882,0.01,0.8820463294064247,9,0,64,246,0.03529411764705882,0.0,False,max_tpr_with_empirical_fpr_le_target,0.03529411764705882,0.03529411764705882,0.001,0.8820463294064247,9,0,64,246,0.03529411764705882,0.0,False,max_tpr_with_empirical_fpr_le_target,32,True,False,12.951873384323703,12.968036659432261,0.4375,GALLSTONE,LR,dp,0.8,14
0.4495710784313725,0.023529411764705882,255,64,0.0784313725490196,0.0784313725490196,0.1,0.4795772258800137,20,6,58,235,0.0784313725490196,0.09375,True,max_tpr_with_empirical_fpr_le_target,0.023529411764705882,0.023529411764705882,0.01,0.7511111430640467,6,0,64,249,0.023529411764705882,0.0,False,max_tpr_with_empirical_fpr_le_target,0.023529411764705882,0.023529411764705882,0.001,0.7511111430640467,6,0,64,249,0.023529411764705882,0.0,False,max_tpr_with_empirical_fpr_le_target,32,True,False,12.89916673032557,12.981105563097117,0.4375,GALLSTONE,LR,dp,0.8,15
0.5512867647058823,0.1221200980392157,255,64,0.18823529411764706,0.18823529411764706,0.1,0.3389468309573953,48,6,58,207,0.18823529411764706,0.09375,True,max_tpr_with_empirical_fpr_le_target,0.047058823529411764,0.047058823529411764,0.01,0.6816707496614551,12,0,64,243,0.047058823529411764,0.0,False,max_tpr_with_empirical_fpr_le_target,0.047058823529411764,0.047058823529411764,0.001,0.6816707496614551,12,0,64,243,0.047058823529411764,0.0,False,max_tpr_with_empirical_fpr_le_target,32,True,False,12.669966676432724,12.745742911247433,0.4375,GALLSTONE,LR,dp,0.8,16
0.47702205882352944,0.03578431372549021,255,64,0.09019607843137255,0.09019607843137255,0.1,0.6104343080821026,23,6,58,232,0.09019607843137255,0.09375,True,max_tpr_with_empirical_fpr_le_target,0.00392156862745098,0.00392156862745098,0.01,1.3124796921796298,1,0,64,254,0.00392156862745098,0.0,False,max_tpr_with_empirical_fpr_le_target,0.00392156862745098,0.00392156862745098,0.001,1.3124796921796298,1,0,64,254,0.00392156862745098,0.0,False,max_tpr_with_empirical_fpr_le_target,32,True,False,12.646948762915459,12.661240020952858,0.4375,GALLSTONE,LR,dp,0.8,17
0.44889705882352937,0.015625,255,64,0.07058823529411765,0.07058823529411765,0.1,0.578208458174382,18,6,58,237,0.07058823529411765,0.09375,True,max_tpr_with_empirical_fpr_le_target,0.00392156862745098,0.00392156862745098,0.01,1.2093452859328497,1,0,64,254,0.00392156862745098,0.0,False,max_tpr_with_empirical_fpr_le_target,0.00392156862745098,0.00392156862745098,0.001,1.2093452859328497,1,0,64,254,0.00392156862745098,0.0,False,max_tpr_with_empirical_fpr_le_target,32,True,False,12.916962875159735,12.971466210686255,0.4375,GALLSTONE,LR,dp,0.8,18
0.45,0.06685049019607843,255,64,0.12941176470588237,0.12941176470588237,0.1,0.45675203837714795,33,6,58,222,0.12941176470588237,0.09375,True,max_tpr_with_empirical_fpr_le_target,0.03529411764705882,0.03529411764705882,0.01,0.7783598367980309,9,0,64,246,0.03529411764705882,0.0,False,max_tpr_with_empirical_fpr_le_target,0.03529411764705882,0.03529411764705882,0.001,0.7783598367980309,9,0,64,246,0.03529411764705882,0.0,False,max_tpr_with_empirical_fpr_le_target,32,True,False,12.956674313447825,12.924173751371706,0.4375,GALLSTONE,LR,dp,0.8,19
0.5099877450980392,0.08897058823529413,255,64,0.08235294117647059,0.08235294117647059,0.1,0.5403135842096902,21,6,58,234,0.08235294117647059,0.09375,True,max_tpr_with_empirical_fpr_le_target,0.0,0.0,0.01,inf,0,0,64,255,0.0,0.0,False,max_tpr_with_empirical_fpr_le_target,0.0,0.0,0.001,inf,0,0,64,255,0.0,0.0,False,max_tpr_with_empirical_fpr_le_target,32,True,False,12.6417613995134,12.603452861514539,0.4375,GALLSTONE,LR,dp,0.8,20
0.5855392156862744,0.17751225490196076,255,64,0.23921568627450981,0.23921568627450981,0.1,0.41316213922945977,61,6,58,194,0.23921568627450981,0.09375,True,max_tpr_with_empirical_fpr_le_target,0.011764705882352941,0.011764705882352941,0.01,0.934952352988542,3,0,64,252,0.011764705882352941,0.0,False,max_tpr_with_empirical_fpr_le_target,0.011764705882352941,0.011764705882352941,0.001,0.934952352988542,3,0,64,252,0.011764705882352941,0.0,False,max_tpr_with_empirical_fpr_le_target,32,True,False,12.777962021371671,12.813707011565196,0.4375,GALLSTONE,LR,dp,0.8,21
0.5357843137254902,0.1389093137254902,255,64,0.08627450980392157,0.08627450980392157,0.1,0.4112589825728161,22,5,59,233,0.08627450980392157,0.078125,True,max_tpr_with_empirical_fpr_le_target,0.00392156862745098,0.00392156862745098,0.01,0.9380366844899335,1,0,64,254,0.00392156862745098,0.0,False,max_tpr_with_empirical_fpr_le_target,0.00392156862745098,0.00392156862745098,0.001,0.9380366844899335,1,0,64,254,0.00392156862745098,0.0,False,max_tpr_with_empirical_fpr_le_target,32,True,False,12.850485418823546,12.914310249490287,0.4375,GALLSTONE,LR,dp,0.8,22
0.5066176470588235,0.08321078431372547,255,64,0.06274509803921569,0.06274509803921569,0.1,0.5178287702483071,16,6,58,239,0.06274509803921569,0.09375,True,max_tpr_with_empirical_fpr_le_target,0.00784313725490196,0.00784313725490196,0.01,1.124704347447289,2,0,64,253,0.00784313725490196,0.0,False,max_tpr_with_empirical_fpr_le_target,0.00784313725490196,0.00784313725490196,0.001,1.124704347447289,2,0,64,253,0.00784313725490196,0.0,False,max_tpr_with_empirical_fpr_le_target,32,True,False,12.349449381543259,12.31509975066273,0.4375,GALLSTONE,LR,dp,0.8,23
0.571813725490196,0.16997549019607838,255,64,0.15294117647058825,0.15294117647058825,0.1,0.3890873352683819,39,5,59,216,0.15294117647058825,0.078125,True,max_tpr_with_empirical_fpr_le_target,0.06274509803921569,0.06274509803921569,0.01,0.6483941987529862,16,0,64,239,0.06274509803921569,0.0,False,max_tpr_with_empirical_fpr_le_target,0.06274509803921569,0.06274509803921569,0.001,0.6483941987529862,16,0,64,239,0.06274509803921569,0.0,False,max_tpr_with_empirical_fpr_le_target,32,True,False,12.724877379819121,12.705725016448786,0.4375,GALLSTONE,LR,dp,0.8,24
0.4983455882352941,0.1275735294117647,255,64,0.047058823529411764,0.047058823529411764,0.1,0.6232084245759508,12,6,58,243,0.047058823529411764,0.09375,True,max_tpr_with_empirical_fpr_le_target,0.0,0.0,0.01,inf,0,0,64,255,0.0,0.0,False,max_tpr_with_empirical_fpr_le_target,0.0,0.0,0.001,inf,0,0,64,255,0.0,0.0,False,max_tpr_with_empirical_fpr_le_target,32,True,False,12.437789291849104,12.4461444893467,0.4375,GALLSTONE,LR,dp,0.8,25
0.5618259803921568,0.15006127450980394,255,64,0.16470588235294117,0.16470588235294117,0.1,0.4424716765835406,42,6,58,213,0.16470588235294117,0.09375,True,max_tpr_with_empirical_fpr_le_target,0.023529411764705882,0.023529411764705882,0.01,0.9184078687333947,6,0,64,249,0.023529411764705882,0.0,False,max_tpr_with_empirical_fpr_le_target,0.023529411764705882,0.023529411764705882,0.001,0.9184078687333947,6,0,64,249,0.023529411764705882,0.0,False,max_tpr_with_empirical_fpr_le_target,32,True,False,12.366174071214154,12.424211098391948,0.4375,GALLSTONE,LR,dp,0.8,26
0.5198529411764706,0.09650735294117652,255,64,0.14901960784313725,0.14901960784313725,0.1,0.400334145892308,38,6,58,217,0.14901960784313725,0.09375,True,max_tpr_with_empirical_fpr_le_target,0.01568627450980392,0.01568627450980392,0.01,0.9245645293478146,4,0,64,251,0.01568627450980392,0.0,False,max_tpr_with_empirical_fpr_le_target,0.01568627450980392,0.01568627450980392,0.001,0.9245645293478146,4,0,64,251,0.01568627450980392,0.0,False,max_tpr_with_empirical_fpr_le_target,32,True,False,12.806972195445272,12.926047987900533,0.4375,GALLSTONE,LR,dp,0.8,27
0.477328431372549,0.057352941176470607,255,64,0.08235294117647059,0.08235294117647059,0.1,0.548570588413221,21,6,58,234,0.08235294117647059,0.09375,True,max_tpr_with_empirical_fpr_le_target,0.00784313725490196,0.00784313725490196,0.01,1.0068605494971457,2,0,64,253,0.00784313725490196,0.0,False,max_tpr_with_empirical_fpr_le_target,0.00784313725490196,0.00784313725490196,0.001,1.0068605494971457,2,0,64,253,0.00784313725490196,0.0,False,max_tpr_with_empirical_fpr_le_target,32,True,False,12.985056031562833,13.063861606514562,0.4375,GALLSTONE,LR,dp,0.8,28
0.47395833333333326,0.031188725490196023,255,64,0.06666666666666667,0.06666666666666667,0.1,0.5566888277098405,17,6,58,238,0.06666666666666667,0.09375,True,max_tpr_with_empirical_fpr_le_target,0.00392156862745098,0.00392156862745098,0.01,1.1848922336094896,1,0,64,254,0.00392156862745098,0.0,False,max_tpr_with_empirical_fpr_le_target,0.00392156862745098,0.00392156862745098,0.001,1.1848922336094896,1,0,64,254,0.00392156862745098,0.0,False,max_tpr_with_empirical_fpr_le_target,32,True,False,12.883314106615165,12.90889096730056,0.4375,GALLSTONE,LR,dp,0.8,29
0.4736519607843137,0.04019607843137257,255,64,0.054901960784313725,0.054901960784313725,0.1,0.8326564238749237,14,6,58,241,0.054901960784313725,0.09375,True,max_tpr_with_empirical_fpr_le_target,0.00784313725490196,0.00784313725490196,0.01,1.4716897539898968,2,0,64,253,0.00784313725490196,0.0,False,max_tpr_with_empirical_fpr_le_target,0.00784313725490196,0.00784313725490196,0.001,1.4716897539898968,2,0,64,253,0.00784313725490196,0.0,False,max_tpr_with_empirical_fpr_le_target,32,True,False,11.29501433667008,11.341608060892362,0.515625,GALLSTONE,LR,dp,1.0,0
0.5208333333333333,0.06017156862745099,255,64,0.12156862745098039,0.12156862745098039,0.1,0.4102125213699521,31,6,58,224,0.12156862745098039,0.09375,True,max_tpr_with_empirical_fpr_le_target,0.0,0.0,0.01,inf,0,0,64,255,0.0,0.0,False,max_tpr_with_empirical_fpr_le_target,0.0,0.0,0.001,inf,0,0,64,255,0.0,0.0,False,max_tpr_with_empirical_fpr_le_target,32,True,False,11.665677270560101,11.760857074057053,0.515625,GALLSTONE,LR,dp,1.0,1
0.4954656862745098,0.047058823529411764,255,64,0.10980392156862745,0.10980392156862745,0.1,0.49743077094322175,28,6,58,227,0.10980392156862745,0.09375,True,max_tpr_with_empirical_fpr_le_target,0.047058823529411764,0.047058823529411764,0.01,0.7380597353847786,12,0,64,243,0.047058823529411764,0.0,False,max_tpr_with_empirical_fpr_le_target,0.047058823529411764,0.047058823529411764,0.001,0.7380597353847786,12,0,64,243,0.047058823529411764,0.0,False,max_tpr_with_empirical_fpr_le_target,32,True,False,11.402425803352704,11.44762459269451,0.515625,GALLSTONE,LR,dp,1.0,2
0.5237132352941176,0.09044117647058825,255,64,0.17254901960784313,0.17254901960784313,0.1,0.4061261669050422,44,6,58,211,0.17254901960784313,0.09375,True,max_tpr_with_empirical_fpr_le_target,0.023529411764705882,0.023529411764705882,0.01,0.9244407565896333,6,0,64,249,0.023529411764705882,0.0,False,max_tpr_with_empirical_fpr_le_target,0.023529411764705882,0.023529411764705882,0.001,0.9244407565896333,6,0,64,249,0.023529411764705882,0.0,False,max_tpr_with_empirical_fpr_le_target,32,True,False,11.031888607602712,11.154262146922067,0.515625,GALLSTONE,LR,dp,1.0,3
0.49313725490196075,0.12193627450980393,255,64,0.21568627450980393,0.21568627450980393,0.1,0.31328254982741655,55,6,58,200,0.21568627450980393,0.09375,True,max_tpr_with_empirical_fpr_le_target,0.0,0.0,0.01,inf,0,0,64,255,0.0,0.0,False,max_tpr_with_empirical_fpr_le_target,0.0,0.0,0.001,inf,0,0,64,255,0.0,0.0,False,max_tpr_with_empirical_fpr_le_target,32,True,False,11.400513460946199,11.59658884044772,0.515625,GALLSTONE,LR,dp,1.0,4
0.5200980392156863,0.09883578431372547,255,64,0.16470588235294117,0.16470588235294117,0.1,0.4435236979960999,42,6,58,213,0.16470588235294117,0.09375,True,max_tpr_with_empirical_fpr_le_target,0.011764705882352941,0.011764705882352941,0.01,1.2081595153815634,3,0,64,252,0.011764705882352941,0.0,False,max_tpr_with_empirical_fpr_le_target,0.011764705882352941,0.011764705882352941,0.001,1.2081595153815634,3,0,64,252,0.011764705882352941,0.0,False,max_tpr_with_empirical_fpr_le_target,32,True,False,11.049505110476732,11.104737174934877,0.515625,GALLSTONE,LR,dp,1.0,5
0.4769607843137255,0.04424019607843138,255,64,0.10588235294117647,0.10588235294117647,0.1,0.5537668406875715,27,6,58,228,0.10588235294117647,0.09375,True,max_tpr_with_empirical_fpr_le_target,0.00784313725490196,0.00784313725490196,0.01,1.224254822863064,2,0,64,253,0.00784313725490196,0.0,False,max_tpr_with_empirical_fpr_le_target,0.00784313725490196,0.00784313725490196,0.001,1.224254822863064,2,0,64,253,0.00784313725490196,0.0,False,max_tpr_with_empirical_fpr_le_target,32,True,False,11.44969151668461,11.425395576435172,0.515625,GALLSTONE,LR,dp,1.0,6
0.5012867647058823,0.10655637254901962,255,64,0.16470588235294117,0.16470588235294117,0.1,0.5038230535615309,42,5,59,213,0.16470588235294117,0.078125,True,max_tpr_with_empirical_fpr_le_target,0.011764705882352941,0.011764705882352941,0.01,1.3280298773351529,3,0,64,252,0.011764705882352941,0.0,False,max_tpr_with_empirical_fpr_le_target,0.011764705882352941,0.011764705882352941,0.001,1.3280298773351529,3,0,64,252,0.011764705882352941,0.0,False,max_tpr_with_empirical_fpr_le_target,32,True,False,11.047652913333417,11.125157327474533,0.515625,GALLSTONE,LR,dp,1.0,7
0.45637254901960783,0.027512254901960784,255,64,0.0784313725490196,0.0784313725490196,0.1,0.5874381793567105,20,6,58,235,0.0784313725490196,0.09375,True,max_tpr_with_empirical_fpr_le_target,0.011764705882352941,0.011764705882352941,0.01,1.0610591535434528,3,0,64,252,0.011764705882352941,0.0,False,max_tpr_with_empirical_fpr_le_target,0.011764705882352941,0.011764705882352941,0.001,1.0610591535434528,3,0,64,252,0.011764705882352941,0.0,False,max_tpr_with_empirical_fpr_le_target,32,True,False,11.379267591524634,11.468754526183465,0.515625,GALLSTONE,LR,dp,1.0,8
0.47518382352941174,0.08265931372549021,255,64,0.16470588235294117,0.16470588235294117,0.1,0.4145463203105981,42,6,58,213,0.16470588235294117,0.09375,True,max_tpr_with_empirical_fpr_le_target,0.01568627450980392,0.01568627450980392,0.01,1.1279535992365428,4,0,64,251,0.01568627450980392,0.0,False,max_tpr_with_empirical_fpr_le_target,0.01568627450980392,0.01568627450980392,0.001,1.1279535992365428,4,0,64,251,0.01568627450980392,0.0,False,max_tpr_with_empirical_fpr_le_target,32,True,False,11.17737031342057,11.16161262498857,0.515625,GALLSTONE,LR,dp,1.0,9
0.5700367647058823,0.1939338235294118,255,64,0.20392156862745098,0.20392156862745098,0.1,0.385051515576019,52,6,58,203,0.20392156862745098,0.09375,True,max_tpr_with_empirical_fpr_le_target,0.0,0.0,0.01,inf,0,0,64,255,0.0,0.0,False,max_tpr_with_empirical_fpr_le_target,0.0,0.0,0.001,inf,0,0,64,255,0.0,0.0,False,max_tpr_with_empirical_fpr_le_target,32,True,False,11.366459323270986,11.316538957457736,0.515625,GALLSTONE,LR,dp,1.0,10
0.4919117647058824,0.05680147058823526,255,64,0.0392156862745098,0.0392156862745098,0.1,0.6519942326557286,10,5,59,245,0.0392156862745098,0.078125,True,max_tpr_with_empirical_fpr_le_target,0.0196078431372549,0.0196078431372549,0.01,0.9319940344216473,5,0,64,250,0.0196078431372549,0.0,False,max_tpr_with_empirical_fpr_le_target,0.0196078431372549,0.0196078431372549,0.001,0.9319940344216473,5,0,64,250,0.0196078431372549,0.0,False,max_tpr_with_empirical_fpr_le_target,32,True,False,11.235248249731734,11.268433038984274,0.515625,GALLSTONE,LR,dp,1.0,11
0.4737745098039216,0.08651960784313725,255,64,0.1568627450980392,0.1568627450980392,0.1,0.4438990657584583,40,6,58,215,0.1568627450980392,0.09375,True,max_tpr_with_empirical_fpr_le_target,0.0392156862745098,0.0392156862745098,0.01,0.8771809608153056,10,0,64,245,0.0392156862745098,0.0,False,max_tpr_with_empirical_fpr_le_target,0.0392156862745098,0.0392156862745098,0.001,0.8771809608153056,10,0,64,245,0.0392156862745098,0.0,False,max_tpr_with_empirical_fpr_le_target,32,True,False,11.309983521964234,11.271420785134247,0.515625,GALLSTONE,LR,dp,1.0,12
0.4637867647058823,0.0642156862745098,255,64,0.047058823529411764,0.047058823529411764,0.1,0.7253495591796444,12,6,58,243,0.047058823529411764,0.09375,True,max_tpr_with_empirical_fpr_le_target,0.01568627450980392,0.01568627450980392,0.01,0.9655488694708554,4,0,64,251,0.01568627450980392,0.0,False,max_tpr_with_empirical_fpr_le_target,0.01568627450980392,0.01568627450980392,0.001,0.9655488694708554,4,0,64,251,0.01568627450980392,0.0,False,max_tpr_with_empirical_fpr_le_target,32,True,False,11.373557959693128,11.424877420764496,0.515625,GALLSTONE,LR,dp,1.0,13
0.4513480392156863,0.039338235294117646,255,64,0.08235294117647059,0.08235294117647059,0.1,0.5962649694043236,21,6,58,234,0.08235294117647059,0.09375,True,max_tpr_with_empirical_fpr_le_target,0.027450980392156862,0.027450980392156862,0.01,0.9793944300724897,7,0,64,248,0.027450980392156862,0.0,False,max_tpr_with_empirical_fpr_le_target,0.027450980392156862,0.027450980392156862,0.001,0.9793944300724897,7,0,64,248,0.027450980392156862,0.0,False,max_tpr_with_empirical_fpr_le_target,32,True,False,11.544406112987508,11.514242028673168,0.515625,GALLSTONE,LR,dp,1.0,14
0.5489583333333332,0.13780637254901962,255,64,0.1803921568627451,0.1803921568627451,0.1,0.3753242793795253,46,6,58,209,0.1803921568627451,0.09375,True,max_tpr_with_empirical_fpr_le_target,0.0196078431372549,0.0196078431372549,0.01,1.042925482573211,5,0,64,250,0.0196078431372549,0.0,False,max_tpr_with_empirical_fpr_le_target,0.0196078431372549,0.0196078431372549,0.001,1.042925482573211,5,0,64,250,0.0196078431372549,0.0,False,max_tpr_with_empirical_fpr_le_target,32,True,False,11.667868835793396,11.781671597241049,0.515625,GALLSTONE,LR,dp,1.0,15
0.5643995098039216,0.13443627450980394,255,64,0.11372549019607843,0.11372549019607843,0.1,0.46298217806513087,29,4,60,226,0.11372549019607843,0.0625,True,max_tpr_with_empirical_fpr_le_target,0.00784313725490196,0.00784313725490196,0.01,1.0562565132791173,2,0,64,253,0.00784313725490196,0.0,False,max_tpr_with_empirical_fpr_le_target,0.00784313725490196,0.00784313725490196,0.001,1.0562565132791173,2,0,64,253,0.00784313725490196,0.0,False,max_tpr_with_empirical_fpr_le_target,32,True,False,11.505062909756084,11.533870653757251,0.515625,GALLSTONE,LR,dp,1.0,16
0.5232230392156862,0.09142156862745099,255,64,0.10588235294117647,0.10588235294117647,0.1,0.5979360949263848,27,5,59,228,0.10588235294117647,0.078125,True,max_tpr_with_empirical_fpr_le_target,0.03137254901960784,0.03137254901960784,0.01,0.9311869248041438,8,0,64,247,0.03137254901960784,0.0,False,max_tpr_with_empirical_fpr_le_target,0.03137254901960784,0.03137254901960784,0.001,0.9311869248041438,8,0,64,247,0.03137254901960784,0.0,False,max_tpr_with_empirical_fpr_le_target,32,True,False,11.053614258110963,11.253619824835427,0.515625,GALLSTONE,LR,dp,1.0,17
0.4885416666666667,0.0946078431372549,255,64,0.16470588235294117,0.16470588235294117,0.1,0.391669549478721,42,6,58,213,0.16470588235294117,0.09375,True,max_tpr_with_empirical_fpr_le_target,0.00392156862745098,0.00392156862745098,0.01,1.2509854606922564,1,0,64,254,0.00392156862745098,0.0,False,max_tpr_with_empirical_fpr_le_target,0.00392156862745098,0.00392156862745098,0.001,1.2509854606922564,1,0,64,254,0.00392156862745098,0.0,False,max_tpr_with_empirical_fpr_le_target,32,True,False,11.383404980944663,11.465975458068302,0.515625,GALLSTONE,LR,dp,1.0,18
0.45502450980392156,0.09105392156862746,255,64,0.08627450980392157,0.08627450980392157,0.1,0.6526780974346034,22,6,58,233,0.08627450980392157,0.09375,True,max_tpr_with_empirical_fpr_le_target,0.011764705882352941,0.011764705882352941,0.01,1.0381064130762248,3,0,64,252,0.011764705882352941,0.0,False,max_tpr_with_empirical_fpr_le_target,0.011764705882352941,0.011764705882352941,0.001,1.0381064130762248,3,0,64,252,0.011764705882352941,0.0,False,max_tpr_with_empirical_fpr_le_target,32,True,False,11.479332265759723,11.479716306636359,0.515625,GALLSTONE,LR,dp,1.0,19
0.5124387254901961,0.06825980392156861,255,64,0.09803921568627451,0.09803921568627451,0.1,0.565018584150172,25,6,58,230,0.09803921568627451,0.09375,True,max_tpr_with_empirical_fpr_le_target,0.0,0.0,0.01,inf,0,0,64,255,0.0,0.0,False,max_tpr_with_empirical_fpr_le_target,0.0,0.0,0.001,inf,0,0,64,255,0.0,0.0,False,max_tpr_with_empirical_fpr_le_target,32,True,False,11.14741627928282,11.19091877449552,0.515625,GALLSTONE,LR,dp,1.0,20
0.5698529411764706,0.14981617647058826,255,64,0.2235294117647059,0.2235294117647059,0.1,0.397124625692034,57,6,58,198,0.2235294117647059,0.09375,True,max_tpr_with_empirical_fpr_le_target,0.03529411764705882,0.03529411764705882,0.01,0.9199712407215808,9,0,64,246,0.03529411764705882,0.0,False,max_tpr_with_empirical_fpr_le_target,0.03529411764705882,0.03529411764705882,0.001,0.9199712407215808,9,0,64,246,0.03529411764705882,0.0,False,max_tpr_with_empirical_fpr_le_target,32,True,False,11.535967549818176,11.659414826803301,0.515625,GALLSTONE,LR,dp,1.0,21
0.508578431372549,0.06948529411764703,255,64,0.09411764705882353,0.09411764705882353,0.1,0.5083028458078478,24,5,59,231,0.09411764705882353,0.078125,True,max_tpr_with_empirical_fpr_le_target,0.0392156862745098,0.0392156862745098,0.01,0.7544575104342499,10,0,64,245,0.0392156862745098,0.0,False,max_tpr_with_empirical_fpr_le_target,0.0392156862745098,0.0392156862745098,0.001,0.7544575104342499,10,0,64,245,0.0392156862745098,0.0,False,max_tpr_with_empirical_fpr_le_target,32,True,False,11.392567917588586,11.380737342918707,0.515625,GALLSTONE,LR,dp,1.0,22
0.5280637254901961,0.12224264705882354,255,64,0.1803921568627451,0.1803921568627451,0.1,0.37191652550422427,46,6,58,209,0.1803921568627451,0.09375,True,max_tpr_with_empirical_fpr_le_target,0.0196078431372549,0.0196078431372549,0.01,1.083834121495098,5,0,64,250,0.0196078431372549,0.0,False,max_tpr_with_empirical_fpr_le_target,0.0196078431372549,0.0196078431372549,0.001,1.083834121495098,5,0,64,250,0.0196078431372549,0.0,False,max_tpr_with_empirical_fpr_le_target,32,True,False,11.265662986036764,11.332332121036139,0.515625,GALLSTONE,LR,dp,1.0,23
0.541360294117647,0.1506740196078431,255,64,0.1843137254901961,0.1843137254901961,0.1,0.3722091128996734,47,6,58,208,0.1843137254901961,0.09375,True,max_tpr_with_empirical_fpr_le_target,0.01568627450980392,0.01568627450980392,0.01,0.9435995685818757,4,0,64,251,0.01568627450980392,0.0,False,max_tpr_with_empirical_fpr_le_target,0.01568627450980392,0.01568627450980392,0.001,0.9435995685818757,4,0,64,251,0.01568627450980392,0.0,False,max_tpr_with_empirical_fpr_le_target,32,True,False,11.304422658002872,11.330535976288617,0.515625,GALLSTONE,LR,dp,1.0,24
0.4685049019607843,0.03897058823529409,255,64,0.058823529411764705,0.058823529411764705,0.1,0.6809128325111167,15,6,58,240,0.058823529411764705,0.09375,True,max_tpr_with_empirical_fpr_le_target,0.0,0.0,0.01,inf,0,0,64,255,0.0,0.0,False,max_tpr_with_empirical_fpr_le_target,0.0,0.0,0.001,inf,0,0,64,255,0.0,0.0,False,max_tpr_with_empirical_fpr_le_target,32,True,False,10.994739954839211,11.106053871069205,0.515625,GALLSTONE,LR,dp,1.0,25
0.5395220588235294,0.10710784313725491,255,64,0.16470588235294117,0.16470588235294117,0.1,0.4434689529044453,42,6,58,213,0.16470588235294117,0.09375,True,max_tpr_with_empirical_fpr_le_target,0.00784313725490196,0.00784313725490196,0.01,1.3284620932625035,2,0,64,253,0.00784313725490196,0.0,False,max_tpr_with_empirical_fpr_le_target,0.00784313725490196,0.00784313725490196,0.001,1.3284620932625035,2,0,64,253,0.00784313725490196,0.0,False,max_tpr_with_empirical_fpr_le_target,32,True,False,10.697617811256743,10.883649025898272,0.515625,GALLSTONE,LR,dp,1.0,26
0.464031862745098,0.02487745098039218,255,64,0.10980392156862745,0.10980392156862745,0.1,0.5150233216500038,28,6,58,227,0.10980392156862745,0.09375,True,max_tpr_with_empirical_fpr_le_target,0.0,0.0,0.01,inf,0,0,64,255,0.0,0.0,False,max_tpr_with_empirical_fpr_le_target,0.0,0.0,0.001,inf,0,0,64,255,0.0,0.0,False,max_tpr_with_empirical_fpr_le_target,32,True,False,11.375939520583808,11.504360228667261,0.515625,GALLSTONE,LR,dp,1.0,27
0.41574754901960786,0.00784313725490196,255,64,0.06274509803921569,0.06274509803921569,0.1,0.6454026488402551,16,6,58,239,0.06274509803921569,0.09375,True,max_tpr_with_empirical_fpr_le_target,0.00784313725490196,0.00784313725490196,0.01,1.131113876605561,2,0,64,253,0.00784313725490196,0.0,False,max_tpr_with_empirical_fpr_le_target,0.00784313725490196,0.00784313725490196,0.001,1.131113876605561,2,0,64,253,0.00784313725490196,0.0,False,max_tpr_with_empirical_fpr_le_target,32,True,False,11.353062552792053,11.543772037722636,0.515625,GALLSTONE,LR,dp,1.0,28
0.5145833333333334,0.05661764705882355,255,64,0.11764705882352941,0.11764705882352941,0.1,0.5664291138813571,30,6,58,225,0.11764705882352941,0.09375,True,max_tpr_with_empirical_fpr_le_target,0.00392156862745098,0.00392156862745098,0.01,1.1766947294411985,1,0,64,254,0.00392156862745098,0.0,False,max_tpr_with_empirical_fpr_le_target,0.00392156862745098,0.00392156862745098,0.001,1.1766947294411985,1,0,64,254,0.00392156862745098,0.0,False,max_tpr_with_empirical_fpr_le_target,32,True,False,11.363716075964977,11.323942914540815,0.515625,GALLSTONE,LR,dp,1.0,29
0.5190563725490196,0.10030637254901964,255,64,0.047058823529411764,0.047058823529411764,0.1,0.7440118317783293,12,6,58,243,0.047058823529411764,0.09375,True,max_tpr_with_empirical_fpr_le_target,0.023529411764705882,0.023529411764705882,0.01,2.00101441006787,6,0,64,249,0.023529411764705882,0.0,False,max_tpr_with_empirical_fpr_le_target,0.023529411764705882,0.023529411764705882,0.001,2.00101441006787,6,0,64,249,0.023529411764705882,0.0,False,max_tpr_with_empirical_fpr_le_target,32,True,False,5.332137840178074,5.39067360916736,0.484375,GALLSTONE,LR,dp,2.0,0
0.5065563725490196,0.08143382352941175,255,64,0.12156862745098039,0.12156862745098039,0.1,0.3156051225190253,31,6,58,224,0.12156862745098039,0.09375,True,max_tpr_with_empirical_fpr_le_target,0.0,0.0,0.01,inf,0,0,64,255,0.0,0.0,False,max_tpr_with_empirical_fpr_le_target,0.0,0.0,0.001,inf,0,0,64,255,0.0,0.0,False,max_tpr_with_empirical_fpr_le_target,32,True,False,5.3299946253563135,5.33018835673264,0.484375,GALLSTONE,LR,dp,2.0,1
0.5255514705882354,0.10790441176470589,255,64,0.13725490196078433,0.13725490196078433,0.1,0.2957823528292831,35,6,58,220,0.13725490196078433,0.09375,True,max_tpr_with_empirical_fpr_le_target,0.043137254901960784,0.043137254901960784,0.01,0.8948426397345131,11,0,64,244,0.043137254901960784,0.0,False,max_tpr_with_empirical_fpr_le_target,0.043137254901960784,0.043137254901960784,0.001,0.8948426397345131,11,0,64,244,0.043137254901960784,0.0,False,max_tpr_with_empirical_fpr_le_target,32,True,False,5.0550894671826905,5.095036149030612,0.484375,GALLSTONE,LR,dp,2.0,2
0.576593137254902,0.1744485294117647,255,64,0.10588235294117647,0.10588235294117647,0.1,0.39461453463063334,27,6,58,228,0.10588235294117647,0.09375,True,max_tpr_with_empirical_fpr_le_target,0.023529411764705882,0.023529411764705882,0.01,1.3560403719207987,6,0,64,249,0.023529411764705882,0.0,False,max_tpr_with_empirical_fpr_le_target,0.023529411764705882,0.023529411764705882,0.001,1.3560403719207987,6,0,64,249,0.023529411764705882,0.0,False,max_tpr_with_empirical_fpr_le_target,32,True,False,4.879367170921771,4.988322166727417,0.484375,GALLSTONE,LR,dp,2.0,3
0.4780637254901961,0.06096813725490191,255,64,0.09019607843137255,0.09019607843137255,0.1,0.44733651801916796,23,6,58,232,0.09019607843137255,0.09375,True,max_tpr_with_empirical_fpr_le_target,0.01568627450980392,0.01568627450980392,0.01,1.3176364888156589,4,0,64,251,0.01568627450980392,0.0,False,max_tpr_with_empirical_fpr_le_target,0.01568627450980392,0.01568627450980392,0.001,1.3176364888156589,4,0,64,251,0.01568627450980392,0.0,False,max_tpr_with_empirical_fpr_le_target,32,True,False,5.361184112438004,5.482817354769369,0.484375,GALLSTONE,LR,dp,2.0,4
0.48792892156862744,0.05520833333333333,255,64,0.13725490196078433,0.13725490196078433,0.1,0.27919715414965696,35,6,58,220,0.13725490196078433,0.09375,True,max_tpr_with_empirical_fpr_le_target,0.011764705882352941,0.011764705882352941,0.01,2.447153157628919,3,0,64,252,0.011764705882352941,0.0,False,max_tpr_with_empirical_fpr_le_target,0.011764705882352941,0.011764705882352941,0.001,2.447153157628919,3,0,64,252,0.011764705882352941,0.0,False,max_tpr_with_empirical_fpr_le_target,32,True,False,4.975783848544884,5.176333379554276,0.484375,GALLSTONE,LR,dp,2.0,5
0.4533088235294118,0.013419117647058831,255,64,0.043137254901960784,0.043137254901960784,0.1,0.4616579722509533,11,6,58,244,0.043137254901960784,0.09375,True,max_tpr_with_empirical_fpr_le_target,0.011764705882352941,0.011764705882352941,0.01,1.0195121194040189,3,0,64,252,0.011764705882352941,0.0,False,max_tpr_with_empirical_fpr_le_target,0.011764705882352941,0.011764705882352941,0.001,1.0195121194040189,3,0,64,252,0.011764705882352941,0.0,False,max_tpr_with_empirical_fpr_le_target,32,True,False,5.079667386458381,5.313973411892784,0.484375,GALLSTONE,LR,dp,2.0,6
0.4927696078431372,0.03988970588235294,255,64,0.10588235294117647,0.10588235294117647,0.1,0.3931251936892397,27,6,58,228,0.10588235294117647,0.09375,True,max_tpr_with_empirical_fpr_le_target,0.00392156862745098,0.00392156862745098,0.01,2.334937876020147,1,0,64,254,0.00392156862745098,0.0,False,max_tpr_with_empirical_fpr_le_target,0.00392156862745098,0.00392156862745098,0.001,2.334937876020147,1,0,64,254,0.00392156862745098,0.0,False,max_tpr_with_empirical_fpr_le_target,32,True,False,5.234488464224437,5.380606074494077,0.484375,GALLSTONE,LR,dp,2.0,7
0.45974264705882356,0.02720588235294119,255,64,0.054901960784313725,0.054901960784313725,0.1,0.615822729397971,14,6,58,241,0.054901960784313725,0.09375,True,max_tpr_with_empirical_fpr_le_target,0.00784313725490196,0.00784313725490196,0.01,2.2490719662841068,2,0,64,253,0.00784313725490196,0.0,False,max_tpr_with_empirical_fpr_le_target,0.00784313725490196,0.00784313725490196,0.001,2.2490719662841068,2,0,64,253,0.00784313725490196,0.0,False,max_tpr_with_empirical_fpr_le_target,32,True,False,5.451815710421713,5.477318206801924,0.484375,GALLSTONE,LR,dp,2.0,8
0.4629289215686274,0.050306372549019596,255,64,0.10588235294117647,0.10588235294117647,0.1,0.4645478995084442,27,6,58,228,0.10588235294117647,0.09375,True,max_tpr_with_empirical_fpr_le_target,0.00392156862745098,0.00392156862745098,0.01,2.173098153368353,1,0,64,254,0.00392156862745098,0.0,False,max_tpr_with_empirical_fpr_le_target,0.00392156862745098,0.00392156862745098,0.001,2.173098153368353,1,0,64,254,0.00392156862745098,0.0,False,max_tpr_with_empirical_fpr_le_target,32,True,False,4.8294549337362565,4.929625932835467,0.484375,GALLSTONE,LR,dp,2.0,9
0.5486519607843137,0.1089460784313725,255,64,0.1568627450980392,0.1568627450980392,0.1,0.2920630039844836,40,6,58,215,0.1568627450980392,0.09375,True,max_tpr_with_empirical_fpr_le_target,0.0,0.0,0.01,inf,0,0,64,255,0.0,0.0,False,max_tpr_with_empirical_fpr_le_target,0.0,0.0,0.001,inf,0,0,64,255,0.0,0.0,False,max_tpr_with_empirical_fpr_le_target,32,True,False,5.282763075484116,5.19214411017507,0.484375,GALLSTONE,LR,dp,2.0,10
0.4458946078431372,0.011703431372549034,255,64,0.01568627450980392,0.01568627450980392,0.1,0.9925615115617159,4,6,58,251,0.01568627450980392,0.09375,True,max_tpr_with_empirical_fpr_le_target,0.0,0.0,0.01,inf,0,0,64,255,0.0,0.0,False,max_tpr_with_empirical_fpr_le_target,0.0,0.0,0.001,inf,0,0,64,255,0.0,0.0,False,max_tpr_with_empirical_fpr_le_target,32,True,False,5.281312554872019,5.427586497916021,0.484375,GALLSTONE,LR,dp,2.0,11
0.4751838235294118,0.03988970588235294,255,64,0.09019607843137255,0.09019607843137255,0.1,0.4730848744804801,23,6,58,232,0.09019607843137255,0.09375,True,max_tpr_with_empirical_fpr_le_target,0.0392156862745098,0.0392156862745098,0.01,0.9372574900943347,10,0,64,245,0.0392156862745098,0.0,False,max_tpr_with_empirical_fpr_le_target,0.0392156862745098,0.0392156862745098,0.001,0.9372574900943347,10,0,64,245,0.0392156862745098,0.0,False,max_tpr_with_empirical_fpr_le_target,32,True,False,5.157420826281118,5.27124727865662,0.484375,GALLSTONE,LR,dp,2.0,12
0.41776960784313727,0.015563725490196023,255,64,0.0784313725490196,0.0784313725490196,0.1,0.4658509517413929,20,6,58,235,0.0784313725490196,0.09375,True,max_tpr_with_empirical_fpr_le_target,0.0,0.0,0.01,inf,0,0,64,255,0.0,0.0,False,max_tpr_with_empirical_fpr_le_target,0.0,0.0,0.001,inf,0,0,64,255,0.0,0.0,False,max_tpr_with_empirical_fpr_le_target,32,True,False,5.062740962125919,5.442633369117059,0.484375,GALLSTONE,LR,dp,2.0,13
0.4677696078431373,0.03982843137254902,255,64,0.09411764705882353,0.09411764705882353,0.1,0.4766346193178581,24,6,58,231,0.09411764705882353,0.09375,True,max_tpr_with_empirical_fpr_le_target,0.0196078431372549,0.0196078431372549,0.01,2.1097921782070923,5,0,64,250,0.0196078431372549,0.0,False,max_tpr_with_empirical_fpr_le_target,0.0196078431372549,0.0196078431372549,0.001,2.1097921782070923,5,0,64,250,0.0196078431372549,0.0,False,max_tpr_with_empirical_fpr_le_target,32,True,False,4.87994768779623,4.903025446371167,0.484375,GALLSTONE,LR,dp,2.0,14
0.5873161764705881,0.1689950980392157,255,64,0.2627450980392157,0.2627450980392157,0.1,0.17922342473955633,67,6,58,188,0.2627450980392157,0.09375,True,max_tpr_with_empirical_fpr_le_target,0.0196078431372549,0.0196078431372549,0.01,1.8519815116262723,5,0,64,250,0.0196078431372549,0.0,False,max_tpr_with_empirical_fpr_le_target,0.0196078431372549,0.0196078431372549,0.001,1.8519815116262723,5,0,64,250,0.0196078431372549,0.0,False,max_tpr_with_empirical_fpr_le_target,32,True,False,5.2341424144781925,5.244692483487775,0.484375,GALLSTONE,LR,dp,2.0,15
0.5763480392156863,0.142953431372549,255,64,0.2235294117647059,0.2235294117647059,0.1,0.23617485847364827,57,6,58,198,0.2235294117647059,0.09375,True,max_tpr_with_empirical_fpr_le_target,0.03137254901960784,0.03137254901960784,0.01,1.2100895289698554,8,0,64,247,0.03137254901960784,0.0,False,max_tpr_with_empirical_fpr_le_target,0.03137254901960784,0.03137254901960784,0.001,1.2100895289698554,8,0,64,247,0.03137254901960784,0.0,False,max_tpr_with_empirical_fpr_le_target,32,True,False,5.05372980564583,5.095923651739391,0.484375,GALLSTONE,LR,dp,2.0,16
0.5182598039215687,0.0768382352941176,255,64,0.09019607843137255,0.09019607843137255,0.1,0.5432492147474783,23,6,58,232,0.09019607843137255,0.09375,True,max_tpr_with_empirical_fpr_le_target,0.00784313725490196,0.00784313725490196,0.01,2.446300255424613,2,0,64,253,0.00784313725490196,0.0,False,max_tpr_with_empirical_fpr_le_target,0.00784313725490196,0.00784313725490196,0.001,2.446300255424613,2,0,64,253,0.00784313725490196,0.0,False,max_tpr_with_empirical_fpr_le_target,32,True,False,5.015991801114779,5.180103390701471,0.484375,GALLSTONE,LR,dp,2.0,17
0.5290441176470588,0.12346813725490191,255,64,0.1411764705882353,0.1411764705882353,0.1,0.32685815070929536,36,6,58,219,0.1411764705882353,0.09375,True,max_tpr_with_empirical_fpr_le_target,0.0,0.0,0.01,inf,0,0,64,255,0.0,0.0,False,max_tpr_with_empirical_fpr_le_target,0.0,0.0,0.001,inf,0,0,64,255,0.0,0.0,False,max_tpr_with_empirical_fpr_le_target,32,True,False,4.891136004959854,4.93775029145027,0.484375,GALLSTONE,LR,dp,2.0,18
0.4229779411764706,0.031433823529411764,255,64,0.07058823529411765,0.07058823529411765,0.1,0.671597356062029,18,5,59,237,0.07058823529411765,0.078125,True,max_tpr_with_empirical_fpr_le_target,0.00784313725490196,0.00784313725490196,0.01,1.7389002117483652,2,0,64,253,0.00784313725490196,0.0,False,max_tpr_with_empirical_fpr_le_target,0.00784313725490196,0.00784313725490196,0.001,1.7389002117483652,2,0,64,253,0.00784313725490196,0.0,False,max_tpr_with_empirical_fpr_le_target,32,True,False,5.126704072858768,5.327531378248793,0.484375,GALLSTONE,LR,dp,2.0,19
0.5215686274509804,0.09283088235294112,255,64,0.09411764705882353,0.09411764705882353,0.1,0.4699513068487571,24,6,58,231,0.09411764705882353,0.09375,True,max_tpr_with_empirical_fpr_le_target,0.0,0.0,0.01,inf,0,0,64,255,0.0,0.0,False,max_tpr_with_empirical_fpr_le_target,0.0,0.0,0.001,inf,0,0,64,255,0.0,0.0,False,max_tpr_with_empirical_fpr_le_target,32,True,False,5.029727588607751,5.076838414673436,0.484375,GALLSTONE,LR,dp,2.0,20
0.5985906862745098,0.17450980392156867,255,64,0.23529411764705882,0.23529411764705882,0.1,0.22941199922296995,60,6,58,195,0.23529411764705882,0.09375,True,max_tpr_with_empirical_fpr_le_target,0.050980392156862744,0.050980392156862744,0.01,0.8778517491072706,13,0,64,242,0.050980392156862744,0.0,False,max_tpr_with_empirical_fpr_le_target,0.050980392156862744,0.050980392156862744,0.001,0.8778517491072706,13,0,64,242,0.050980392156862744,0.0,False,max_tpr_with_empirical_fpr_le_target,32,True,False,5.198851266369604,5.278457724463324,0.484375,GALLSTONE,LR,dp,2.0,21
0.5053308823529412,0.049632352941176516,255,64,0.10980392156862745,0.10980392156862745,0.1,0.3005625698562544,28,6,58,227,0.10980392156862745,0.09375,True,max_tpr_with_empirical_fpr_le_target,0.00784313725490196,0.00784313725490196,0.01,2.1850893135714022,2,0,64,253,0.00784313725490196,0.0,False,max_tpr_with_empirical_fpr_le_target,0.00784313725490196,0.00784313725490196,0.001,2.1850893135714022,2,0,64,253,0.00784313725490196,0.0,False,max_tpr_with_empirical_fpr_le_target,32,True,False,5.004029871463601,5.082442274606242,0.484375,GALLSTONE,LR,dp,2.0,22
0.5072303921568628,0.08167892156862744,255,64,0.13333333333333333,0.13333333333333333,0.1,0.40210917644602606,34,6,58,221,0.13333333333333333,0.09375,True,max_tpr_with_empirical_fpr_le_target,0.01568627450980392,0.01568627450980392,0.01,1.4461351387350385,4,0,64,251,0.01568627450980392,0.0,False,max_tpr_with_empirical_fpr_le_target,0.01568627450980392,0.01568627450980392,0.001,1.4461351387350385,4,0,64,251,0.01568627450980392,0.0,False,max_tpr_with_empirical_fpr_le_target,32,True,False,5.23967145112339,5.292028610348313,0.484375,GALLSTONE,LR,dp,2.0,23
0.5140318627450979,0.11115196078431372,255,64,0.058823529411764705,0.058823529411764705,0.1,0.6319768192264537,15,6,58,240,0.058823529411764705,0.09375,True,max_tpr_with_empirical_fpr_le_target,0.00784313725490196,0.00784313725490196,0.01,1.4820244670457603,2,0,64,253,0.00784313725490196,0.0,False,max_tpr_with_empirical_fpr_le_target,0.00784313725490196,0.00784313725490196,0.001,1.4820244670457603,2,0,64,253,0.00784313725490196,0.0,False,max_tpr_with_empirical_fpr_le_target,32,True,False,5.285610796651811,5.264429681634661,0.484375,GALLSTONE,LR,dp,2.0,24
0.5379289215686275,0.1509191176470588,255,64,0.054901960784313725,0.054901960784313725,0.1,0.5242616975583694,14,6,58,241,0.054901960784313725,0.09375,True,max_tpr_with_empirical_fpr_le_target,0.0,0.0,0.01,inf,0,0,64,255,0.0,0.0,False,max_tpr_with_empirical_fpr_le_target,0.0,0.0,0.001,inf,0,0,64,255,0.0,0.0,False,max_tpr_with_empirical_fpr_le_target,32,True,False,4.803009581483159,5.118702161429587,0.484375,GALLSTONE,LR,dp,2.0,25
0.5079044117647059,0.059129901960784326,255,64,0.13725490196078433,0.13725490196078433,0.1,0.3102394154533572,35,5,59,220,0.13725490196078433,0.078125,True,max_tpr_with_empirical_fpr_le_target,0.00784313725490196,0.00784313725490196,0.01,2.0264131350760204,2,0,64,253,0.00784313725490196,0.0,False,max_tpr_with_empirical_fpr_le_target,0.00784313725490196,0.00784313725490196,0.001,2.0264131350760204,2,0,64,253,0.00784313725490196,0.0,False,max_tpr_with_empirical_fpr_le_target,32,True,False,4.692863962586508,4.905699681888584,0.484375,GALLSTONE,LR,dp,2.0,26
0.4413602941176471,0.019730392156862744,255,64,0.0784313725490196,0.0784313725490196,0.1,0.4218128541210522,20,6,58,235,0.0784313725490196,0.09375,True,max_tpr_with_empirical_fpr_le_target,0.00392156862745098,0.00392156862745098,0.01,2.0440739506553944,1,0,64,254,0.00392156862745098,0.0,False,max_tpr_with_empirical_fpr_le_target,0.00392156862745098,0.00392156862745098,0.001,2.0440739506553944,1,0,64,254,0.00392156862745098,0.0,False,max_tpr_with_empirical_fpr_le_target,32,True,False,5.344872628924242,5.541470821471435,0.484375,GALLSTONE,LR,dp,2.0,27
0.3913602941176471,0.015747549019607843,255,64,0.07450980392156863,0.07450980392156863,0.1,0.43954836128609553,19,6,58,236,0.07450980392156863,0.09375,True,max_tpr_with_empirical_fpr_le_target,0.0,0.0,0.01,inf,0,0,64,255,0.0,0.0,False,max_tpr_with_empirical_fpr_le_target,0.0,0.0,0.001,inf,0,0,64,255,0.0,0.0,False,max_tpr_with_empirical_fpr_le_target,32,True,False,5.047758652557995,5.234716240268045,0.484375,GALLSTONE,LR,dp,2.0,28
0.5114583333333333,0.07285539215686276,255,64,0.08627450980392157,0.08627450980392157,0.1,0.6411292890643594,22,6,58,233,0.08627450980392157,0.09375,True,max_tpr_with_empirical_fpr_le_target,0.00784313725490196,0.00784313725490196,0.01,2.020865645822191,2,0,64,253,0.00784313725490196,0.0,False,max_tpr_with_empirical_fpr_le_target,0.00784313725490196,0.00784313725490196,0.001,2.020865645822191,2,0,64,253,0.00784313725490196,0.0,False,max_tpr_with_empirical_fpr_le_target,32,True,False,5.077801194845242,5.072265534565881,0.484375,GALLSTONE,LR,dp,2.0,29
0.49681372549019603,0.08137254901960789,255,64,0.054901960784313725,0.054901960784313725,0.1,0.5331811197380878,14,5,59,241,0.054901960784313725,0.078125,True,max_tpr_with_empirical_fpr_le_target,0.023529411764705882,0.023529411764705882,0.01,1.3429419389582902,6,0,64,249,0.023529411764705882,0.0,False,max_tpr_with_empirical_fpr_le_target,0.023529411764705882,0.023529411764705882,0.001,1.3429419389582902,6,0,64,249,0.023529411764705882,0.0,False,max_tpr_with_empirical_fpr_le_target,32,True,False,1.9396172107906082,1.996684088483508,0.609375,GALLSTONE,LR,dp,4.0,0
0.5185049019607844,0.0933210784313725,255,64,0.0784313725490196,0.0784313725490196,0.1,0.3989045282419603,20,6,58,235,0.0784313725490196,0.09375,True,max_tpr_with_empirical_fpr_le_target,0.0,0.0,0.01,inf,0,0,64,255,0.0,0.0,False,max_tpr_with_empirical_fpr_le_target,0.0,0.0,0.001,inf,0,0,64,255,0.0,0.0,False,max_tpr_with_empirical_fpr_le_target,32,True,False,1.8646280704785025,1.9409802347822596,0.609375,GALLSTONE,LR,dp,4.0,1
0.5253676470588236,0.11550245098039214,255,64,0.10588235294117647,0.10588235294117647,0.1,0.28403952883883243,27,6,58,228,0.10588235294117647,0.09375,True,max_tpr_with_empirical_fpr_le_target,0.03137254901960784,0.03137254901960784,0.01,0.8990123913740078,8,0,64,247,0.03137254901960784,0.0,False,max_tpr_with_empirical_fpr_le_target,0.03137254901960784,0.03137254901960784,0.001,0.8990123913740078,8,0,64,247,0.03137254901960784,0.0,False,max_tpr_with_empirical_fpr_le_target,32,True,False,1.8413201630107232,1.9572019308710675,0.609375,GALLSTONE,LR,dp,4.0,2
0.5630514705882353,0.15061274509803924,255,64,0.12549019607843137,0.12549019607843137,0.1,0.30306771240096797,32,6,58,223,0.12549019607843137,0.09375,True,max_tpr_with_empirical_fpr_le_target,0.023529411764705882,0.023529411764705882,0.01,1.3145392958459245,6,0,64,249,0.023529411764705882,0.0,False,max_tpr_with_empirical_fpr_le_target,0.023529411764705882,0.023529411764705882,0.001,1.3145392958459245,6,0,64,249,0.023529411764705882,0.0,False,max_tpr_with_empirical_fpr_le_target,32,True,False,1.8926036773284114,1.9296900776499923,0.609375,GALLSTONE,LR,dp,4.0,3
0.4494485294117647,0.042953431372549034,255,64,0.06274509803921569,0.06274509803921569,0.1,0.5357020126126666,16,2,62,239,0.06274509803921569,0.03125,True,max_tpr_with_empirical_fpr_le_target,0.011764705882352941,0.011764705882352941,0.01,1.9755692715743436,3,0,64,252,0.011764705882352941,0.0,False,max_tpr_with_empirical_fpr_le_target,0.011764705882352941,0.011764705882352941,0.001,1.9755692715743436,3,0,64,252,0.011764705882352941,0.0,False,max_tpr_with_empirical_fpr_le_target,32,True,False,1.9857985087834726,1.997142102528147,0.609375,GALLSTONE,LR,dp,4.0,4
0.4903186274509804,0.06691176470588237,255,64,0.1411764705882353,0.1411764705882353,0.1,0.24228506514820491,36,6,58,219,0.1411764705882353,0.09375,True,max_tpr_with_empirical_fpr_le_target,0.00392156862745098,0.00392156862745098,0.01,4.980010968637407,1,0,64,254,0.00392156862745098,0.0,False,max_tpr_with_empirical_fpr_le_target,0.00392156862745098,0.00392156862745098,0.001,4.980010968637407,1,0,64,254,0.00392156862745098,0.0,False,max_tpr_with_empirical_fpr_le_target,32,True,False,1.8565703234417534,1.9895946675492615,0.609375,GALLSTONE,LR,dp,4.0,5
0.44381127450980395,0.011151960784313686,255,64,0.047058823529411764,0.047058823529411764,0.1,0.4413215972650897,12,6,58,243,0.047058823529411764,0.09375,True,max_tpr_with_empirical_fpr_le_target,0.00784313725490196,0.00784313725490196,0.01,1.3131541891754166,2,0,64,253,0.00784313725490196,0.0,False,max_tpr_with_empirical_fpr_le_target,0.00784313725490196,0.00784313725490196,0.001,1.3131541891754166,2,0,64,253,0.00784313725490196,0.0,False,max_tpr_with_empirical_fpr_le_target,32,True,False,1.8662226567413305,2.0358613464875366,0.609375,GALLSTONE,LR,dp,4.0,6
0.4783700980392157,0.04889705882352946,255,64,0.06666666666666667,0.06666666666666667,0.1,0.432510312634963,17,6,58,238,0.06666666666666667,0.09375,True,max_tpr_with_empirical_fpr_le_target,0.00392156862745098,0.00392156862745098,0.01,1.9360201583911554,1,0,64,254,0.00392156862745098,0.0,False,max_tpr_with_empirical_fpr_le_target,0.00392156862745098,0.00392156862745098,0.001,1.9360201583911554,1,0,64,254,0.00392156862745098,0.0,False,max_tpr_with_empirical_fpr_le_target,32,True,False,1.8488552824534887,1.9479078470425113,0.609375,GALLSTONE,LR,dp,4.0,7
0.43768382352941176,0.011703431372549034,255,64,0.050980392156862744,0.050980392156862744,0.1,0.6116251912413915,13,6,58,242,0.050980392156862744,0.09375,True,max_tpr_with_empirical_fpr_le_target,0.00784313725490196,0.00784313725490196,0.01,2.651508664336565,2,0,64,253,0.00784313725490196,0.0,False,max_tpr_with_empirical_fpr_le_target,0.00784313725490196,0.00784313725490196,0.001,2.651508664336565,2,0,64,253,0.00784313725490196,0.0,False,max_tpr_with_empirical_fpr_le_target,32,True,False,1.987403540861371,2.0049245668491875,0.609375,GALLSTONE,LR,dp,4.0,8
0.4871936274509804,0.05024509803921573,255,64,0.0784313725490196,0.0784313725490196,0.1,0.4640978057617602,20,6,58,235,0.0784313725490196,0.09375,True,max_tpr_with_empirical_fpr_le_target,0.01568627450980392,0.01568627450980392,0.01,1.5712407203121792,4,0,64,251,0.01568627450980392,0.0,False,max_tpr_with_empirical_fpr_le_target,0.01568627450980392,0.01568627450980392,0.001,1.5712407203121792,4,0,64,251,0.01568627450980392,0.0,False,max_tpr_with_empirical_fpr_le_target,32,True,False,1.7871726045816592,1.8473330207226324,0.609375,GALLSTONE,LR,dp,4.0,9
0.537561274509804,0.10134803921568625,255,64,0.1568627450980392,0.1568627450980392,0.1,0.2723938445366869,40,6,58,215,0.1568627450980392,0.09375,True,max_tpr_with_empirical_fpr_le_target,0.0,0.0,0.01,inf,0,0,64,255,0.0,0.0,False,max_tpr_with_empirical_fpr_le_target,0.0,0.0,0.001,inf,0,0,64,255,0.0,0.0,False,max_tpr_with_empirical_fpr_le_target,32,True,False,1.9526823918954073,1.944064220893822,0.609375,GALLSTONE,LR,dp,4.0,10
0.430453431372549,0.015625,255,64,0.047058823529411764,0.047058823529411764,0.1,0.5152671073067543,12,6,58,243,0.047058823529411764,0.09375,True,max_tpr_with_empirical_fpr_le_target,0.00392156862745098,0.00392156862745098,0.01,2.1637222859904455,1,0,64,254,0.00392156862745098,0.0,False,max_tpr_with_empirical_fpr_le_target,0.00392156862745098,0.00392156862745098,0.001,2.1637222859904455,1,0,64,254,0.00392156862745098,0.0,False,max_tpr_with_empirical_fpr_le_target,32,True,False,1.875511118776109,1.9751477032009501,0.609375,GALLSTONE,LR,dp,4.0,11
0.4473039215686274,0.020098039215686286,255,64,0.09019607843137255,0.09019607843137255,0.1,0.46655317861209067,23,6,58,232,0.09019607843137255,0.09375,True,max_tpr_with_empirical_fpr_le_target,0.0196078431372549,0.0196078431372549,0.01,1.3551315905691164,5,0,64,250,0.0196078431372549,0.0,False,max_tpr_with_empirical_fpr_le_target,0.0196078431372549,0.0196078431372549,0.001,1.3551315905691164,5,0,64,250,0.0196078431372549,0.0,False,max_tpr_with_empirical_fpr_le_target,32,True,False,1.9420867003039481,1.9864568145643051,0.609375,GALLSTONE,LR,dp,4.0,12
0.4229166666666667,0.023406862745098067,255,64,0.06666666666666667,0.06666666666666667,0.1,0.43250704246574667,17,6,58,238,0.06666666666666667,0.09375,True,max_tpr_with_empirical_fpr_le_target,0.0,0.0,0.01,inf,0,0,64,255,0.0,0.0,False,max_tpr_with_empirical_fpr_le_target,0.0,0.0,0.001,inf,0,0,64,255,0.0,0.0,False,max_tpr_with_empirical_fpr_le_target,32,True,False,1.852830373902457,2.0028717374609175,0.609375,GALLSTONE,LR,dp,4.0,13
0.474203431372549,0.031188725490196023,255,64,0.11372549019607843,0.11372549019607843,0.1,0.3468837245545142,29,6,58,226,0.11372549019607843,0.09375,True,max_tpr_with_empirical_fpr_le_target,0.00392156862745098,0.00392156862745098,0.01,4.0849369319054585,1,0,64,254,0.00392156862745098,0.0,False,max_tpr_with_empirical_fpr_le_target,0.00392156862745098,0.00392156862745098,0.001,4.0849369319054585,1,0,64,254,0.00392156862745098,0.0,False,max_tpr_with_empirical_fpr_le_target,32,True,False,1.7296472286031797,1.7603967703644425,0.609375,GALLSTONE,LR,dp,4.0,14
0.5718749999999999,0.1655637254901961,255,64,0.15294117647058825,0.15294117647058825,0.1,0.34877209282723864,39,6,58,216,0.15294117647058825,0.09375,True,max_tpr_with_empirical_fpr_le_target,0.00784313725490196,0.00784313725490196,0.01,3.9134153912519443,2,0,64,253,0.00784313725490196,0.0,False,max_tpr_with_empirical_fpr_le_target,0.00784313725490196,0.00784313725490196,0.001,3.9134153912519443,2,0,64,253,0.00784313725490196,0.0,False,max_tpr_with_empirical_fpr_le_target,32,True,False,1.9142935077780754,1.9385522511387894,0.609375,GALLSTONE,LR,dp,4.0,15
0.5904411764705881,0.1784926470588235,255,64,0.2196078431372549,0.2196078431372549,0.1,0.19159677965112332,56,6,58,199,0.2196078431372549,0.09375,True,max_tpr_with_empirical_fpr_le_target,0.0196078431372549,0.0196078431372549,0.01,1.7320268265235867,5,0,64,250,0.0196078431372549,0.0,False,max_tpr_with_empirical_fpr_le_target,0.0196078431372549,0.0196078431372549,0.001,1.7320268265235867,5,0,64,250,0.0196078431372549,0.0,False,max_tpr_with_empirical_fpr_le_target,32,True,False,1.8091964552425714,1.8296366620371112,0.609375,GALLSTONE,LR,dp,4.0,16
0.5205882352941176,0.08382352941176469,255,64,0.09803921568627451,0.09803921568627451,0.1,0.3608431649614756,25,6,58,230,0.09803921568627451,0.09375,True,max_tpr_with_empirical_fpr_le_target,0.011764705882352941,0.011764705882352941,0.01,2.3367464472530592,3,0,64,252,0.011764705882352941,0.0,False,max_tpr_with_empirical_fpr_le_target,0.011764705882352941,0.011764705882352941,0.001,2.3367464472530592,3,0,64,252,0.011764705882352941,0.0,False,max_tpr_with_empirical_fpr_le_target,32,True,False,1.808424786207381,1.9176497260645962,0.609375,GALLSTONE,LR,dp,4.0,17
0.5263480392156862,0.07689950980392157,255,64,0.1450980392156863,0.1450980392156863,0.1,0.2349358749495165,37,6,58,218,0.1450980392156863,0.09375,True,max_tpr_with_empirical_fpr_le_target,0.011764705882352941,0.011764705882352941,0.01,1.9202451732022272,3,0,64,252,0.011764705882352941,0.0,False,max_tpr_with_empirical_fpr_le_target,0.011764705882352941,0.011764705882352941,0.001,1.9202451732022272,3,0,64,252,0.011764705882352941,0.0,False,max_tpr_with_empirical_fpr_le_target,32,True,False,1.8050091994891033,1.8560636704172828,0.609375,GALLSTONE,LR,dp,4.0,18
0.4428308823529412,0.047549019607843135,255,64,0.08627450980392157,0.08627450980392157,0.1,0.5103490177263732,22,6,58,233,0.08627450980392157,0.09375,True,max_tpr_with_empirical_fpr_le_target,0.027450980392156862,0.027450980392156862,0.01,0.9297332503406368,7,0,64,248,0.027450980392156862,0.0,False,max_tpr_with_empirical_fpr_le_target,0.027450980392156862,0.027450980392156862,0.001,0.9297332503406368,7,0,64,248,0.027450980392156862,0.0,False,max_tpr_with_empirical_fpr_le_target,32,True,False,1.8689150517566135,1.995936130152438,0.609375,GALLSTONE,LR,dp,4.0,19
0.541360294117647,0.1436274509803922,255,64,0.10980392156862745,0.10980392156862745,0.1,0.380061459690503,28,6,58,227,0.10980392156862745,0.09375,True,max_tpr_with_empirical_fpr_le_target,0.0,0.0,0.01,inf,0,0,64,255,0.0,0.0,False,max_tpr_with_empirical_fpr_le_target,0.0,0.0,0.001,inf,0,0,64,255,0.0,0.0,False,max_tpr_with_empirical_fpr_le_target,32,True,False,1.860903368610109,1.8789797573915648,0.609375,GALLSTONE,LR,dp,4.0,20
0.5938112745098039,0.17855392156862748,255,64,0.1607843137254902,0.1607843137254902,0.1,0.300088828281454,41,6,58,214,0.1607843137254902,0.09375,True,max_tpr_with_empirical_fpr_le_target,0.07058823529411765,0.07058823529411765,0.01,0.6643666489007631,18,0,64,237,0.07058823529411765,0.0,False,max_tpr_with_empirical_fpr_le_target,0.07058823529411765,0.07058823529411765,0.001,0.6643666489007631,18,0,64,237,0.07058823529411765,0.0,False,max_tpr_with_empirical_fpr_le_target,32,True,False,1.8744534202359735,1.9257202784261818,0.609375,GALLSTONE,LR,dp,4.0,21
0.4784313725490196,0.041605392156862764,255,64,0.11372549019607843,0.11372549019607843,0.1,0.2530347220742506,29,6,58,226,0.11372549019607843,0.09375,True,max_tpr_with_empirical_fpr_le_target,0.00392156862745098,0.00392156862745098,0.01,2.5666096119012884,1,0,64,254,0.00392156862745098,0.0,False,max_tpr_with_empirical_fpr_le_target,0.00392156862745098,0.00392156862745098,0.001,2.5666096119012884,1,0,64,254,0.00392156862745098,0.0,False,max_tpr_with_empirical_fpr_le_target,32,True,False,1.810695493565399,1.891346774427279,0.609375,GALLSTONE,LR,dp,4.0,22
0.5221813725490195,0.08118872549019607,255,64,0.13333333333333333,0.13333333333333333,0.1,0.34163040328836347,34,6,58,221,0.13333333333333333,0.09375,True,max_tpr_with_empirical_fpr_le_target,0.00392156862745098,0.00392156862745098,0.01,3.095116236613264,1,0,64,254,0.00392156862745098,0.0,False,max_tpr_with_empirical_fpr_le_target,0.00392156862745098,0.00392156862745098,0.001,3.095116236613264,1,0,64,254,0.00392156862745098,0.0,False,max_tpr_with_empirical_fpr_le_target,32,True,False,1.9359227613250023,2.003710423654769,0.609375,GALLSTONE,LR,dp,4.0,23
0.504779411764706,0.08321078431372547,255,64,0.054901960784313725,0.054901960784313725,0.1,0.5494046062990359,14,6,58,241,0.054901960784313725,0.09375,True,max_tpr_with_empirical_fpr_le_target,0.00784313725490196,0.00784313725490196,0.01,1.9022877731847228,2,0,64,253,0.00784313725490196,0.0,False,max_tpr_with_empirical_fpr_le_target,0.00784313725490196,0.00784313725490196,0.001,1.9022877731847228,2,0,64,253,0.00784313725490196,0.0,False,max_tpr_with_empirical_fpr_le_target,32,True,False,1.965783704128858,2.000715418788446,0.609375,GALLSTONE,LR,dp,4.0,24
0.5314338235294118,0.12377450980392157,255,64,0.0784313725490196,0.0784313725490196,0.1,0.3999200463717014,20,6,58,235,0.0784313725490196,0.09375,True,max_tpr_with_empirical_fpr_le_target,0.0,0.0,0.01,inf,0,0,64,255,0.0,0.0,False,max_tpr_with_empirical_fpr_le_target,0.0,0.0,0.001,inf,0,0,64,255,0.0,0.0,False,max_tpr_with_empirical_fpr_le_target,32,True,False,1.7997181718862112,1.962142087071841,0.609375,GALLSTONE,LR,dp,4.0,25
0.48811274509803926,0.042953431372549034,255,64,0.10588235294117647,0.10588235294117647,0.1,0.34439535619727124,27,6,58,228,0.10588235294117647,0.09375,True,max_tpr_with_empirical_fpr_le_target,0.011764705882352941,0.011764705882352941,0.01,1.54428853725668,3,0,64,252,0.011764705882352941,0.0,False,max_tpr_with_empirical_fpr_le_target,0.011764705882352941,0.011764705882352941,0.001,1.54428853725668,3,0,64,252,0.011764705882352941,0.0,False,max_tpr_with_empirical_fpr_le_target,32,True,False,1.6805731269952169,1.7753723334074096,0.609375,GALLSTONE,LR,dp,4.0,26
0.43829656862745103,0.03952205882352941,255,64,0.11764705882352941,0.11764705882352941,0.1,0.33883418225948203,30,5,59,225,0.11764705882352941,0.078125,True,max_tpr_with_empirical_fpr_le_target,0.00784313725490196,0.00784313725490196,0.01,1.580615961732259,2,0,64,253,0.00784313725490196,0.0,False,max_tpr_with_empirical_fpr_le_target,0.00784313725490196,0.00784313725490196,0.001,1.580615961732259,2,0,64,253,0.00784313725490196,0.0,False,max_tpr_with_empirical_fpr_le_target,32,True,False,1.9319646460093098,2.042777860805263,0.609375,GALLSTONE,LR,dp,4.0,27
0.3967524509803922,0.015625,255,64,0.07058823529411765,0.07058823529411765,0.1,0.39788409717141526,18,6,58,237,0.07058823529411765,0.09375,True,max_tpr_with_empirical_fpr_le_target,0.0,0.0,0.01,inf,0,0,64,255,0.0,0.0,False,max_tpr_with_empirical_fpr_le_target,0.0,0.0,0.001,inf,0,0,64,255,0.0,0.0,False,max_tpr_with_empirical_fpr_le_target,32,True,False,1.8298098513533085,1.9218171505559691,0.609375,GALLSTONE,LR,dp,4.0,28
0.5314338235294118,0.14693627450980395,255,64,0.09411764705882353,0.09411764705882353,0.1,0.5702643001271412,24,5,59,231,0.09411764705882353,0.078125,True,max_tpr_with_empirical_fpr_le_target,0.01568627450980392,0.01568627450980392,0.01,2.31920764600999,4,0,64,251,0.01568627450980392,0.0,False,max_tpr_with_empirical_fpr_le_target,0.01568627450980392,0.01568627450980392,0.001,2.31920764600999,4,0,64,251,0.01568627450980392,0.0,False,max_tpr_with_empirical_fpr_le_target,32,True,False,1.8742234258455988,1.8659027403470454,0.609375,GALLSTONE,LR,dp,4.0,29
0.4963235294117647,0.12781862745098038,255,64,0.09019607843137255,0.09019607843137255,0.1,0.47492042667048184,23,5,59,232,0.09019607843137255,0.078125,True,max_tpr_with_empirical_fpr_le_target,0.03137254901960784,0.03137254901960784,0.01,1.1896397029857395,8,0,64,247,0.03137254901960784,0.0,False,max_tpr_with_empirical_fpr_le_target,0.03137254901960784,0.03137254901960784,0.001,1.1896397029857395,8,0,64,247,0.03137254901960784,0.0,False,max_tpr_with_empirical_fpr_le_target,32,True,False,0.8115520936616839,0.8437833216271885,0.640625,GALLSTONE,LR,dp,8.0,0
0.522610294117647,0.09724264705882357,255,64,0.10980392156862745,0.10980392156862745,0.1,0.33385599631465923,28,6,58,227,0.10980392156862745,0.09375,True,max_tpr_with_empirical_fpr_le_target,0.0,0.0,0.01,inf,0,0,64,255,0.0,0.0,False,max_tpr_with_empirical_fpr_le_target,0.0,0.0,0.001,inf,0,0,64,255,0.0,0.0,False,max_tpr_with_empirical_fpr_le_target,32,True,False,0.7892457626456965,0.8267073830783545,0.640625,GALLSTONE,LR,dp,8.0,1
0.5141544117647059,0.10392156862745094,255,64,0.12549019607843137,0.12549019607843137,0.1,0.28301595193413864,32,6,58,223,0.12549019607843137,0.09375,True,max_tpr_with_empirical_fpr_le_target,0.03137254901960784,0.03137254901960784,0.01,0.9263185415946871,8,0,64,247,0.03137254901960784,0.0,False,max_tpr_with_empirical_fpr_le_target,0.03137254901960784,0.03137254901960784,0.001,0.9263185415946871,8,0,64,247,0.03137254901960784,0.0,False,max_tpr_with_empirical_fpr_le_target,32,True,False,0.7924844165162194,0.8493924807804742,0.640625,GALLSTONE,LR,dp,8.0,2
0.5607843137254901,0.15484068627450975,255,64,0.10196078431372549,0.10196078431372549,0.1,0.4126676639744944,26,6,58,229,0.10196078431372549,0.09375,True,max_tpr_with_empirical_fpr_le_target,0.027450980392156862,0.027450980392156862,0.01,0.9947514251478449,7,0,64,248,0.027450980392156862,0.0,False,max_tpr_with_empirical_fpr_le_target,0.027450980392156862,0.027450980392156862,0.001,0.9947514251478449,7,0,64,248,0.027450980392156862,0.0,False,max_tpr_with_empirical_fpr_le_target,32,True,False,0.7956416496392192,0.8182834060635742,0.640625,GALLSTONE,LR,dp,8.0,3
0.46176470588235297,0.031188725490196023,255,64,0.06274509803921569,0.06274509803921569,0.1,0.5750567748793864,16,4,60,239,0.06274509803921569,0.0625,True,max_tpr_with_empirical_fpr_le_target,0.01568627450980392,0.01568627450980392,0.01,1.2910233847291077,4,0,64,251,0.01568627450980392,0.0,False,max_tpr_with_empirical_fpr_le_target,0.01568627450980392,0.01568627450980392,0.001,1.2910233847291077,4,0,64,251,0.01568627450980392,0.0,False,max_tpr_with_empirical_fpr_le_target,32,True,False,0.8439021941718653,0.8579440517162745,0.640625,GALLSTONE,LR,dp,8.0,4
0.4997549019607843,0.06305147058823529,255,64,0.1411764705882353,0.1411764705882353,0.1,0.2755738497829756,36,5,59,219,0.1411764705882353,0.078125,True,max_tpr_with_empirical_fpr_le_target,0.00392156862745098,0.00392156862745098,0.01,4.671000075890077,1,0,64,254,0.00392156862745098,0.0,False,max_tpr_with_empirical_fpr_le_target,0.00392156862745098,0.00392156862745098,0.001,4.671000075890077,1,0,64,254,0.00392156862745098,0.0,False,max_tpr_with_empirical_fpr_le_target,32,True,False,0.7956793455377764,0.8623846473137088,0.640625,GALLSTONE,LR,dp,8.0,5
0.45526960784313725,0.025919117647058787,255,64,0.050980392156862744,0.050980392156862744,0.1,0.4411375912759873,13,6,58,242,0.050980392156862744,0.09375,True,max_tpr_with_empirical_fpr_le_target,0.00784313725490196,0.00784313725490196,0.01,1.4398971571399606,2,0,64,253,0.00784313725490196,0.0,False,max_tpr_with_empirical_fpr_le_target,0.00784313725490196,0.00784313725490196,0.001,1.4398971571399606,2,0,64,253,0.00784313725490196,0.0,False,max_tpr_with_empirical_fpr_le_target,32,True,False,0.8049950839918109,0.8953298891377794,0.640625,GALLSTONE,LR,dp,8.0,6
0.4625,0.023406862745098067,255,64,0.054901960784313725,0.054901960784313725,0.1,0.5511379991360741,14,5,59,241,0.054901960784313725,0.078125,True,max_tpr_with_empirical_fpr_le_target,0.0196078431372549,0.0196078431372549,0.01,1.4027451758243354,5,0,64,250,0.0196078431372549,0.0,False,max_tpr_with_empirical_fpr_le_target,0.0196078431372549,0.0196078431372549,0.001,1.4027451758243354,5,0,64,250,0.0196078431372549,0.0,False,max_tpr_with_empirical_fpr_le_target,32,True,False,0.796262150736669,0.8513104159206675,0.640625,GALLSTONE,LR,dp,8.0,7
0.42242647058823535,0.012071078431372548,255,64,0.09019607843137255,0.09019607843137255,0.1,0.4110319960918881,23,5,59,232,0.09019607843137255,0.078125,True,max_tpr_with_empirical_fpr_le_target,0.00784313725490196,0.00784313725490196,0.01,2.588197427247949,2,0,64,253,0.00784313725490196,0.0,False,max_tpr_with_empirical_fpr_le_target,0.00784313725490196,0.00784313725490196,0.001,2.588197427247949,2,0,64,253,0.00784313725490196,0.0,False,max_tpr_with_empirical_fpr_le_target,32,True,False,0.841402316952128,0.8596594225936574,0.640625,GALLSTONE,LR,dp,8.0,8
0.4897671568627451,0.04957107843137254,255,64,0.09803921568627451,0.09803921568627451,0.1,0.4172174581852637,25,6,58,230,0.09803921568627451,0.09375,True,max_tpr_with_empirical_fpr_le_target,0.03529411764705882,0.03529411764705882,0.01,1.0764846011807119,9,0,64,246,0.03529411764705882,0.0,False,max_tpr_with_empirical_fpr_le_target,0.03529411764705882,0.03529411764705882,0.001,1.0764846011807119,9,0,64,246,0.03529411764705882,0.0,False,max_tpr_with_empirical_fpr_le_target,32,True,False,0.7770279829149925,0.810742436787146,0.640625,GALLSTONE,LR,dp,8.0,9
0.5303921568627452,0.09534313725490196,255,64,0.13725490196078433,0.13725490196078433,0.1,0.37309090045122617,35,6,58,220,0.13725490196078433,0.09375,True,max_tpr_with_empirical_fpr_le_target,0.0,0.0,0.01,inf,0,0,64,255,0.0,0.0,False,max_tpr_with_empirical_fpr_le_target,0.0,0.0,0.001,inf,0,0,64,255,0.0,0.0,False,max_tpr_with_empirical_fpr_le_target,32,True,False,0.8315195772253896,0.8439680824263126,0.640625,GALLSTONE,LR,dp,8.0,10
0.42800245098039214,0.019117647058823573,255,64,0.09019607843137255,0.09019607843137255,0.1,0.33110225950218,23,6,58,232,0.09019607843137255,0.09375,True,max_tpr_with_empirical_fpr_le_target,0.0,0.0,0.01,inf,0,0,64,255,0.0,0.0,False,max_tpr_with_empirical_fpr_le_target,0.0,0.0,0.001,inf,0,0,64,255,0.0,0.0,False,max_tpr_with_empirical_fpr_le_target,32,True,False,0.8021036548206987,0.8513640148177495,0.640625,GALLSTONE,LR,dp,8.0,11
0.4661151960784314,0.031495098039215685,255,64,0.12156862745098039,0.12156862745098039,0.1,0.346630488269803,31,6,58,224,0.12156862745098039,0.09375,True,max_tpr_with_empirical_fpr_le_target,0.00392156862745098,0.00392156862745098,0.01,5.058339445922348,1,0,64,254,0.00392156862745098,0.0,False,max_tpr_with_empirical_fpr_le_target,0.00392156862745098,0.00392156862745098,0.001,5.058339445922348,1,0,64,254,0.00392156862745098,0.0,False,max_tpr_with_empirical_fpr_le_target,32,True,False,0.8230927572650684,0.8554385009967134,0.640625,GALLSTONE,LR,dp,8.0,12
0.4428921568627451,0.027328431372549034,255,64,0.07058823529411765,0.07058823529411765,0.1,0.3973123779700465,18,5,59,237,0.07058823529411765,0.078125,True,max_tpr_with_empirical_fpr_le_target,0.00392156862745098,0.00392156862745098,0.01,1.3656509618788677,1,0,64,254,0.00392156862745098,0.0,False,max_tpr_with_empirical_fpr_le_target,0.00392156862745098,0.00392156862745098,0.001,1.3656509618788677,1,0,64,254,0.00392156862745098,0.0,False,max_tpr_with_empirical_fpr_le_target,32,True,False,0.7903206971908293,0.8687628767078801,0.640625,GALLSTONE,LR,dp,8.0,13
0.4771446078431372,0.03174019607843137,255,64,0.12549019607843137,0.12549019607843137,0.1,0.2867658919165732,32,6,58,223,0.12549019607843137,0.09375,True,max_tpr_with_empirical_fpr_le_target,0.0,0.0,0.01,inf,0,0,64,255,0.0,0.0,False,max_tpr_with_empirical_fpr_le_target,0.0,0.0,0.001,inf,0,0,64,255,0.0,0.0,False,max_tpr_with_empirical_fpr_le_target,32,True,False,0.7422593480641321,0.7640123794535171,0.640625,GALLSTONE,LR,dp,8.0,14
0.5581495098039215,0.161703431372549,255,64,0.12156862745098039,0.12156862745098039,0.1,0.4489476514457067,31,6,58,224,0.12156862745098039,0.09375,True,max_tpr_with_empirical_fpr_le_target,0.00784313725490196,0.00784313725490196,0.01,3.853129972270959,2,0,64,253,0.00784313725490196,0.0,False,max_tpr_with_empirical_fpr_le_target,0.00784313725490196,0.00784313725490196,0.001,3.853129972270959,2,0,64,253,0.00784313725490196,0.0,False,max_tpr_with_empirical_fpr_le_target,32,True,False,0.8175741944602157,0.8340644602880405,0.640625,GALLSTONE,LR,dp,8.0,15
0.574203431372549,0.17855392156862748,255,64,0.16470588235294117,0.16470588235294117,0.1,0.2786776370733173,42,4,60,213,0.16470588235294117,0.0625,True,max_tpr_with_empirical_fpr_le_target,0.00784313725490196,0.00784313725490196,0.01,2.3706954444412123,2,0,64,253,0.00784313725490196,0.0,False,max_tpr_with_empirical_fpr_le_target,0.00784313725490196,0.00784313725490196,0.001,2.3706954444412123,2,0,64,253,0.00784313725490196,0.0,False,max_tpr_with_empirical_fpr_le_target,32,True,False,0.7870688663631402,0.8034168076606488,0.640625,GALLSTONE,LR,dp,8.0,16
0.5175245098039216,0.06317401960784313,255,64,0.10980392156862745,0.10980392156862745,0.1,0.38966924907929734,28,6,58,227,0.10980392156862745,0.09375,True,max_tpr_with_empirical_fpr_le_target,0.011764705882352941,0.011764705882352941,0.01,1.9429240663743226,3,0,64,252,0.011764705882352941,0.0,False,max_tpr_with_empirical_fpr_le_target,0.011764705882352941,0.011764705882352941,0.001,1.9429240663743226,3,0,64,252,0.011764705882352941,0.0,False,max_tpr_with_empirical_fpr_le_target,32,True,False,0.7728464345922419,0.831437218842134,0.640625,GALLSTONE,LR,dp,8.0,17
0.5165441176470588,0.083578431372549,255,64,0.15294117647058825,0.15294117647058825,0.1,0.24305499881048043,39,6,58,216,0.15294117647058825,0.09375,True,max_tpr_with_empirical_fpr_le_target,0.01568627450980392,0.01568627450980392,0.01,1.2983995846133265,4,0,64,251,0.01568627450980392,0.0,False,max_tpr_with_empirical_fpr_le_target,0.01568627450980392,0.01568627450980392,0.001,1.2983995846133265,4,0,64,251,0.01568627450980392,0.0,False,max_tpr_with_empirical_fpr_le_target,32,True,False,0.7663406325289868,0.801682593862264,0.640625,GALLSTONE,LR,dp,8.0,18
0.45955882352941174,0.04338235294117647,255,64,0.12156862745098039,0.12156862745098039,0.1,0.32802595823171865,31,6,58,224,0.12156862745098039,0.09375,True,max_tpr_with_empirical_fpr_le_target,0.00784313725490196,0.00784313725490196,0.01,1.3694804449879028,2,0,64,253,0.00784313725490196,0.0,False,max_tpr_with_empirical_fpr_le_target,0.00784313725490196,0.00784313725490196,0.001,1.3694804449879028,2,0,64,253,0.00784313725490196,0.0,False,max_tpr_with_empirical_fpr_le_target,32,True,False,0.7963022084327902,0.859508183989113,0.640625,GALLSTONE,LR,dp,8.0,19
0.5432598039215686,0.17095588235294112,255,64,0.10980392156862745,0.10980392156862745,0.1,0.4021081888580229,28,5,59,227,0.10980392156862745,0.078125,True,max_tpr_with_empirical_fpr_le_target,0.00784313725490196,0.00784313725490196,0.01,1.5368722715712075,2,0,64,253,0.00784313725490196,0.0,False,max_tpr_with_empirical_fpr_le_target,0.00784313725490196,0.00784313725490196,0.001,1.5368722715712075,2,0,64,253,0.00784313725490196,0.0,False,max_tpr_with_empirical_fpr_le_target,32,True,False,0.7933139922231327,0.8094556260285667,0.640625,GALLSTONE,LR,dp,8.0,20
0.5767156862745098,0.13106617647058827,255,64,0.19215686274509805,0.19215686274509805,0.1,0.23912070791838447,49,6,58,206,0.19215686274509805,0.09375,True,max_tpr_with_empirical_fpr_le_target,0.0392156862745098,0.0392156862745098,0.01,0.9853904515954615,10,0,64,245,0.0392156862745098,0.0,False,max_tpr_with_empirical_fpr_le_target,0.0392156862745098,0.0392156862745098,0.001,0.9853904515954615,10,0,64,245,0.0392156862745098,0.0,False,max_tpr_with_empirical_fpr_le_target,32,True,False,0.7982812865151302,0.8287231275996801,0.640625,GALLSTONE,LR,dp,8.0,21
0.4724877450980392,0.025061274509803944,255,64,0.09803921568627451,0.09803921568627451,0.1,0.3212281587398391,25,6,58,230,0.09803921568627451,0.09375,True,max_tpr_with_empirical_fpr_le_target,0.00392156862745098,0.00392156862745098,0.01,2.7013232550238584,1,0,64,254,0.00392156862745098,0.0,False,max_tpr_with_empirical_fpr_le_target,0.00392156862745098,0.00392156862745098,0.001,2.7013232550238584,1,0,64,254,0.00392156862745098,0.0,False,max_tpr_with_empirical_fpr_le_target,32,True,False,0.7794268462833486,0.8224910260729732,0.640625,GALLSTONE,LR,dp,8.0,22
0.5337622549019607,0.12040441176470584,255,64,0.16862745098039217,0.16862745098039217,0.1,0.27357948520095254,43,6,58,212,0.16862745098039217,0.09375,True,max_tpr_with_empirical_fpr_le_target,0.00784313725490196,0.00784313725490196,0.01,2.832250747302301,2,0,64,253,0.00784313725490196,0.0,False,max_tpr_with_empirical_fpr_le_target,0.00784313725490196,0.00784313725490196,0.001,2.832250747302301,2,0,64,253,0.00784313725490196,0.0,False,max_tpr_with_empirical_fpr_le_target,32,True,False,0.8185060630908063,0.8568895351652975,0.640625,GALLSTONE,LR,dp,8.0,23
0.49846813725490197,0.06348039215686274,255,64,0.08627450980392157,0.08627450980392157,0.1,0.488134342391054,22,6,58,233,0.08627450980392157,0.09375,True,max_tpr_with_empirical_fpr_le_target,0.00784313725490196,0.00784313725490196,0.01,2.3630732159698633,2,0,64,253,0.00784313725490196,0.0,False,max_tpr_with_empirical_fpr_le_target,0.00784313725490196,0.00784313725490196,0.001,2.3630732159698633,2,0,64,253,0.00784313725490196,0.0,False,max_tpr_with_empirical_fpr_le_target,32,True,False,0.831375339689622,0.860343844205017,0.640625,GALLSTONE,LR,dp,8.0,24
0.5037377450980393,0.053492647058823506,255,64,0.09803921568627451,0.09803921568627451,0.1,0.3592432179737184,25,6,58,230,0.09803921568627451,0.09375,True,max_tpr_with_empirical_fpr_le_target,0.0,0.0,0.01,inf,0,0,64,255,0.0,0.0,False,max_tpr_with_empirical_fpr_le_target,0.0,0.0,0.001,inf,0,0,64,255,0.0,0.0,False,max_tpr_with_empirical_fpr_le_target,32,True,False,0.7602133013921453,0.8413769920577941,0.640625,GALLSTONE,LR,dp,8.0,25
0.47506127450980395,0.042953431372549034,255,64,0.10588235294117647,0.10588235294117647,0.1,0.3224714755980944,27,6,58,228,0.10588235294117647,0.09375,True,max_tpr_with_empirical_fpr_le_target,0.01568627450980392,0.01568627450980392,0.01,1.5580834122216964,4,0,64,251,0.01568627450980392,0.0,False,max_tpr_with_empirical_fpr_le_target,0.01568627450980392,0.01568627450980392,0.001,1.5580834122216964,4,0,64,251,0.01568627450980392,0.0,False,max_tpr_with_empirical_fpr_le_target,32,True,False,0.7191091044768587,0.7729048378144691,0.640625,GALLSTONE,LR,dp,8.0,26
0.4468137254901961,0.05147058823529413,255,64,0.1411764705882353,0.1411764705882353,0.1,0.34773313890388935,36,6,58,219,0.1411764705882353,0.09375,True,max_tpr_with_empirical_fpr_le_target,0.00784313725490196,0.00784313725490196,0.01,1.3077038289009166,2,0,64,253,0.00784313725490196,0.0,False,max_tpr_with_empirical_fpr_le_target,0.00784313725490196,0.00784313725490196,0.001,1.3077038289009166,2,0,64,253,0.00784313725490196,0.0,False,max_tpr_with_empirical_fpr_le_target,32,True,False,0.8240830619680725,0.8768278144440653,0.640625,GALLSTONE,LR,dp,8.0,27
0.38651960784313727,0.015625,255,64,0.08235294117647059,0.08235294117647059,0.1,0.4283265489328123,21,6,58,234,0.08235294117647059,0.09375,True,max_tpr_with_empirical_fpr_le_target,0.0,0.0,0.01,inf,0,0,64,255,0.0,0.0,False,max_tpr_with_empirical_fpr_le_target,0.0,0.0,0.001,inf,0,0,64,255,0.0,0.0,False,max_tpr_with_empirical_fpr_le_target,32,True,False,0.7790849016017986,0.8271205822330542,0.640625,GALLSTONE,LR,dp,8.0,28
0.5128063725490196,0.07591911764705883,255,64,0.11764705882352941,0.11764705882352941,0.1,0.42881462236416135,30,6,58,225,0.11764705882352941,0.09375,True,max_tpr_with_empirical_fpr_le_target,0.01568627450980392,0.01568627450980392,0.01,2.13744523998448,4,0,64,251,0.01568627450980392,0.0,False,max_tpr_with_empirical_fpr_le_target,0.01568627450980392,0.01568627450980392,0.001,2.13744523998448,4,0,64,251,0.01568627450980392,0.0,False,max_tpr_with_empirical_fpr_le_target,32,True,False,0.7973006052716537,0.8029467494842935,0.640625,GALLSTONE,LR,dp,8.0,29
0.4923406862745098,0.10827205882352942,255,64,0.08627450980392157,0.08627450980392157,0.1,0.4518624497142585,22,6,58,233,0.08627450980392157,0.09375,True,max_tpr_with_empirical_fpr_le_target,0.03137254901960784,0.03137254901960784,0.01,1.2793326736563593,8,0,64,247,0.03137254901960784,0.0,False,max_tpr_with_empirical_fpr_le_target,0.03137254901960784,0.03137254901960784,0.001,1.2793326736563593,8,0,64,247,0.03137254901960784,0.0,False,max_tpr_with_empirical_fpr_le_target,32,True,False,0.6386791437210512,0.6646027861864618,0.65625,GALLSTONE,LR,dp,10.0,0
0.5251225490196079,0.09724264705882357,255,64,0.10588235294117647,0.10588235294117647,0.1,0.31730046774214427,27,6,58,228,0.10588235294117647,0.09375,True,max_tpr_with_empirical_fpr_le_target,0.0,0.0,0.01,inf,0,0,64,255,0.0,0.0,False,max_tpr_with_empirical_fpr_le_target,0.0,0.0,0.001,inf,0,0,64,255,0.0,0.0,False,max_tpr_with_empirical_fpr_le_target,32,True,False,0.6210800538641627,0.651195129111059,0.65625,GALLSTONE,LR,dp,10.0,1
0.5024509803921569,0.06102941176470589,255,64,0.11764705882352941,0.11764705882352941,0.1,0.3243258266780289,30,5,59,225,0.11764705882352941,0.078125,True,max_tpr_with_empirical_fpr_le_target,0.03137254901960784,0.03137254901960784,0.01,0.8396622219918721,8,0,64,247,0.03137254901960784,0.0,False,max_tpr_with_empirical_fpr_le_target,0.03137254901960784,0.03137254901960784,0.001,0.8396622219918721,8,0,64,247,0.03137254901960784,0.0,False,max_tpr_with_empirical_fpr_le_target,32,True,False,0.625393143597945,0.6696909568258858,0.65625,GALLSTONE,LR,dp,10.0,2
0.5517156862745097,0.14258578431372548,255,64,0.09803921568627451,0.09803921568627451,0.1,0.38836231659899223,25,6,58,230,0.09803921568627451,0.09375,True,max_tpr_with_empirical_fpr_le_target,0.023529411764705882,0.023529411764705882,0.01,1.121833921609889,6,0,64,249,0.023529411764705882,0.0,False,max_tpr_with_empirical_fpr_le_target,0.023529411764705882,0.023529411764705882,0.001,1.121833921609889,6,0,64,249,0.023529411764705882,0.0,False,max_tpr_with_empirical_fpr_le_target,32,True,False,0.6217441611926159,0.6424002469750485,0.65625,GALLSTONE,LR,dp,10.0,3
0.4628676470588235,0.031188725490196023,255,64,0.058823529411764705,0.058823529411764705,0.1,0.5552241846863712,15,6,58,240,0.058823529411764705,0.09375,True,max_tpr_with_empirical_fpr_le_target,0.027450980392156862,0.027450980392156862,0.01,1.1584904158270533,7,0,64,248,0.027450980392156862,0.0,False,max_tpr_with_empirical_fpr_le_target,0.027450980392156862,0.027450980392156862,0.001,1.1584904158270533,7,0,64,248,0.027450980392156862,0.0,False,max_tpr_with_empirical_fpr_le_target,32,True,False,0.6654053955443323,0.678711732842789,0.65625,GALLSTONE,LR,dp,10.0,4
0.5052083333333334,0.06415441176470588,255,64,0.13725490196078433,0.13725490196078433,0.1,0.28678144605789146,35,5,59,220,0.13725490196078433,0.078125,True,max_tpr_with_empirical_fpr_le_target,0.00392156862745098,0.00392156862745098,0.01,4.7238525019515425,1,0,64,254,0.00392156862745098,0.0,False,max_tpr_with_empirical_fpr_le_target,0.00392156862745098,0.00392156862745098,0.001,4.7238525019515425,1,0,64,254,0.00392156862745098,0.0,False,max_tpr_with_empirical_fpr_le_target,32,True,False,0.6275287636404129,0.6821381182449998,0.65625,GALLSTONE,LR,dp,10.0,5
0.4610906862745098,0.029840686274509753,255,64,0.058823529411764705,0.058823529411764705,0.1,0.45676458169571776,15,5,59,240,0.058823529411764705,0.078125,True,max_tpr_with_empirical_fpr_le_target,0.00784313725490196,0.00784313725490196,0.01,1.4999973538573719,2,0,64,253,0.00784313725490196,0.0,False,max_tpr_with_empirical_fpr_le_target,0.00784313725490196,0.00784313725490196,0.001,1.4999973538573719,2,0,64,253,0.00784313725490196,0.0,False,max_tpr_with_empirical_fpr_le_target,32,True,False,0.6361309196955878,0.7079553529157414,0.65625,GALLSTONE,LR,dp,10.0,6
0.4608455882352941,0.025245098039215708,255,64,0.058823529411764705,0.058823529411764705,0.1,0.5543565840629534,15,6,58,240,0.058823529411764705,0.09375,True,max_tpr_with_empirical_fpr_le_target,0.0196078431372549,0.0196078431372549,0.01,1.4199736983124063,5,0,64,250,0.0196078431372549,0.0,False,max_tpr_with_empirical_fpr_le_target,0.0196078431372549,0.0196078431372549,0.001,1.4199736983124063,5,0,64,250,0.0196078431372549,0.0,False,max_tpr_with_empirical_fpr_le_target,32,True,False,0.631462885608365,0.6775040842040664,0.65625,GALLSTONE,LR,dp,10.0,7
0.42610294117647063,0.012316176470588247,255,64,0.08235294117647059,0.08235294117647059,0.1,0.43255857748391613,21,5,59,234,0.08235294117647059,0.078125,True,max_tpr_with_empirical_fpr_le_target,0.00784313725490196,0.00784313725490196,0.01,2.587531402164919,2,0,64,253,0.00784313725490196,0.0,False,max_tpr_with_empirical_fpr_le_target,0.00784313725490196,0.00784313725490196,0.001,2.587531402164919,2,0,64,253,0.00784313725490196,0.0,False,max_tpr_with_empirical_fpr_le_target,32,True,False,0.6623499032991776,0.6788423155834765,0.65625,GALLSTONE,LR,dp,10.0,8
0.490625,0.05600490196078434,255,64,0.09411764705882353,0.09411764705882353,0.1,0.46260899486461615,24,6,58,231,0.09411764705882353,0.09375,True,max_tpr_with_empirical_fpr_le_target,0.03529411764705882,0.03529411764705882,0.01,1.0936542378621308,9,0,64,246,0.03529411764705882,0.0,False,max_tpr_with_empirical_fpr_le_target,0.03529411764705882,0.03529411764705882,0.001,1.0936542378621308,9,0,64,246,0.03529411764705882,0.0,False,max_tpr_with_empirical_fpr_le_target,32,True,False,0.6156418469581099,0.6434316495560684,0.65625,GALLSTONE,LR,dp,10.0,9
0.5227941176470589,0.09344362745098034,255,64,0.12156862745098039,0.12156862745098039,0.1,0.39452638243411287,31,6,58,224,0.12156862745098039,0.09375,True,max_tpr_with_empirical_fpr_le_target,0.0,0.0,0.01,inf,0,0,64,255,0.0,0.0,False,max_tpr_with_empirical_fpr_le_target,0.0,0.0,0.001,inf,0,0,64,255,0.0,0.0,False,max_tpr_with_empirical_fpr_le_target,32,True,False,0.6550540317178819,0.6686101377767321,0.65625,GALLSTONE,LR,dp,10.0,10
0.42604166666666665,0.030514705882352944,255,64,0.09803921568627451,0.09803921568627451,0.1,0.3061428982716154,25,6,58,230,0.09803921568627451,0.09375,True,max_tpr_with_empirical_fpr_le_target,0.0,0.0,0.01,inf,0,0,64,255,0.0,0.0,False,max_tpr_with_empirical_fpr_le_target,0.0,0.0,0.001,inf,0,0,64,255,0.0,0.0,False,max_tpr_with_empirical_fpr_le_target,32,True,False,0.634168617580755,0.6730733616190412,0.65625,GALLSTONE,LR,dp,10.0,11
0.47009803921568627,0.027696078431372548,255,64,0.10196078431372549,0.10196078431372549,0.1,0.424359228487051,26,5,59,229,0.10196078431372549,0.078125,True,max_tpr_with_empirical_fpr_le_target,0.00392156862745098,0.00392156862745098,0.01,4.908943743303118,1,0,64,254,0.00392156862745098,0.0,False,max_tpr_with_empirical_fpr_le_target,0.00392156862745098,0.00392156862745098,0.001,4.908943743303118,1,0,64,254,0.00392156862745098,0.0,False,max_tpr_with_empirical_fpr_le_target,32,True,False,0.6469277964478629,0.6762341534086038,0.65625,GALLSTONE,LR,dp,10.0,12
0.44522058823529415,0.027328431372549034,255,64,0.0784313725490196,0.0784313725490196,0.1,0.3847807478577807,20,6,58,235,0.0784313725490196,0.09375,True,max_tpr_with_empirical_fpr_le_target,0.00392156862745098,0.00392156862745098,0.01,1.5321301503425393,1,0,64,254,0.00392156862745098,0.0,False,max_tpr_with_empirical_fpr_le_target,0.00392156862745098,0.00392156862745098,0.001,1.5321301503425393,1,0,64,254,0.00392156862745098,0.0,False,max_tpr_with_empirical_fpr_le_target,32,True,False,0.6231491930586482,0.6842185828592928,0.65625,GALLSTONE,LR,dp,10.0,13
0.46758578431372544,0.03578431372549021,255,64,0.10196078431372549,0.10196078431372549,0.1,0.33065211885810775,26,6,58,229,0.10196078431372549,0.09375,True,max_tpr_with_empirical_fpr_le_target,0.0,0.0,0.01,inf,0,0,64,255,0.0,0.0,False,max_tpr_with_empirical_fpr_le_target,0.0,0.0,0.001,inf,0,0,64,255,0.0,0.0,False,max_tpr_with_empirical_fpr_le_target,32,True,False,0.5865495971562422,0.6048412726447446,0.65625,GALLSTONE,LR,dp,10.0,14
0.5563725490196079,0.19313725490196076,255,64,0.10980392156862745,0.10980392156862745,0.1,0.500423696486998,28,6,58,227,0.10980392156862745,0.09375,True,max_tpr_with_empirical_fpr_le_target,0.00784313725490196,0.00784313725490196,0.01,3.675245728252883,2,0,64,253,0.00784313725490196,0.0,False,max_tpr_with_empirical_fpr_le_target,0.00784313725490196,0.00784313725490196,0.001,3.675245728252883,2,0,64,253,0.00784313725490196,0.0,False,max_tpr_with_empirical_fpr_le_target,32,True,False,0.6427816142394844,0.6569669930035565,0.65625,GALLSTONE,LR,dp,10.0,15
0.5610294117647059,0.15147058823529413,255,64,0.16862745098039217,0.16862745098039217,0.1,0.26281774626735754,43,6,58,212,0.16862745098039217,0.09375,True,max_tpr_with_empirical_fpr_le_target,0.011764705882352941,0.011764705882352941,0.01,2.268030838643776,3,0,64,252,0.011764705882352941,0.0,False,max_tpr_with_empirical_fpr_le_target,0.011764705882352941,0.011764705882352941,0.001,2.268030838643776,3,0,64,252,0.011764705882352941,0.0,False,max_tpr_with_empirical_fpr_le_target,32,True,False,0.6253602704699633,0.6395833362034855,0.65625,GALLSTONE,LR,dp,10.0,16
0.521875,0.08792892156862742,255,64,0.10588235294117647,0.10588235294117647,0.1,0.3996225002164815,27,6,58,228,0.10588235294117647,0.09375,True,max_tpr_with_empirical_fpr_le_target,0.011764705882352941,0.011764705882352941,0.01,1.9539060553850156,3,0,64,252,0.011764705882352941,0.0,False,max_tpr_with_empirical_fpr_le_target,0.011764705882352941,0.011764705882352941,0.001,1.9539060553850156,3,0,64,252,0.011764705882352941,0.0,False,max_tpr_with_empirical_fpr_le_target,32,True,False,0.6086342465148428,0.6570512568647152,0.65625,GALLSTONE,LR,dp,10.0,17
0.5120710784313726,0.0874387254901961,255,64,0.1568627450980392,0.1568627450980392,0.1,0.2675788706993427,40,6,58,215,0.1568627450980392,0.09375,True,max_tpr_with_empirical_fpr_le_target,0.011764705882352941,0.011764705882352941,0.01,1.3983856196452482,3,0,64,252,0.011764705882352941,0.0,False,max_tpr_with_empirical_fpr_le_target,0.011764705882352941,0.011764705882352941,0.001,1.3983856196452482,3,0,64,252,0.011764705882352941,0.0,False,max_tpr_with_empirical_fpr_le_target,32,True,False,0.6039310172069217,0.6333433079630273,0.65625,GALLSTONE,LR,dp,10.0,18
0.45821078431372547,0.04338235294117647,255,64,0.10588235294117647,0.10588235294117647,0.1,0.38848436940510256,27,4,60,228,0.10588235294117647,0.0625,True,max_tpr_with_empirical_fpr_le_target,0.00392156862745098,0.00392156862745098,0.01,2.5810881968102217,1,0,64,254,0.00392156862745098,0.0,False,max_tpr_with_empirical_fpr_le_target,0.00392156862745098,0.00392156862745098,0.001,2.5810881968102217,1,0,64,254,0.00392156862745098,0.0,False,max_tpr_with_empirical_fpr_le_target,32,True,False,0.6270837141995345,0.6783383842496349,0.65625,GALLSTONE,LR,dp,10.0,19
0.5458333333333334,0.17481617647058822,255,64,0.10980392156862745,0.10980392156862745,0.1,0.4358106931942123,28,6,58,227,0.10980392156862745,0.09375,True,max_tpr_with_empirical_fpr_le_target,0.00784313725490196,0.00784313725490196,0.01,1.585046792443434,2,0,64,253,0.00784313725490196,0.0,False,max_tpr_with_empirical_fpr_le_target,0.00784313725490196,0.00784313725490196,0.001,1.585046792443434,2,0,64,253,0.00784313725490196,0.0,False,max_tpr_with_empirical_fpr_le_target,32,True,False,0.6221205410824306,0.6365942117997605,0.65625,GALLSTONE,LR,dp,10.0,20
0.5703431372549019,0.13394607843137257,255,64,0.21176470588235294,0.21176470588235294,0.1,0.23719838058262988,54,6,58,201,0.21176470588235294,0.09375,True,max_tpr_with_empirical_fpr_le_target,0.023529411764705882,0.023529411764705882,0.01,1.2706742460324643,6,0,64,249,0.023529411764705882,0.0,False,max_tpr_with_empirical_fpr_le_target,0.023529411764705882,0.023529411764705882,0.001,1.2706742460324643,6,0,64,249,0.023529411764705882,0.0,False,max_tpr_with_empirical_fpr_le_target,32,True,False,0.6284709807189879,0.6535822284812534,0.65625,GALLSTONE,LR,dp,10.0,21
0.4780024509803922,0.040318627450980415,255,64,0.08627450980392157,0.08627450980392157,0.1,0.3638230090712762,22,6,58,233,0.08627450980392157,0.09375,True,max_tpr_with_empirical_fpr_le_target,0.00392156862745098,0.00392156862745098,0.01,2.7929532324921023,1,0,64,254,0.00392156862745098,0.0,False,max_tpr_with_empirical_fpr_le_target,0.00392156862745098,0.00392156862745098,0.001,2.7929532324921023,1,0,64,254,0.00392156862745098,0.0,False,max_tpr_with_empirical_fpr_le_target,32,True,False,0.6148414036685529,0.6501296141108674,0.65625,GALLSTONE,LR,dp,10.0,22
0.5326593137254902,0.10857843137254897,255,64,0.1843137254901961,0.1843137254901961,0.1,0.25937546488420704,47,6,58,208,0.1843137254901961,0.09375,True,max_tpr_with_empirical_fpr_le_target,0.00784313725490196,0.00784313725490196,0.01,2.773497922576877,2,0,64,253,0.00784313725490196,0.0,False,max_tpr_with_empirical_fpr_le_target,0.00784313725490196,0.00784313725490196,0.001,2.773497922576877,2,0,64,253,0.00784313725490196,0.0,False,max_tpr_with_empirical_fpr_le_target,32,True,False,0.6430086121179713,0.6738477411411645,0.65625,GALLSTONE,LR,dp,10.0,23
0.4946078431372549,0.05159313725490197,255,64,0.10196078431372549,0.10196078431372549,0.1,0.43084128877766625,26,6,58,229,0.10196078431372549,0.09375,True,max_tpr_with_empirical_fpr_le_target,0.00784313725490196,0.00784313725490196,0.01,2.5818298689235837,2,0,64,253,0.00784313725490196,0.0,False,max_tpr_with_empirical_fpr_le_target,0.00784313725490196,0.00784313725490196,0.001,2.5818298689235837,2,0,64,253,0.00784313725490196,0.0,False,max_tpr_with_empirical_fpr_le_target,32,True,False,0.6550934479709811,0.6808189473553612,0.65625,GALLSTONE,LR,dp,10.0,24
0.5034926470588235,0.05925245098039217,255,64,0.10980392156862745,0.10980392156862745,0.1,0.3258609542204044,28,6,58,227,0.10980392156862745,0.09375,True,max_tpr_with_empirical_fpr_le_target,0.0,0.0,0.01,inf,0,0,64,255,0.0,0.0,False,max_tpr_with_empirical_fpr_le_target,0.0,0.0,0.001,inf,0,0,64,255,0.0,0.0,False,max_tpr_with_empirical_fpr_le_target,32,True,False,0.5977472442595224,0.6634236366732172,0.65625,GALLSTONE,LR,dp,10.0,25
0.47677696078431375,0.05919117647058825,255,64,0.15294117647058825,0.15294117647058825,0.1,0.2642028365847897,39,6,58,216,0.15294117647058825,0.09375,True,max_tpr_with_empirical_fpr_le_target,0.01568627450980392,0.01568627450980392,0.01,1.6641745144675388,4,0,64,251,0.01568627450980392,0.0,False,max_tpr_with_empirical_fpr_le_target,0.01568627450980392,0.01568627450980392,0.001,1.6641745144675388,4,0,64,251,0.01568627450980392,0.0,False,max_tpr_with_empirical_fpr_le_target,32,True,False,0.5676126449040679,0.612277579811507,0.65625,GALLSTONE,LR,dp,10.0,26
0.45067401960784315,0.06709558823529413,255,64,0.12941176470588237,0.12941176470588237,0.1,0.3612450955962574,33,6,58,222,0.12941176470588237,0.09375,True,max_tpr_with_empirical_fpr_le_target,0.011764705882352941,0.011764705882352941,0.01,1.0937475632299218,3,0,64,252,0.011764705882352941,0.0,False,max_tpr_with_empirical_fpr_le_target,0.011764705882352941,0.011764705882352941,0.001,1.0937475632299218,3,0,64,252,0.011764705882352941,0.0,False,max_tpr_with_empirical_fpr_le_target,32,True,False,0.651574789268397,0.6932521044213155,0.65625,GALLSTONE,LR,dp,10.0,27
0.3792892156862745,0.015625,255,64,0.058823529411764705,0.058823529411764705,0.1,0.49221385913091353,15,6,58,240,0.058823529411764705,0.09375,True,max_tpr_with_empirical_fpr_le_target,0.0,0.0,0.01,inf,0,0,64,255,0.0,0.0,False,max_tpr_with_empirical_fpr_le_target,0.0,0.0,0.001,inf,0,0,64,255,0.0,0.0,False,max_tpr_with_empirical_fpr_le_target,32,True,False,0.6128124181587379,0.6518521669637857,0.65625,GALLSTONE,LR,dp,10.0,28
0.5068014705882353,0.06672794117647059,255,64,0.12549019607843137,0.12549019607843137,0.1,0.4062448432940774,32,6,58,223,0.12549019607843137,0.09375,True,max_tpr_with_empirical_fpr_le_target,0.0196078431372549,0.0196078431372549,0.01,1.5108874719817846,5,0,64,250,0.0196078431372549,0.0,False,max_tpr_with_empirical_fpr_le_target,0.0196078431372549,0.0196078431372549,0.001,1.5108874719817846,5,0,64,250,0.0196078431372549,0.0,False,max_tpr_with_empirical_fpr_le_target,32,True,False,0.6278263021964088,0.6340778459672219,0.65625,GALLSTONE,LR,dp,10.0,29
0.754779411764706,0.4088848039215687,255,64,0.4392156862745098,0.4392156862745098,0.1,0.7189799520964087,112,5,59,143,0.4392156862745098,0.078125,True,max_tpr_with_empirical_fpr_le_target,0.17647058823529413,0.17647058823529413,0.01,1.7607280518455601,45,0,64,210,0.17647058823529413,0.0,False,max_tpr_with_empirical_fpr_le_target,0.17647058823529413,0.17647058823529413,0.001,1.7607280518455601,45,0,64,210,0.17647058823529413,0.0,False,max_tpr_with_empirical_fpr_le_target,32,True,False,0.46232707045626803,0.4730850268767919,0.828125,GALLSTONE,RF,standard,,0
0.7618259803921568,0.42052696078431373,255,64,0.4117647058823529,0.4117647058823529,0.1,0.8565780102926834,105,6,58,150,0.4117647058823529,0.09375,True,max_tpr_with_empirical_fpr_le_target,0.1843137254901961,0.1843137254901961,0.01,1.874758682212501,47,0,64,208,0.1843137254901961,0.0,False,max_tpr_with_empirical_fpr_le_target,0.1843137254901961,0.1843137254901961,0.001,1.874758682212501,47,0,64,208,0.1843137254901961,0.0,False,max_tpr_with_empirical_fpr_le_target,32,True,False,0.46936886410945405,0.4821491196928296,0.828125,GALLSTONE,RF,standard,,1
0.7559436274509803,0.439889705882353,255,64,0.34901960784313724,0.34901960784313724,0.1,0.9245693761835906,89,6,58,166,0.34901960784313724,0.09375,True,max_tpr_with_empirical_fpr_le_target,0.12549019607843137,0.12549019607843137,0.01,2.0702141573712547,32,0,64,223,0.12549019607843137,0.0,False,max_tpr_with_empirical_fpr_le_target,0.12549019607843137,0.12549019607843137,0.001,2.0702141573712547,32,0,64,223,0.12549019607843137,0.0,False,max_tpr_with_empirical_fpr_le_target,32,True,False,0.47642707673351514,0.4927698316335149,0.828125,GALLSTONE,RF,standard,,2
0.7799632352941176,0.46329656862745094,255,64,0.5137254901960784,0.5137254901960784,0.1,0.5230816484158952,131,6,58,124,0.5137254901960784,0.09375,True,max_tpr_with_empirical_fpr_le_target,0.1803921568627451,0.1803921568627451,0.01,1.695924928521509,46,0,64,209,0.1803921568627451,0.0,False,max_tpr_with_empirical_fpr_le_target,0.1803921568627451,0.1803921568627451,0.001,1.695924928521509,46,0,64,209,0.1803921568627451,0.0,False,max_tpr_with_empirical_fpr_le_target,32,True,False,0.45597373389208296,0.4886530363169443,0.828125,GALLSTONE,RF,standard,,3
0.7697916666666667,0.4636642156862745,255,64,0.5254901960784314,0.5254901960784314,0.1,0.4905420515159762,134,6,58,121,0.5254901960784314,0.09375,True,max_tpr_with_empirical_fpr_le_target,0.09803921568627451,0.09803921568627451,0.01,2.513517794117883,25,0,64,230,0.09803921568627451,0.0,False,max_tpr_with_empirical_fpr_le_target,0.09803921568627451,0.09803921568627451,0.001,2.513517794117883,25,0,64,230,0.09803921568627451,0.0,False,max_tpr_with_empirical_fpr_le_target,32,True,False,0.4698428628320523,0.48335091595736085,0.828125,GALLSTONE,RF,standard,,4
0.7627450980392156,0.4363970588235294,255,64,0.39215686274509803,0.39215686274509803,0.1,0.9050554945834992,100,6,58,155,0.39215686274509803,0.09375,True,max_tpr_with_empirical_fpr_le_target,0.10196078431372549,0.10196078431372549,0.01,2.1543888015095045,26,0,64,229,0.10196078431372549,0.0,False,max_tpr_with_empirical_fpr_le_target,0.10196078431372549,0.10196078431372549,0.001,2.1543888015095045,26,0,64,229,0.10196078431372549,0.0,False,max_tpr_with_empirical_fpr_le_target,32,True,False,0.4580719766192212,0.4793284601557081,0.828125,GALLSTONE,RF,standard,,5
0.7552083333333333,0.4357843137254902,255,64,0.5058823529411764,0.5058823529411764,0.1,0.6403586295420087,129,6,58,126,0.5058823529411764,0.09375,True,max_tpr_with_empirical_fpr_le_target,0.1411764705882353,0.1411764705882353,0.01,2.060952761880987,36,0,64,219,0.1411764705882353,0.0,False,max_tpr_with_empirical_fpr_le_target,0.1411764705882353,0.1411764705882353,0.001,2.060952761880987,36,0,64,219,0.1411764705882353,0.0,False,max_tpr_with_empirical_fpr_le_target,32,True,False,0.4728519849646203,0.4721858658593121,0.828125,GALLSTONE,RF,standard,,6
0.7542279411764705,0.46709558823529407,255,64,0.4980392156862745,0.4980392156862745,0.1,0.5743273226873896,127,6,58,128,0.4980392156862745,0.09375,True,max_tpr_with_empirical_fpr_le_target,0.09803921568627451,0.09803921568627451,0.01,2.4284264271235414,25,0,64,230,0.09803921568627451,0.0,False,max_tpr_with_empirical_fpr_le_target,0.09803921568627451,0.09803921568627451,0.001,2.4284264271235414,25,0,64,230,0.09803921568627451,0.0,False,max_tpr_with_empirical_fpr_le_target,32,True,False,0.476913769648141,0.4948472029907936,0.828125,GALLSTONE,RF,standard,,7
0.7933210784313726,0.4911764705882353,255,64,0.5058823529411764,0.5058823529411764,0.1,0.5535148586912435,129,6,58,126,0.5058823529411764,0.09375,True,max_tpr_with_empirical_fpr_le_target,0.23921568627450981,0.23921568627450981,0.01,1.2899783881836968,61,0,64,194,0.23921568627450981,0.0,False,max_tpr_with_empirical_fpr_le_target,0.23921568627450981,0.23921568627450981,0.001,1.2899783881836968,61,0,64,194,0.23921568627450981,0.0,False,max_tpr_with_empirical_fpr_le_target,32,True,False,0.4677623213741299,0.47788982640193406,0.828125,GALLSTONE,RF,standard,,8
0.7702205882352942,0.42046568627450975,255,64,0.5058823529411764,0.5058823529411764,0.1,0.5468114588370316,129,6,58,126,0.5058823529411764,0.09375,True,max_tpr_with_empirical_fpr_le_target,0.2235294117647059,0.2235294117647059,0.01,1.4736780164577326,57,0,64,198,0.2235294117647059,0.0,False,max_tpr_with_empirical_fpr_le_target,0.2235294117647059,0.2235294117647059,0.001,1.4736780164577326,57,0,64,198,0.2235294117647059,0.0,False,max_tpr_with_empirical_fpr_le_target,32,True,False,0.464396240223956,0.48167880556803927,0.828125,GALLSTONE,RF,standard,,9
0.7621936274509804,0.4479779411764706,255,64,0.4470588235294118,0.4470588235294118,0.1,0.7187596046456535,114,6,58,141,0.4470588235294118,0.09375,True,max_tpr_with_empirical_fpr_le_target,0.11764705882352941,0.11764705882352941,0.01,2.2100789621291623,30,0,64,225,0.11764705882352941,0.0,False,max_tpr_with_empirical_fpr_le_target,0.11764705882352941,0.11764705882352941,0.001,2.2100789621291623,30,0,64,225,0.11764705882352941,0.0,False,max_tpr_with_empirical_fpr_le_target,32,True,False,0.4936468098041707,0.4761255490448632,0.828125,GALLSTONE,RF,standard,,10
0.7692401960784313,0.4595588235294118,255,64,0.4549019607843137,0.4549019607843137,0.1,0.6351853417315099,116,6,58,139,0.4549019607843137,0.09375,True,max_tpr_with_empirical_fpr_le_target,0.09803921568627451,0.09803921568627451,0.01,1.996439330920087,25,0,64,230,0.09803921568627451,0.0,False,max_tpr_with_empirical_fpr_le_target,0.09803921568627451,0.09803921568627451,0.001,1.996439330920087,25,0,64,230,0.09803921568627451,0.0,False,max_tpr_with_empirical_fpr_le_target,32,True,False,0.46512557512727826,0.503585755002541,0.828125,GALLSTONE,RF,standard,,11
0.7565563725490196,0.44001225490196083,255,64,0.3411764705882353,0.3411764705882353,0.1,0.8731675163417919,87,6,58,168,0.3411764705882353,0.09375,True,max_tpr_with_empirical_fpr_le_target,0.15294117647058825,0.15294117647058825,0.01,1.7015848225722594,39,0,64,216,0.15294117647058825,0.0,False,max_tpr_with_empirical_fpr_le_target,0.15294117647058825,0.15294117647058825,0.001,1.7015848225722594,39,0,64,216,0.15294117647058825,0.0,False,max_tpr_with_empirical_fpr_le_target,32,True,False,0.45656678138073736,0.4778343455992007,0.828125,GALLSTONE,RF,standard,,12
0.759436274509804,0.4359681372549019,255,64,0.4392156862745098,0.4392156862745098,0.1,0.7049749555038171,112,5,59,143,0.4392156862745098,0.078125,True,max_tpr_with_empirical_fpr_le_target,0.2980392156862745,0.2980392156862745,0.01,1.088603487806739,76,0,64,179,0.2980392156862745,0.0,False,max_tpr_with_empirical_fpr_le_target,0.2980392156862745,0.2980392156862745,0.001,1.088603487806739,76,0,64,179,0.2980392156862745,0.0,False,max_tpr_with_empirical_fpr_le_target,32,True,False,0.4604644069436788,0.47052011441114644,0.828125,GALLSTONE,RF,standard,,13
0.7835784313725491,0.5102941176470588,255,64,0.5333333333333333,0.5333333333333333,0.1,0.5688771980641196,136,6,58,119,0.5333333333333333,0.09375,True,max_tpr_with_empirical_fpr_le_target,0.10980392156862745,0.10980392156862745,0.01,2.244252386944419,28,0,64,227,0.10980392156862745,0.0,False,max_tpr_with_empirical_fpr_le_target,0.10980392156862745,0.10980392156862745,0.001,2.244252386944419,28,0,64,227,0.10980392156862745,0.0,False,max_tpr_with_empirical_fpr_le_target,32,True,False,0.4567629024347615,0.46816679156576146,0.828125,GALLSTONE,RF,standard,,14
0.7543504901960785,0.4285539215686275,255,64,0.3686274509803922,0.3686274509803922,0.1,1.035124689257709,94,6,58,161,0.3686274509803922,0.09375,True,max_tpr_with_empirical_fpr_le_target,0.11372549019607843,0.11372549019607843,0.01,2.4301966619954856,29,0,64,226,0.11372549019607843,0.0,False,max_tpr_with_empirical_fpr_le_target,0.11372549019607843,0.11372549019607843,0.001,2.4301966619954856,29,0,64,226,0.11372549019607843,0.0,False,max_tpr_with_empirical_fpr_le_target,32,True,False,0.4455426571680933,0.4644550751104235,0.828125,GALLSTONE,RF,standard,,15
0.7662990196078432,0.4518382352941176,255,64,0.4627450980392157,0.4627450980392157,0.1,0.6137010883173046,118,6,58,137,0.4627450980392157,0.09375,True,max_tpr_with_empirical_fpr_le_target,0.23921568627450981,0.23921568627450981,0.01,1.3951062138599046,61,0,64,194,0.23921568627450981,0.0,False,max_tpr_with_empirical_fpr_le_target,0.23921568627450981,0.23921568627450981,0.001,1.3951062138599046,61,0,64,194,0.23921568627450981,0.0,False,max_tpr_with_empirical_fpr_le_target,32,True,False,0.44877209435057674,0.4767387185391973,0.828125,GALLSTONE,RF,standard,,16
0.7655024509803922,0.4675245098039216,255,64,0.45098039215686275,0.45098039215686275,0.1,0.666081933271443,115,6,58,140,0.45098039215686275,0.09375,True,max_tpr_with_empirical_fpr_le_target,0.11372549019607843,0.11372549019607843,0.01,2.0561407031111942,29,0,64,226,0.11372549019607843,0.0,False,max_tpr_with_empirical_fpr_le_target,0.11372549019607843,0.11372549019607843,0.001,2.0561407031111942,29,0,64,226,0.11372549019607843,0.0,False,max_tpr_with_empirical_fpr_le_target,32,True,False,0.45385721042938015,0.4730967641709567,0.828125,GALLSTONE,RF,standard,,17
0.7736519607843138,0.45986519607843135,255,64,0.5098039215686274,0.5098039215686274,0.1,0.6135142690459544,130,6,58,125,0.5098039215686274,0.09375,True,max_tpr_with_empirical_fpr_le_target,0.18823529411764706,0.18823529411764706,0.01,1.6442160870626537,48,0,64,207,0.18823529411764706,0.0,False,max_tpr_with_empirical_fpr_le_target,0.18823529411764706,0.18823529411764706,0.001,1.6442160870626537,48,0,64,207,0.18823529411764706,0.0,False,max_tpr_with_empirical_fpr_le_target,32,True,False,0.45620871552065484,0.48133505652911435,0.828125,GALLSTONE,RF,standard,,18
0.7784313725490196,0.48688725490196083,255,64,0.4980392156862745,0.4980392156862745,0.1,0.6330838984611835,127,6,58,128,0.4980392156862745,0.09375,True,max_tpr_with_empirical_fpr_le_target,0.10980392156862745,0.10980392156862745,0.01,2.1718076251413962,28,0,64,227,0.10980392156862745,0.0,False,max_tpr_with_empirical_fpr_le_target,0.10980392156862745,0.10980392156862745,0.001,2.1718076251413962,28,0,64,227,0.10980392156862745,0.0,False,max_tpr_with_empirical_fpr_le_target,32,True,False,0.46975664630993236,0.4916801820177973,0.828125,GALLSTONE,RF,standard,,19
0.7942401960784313,0.5142769607843137,255,64,0.592156862745098,0.592156862745098,0.1,0.3688248406481216,151,6,58,104,0.592156862745098,0.09375,True,max_tpr_with_empirical_fpr_le_target,0.2901960784313726,0.2901960784313726,0.01,1.1893059158282249,74,0,64,181,0.2901960784313726,0.0,False,max_tpr_with_empirical_fpr_le_target,0.2901960784313726,0.2901960784313726,0.001,1.1893059158282249,74,0,64,181,0.2901960784313726,0.0,False,max_tpr_with_empirical_fpr_le_target,32,True,False,0.465157845775894,0.46457895002968314,0.828125,GALLSTONE,RF,standard,,20
0.7732230392156862,0.46740196078431373,255,64,0.5411764705882353,0.5411764705882353,0.1,0.39172794560631763,138,5,59,117,0.5411764705882353,0.078125,True,max_tpr_with_empirical_fpr_le_target,0.12549019607843137,0.12549019607843137,0.01,2.0049234752813794,32,0,64,223,0.12549019607843137,0.0,False,max_tpr_with_empirical_fpr_le_target,0.12549019607843137,0.12549019607843137,0.001,2.0049234752813794,32,0,64,223,0.12549019607843137,0.0,False,max_tpr_with_empirical_fpr_le_target,32,True,False,0.47155529254412437,0.4981318074813782,0.828125,GALLSTONE,RF,standard,,21
0.7655637254901961,0.47524509803921566,255,64,0.44313725490196076,0.44313725490196076,0.1,0.689737995823819,113,6,58,142,0.44313725490196076,0.09375,True,max_tpr_with_empirical_fpr_le_target,0.17254901960784313,0.17254901960784313,0.01,1.6636597002717073,44,0,64,211,0.17254901960784313,0.0,False,max_tpr_with_empirical_fpr_le_target,0.17254901960784313,0.17254901960784313,0.001,1.6636597002717073,44,0,64,211,0.17254901960784313,0.0,False,max_tpr_with_empirical_fpr_le_target,32,True,False,0.4741017508968558,0.48053387363146405,0.828125,GALLSTONE,RF,standard,,22
0.7631127450980393,0.4713848039215687,255,64,0.403921568627451,0.403921568627451,0.1,0.7218573065524474,103,6,58,152,0.403921568627451,0.09375,True,max_tpr_with_empirical_fpr_le_target,0.08627450980392157,0.08627450980392157,0.01,2.439954237830862,22,0,64,233,0.08627450980392157,0.0,False,max_tpr_with_empirical_fpr_le_target,0.08627450980392157,0.08627450980392157,0.001,2.439954237830862,22,0,64,233,0.08627450980392157,0.0,False,max_tpr_with_empirical_fpr_le_target,32,True,False,0.45387922092455635,0.47722092217864936,0.828125,GALLSTONE,RF,standard,,23
0.7779411764705882,0.4481617647058823,255,64,0.49019607843137253,0.49019607843137253,0.1,0.676665398297759,125,6,58,130,0.49019607843137253,0.09375,True,max_tpr_with_empirical_fpr_le_target,0.3254901960784314,0.3254901960784314,0.01,1.2398781108634096,83,0,64,172,0.3254901960784314,0.0,False,max_tpr_with_empirical_fpr_le_target,0.3254901960784314,0.3254901960784314,0.001,1.2398781108634096,83,0,64,172,0.3254901960784314,0.0,False,max_tpr_with_empirical_fpr_le_target,32,True,False,0.47477834377651434,0.4868004343978051,0.828125,GALLSTONE,RF,standard,,24
0.7780637254901961,0.4833333333333333,255,64,0.4549019607843137,0.4549019607843137,0.1,0.7802694083657988,116,6,58,139,0.4549019607843137,0.09375,True,max_tpr_with_empirical_fpr_le_target,0.18823529411764706,0.18823529411764706,0.01,1.6436406115268183,48,0,64,207,0.18823529411764706,0.0,False,max_tpr_with_empirical_fpr_le_target,0.18823529411764706,0.18823529411764706,0.001,1.6436406115268183,48,0,64,207,0.18823529411764706,0.0,False,max_tpr_with_empirical_fpr_le_target,32,True,False,0.4459171684861471,0.47549387789529785,0.828125,GALLSTONE,RF,standard,,25
0.7761642156862746,0.4672794117647059,255,64,0.5372549019607843,0.5372549019607843,0.1,0.4557886242012077,137,6,58,118,0.5372549019607843,0.09375,True,max_tpr_with_empirical_fpr_le_target,0.23921568627450981,0.23921568627450981,0.01,1.2828885061485302,61,0,64,194,0.23921568627450981,0.0,False,max_tpr_with_empirical_fpr_le_target,0.23921568627450981,0.23921568627450981,0.001,1.2828885061485302,61,0,64,194,0.23921568627450981,0.0,False,max_tpr_with_empirical_fpr_le_target,32,True,False,0.4760116659096245,0.4877751405313032,0.828125,GALLSTONE,RF,standard,,26
0.7472426470588235,0.3854779411764706,255,64,0.4196078431372549,0.4196078431372549,0.1,0.793886610450239,107,6,58,148,0.4196078431372549,0.09375,True,max_tpr_with_empirical_fpr_le_target,0.21568627450980393,0.21568627450980393,0.01,1.6182292897941548,55,0,64,200,0.21568627450980393,0.0,False,max_tpr_with_empirical_fpr_le_target,0.21568627450980393,0.21568627450980393,0.001,1.6182292897941548,55,0,64,200,0.21568627450980393,0.0,False,max_tpr_with_empirical_fpr_le_target,32,True,False,0.46420430510676863,0.4708780808138533,0.828125,GALLSTONE,RF,standard,,27
0.7756740196078431,0.47549019607843135,255,64,0.43137254901960786,0.43137254901960786,0.1,0.8407349594343573,110,4,60,145,0.43137254901960786,0.0625,True,max_tpr_with_empirical_fpr_le_target,0.10196078431372549,0.10196078431372549,0.01,2.4627152588537995,26,0,64,229,0.10196078431372549,0.0,False,max_tpr_with_empirical_fpr_le_target,0.10196078431372549,0.10196078431372549,0.001,2.4627152588537995,26,0,64,229,0.10196078431372549,0.0,False,max_tpr_with_empirical_fpr_le_target,32,True,False,0.4517614392730915,0.4512191779251986,0.828125,GALLSTONE,RF,standard,,28
0.7696078431372549,0.43265931372549016,255,64,0.49019607843137253,0.49019607843137253,0.1,0.5413462649225579,125,6,58,130,0.49019607843137253,0.09375,True,max_tpr_with_empirical_fpr_le_target,0.07058823529411765,0.07058823529411765,0.01,2.7081704496542676,18,0,64,237,0.07058823529411765,0.0,False,max_tpr_with_empirical_fpr_le_target,0.07058823529411765,0.07058823529411765,0.001,2.7081704496542676,18,0,64,237,0.07058823529411765,0.0,False,max_tpr_with_empirical_fpr_le_target,32,True,False,0.4697023861210488,0.4959179338264381,0.828125,GALLSTONE,RF,standard,,29
0.5165441176470589,0.0856004901960784,255,64,0.13725490196078433,0.13725490196078433,0.1,0.7006074029478766,35,6,58,220,0.13725490196078433,0.09375,True,max_tpr_with_empirical_fpr_le_target,0.00784313725490196,0.00784313725490196,0.01,2.190493869955628,2,0,64,253,0.00784313725490196,0.0,False,max_tpr_with_empirical_fpr_le_target,0.00784313725490196,0.00784313725490196,0.001,2.190493869955628,2,0,64,253,0.00784313725490196,0.0,False,max_tpr_with_empirical_fpr_le_target,32,True,False,0.4475525073683763,0.45106142725334497,0.484375,GALLSTONE,RF,dp,0.1,0
0.4426470588235294,0.03125,255,64,0.07058823529411765,0.07058823529411765,0.1,0.8309478361603045,18,6,58,237,0.07058823529411765,0.09375,True,max_tpr_with_empirical_fpr_le_target,0.00392156862745098,0.00392156862745098,0.01,2.5750216903866403,1,0,64,254,0.00392156862745098,0.0,False,max_tpr_with_empirical_fpr_le_target,0.00392156862745098,0.00392156862745098,0.001,2.5750216903866403,1,0,64,254,0.00392156862745098,0.0,False,max_tpr_with_empirical_fpr_le_target,32,True,False,0.4552199780017502,0.4640585260331306,0.484375,GALLSTONE,RF,dp,0.1,1
0.4962009803921569,0.11409313725490197,255,64,0.20784313725490197,0.20784313725490197,0.1,0.5011204098984798,53,6,58,202,0.20784313725490197,0.09375,True,max_tpr_with_empirical_fpr_le_target,0.00392156862745098,0.00392156862745098,0.01,2.2649877360700597,1,0,64,254,0.00392156862745098,0.0,False,max_tpr_with_empirical_fpr_le_target,0.00392156862745098,0.00392156862745098,0.001,2.2649877360700597,1,0,64,254,0.00392156862745098,0.0,False,max_tpr_with_empirical_fpr_le_target,32,True,False,0.4426378377700102,0.44286704376182146,0.484375,GALLSTONE,RF,dp,0.1,2
0.5085784313725491,0.07365196078431369,255,64,0.0784313725490196,0.0784313725490196,0.1,0.7673431299578495,20,6,58,235,0.0784313725490196,0.09375,True,max_tpr_with_empirical_fpr_le_target,0.0392156862745098,0.0392156862745098,0.01,1.3300944306188,10,0,64,245,0.0392156862745098,0.0,False,max_tpr_with_empirical_fpr_le_target,0.0392156862745098,0.0392156862745098,0.001,1.3300944306188,10,0,64,245,0.0392156862745098,0.0,False,max_tpr_with_empirical_fpr_le_target,32,True,False,0.45836797824742237,0.4619895092568893,0.484375,GALLSTONE,RF,dp,0.1,3
0.5163602941176471,0.08039215686274515,255,64,0.10980392156862745,0.10980392156862745,0.1,0.8194307505074914,28,6,58,227,0.10980392156862745,0.09375,True,max_tpr_with_empirical_fpr_le_target,0.0,0.0,0.01,inf,0,0,64,255,0.0,0.0,False,max_tpr_with_empirical_fpr_le_target,0.0,0.0,0.001,inf,0,0,64,255,0.0,0.0,False,max_tpr_with_empirical_fpr_le_target,32,True,False,0.4658009971963932,0.4516950595251493,0.484375,GALLSTONE,RF,dp,0.1,4
0.5323529411764706,0.09981617647058827,255,64,0.12156862745098039,0.12156862745098039,0.1,0.6798054243854179,31,5,59,224,0.12156862745098039,0.078125,True,max_tpr_with_empirical_fpr_le_target,0.03137254901960784,0.03137254901960784,0.01,1.4092348057631803,8,0,64,247,0.03137254901960784,0.0,False,max_tpr_with_empirical_fpr_le_target,0.03137254901960784,0.03137254901960784,0.001,1.4092348057631803,8,0,64,247,0.03137254901960784,0.0,False,max_tpr_with_empirical_fpr_le_target,32,True,False,0.44785287292274384,0.4610053333822616,0.484375,GALLSTONE,RF,dp,0.1,5
0.4936887254901961,0.0636642156862745,255,64,0.10980392156862745,0.10980392156862745,0.1,0.7808887057950722,28,6,58,227,0.10980392156862745,0.09375,True,max_tpr_with_empirical_fpr_le_target,0.0,0.0,0.01,inf,0,0,64,255,0.0,0.0,False,max_tpr_with_empirical_fpr_le_target,0.0,0.0,0.001,inf,0,0,64,255,0.0,0.0,False,max_tpr_with_empirical_fpr_le_target,32,True,False,0.4456289838829826,0.4497426222182921,0.484375,GALLSTONE,RF,dp,0.1,6
0.541360294117647,0.12340686274509804,255,64,0.16470588235294117,0.16470588235294117,0.1,0.6520625805720308,42,5,59,213,0.16470588235294117,0.078125,True,max_tpr_with_empirical_fpr_le_target,0.00784313725490196,0.00784313725490196,0.01,2.25725032826437,2,0,64,253,0.00784313725490196,0.0,False,max_tpr_with_empirical_fpr_le_target,0.00784313725490196,0.00784313725490196,0.001,2.25725032826437,2,0,64,253,0.00784313725490196,0.0,False,max_tpr_with_empirical_fpr_le_target,32,True,False,0.4490810967080451,0.4483000238568513,0.484375,GALLSTONE,RF,dp,0.1,7
0.468811274509804,0.058026960784313686,255,64,0.11372549019607843,0.11372549019607843,0.1,0.9484670052382811,29,6,58,226,0.11372549019607843,0.09375,True,max_tpr_with_empirical_fpr_le_target,0.0,0.0,0.01,inf,0,0,64,255,0.0,0.0,False,max_tpr_with_empirical_fpr_le_target,0.0,0.0,0.001,inf,0,0,64,255,0.0,0.0,False,max_tpr_with_empirical_fpr_le_target,32,True,False,0.4562533077922649,0.44179443323104683,0.484375,GALLSTONE,RF,dp,0.1,8
0.5194852941176471,0.11568627450980395,255,64,0.09803921568627451,0.09803921568627451,0.1,0.6368646398511015,25,5,59,230,0.09803921568627451,0.078125,True,max_tpr_with_empirical_fpr_le_target,0.011764705882352941,0.011764705882352941,0.01,1.583388739811126,3,0,64,252,0.011764705882352941,0.0,False,max_tpr_with_empirical_fpr_le_target,0.011764705882352941,0.011764705882352941,0.001,1.583388739811126,3,0,64,252,0.011764705882352941,0.0,False,max_tpr_with_empirical_fpr_le_target,32,True,False,0.4883300099018302,0.49411940667708176,0.484375,GALLSTONE,RF,dp,0.1,9
0.4941789215686274,0.09338235294117647,255,64,0.054901960784313725,0.054901960784313725,0.1,1.039251570157632,14,6,58,241,0.054901960784313725,0.09375,True,max_tpr_with_empirical_fpr_le_target,0.00392156862745098,0.00392156862745098,0.01,1.9922882641823332,1,0,64,254,0.00392156862745098,0.0,False,max_tpr_with_empirical_fpr_le_target,0.00392156862745098,0.00392156862745098,0.001,1.9922882641823332,1,0,64,254,0.00392156862745098,0.0,False,max_tpr_with_empirical_fpr_le_target,32,True,False,0.46425379221660157,0.46640370983346413,0.484375,GALLSTONE,RF,dp,0.1,10
0.45937500000000003,0.08247549019607843,255,64,0.1411764705882353,0.1411764705882353,0.1,0.615374268966564,36,6,58,219,0.1411764705882353,0.09375,True,max_tpr_with_empirical_fpr_le_target,0.011764705882352941,0.011764705882352941,0.01,1.345639326866049,3,0,64,252,0.011764705882352941,0.0,False,max_tpr_with_empirical_fpr_le_target,0.011764705882352941,0.011764705882352941,0.001,1.345639326866049,3,0,64,252,0.011764705882352941,0.0,False,max_tpr_with_empirical_fpr_le_target,32,True,False,0.45298218599504536,0.4558496307761654,0.484375,GALLSTONE,RF,dp,0.1,11
0.6064950980392156,0.20943627450980395,255,64,0.20784313725490197,0.20784313725490197,0.1,0.4720185770743701,53,6,58,202,0.20784313725490197,0.09375,True,max_tpr_with_empirical_fpr_le_target,0.03137254901960784,0.03137254901960784,0.01,1.3628919385573077,8,0,64,247,0.03137254901960784,0.0,False,max_tpr_with_empirical_fpr_le_target,0.03137254901960784,0.03137254901960784,0.001,1.3628919385573077,8,0,64,247,0.03137254901960784,0.0,False,max_tpr_with_empirical_fpr_le_target,32,True,False,0.49950996008631765,0.5080663674170142,0.484375,GALLSTONE,RF,dp,0.1,12
0.4189950980392157,0.011764705882352941,255,64,0.043137254901960784,0.043137254901960784,0.1,1.0316920716882465,11,6,58,244,0.043137254901960784,0.09375,True,max_tpr_with_empirical_fpr_le_target,0.011764705882352941,0.011764705882352941,0.01,2.1225578850429807,3,0,64,252,0.011764705882352941,0.0,False,max_tpr_with_empirical_fpr_le_target,0.011764705882352941,0.011764705882352941,0.001,2.1225578850429807,3,0,64,252,0.011764705882352941,0.0,False,max_tpr_with_empirical_fpr_le_target,32,True,False,0.40786601982489257,0.4139370417604362,0.484375,GALLSTONE,RF,dp,0.1,13
0.5188725490196078,0.08750000000000002,255,64,0.10588235294117647,0.10588235294117647,0.1,0.5967622062974396,27,6,58,228,0.10588235294117647,0.09375,True,max_tpr_with_empirical_fpr_le_target,0.00784313725490196,0.00784313725490196,0.01,1.8872762647104584,2,0,64,253,0.00784313725490196,0.0,False,max_tpr_with_empirical_fpr_le_target,0.00784313725490196,0.00784313725490196,0.001,1.8872762647104584,2,0,64,253,0.00784313725490196,0.0,False,max_tpr_with_empirical_fpr_le_target,32,True,False,0.49120243927236873,0.4935086401932667,0.484375,GALLSTONE,RF,dp,0.1,14
0.48192401960784315,0.0811274509803922,255,64,0.0784313725490196,0.0784313725490196,0.1,0.7175076890788654,20,6,58,235,0.0784313725490196,0.09375,True,max_tpr_with_empirical_fpr_le_target,0.00784313725490196,0.00784313725490196,0.01,1.9712843419986443,2,0,64,253,0.00784313725490196,0.0,False,max_tpr_with_empirical_fpr_le_target,0.00784313725490196,0.00784313725490196,0.001,1.9712843419986443,2,0,64,253,0.00784313725490196,0.0,False,max_tpr_with_empirical_fpr_le_target,32,True,False,0.46816701419617013,0.4723292525411591,0.484375,GALLSTONE,RF,dp,0.1,15
0.4776348039215686,0.04362745098039217,255,64,0.10196078431372549,0.10196078431372549,0.1,0.9492947972132777,26,6,58,229,0.10196078431372549,0.09375,True,max_tpr_with_empirical_fpr_le_target,0.01568627450980392,0.01568627450980392,0.01,1.6738599406073185,4,0,64,251,0.01568627450980392,0.0,False,max_tpr_with_empirical_fpr_le_target,0.01568627450980392,0.01568627450980392,0.001,1.6738599406073185,4,0,64,251,0.01568627450980392,0.0,False,max_tpr_with_empirical_fpr_le_target,32,True,False,0.4464823009355791,0.4511333337321782,0.484375,GALLSTONE,RF,dp,0.1,16
0.5289215686274509,0.11164215686274515,255,64,0.11764705882352941,0.11764705882352941,0.1,0.7999614879605066,30,6,58,225,0.11764705882352941,0.09375,True,max_tpr_with_empirical_fpr_le_target,0.00392156862745098,0.00392156862745098,0.01,2.6607356733220833,1,0,64,254,0.00392156862745098,0.0,False,max_tpr_with_empirical_fpr_le_target,0.00392156862745098,0.00392156862745098,0.001,2.6607356733220833,1,0,64,254,0.00392156862745098,0.0,False,max_tpr_with_empirical_fpr_le_target,32,True,False,0.44000502453960166,0.4386098671476047,0.484375,GALLSTONE,RF,dp,0.1,17
0.48124999999999996,0.029840686274509753,255,64,0.06666666666666667,0.06666666666666667,0.1,0.9393427734851931,17,6,58,238,0.06666666666666667,0.09375,True,max_tpr_with_empirical_fpr_le_target,0.0,0.0,0.01,inf,0,0,64,255,0.0,0.0,False,max_tpr_with_empirical_fpr_le_target,0.0,0.0,0.001,inf,0,0,64,255,0.0,0.0,False,max_tpr_with_empirical_fpr_le_target,32,True,False,0.39637399813156576,0.4084605480867014,0.484375,GALLSTONE,RF,dp,0.1,18
0.4377450980392157,0.0,255,64,0.06274509803921569,0.06274509803921569,0.1,1.3065204962021386,16,6,58,239,0.06274509803921569,0.09375,True,max_tpr_with_empirical_fpr_le_target,0.0,0.0,0.01,inf,0,0,64,255,0.0,0.0,False,max_tpr_with_empirical_fpr_le_target,0.0,0.0,0.001,inf,0,0,64,255,0.0,0.0,False,max_tpr_with_empirical_fpr_le_target,32,True,False,0.4554848598349589,0.4404205084023075,0.484375,GALLSTONE,RF,dp,0.1,19
0.5129901960784313,0.09730392156862744,255,64,0.12549019607843137,0.12549019607843137,0.1,0.5814288895328417,32,6,58,223,0.12549019607843137,0.09375,True,max_tpr_with_empirical_fpr_le_target,0.011764705882352941,0.011764705882352941,0.01,1.3838885006442234,3,0,64,252,0.011764705882352941,0.0,False,max_tpr_with_empirical_fpr_le_target,0.011764705882352941,0.011764705882352941,0.001,1.3838885006442234,3,0,64,252,0.011764705882352941,0.0,False,max_tpr_with_empirical_fpr_le_target,32,True,False,0.47747304017433156,0.47493353753877915,0.484375,GALLSTONE,RF,dp,0.1,20
0.5477328431372549,0.1414828431372549,255,64,0.23137254901960785,0.23137254901960785,0.1,0.42761750574048696,59,6,58,196,0.23137254901960785,0.09375,True,max_tpr_with_empirical_fpr_le_target,0.027450980392156862,0.027450980392156862,0.01,1.9030278774214775,7,0,64,248,0.027450980392156862,0.0,False,max_tpr_with_empirical_fpr_le_target,0.027450980392156862,0.027450980392156862,0.001,1.9030278774214775,7,0,64,248,0.027450980392156862,0.0,False,max_tpr_with_empirical_fpr_le_target,32,True,False,0.45824949926844566,0.4546858003720776,0.484375,GALLSTONE,RF,dp,0.1,21
0.540563725490196,0.12359068627450975,255,64,0.13333333333333333,0.13333333333333333,0.1,0.6897489598388882,34,6,58,221,0.13333333333333333,0.09375,True,max_tpr_with_empirical_fpr_le_target,0.00784313725490196,0.00784313725490196,0.01,2.118026377257336,2,0,64,253,0.00784313725490196,0.0,False,max_tpr_with_empirical_fpr_le_target,0.00784313725490196,0.00784313725490196,0.001,2.118026377257336,2,0,64,253,0.00784313725490196,0.0,False,max_tpr_with_empirical_fpr_le_target,32,True,False,0.5086379499823889,0.5117774935703886,0.484375,GALLSTONE,RF,dp,0.1,22
0.490625,0.07156862745098042,255,64,0.08235294117647059,0.08235294117647059,0.1,1.2111104471088052,21,5,59,234,0.08235294117647059,0.078125,True,max_tpr_with_empirical_fpr_le_target,0.00784313725490196,0.00784313725490196,0.01,2.4866241324273477,2,0,64,253,0.00784313725490196,0.0,False,max_tpr_with_empirical_fpr_le_target,0.00784313725490196,0.00784313725490196,0.001,2.4866241324273477,2,0,64,253,0.00784313725490196,0.0,False,max_tpr_with_empirical_fpr_le_target,32,True,False,0.41743800476503606,0.4109010108399695,0.484375,GALLSTONE,RF,dp,0.1,23
0.4511029411764706,0.03903186274509807,255,64,0.08627450980392157,0.08627450980392157,0.1,1.1136936590229913,22,6,58,233,0.08627450980392157,0.09375,True,max_tpr_with_empirical_fpr_le_target,0.011764705882352941,0.011764705882352941,0.01,2.263225596800103,3,0,64,252,0.011764705882352941,0.0,False,max_tpr_with_empirical_fpr_le_target,0.011764705882352941,0.011764705882352941,0.001,2.263225596800103,3,0,64,252,0.011764705882352941,0.0,False,max_tpr_with_empirical_fpr_le_target,32,True,False,0.4284552270676223,0.4206102229329192,0.484375,GALLSTONE,RF,dp,0.1,24
0.5027573529411765,0.14399509803921573,255,64,0.07058823529411765,0.07058823529411765,0.1,0.7409576851298743,18,6,58,237,0.07058823529411765,0.09375,True,max_tpr_with_empirical_fpr_le_target,0.023529411764705882,0.023529411764705882,0.01,1.375659371711846,6,0,64,249,0.023529411764705882,0.0,False,max_tpr_with_empirical_fpr_le_target,0.023529411764705882,0.023529411764705882,0.001,1.375659371711846,6,0,64,249,0.023529411764705882,0.0,False,max_tpr_with_empirical_fpr_le_target,32,True,False,0.4972416813394399,0.49840098955082945,0.484375,GALLSTONE,RF,dp,0.1,25
0.5343749999999999,0.15906862745098038,255,64,0.10980392156862745,0.10980392156862745,0.1,0.8517000640597114,28,6,58,227,0.10980392156862745,0.09375,True,max_tpr_with_empirical_fpr_le_target,0.00784313725490196,0.00784313725490196,0.01,1.8922545344105912,2,0,64,253,0.00784313725490196,0.0,False,max_tpr_with_empirical_fpr_le_target,0.00784313725490196,0.00784313725490196,0.001,1.8922545344105912,2,0,64,253,0.00784313725490196,0.0,False,max_tpr_with_empirical_fpr_le_target,32,True,False,0.40855551724937894,0.41878510724666146,0.484375,GALLSTONE,RF,dp,0.1,26
0.47261029411764705,0.06495098039215685,255,64,0.054901960784313725,0.054901960784313725,0.1,1.1884415320939836,14,6,58,241,0.054901960784313725,0.09375,True,max_tpr_with_empirical_fpr_le_target,0.0,0.0,0.01,inf,0,0,64,255,0.0,0.0,False,max_tpr_with_empirical_fpr_le_target,0.0,0.0,0.001,inf,0,0,64,255,0.0,0.0,False,max_tpr_with_empirical_fpr_le_target,32,True,False,0.4720684554861297,0.46945728440534085,0.484375,GALLSTONE,RF,dp,0.1,27
0.5324754901960784,0.11568627450980395,255,64,0.06666666666666667,0.06666666666666667,0.1,0.9888386243713128,17,5,59,238,0.06666666666666667,0.078125,True,max_tpr_with_empirical_fpr_le_target,0.0196078431372549,0.0196078431372549,0.01,1.8978413903241012,5,0,64,250,0.0196078431372549,0.0,False,max_tpr_with_empirical_fpr_le_target,0.0196078431372549,0.0196078431372549,0.001,1.8978413903241012,5,0,64,250,0.0196078431372549,0.0,False,max_tpr_with_empirical_fpr_le_target,32,True,False,0.45770302571502314,0.4677720275179663,0.484375,GALLSTONE,RF,dp,0.1,28
0.4449754901960784,0.018872549019607887,255,64,0.054901960784313725,0.054901960784313725,0.1,0.9966817534478141,14,6,58,241,0.054901960784313725,0.09375,True,max_tpr_with_empirical_fpr_le_target,0.00784313725490196,0.00784313725490196,0.01,2.5958927180714193,2,0,64,253,0.00784313725490196,0.0,False,max_tpr_with_empirical_fpr_le_target,0.00784313725490196,0.00784313725490196,0.001,2.5958927180714193,2,0,64,253,0.00784313725490196,0.0,False,max_tpr_with_empirical_fpr_le_target,32,True,False,0.45310850418350884,0.45015380892720214,0.484375,GALLSTONE,RF,dp,0.1,29
0.5155637254901961,0.11250000000000004,255,64,0.11372549019607843,0.11372549019607843,0.1,0.7359889187290545,29,6,58,226,0.11372549019607843,0.09375,True,max_tpr_with_empirical_fpr_le_target,0.047058823529411764,0.047058823529411764,0.01,1.2852583009904475,12,0,64,243,0.047058823529411764,0.0,False,max_tpr_with_empirical_fpr_le_target,0.047058823529411764,0.047058823529411764,0.001,1.2852583009904475,12,0,64,243,0.047058823529411764,0.0,False,max_tpr_with_empirical_fpr_le_target,32,True,False,0.42877464545714467,0.42751132264742486,0.5,GALLSTONE,RF,dp,0.2,0
0.46421568627450976,0.06292892156862745,255,64,0.12549019607843137,0.12549019607843137,0.1,0.6232301269832854,32,6,58,223,0.12549019607843137,0.09375,True,max_tpr_with_empirical_fpr_le_target,0.00392156862745098,0.00392156862745098,0.01,2.242044607548785,1,0,64,254,0.00392156862745098,0.0,False,max_tpr_with_empirical_fpr_le_target,0.00392156862745098,0.00392156862745098,0.001,2.242044607548785,1,0,64,254,0.00392156862745098,0.0,False,max_tpr_with_empirical_fpr_le_target,32,True,False,0.44617430349360765,0.44915375033697386,0.5,GALLSTONE,RF,dp,0.2,1
0.576531862745098,0.1814338235294118,255,64,0.16862745098039217,0.16862745098039217,0.1,0.48362834868828053,43,6,58,212,0.16862745098039217,0.09375,True,max_tpr_with_empirical_fpr_le_target,0.00392156862745098,0.00392156862745098,0.01,1.9350832170926595,1,0,64,254,0.00392156862745098,0.0,False,max_tpr_with_empirical_fpr_le_target,0.00392156862745098,0.00392156862745098,0.001,1.9350832170926595,1,0,64,254,0.00392156862745098,0.0,False,max_tpr_with_empirical_fpr_le_target,32,True,False,0.4225341568811043,0.4274424932100648,0.5,GALLSTONE,RF,dp,0.2,2
0.49742647058823525,0.07892156862745098,255,64,0.11764705882352941,0.11764705882352941,0.1,0.5555808922131404,30,6,58,225,0.11764705882352941,0.09375,True,max_tpr_with_empirical_fpr_le_target,0.00392156862745098,0.00392156862745098,0.01,1.861399994263819,1,0,64,254,0.00392156862745098,0.0,False,max_tpr_with_empirical_fpr_le_target,0.00392156862745098,0.00392156862745098,0.001,1.861399994263819,1,0,64,254,0.00392156862745098,0.0,False,max_tpr_with_empirical_fpr_le_target,32,True,False,0.4326962832274058,0.43571612192175885,0.5,GALLSTONE,RF,dp,0.2,3
0.4864583333333333,0.06874999999999998,255,64,0.10980392156862745,0.10980392156862745,0.1,0.6628811327294085,28,6,58,227,0.10980392156862745,0.09375,True,max_tpr_with_empirical_fpr_le_target,0.0,0.0,0.01,inf,0,0,64,255,0.0,0.0,False,max_tpr_with_empirical_fpr_le_target,0.0,0.0,0.001,inf,0,0,64,255,0.0,0.0,False,max_tpr_with_empirical_fpr_le_target,32,True,False,0.4525798116700638,0.44467398017028387,0.5,GALLSTONE,RF,dp,0.2,4
0.5236519607843138,0.11495098039215684,255,64,0.10588235294117647,0.10588235294117647,0.1,0.6468859407920187,27,5,59,228,0.10588235294117647,0.078125,True,max_tpr_with_empirical_fpr_le_target,0.043137254901960784,0.043137254901960784,0.01,0.9934857575174814,11,0,64,244,0.043137254901960784,0.0,False,max_tpr_with_empirical_fpr_le_target,0.043137254901960784,0.043137254901960784,0.001,0.9934857575174814,11,0,64,244,0.043137254901960784,0.0,False,max_tpr_with_empirical_fpr_le_target,32,True,False,0.4313586320748655,0.43262955325013513,0.5,GALLSTONE,RF,dp,0.2,5
0.4841299019607843,0.07922794117647058,255,64,0.1450980392156863,0.1450980392156863,0.1,0.6224844201815026,37,6,58,218,0.1450980392156863,0.09375,True,max_tpr_with_empirical_fpr_le_target,0.00784313725490196,0.00784313725490196,0.01,2.2154126067932243,2,0,64,253,0.00784313725490196,0.0,False,max_tpr_with_empirical_fpr_le_target,0.00784313725490196,0.00784313725490196,0.001,2.2154126067932243,2,0,64,253,0.00784313725490196,0.0,False,max_tpr_with_empirical_fpr_le_target,32,True,False,0.44791276772153127,0.4461185120286494,0.5,GALLSTONE,RF,dp,0.2,6
0.5291666666666667,0.0971813725490196,255,64,0.1568627450980392,0.1568627450980392,0.1,0.5038924901061356,40,5,59,215,0.1568627450980392,0.078125,True,max_tpr_with_empirical_fpr_le_target,0.0,0.0,0.01,inf,0,0,64,255,0.0,0.0,False,max_tpr_with_empirical_fpr_le_target,0.0,0.0,0.001,inf,0,0,64,255,0.0,0.0,False,max_tpr_with_empirical_fpr_le_target,32,True,False,0.4481150284451753,0.4483087710567754,0.5,GALLSTONE,RF,dp,0.2,7
0.513296568627451,0.08075980392156867,255,64,0.09803921568627451,0.09803921568627451,0.1,1.1387673562062521,25,5,59,230,0.09803921568627451,0.078125,True,max_tpr_with_empirical_fpr_le_target,0.01568627450980392,0.01568627450980392,0.01,2.1070433931239645,4,0,64,251,0.01568627450980392,0.0,False,max_tpr_with_empirical_fpr_le_target,0.01568627450980392,0.01568627450980392,0.001,2.1070433931239645,4,0,64,251,0.01568627450980392,0.0,False,max_tpr_with_empirical_fpr_le_target,32,True,False,0.46086906127398247,0.43656577191715523,0.5,GALLSTONE,RF,dp,0.2,8
0.5321078431372549,0.07947303921568627,255,64,0.1568627450980392,0.1568627450980392,0.1,0.3726568936852759,40,6,58,215,0.1568627450980392,0.09375,True,max_tpr_with_empirical_fpr_le_target,0.058823529411764705,0.058823529411764705,0.01,0.9551916569588124,15,0,64,240,0.058823529411764705,0.0,False,max_tpr_with_empirical_fpr_le_target,0.058823529411764705,0.058823529411764705,0.001,0.9551916569588124,15,0,64,240,0.058823529411764705,0.0,False,max_tpr_with_empirical_fpr_le_target,32,True,False,0.4472105524286646,0.4564740389022234,0.5,GALLSTONE,RF,dp,0.2,9
0.531372549019608,0.12432598039215681,255,64,0.1568627450980392,0.1568627450980392,0.1,0.5887310836495341,40,6,58,215,0.1568627450980392,0.09375,True,max_tpr_with_empirical_fpr_le_target,0.047058823529411764,0.047058823529411764,0.01,1.064948684717561,12,0,64,243,0.047058823529411764,0.0,False,max_tpr_with_empirical_fpr_le_target,0.047058823529411764,0.047058823529411764,0.001,1.064948684717561,12,0,64,243,0.047058823529411764,0.0,False,max_tpr_with_empirical_fpr_le_target,32,True,False,0.46678020127122555,0.4621292154190552,0.5,GALLSTONE,RF,dp,0.2,10
0.46568627450980393,0.04368872549019609,255,64,0.12549019607843137,0.12549019607843137,0.1,0.4533374043281675,32,6,58,223,0.12549019607843137,0.09375,True,max_tpr_with_empirical_fpr_le_target,0.03137254901960784,0.03137254901960784,0.01,0.9723776122715213,8,0,64,247,0.03137254901960784,0.0,False,max_tpr_with_empirical_fpr_le_target,0.03137254901960784,0.03137254901960784,0.001,0.9723776122715213,8,0,64,247,0.03137254901960784,0.0,False,max_tpr_with_empirical_fpr_le_target,32,True,False,0.49086191221550374,0.49363833704232296,0.5,GALLSTONE,RF,dp,0.2,11
0.548345588235294,0.11446078431372547,255,64,0.15294117647058825,0.15294117647058825,0.1,0.5773693298918126,39,6,58,216,0.15294117647058825,0.09375,True,max_tpr_with_empirical_fpr_le_target,0.0196078431372549,0.0196078431372549,0.01,1.5672431856396596,5,0,64,250,0.0196078431372549,0.0,False,max_tpr_with_empirical_fpr_le_target,0.0196078431372549,0.0196078431372549,0.001,1.5672431856396596,5,0,64,250,0.0196078431372549,0.0,False,max_tpr_with_empirical_fpr_le_target,32,True,False,0.43939208216125375,0.4399983513912592,0.5,GALLSTONE,RF,dp,0.2,12
0.4451593137254902,0.03167892156862745,255,64,0.10980392156862745,0.10980392156862745,0.1,0.7711715797113367,28,5,59,227,0.10980392156862745,0.078125,True,max_tpr_with_empirical_fpr_le_target,0.011764705882352941,0.011764705882352941,0.01,2.1195253691013543,3,0,64,252,0.011764705882352941,0.0,False,max_tpr_with_empirical_fpr_le_target,0.011764705882352941,0.011764705882352941,0.001,2.1195253691013543,3,0,64,252,0.011764705882352941,0.0,False,max_tpr_with_empirical_fpr_le_target,32,True,False,0.4299062173928307,0.42087298202659895,0.5,GALLSTONE,RF,dp,0.2,13
0.5144607843137254,0.08394607843137253,255,64,0.10980392156862745,0.10980392156862745,0.1,0.5110193911835736,28,5,59,227,0.10980392156862745,0.078125,True,max_tpr_with_empirical_fpr_le_target,0.0,0.0,0.01,inf,0,0,64,255,0.0,0.0,False,max_tpr_with_empirical_fpr_le_target,0.0,0.0,0.001,inf,0,0,64,255,0.0,0.0,False,max_tpr_with_empirical_fpr_le_target,32,True,False,0.4732207022105403,0.4746639501134785,0.5,GALLSTONE,RF,dp,0.2,14
0.4792892156862745,0.03743872549019611,255,64,0.11764705882352941,0.11764705882352941,0.1,0.5935833113562876,30,6,58,225,0.11764705882352941,0.09375,True,max_tpr_with_empirical_fpr_le_target,0.0196078431372549,0.0196078431372549,0.01,1.092878260670921,5,0,64,250,0.0196078431372549,0.0,False,max_tpr_with_empirical_fpr_le_target,0.0196078431372549,0.0196078431372549,0.001,1.092878260670921,5,0,64,250,0.0196078431372549,0.0,False,max_tpr_with_empirical_fpr_le_target,32,True,False,0.4489473349525646,0.45457429003405125,0.5,GALLSTONE,RF,dp,0.2,15
0.5118872549019607,0.0829044117647059,255,64,0.13333333333333333,0.13333333333333333,0.1,0.6103553833013358,34,6,58,221,0.13333333333333333,0.09375,True,max_tpr_with_empirical_fpr_le_target,0.0,0.0,0.01,inf,0,0,64,255,0.0,0.0,False,max_tpr_with_empirical_fpr_le_target,0.0,0.0,0.001,inf,0,0,64,255,0.0,0.0,False,max_tpr_with_empirical_fpr_le_target,32,True,False,0.42440140888594646,0.4296548536669414,0.5,GALLSTONE,RF,dp,0.2,16
0.5177696078431373,0.10870098039215681,255,64,0.09803921568627451,0.09803921568627451,0.1,0.605113365504418,25,5,59,230,0.09803921568627451,0.078125,True,max_tpr_with_empirical_fpr_le_target,0.01568627450980392,0.01568627450980392,0.01,1.373542762723083,4,0,64,251,0.01568627450980392,0.0,False,max_tpr_with_empirical_fpr_le_target,0.01568627450980392,0.01568627450980392,0.001,1.373542762723083,4,0,64,251,0.01568627450980392,0.0,False,max_tpr_with_empirical_fpr_le_target,32,True,False,0.4713939484052633,0.4836135250957406,0.5,GALLSTONE,RF,dp,0.2,17
0.5060661764705883,0.06862745098039214,255,64,0.11764705882352941,0.11764705882352941,0.1,0.7268178975376012,30,5,59,225,0.11764705882352941,0.078125,True,max_tpr_with_empirical_fpr_le_target,0.0,0.0,0.01,inf,0,0,64,255,0.0,0.0,False,max_tpr_with_empirical_fpr_le_target,0.0,0.0,0.001,inf,0,0,64,255,0.0,0.0,False,max_tpr_with_empirical_fpr_le_target,32,True,False,0.4513393300124773,0.4495341404553115,0.5,GALLSTONE,RF,dp,0.2,18
0.44050245098039215,0.024080882352941174,255,64,0.08235294117647059,0.08235294117647059,0.1,0.9777759911688403,21,6,58,234,0.08235294117647059,0.09375,True,max_tpr_with_empirical_fpr_le_target,0.01568627450980392,0.01568627450980392,0.01,2.0851309167309675,4,0,64,251,0.01568627450980392,0.0,False,max_tpr_with_empirical_fpr_le_target,0.01568627450980392,0.01568627450980392,0.001,2.0851309167309675,4,0,64,251,0.01568627450980392,0.0,False,max_tpr_with_empirical_fpr_le_target,32,True,False,0.41734474657603954,0.41232279995213517,0.5,GALLSTONE,RF,dp,0.2,19
0.5111519607843137,0.09295343137254897,255,64,0.06274509803921569,0.06274509803921569,0.1,0.6923335080017705,16,6,58,239,0.06274509803921569,0.09375,True,max_tpr_with_empirical_fpr_le_target,0.00392156862745098,0.00392156862745098,0.01,1.6362528532294287,1,0,64,254,0.00392156862745098,0.0,False,max_tpr_with_empirical_fpr_le_target,0.00392156862745098,0.00392156862745098,0.001,1.6362528532294287,1,0,64,254,0.00392156862745098,0.0,False,max_tpr_with_empirical_fpr_le_target,32,True,False,0.44918341145229007,0.44424856555398107,0.5,GALLSTONE,RF,dp,0.2,20
0.5179534313725489,0.08345588235294116,255,64,0.15294117647058825,0.15294117647058825,0.1,0.5918129838210031,39,6,58,216,0.15294117647058825,0.09375,True,max_tpr_with_empirical_fpr_le_target,0.0196078431372549,0.0196078431372549,0.01,1.3794397226433397,5,0,64,250,0.0196078431372549,0.0,False,max_tpr_with_empirical_fpr_le_target,0.0196078431372549,0.0196078431372549,0.001,1.3794397226433397,5,0,64,250,0.0196078431372549,0.0,False,max_tpr_with_empirical_fpr_le_target,32,True,False,0.4695751049500127,0.46073047762787384,0.5,GALLSTONE,RF,dp,0.2,21
0.5090073529411765,0.07071078431372549,255,64,0.11764705882352941,0.11764705882352941,0.1,0.6637225007770385,30,5,59,225,0.11764705882352941,0.078125,True,max_tpr_with_empirical_fpr_le_target,0.0,0.0,0.01,inf,0,0,64,255,0.0,0.0,False,max_tpr_with_empirical_fpr_le_target,0.0,0.0,0.001,inf,0,0,64,255,0.0,0.0,False,max_tpr_with_empirical_fpr_le_target,32,True,False,0.47765124822814026,0.4846047291600341,0.5,GALLSTONE,RF,dp,0.2,22
0.5416053921568628,0.12187500000000001,255,64,0.21176470588235294,0.21176470588235294,0.1,0.48733286328308356,54,6,58,201,0.21176470588235294,0.09375,True,max_tpr_with_empirical_fpr_le_target,0.00392156862745098,0.00392156862745098,0.01,2.132057302572929,1,0,64,254,0.00392156862745098,0.0,False,max_tpr_with_empirical_fpr_le_target,0.00392156862745098,0.00392156862745098,0.001,2.132057302572929,1,0,64,254,0.00392156862745098,0.0,False,max_tpr_with_empirical_fpr_le_target,32,True,False,0.3856488303487121,0.382706305533361,0.5,GALLSTONE,RF,dp,0.2,23
0.4990196078431373,0.12009803921568629,255,64,0.03529411764705882,0.03529411764705882,0.1,0.9021722020114034,9,6,58,246,0.03529411764705882,0.09375,True,max_tpr_with_empirical_fpr_le_target,0.0,0.0,0.01,inf,0,0,64,255,0.0,0.0,False,max_tpr_with_empirical_fpr_le_target,0.0,0.0,0.001,inf,0,0,64,255,0.0,0.0,False,max_tpr_with_empirical_fpr_le_target,32,True,False,0.43760595376262507,0.4411765163796649,0.5,GALLSTONE,RF,dp,0.2,24
0.47414215686274513,0.04417892156862746,255,64,0.08627450980392157,0.08627450980392157,0.1,0.5899642298605507,22,6,58,233,0.08627450980392157,0.09375,True,max_tpr_with_empirical_fpr_le_target,0.00392156862745098,0.00392156862745098,0.01,1.7210881655620422,1,0,64,254,0.00392156862745098,0.0,False,max_tpr_with_empirical_fpr_le_target,0.00392156862745098,0.00392156862745098,0.001,1.7210881655620422,1,0,64,254,0.00392156862745098,0.0,False,max_tpr_with_empirical_fpr_le_target,32,True,False,0.49584682111057066,0.49806220473207574,0.5,GALLSTONE,RF,dp,0.2,25
0.5795343137254902,0.17052696078431373,255,64,0.1450980392156863,0.1450980392156863,0.1,0.527040145458409,37,6,58,218,0.1450980392156863,0.09375,True,max_tpr_with_empirical_fpr_le_target,0.011764705882352941,0.011764705882352941,0.01,1.4715784374102918,3,0,64,252,0.011764705882352941,0.0,False,max_tpr_with_empirical_fpr_le_target,0.011764705882352941,0.011764705882352941,0.001,1.4715784374102918,3,0,64,252,0.011764705882352941,0.0,False,max_tpr_with_empirical_fpr_le_target,32,True,False,0.4077558482521375,0.42872719834084966,0.5,GALLSTONE,RF,dp,0.2,26
0.4716911764705882,0.06219362745098034,255,64,0.08235294117647059,0.08235294117647059,0.1,0.8268020952739104,21,5,59,234,0.08235294117647059,0.078125,True,max_tpr_with_empirical_fpr_le_target,0.01568627450980392,0.01568627450980392,0.01,1.5077939596128083,4,0,64,251,0.01568627450980392,0.0,False,max_tpr_with_empirical_fpr_le_target,0.01568627450980392,0.01568627450980392,0.001,1.5077939596128083,4,0,64,251,0.01568627450980392,0.0,False,max_tpr_with_empirical_fpr_le_target,32,True,False,0.4432123703261015,0.44201532873866684,0.5,GALLSTONE,RF,dp,0.2,27
0.5446691176470588,0.1275735294117647,255,64,0.0784313725490196,0.0784313725490196,0.1,0.7737267988728522,20,6,58,235,0.0784313725490196,0.09375,True,max_tpr_with_empirical_fpr_le_target,0.0,0.0,0.01,inf,0,0,64,255,0.0,0.0,False,max_tpr_with_empirical_fpr_le_target,0.0,0.0,0.001,inf,0,0,64,255,0.0,0.0,False,max_tpr_with_empirical_fpr_le_target,32,True,False,0.46385958315738873,0.47537560772786197,0.5,GALLSTONE,RF,dp,0.2,28
0.44999999999999996,0.03946078431372549,255,64,0.10980392156862745,0.10980392156862745,0.1,0.7207972681724142,28,6,58,227,0.10980392156862745,0.09375,True,max_tpr_with_empirical_fpr_le_target,0.00784313725490196,0.00784313725490196,0.01,1.9640325458368812,2,0,64,253,0.00784313725490196,0.0,False,max_tpr_with_empirical_fpr_le_target,0.00784313725490196,0.00784313725490196,0.001,1.9640325458368812,2,0,64,253,0.00784313725490196,0.0,False,max_tpr_with_empirical_fpr_le_target,32,True,False,0.4384784389696059,0.4311156489553724,0.5,GALLSTONE,RF,dp,0.2,29
0.5318627450980392,0.10729166666666667,255,64,0.12549019607843137,0.12549019607843137,0.1,0.6846177999558378,32,6,58,223,0.12549019607843137,0.09375,True,max_tpr_with_empirical_fpr_le_target,0.0,0.0,0.01,inf,0,0,64,255,0.0,0.0,False,max_tpr_with_empirical_fpr_le_target,0.0,0.0,0.001,inf,0,0,64,255,0.0,0.0,False,max_tpr_with_empirical_fpr_le_target,32,True,False,0.4124667642803504,0.4037942796791792,0.484375,GALLSTONE,RF,dp,0.4,0
0.533517156862745,0.11433823529411763,255,64,0.1843137254901961,0.1843137254901961,0.1,0.4571856712558835,47,6,58,208,0.1843137254901961,0.09375,True,max_tpr_with_empirical_fpr_le_target,0.00392156862745098,0.00392156862745098,0.01,2.2719948506544227,1,0,64,254,0.00392156862745098,0.0,False,max_tpr_with_empirical_fpr_le_target,0.00392156862745098,0.00392156862745098,0.001,2.2719948506544227,1,0,64,254,0.00392156862745098,0.0,False,max_tpr_with_empirical_fpr_le_target,32,True,False,0.4879635860978004,0.47528615106872096,0.484375,GALLSTONE,RF,dp,0.4,1
0.5869485294117647,0.17738970588235292,255,64,0.1411764705882353,0.1411764705882353,0.1,0.4775926724598678,36,6,58,219,0.1411764705882353,0.09375,True,max_tpr_with_empirical_fpr_le_target,0.00392156862745098,0.00392156862745098,0.01,1.5533462546767873,1,0,64,254,0.00392156862745098,0.0,False,max_tpr_with_empirical_fpr_le_target,0.00392156862745098,0.00392156862745098,0.001,1.5533462546767873,1,0,64,254,0.00392156862745098,0.0,False,max_tpr_with_empirical_fpr_le_target,32,True,False,0.44665244703601065,0.4537341371898234,0.484375,GALLSTONE,RF,dp,0.4,2
0.47689950980392154,0.055943627450980415,255,64,0.1450980392156863,0.1450980392156863,0.1,0.47062534766567865,37,6,58,218,0.1450980392156863,0.09375,True,max_tpr_with_empirical_fpr_le_target,0.027450980392156862,0.027450980392156862,0.01,1.2471530098365582,7,0,64,248,0.027450980392156862,0.0,False,max_tpr_with_empirical_fpr_le_target,0.027450980392156862,0.027450980392156862,0.001,1.2471530098365582,7,0,64,248,0.027450980392156862,0.0,False,max_tpr_with_empirical_fpr_le_target,32,True,False,0.40852890305052764,0.4201156757047033,0.484375,GALLSTONE,RF,dp,0.4,3
0.5011642156862745,0.05919117647058825,255,64,0.15294117647058825,0.15294117647058825,0.1,0.5178894329981356,39,6,58,216,0.15294117647058825,0.09375,True,max_tpr_with_empirical_fpr_le_target,0.011764705882352941,0.011764705882352941,0.01,1.2680874507581592,3,0,64,252,0.011764705882352941,0.0,False,max_tpr_with_empirical_fpr_le_target,0.011764705882352941,0.011764705882352941,0.001,1.2680874507581592,3,0,64,252,0.011764705882352941,0.0,False,max_tpr_with_empirical_fpr_le_target,32,True,False,0.46432014277408246,0.44848720679672727,0.484375,GALLSTONE,RF,dp,0.4,4
0.4886029411764706,0.11881127450980394,255,64,0.0784313725490196,0.0784313725490196,0.1,0.8203007261525719,20,6,58,235,0.0784313725490196,0.09375,True,max_tpr_with_empirical_fpr_le_target,0.0,0.0,0.01,inf,0,0,64,255,0.0,0.0,False,max_tpr_with_empirical_fpr_le_target,0.0,0.0,0.001,inf,0,0,64,255,0.0,0.0,False,max_tpr_with_empirical_fpr_le_target,32,True,False,0.45920899817138705,0.4560182317551267,0.484375,GALLSTONE,RF,dp,0.4,5
0.5162377450980391,0.0845588235294118,255,64,0.13725490196078433,0.13725490196078433,0.1,0.48699844858875274,35,6,58,220,0.13725490196078433,0.09375,True,max_tpr_with_empirical_fpr_le_target,0.00392156862745098,0.00392156862745098,0.01,2.395372007231913,1,0,64,254,0.00392156862745098,0.0,False,max_tpr_with_empirical_fpr_le_target,0.00392156862745098,0.00392156862745098,0.001,2.395372007231913,1,0,64,254,0.00392156862745098,0.0,False,max_tpr_with_empirical_fpr_le_target,32,True,False,0.5255840492148478,0.5229400250249536,0.484375,GALLSTONE,RF,dp,0.4,6
0.5188725490196078,0.08504901960784317,255,64,0.1411764705882353,0.1411764705882353,0.1,0.6119864414573684,36,6,58,219,0.1411764705882353,0.09375,True,max_tpr_with_empirical_fpr_le_target,0.07450980392156863,0.07450980392156863,0.01,1.0053572877216526,19,0,64,236,0.07450980392156863,0.0,False,max_tpr_with_empirical_fpr_le_target,0.07450980392156863,0.07450980392156863,0.001,1.0053572877216526,19,0,64,236,0.07450980392156863,0.0,False,max_tpr_with_empirical_fpr_le_target,32,True,False,0.4435624216108485,0.4409102149027278,0.484375,GALLSTONE,RF,dp,0.4,7
0.4886029411764706,0.06311274509803921,255,64,0.1568627450980392,0.1568627450980392,0.1,0.5012483513977384,40,6,58,215,0.1568627450980392,0.09375,True,max_tpr_with_empirical_fpr_le_target,0.0,0.0,0.01,inf,0,0,64,255,0.0,0.0,False,max_tpr_with_empirical_fpr_le_target,0.0,0.0,0.001,inf,0,0,64,255,0.0,0.0,False,max_tpr_with_empirical_fpr_le_target,32,True,False,0.4919710784300396,0.47683346749633987,0.484375,GALLSTONE,RF,dp,0.4,8
0.47401960784313724,0.051041666666666666,255,64,0.10196078431372549,0.10196078431372549,0.1,0.45970496507212255,26,5,59,229,0.10196078431372549,0.078125,True,max_tpr_with_empirical_fpr_le_target,0.01568627450980392,0.01568627450980392,0.01,0.9512065460192677,4,0,64,251,0.01568627450980392,0.0,False,max_tpr_with_empirical_fpr_le_target,0.01568627450980392,0.01568627450980392,0.001,0.9512065460192677,4,0,64,251,0.01568627450980392,0.0,False,max_tpr_with_empirical_fpr_le_target,32,True,False,0.48186716547039166,0.48802940251946036,0.484375,GALLSTONE,RF,dp,0.4,9
0.5069240196078431,0.09411764705882353,255,64,0.13333333333333333,0.13333333333333333,0.1,0.48821646027143784,34,5,59,221,0.13333333333333333,0.078125,True,max_tpr_with_empirical_fpr_le_target,0.09411764705882353,0.09411764705882353,0.01,0.6590133568549783,24,0,64,231,0.09411764705882353,0.0,False,max_tpr_with_empirical_fpr_le_target,0.09411764705882353,0.09411764705882353,0.001,0.6590133568549783,24,0,64,231,0.09411764705882353,0.0,False,max_tpr_with_empirical_fpr_le_target,32,True,False,0.5065915114324339,0.49700456486109373,0.484375,GALLSTONE,RF,dp,0.4,10
0.46924019607843137,0.05061274509803926,255,64,0.13725490196078433,0.13725490196078433,0.1,0.5152345719857143,35,6,58,220,0.13725490196078433,0.09375,True,max_tpr_with_empirical_fpr_le_target,0.01568627450980392,0.01568627450980392,0.01,1.649968469920546,4,0,64,251,0.01568627450980392,0.0,False,max_tpr_with_empirical_fpr_le_target,0.01568627450980392,0.01568627450980392,0.001,1.649968469920546,4,0,64,251,0.01568627450980392,0.0,False,max_tpr_with_empirical_fpr_le_target,32,True,False,0.40925465634369124,0.415210551787456,0.484375,GALLSTONE,RF,dp,0.4,11
0.4548406862745098,0.06709558823529413,255,64,0.1607843137254902,0.1607843137254902,0.1,0.3990075793526833,41,6,58,214,0.1607843137254902,0.09375,True,max_tpr_with_empirical_fpr_le_target,0.0,0.0,0.01,inf,0,0,64,255,0.0,0.0,False,max_tpr_with_empirical_fpr_le_target,0.0,0.0,0.001,inf,0,0,64,255,0.0,0.0,False,max_tpr_with_empirical_fpr_le_target,32,True,False,0.46626647006245464,0.4647573039886744,0.484375,GALLSTONE,RF,dp,0.4,12
0.42720588235294116,0.03596813725490197,255,64,0.10196078431372549,0.10196078431372549,0.1,0.8426319655488212,26,5,59,229,0.10196078431372549,0.078125,True,max_tpr_with_empirical_fpr_le_target,0.027450980392156862,0.027450980392156862,0.01,1.4238408904095547,7,0,64,248,0.027450980392156862,0.0,False,max_tpr_with_empirical_fpr_le_target,0.027450980392156862,0.027450980392156862,0.001,1.4238408904095547,7,0,64,248,0.027450980392156862,0.0,False,max_tpr_with_empirical_fpr_le_target,32,True,False,0.40539800771888423,0.4075318346299711,0.484375,GALLSTONE,RF,dp,0.4,13
0.49123774509803925,0.0405637254901961,255,64,0.11372549019607843,0.11372549019607843,0.1,0.6226143699175427,29,5,59,226,0.11372549019607843,0.078125,True,max_tpr_with_empirical_fpr_le_target,0.01568627450980392,0.01568627450980392,0.01,1.4803593975122746,4,0,64,251,0.01568627450980392,0.0,False,max_tpr_with_empirical_fpr_le_target,0.01568627450980392,0.01568627450980392,0.001,1.4803593975122746,4,0,64,251,0.01568627450980392,0.0,False,max_tpr_with_empirical_fpr_le_target,32,True,False,0.4313802885711129,0.43664289977470816,0.484375,GALLSTONE,RF,dp,0.4,14
0.4897671568627451,0.06605392156862744,255,64,0.0784313725490196,0.0784313725490196,0.1,0.6372621655883779,20,6,58,235,0.0784313725490196,0.09375,True,max_tpr_with_empirical_fpr_le_target,0.03529411764705882,0.03529411764705882,0.01,0.9938719797587068,9,0,64,246,0.03529411764705882,0.0,False,max_tpr_with_empirical_fpr_le_target,0.03529411764705882,0.03529411764705882,0.001,0.9938719797587068,9,0,64,246,0.03529411764705882,0.0,False,max_tpr_with_empirical_fpr_le_target,32,True,False,0.4534571991519856,0.47215616503689317,0.484375,GALLSTONE,RF,dp,0.4,15
0.511703431372549,0.07291666666666663,255,64,0.13333333333333333,0.13333333333333333,0.1,0.5442905332803281,34,6,58,221,0.13333333333333333,0.09375,True,max_tpr_with_empirical_fpr_le_target,0.03137254901960784,0.03137254901960784,0.01,1.5296602700606305,8,0,64,247,0.03137254901960784,0.0,False,max_tpr_with_empirical_fpr_le_target,0.03137254901960784,0.03137254901960784,0.001,1.5296602700606305,8,0,64,247,0.03137254901960784,0.0,False,max_tpr_with_empirical_fpr_le_target,32,True,False,0.4446846740377329,0.4600572256089165,0.484375,GALLSTONE,RF,dp,0.4,16
0.5080269607843138,0.054044117647058854,255,64,0.12156862745098039,0.12156862745098039,0.1,0.557177591684757,31,6,58,224,0.12156862745098039,0.09375,True,max_tpr_with_empirical_fpr_le_target,0.023529411764705882,0.023529411764705882,0.01,1.3234228428635166,6,0,64,249,0.023529411764705882,0.0,False,max_tpr_with_empirical_fpr_le_target,0.023529411764705882,0.023529411764705882,0.001,1.3234228428635166,6,0,64,249,0.023529411764705882,0.0,False,max_tpr_with_empirical_fpr_le_target,32,True,False,0.44164358260428066,0.44766930300827196,0.484375,GALLSTONE,RF,dp,0.4,17
0.5243259803921568,0.12236519607843138,255,64,0.11372549019607843,0.11372549019607843,0.1,0.6241161379096007,29,6,58,226,0.11372549019607843,0.09375,True,max_tpr_with_empirical_fpr_le_target,0.0196078431372549,0.0196078431372549,0.01,1.3245598326692472,5,0,64,250,0.0196078431372549,0.0,False,max_tpr_with_empirical_fpr_le_target,0.0196078431372549,0.0196078431372549,0.001,1.3245598326692472,5,0,64,250,0.0196078431372549,0.0,False,max_tpr_with_empirical_fpr_le_target,32,True,False,0.4818199056752301,0.4949900660840943,0.484375,GALLSTONE,RF,dp,0.4,18
0.42898284313725493,0.015625,255,64,0.047058823529411764,0.047058823529411764,0.1,1.2480725615198356,12,6,58,243,0.047058823529411764,0.09375,True,max_tpr_with_empirical_fpr_le_target,0.00784313725490196,0.00784313725490196,0.01,2.3303161849856147,2,0,64,253,0.00784313725490196,0.0,False,max_tpr_with_empirical_fpr_le_target,0.00784313725490196,0.00784313725490196,0.001,2.3303161849856147,2,0,64,253,0.00784313725490196,0.0,False,max_tpr_with_empirical_fpr_le_target,32,True,False,0.423274654747143,0.4161462412053103,0.484375,GALLSTONE,RF,dp,0.4,19
0.4819852941176471,0.041053921568627416,255,64,0.03137254901960784,0.03137254901960784,0.1,0.9181763116648036,8,5,59,247,0.03137254901960784,0.078125,True,max_tpr_with_empirical_fpr_le_target,0.01568627450980392,0.01568627450980392,0.01,1.4704942423860825,4,0,64,251,0.01568627450980392,0.0,False,max_tpr_with_empirical_fpr_le_target,0.01568627450980392,0.01568627450980392,0.001,1.4704942423860825,4,0,64,251,0.01568627450980392,0.0,False,max_tpr_with_empirical_fpr_le_target,32,True,False,0.484542446034706,0.47557567004889795,0.484375,GALLSTONE,RF,dp,0.4,20
0.5490196078431372,0.11011029411764706,255,64,0.18823529411764706,0.18823529411764706,0.1,0.436027986234113,48,5,59,207,0.18823529411764706,0.078125,True,max_tpr_with_empirical_fpr_le_target,0.011764705882352941,0.011764705882352941,0.01,1.625762360064936,3,0,64,252,0.011764705882352941,0.0,False,max_tpr_with_empirical_fpr_le_target,0.011764705882352941,0.011764705882352941,0.001,1.625762360064936,3,0,64,252,0.011764705882352941,0.0,False,max_tpr_with_empirical_fpr_le_target,32,True,False,0.4267177534031463,0.4220243766699691,0.484375,GALLSTONE,RF,dp,0.4,21
0.542218137254902,0.10667892156862746,255,64,0.12549019607843137,0.12549019607843137,0.1,0.5636238543687138,32,5,59,223,0.12549019607843137,0.078125,True,max_tpr_with_empirical_fpr_le_target,0.00392156862745098,0.00392156862745098,0.01,2.6153606613935496,1,0,64,254,0.00392156862745098,0.0,False,max_tpr_with_empirical_fpr_le_target,0.00392156862745098,0.00392156862745098,0.001,2.6153606613935496,1,0,64,254,0.00392156862745098,0.0,False,max_tpr_with_empirical_fpr_le_target,32,True,False,0.4589630932366509,0.45993684060516926,0.484375,GALLSTONE,RF,dp,0.4,22
0.5181372549019607,0.09240196078431373,255,64,0.13333333333333333,0.13333333333333333,0.1,0.5883837718483482,34,6,58,221,0.13333333333333333,0.09375,True,max_tpr_with_empirical_fpr_le_target,0.011764705882352941,0.011764705882352941,0.01,1.4386698746797766,3,0,64,252,0.011764705882352941,0.0,False,max_tpr_with_empirical_fpr_le_target,0.011764705882352941,0.011764705882352941,0.001,1.4386698746797766,3,0,64,252,0.011764705882352941,0.0,False,max_tpr_with_empirical_fpr_le_target,32,True,False,0.4343834990548897,0.424770515588658,0.484375,GALLSTONE,RF,dp,0.4,23
0.5700367647058823,0.1588235294117647,255,64,0.09803921568627451,0.09803921568627451,0.1,0.5578801060892538,25,6,58,230,0.09803921568627451,0.09375,True,max_tpr_with_empirical_fpr_le_target,0.0,0.0,0.01,inf,0,0,64,255,0.0,0.0,False,max_tpr_with_empirical_fpr_le_target,0.0,0.0,0.001,inf,0,0,64,255,0.0,0.0,False,max_tpr_with_empirical_fpr_le_target,32,True,False,0.39711320907972947,0.4026604983563551,0.484375,GALLSTONE,RF,dp,0.4,24
0.5174632352941176,0.09999999999999998,255,64,0.1450980392156863,0.1450980392156863,0.1,0.44124346751011667,37,6,58,218,0.1450980392156863,0.09375,True,max_tpr_with_empirical_fpr_le_target,0.023529411764705882,0.023529411764705882,0.01,1.4043894717375753,6,0,64,249,0.023529411764705882,0.0,False,max_tpr_with_empirical_fpr_le_target,0.023529411764705882,0.023529411764705882,0.001,1.4043894717375753,6,0,64,249,0.023529411764705882,0.0,False,max_tpr_with_empirical_fpr_le_target,32,True,False,0.44291055504693394,0.4427991055809926,0.484375,GALLSTONE,RF,dp,0.4,25
0.5193014705882353,0.08566176470588238,255,64,0.1411764705882353,0.1411764705882353,0.1,0.5235572483414611,36,6,58,219,0.1411764705882353,0.09375,True,max_tpr_with_empirical_fpr_le_target,0.011764705882352941,0.011764705882352941,0.01,1.3877368453987406,3,0,64,252,0.011764705882352941,0.0,False,max_tpr_with_empirical_fpr_le_target,0.011764705882352941,0.011764705882352941,0.001,1.3877368453987406,3,0,64,252,0.011764705882352941,0.0,False,max_tpr_with_empirical_fpr_le_target,32,True,False,0.4753652297486789,0.4903763222335401,0.484375,GALLSTONE,RF,dp,0.4,26
0.4874387254901961,0.11004901960784313,255,64,0.19607843137254902,0.19607843137254902,0.1,0.4149555938895342,50,6,58,205,0.19607843137254902,0.09375,True,max_tpr_with_empirical_fpr_le_target,0.08235294117647059,0.08235294117647059,0.01,0.7934209450753802,21,0,64,234,0.08235294117647059,0.0,False,max_tpr_with_empirical_fpr_le_target,0.08235294117647059,0.08235294117647059,0.001,0.7934209450753802,21,0,64,234,0.08235294117647059,0.0,False,max_tpr_with_empirical_fpr_le_target,32,True,False,0.4342398147869017,0.4412149894714681,0.484375,GALLSTONE,RF,dp,0.4,27
0.5230392156862744,0.09258578431372544,255,64,0.12549019607843137,0.12549019607843137,0.1,0.5512099355344269,32,6,58,223,0.12549019607843137,0.09375,True,max_tpr_with_empirical_fpr_le_target,0.023529411764705882,0.023529411764705882,0.01,1.4183150218610083,6,0,64,249,0.023529411764705882,0.0,False,max_tpr_with_empirical_fpr_le_target,0.023529411764705882,0.023529411764705882,0.001,1.4183150218610083,6,0,64,249,0.023529411764705882,0.0,False,max_tpr_with_empirical_fpr_le_target,32,True,False,0.461678952940407,0.4617029018510089,0.484375,GALLSTONE,RF,dp,0.4,28
0.47549019607843135,0.08700980392156865,255,64,0.1450980392156863,0.1450980392156863,0.1,0.5418046655618388,37,5,59,218,0.1450980392156863,0.078125,True,max_tpr_with_empirical_fpr_le_target,0.00392156862745098,0.00392156862745098,0.01,2.3972655463000287,1,0,64,254,0.00392156862745098,0.0,False,max_tpr_with_empirical_fpr_le_target,0.00392156862745098,0.00392156862745098,0.001,2.3972655463000287,1,0,64,254,0.00392156862745098,0.0,False,max_tpr_with_empirical_fpr_le_target,32,True,False,0.42440758820401514,0.42159518988068445,0.484375,GALLSTONE,RF,dp,0.4,29
0.5306372549019608,0.13192401960784317,255,64,0.1568627450980392,0.1568627450980392,0.1,0.4167673785611046,40,6,58,215,0.1568627450980392,0.09375,True,max_tpr_with_empirical_fpr_le_target,0.10588235294117647,0.10588235294117647,0.01,0.7049440758798733,27,0,64,228,0.10588235294117647,0.0,False,max_tpr_with_empirical_fpr_le_target,0.10588235294117647,0.10588235294117647,0.001,0.7049440758798733,27,0,64,228,0.10588235294117647,0.0,False,max_tpr_with_empirical_fpr_le_target,32,True,False,0.44125542582497257,0.44031780544946847,0.5,GALLSTONE,RF,dp,0.8,0
0.550796568627451,0.15575980392156863,255,64,0.1411764705882353,0.1411764705882353,0.1,0.5195346614731805,36,6,58,219,0.1411764705882353,0.09375,True,max_tpr_with_empirical_fpr_le_target,0.011764705882352941,0.011764705882352941,0.01,1.5871272335015183,3,0,64,252,0.011764705882352941,0.0,False,max_tpr_with_empirical_fpr_le_target,0.011764705882352941,0.011764705882352941,0.001,1.5871272335015183,3,0,64,252,0.011764705882352941,0.0,False,max_tpr_with_empirical_fpr_le_target,32,True,False,0.4644101119494553,0.4594650745990737,0.5,GALLSTONE,RF,dp,0.8,1
0.5884803921568627,0.22873774509803924,255,64,0.09411764705882353,0.09411764705882353,0.1,0.4486764547315589,24,6,58,231,0.09411764705882353,0.09375,True,max_tpr_with_empirical_fpr_le_target,0.0392156862745098,0.0392156862745098,0.01,0.7171988640488589,10,0,64,245,0.0392156862745098,0.0,False,max_tpr_with_empirical_fpr_le_target,0.0392156862745098,0.0392156862745098,0.001,0.7171988640488589,10,0,64,245,0.0392156862745098,0.0,False,max_tpr_with_empirical_fpr_le_target,32,True,False,0.4347781981466236,0.43960242922526643,0.5,GALLSTONE,RF,dp,0.8,2
0.48474264705882353,0.03884803921568625,255,64,0.08627450980392157,0.08627450980392157,0.1,0.7072491169709272,22,6,58,233,0.08627450980392157,0.09375,True,max_tpr_with_empirical_fpr_le_target,0.00392156862745098,0.00392156862745098,0.01,1.408407619223082,1,0,64,254,0.00392156862745098,0.0,False,max_tpr_with_empirical_fpr_le_target,0.00392156862745098,0.00392156862745098,0.001,1.408407619223082,1,0,64,254,0.00392156862745098,0.0,False,max_tpr_with_empirical_fpr_le_target,32,True,False,0.46560815808297584,0.4635532497129438,0.5,GALLSTONE,RF,dp,0.8,3
0.48125,0.06691176470588237,255,64,0.1411764705882353,0.1411764705882353,0.1,0.4569909474797481,36,6,58,219,0.1411764705882353,0.09375,True,max_tpr_with_empirical_fpr_le_target,0.0196078431372549,0.0196078431372549,0.01,1.112340766753844,5,0,64,250,0.0196078431372549,0.0,False,max_tpr_with_empirical_fpr_le_target,0.0196078431372549,0.0196078431372549,0.001,1.112340766753844,5,0,64,250,0.0196078431372549,0.0,False,max_tpr_with_empirical_fpr_le_target,32,True,False,0.43852982394090606,0.43454115512853647,0.5,GALLSTONE,RF,dp,0.8,4
0.47064950980392156,0.046446078431372495,255,64,0.0392156862745098,0.0392156862745098,0.1,0.8170254048282852,10,6,58,245,0.0392156862745098,0.09375,True,max_tpr_with_empirical_fpr_le_target,0.027450980392156862,0.027450980392156862,0.01,1.1916803273232508,7,0,64,248,0.027450980392156862,0.0,False,max_tpr_with_empirical_fpr_le_target,0.027450980392156862,0.027450980392156862,0.001,1.1916803273232508,7,0,64,248,0.027450980392156862,0.0,False,max_tpr_with_empirical_fpr_le_target,32,True,False,0.4364166964349832,0.44698195832746856,0.5,GALLSTONE,RF,dp,0.8,5
0.4913602941176471,0.06213235294117647,255,64,0.10196078431372549,0.10196078431372549,0.1,0.6210088772723658,26,6,58,229,0.10196078431372549,0.09375,True,max_tpr_with_empirical_fpr_le_target,0.011764705882352941,0.011764705882352941,0.01,1.9449978689981529,3,0,64,252,0.011764705882352941,0.0,False,max_tpr_with_empirical_fpr_le_target,0.011764705882352941,0.011764705882352941,0.001,1.9449978689981529,3,0,64,252,0.011764705882352941,0.0,False,max_tpr_with_empirical_fpr_le_target,32,True,False,0.4910156687467264,0.4929495826218337,0.5,GALLSTONE,RF,dp,0.8,6
0.5357230392156862,0.08725490196078434,255,64,0.12549019607843137,0.12549019607843137,0.1,0.6687073843859895,32,6,58,223,0.12549019607843137,0.09375,True,max_tpr_with_empirical_fpr_le_target,0.00784313725490196,0.00784313725490196,0.01,1.713412542758996,2,0,64,253,0.00784313725490196,0.0,False,max_tpr_with_empirical_fpr_le_target,0.00784313725490196,0.00784313725490196,0.001,1.713412542758996,2,0,64,253,0.00784313725490196,0.0,False,max_tpr_with_empirical_fpr_le_target,32,True,False,0.41786689534847804,0.42676407046385856,0.5,GALLSTONE,RF,dp,0.8,7
0.503860294117647,0.09160539215686275,255,64,0.03137254901960784,0.03137254901960784,0.1,1.0048420978850494,8,6,58,247,0.03137254901960784,0.09375,True,max_tpr_with_empirical_fpr_le_target,0.00392156862745098,0.00392156862745098,0.01,2.9552672227460417,1,0,64,254,0.00392156862745098,0.0,False,max_tpr_with_empirical_fpr_le_target,0.00392156862745098,0.00392156862745098,0.001,2.9552672227460417,1,0,64,254,0.00392156862745098,0.0,False,max_tpr_with_empirical_fpr_le_target,32,True,False,0.4530726554545505,0.44830540038191463,0.5,GALLSTONE,RF,dp,0.8,8
0.5389093137254903,0.1436274509803922,255,64,0.07058823529411765,0.07058823529411765,0.1,0.5363394859217845,18,5,59,237,0.07058823529411765,0.078125,True,max_tpr_with_empirical_fpr_le_target,0.00784313725490196,0.00784313725490196,0.01,1.3378518375919364,2,0,64,253,0.00784313725490196,0.0,False,max_tpr_with_empirical_fpr_le_target,0.00784313725490196,0.00784313725490196,0.001,1.3378518375919364,2,0,64,253,0.00784313725490196,0.0,False,max_tpr_with_empirical_fpr_le_target,32,True,False,0.5166200418437387,0.5245503698532546,0.5,GALLSTONE,RF,dp,0.8,9
0.489828431372549,0.07334558823529413,255,64,0.08627450980392157,0.08627450980392157,0.1,0.6748648322299688,22,6,58,233,0.08627450980392157,0.09375,True,max_tpr_with_empirical_fpr_le_target,0.0,0.0,0.01,inf,0,0,64,255,0.0,0.0,False,max_tpr_with_empirical_fpr_le_target,0.0,0.0,0.001,inf,0,0,64,255,0.0,0.0,False,max_tpr_with_empirical_fpr_le_target,32,True,False,0.48248736101885265,0.4866289044217233,0.5,GALLSTONE,RF,dp,0.8,10
0.4872549019607843,0.052573529411764686,255,64,0.11372549019607843,0.11372549019607843,0.1,0.7255749100186915,29,6,58,226,0.11372549019607843,0.09375,True,max_tpr_with_empirical_fpr_le_target,0.0392156862745098,0.0392156862745098,0.01,1.248865968826407,10,0,64,245,0.0392156862745098,0.0,False,max_tpr_with_empirical_fpr_le_target,0.0392156862745098,0.0392156862745098,0.001,1.248865968826407,10,0,64,245,0.0392156862745098,0.0,False,max_tpr_with_empirical_fpr_le_target,32,True,False,0.4015883984972719,0.40395060663709753,0.5,GALLSTONE,RF,dp,0.8,11
0.4916053921568627,0.07003676470588238,255,64,0.058823529411764705,0.058823529411764705,0.1,0.9253460972677177,15,6,58,240,0.058823529411764705,0.09375,True,max_tpr_with_empirical_fpr_le_target,0.0,0.0,0.01,inf,0,0,64,255,0.0,0.0,False,max_tpr_with_empirical_fpr_le_target,0.0,0.0,0.001,inf,0,0,64,255,0.0,0.0,False,max_tpr_with_empirical_fpr_le_target,32,True,False,0.41776571076150437,0.41132609810765036,0.5,GALLSTONE,RF,dp,0.8,12
0.442953431372549,0.04344362745098039,255,64,0.12156862745098039,0.12156862745098039,0.1,0.8105774816563214,31,5,59,224,0.12156862745098039,0.078125,True,max_tpr_with_empirical_fpr_le_target,0.027450980392156862,0.027450980392156862,0.01,1.6254305661327249,7,0,64,248,0.027450980392156862,0.0,False,max_tpr_with_empirical_fpr_le_target,0.027450980392156862,0.027450980392156862,0.001,1.6254305661327249,7,0,64,248,0.027450980392156862,0.0,False,max_tpr_with_empirical_fpr_le_target,32,True,False,0.3753991510910768,0.3764571077892519,0.5,GALLSTONE,RF,dp,0.8,13
0.49325980392156865,0.05502450980392157,255,64,0.12156862745098039,0.12156862745098039,0.1,0.5903413919595648,31,6,58,224,0.12156862745098039,0.09375,True,max_tpr_with_empirical_fpr_le_target,0.054901960784313725,0.054901960784313725,0.01,0.9449928589577175,14,0,64,241,0.054901960784313725,0.0,False,max_tpr_with_empirical_fpr_le_target,0.054901960784313725,0.054901960784313725,0.001,0.9449928589577175,14,0,64,241,0.054901960784313725,0.0,False,max_tpr_with_empirical_fpr_le_target,32,True,False,0.44964583717017886,0.44807129570271437,0.5,GALLSTONE,RF,dp,0.8,14
0.5025122549019608,0.0772671568627451,255,64,0.07450980392156863,0.07450980392156863,0.1,0.6535978353831293,19,6,58,236,0.07450980392156863,0.09375,True,max_tpr_with_empirical_fpr_le_target,0.0,0.0,0.01,inf,0,0,64,255,0.0,0.0,False,max_tpr_with_empirical_fpr_le_target,0.0,0.0,0.001,inf,0,0,64,255,0.0,0.0,False,max_tpr_with_empirical_fpr_le_target,32,True,False,0.45431669407654596,0.44552979134282694,0.5,GALLSTONE,RF,dp,0.8,15
0.5175857843137255,0.08492647058823533,255,64,0.10588235294117647,0.10588235294117647,0.1,0.7897697687738408,27,6,58,228,0.10588235294117647,0.09375,True,max_tpr_with_empirical_fpr_le_target,0.011764705882352941,0.011764705882352941,0.01,1.9869331490968691,3,0,64,252,0.011764705882352941,0.0,False,max_tpr_with_empirical_fpr_le_target,0.011764705882352941,0.011764705882352941,0.001,1.9869331490968691,3,0,64,252,0.011764705882352941,0.0,False,max_tpr_with_empirical_fpr_le_target,32,True,False,0.40412809053015586,0.4011396672655607,0.5,GALLSTONE,RF,dp,0.8,16
0.48474264705882353,0.09650735294117652,255,64,0.047058823529411764,0.047058823529411764,0.1,0.9283870901837386,12,6,58,243,0.047058823529411764,0.09375,True,max_tpr_with_empirical_fpr_le_target,0.0,0.0,0.01,inf,0,0,64,255,0.0,0.0,False,max_tpr_with_empirical_fpr_le_target,0.0,0.0,0.001,inf,0,0,64,255,0.0,0.0,False,max_tpr_with_empirical_fpr_le_target,32,True,False,0.45637255933929577,0.4486030323601898,0.5,GALLSTONE,RF,dp,0.8,17
0.5005514705882352,0.07634803921568623,255,64,0.11764705882352941,0.11764705882352941,0.1,0.5893497618283015,30,6,58,225,0.11764705882352941,0.09375,True,max_tpr_with_empirical_fpr_le_target,0.0,0.0,0.01,inf,0,0,64,255,0.0,0.0,False,max_tpr_with_empirical_fpr_le_target,0.0,0.0,0.001,inf,0,0,64,255,0.0,0.0,False,max_tpr_with_empirical_fpr_le_target,32,True,False,0.42057137850453713,0.4219112597726951,0.5,GALLSTONE,RF,dp,0.8,18
0.411703431372549,0.011764705882352941,255,64,0.050980392156862744,0.050980392156862744,0.1,1.038679673212655,13,6,58,242,0.050980392156862744,0.09375,True,max_tpr_with_empirical_fpr_le_target,0.011764705882352941,0.011764705882352941,0.01,1.6548816474815986,3,0,64,252,0.011764705882352941,0.0,False,max_tpr_with_empirical_fpr_le_target,0.011764705882352941,0.011764705882352941,0.001,1.6548816474815986,3,0,64,252,0.011764705882352941,0.0,False,max_tpr_with_empirical_fpr_le_target,32,True,False,0.4104454462871794,0.4006175553643191,0.5,GALLSTONE,RF,dp,0.8,19
0.5420343137254902,0.17757352941176469,255,64,0.13333333333333333,0.13333333333333333,0.1,0.52562883487062,34,6,58,221,0.13333333333333333,0.09375,True,max_tpr_with_empirical_fpr_le_target,0.00392156862745098,0.00392156862745098,0.01,1.9526518284760233,1,0,64,254,0.00392156862745098,0.0,False,max_tpr_with_empirical_fpr_le_target,0.00392156862745098,0.00392156862745098,0.001,1.9526518284760233,1,0,64,254,0.00392156862745098,0.0,False,max_tpr_with_empirical_fpr_le_target,32,True,False,0.4649155301749934,0.48290455764138734,0.5,GALLSTONE,RF,dp,0.8,20
0.5458946078431373,0.11182598039215685,255,64,0.11764705882352941,0.11764705882352941,0.1,0.511037451059396,30,6,58,225,0.11764705882352941,0.09375,True,max_tpr_with_empirical_fpr_le_target,0.03529411764705882,0.03529411764705882,0.01,0.9845586720965978,9,0,64,246,0.03529411764705882,0.0,False,max_tpr_with_empirical_fpr_le_target,0.03529411764705882,0.03529411764705882,0.001,0.9845586720965978,9,0,64,246,0.03529411764705882,0.0,False,max_tpr_with_empirical_fpr_le_target,32,True,False,0.44749561644153923,0.4470681056598493,0.5,GALLSTONE,RF,dp,0.8,21
0.49368872549019605,0.03952205882352941,255,64,0.12941176470588237,0.12941176470588237,0.1,0.5736829666939451,33,6,58,222,0.12941176470588237,0.09375,True,max_tpr_with_empirical_fpr_le_target,0.011764705882352941,0.011764705882352941,0.01,1.4985856133062714,3,0,64,252,0.011764705882352941,0.0,False,max_tpr_with_empirical_fpr_le_target,0.011764705882352941,0.011764705882352941,0.001,1.4985856133062714,3,0,64,252,0.011764705882352941,0.0,False,max_tpr_with_empirical_fpr_le_target,32,True,False,0.48364562662162536,0.49753991775213086,0.5,GALLSTONE,RF,dp,0.8,22
0.47028186274509803,0.046262254901960786,255,64,0.08627450980392157,0.08627450980392157,0.1,0.91681094893999,22,6,58,233,0.08627450980392157,0.09375,True,max_tpr_with_empirical_fpr_le_target,0.03137254901960784,0.03137254901960784,0.01,1.6194003312623901,8,0,64,247,0.03137254901960784,0.0,False,max_tpr_with_empirical_fpr_le_target,0.03137254901960784,0.03137254901960784,0.001,1.6194003312623901,8,0,64,247,0.03137254901960784,0.0,False,max_tpr_with_empirical_fpr_le_target,32,True,False,0.42621237175030013,0.4118212357958811,0.5,GALLSTONE,RF,dp,0.8,23
0.5701593137254901,0.18651960784313726,255,64,0.10980392156862745,0.10980392156862745,0.1,0.6284895741467995,28,5,59,227,0.10980392156862745,0.078125,True,max_tpr_with_empirical_fpr_le_target,0.01568627450980392,0.01568627450980392,0.01,1.571058852938517,4,0,64,251,0.01568627450980392,0.0,False,max_tpr_with_empirical_fpr_le_target,0.01568627450980392,0.01568627450980392,0.001,1.571058852938517,4,0,64,251,0.01568627450980392,0.0,False,max_tpr_with_empirical_fpr_le_target,32,True,False,0.4313102428129894,0.4383488519980928,0.5,GALLSTONE,RF,dp,0.8,24
0.5006127450980393,0.0819852941176471,255,64,0.09803921568627451,0.09803921568627451,0.1,0.694801760351853,25,6,58,230,0.09803921568627451,0.09375,True,max_tpr_with_empirical_fpr_le_target,0.0,0.0,0.01,inf,0,0,64,255,0.0,0.0,False,max_tpr_with_empirical_fpr_le_target,0.0,0.0,0.001,inf,0,0,64,255,0.0,0.0,False,max_tpr_with_empirical_fpr_le_target,32,True,False,0.43260876866115827,0.44314799472560495,0.5,GALLSTONE,RF,dp,0.8,25
0.49289215686274507,0.056433823529411786,255,64,0.12156862745098039,0.12156862745098039,0.1,0.5955168924993194,31,6,58,224,0.12156862745098039,0.09375,True,max_tpr_with_empirical_fpr_le_target,0.027450980392156862,0.027450980392156862,0.01,1.013909665788959,7,0,64,248,0.027450980392156862,0.0,False,max_tpr_with_empirical_fpr_le_target,0.027450980392156862,0.027450980392156862,0.001,1.013909665788959,7,0,64,248,0.027450980392156862,0.0,False,max_tpr_with_empirical_fpr_le_target,32,True,False,0.4322643622411409,0.44240665659510237,0.5,GALLSTONE,RF,dp,0.8,26
0.5091911764705883,0.09148284313725491,255,64,0.11764705882352941,0.11764705882352941,0.1,0.5664933756165657,30,4,60,225,0.11764705882352941,0.0625,True,max_tpr_with_empirical_fpr_le_target,0.0196078431372549,0.0196078431372549,0.01,1.3510675480160197,5,0,64,250,0.0196078431372549,0.0,False,max_tpr_with_empirical_fpr_le_target,0.0196078431372549,0.0196078431372549,0.001,1.3510675480160197,5,0,64,250,0.0196078431372549,0.0,False,max_tpr_with_empirical_fpr_le_target,32,True,False,0.5026331035259141,0.5113899812891298,0.5,GALLSTONE,RF,dp,0.8,27
0.5005514705882353,0.06145833333333328,255,64,0.08627450980392157,0.08627450980392157,0.1,0.6944470039485027,22,6,58,233,0.08627450980392157,0.09375,True,max_tpr_with_empirical_fpr_le_target,0.011764705882352941,0.011764705882352941,0.01,1.9163229465191671,3,0,64,252,0.011764705882352941,0.0,False,max_tpr_with_empirical_fpr_le_target,0.011764705882352941,0.011764705882352941,0.001,1.9163229465191671,3,0,64,252,0.011764705882352941,0.0,False,max_tpr_with_empirical_fpr_le_target,32,True,False,0.4446409285078112,0.45987803816350664,0.5,GALLSTONE,RF,dp,0.8,28
0.405453431372549,0.015625,255,64,0.03137254901960784,0.03137254901960784,0.1,0.9072998234888764,8,6,58,247,0.03137254901960784,0.09375,True,max_tpr_with_empirical_fpr_le_target,0.011764705882352941,0.011764705882352941,0.01,1.606563238059025,3,0,64,252,0.011764705882352941,0.0,False,max_tpr_with_empirical_fpr_le_target,0.011764705882352941,0.011764705882352941,0.001,1.606563238059025,3,0,64,252,0.011764705882352941,0.0,False,max_tpr_with_empirical_fpr_le_target,32,True,False,0.4196648423888907,0.42456947188169497,0.5,GALLSTONE,RF,dp,0.8,29
0.4670955882352942,0.043137254901960784,255,64,0.09019607843137255,0.09019607843137255,0.1,0.4306324101675395,23,6,58,232,0.09019607843137255,0.09375,True,max_tpr_with_empirical_fpr_le_target,0.043137254901960784,0.043137254901960784,0.01,0.6752387796577275,11,0,64,244,0.043137254901960784,0.0,False,max_tpr_with_empirical_fpr_le_target,0.043137254901960784,0.043137254901960784,0.001,0.6752387796577275,11,0,64,244,0.043137254901960784,0.0,False,max_tpr_with_empirical_fpr_le_target,32,True,False,0.4336396995761223,0.43958725586963504,0.59375,GALLSTONE,RF,dp,1.0,0
0.5039828431372549,0.08137254901960789,255,64,0.12941176470588237,0.12941176470588237,0.1,0.348447570858482,33,6,58,222,0.12941176470588237,0.09375,True,max_tpr_with_empirical_fpr_le_target,0.0,0.0,0.01,inf,0,0,64,255,0.0,0.0,False,max_tpr_with_empirical_fpr_le_target,0.0,0.0,0.001,inf,0,0,64,255,0.0,0.0,False,max_tpr_with_empirical_fpr_le_target,32,True,False,0.4363652040048522,0.4377075188387603,0.59375,GALLSTONE,RF,dp,1.0,1
0.5176470588235295,0.08547794117647056,255,64,0.09411764705882353,0.09411764705882353,0.1,0.3155723689244814,24,6,58,231,0.09411764705882353,0.09375,True,max_tpr_with_empirical_fpr_le_target,0.01568627450980392,0.01568627450980392,0.01,0.8068222521577242,4,0,64,251,0.01568627450980392,0.0,False,max_tpr_with_empirical_fpr_le_target,0.01568627450980392,0.01568627450980392,0.001,0.8068222521577242,4,0,64,251,0.01568627450980392,0.0,False,max_tpr_with_empirical_fpr_le_target,32,True,False,0.4623272649204459,0.4611623113396298,0.59375,GALLSTONE,RF,dp,1.0,2
0.4311887254901961,0.03155637254901961,255,64,0.0784313725490196,0.0784313725490196,0.1,0.5154210979695141,20,3,61,235,0.0784313725490196,0.046875,True,max_tpr_with_empirical_fpr_le_target,0.01568627450980392,0.01568627450980392,0.01,1.0806507192563377,4,0,64,251,0.01568627450980392,0.0,False,max_tpr_with_empirical_fpr_le_target,0.01568627450980392,0.01568627450980392,0.001,1.0806507192563377,4,0,64,251,0.01568627450980392,0.0,False,max_tpr_with_empirical_fpr_le_target,32,True,False,0.4635065377814519,0.4651894787209831,0.59375,GALLSTONE,RF,dp,1.0,3
0.5087622549019608,0.08719362745098042,255,64,0.16470588235294117,0.16470588235294117,0.1,0.27028582183448957,42,6,58,213,0.16470588235294117,0.09375,True,max_tpr_with_empirical_fpr_le_target,0.03529411764705882,0.03529411764705882,0.01,0.7926743977313215,9,0,64,246,0.03529411764705882,0.0,False,max_tpr_with_empirical_fpr_le_target,0.03529411764705882,0.03529411764705882,0.001,0.7926743977313215,9,0,64,246,0.03529411764705882,0.0,False,max_tpr_with_empirical_fpr_le_target,32,True,False,0.4592825629082738,0.4620559992176079,0.59375,GALLSTONE,RF,dp,1.0,4
0.48658088235294117,0.07193627450980394,255,64,0.0784313725490196,0.0784313725490196,0.1,0.3791044740707159,20,6,58,235,0.0784313725490196,0.09375,True,max_tpr_with_empirical_fpr_le_target,0.00784313725490196,0.00784313725490196,0.01,1.4890066405399556,2,0,64,253,0.00784313725490196,0.0,False,max_tpr_with_empirical_fpr_le_target,0.00784313725490196,0.00784313725490196,0.001,1.4890066405399556,2,0,64,253,0.00784313725490196,0.0,False,max_tpr_with_empirical_fpr_le_target,32,True,False,0.453535235513883,0.46255401420316755,0.59375,GALLSTONE,RF,dp,1.0,5
0.49031862745098037,0.067953431372549,255,64,0.09803921568627451,0.09803921568627451,0.1,0.4270061730641459,25,6,58,230,0.09803921568627451,0.09375,True,max_tpr_with_empirical_fpr_le_target,0.054901960784313725,0.054901960784313725,0.01,0.7586491851595435,14,0,64,241,0.054901960784313725,0.0,False,max_tpr_with_empirical_fpr_le_target,0.054901960784313725,0.054901960784313725,0.001,0.7586491851595435,14,0,64,241,0.054901960784313725,0.0,False,max_tpr_with_empirical_fpr_le_target,32,True,False,0.46361521036850123,0.4651766233104682,0.59375,GALLSTONE,RF,dp,1.0,6
0.5399509803921568,0.10361519607843139,255,64,0.09411764705882353,0.09411764705882353,0.1,0.4509089766212381,24,5,59,231,0.09411764705882353,0.078125,True,max_tpr_with_empirical_fpr_le_target,0.0392156862745098,0.0392156862745098,0.01,0.7626854127986457,10,0,64,245,0.0392156862745098,0.0,False,max_tpr_with_empirical_fpr_le_target,0.0392156862745098,0.0392156862745098,0.001,0.7626854127986457,10,0,64,245,0.0392156862745098,0.0,False,max_tpr_with_empirical_fpr_le_target,32,True,False,0.46228768513555124,0.46854465040543475,0.59375,GALLSTONE,RF,dp,1.0,7
0.4985906862745098,0.059497549019607854,255,64,0.14901960784313725,0.14901960784313725,0.1,0.3058090478248575,38,6,58,217,0.14901960784313725,0.09375,True,max_tpr_with_empirical_fpr_le_target,0.00784313725490196,0.00784313725490196,0.01,1.5387918862574947,2,0,64,253,0.00784313725490196,0.0,False,max_tpr_with_empirical_fpr_le_target,0.00784313725490196,0.00784313725490196,0.001,1.5387918862574947,2,0,64,253,0.00784313725490196,0.0,False,max_tpr_with_empirical_fpr_le_target,32,True,False,0.4891337322484304,0.48070028507725626,0.59375,GALLSTONE,RF,dp,1.0,8
0.5401960784313725,0.1241421568627451,255,64,0.17647058823529413,0.17647058823529413,0.1,0.2919996754415748,45,6,58,210,0.17647058823529413,0.09375,True,max_tpr_with_empirical_fpr_le_target,0.00784313725490196,0.00784313725490196,0.01,1.4064773538159092,2,0,64,253,0.00784313725490196,0.0,False,max_tpr_with_empirical_fpr_le_target,0.00784313725490196,0.00784313725490196,0.001,1.4064773538159092,2,0,64,253,0.00784313725490196,0.0,False,max_tpr_with_empirical_fpr_le_target,32,True,False,0.48841454355760644,0.49343249844990866,0.59375,GALLSTONE,RF,dp,1.0,9
0.528125,0.16501225490196078,255,64,0.25098039215686274,0.25098039215686274,0.1,0.17821970570884738,64,6,58,191,0.25098039215686274,0.09375,True,max_tpr_with_empirical_fpr_le_target,0.043137254901960784,0.043137254901960784,0.01,0.7552263001062753,11,0,64,244,0.043137254901960784,0.0,False,max_tpr_with_empirical_fpr_le_target,0.043137254901960784,0.043137254901960784,0.001,0.7552263001062753,11,0,64,244,0.043137254901960784,0.0,False,max_tpr_with_empirical_fpr_le_target,32,True,False,0.47956372424802135,0.483026722850238,0.59375,GALLSTONE,RF,dp,1.0,10
0.48792892156862744,0.07224264705882355,255,64,0.12941176470588237,0.12941176470588237,0.1,0.44433911406905513,33,6,58,222,0.12941176470588237,0.09375,True,max_tpr_with_empirical_fpr_le_target,0.011764705882352941,0.011764705882352941,0.01,1.7922303049098813,3,0,64,252,0.011764705882352941,0.0,False,max_tpr_with_empirical_fpr_le_target,0.011764705882352941,0.011764705882352941,0.001,1.7922303049098813,3,0,64,252,0.011764705882352941,0.0,False,max_tpr_with_empirical_fpr_le_target,32,True,False,0.3798703758643138,0.39144200138977664,0.59375,GALLSTONE,RF,dp,1.0,11
0.581924019607843,0.17408088235294117,255,64,0.1843137254901961,0.1843137254901961,0.1,0.3047934543489531,47,5,59,208,0.1843137254901961,0.078125,True,max_tpr_with_empirical_fpr_le_target,0.01568627450980392,0.01568627450980392,0.01,1.0566847084956956,4,0,64,251,0.01568627450980392,0.0,False,max_tpr_with_empirical_fpr_le_target,0.01568627450980392,0.01568627450980392,0.001,1.0566847084956956,4,0,64,251,0.01568627450980392,0.0,False,max_tpr_with_empirical_fpr_le_target,32,True,False,0.44696915753104915,0.4495185253508252,0.59375,GALLSTONE,RF,dp,1.0,12
0.5004289215686275,0.05508578431372549,255,64,0.11372549019607843,0.11372549019607843,0.1,0.41315947978873024,29,6,58,226,0.11372549019607843,0.09375,True,max_tpr_with_empirical_fpr_le_target,0.050980392156862744,0.050980392156862744,0.01,0.717169383068718,13,0,64,242,0.050980392156862744,0.0,False,max_tpr_with_empirical_fpr_le_target,0.050980392156862744,0.050980392156862744,0.001,0.717169383068718,13,0,64,242,0.050980392156862744,0.0,False,max_tpr_with_empirical_fpr_le_target,32,True,False,0.393947932849492,0.4030318693215401,0.59375,GALLSTONE,RF,dp,1.0,13
0.49963235294117647,0.06531862745098038,255,64,0.12156862745098039,0.12156862745098039,0.1,0.3493465882965723,31,5,59,224,0.12156862745098039,0.078125,True,max_tpr_with_empirical_fpr_le_target,0.03529411764705882,0.03529411764705882,0.01,0.7117262712573285,9,0,64,246,0.03529411764705882,0.0,False,max_tpr_with_empirical_fpr_le_target,0.03529411764705882,0.03529411764705882,0.001,0.7117262712573285,9,0,64,246,0.03529411764705882,0.0,False,max_tpr_with_empirical_fpr_le_target,32,True,False,0.4083828160104301,0.4102331903176129,0.59375,GALLSTONE,RF,dp,1.0,14
0.5259803921568628,0.10386029411764708,255,64,0.10196078431372549,0.10196078431372549,0.1,0.3633355042846571,26,6,58,229,0.10196078431372549,0.09375,True,max_tpr_with_empirical_fpr_le_target,0.027450980392156862,0.027450980392156862,0.01,1.0740243500187923,7,0,64,248,0.027450980392156862,0.0,False,max_tpr_with_empirical_fpr_le_target,0.027450980392156862,0.027450980392156862,0.001,1.0740243500187923,7,0,64,248,0.027450980392156862,0.0,False,max_tpr_with_empirical_fpr_le_target,32,True,False,0.4488973843534236,0.44116275659038334,0.59375,GALLSTONE,RF,dp,1.0,15
0.5314950980392157,0.12984068627450981,255,64,0.2,0.2,0.1,0.4152439532127512,51,5,59,204,0.2,0.078125,True,max_tpr_with_empirical_fpr_le_target,0.0196078431372549,0.0196078431372549,0.01,1.4397658372735256,5,0,64,250,0.0196078431372549,0.0,False,max_tpr_with_empirical_fpr_le_target,0.0196078431372549,0.0196078431372549,0.001,1.4397658372735256,5,0,64,250,0.0196078431372549,0.0,False,max_tpr_with_empirical_fpr_le_target,32,True,False,0.39358018173470716,0.38962583643687776,0.59375,GALLSTONE,RF,dp,1.0,16
0.49613970588235295,0.06317401960784313,255,64,0.15294117647058825,0.15294117647058825,0.1,0.31339742948426075,39,6,58,216,0.15294117647058825,0.09375,True,max_tpr_with_empirical_fpr_le_target,0.03529411764705882,0.03529411764705882,0.01,0.9204531872929087,9,0,64,246,0.03529411764705882,0.0,False,max_tpr_with_empirical_fpr_le_target,0.03529411764705882,0.03529411764705882,0.001,0.9204531872929087,9,0,64,246,0.03529411764705882,0.0,False,max_tpr_with_empirical_fpr_le_target,32,True,False,0.4236651262865009,0.4274402106505549,0.59375,GALLSTONE,RF,dp,1.0,17
0.5318014705882351,0.12303921568627452,255,64,0.12156862745098039,0.12156862745098039,0.1,0.3934608878399195,31,6,58,224,0.12156862745098039,0.09375,True,max_tpr_with_empirical_fpr_le_target,0.0,0.0,0.01,inf,0,0,64,255,0.0,0.0,False,max_tpr_with_empirical_fpr_le_target,0.0,0.0,0.001,inf,0,0,64,255,0.0,0.0,False,max_tpr_with_empirical_fpr_le_target,32,True,False,0.4137899170988362,0.4192984669657834,0.59375,GALLSTONE,RF,dp,1.0,18
0.42794117647058827,0.008884803921568651,255,64,0.08235294117647059,0.08235294117647059,0.1,0.570459524707797,21,6,58,234,0.08235294117647059,0.09375,True,max_tpr_with_empirical_fpr_le_target,0.0,0.0,0.01,inf,0,0,64,255,0.0,0.0,False,max_tpr_with_empirical_fpr_le_target,0.0,0.0,0.001,inf,0,0,64,255,0.0,0.0,False,max_tpr_with_empirical_fpr_le_target,32,True,False,0.393581718834352,0.3942929383567337,0.59375,GALLSTONE,RF,dp,1.0,19
0.4829656862745098,0.08272058823529413,255,64,0.17647058823529413,0.17647058823529413,0.1,0.2951569117559174,45,6,58,210,0.17647058823529413,0.09375,True,max_tpr_with_empirical_fpr_le_target,0.00392156862745098,0.00392156862745098,0.01,1.350929445763895,1,0,64,254,0.00392156862745098,0.0,False,max_tpr_with_empirical_fpr_le_target,0.00392156862745098,0.00392156862745098,0.001,1.350929445763895,1,0,64,254,0.00392156862745098,0.0,False,max_tpr_with_empirical_fpr_le_target,32,True,False,0.4538498627587541,0.4573641254500548,0.59375,GALLSTONE,RF,dp,1.0,20
0.5072303921568628,0.10741421568627452,255,64,0.11764705882352941,0.11764705882352941,0.1,0.37001054172204406,30,6,58,225,0.11764705882352941,0.09375,True,max_tpr_with_empirical_fpr_le_target,0.00784313725490196,0.00784313725490196,0.01,1.2649927764745679,2,0,64,253,0.00784313725490196,0.0,False,max_tpr_with_empirical_fpr_le_target,0.00784313725490196,0.00784313725490196,0.001,1.2649927764745679,2,0,64,253,0.00784313725490196,0.0,False,max_tpr_with_empirical_fpr_le_target,32,True,False,0.46018820440671043,0.4639290174015601,0.59375,GALLSTONE,RF,dp,1.0,21
0.4649509803921569,0.03602941176470589,255,64,0.0784313725490196,0.0784313725490196,0.1,0.3886203041565386,20,5,59,235,0.0784313725490196,0.078125,True,max_tpr_with_empirical_fpr_le_target,0.03529411764705882,0.03529411764705882,0.01,0.7559554404316716,9,0,64,246,0.03529411764705882,0.0,False,max_tpr_with_empirical_fpr_le_target,0.03529411764705882,0.03529411764705882,0.001,0.7559554404316716,9,0,64,246,0.03529411764705882,0.0,False,max_tpr_with_empirical_fpr_le_target,32,True,False,0.48965709299199783,0.5069339685051889,0.59375,GALLSTONE,RF,dp,1.0,22
0.4849877450980392,0.035355392156862744,255,64,0.12156862745098039,0.12156862745098039,0.1,0.39273968572763085,31,6,58,224,0.12156862745098039,0.09375,True,max_tpr_with_empirical_fpr_le_target,0.023529411764705882,0.023529411764705882,0.01,0.8688331635972633,6,0,64,249,0.023529411764705882,0.0,False,max_tpr_with_empirical_fpr_le_target,0.023529411764705882,0.023529411764705882,0.001,0.8688331635972633,6,0,64,249,0.023529411764705882,0.0,False,max_tpr_with_empirical_fpr_le_target,32,True,False,0.41567024949007764,0.41119742223376915,0.59375,GALLSTONE,RF,dp,1.0,23
0.5280024509803922,0.14564950980392155,255,64,0.15294117647058825,0.15294117647058825,0.1,0.24436604204639456,39,6,58,216,0.15294117647058825,0.09375,True,max_tpr_with_empirical_fpr_le_target,0.00784313725490196,0.00784313725490196,0.01,1.392707603177663,2,0,64,253,0.00784313725490196,0.0,False,max_tpr_with_empirical_fpr_le_target,0.00784313725490196,0.00784313725490196,0.001,1.392707603177663,2,0,64,253,0.00784313725490196,0.0,False,max_tpr_with_empirical_fpr_le_target,32,True,False,0.44818604285967084,0.4586805342987814,0.59375,GALLSTONE,RF,dp,1.0,24
0.4811887254901961,0.06580882352941175,255,64,0.09411764705882353,0.09411764705882353,0.1,0.44457383485150304,24,5,59,231,0.09411764705882353,0.078125,True,max_tpr_with_empirical_fpr_le_target,0.03137254901960784,0.03137254901960784,0.01,0.6941914593972349,8,0,64,247,0.03137254901960784,0.0,False,max_tpr_with_empirical_fpr_le_target,0.03137254901960784,0.03137254901960784,0.001,0.6941914593972349,8,0,64,247,0.03137254901960784,0.0,False,max_tpr_with_empirical_fpr_le_target,32,True,False,0.4511049816180548,0.47580607454544804,0.59375,GALLSTONE,RF,dp,1.0,25
0.5556985294117646,0.16219362745098043,255,64,0.1568627450980392,0.1568627450980392,0.1,0.2999342777650711,40,6,58,215,0.1568627450980392,0.09375,True,max_tpr_with_empirical_fpr_le_target,0.023529411764705882,0.023529411764705882,0.01,0.8379972389219814,6,0,64,249,0.023529411764705882,0.0,False,max_tpr_with_empirical_fpr_le_target,0.023529411764705882,0.023529411764705882,0.001,0.8379972389219814,6,0,64,249,0.023529411764705882,0.0,False,max_tpr_with_empirical_fpr_le_target,32,True,False,0.4659306943081961,0.47985580467593314,0.59375,GALLSTONE,RF,dp,1.0,26
0.5111519607843138,0.0755514705882353,255,64,0.11372549019607843,0.11372549019607843,0.1,0.4044576219220789,29,6,58,226,0.11372549019607843,0.09375,True,max_tpr_with_empirical_fpr_le_target,0.01568627450980392,0.01568627450980392,0.01,1.081244585411695,4,0,64,251,0.01568627450980392,0.0,False,max_tpr_with_empirical_fpr_le_target,0.01568627450980392,0.01568627450980392,0.001,1.081244585411695,4,0,64,251,0.01568627450980392,0.0,False,max_tpr_with_empirical_fpr_le_target,32,True,False,0.44349611093682095,0.4568117326196352,0.59375,GALLSTONE,RF,dp,1.0,27
0.43786764705882353,0.04203431372549016,255,64,0.08235294117647059,0.08235294117647059,0.1,0.434044956473709,21,6,58,234,0.08235294117647059,0.09375,True,max_tpr_with_empirical_fpr_le_target,0.011764705882352941,0.011764705882352941,0.01,0.9396784264457505,3,0,64,252,0.011764705882352941,0.0,False,max_tpr_with_empirical_fpr_le_target,0.011764705882352941,0.011764705882352941,0.001,0.9396784264457505,3,0,64,252,0.011764705882352941,0.0,False,max_tpr_with_empirical_fpr_le_target,32,True,False,0.4335885601220314,0.4532222046398163,0.59375,GALLSTONE,RF,dp,1.0,28
0.4741421568627451,0.027696078431372548,255,64,0.10196078431372549,0.10196078431372549,0.1,0.31855339868771515,26,5,59,229,0.10196078431372549,0.078125,True,max_tpr_with_empirical_fpr_le_target,0.0196078431372549,0.0196078431372549,0.01,0.9880254950011322,5,0,64,250,0.0196078431372549,0.0,False,max_tpr_with_empirical_fpr_le_target,0.0196078431372549,0.0196078431372549,0.001,0.9880254950011322,5,0,64,250,0.0196078431372549,0.0,False,max_tpr_with_empirical_fpr_le_target,32,True,False,0.43420071190582993,0.4397497193925192,0.59375,GALLSTONE,RF,dp,1.0,29
0.5157475490196077,0.09197303921568623,255,64,0.1450980392156863,0.1450980392156863,0.1,0.34263195427338544,37,6,58,218,0.1450980392156863,0.09375,True,max_tpr_with_empirical_fpr_le_target,0.011764705882352941,0.011764705882352941,0.01,1.2687452411849343,3,0,64,252,0.011764705882352941,0.0,False,max_tpr_with_empirical_fpr_le_target,0.011764705882352941,0.011764705882352941,0.001,1.2687452411849343,3,0,64,252,0.011764705882352941,0.0,False,max_tpr_with_empirical_fpr_le_target,32,True,False,0.4199379726038931,0.42449403362677995,0.546875,GALLSTONE,RF,dp,2.0,0
0.550735294117647,0.11250000000000004,255,64,0.17254901960784313,0.17254901960784313,0.1,0.28214548196241107,44,6,58,211,0.17254901960784313,0.09375,True,max_tpr_with_empirical_fpr_le_target,0.0196078431372549,0.0196078431372549,0.01,1.1236721941658674,5,0,64,250,0.0196078431372549,0.0,False,max_tpr_with_empirical_fpr_le_target,0.0196078431372549,0.0196078431372549,0.001,1.1236721941658674,5,0,64,250,0.0196078431372549,0.0,False,max_tpr_with_empirical_fpr_le_target,32,True,False,0.44941430066560734,0.44235735041743035,0.546875,GALLSTONE,RF,dp,2.0,1
0.511764705882353,0.08578431372549022,255,64,0.06666666666666667,0.06666666666666667,0.1,0.430185736863153,17,5,59,238,0.06666666666666667,0.078125,True,max_tpr_with_empirical_fpr_le_target,0.03137254901960784,0.03137254901960784,0.01,0.6654463845559682,8,0,64,247,0.03137254901960784,0.0,False,max_tpr_with_empirical_fpr_le_target,0.03137254901960784,0.03137254901960784,0.001,0.6654463845559682,8,0,64,247,0.03137254901960784,0.0,False,max_tpr_with_empirical_fpr_le_target,32,True,False,0.4833178792798794,0.49240649516707635,0.546875,GALLSTONE,RF,dp,2.0,2
0.4397671568627451,0.051041666666666666,255,64,0.10980392156862745,0.10980392156862745,0.1,0.33997172197200043,28,6,58,227,0.10980392156862745,0.09375,True,max_tpr_with_empirical_fpr_le_target,0.011764705882352941,0.011764705882352941,0.01,1.3401008294425074,3,0,64,252,0.011764705882352941,0.0,False,max_tpr_with_empirical_fpr_le_target,0.011764705882352941,0.011764705882352941,0.001,1.3401008294425074,3,0,64,252,0.011764705882352941,0.0,False,max_tpr_with_empirical_fpr_le_target,32,True,False,0.45645274104598105,0.45995322967205066,0.546875,GALLSTONE,RF,dp,2.0,3
0.5518382352941176,0.1390931372549019,255,64,0.12941176470588237,0.12941176470588237,0.1,0.35968800058457917,33,6,58,222,0.12941176470588237,0.09375,True,max_tpr_with_empirical_fpr_le_target,0.027450980392156862,0.027450980392156862,0.01,1.1432184741268725,7,0,64,248,0.027450980392156862,0.0,False,max_tpr_with_empirical_fpr_le_target,0.027450980392156862,0.027450980392156862,0.001,1.1432184741268725,7,0,64,248,0.027450980392156862,0.0,False,max_tpr_with_empirical_fpr_le_target,32,True,False,0.43349093185097154,0.4296231194482695,0.546875,GALLSTONE,RF,dp,2.0,4
0.4632352941176471,0.09350490196078431,255,64,0.07058823529411765,0.07058823529411765,0.1,0.4568122197717295,18,6,58,237,0.07058823529411765,0.09375,True,max_tpr_with_empirical_fpr_le_target,0.00784313725490196,0.00784313725490196,0.01,1.472957868526223,2,0,64,253,0.00784313725490196,0.0,False,max_tpr_with_empirical_fpr_le_target,0.00784313725490196,0.00784313725490196,0.001,1.472957868526223,2,0,64,253,0.00784313725490196,0.0,False,max_tpr_with_empirical_fpr_le_target,32,True,False,0.423958895426233,0.42480715145592496,0.546875,GALLSTONE,RF,dp,2.0,5
0.46740196078431373,0.03137254901960784,255,64,0.09803921568627451,0.09803921568627451,0.1,0.4874103135816039,25,6,58,230,0.09803921568627451,0.09375,True,max_tpr_with_empirical_fpr_le_target,0.03137254901960784,0.03137254901960784,0.01,1.0236163541689662,8,0,64,247,0.03137254901960784,0.0,False,max_tpr_with_empirical_fpr_le_target,0.03137254901960784,0.03137254901960784,0.001,1.0236163541689662,8,0,64,247,0.03137254901960784,0.0,False,max_tpr_with_empirical_fpr_le_target,32,True,False,0.46892757771022314,0.46342859447836426,0.546875,GALLSTONE,RF,dp,2.0,6
0.5943627450980391,0.20238970588235294,255,64,0.1411764705882353,0.1411764705882353,0.1,0.3171957223421208,36,6,58,219,0.1411764705882353,0.09375,True,max_tpr_with_empirical_fpr_le_target,0.01568627450980392,0.01568627450980392,0.01,1.167440770439065,4,0,64,251,0.01568627450980392,0.0,False,max_tpr_with_empirical_fpr_le_target,0.01568627450980392,0.01568627450980392,0.001,1.167440770439065,4,0,64,251,0.01568627450980392,0.0,False,max_tpr_with_empirical_fpr_le_target,32,True,False,0.4502412407787171,0.44776703544813234,0.546875,GALLSTONE,RF,dp,2.0,7
0.5295955882352941,0.09626225490196083,255,64,0.13333333333333333,0.13333333333333333,0.1,0.273404648787022,34,6,58,221,0.13333333333333333,0.09375,True,max_tpr_with_empirical_fpr_le_target,0.00392156862745098,0.00392156862745098,0.01,2.449189352084397,1,0,64,254,0.00392156862745098,0.0,False,max_tpr_with_empirical_fpr_le_target,0.00392156862745098,0.00392156862745098,0.001,2.449189352084397,1,0,64,254,0.00392156862745098,0.0,False,max_tpr_with_empirical_fpr_le_target,32,True,False,0.48453689228851826,0.47628621728212883,0.546875,GALLSTONE,RF,dp,2.0,8
0.5625,0.1703431372549019,255,64,0.10588235294117647,0.10588235294117647,0.1,0.41604228471558924,27,6,58,228,0.10588235294117647,0.09375,True,max_tpr_with_empirical_fpr_le_target,0.011764705882352941,0.011764705882352941,0.01,1.3611607852875356,3,0,64,252,0.011764705882352941,0.0,False,max_tpr_with_empirical_fpr_le_target,0.011764705882352941,0.011764705882352941,0.001,1.3611607852875356,3,0,64,252,0.011764705882352941,0.0,False,max_tpr_with_empirical_fpr_le_target,32,True,False,0.47297827915368323,0.4805396941818129,0.546875,GALLSTONE,RF,dp,2.0,9
0.5289215686274509,0.12665441176470588,255,64,0.10196078431372549,0.10196078431372549,0.1,0.4546722121326713,26,6,58,229,0.10196078431372549,0.09375,True,max_tpr_with_empirical_fpr_le_target,0.00784313725490196,0.00784313725490196,0.01,1.0985908655776822,2,0,64,253,0.00784313725490196,0.0,False,max_tpr_with_empirical_fpr_le_target,0.00784313725490196,0.00784313725490196,0.001,1.0985908655776822,2,0,64,253,0.00784313725490196,0.0,False,max_tpr_with_empirical_fpr_le_target,32,True,False,0.4521923228227813,0.45543493319891776,0.546875,GALLSTONE,RF,dp,2.0,10
0.5252450980392156,0.09234068627450975,255,64,0.12941176470588237,0.12941176470588237,0.1,0.40937682387188623,33,6,58,222,0.12941176470588237,0.09375,True,max_tpr_with_empirical_fpr_le_target,0.01568627450980392,0.01568627450980392,0.01,1.1853636255809552,4,0,64,251,0.01568627450980392,0.0,False,max_tpr_with_empirical_fpr_le_target,0.01568627450980392,0.01568627450980392,0.001,1.1853636255809552,4,0,64,251,0.01568627450980392,0.0,False,max_tpr_with_empirical_fpr_le_target,32,True,False,0.41008548012770857,0.41242732164615903,0.546875,GALLSTONE,RF,dp,2.0,11
0.5052083333333333,0.0764093137254902,255,64,0.08627450980392157,0.08627450980392157,0.1,0.5050516002965805,22,6,58,233,0.08627450980392157,0.09375,True,max_tpr_with_empirical_fpr_le_target,0.0392156862745098,0.0392156862745098,0.01,0.9925357483815574,10,0,64,245,0.0392156862745098,0.0,False,max_tpr_with_empirical_fpr_le_target,0.0392156862745098,0.0392156862745098,0.001,0.9925357483815574,10,0,64,245,0.0392156862745098,0.0,False,max_tpr_with_empirical_fpr_le_target,32,True,False,0.4307110224114808,0.4315799643019596,0.546875,GALLSTONE,RF,dp,2.0,12
0.5026960784313725,0.08707107843137257,255,64,0.12156862745098039,0.12156862745098039,0.1,0.32558118449497264,31,6,58,224,0.12156862745098039,0.09375,True,max_tpr_with_empirical_fpr_le_target,0.03137254901960784,0.03137254901960784,0.01,0.9116232345368163,8,0,64,247,0.03137254901960784,0.0,False,max_tpr_with_empirical_fpr_le_target,0.03137254901960784,0.03137254901960784,0.001,0.9116232345368163,8,0,64,247,0.03137254901960784,0.0,False,max_tpr_with_empirical_fpr_le_target,32,True,False,0.4098723735093165,0.4125047853917002,0.546875,GALLSTONE,RF,dp,2.0,13
0.5759191176470588,0.14742647058823533,255,64,0.19215686274509805,0.19215686274509805,0.1,0.1839696896110763,49,5,59,206,0.19215686274509805,0.078125,True,max_tpr_with_empirical_fpr_le_target,0.023529411764705882,0.023529411764705882,0.01,0.8867775966015512,6,0,64,249,0.023529411764705882,0.0,False,max_tpr_with_empirical_fpr_le_target,0.023529411764705882,0.023529411764705882,0.001,0.8867775966015512,6,0,64,249,0.023529411764705882,0.0,False,max_tpr_with_empirical_fpr_le_target,32,True,False,0.41003581057597405,0.41331723980091817,0.546875,GALLSTONE,RF,dp,2.0,14
0.5072916666666667,0.10790441176470589,255,64,0.11764705882352941,0.11764705882352941,0.1,0.4131223787207079,30,5,59,225,0.11764705882352941,0.078125,True,max_tpr_with_empirical_fpr_le_target,0.0,0.0,0.01,inf,0,0,64,255,0.0,0.0,False,max_tpr_with_empirical_fpr_le_target,0.0,0.0,0.001,inf,0,0,64,255,0.0,0.0,False,max_tpr_with_empirical_fpr_le_target,32,True,False,0.41133946066789034,0.40945936471587857,0.546875,GALLSTONE,RF,dp,2.0,15
0.528125,0.10263480392156865,255,64,0.13333333333333333,0.13333333333333333,0.1,0.4483797271447161,34,5,59,221,0.13333333333333333,0.078125,True,max_tpr_with_empirical_fpr_le_target,0.050980392156862744,0.050980392156862744,0.01,0.8141117008158139,13,0,64,242,0.050980392156862744,0.0,False,max_tpr_with_empirical_fpr_le_target,0.050980392156862744,0.050980392156862744,0.001,0.8141117008158139,13,0,64,242,0.050980392156862744,0.0,False,max_tpr_with_empirical_fpr_le_target,32,True,False,0.3984199167756528,0.39302273901650475,0.546875,GALLSTONE,RF,dp,2.0,16
0.4802696078431373,0.09650735294117652,255,64,0.08627450980392157,0.08627450980392157,0.1,0.4372432463150169,22,6,58,233,0.08627450980392157,0.09375,True,max_tpr_with_empirical_fpr_le_target,0.01568627450980392,0.01568627450980392,0.01,1.238492034489025,4,0,64,251,0.01568627450980392,0.0,False,max_tpr_with_empirical_fpr_le_target,0.01568627450980392,0.01568627450980392,0.001,1.238492034489025,4,0,64,251,0.01568627450980392,0.0,False,max_tpr_with_empirical_fpr_le_target,32,True,False,0.40990895296549607,0.4095324047376626,0.546875,GALLSTONE,RF,dp,2.0,17
0.4900122549019608,0.07395833333333335,255,64,0.09019607843137255,0.09019607843137255,0.1,0.3820847637466529,23,5,59,232,0.09019607843137255,0.078125,True,max_tpr_with_empirical_fpr_le_target,0.0,0.0,0.01,inf,0,0,64,255,0.0,0.0,False,max_tpr_with_empirical_fpr_le_target,0.0,0.0,0.001,inf,0,0,64,255,0.0,0.0,False,max_tpr_with_empirical_fpr_le_target,32,True,False,0.42512971641010133,0.42747617052956327,0.546875,GALLSTONE,RF,dp,2.0,18
0.45330882352941176,0.0194852941176471,255,64,0.09019607843137255,0.09019607843137255,0.1,0.46131622247529613,23,6,58,232,0.09019607843137255,0.09375,True,max_tpr_with_empirical_fpr_le_target,0.0,0.0,0.01,inf,0,0,64,255,0.0,0.0,False,max_tpr_with_empirical_fpr_le_target,0.0,0.0,0.001,inf,0,0,64,255,0.0,0.0,False,max_tpr_with_empirical_fpr_le_target,32,True,False,0.4132816136679558,0.4037399164795217,0.546875,GALLSTONE,RF,dp,2.0,19
0.5555759803921568,0.17824754901960782,255,64,0.16470588235294117,0.16470588235294117,0.1,0.30955304948524376,42,6,58,213,0.16470588235294117,0.09375,True,max_tpr_with_empirical_fpr_le_target,0.0,0.0,0.01,inf,0,0,64,255,0.0,0.0,False,max_tpr_with_empirical_fpr_le_target,0.0,0.0,0.001,inf,0,0,64,255,0.0,0.0,False,max_tpr_with_empirical_fpr_le_target,32,True,False,0.4257629930906292,0.42750874405196787,0.546875,GALLSTONE,RF,dp,2.0,20
0.49540441176470584,0.058210784313725505,255,64,0.07450980392156863,0.07450980392156863,0.1,0.4481072481598267,19,5,59,236,0.07450980392156863,0.078125,True,max_tpr_with_empirical_fpr_le_target,0.011764705882352941,0.011764705882352941,0.01,1.241860513240117,3,0,64,252,0.011764705882352941,0.0,False,max_tpr_with_empirical_fpr_le_target,0.011764705882352941,0.011764705882352941,0.001,1.241860513240117,3,0,64,252,0.011764705882352941,0.0,False,max_tpr_with_empirical_fpr_le_target,32,True,False,0.4270553354193814,0.42586875749794245,0.546875,GALLSTONE,RF,dp,2.0,21
0.5254901960784314,0.09840686274509805,255,64,0.19215686274509805,0.19215686274509805,0.1,0.22465267554779467,49,6,58,206,0.19215686274509805,0.09375,True,max_tpr_with_empirical_fpr_le_target,0.01568627450980392,0.01568627450980392,0.01,1.1879487759879428,4,0,64,251,0.01568627450980392,0.0,False,max_tpr_with_empirical_fpr_le_target,0.01568627450980392,0.01568627450980392,0.001,1.1879487759879428,4,0,64,251,0.01568627450980392,0.0,False,max_tpr_with_empirical_fpr_le_target,32,True,False,0.463114073241258,0.4708407261866975,0.546875,GALLSTONE,RF,dp,2.0,22
0.47910539215686276,0.05441176470588238,255,64,0.10196078431372549,0.10196078431372549,0.1,0.430891402035668,26,6,58,229,0.10196078431372549,0.09375,True,max_tpr_with_empirical_fpr_le_target,0.027450980392156862,0.027450980392156862,0.01,0.9072865103515335,7,0,64,248,0.027450980392156862,0.0,False,max_tpr_with_empirical_fpr_le_target,0.027450980392156862,0.027450980392156862,0.001,0.9072865103515335,7,0,64,248,0.027450980392156862,0.0,False,max_tpr_with_empirical_fpr_le_target,32,True,False,0.437732079365783,0.43194623145182953,0.546875,GALLSTONE,RF,dp,2.0,23
0.5137867647058824,0.11905637254901963,255,64,0.10980392156862745,0.10980392156862745,0.1,0.29039782438808215,28,6,58,227,0.10980392156862745,0.09375,True,max_tpr_with_empirical_fpr_le_target,0.043137254901960784,0.043137254901960784,0.01,0.6620695518276092,11,0,64,244,0.043137254901960784,0.0,False,max_tpr_with_empirical_fpr_le_target,0.043137254901960784,0.043137254901960784,0.001,0.6620695518276092,11,0,64,244,0.043137254901960784,0.0,False,max_tpr_with_empirical_fpr_le_target,32,True,False,0.44376944903099846,0.4565883987828623,0.546875,GALLSTONE,RF,dp,2.0,24
0.5216911764705883,0.1194240196078431,255,64,0.07058823529411765,0.07058823529411765,0.1,0.5236103258963167,18,6,58,237,0.07058823529411765,0.09375,True,max_tpr_with_empirical_fpr_le_target,0.0196078431372549,0.0196078431372549,0.01,1.195486104329488,5,0,64,250,0.0196078431372549,0.0,False,max_tpr_with_empirical_fpr_le_target,0.0196078431372549,0.0196078431372549,0.001,1.195486104329488,5,0,64,250,0.0196078431372549,0.0,False,max_tpr_with_empirical_fpr_le_target,32,True,False,0.4289781966339813,0.44860848897725547,0.546875,GALLSTONE,RF,dp,2.0,25
0.5114583333333333,0.07922794117647058,255,64,0.13333333333333333,0.13333333333333333,0.1,0.2389373598468073,34,6,58,221,0.13333333333333333,0.09375,True,max_tpr_with_empirical_fpr_le_target,0.023529411764705882,0.023529411764705882,0.01,0.7278833917512734,6,0,64,249,0.023529411764705882,0.0,False,max_tpr_with_empirical_fpr_le_target,0.023529411764705882,0.023529411764705882,0.001,0.7278833917512734,6,0,64,249,0.023529411764705882,0.0,False,max_tpr_with_empirical_fpr_le_target,32,True,False,0.4564996909044288,0.4682677288728792,0.546875,GALLSTONE,RF,dp,2.0,26
0.5402573529411764,0.1224264705882353,255,64,0.11372549019607843,0.11372549019607843,0.1,0.37833722497714917,29,6,58,226,0.11372549019607843,0.09375,True,max_tpr_with_empirical_fpr_le_target,0.023529411764705882,0.023529411764705882,0.01,1.2264281725354342,6,0,64,249,0.023529411764705882,0.0,False,max_tpr_with_empirical_fpr_le_target,0.023529411764705882,0.023529411764705882,0.001,1.2264281725354342,6,0,64,249,0.023529411764705882,0.0,False,max_tpr_with_empirical_fpr_le_target,32,True,False,0.4134373567481645,0.41894348507940127,0.546875,GALLSTONE,RF,dp,2.0,27
0.47493872549019606,0.037867647058823506,255,64,0.09411764705882353,0.09411764705882353,0.1,0.42940278148473165,24,6,58,231,0.09411764705882353,0.09375,True,max_tpr_with_empirical_fpr_le_target,0.03137254901960784,0.03137254901960784,0.01,0.8806981638079017,8,0,64,247,0.03137254901960784,0.0,False,max_tpr_with_empirical_fpr_le_target,0.03137254901960784,0.03137254901960784,0.001,0.8806981638079017,8,0,64,247,0.03137254901960784,0.0,False,max_tpr_with_empirical_fpr_le_target,32,True,False,0.43598863261761955,0.4592532514981373,0.546875,GALLSTONE,RF,dp,2.0,28
0.432843137254902,0.043198529411764705,255,64,0.07058823529411765,0.07058823529411765,0.1,0.6250505914610471,18,3,61,237,0.07058823529411765,0.046875,True,max_tpr_with_empirical_fpr_le_target,0.043137254901960784,0.043137254901960784,0.01,0.8539186005532606,11,0,64,244,0.043137254901960784,0.0,False,max_tpr_with_empirical_fpr_le_target,0.043137254901960784,0.043137254901960784,0.001,0.8539186005532606,11,0,64,244,0.043137254901960784,0.0,False,max_tpr_with_empirical_fpr_le_target,32,True,False,0.4348176556885689,0.4327340849714605,0.546875,GALLSTONE,RF,dp,2.0,29
0.5107230392156863,0.09497549019607843,255,64,0.11372549019607843,0.11372549019607843,0.1,0.41850960944613425,29,6,58,226,0.11372549019607843,0.09375,True,max_tpr_with_empirical_fpr_le_target,0.027450980392156862,0.027450980392156862,0.01,1.1646079408915115,7,0,64,248,0.027450980392156862,0.0,False,max_tpr_with_empirical_fpr_le_target,0.027450980392156862,0.027450980392156862,0.001,1.1646079408915115,7,0,64,248,0.027450980392156862,0.0,False,max_tpr_with_empirical_fpr_le_target,32,True,False,0.41218005036119987,0.41275882262419544,0.578125,GALLSTONE,RF,dp,4.0,0
0.5737745098039215,0.16660539215686276,255,64,0.1607843137254902,0.1607843137254902,0.1,0.26072203775917424,41,6,58,214,0.1607843137254902,0.09375,True,max_tpr_with_empirical_fpr_le_target,0.0,0.0,0.01,inf,0,0,64,255,0.0,0.0,False,max_tpr_with_empirical_fpr_le_target,0.0,0.0,0.001,inf,0,0,64,255,0.0,0.0,False,max_tpr_with_empirical_fpr_le_target,32,True,False,0.4629679464683964,0.45190876567417176,0.578125,GALLSTONE,RF,dp,4.0,1
0.4757352941176471,0.07800245098039216,255,64,0.08627450980392157,0.08627450980392157,0.1,0.36923512443561146,22,6,58,233,0.08627450980392157,0.09375,True,max_tpr_with_empirical_fpr_le_target,0.03137254901960784,0.03137254901960784,0.01,0.7040107057288858,8,0,64,247,0.03137254901960784,0.0,False,max_tpr_with_empirical_fpr_le_target,0.03137254901960784,0.03137254901960784,0.001,0.7040107057288858,8,0,64,247,0.03137254901960784,0.0,False,max_tpr_with_empirical_fpr_le_target,32,True,False,0.4667057510830259,0.46763102727079475,0.578125,GALLSTONE,RF,dp,4.0,2
0.4698529411764706,0.039338235294117646,255,64,0.08627450980392157,0.08627450980392157,0.1,0.42116861300473407,22,5,59,233,0.08627450980392157,0.078125,True,max_tpr_with_empirical_fpr_le_target,0.00784313725490196,0.00784313725490196,0.01,1.1008201063034735,2,0,64,253,0.00784313725490196,0.0,False,max_tpr_with_empirical_fpr_le_target,0.00784313725490196,0.00784313725490196,0.001,1.1008201063034735,2,0,64,253,0.00784313725490196,0.0,False,max_tpr_with_empirical_fpr_le_target,32,True,False,0.45367355097148776,0.4568777612605187,0.578125,GALLSTONE,RF,dp,4.0,3
0.5407475490196078,0.158639705882353,255,64,0.10980392156862745,0.10980392156862745,0.1,0.34643953338750944,28,6,58,227,0.10980392156862745,0.09375,True,max_tpr_with_empirical_fpr_le_target,0.06274509803921569,0.06274509803921569,0.01,0.6185906760462421,16,0,64,239,0.06274509803921569,0.0,False,max_tpr_with_empirical_fpr_le_target,0.06274509803921569,0.06274509803921569,0.001,0.6185906760462421,16,0,64,239,0.06274509803921569,0.0,False,max_tpr_with_empirical_fpr_le_target,32,True,False,0.44468016112554104,0.4428342307388669,0.578125,GALLSTONE,RF,dp,4.0,4
0.5064950980392157,0.08406862745098043,255,64,0.06666666666666667,0.06666666666666667,0.1,0.3980916251911164,17,6,58,238,0.06666666666666667,0.09375,True,max_tpr_with_empirical_fpr_le_target,0.0,0.0,0.01,inf,0,0,64,255,0.0,0.0,False,max_tpr_with_empirical_fpr_le_target,0.0,0.0,0.001,inf,0,0,64,255,0.0,0.0,False,max_tpr_with_empirical_fpr_le_target,32,True,False,0.4301622575727228,0.43073142467294206,0.578125,GALLSTONE,RF,dp,4.0,5
0.47120098039215685,0.04338235294117647,255,64,0.11764705882352941,0.11764705882352941,0.1,0.38401719172985493,30,6,58,225,0.11764705882352941,0.09375,True,max_tpr_with_empirical_fpr_le_target,0.00784313725490196,0.00784313725490196,0.01,1.4893184894664695,2,0,64,253,0.00784313725490196,0.0,False,max_tpr_with_empirical_fpr_le_target,0.00784313725490196,0.00784313725490196,0.001,1.4893184894664695,2,0,64,253,0.00784313725490196,0.0,False,max_tpr_with_empirical_fpr_le_target,32,True,False,0.46413693987452814,0.4580682269826202,0.578125,GALLSTONE,RF,dp,4.0,6
0.5649509803921567,0.18651960784313726,255,64,0.10980392156862745,0.10980392156862745,0.1,0.35531209961179755,28,6,58,227,0.10980392156862745,0.09375,True,max_tpr_with_empirical_fpr_le_target,0.0196078431372549,0.0196078431372549,0.01,1.0269781582256354,5,0,64,250,0.0196078431372549,0.0,False,max_tpr_with_empirical_fpr_le_target,0.0196078431372549,0.0196078431372549,0.001,1.0269781582256354,5,0,64,250,0.0196078431372549,0.0,False,max_tpr_with_empirical_fpr_le_target,32,True,False,0.4327995702113875,0.43725944669203404,0.578125,GALLSTONE,RF,dp,4.0,7
0.5488970588235293,0.14675245098039214,255,64,0.11372549019607843,0.11372549019607843,0.1,0.30442352197922995,29,5,59,226,0.11372549019607843,0.078125,True,max_tpr_with_empirical_fpr_le_target,0.00392156862745098,0.00392156862745098,0.01,2.3071976071656106,1,0,64,254,0.00392156862745098,0.0,False,max_tpr_with_empirical_fpr_le_target,0.00392156862745098,0.00392156862745098,0.001,2.3071976071656106,1,0,64,254,0.00392156862745098,0.0,False,max_tpr_with_empirical_fpr_le_target,32,True,False,0.5006616311623879,0.4985381197068804,0.578125,GALLSTONE,RF,dp,4.0,8
0.5555759803921568,0.13903186274509804,255,64,0.10980392156862745,0.10980392156862745,0.1,0.36682643274533533,28,6,58,227,0.10980392156862745,0.09375,True,max_tpr_with_empirical_fpr_le_target,0.01568627450980392,0.01568627450980392,0.01,0.9508310022225236,4,0,64,251,0.01568627450980392,0.0,False,max_tpr_with_empirical_fpr_le_target,0.01568627450980392,0.01568627450980392,0.001,0.9508310022225236,4,0,64,251,0.01568627450980392,0.0,False,max_tpr_with_empirical_fpr_le_target,32,True,False,0.44500895400451596,0.4561976055003765,0.578125,GALLSTONE,RF,dp,4.0,9
0.5271446078431372,0.08884803921568629,255,64,0.08627450980392157,0.08627450980392157,0.1,0.4417193630862931,22,6,58,233,0.08627450980392157,0.09375,True,max_tpr_with_empirical_fpr_le_target,0.00392156862745098,0.00392156862745098,0.01,1.3761477321467557,1,0,64,254,0.00392156862745098,0.0,False,max_tpr_with_empirical_fpr_le_target,0.00392156862745098,0.00392156862745098,0.001,1.3761477321467557,1,0,64,254,0.00392156862745098,0.0,False,max_tpr_with_empirical_fpr_le_target,32,True,False,0.44980907357226846,0.45371013699595725,0.578125,GALLSTONE,RF,dp,4.0,10
0.5386642156862745,0.09914215686274508,255,64,0.16470588235294117,0.16470588235294117,0.1,0.27155892051504804,42,6,58,213,0.16470588235294117,0.09375,True,max_tpr_with_empirical_fpr_le_target,0.058823529411764705,0.058823529411764705,0.01,0.6312638380444466,15,0,64,240,0.058823529411764705,0.0,False,max_tpr_with_empirical_fpr_le_target,0.058823529411764705,0.058823529411764705,0.001,0.6312638380444466,15,0,64,240,0.058823529411764705,0.0,False,max_tpr_with_empirical_fpr_le_target,32,True,False,0.4092459639725617,0.4125521581535462,0.578125,GALLSTONE,RF,dp,4.0,11
0.4705269607843138,0.06985294117647056,255,64,0.07450980392156863,0.07450980392156863,0.1,0.615132051369613,19,6,58,236,0.07450980392156863,0.09375,True,max_tpr_with_empirical_fpr_le_target,0.050980392156862744,0.050980392156862744,0.01,0.8015217048388991,13,0,64,242,0.050980392156862744,0.0,False,max_tpr_with_empirical_fpr_le_target,0.050980392156862744,0.050980392156862744,0.001,0.8015217048388991,13,0,64,242,0.050980392156862744,0.0,False,max_tpr_with_empirical_fpr_le_target,32,True,False,0.42463392770246877,0.4319789348471185,0.578125,GALLSTONE,RF,dp,4.0,12
0.5039828431372548,0.10667892156862746,255,64,0.11372549019607843,0.11372549019607843,0.1,0.40259142751583843,29,5,59,226,0.11372549019607843,0.078125,True,max_tpr_with_empirical_fpr_le_target,0.03137254901960784,0.03137254901960784,0.01,0.8286053902781204,8,0,64,247,0.03137254901960784,0.0,False,max_tpr_with_empirical_fpr_le_target,0.03137254901960784,0.03137254901960784,0.001,0.8286053902781204,8,0,64,247,0.03137254901960784,0.0,False,max_tpr_with_empirical_fpr_le_target,32,True,False,0.4090470271154094,0.4115445014025051,0.578125,GALLSTONE,RF,dp,4.0,13
0.560232843137255,0.1594362745098039,255,64,0.16470588235294117,0.16470588235294117,0.1,0.2390066309794764,42,6,58,213,0.16470588235294117,0.09375,True,max_tpr_with_empirical_fpr_le_target,0.00784313725490196,0.00784313725490196,0.01,1.685946052438569,2,0,64,253,0.00784313725490196,0.0,False,max_tpr_with_empirical_fpr_le_target,0.00784313725490196,0.00784313725490196,0.001,1.685946052438569,2,0,64,253,0.00784313725490196,0.0,False,max_tpr_with_empirical_fpr_le_target,32,True,False,0.3924068057666167,0.38895657914258736,0.578125,GALLSTONE,RF,dp,4.0,14
0.5001225490196078,0.0533088235294118,255,64,0.09411764705882353,0.09411764705882353,0.1,0.35750230010949435,24,6,58,231,0.09411764705882353,0.09375,True,max_tpr_with_empirical_fpr_le_target,0.00784313725490196,0.00784313725490196,0.01,1.4488445660088598,2,0,64,253,0.00784313725490196,0.0,False,max_tpr_with_empirical_fpr_le_target,0.00784313725490196,0.00784313725490196,0.001,1.4488445660088598,2,0,64,253,0.00784313725490196,0.0,False,max_tpr_with_empirical_fpr_le_target,32,True,False,0.42903699157744296,0.4214546467795559,0.578125,GALLSTONE,RF,dp,4.0,15
0.5317401960784314,0.13069852941176469,255,64,0.12549019607843137,0.12549019607843137,0.1,0.38007098284265006,32,6,58,223,0.12549019607843137,0.09375,True,max_tpr_with_empirical_fpr_le_target,0.0196078431372549,0.0196078431372549,0.01,1.405001080876313,5,0,64,250,0.0196078431372549,0.0,False,max_tpr_with_empirical_fpr_le_target,0.0196078431372549,0.0196078431372549,0.001,1.405001080876313,5,0,64,250,0.0196078431372549,0.0,False,max_tpr_with_empirical_fpr_le_target,32,True,False,0.40971486421243586,0.4014993074356989,0.578125,GALLSTONE,RF,dp,4.0,16
0.5005514705882352,0.05306372549019611,255,64,0.09019607843137255,0.09019607843137255,0.1,0.45464159096526413,23,6,58,232,0.09019607843137255,0.09375,True,max_tpr_with_empirical_fpr_le_target,0.0,0.0,0.01,inf,0,0,64,255,0.0,0.0,False,max_tpr_with_empirical_fpr_le_target,0.0,0.0,0.001,inf,0,0,64,255,0.0,0.0,False,max_tpr_with_empirical_fpr_le_target,32,True,False,0.40422697530968393,0.4040983592727944,0.578125,GALLSTONE,RF,dp,4.0,17
0.4745710784313726,0.050490196078431415,255,64,0.11764705882352941,0.11764705882352941,0.1,0.32387076903838785,30,6,58,225,0.11764705882352941,0.09375,True,max_tpr_with_empirical_fpr_le_target,0.00392156862745098,0.00392156862745098,0.01,1.7781379414311578,1,0,64,254,0.00392156862745098,0.0,False,max_tpr_with_empirical_fpr_le_target,0.00392156862745098,0.00392156862745098,0.001,1.7781379414311578,1,0,64,254,0.00392156862745098,0.0,False,max_tpr_with_empirical_fpr_le_target,32,True,False,0.4343197786633115,0.4371349380720649,0.578125,GALLSTONE,RF,dp,4.0,18
0.499203431372549,0.0650735294117647,255,64,0.058823529411764705,0.058823529411764705,0.1,0.5871710118883555,15,5,59,240,0.058823529411764705,0.078125,True,max_tpr_with_empirical_fpr_le_target,0.00392156862745098,0.00392156862745098,0.01,1.6205629440484604,1,0,64,254,0.00392156862745098,0.0,False,max_tpr_with_empirical_fpr_le_target,0.00392156862745098,0.00392156862745098,0.001,1.6205629440484604,1,0,64,254,0.00392156862745098,0.0,False,max_tpr_with_empirical_fpr_le_target,32,True,False,0.408601615395897,0.404479131610567,0.578125,GALLSTONE,RF,dp,4.0,19
0.5501838235294118,0.15790441176470588,255,64,0.1450980392156863,0.1450980392156863,0.1,0.31857818519304415,37,6,58,218,0.1450980392156863,0.09375,True,max_tpr_with_empirical_fpr_le_target,0.0,0.0,0.01,inf,0,0,64,255,0.0,0.0,False,max_tpr_with_empirical_fpr_le_target,0.0,0.0,0.001,inf,0,0,64,255,0.0,0.0,False,max_tpr_with_empirical_fpr_le_target,32,True,False,0.43335178782153017,0.4350115309945318,0.578125,GALLSTONE,RF,dp,4.0,20
0.5169117647058823,0.08897058823529413,255,64,0.09803921568627451,0.09803921568627451,0.1,0.3866815782573594,25,6,58,230,0.09803921568627451,0.09375,True,max_tpr_with_empirical_fpr_le_target,0.00784313725490196,0.00784313725490196,0.01,1.3580811246279985,2,0,64,253,0.00784313725490196,0.0,False,max_tpr_with_empirical_fpr_le_target,0.00784313725490196,0.00784313725490196,0.001,1.3580811246279985,2,0,64,253,0.00784313725490196,0.0,False,max_tpr_with_empirical_fpr_le_target,32,True,False,0.4290821096813274,0.4223230446766516,0.578125,GALLSTONE,RF,dp,4.0,21
0.5302083333333334,0.1183823529411765,255,64,0.1450980392156863,0.1450980392156863,0.1,0.2610067097170091,37,6,58,218,0.1450980392156863,0.09375,True,max_tpr_with_empirical_fpr_le_target,0.011764705882352941,0.011764705882352941,0.01,1.365843612640318,3,0,64,252,0.011764705882352941,0.0,False,max_tpr_with_empirical_fpr_le_target,0.011764705882352941,0.011764705882352941,0.001,1.365843612640318,3,0,64,252,0.011764705882352941,0.0,False,max_tpr_with_empirical_fpr_le_target,32,True,False,0.46111466062738554,0.4689392597484798,0.578125,GALLSTONE,RF,dp,4.0,22
0.4684436274509804,0.03498774509803926,255,64,0.07058823529411765,0.07058823529411765,0.1,0.4561272657339581,18,6,58,237,0.07058823529411765,0.09375,True,max_tpr_with_empirical_fpr_le_target,0.011764705882352941,0.011764705882352941,0.01,1.0476207883618622,3,0,64,252,0.011764705882352941,0.0,False,max_tpr_with_empirical_fpr_le_target,0.011764705882352941,0.011764705882352941,0.001,1.0476207883618622,3,0,64,252,0.011764705882352941,0.0,False,max_tpr_with_empirical_fpr_le_target,32,True,False,0.43648476852230417,0.4331420104002836,0.578125,GALLSTONE,RF,dp,4.0,23
0.5,0.06599264705882357,255,64,0.09411764705882353,0.09411764705882353,0.1,0.3338676331605568,24,6,58,231,0.09411764705882353,0.09375,True,max_tpr_with_empirical_fpr_le_target,0.01568627450980392,0.01568627450980392,0.01,0.7691226864775478,4,0,64,251,0.01568627450980392,0.0,False,max_tpr_with_empirical_fpr_le_target,0.01568627450980392,0.01568627450980392,0.001,0.7691226864775478,4,0,64,251,0.01568627450980392,0.0,False,max_tpr_with_empirical_fpr_le_target,32,True,False,0.44384775797801584,0.46014669980975204,0.578125,GALLSTONE,RF,dp,4.0,24
0.4702818627450981,0.10116421568627454,255,64,0.08627450980392157,0.08627450980392157,0.1,0.37126422920976465,22,6,58,233,0.08627450980392157,0.09375,True,max_tpr_with_empirical_fpr_le_target,0.00784313725490196,0.00784313725490196,0.01,0.9752297403125403,2,0,64,253,0.00784313725490196,0.0,False,max_tpr_with_empirical_fpr_le_target,0.00784313725490196,0.00784313725490196,0.001,0.9752297403125403,2,0,64,253,0.00784313725490196,0.0,False,max_tpr_with_empirical_fpr_le_target,32,True,False,0.44255020851990157,0.4640063930697876,0.578125,GALLSTONE,RF,dp,4.0,25
0.484375,0.03357843137254901,255,64,0.12156862745098039,0.12156862745098039,0.1,0.26802067927701834,31,6,58,224,0.12156862745098039,0.09375,True,max_tpr_with_empirical_fpr_le_target,0.00784313725490196,0.00784313725490196,0.01,0.9247364188316113,2,0,64,253,0.00784313725490196,0.0,False,max_tpr_with_empirical_fpr_le_target,0.00784313725490196,0.00784313725490196,0.001,0.9247364188316113,2,0,64,253,0.00784313725490196,0.0,False,max_tpr_with_empirical_fpr_le_target,32,True,False,0.45820951171911645,0.47344655259358287,0.578125,GALLSTONE,RF,dp,4.0,26
0.5574142156862745,0.11145833333333333,255,64,0.1568627450980392,0.1568627450980392,0.1,0.2639805833812471,40,6,58,215,0.1568627450980392,0.09375,True,max_tpr_with_empirical_fpr_le_target,0.023529411764705882,0.023529411764705882,0.01,1.4264133980884668,6,0,64,249,0.023529411764705882,0.0,False,max_tpr_with_empirical_fpr_le_target,0.023529411764705882,0.023529411764705882,0.001,1.4264133980884668,6,0,64,249,0.023529411764705882,0.0,False,max_tpr_with_empirical_fpr_le_target,32,True,False,0.4188979252573413,0.42321737026206996,0.578125,GALLSTONE,RF,dp,4.0,27
0.484313725490196,0.06930147058823533,255,64,0.12549019607843137,0.12549019607843137,0.1,0.33754811459157885,32,6,58,223,0.12549019607843137,0.09375,True,max_tpr_with_empirical_fpr_le_target,0.01568627450980392,0.01568627450980392,0.01,1.0251262340440879,4,0,64,251,0.01568627450980392,0.0,False,max_tpr_with_empirical_fpr_le_target,0.01568627450980392,0.01568627450980392,0.001,1.0251262340440879,4,0,64,251,0.01568627450980392,0.0,False,max_tpr_with_empirical_fpr_le_target,32,True,False,0.4193940768809936,0.43406736293994364,0.578125,GALLSTONE,RF,dp,4.0,28
0.42463235294117646,0.035416666666666666,255,64,0.08627450980392157,0.08627450980392157,0.1,0.5345633743397255,22,6,58,233,0.08627450980392157,0.09375,True,max_tpr_with_empirical_fpr_le_target,0.00392156862745098,0.00392156862745098,0.01,2.3690471068513776,1,0,64,254,0.00392156862745098,0.0,False,max_tpr_with_empirical_fpr_le_target,0.00392156862745098,0.00392156862745098,0.001,2.3690471068513776,1,0,64,254,0.00392156862745098,0.0,False,max_tpr_with_empirical_fpr_le_target,32,True,False,0.45274731873796303,0.45313827599941625,0.578125,GALLSTONE,RF,dp,4.0,29
0.5060049019607842,0.09111519607843138,255,64,0.09803921568627451,0.09803921568627451,0.1,0.5238295571086717,25,6,58,230,0.09803921568627451,0.09375,True,max_tpr_with_empirical_fpr_le_target,0.027450980392156862,0.027450980392156862,0.01,1.31610913374451,7,0,64,248,0.027450980392156862,0.0,False,max_tpr_with_empirical_fpr_le_target,0.027450980392156862,0.027450980392156862,0.001,1.31610913374451,7,0,64,248,0.027450980392156862,0.0,False,max_tpr_with_empirical_fpr_le_target,32,True,False,0.41586396050201785,0.4156663792842292,0.546875,GALLSTONE,RF,dp,8.0,0
0.5525735294117646,0.15876225490196083,255,64,0.1450980392156863,0.1450980392156863,0.1,0.31271175887100944,37,6,58,218,0.1450980392156863,0.09375,True,max_tpr_with_empirical_fpr_le_target,0.011764705882352941,0.011764705882352941,0.01,1.089980159611936,3,0,64,252,0.011764705882352941,0.0,False,max_tpr_with_empirical_fpr_le_target,0.011764705882352941,0.011764705882352941,0.001,1.089980159611936,3,0,64,252,0.011764705882352941,0.0,False,max_tpr_with_empirical_fpr_le_target,32,True,False,0.46453536699607834,0.45403999928604954,0.546875,GALLSTONE,RF,dp,8.0,1
0.4857843137254902,0.08964460784313721,255,64,0.09411764705882353,0.09411764705882353,0.1,0.35459969926391444,24,6,58,231,0.09411764705882353,0.09375,True,max_tpr_with_empirical_fpr_le_target,0.023529411764705882,0.023529411764705882,0.01,0.7521020032626087,6,0,64,249,0.023529411764705882,0.0,False,max_tpr_with_empirical_fpr_le_target,0.023529411764705882,0.023529411764705882,0.001,0.7521020032626087,6,0,64,249,0.023529411764705882,0.0,False,max_tpr_with_empirical_fpr_le_target,32,True,False,0.4590608954759272,0.45887190010520207,0.546875,GALLSTONE,RF,dp,8.0,2
0.4629901960784314,0.031433823529411764,255,64,0.09411764705882353,0.09411764705882353,0.1,0.42494759252638326,24,6,58,231,0.09411764705882353,0.09375,True,max_tpr_with_empirical_fpr_le_target,0.00784313725490196,0.00784313725490196,0.01,1.3723614809429152,2,0,64,253,0.00784313725490196,0.0,False,max_tpr_with_empirical_fpr_le_target,0.00784313725490196,0.00784313725490196,0.001,1.3723614809429152,2,0,64,253,0.00784313725490196,0.0,False,max_tpr_with_empirical_fpr_le_target,32,True,False,0.44532015695238286,0.4508203180948951,0.546875,GALLSTONE,RF,dp,8.0,3
0.5352941176470589,0.10790441176470589,255,64,0.12549019607843137,0.12549019607843137,0.1,0.3298820228154351,32,5,59,223,0.12549019607843137,0.078125,True,max_tpr_with_empirical_fpr_le_target,0.047058823529411764,0.047058823529411764,0.01,0.7064286059414688,12,0,64,243,0.047058823529411764,0.0,False,max_tpr_with_empirical_fpr_le_target,0.047058823529411764,0.047058823529411764,0.001,0.7064286059414688,12,0,64,243,0.047058823529411764,0.0,False,max_tpr_with_empirical_fpr_le_target,32,True,False,0.4504187291557765,0.4507513869419476,0.546875,GALLSTONE,RF,dp,8.0,4
0.4734068627450981,0.035355392156862744,255,64,0.06274509803921569,0.06274509803921569,0.1,0.4679580285127869,16,5,59,239,0.06274509803921569,0.078125,True,max_tpr_with_empirical_fpr_le_target,0.00392156862745098,0.00392156862745098,0.01,1.601103975363721,1,0,64,254,0.00392156862745098,0.0,False,max_tpr_with_empirical_fpr_le_target,0.00392156862745098,0.00392156862745098,0.001,1.601103975363721,1,0,64,254,0.00392156862745098,0.0,False,max_tpr_with_empirical_fpr_le_target,32,True,False,0.42845408065751367,0.4282791775804054,0.546875,GALLSTONE,RF,dp,8.0,5
0.4885416666666667,0.05508578431372549,255,64,0.13333333333333333,0.13333333333333333,0.1,0.3642997753293711,34,6,58,221,0.13333333333333333,0.09375,True,max_tpr_with_empirical_fpr_le_target,0.01568627450980392,0.01568627450980392,0.01,1.2306566759169375,4,0,64,251,0.01568627450980392,0.0,False,max_tpr_with_empirical_fpr_le_target,0.01568627450980392,0.01568627450980392,0.001,1.2306566759169375,4,0,64,251,0.01568627450980392,0.0,False,max_tpr_with_empirical_fpr_le_target,32,True,False,0.4641057027081173,0.45719522077946506,0.546875,GALLSTONE,RF,dp,8.0,6
0.5623161764705882,0.1547794117647059,255,64,0.12156862745098039,0.12156862745098039,0.1,0.37642187320123377,31,6,58,224,0.12156862745098039,0.09375,True,max_tpr_with_empirical_fpr_le_target,0.03529411764705882,0.03529411764705882,0.01,0.689772635634191,9,0,64,246,0.03529411764705882,0.0,False,max_tpr_with_empirical_fpr_le_target,0.03529411764705882,0.03529411764705882,0.001,0.689772635634191,9,0,64,246,0.03529411764705882,0.0,False,max_tpr_with_empirical_fpr_le_target,32,True,False,0.4348284221826445,0.4400007847785442,0.546875,GALLSTONE,RF,dp,8.0,7
0.5684436274509803,0.1744485294117647,255,64,0.1411764705882353,0.1411764705882353,0.1,0.29816199461511517,36,6,58,219,0.1411764705882353,0.09375,True,max_tpr_with_empirical_fpr_le_target,0.00392156862745098,0.00392156862745098,0.01,1.977622799723937,1,0,64,254,0.00392156862745098,0.0,False,max_tpr_with_empirical_fpr_le_target,0.00392156862745098,0.00392156862745098,0.001,1.977622799723937,1,0,64,254,0.00392156862745098,0.0,False,max_tpr_with_empirical_fpr_le_target,32,True,False,0.4916646111110888,0.4881427848233276,0.546875,GALLSTONE,RF,dp,8.0,8
0.5558823529411765,0.15465686274509804,255,64,0.13725490196078433,0.13725490196078433,0.1,0.3850388252583147,35,6,58,220,0.13725490196078433,0.09375,True,max_tpr_with_empirical_fpr_le_target,0.01568627450980392,0.01568627450980392,0.01,1.224445767025287,4,0,64,251,0.01568627450980392,0.0,False,max_tpr_with_empirical_fpr_le_target,0.01568627450980392,0.01568627450980392,0.001,1.224445767025287,4,0,64,251,0.01568627450980392,0.0,False,max_tpr_with_empirical_fpr_le_target,32,True,False,0.44372053771915987,0.4558908464659141,0.546875,GALLSTONE,RF,dp,8.0,9
0.5291666666666666,0.09215686274509804,255,64,0.08235294117647059,0.08235294117647059,0.1,0.4892937873633033,21,6,58,234,0.08235294117647059,0.09375,True,max_tpr_with_empirical_fpr_le_target,0.0196078431372549,0.0196078431372549,0.01,1.0114249531885737,5,0,64,250,0.0196078431372549,0.0,False,max_tpr_with_empirical_fpr_le_target,0.0196078431372549,0.0196078431372549,0.001,1.0114249531885737,5,0,64,250,0.0196078431372549,0.0,False,max_tpr_with_empirical_fpr_le_target,32,True,False,0.4532647853880751,0.4562805623599538,0.546875,GALLSTONE,RF,dp,8.0,10
0.5493872549019608,0.14595588235294116,255,64,0.15294117647058825,0.15294117647058825,0.1,0.35958839858761704,39,6,58,216,0.15294117647058825,0.09375,True,max_tpr_with_empirical_fpr_le_target,0.06274509803921569,0.06274509803921569,0.01,0.7295001397208771,16,0,64,239,0.06274509803921569,0.0,False,max_tpr_with_empirical_fpr_le_target,0.06274509803921569,0.06274509803921569,0.001,0.7295001397208771,16,0,64,239,0.06274509803921569,0.0,False,max_tpr_with_empirical_fpr_le_target,32,True,False,0.4021298445330122,0.40482412830723724,0.546875,GALLSTONE,RF,dp,8.0,11
0.4768382352941176,0.035355392156862744,255,64,0.09411764705882353,0.09411764705882353,0.1,0.5022845636236969,24,6,58,231,0.09411764705882353,0.09375,True,max_tpr_with_empirical_fpr_le_target,0.027450980392156862,0.027450980392156862,0.01,0.9413067576276614,7,0,64,248,0.027450980392156862,0.0,False,max_tpr_with_empirical_fpr_le_target,0.027450980392156862,0.027450980392156862,0.001,0.9413067576276614,7,0,64,248,0.027450980392156862,0.0,False,max_tpr_with_empirical_fpr_le_target,32,True,False,0.42309740645194654,0.43062318841650826,0.546875,GALLSTONE,RF,dp,8.0,12
0.49399509803921565,0.06299019607843137,255,64,0.12941176470588237,0.12941176470588237,0.1,0.36885307010802926,33,5,59,222,0.12941176470588237,0.078125,True,max_tpr_with_empirical_fpr_le_target,0.047058823529411764,0.047058823529411764,0.01,0.8323813323431757,12,0,64,243,0.047058823529411764,0.0,False,max_tpr_with_empirical_fpr_le_target,0.047058823529411764,0.047058823529411764,0.001,0.8323813323431757,12,0,64,243,0.047058823529411764,0.0,False,max_tpr_with_empirical_fpr_le_target,32,True,False,0.4101036443142196,0.4126099806446915,0.546875,GALLSTONE,RF,dp,8.0,13
0.5971200980392157,0.22959558823529413,255,64,0.19607843137254902,0.19607843137254902,0.1,0.193923329365694,50,6,58,205,0.19607843137254902,0.09375,True,max_tpr_with_empirical_fpr_le_target,0.00392156862745098,0.00392156862745098,0.01,1.9675681585599154,1,0,64,254,0.00392156862745098,0.0,False,max_tpr_with_empirical_fpr_le_target,0.00392156862745098,0.00392156862745098,0.001,1.9675681585599154,1,0,64,254,0.00392156862745098,0.0,False,max_tpr_with_empirical_fpr_le_target,32,True,False,0.39759696236125963,0.39449734534410574,0.546875,GALLSTONE,RF,dp,8.0,14
0.5162990196078432,0.07089460784313725,255,64,0.15294117647058825,0.15294117647058825,0.1,0.29455772544249426,39,6,58,216,0.15294117647058825,0.09375,True,max_tpr_with_empirical_fpr_le_target,0.00392156862745098,0.00392156862745098,0.01,1.689371802136666,1,0,64,254,0.00392156862745098,0.0,False,max_tpr_with_empirical_fpr_le_target,0.00392156862745098,0.00392156862745098,0.001,1.689371802136666,1,0,64,254,0.00392156862745098,0.0,False,max_tpr_with_empirical_fpr_le_target,32,True,False,0.4290053293034613,0.42147395251219044,0.546875,GALLSTONE,RF,dp,8.0,15
0.5286764705882354,0.12224264705882354,255,64,0.13725490196078433,0.13725490196078433,0.1,0.4370151309219502,35,6,58,220,0.13725490196078433,0.09375,True,max_tpr_with_empirical_fpr_le_target,0.027450980392156862,0.027450980392156862,0.01,0.9944703809676851,7,0,64,248,0.027450980392156862,0.0,False,max_tpr_with_empirical_fpr_le_target,0.027450980392156862,0.027450980392156862,0.001,0.9944703809676851,7,0,64,248,0.027450980392156862,0.0,False,max_tpr_with_empirical_fpr_le_target,32,True,False,0.40809797445318097,0.40166273401973546,0.546875,GALLSTONE,RF,dp,8.0,16
0.49454656862745094,0.04908088235294117,255,64,0.10980392156862745,0.10980392156862745,0.1,0.3984411223275073,28,6,58,227,0.10980392156862745,0.09375,True,max_tpr_with_empirical_fpr_le_target,0.027450980392156862,0.027450980392156862,0.01,0.9898344800032975,7,0,64,248,0.027450980392156862,0.0,False,max_tpr_with_empirical_fpr_le_target,0.027450980392156862,0.027450980392156862,0.001,0.9898344800032975,7,0,64,248,0.027450980392156862,0.0,False,max_tpr_with_empirical_fpr_le_target,32,True,False,0.41104594494900726,0.41360503609225685,0.546875,GALLSTONE,RF,dp,8.0,17
0.46887254901960784,0.050674019607843124,255,64,0.09803921568627451,0.09803921568627451,0.1,0.4246172550753148,25,5,59,230,0.09803921568627451,0.078125,True,max_tpr_with_empirical_fpr_le_target,0.0196078431372549,0.0196078431372549,0.01,0.960824955794633,5,0,64,250,0.0196078431372549,0.0,False,max_tpr_with_empirical_fpr_le_target,0.0196078431372549,0.0196078431372549,0.001,0.960824955794633,5,0,64,250,0.0196078431372549,0.0,False,max_tpr_with_empirical_fpr_le_target,32,True,False,0.4347891379421865,0.4381422517940479,0.546875,GALLSTONE,RF,dp,8.0,18
0.5066176470588235,0.05710784313725492,255,64,0.0784313725490196,0.0784313725490196,0.1,0.5383572512449226,20,6,58,235,0.0784313725490196,0.09375,True,max_tpr_with_empirical_fpr_le_target,0.0,0.0,0.01,inf,0,0,64,255,0.0,0.0,False,max_tpr_with_empirical_fpr_le_target,0.0,0.0,0.001,inf,0,0,64,255,0.0,0.0,False,max_tpr_with_empirical_fpr_le_target,32,True,False,0.4049982282371547,0.4002317407563238,0.546875,GALLSTONE,RF,dp,8.0,19
0.5291053921568628,0.127389705882353,255,64,0.16470588235294117,0.16470588235294117,0.1,0.36423175088646254,42,6,58,213,0.16470588235294117,0.09375,True,max_tpr_with_empirical_fpr_le_target,0.0,0.0,0.01,inf,0,0,64,255,0.0,0.0,False,max_tpr_with_empirical_fpr_le_target,0.0,0.0,0.001,inf,0,0,64,255,0.0,0.0,False,max_tpr_with_empirical_fpr_le_target,32,True,False,0.4248192236157911,0.4243521945275395,0.546875,GALLSTONE,RF,dp,8.0,20
0.5105392156862745,0.09503676470588235,255,64,0.08627450980392157,0.08627450980392157,0.1,0.4699640438820327,22,6,58,233,0.08627450980392157,0.09375,True,max_tpr_with_empirical_fpr_le_target,0.00392156862745098,0.00392156862745098,0.01,1.698925112097925,1,0,64,254,0.00392156862745098,0.0,False,max_tpr_with_empirical_fpr_le_target,0.00392156862745098,0.00392156862745098,0.001,1.698925112097925,1,0,64,254,0.00392156862745098,0.0,False,max_tpr_with_empirical_fpr_le_target,32,True,False,0.42039405997905316,0.4142118446455283,0.546875,GALLSTONE,RF,dp,8.0,21
0.5296568627450979,0.10674019607843138,255,64,0.19607843137254902,0.19607843137254902,0.1,0.23456390626340973,50,6,58,205,0.19607843137254902,0.09375,True,max_tpr_with_empirical_fpr_le_target,0.01568627450980392,0.01568627450980392,0.01,1.0923745956200879,4,0,64,251,0.01568627450980392,0.0,False,max_tpr_with_empirical_fpr_le_target,0.01568627450980392,0.01568627450980392,0.001,1.0923745956200879,4,0,64,251,0.01568627450980392,0.0,False,max_tpr_with_empirical_fpr_le_target,32,True,False,0.4630722248390266,0.4697259017532877,0.546875,GALLSTONE,RF,dp,8.0,22
0.4899509803921569,0.07199754901960786,255,64,0.08235294117647059,0.08235294117647059,0.1,0.46701064857142827,21,6,58,234,0.08235294117647059,0.09375,True,max_tpr_with_empirical_fpr_le_target,0.027450980392156862,0.027450980392156862,0.01,0.9505419581199872,7,0,64,248,0.027450980392156862,0.0,False,max_tpr_with_empirical_fpr_le_target,0.027450980392156862,0.027450980392156862,0.001,0.9505419581199872,7,0,64,248,0.027450980392156862,0.0,False,max_tpr_with_empirical_fpr_le_target,32,True,False,0.4322810139951625,0.4292263423011795,0.546875,GALLSTONE,RF,dp,8.0,23
0.528982843137255,0.10392156862745094,255,64,0.11372549019607843,0.11372549019607843,0.1,0.34140348536291054,29,6,58,226,0.11372549019607843,0.09375,True,max_tpr_with_empirical_fpr_le_target,0.01568627450980392,0.01568627450980392,0.01,1.0348138149685595,4,0,64,251,0.01568627450980392,0.0,False,max_tpr_with_empirical_fpr_le_target,0.01568627450980392,0.01568627450980392,0.001,1.0348138149685595,4,0,64,251,0.01568627450980392,0.0,False,max_tpr_with_empirical_fpr_le_target,32,True,False,0.43199324498866254,0.44603269727731504,0.546875,GALLSTONE,RF,dp,8.0,24
0.46011029411764703,0.0856004901960784,255,64,0.08235294117647059,0.08235294117647059,0.1,0.3895950839961435,21,6,58,234,0.08235294117647059,0.09375,True,max_tpr_with_empirical_fpr_le_target,0.00784313725490196,0.00784313725490196,0.01,1.0052722775727814,2,0,64,253,0.00784313725490196,0.0,False,max_tpr_with_empirical_fpr_le_target,0.00784313725490196,0.00784313725490196,0.001,1.0052722775727814,2,0,64,253,0.00784313725490196,0.0,False,max_tpr_with_empirical_fpr_le_target,32,True,False,0.44767826580446746,0.469584293090703,0.546875,GALLSTONE,RF,dp,8.0,25
0.48799019607843136,0.04019607843137257,255,64,0.09411764705882353,0.09411764705882353,0.1,0.3466141717230714,24,6,58,231,0.09411764705882353,0.09375,True,max_tpr_with_empirical_fpr_le_target,0.01568627450980392,0.01568627450980392,0.01,0.7841610861966917,4,0,64,251,0.01568627450980392,0.0,False,max_tpr_with_empirical_fpr_le_target,0.01568627450980392,0.01568627450980392,0.001,0.7841610861966917,4,0,64,251,0.01568627450980392,0.0,False,max_tpr_with_empirical_fpr_le_target,32,True,False,0.45905260449313817,0.4739245676347526,0.546875,GALLSTONE,RF,dp,8.0,26
0.558578431372549,0.1466299019607843,255,64,0.1411764705882353,0.1411764705882353,0.1,0.34871351676167495,36,6,58,219,0.1411764705882353,0.09375,True,max_tpr_with_empirical_fpr_le_target,0.0196078431372549,0.0196078431372549,0.01,1.514244561796938,5,0,64,250,0.0196078431372549,0.0,False,max_tpr_with_empirical_fpr_le_target,0.0196078431372549,0.0196078431372549,0.001,1.514244561796938,5,0,64,250,0.0196078431372549,0.0,False,max_tpr_with_empirical_fpr_le_target,32,True,False,0.4157527384027741,0.42162653475913703,0.546875,GALLSTONE,RF,dp,8.0,27
0.4857230392156863,0.08253676470588237,255,64,0.1450980392156863,0.1450980392156863,0.1,0.31919884182587177,37,6,58,218,0.1450980392156863,0.09375,True,max_tpr_with_empirical_fpr_le_target,0.01568627450980392,0.01568627450980392,0.01,0.9846402134234153,4,0,64,251,0.01568627450980392,0.0,False,max_tpr_with_empirical_fpr_le_target,0.01568627450980392,0.01568627450980392,0.001,0.9846402134234153,4,0,64,251,0.01568627450980392,0.0,False,max_tpr_with_empirical_fpr_le_target,32,True,False,0.42789982629517614,0.44007099127869276,0.546875,GALLSTONE,RF,dp,8.0,28
0.4323529411764706,0.058823529411764705,255,64,0.08235294117647059,0.08235294117647059,0.1,0.5679244276624251,21,4,60,234,0.08235294117647059,0.0625,True,max_tpr_with_empirical_fpr_le_target,0.058823529411764705,0.058823529411764705,0.01,0.7539920586146387,15,0,64,240,0.058823529411764705,0.0,False,max_tpr_with_empirical_fpr_le_target,0.058823529411764705,0.058823529411764705,0.001,0.7539920586146387,15,0,64,240,0.058823529411764705,0.0,False,max_tpr_with_empirical_fpr_le_target,32,True,False,0.4572874768069334,0.4579551335502609,0.546875,GALLSTONE,RF,dp,8.0,29
0.5060049019607842,0.09111519607843138,255,64,0.09803921568627451,0.09803921568627451,0.1,0.5238295571086717,25,6,58,230,0.09803921568627451,0.09375,True,max_tpr_with_empirical_fpr_le_target,0.027450980392156862,0.027450980392156862,0.01,1.31610913374451,7,0,64,248,0.027450980392156862,0.0,False,max_tpr_with_empirical_fpr_le_target,0.027450980392156862,0.027450980392156862,0.001,1.31610913374451,7,0,64,248,0.027450980392156862,0.0,False,max_tpr_with_empirical_fpr_le_target,32,True,False,0.41586396050201785,0.4156663792842292,0.546875,GALLSTONE,RF,dp,10.0,0
0.5525735294117646,0.15876225490196083,255,64,0.1450980392156863,0.1450980392156863,0.1,0.31271175887100944,37,6,58,218,0.1450980392156863,0.09375,True,max_tpr_with_empirical_fpr_le_target,0.011764705882352941,0.011764705882352941,0.01,1.089980159611936,3,0,64,252,0.011764705882352941,0.0,False,max_tpr_with_empirical_fpr_le_target,0.011764705882352941,0.011764705882352941,0.001,1.089980159611936,3,0,64,252,0.011764705882352941,0.0,False,max_tpr_with_empirical_fpr_le_target,32,True,False,0.46453536699607834,0.45403999928604954,0.546875,GALLSTONE,RF,dp,10.0,1
0.4857843137254902,0.08964460784313721,255,64,0.09411764705882353,0.09411764705882353,0.1,0.35459969926391444,24,6,58,231,0.09411764705882353,0.09375,True,max_tpr_with_empirical_fpr_le_target,0.023529411764705882,0.023529411764705882,0.01,0.7521020032626087,6,0,64,249,0.023529411764705882,0.0,False,max_tpr_with_empirical_fpr_le_target,0.023529411764705882,0.023529411764705882,0.001,0.7521020032626087,6,0,64,249,0.023529411764705882,0.0,False,max_tpr_with_empirical_fpr_le_target,32,True,False,0.4590608954759272,0.45887190010520207,0.546875,GALLSTONE,RF,dp,10.0,2
0.4629901960784314,0.031433823529411764,255,64,0.09411764705882353,0.09411764705882353,0.1,0.42494759252638326,24,6,58,231,0.09411764705882353,0.09375,True,max_tpr_with_empirical_fpr_le_target,0.00784313725490196,0.00784313725490196,0.01,1.3723614809429152,2,0,64,253,0.00784313725490196,0.0,False,max_tpr_with_empirical_fpr_le_target,0.00784313725490196,0.00784313725490196,0.001,1.3723614809429152,2,0,64,253,0.00784313725490196,0.0,False,max_tpr_with_empirical_fpr_le_target,32,True,False,0.44532015695238286,0.4508203180948951,0.546875,GALLSTONE,RF,dp,10.0,3
0.5352941176470589,0.10790441176470589,255,64,0.12549019607843137,0.12549019607843137,0.1,0.3298820228154351,32,5,59,223,0.12549019607843137,0.078125,True,max_tpr_with_empirical_fpr_le_target,0.047058823529411764,0.047058823529411764,0.01,0.7064286059414688,12,0,64,243,0.047058823529411764,0.0,False,max_tpr_with_empirical_fpr_le_target,0.047058823529411764,0.047058823529411764,0.001,0.7064286059414688,12,0,64,243,0.047058823529411764,0.0,False,max_tpr_with_empirical_fpr_le_target,32,True,False,0.4504187291557765,0.4507513869419476,0.546875,GALLSTONE,RF,dp,10.0,4
0.4747549019607843,0.04620098039215681,255,64,0.06274509803921569,0.06274509803921569,0.1,0.4961222809594772,16,5,59,239,0.06274509803921569,0.078125,True,max_tpr_with_empirical_fpr_le_target,0.00392156862745098,0.00392156862745098,0.01,1.68017645198112,1,0,64,254,0.00392156862745098,0.0,False,max_tpr_with_empirical_fpr_le_target,0.00392156862745098,0.00392156862745098,0.001,1.68017645198112,1,0,64,254,0.00392156862745098,0.0,False,max_tpr_with_empirical_fpr_le_target,32,True,False,0.4290715402287365,0.42892883586505326,0.546875,GALLSTONE,RF,dp,10.0,5
0.4885416666666667,0.05508578431372549,255,64,0.13333333333333333,0.13333333333333333,0.1,0.3642997753293711,34,6,58,221,0.13333333333333333,0.09375,True,max_tpr_with_empirical_fpr_le_target,0.01568627450980392,0.01568627450980392,0.01,1.2306566759169375,4,0,64,251,0.01568627450980392,0.0,False,max_tpr_with_empirical_fpr_le_target,0.01568627450980392,0.01568627450980392,0.001,1.2306566759169375,4,0,64,251,0.01568627450980392,0.0,False,max_tpr_with_empirical_fpr_le_target,32,True,False,0.4641057027081173,0.45719522077946506,0.546875,GALLSTONE,RF,dp,10.0,6
0.5623161764705882,0.1547794117647059,255,64,0.12156862745098039,0.12156862745098039,0.1,0.37642187320123377,31,6,58,224,0.12156862745098039,0.09375,True,max_tpr_with_empirical_fpr_le_target,0.03529411764705882,0.03529411764705882,0.01,0.689772635634191,9,0,64,246,0.03529411764705882,0.0,False,max_tpr_with_empirical_fpr_le_target,0.03529411764705882,0.03529411764705882,0.001,0.689772635634191,9,0,64,246,0.03529411764705882,0.0,False,max_tpr_with_empirical_fpr_le_target,32,True,False,0.4348284221826445,0.4400007847785442,0.546875,GALLSTONE,RF,dp,10.0,7
0.5684436274509803,0.1744485294117647,255,64,0.1411764705882353,0.1411764705882353,0.1,0.29816199461511517,36,6,58,219,0.1411764705882353,0.09375,True,max_tpr_with_empirical_fpr_le_target,0.00392156862745098,0.00392156862745098,0.01,1.977622799723937,1,0,64,254,0.00392156862745098,0.0,False,max_tpr_with_empirical_fpr_le_target,0.00392156862745098,0.00392156862745098,0.001,1.977622799723937,1,0,64,254,0.00392156862745098,0.0,False,max_tpr_with_empirical_fpr_le_target,32,True,False,0.4916646111110888,0.4881427848233276,0.546875,GALLSTONE,RF,dp,10.0,8
0.5564950980392156,0.15085784313725492,255,64,0.13725490196078433,0.13725490196078433,0.1,0.3846723506666023,35,6,58,220,0.13725490196078433,0.09375,True,max_tpr_with_empirical_fpr_le_target,0.01568627450980392,0.01568627450980392,0.01,1.2229923466895016,4,0,64,251,0.01568627450980392,0.0,False,max_tpr_with_empirical_fpr_le_target,0.01568627450980392,0.01568627450980392,0.001,1.2229923466895016,4,0,64,251,0.01568627450980392,0.0,False,max_tpr_with_empirical_fpr_le_target,32,True,False,0.44391925249509284,0.45612833803090397,0.546875,GALLSTONE,RF,dp,10.0,9
0.5291666666666666,0.09215686274509804,255,64,0.08235294117647059,0.08235294117647059,0.1,0.4892937873633033,21,6,58,234,0.08235294117647059,0.09375,True,max_tpr_with_empirical_fpr_le_target,0.0196078431372549,0.0196078431372549,0.01,1.0114249531885737,5,0,64,250,0.0196078431372549,0.0,False,max_tpr_with_empirical_fpr_le_target,0.0196078431372549,0.0196078431372549,0.001,1.0114249531885737,5,0,64,250,0.0196078431372549,0.0,False,max_tpr_with_empirical_fpr_le_target,32,True,False,0.4532647853880751,0.4562805623599538,0.546875,GALLSTONE,RF,dp,10.0,10
0.5493872549019608,0.14595588235294116,255,64,0.15294117647058825,0.15294117647058825,0.1,0.35958839858761704,39,6,58,216,0.15294117647058825,0.09375,True,max_tpr_with_empirical_fpr_le_target,0.06274509803921569,0.06274509803921569,0.01,0.7295001397208771,16,0,64,239,0.06274509803921569,0.0,False,max_tpr_with_empirical_fpr_le_target,0.06274509803921569,0.06274509803921569,0.001,0.7295001397208771,16,0,64,239,0.06274509803921569,0.0,False,max_tpr_with_empirical_fpr_le_target,32,True,False,0.4021298445330122,0.40482412830723724,0.546875,GALLSTONE,RF,dp,10.0,11
0.4768382352941176,0.035355392156862744,255,64,0.09411764705882353,0.09411764705882353,0.1,0.5022845636236969,24,6,58,231,0.09411764705882353,0.09375,True,max_tpr_with_empirical_fpr_le_target,0.027450980392156862,0.027450980392156862,0.01,0.9413067576276614,7,0,64,248,0.027450980392156862,0.0,False,max_tpr_with_empirical_fpr_le_target,0.027450980392156862,0.027450980392156862,0.001,0.9413067576276614,7,0,64,248,0.027450980392156862,0.0,False,max_tpr_with_empirical_fpr_le_target,32,True,False,0.42309740645194654,0.43062318841650826,0.546875,GALLSTONE,RF,dp,10.0,12
0.49399509803921565,0.06299019607843137,255,64,0.12941176470588237,0.12941176470588237,0.1,0.36885307010802926,33,5,59,222,0.12941176470588237,0.078125,True,max_tpr_with_empirical_fpr_le_target,0.047058823529411764,0.047058823529411764,0.01,0.8323813323431757,12,0,64,243,0.047058823529411764,0.0,False,max_tpr_with_empirical_fpr_le_target,0.047058823529411764,0.047058823529411764,0.001,0.8323813323431757,12,0,64,243,0.047058823529411764,0.0,False,max_tpr_with_empirical_fpr_le_target,32,True,False,0.4101036443142196,0.4126099806446915,0.546875,GALLSTONE,RF,dp,10.0,13
0.5971200980392157,0.22959558823529413,255,64,0.19607843137254902,0.19607843137254902,0.1,0.193923329365694,50,6,58,205,0.19607843137254902,0.09375,True,max_tpr_with_empirical_fpr_le_target,0.00392156862745098,0.00392156862745098,0.01,1.9675681585599154,1,0,64,254,0.00392156862745098,0.0,False,max_tpr_with_empirical_fpr_le_target,0.00392156862745098,0.00392156862745098,0.001,1.9675681585599154,1,0,64,254,0.00392156862745098,0.0,False,max_tpr_with_empirical_fpr_le_target,32,True,False,0.39759696236125963,0.39449734534410574,0.546875,GALLSTONE,RF,dp,10.0,14
0.5162990196078432,0.07089460784313725,255,64,0.15294117647058825,0.15294117647058825,0.1,0.29455772544249426,39,6,58,216,0.15294117647058825,0.09375,True,max_tpr_with_empirical_fpr_le_target,0.00392156862745098,0.00392156862745098,0.01,1.689371802136666,1,0,64,254,0.00392156862745098,0.0,False,max_tpr_with_empirical_fpr_le_target,0.00392156862745098,0.00392156862745098,0.001,1.689371802136666,1,0,64,254,0.00392156862745098,0.0,False,max_tpr_with_empirical_fpr_le_target,32,True,False,0.4290053293034613,0.42147395251219044,0.546875,GALLSTONE,RF,dp,10.0,15
0.5286764705882354,0.12224264705882354,255,64,0.13725490196078433,0.13725490196078433,0.1,0.4370151309219502,35,6,58,220,0.13725490196078433,0.09375,True,max_tpr_with_empirical_fpr_le_target,0.027450980392156862,0.027450980392156862,0.01,0.9944703809676851,7,0,64,248,0.027450980392156862,0.0,False,max_tpr_with_empirical_fpr_le_target,0.027450980392156862,0.027450980392156862,0.001,0.9944703809676851,7,0,64,248,0.027450980392156862,0.0,False,max_tpr_with_empirical_fpr_le_target,32,True,False,0.40809797445318097,0.40166273401973546,0.546875,GALLSTONE,RF,dp,10.0,16
0.49454656862745094,0.04908088235294117,255,64,0.10980392156862745,0.10980392156862745,0.1,0.3984411223275073,28,6,58,227,0.10980392156862745,0.09375,True,max_tpr_with_empirical_fpr_le_target,0.027450980392156862,0.027450980392156862,0.01,0.9898344800032975,7,0,64,248,0.027450980392156862,0.0,False,max_tpr_with_empirical_fpr_le_target,0.027450980392156862,0.027450980392156862,0.001,0.9898344800032975,7,0,64,248,0.027450980392156862,0.0,False,max_tpr_with_empirical_fpr_le_target,32,True,False,0.41104594494900726,0.41360503609225685,0.546875,GALLSTONE,RF,dp,10.0,17
0.46887254901960784,0.050674019607843124,255,64,0.09803921568627451,0.09803921568627451,0.1,0.4246172550753148,25,5,59,230,0.09803921568627451,0.078125,True,max_tpr_with_empirical_fpr_le_target,0.0196078431372549,0.0196078431372549,0.01,0.960824955794633,5,0,64,250,0.0196078431372549,0.0,False,max_tpr_with_empirical_fpr_le_target,0.0196078431372549,0.0196078431372549,0.001,0.960824955794633,5,0,64,250,0.0196078431372549,0.0,False,max_tpr_with_empirical_fpr_le_target,32,True,False,0.4347891379421865,0.4381422517940479,0.546875,GALLSTONE,RF,dp,10.0,18
0.5066176470588235,0.05710784313725492,255,64,0.0784313725490196,0.0784313725490196,0.1,0.5383572512449226,20,6,58,235,0.0784313725490196,0.09375,True,max_tpr_with_empirical_fpr_le_target,0.0,0.0,0.01,inf,0,0,64,255,0.0,0.0,False,max_tpr_with_empirical_fpr_le_target,0.0,0.0,0.001,inf,0,0,64,255,0.0,0.0,False,max_tpr_with_empirical_fpr_le_target,32,True,False,0.4049982282371547,0.4002317407563238,0.546875,GALLSTONE,RF,dp,10.0,19
0.5291053921568628,0.127389705882353,255,64,0.16470588235294117,0.16470588235294117,0.1,0.36423175088646254,42,6,58,213,0.16470588235294117,0.09375,True,max_tpr_with_empirical_fpr_le_target,0.0,0.0,0.01,inf,0,0,64,255,0.0,0.0,False,max_tpr_with_empirical_fpr_le_target,0.0,0.0,0.001,inf,0,0,64,255,0.0,0.0,False,max_tpr_with_empirical_fpr_le_target,32,True,False,0.4248192236157911,0.4243521945275395,0.546875,GALLSTONE,RF,dp,10.0,20
0.5105392156862745,0.09503676470588235,255,64,0.08627450980392157,0.08627450980392157,0.1,0.4699640438820327,22,6,58,233,0.08627450980392157,0.09375,True,max_tpr_with_empirical_fpr_le_target,0.00392156862745098,0.00392156862745098,0.01,1.698925112097925,1,0,64,254,0.00392156862745098,0.0,False,max_tpr_with_empirical_fpr_le_target,0.00392156862745098,0.00392156862745098,0.001,1.698925112097925,1,0,64,254,0.00392156862745098,0.0,False,max_tpr_with_empirical_fpr_le_target,32,True,False,0.42039405997905316,0.4142118446455283,0.546875,GALLSTONE,RF,dp,10.0,21
0.5296568627450979,0.10674019607843138,255,64,0.19607843137254902,0.19607843137254902,0.1,0.23456390626340973,50,6,58,205,0.19607843137254902,0.09375,True,max_tpr_with_empirical_fpr_le_target,0.01568627450980392,0.01568627450980392,0.01,1.0923745956200879,4,0,64,251,0.01568627450980392,0.0,False,max_tpr_with_empirical_fpr_le_target,0.01568627450980392,0.01568627450980392,0.001,1.0923745956200879,4,0,64,251,0.01568627450980392,0.0,False,max_tpr_with_empirical_fpr_le_target,32,True,False,0.4630722248390266,0.4697259017532877,0.546875,GALLSTONE,RF,dp,10.0,22
0.4899509803921569,0.07199754901960786,255,64,0.08235294117647059,0.08235294117647059,0.1,0.46701064857142827,21,6,58,234,0.08235294117647059,0.09375,True,max_tpr_with_empirical_fpr_le_target,0.027450980392156862,0.027450980392156862,0.01,0.9505419581199872,7,0,64,248,0.027450980392156862,0.0,False,max_tpr_with_empirical_fpr_le_target,0.027450980392156862,0.027450980392156862,0.001,0.9505419581199872,7,0,64,248,0.027450980392156862,0.0,False,max_tpr_with_empirical_fpr_le_target,32,True,False,0.4322810139951625,0.4292263423011795,0.546875,GALLSTONE,RF,dp,10.0,23
0.528982843137255,0.10392156862745094,255,64,0.11372549019607843,0.11372549019607843,0.1,0.34140348536291054,29,6,58,226,0.11372549019607843,0.09375,True,max_tpr_with_empirical_fpr_le_target,0.01568627450980392,0.01568627450980392,0.01,1.0348138149685595,4,0,64,251,0.01568627450980392,0.0,False,max_tpr_with_empirical_fpr_le_target,0.01568627450980392,0.01568627450980392,0.001,1.0348138149685595,4,0,64,251,0.01568627450980392,0.0,False,max_tpr_with_empirical_fpr_le_target,32,True,False,0.43199324498866254,0.44603269727731504,0.546875,GALLSTONE,RF,dp,10.0,24
0.46011029411764703,0.0856004901960784,255,64,0.08235294117647059,0.08235294117647059,0.1,0.3895950839961435,21,6,58,234,0.08235294117647059,0.09375,True,max_tpr_with_empirical_fpr_le_target,0.00784313725490196,0.00784313725490196,0.01,1.0052722775727814,2,0,64,253,0.00784313725490196,0.0,False,max_tpr_with_empirical_fpr_le_target,0.00784313725490196,0.00784313725490196,0.001,1.0052722775727814,2,0,64,253,0.00784313725490196,0.0,False,max_tpr_with_empirical_fpr_le_target,32,True,False,0.44767826580446746,0.469584293090703,0.546875,GALLSTONE,RF,dp,10.0,25
0.48799019607843136,0.04019607843137257,255,64,0.09411764705882353,0.09411764705882353,0.1,0.3466141717230714,24,6,58,231,0.09411764705882353,0.09375,True,max_tpr_with_empirical_fpr_le_target,0.01568627450980392,0.01568627450980392,0.01,0.7841610861966917,4,0,64,251,0.01568627450980392,0.0,False,max_tpr_with_empirical_fpr_le_target,0.01568627450980392,0.01568627450980392,0.001,0.7841610861966917,4,0,64,251,0.01568627450980392,0.0,False,max_tpr_with_empirical_fpr_le_target,32,True,False,0.45905260449313817,0.4739245676347526,0.546875,GALLSTONE,RF,dp,10.0,26
0.558578431372549,0.1466299019607843,255,64,0.1411764705882353,0.1411764705882353,0.1,0.34871351676167495,36,6,58,219,0.1411764705882353,0.09375,True,max_tpr_with_empirical_fpr_le_target,0.0196078431372549,0.0196078431372549,0.01,1.514244561796938,5,0,64,250,0.0196078431372549,0.0,False,max_tpr_with_empirical_fpr_le_target,0.0196078431372549,0.0196078431372549,0.001,1.514244561796938,5,0,64,250,0.0196078431372549,0.0,False,max_tpr_with_empirical_fpr_le_target,32,True,False,0.4157527384027741,0.42162653475913703,0.546875,GALLSTONE,RF,dp,10.0,27
0.4857230392156863,0.08253676470588237,255,64,0.1450980392156863,0.1450980392156863,0.1,0.31919884182587177,37,6,58,218,0.1450980392156863,0.09375,True,max_tpr_with_empirical_fpr_le_target,0.01568627450980392,0.01568627450980392,0.01,0.9846402134234153,4,0,64,251,0.01568627450980392,0.0,False,max_tpr_with_empirical_fpr_le_target,0.01568627450980392,0.01568627450980392,0.001,0.9846402134234153,4,0,64,251,0.01568627450980392,0.0,False,max_tpr_with_empirical_fpr_le_target,32,True,False,0.42789982629517614,0.44007099127869276,0.546875,GALLSTONE,RF,dp,10.0,28
0.4305147058823529,0.054901960784313725,255,64,0.08235294117647059,0.08235294117647059,0.1,0.5650755823334033,21,4,60,234,0.08235294117647059,0.0625,True,max_tpr_with_empirical_fpr_le_target,0.054901960784313725,0.054901960784313725,0.01,0.7857470480717967,14,0,64,241,0.054901960784313725,0.0,False,max_tpr_with_empirical_fpr_le_target,0.054901960784313725,0.054901960784313725,0.001,0.7857470480717967,14,0,64,241,0.054901960784313725,0.0,False,max_tpr_with_empirical_fpr_le_target,32,True,False,0.45717143178039993,0.45792623723007986,0.546875,GALLSTONE,RF,dp,10.0,29
0.484313725490196,0.059129901960784326,255,64,0.1450980392156863,0.1450980392156863,0.1,0.30766611120341114,37,6,58,218,0.1450980392156863,0.09375,True,max_tpr_with_empirical_fpr_le_target,0.00784313725490196,0.00784313725490196,0.01,3.9538530946349124,2,0,64,253,0.00784313725490196,0.0,False,max_tpr_with_empirical_fpr_le_target,0.00784313725490196,0.00784313725490196,0.001,3.9538530946349124,2,0,64,253,0.00784313725490196,0.0,False,max_tpr_with_empirical_fpr_le_target,32,True,False,5.294435536549783,5.912833821773416,0.546875,GALLSTONE,GNB,standard,,0
0.46773897058823527,0.05116421568627451,255,64,0.11764705882352941,0.11764705882352941,0.1,0.3235466125386601,30,5,59,225,0.11764705882352941,0.078125,True,max_tpr_with_empirical_fpr_le_target,0.011764705882352941,0.011764705882352941,0.01,3.6965469196522607,3,0,64,252,0.011764705882352941,0.0,False,max_tpr_with_empirical_fpr_le_target,0.011764705882352941,0.011764705882352941,0.001,3.6965469196522607,3,0,64,252,0.011764705882352941,0.0,False,max_tpr_with_empirical_fpr_le_target,32,True,False,5.643148783253403,6.0346145537176135,0.546875,GALLSTONE,GNB,standard,,1
0.5006127450980392,0.09436274509803921,255,64,0.1607843137254902,0.1607843137254902,0.1,0.25815778674697176,41,5,59,214,0.1607843137254902,0.078125,True,max_tpr_with_empirical_fpr_le_target,0.00784313725490196,0.00784313725490196,0.01,3.7617696352347423,2,0,64,253,0.00784313725490196,0.0,False,max_tpr_with_empirical_fpr_le_target,0.00784313725490196,0.00784313725490196,0.001,3.7617696352347423,2,0,64,253,0.00784313725490196,0.0,False,max_tpr_with_empirical_fpr_le_target,32,True,False,5.005864614678037,5.431894210896174,0.546875,GALLSTONE,GNB,standard,,2
0.5314950980392156,0.146078431372549,255,64,0.11764705882352941,0.11764705882352941,0.1,0.36743965324566563,30,6,58,225,0.11764705882352941,0.09375,True,max_tpr_with_empirical_fpr_le_target,0.00784313725490196,0.00784313725490196,0.01,7.152642862313913,2,0,64,253,0.00784313725490196,0.0,False,max_tpr_with_empirical_fpr_le_target,0.00784313725490196,0.00784313725490196,0.001,7.152642862313913,2,0,64,253,0.00784313725490196,0.0,False,max_tpr_with_empirical_fpr_le_target,32,True,False,5.009707439632247,5.412308452196532,0.546875,GALLSTONE,GNB,standard,,3
0.5186274509803921,0.10612745098039217,255,64,0.17254901960784313,0.17254901960784313,0.1,0.24528980303051284,44,6,58,211,0.17254901960784313,0.09375,True,max_tpr_with_empirical_fpr_le_target,0.0,0.0,0.01,inf,0,0,64,255,0.0,0.0,False,max_tpr_with_empirical_fpr_le_target,0.0,0.0,0.001,inf,0,0,64,255,0.0,0.0,False,max_tpr_with_empirical_fpr_le_target,32,True,False,5.07953522065403,5.499994784308108,0.546875,GALLSTONE,GNB,standard,,4
0.5754901960784313,0.13210784313725488,255,64,0.18823529411764706,0.18823529411764706,0.1,0.20922030234280253,48,6,58,207,0.18823529411764706,0.09375,True,max_tpr_with_empirical_fpr_le_target,0.00784313725490196,0.00784313725490196,0.01,3.8133849796033514,2,0,64,253,0.00784313725490196,0.0,False,max_tpr_with_empirical_fpr_le_target,0.00784313725490196,0.00784313725490196,0.001,3.8133849796033514,2,0,64,253,0.00784313725490196,0.0,False,max_tpr_with_empirical_fpr_le_target,32,True,False,5.588762991258509,5.931958167581766,0.546875,GALLSTONE,GNB,standard,,5
0.4984987745098039,0.06292892156862745,255,64,0.12941176470588237,0.12941176470588237,0.1,0.3532410238093906,33,5,59,222,0.12941176470588237,0.078125,True,max_tpr_with_empirical_fpr_le_target,0.023529411764705882,0.023529411764705882,0.01,2.4489136885541063,6,0,64,249,0.023529411764705882,0.0,False,max_tpr_with_empirical_fpr_le_target,0.023529411764705882,0.023529411764705882,0.001,2.4489136885541063,6,0,64,249,0.023529411764705882,0.0,False,max_tpr_with_empirical_fpr_le_target,32,True,False,5.644842280577858,6.263732622254134,0.546875,GALLSTONE,GNB,standard,,6
0.5445772058823529,0.12285539215686275,255,64,0.13725490196078433,0.13725490196078433,0.1,0.34447268016844745,35,5,59,220,0.13725490196078433,0.078125,True,max_tpr_with_empirical_fpr_le_target,0.011764705882352941,0.011764705882352941,0.01,3.2115831959084797,3,0,64,252,0.011764705882352941,0.0,False,max_tpr_with_empirical_fpr_le_target,0.011764705882352941,0.011764705882352941,0.001,3.2115831959084797,3,0,64,252,0.011764705882352941,0.0,False,max_tpr_with_empirical_fpr_le_target,32,True,False,5.156469429211223,5.719160524035973,0.546875,GALLSTONE,GNB,standard,,7
0.521875,0.10330882352941179,255,64,0.11372549019607843,0.11372549019607843,0.1,0.28947091478060205,29,6,58,226,0.11372549019607843,0.09375,True,max_tpr_with_empirical_fpr_le_target,0.00784313725490196,0.00784313725490196,0.01,4.825579235886354,2,0,64,253,0.00784313725490196,0.0,False,max_tpr_with_empirical_fpr_le_target,0.00784313725490196,0.00784313725490196,0.001,4.825579235886354,2,0,64,253,0.00784313725490196,0.0,False,max_tpr_with_empirical_fpr_le_target,32,True,False,5.715868698270141,5.954790540239856,0.546875,GALLSTONE,GNB,standard,,8
0.5488970588235293,0.11807598039215686,255,64,0.20392156862745098,0.20392156862745098,0.1,0.22875813598064587,52,6,58,203,0.20392156862745098,0.09375,True,max_tpr_with_empirical_fpr_le_target,0.00784313725490196,0.00784313725490196,0.01,3.8339480701842095,2,0,64,253,0.00784313725490196,0.0,False,max_tpr_with_empirical_fpr_le_target,0.00784313725490196,0.00784313725490196,0.001,3.8339480701842095,2,0,64,253,0.00784313725490196,0.0,False,max_tpr_with_empirical_fpr_le_target,32,True,False,5.069083277113321,5.601821327225685,0.546875,GALLSTONE,GNB,standard,,9
0.5013174019607843,0.059129901960784326,255,64,0.1411764705882353,0.1411764705882353,0.1,0.20708186938572526,36,6,58,219,0.1411764705882353,0.09375,True,max_tpr_with_empirical_fpr_le_target,0.0,0.0,0.01,inf,0,0,64,255,0.0,0.0,False,max_tpr_with_empirical_fpr_le_target,0.0,0.0,0.001,inf,0,0,64,255,0.0,0.0,False,max_tpr_with_empirical_fpr_le_target,32,True,False,5.083365978587045,5.504766982598574,0.546875,GALLSTONE,GNB,standard,,10
0.5123161764705881,0.08651960784313725,255,64,0.17254901960784313,0.17254901960784313,0.1,0.21944026176940534,44,6,58,211,0.17254901960784313,0.09375,True,max_tpr_with_empirical_fpr_le_target,0.011764705882352941,0.011764705882352941,0.01,2.722188302696707,3,0,64,252,0.011764705882352941,0.0,False,max_tpr_with_empirical_fpr_le_target,0.011764705882352941,0.011764705882352941,0.001,2.722188302696707,3,0,64,252,0.011764705882352941,0.0,False,max_tpr_with_empirical_fpr_le_target,32,True,False,5.23509473101738,5.6802694589149185,0.546875,GALLSTONE,GNB,standard,,11
0.5114583333333333,0.0881740196078431,255,64,0.0784313725490196,0.0784313725490196,0.1,0.38067994956462314,20,6,58,235,0.0784313725490196,0.09375,True,max_tpr_with_empirical_fpr_le_target,0.01568627450980392,0.01568627450980392,0.01,2.5747891055563503,4,0,64,251,0.01568627450980392,0.0,False,max_tpr_with_empirical_fpr_le_target,0.01568627450980392,0.01568627450980392,0.001,2.5747891055563503,4,0,64,251,0.01568627450980392,0.0,False,max_tpr_with_empirical_fpr_le_target,32,True,False,5.74956803312815,6.107896410078792,0.546875,GALLSTONE,GNB,standard,,12
0.5307598039215686,0.1027573529411765,255,64,0.14901960784313725,0.14901960784313725,0.1,0.2297387422962367,38,6,58,217,0.14901960784313725,0.09375,True,max_tpr_with_empirical_fpr_le_target,0.00392156862745098,0.00392156862745098,0.01,7.909968778614052,1,0,64,254,0.00392156862745098,0.0,False,max_tpr_with_empirical_fpr_le_target,0.00392156862745098,0.00392156862745098,0.001,7.909968778614052,1,0,64,254,0.00392156862745098,0.0,False,max_tpr_with_empirical_fpr_le_target,32,True,False,4.731123322649322,5.180867518904964,0.546875,GALLSTONE,GNB,standard,,13
0.4694240196078431,0.07120098039215686,255,64,0.08627450980392157,0.08627450980392157,0.1,0.3984045517511823,22,4,60,233,0.08627450980392157,0.0625,True,max_tpr_with_empirical_fpr_le_target,0.00392156862745098,0.00392156862745098,0.01,5.90158495320979,1,0,64,254,0.00392156862745098,0.0,False,max_tpr_with_empirical_fpr_le_target,0.00392156862745098,0.00392156862745098,0.001,5.90158495320979,1,0,64,254,0.00392156862745098,0.0,False,max_tpr_with_empirical_fpr_le_target,32,True,False,5.896367676320402,6.4118736292011365,0.546875,GALLSTONE,GNB,standard,,14
0.5464154411764706,0.15042892156862742,255,64,0.1450980392156863,0.1450980392156863,0.1,0.21797058138003278,37,6,58,218,0.1450980392156863,0.09375,True,max_tpr_with_empirical_fpr_le_target,0.0196078431372549,0.0196078431372549,0.01,2.855582847288876,5,0,64,250,0.0196078431372549,0.0,False,max_tpr_with_empirical_fpr_le_target,0.0196078431372549,0.0196078431372549,0.001,2.855582847288876,5,0,64,250,0.0196078431372549,0.0,False,max_tpr_with_empirical_fpr_le_target,32,True,False,4.793888509340917,5.13042981389216,0.546875,GALLSTONE,GNB,standard,,15
0.5058210784313726,0.07113970588235294,255,64,0.1568627450980392,0.1568627450980392,0.1,0.29324925190707196,40,6,58,215,0.1568627450980392,0.09375,True,max_tpr_with_empirical_fpr_le_target,0.011764705882352941,0.011764705882352941,0.01,1.9001572891572849,3,0,64,252,0.011764705882352941,0.0,False,max_tpr_with_empirical_fpr_le_target,0.011764705882352941,0.011764705882352941,0.001,1.9001572891572849,3,0,64,252,0.011764705882352941,0.0,False,max_tpr_with_empirical_fpr_le_target,32,True,False,6.18880903480036,6.660549505967549,0.546875,GALLSTONE,GNB,standard,,16
0.4901654411764706,0.04154411764705879,255,64,0.08235294117647059,0.08235294117647059,0.1,0.4137136419684424,21,6,58,234,0.08235294117647059,0.09375,True,max_tpr_with_empirical_fpr_le_target,0.00392156862745098,0.00392156862745098,0.01,9.894639272092874,1,0,64,254,0.00392156862745098,0.0,False,max_tpr_with_empirical_fpr_le_target,0.00392156862745098,0.00392156862745098,0.001,9.894639272092874,1,0,64,254,0.00392156862745098,0.0,False,max_tpr_with_empirical_fpr_le_target,32,True,False,5.2798998886087825,5.594761143906781,0.546875,GALLSTONE,GNB,standard,,17
0.5059436274509804,0.08088235294117652,255,64,0.1411764705882353,0.1411764705882353,0.1,0.3916267444335171,36,6,58,219,0.1411764705882353,0.09375,True,max_tpr_with_empirical_fpr_le_target,0.00784313725490196,0.00784313725490196,0.01,2.9755863233724806,2,0,64,253,0.00784313725490196,0.0,False,max_tpr_with_empirical_fpr_le_target,0.00784313725490196,0.00784313725490196,0.001,2.9755863233724806,2,0,64,253,0.00784313725490196,0.0,False,max_tpr_with_empirical_fpr_le_target,32,True,False,6.405507367698968,6.7789468819448055,0.546875,GALLSTONE,GNB,standard,,18
0.5323529411764705,0.10441176470588232,255,64,0.12941176470588237,0.12941176470588237,0.1,0.3150779388056679,33,5,59,222,0.12941176470588237,0.078125,True,max_tpr_with_empirical_fpr_le_target,0.00392156862745098,0.00392156862745098,0.01,7.091874801746108,1,0,64,254,0.00392156862745098,0.0,False,max_tpr_with_empirical_fpr_le_target,0.00392156862745098,0.00392156862745098,0.001,7.091874801746108,1,0,64,254,0.00392156862745098,0.0,False,max_tpr_with_empirical_fpr_le_target,32,True,False,5.166858770264593,5.64582407948121,0.546875,GALLSTONE,GNB,standard,,19
0.48921568627450984,0.06348039215686274,255,64,0.12941176470588237,0.12941176470588237,0.1,0.3258020818203007,33,6,58,222,0.12941176470588237,0.09375,True,max_tpr_with_empirical_fpr_le_target,0.00392156862745098,0.00392156862745098,0.01,6.011781283582088,1,0,64,254,0.00392156862745098,0.0,False,max_tpr_with_empirical_fpr_le_target,0.00392156862745098,0.00392156862745098,0.001,6.011781283582088,1,0,64,254,0.00392156862745098,0.0,False,max_tpr_with_empirical_fpr_le_target,32,True,False,5.5667530377692165,5.875761702285613,0.546875,GALLSTONE,GNB,standard,,20
0.4813725490196078,0.036948529411764686,255,64,0.07450980392156863,0.07450980392156863,0.1,0.5403300923321241,19,6,58,236,0.07450980392156863,0.09375,True,max_tpr_with_empirical_fpr_le_target,0.00392156862745098,0.00392156862745098,0.01,4.789270473001619,1,0,64,254,0.00392156862745098,0.0,False,max_tpr_with_empirical_fpr_le_target,0.00392156862745098,0.00392156862745098,0.001,4.789270473001619,1,0,64,254,0.00392156862745098,0.0,False,max_tpr_with_empirical_fpr_le_target,32,True,False,5.392821934262538,5.902519855251364,0.546875,GALLSTONE,GNB,standard,,21
0.5218750000000001,0.09944852941176469,255,64,0.17254901960784313,0.17254901960784313,0.1,0.2674423145496805,44,6,58,211,0.17254901960784313,0.09375,True,max_tpr_with_empirical_fpr_le_target,0.00392156862745098,0.00392156862745098,0.01,2.965855668105413,1,0,64,254,0.00392156862745098,0.0,False,max_tpr_with_empirical_fpr_le_target,0.00392156862745098,0.00392156862745098,0.001,2.965855668105413,1,0,64,254,0.00392156862745098,0.0,False,max_tpr_with_empirical_fpr_le_target,32,True,False,5.840430924481848,6.15256449797595,0.546875,GALLSTONE,GNB,standard,,22
0.5436274509803922,0.1455269607843137,255,64,0.19607843137254902,0.19607843137254902,0.1,0.2503066874525377,50,6,58,205,0.19607843137254902,0.09375,True,max_tpr_with_empirical_fpr_le_target,0.00784313725490196,0.00784313725490196,0.01,2.824607223822751,2,0,64,253,0.00784313725490196,0.0,False,max_tpr_with_empirical_fpr_le_target,0.00784313725490196,0.00784313725490196,0.001,2.824607223822751,2,0,64,253,0.00784313725490196,0.0,False,max_tpr_with_empirical_fpr_le_target,32,True,False,6.073558871332786,6.400790952255335,0.546875,GALLSTONE,GNB,standard,,23
0.5283700980392156,0.09466911764705882,255,64,0.1450980392156863,0.1450980392156863,0.1,0.29822239718427745,37,6,58,218,0.1450980392156863,0.09375,True,max_tpr_with_empirical_fpr_le_target,0.00392156862745098,0.00392156862745098,0.01,6.592912199845642,1,0,64,254,0.00392156862745098,0.0,False,max_tpr_with_empirical_fpr_le_target,0.00392156862745098,0.00392156862745098,0.001,6.592912199845642,1,0,64,254,0.00392156862745098,0.0,False,max_tpr_with_empirical_fpr_le_target,32,True,False,5.3648810921814825,5.736683713492785,0.546875,GALLSTONE,GNB,standard,,24
0.5105392156862745,0.06936274509803919,255,64,0.09803921568627451,0.09803921568627451,0.1,0.3634556200693644,25,6,58,230,0.09803921568627451,0.09375,True,max_tpr_with_empirical_fpr_le_target,0.0196078431372549,0.0196078431372549,0.01,2.269563936455423,5,0,64,250,0.0196078431372549,0.0,False,max_tpr_with_empirical_fpr_le_target,0.0196078431372549,0.0196078431372549,0.001,2.269563936455423,5,0,64,250,0.0196078431372549,0.0,False,max_tpr_with_empirical_fpr_le_target,32,True,False,4.9469455896057735,5.314327207243006,0.546875,GALLSTONE,GNB,standard,,25
0.49675245098039217,0.0650735294117647,255,64,0.11764705882352941,0.11764705882352941,0.1,0.216088335206428,30,6,58,225,0.11764705882352941,0.09375,True,max_tpr_with_empirical_fpr_le_target,0.00784313725490196,0.00784313725490196,0.01,6.275497144390485,2,0,64,253,0.00784313725490196,0.0,False,max_tpr_with_empirical_fpr_le_target,0.00784313725490196,0.00784313725490196,0.001,6.275497144390485,2,0,64,253,0.00784313725490196,0.0,False,max_tpr_with_empirical_fpr_le_target,32,True,False,5.042736433426867,5.497487782408499,0.546875,GALLSTONE,GNB,standard,,26
0.5075367647058824,0.10655637254901962,255,64,0.10588235294117647,0.10588235294117647,0.1,0.3419766337549053,27,6,58,228,0.10588235294117647,0.09375,True,max_tpr_with_empirical_fpr_le_target,0.00392156862745098,0.00392156862745098,0.01,6.595162970457782,1,0,64,254,0.00392156862745098,0.0,False,max_tpr_with_empirical_fpr_le_target,0.00392156862745098,0.00392156862745098,0.001,6.595162970457782,1,0,64,254,0.00392156862745098,0.0,False,max_tpr_with_empirical_fpr_le_target,32,True,False,4.914916304221608,5.257401717802013,0.546875,GALLSTONE,GNB,standard,,27
0.5606004901960784,0.16599264705882355,255,64,0.18823529411764706,0.18823529411764706,0.1,0.2425399918941391,48,6,58,207,0.18823529411764706,0.09375,True,max_tpr_with_empirical_fpr_le_target,0.00392156862745098,0.00392156862745098,0.01,6.309987629519292,1,0,64,254,0.00392156862745098,0.0,False,max_tpr_with_empirical_fpr_le_target,0.00392156862745098,0.00392156862745098,0.001,6.309987629519292,1,0,64,254,0.00392156862745098,0.0,False,max_tpr_with_empirical_fpr_le_target,32,True,False,5.298766084269289,5.772584114467679,0.546875,GALLSTONE,GNB,standard,,28
0.4512561274509804,0.01568627450980392,255,64,0.07450980392156863,0.07450980392156863,0.1,0.45538259680105897,19,6,58,236,0.07450980392156863,0.09375,True,max_tpr_with_empirical_fpr_le_target,0.01568627450980392,0.01568627450980392,0.01,2.613673312129442,4,0,64,251,0.01568627450980392,0.0,False,max_tpr_with_empirical_fpr_le_target,0.01568627450980392,0.01568627450980392,0.001,2.613673312129442,4,0,64,251,0.01568627450980392,0.0,False,max_tpr_with_empirical_fpr_le_target,32,True,False,5.030315510272382,5.5398209616202845,0.546875,GALLSTONE,GNB,standard,,29
0.5720588235294117,0.20606617647058822,255,64,0.08627450980392157,0.08627450980392157,0.1,0.5350993746490524,22,6,58,233,0.08627450980392157,0.09375,True,max_tpr_with_empirical_fpr_le_target,0.01568627450980392,0.01568627450980392,0.01,0.9086247043130569,4,0,64,251,0.01568627450980392,0.0,False,max_tpr_with_empirical_fpr_le_target,0.01568627450980392,0.01568627450980392,0.001,0.9086247043130569,4,0,64,251,0.01568627450980392,0.0,False,max_tpr_with_empirical_fpr_le_target,32,True,False,12.091436470848045,12.071710779421677,0.53125,GALLSTONE,GNB,dp,0.1,0
0.4793504901960784,0.051041666666666666,255,64,0.09019607843137255,0.09019607843137255,0.1,0.5167851348903643,23,5,59,232,0.09019607843137255,0.078125,True,max_tpr_with_empirical_fpr_le_target,0.01568627450980392,0.01568627450980392,0.01,0.9925427748781299,4,0,64,251,0.01568627450980392,0.0,False,max_tpr_with_empirical_fpr_le_target,0.01568627450980392,0.01568627450980392,0.001,0.9925427748781299,4,0,64,251,0.01568627450980392,0.0,False,max_tpr_with_empirical_fpr_le_target,32,True,False,10.893555767491067,10.984086104341108,0.53125,GALLSTONE,GNB,dp,0.1,1
0.43854166666666666,0.039705882352941174,255,64,0.0392156862745098,0.0392156862745098,0.1,0.6893316366194719,10,5,59,245,0.0392156862745098,0.078125,True,max_tpr_with_empirical_fpr_le_target,0.0,0.0,0.01,inf,0,0,64,255,0.0,0.0,False,max_tpr_with_empirical_fpr_le_target,0.0,0.0,0.001,inf,0,0,64,255,0.0,0.0,False,max_tpr_with_empirical_fpr_le_target,32,True,False,11.493289408146682,11.347771432251172,0.53125,GALLSTONE,GNB,dp,0.1,2
0.5166666666666666,0.09957107843137253,255,64,0.058823529411764705,0.058823529411764705,0.1,0.5056059140533371,15,4,60,240,0.058823529411764705,0.0625,True,max_tpr_with_empirical_fpr_le_target,0.00784313725490196,0.00784313725490196,0.01,1.0179923401788287,2,0,64,253,0.00784313725490196,0.0,False,max_tpr_with_empirical_fpr_le_target,0.00784313725490196,0.00784313725490196,0.001,1.0179923401788287,2,0,64,253,0.00784313725490196,0.0,False,max_tpr_with_empirical_fpr_le_target,32,True,False,11.388834999786901,11.272671264760053,0.53125,GALLSTONE,GNB,dp,0.1,3
0.5045343137254902,0.08363970588235292,255,64,0.13333333333333333,0.13333333333333333,0.1,0.4566296043770608,34,6,58,221,0.13333333333333333,0.09375,True,max_tpr_with_empirical_fpr_le_target,0.00392156862745098,0.00392156862745098,0.01,1.1731359078646695,1,0,64,254,0.00392156862745098,0.0,False,max_tpr_with_empirical_fpr_le_target,0.00392156862745098,0.00392156862745098,0.001,1.1731359078646695,1,0,64,254,0.00392156862745098,0.0,False,max_tpr_with_empirical_fpr_le_target,32,True,False,11.27474951630532,11.210961585775717,0.53125,GALLSTONE,GNB,dp,0.1,4
0.48284313725490197,0.07481617647058825,255,64,0.15294117647058825,0.15294117647058825,0.1,0.582257597958197,39,5,59,216,0.15294117647058825,0.078125,True,max_tpr_with_empirical_fpr_le_target,0.00784313725490196,0.00784313725490196,0.01,1.2463187064758214,2,0,64,253,0.00784313725490196,0.0,False,max_tpr_with_empirical_fpr_le_target,0.00784313725490196,0.00784313725490196,0.001,1.2463187064758214,2,0,64,253,0.00784313725490196,0.0,False,max_tpr_with_empirical_fpr_le_target,32,True,False,11.123147254982849,11.240243571266639,0.53125,GALLSTONE,GNB,dp,0.1,5
0.4881740196078431,0.059129901960784326,255,64,0.13725490196078433,0.13725490196078433,0.1,0.43766048146894176,35,5,59,220,0.13725490196078433,0.078125,True,max_tpr_with_empirical_fpr_le_target,0.01568627450980392,0.01568627450980392,0.01,0.9488953520009038,4,0,64,251,0.01568627450980392,0.0,False,max_tpr_with_empirical_fpr_le_target,0.01568627450980392,0.01568627450980392,0.001,0.9488953520009038,4,0,64,251,0.01568627450980392,0.0,False,max_tpr_with_empirical_fpr_le_target,32,True,False,11.165610394183485,11.146352551126315,0.53125,GALLSTONE,GNB,dp,0.1,6
0.49724264705882354,0.061580882352941124,255,64,0.07450980392156863,0.07450980392156863,0.1,0.5322870963386697,19,6,58,236,0.07450980392156863,0.09375,True,max_tpr_with_empirical_fpr_le_target,0.01568627450980392,0.01568627450980392,0.01,1.041410998647513,4,0,64,251,0.01568627450980392,0.0,False,max_tpr_with_empirical_fpr_le_target,0.01568627450980392,0.01568627450980392,0.001,1.041410998647513,4,0,64,251,0.01568627450980392,0.0,False,max_tpr_with_empirical_fpr_le_target,32,True,False,11.08647433461896,11.122854708934536,0.53125,GALLSTONE,GNB,dp,0.1,7
0.49816176470588236,0.06874999999999998,255,64,0.13333333333333333,0.13333333333333333,0.1,0.44262936985196966,34,6,58,221,0.13333333333333333,0.09375,True,max_tpr_with_empirical_fpr_le_target,0.03529411764705882,0.03529411764705882,0.01,0.785236292261005,9,0,64,246,0.03529411764705882,0.0,False,max_tpr_with_empirical_fpr_le_target,0.03529411764705882,0.03529411764705882,0.001,0.785236292261005,9,0,64,246,0.03529411764705882,0.0,False,max_tpr_with_empirical_fpr_le_target,32,True,False,11.842853158964775,11.803669779729654,0.53125,GALLSTONE,GNB,dp,0.1,8
0.5493872549019607,0.11219362745098038,255,64,0.1843137254901961,0.1843137254901961,0.1,0.3570483282037573,47,6,58,208,0.1843137254901961,0.09375,True,max_tpr_with_empirical_fpr_le_target,0.01568627450980392,0.01568627450980392,0.01,1.0338176902265612,4,0,64,251,0.01568627450980392,0.0,False,max_tpr_with_empirical_fpr_le_target,0.01568627450980392,0.01568627450980392,0.001,1.0338176902265612,4,0,64,251,0.01568627450980392,0.0,False,max_tpr_with_empirical_fpr_le_target,32,True,False,10.997442773307512,11.075983390521285,0.53125,GALLSTONE,GNB,dp,0.1,9
0.48449754901960784,0.0498774509803922,255,64,0.10588235294117647,0.10588235294117647,0.1,0.5154457775609727,27,6,58,228,0.10588235294117647,0.09375,True,max_tpr_with_empirical_fpr_le_target,0.01568627450980392,0.01568627450980392,0.01,1.0375642482027407,4,0,64,251,0.01568627450980392,0.0,False,max_tpr_with_empirical_fpr_le_target,0.01568627450980392,0.01568627450980392,0.001,1.0375642482027407,4,0,64,251,0.01568627450980392,0.0,False,max_tpr_with_empirical_fpr_le_target,32,True,False,10.942879510422646,10.996164685012387,0.53125,GALLSTONE,GNB,dp,0.1,10
0.4653186274509804,0.07941176470588235,255,64,0.07058823529411765,0.07058823529411765,0.1,0.5733747978784622,18,6,58,237,0.07058823529411765,0.09375,True,max_tpr_with_empirical_fpr_le_target,0.023529411764705882,0.023529411764705882,0.01,0.8705049093417561,6,0,64,249,0.023529411764705882,0.0,False,max_tpr_with_empirical_fpr_le_target,0.023529411764705882,0.023529411764705882,0.001,0.8705049093417561,6,0,64,249,0.023529411764705882,0.0,False,max_tpr_with_empirical_fpr_le_target,32,True,False,11.3577408265362,11.417844482654369,0.53125,GALLSTONE,GNB,dp,0.1,11
0.4861519607843137,0.0866421568627451,255,64,0.1803921568627451,0.1803921568627451,0.1,0.5616137035940558,46,6,58,209,0.1803921568627451,0.09375,True,max_tpr_with_empirical_fpr_le_target,0.00392156862745098,0.00392156862745098,0.01,1.852890479329444,1,0,64,254,0.00392156862745098,0.0,False,max_tpr_with_empirical_fpr_le_target,0.00392156862745098,0.00392156862745098,0.001,1.852890479329444,1,0,64,254,0.00392156862745098,0.0,False,max_tpr_with_empirical_fpr_le_target,32,True,False,10.693711840483415,10.444155145341803,0.53125,GALLSTONE,GNB,dp,0.1,12
0.4826593137254902,0.058210784313725505,255,64,0.09803921568627451,0.09803921568627451,0.1,0.6562627853012115,25,6,58,230,0.09803921568627451,0.09375,True,max_tpr_with_empirical_fpr_le_target,0.03529411764705882,0.03529411764705882,0.01,0.9004231038204358,9,0,64,246,0.03529411764705882,0.0,False,max_tpr_with_empirical_fpr_le_target,0.03529411764705882,0.03529411764705882,0.001,0.9004231038204358,9,0,64,246,0.03529411764705882,0.0,False,max_tpr_with_empirical_fpr_le_target,32,True,False,12.001246949903585,11.903155060161634,0.53125,GALLSTONE,GNB,dp,0.1,13
0.46200980392156865,0.051348039215686286,255,64,0.1450980392156863,0.1450980392156863,0.1,0.4837741383553644,37,6,58,218,0.1450980392156863,0.09375,True,max_tpr_with_empirical_fpr_le_target,0.023529411764705882,0.023529411764705882,0.01,0.9599114117217789,6,0,64,249,0.023529411764705882,0.0,False,max_tpr_with_empirical_fpr_le_target,0.023529411764705882,0.023529411764705882,0.001,0.9599114117217789,6,0,64,249,0.023529411764705882,0.0,False,max_tpr_with_empirical_fpr_le_target,32,True,False,11.088332484679233,11.016157850545497,0.53125,GALLSTONE,GNB,dp,0.1,14
0.5169117647058825,0.09497549019607843,255,64,0.10588235294117647,0.10588235294117647,0.1,0.4762690942510348,27,6,58,228,0.10588235294117647,0.09375,True,max_tpr_with_empirical_fpr_le_target,0.027450980392156862,0.027450980392156862,0.01,0.7665259882439481,7,0,64,248,0.027450980392156862,0.0,False,max_tpr_with_empirical_fpr_le_target,0.027450980392156862,0.027450980392156862,0.001,0.7665259882439481,7,0,64,248,0.027450980392156862,0.0,False,max_tpr_with_empirical_fpr_le_target,32,True,False,11.33862056849988,11.429299614806364,0.53125,GALLSTONE,GNB,dp,0.1,15
0.48621323529411764,0.058394607843137214,255,64,0.09411764705882353,0.09411764705882353,0.1,0.5027570977116174,24,6,58,231,0.09411764705882353,0.09375,True,max_tpr_with_empirical_fpr_le_target,0.0,0.0,0.01,inf,0,0,64,255,0.0,0.0,False,max_tpr_with_empirical_fpr_le_target,0.0,0.0,0.001,inf,0,0,64,255,0.0,0.0,False,max_tpr_with_empirical_fpr_le_target,32,True,False,11.236057452389254,11.248960000261391,0.53125,GALLSTONE,GNB,dp,0.1,16
0.5406862745098039,0.1506740196078431,255,64,0.11764705882352941,0.11764705882352941,0.1,0.47100509423237646,30,6,58,225,0.11764705882352941,0.09375,True,max_tpr_with_empirical_fpr_le_target,0.03529411764705882,0.03529411764705882,0.01,0.7638416200431095,9,0,64,246,0.03529411764705882,0.0,False,max_tpr_with_empirical_fpr_le_target,0.03529411764705882,0.03529411764705882,0.001,0.7638416200431095,9,0,64,246,0.03529411764705882,0.0,False,max_tpr_with_empirical_fpr_le_target,32,True,False,11.012570738891284,11.041689721270789,0.53125,GALLSTONE,GNB,dp,0.1,17
0.4982230392156863,0.0829044117647059,255,64,0.16470588235294117,0.16470588235294117,0.1,0.39663126083888,42,6,58,213,0.16470588235294117,0.09375,True,max_tpr_with_empirical_fpr_le_target,0.027450980392156862,0.027450980392156862,0.01,0.9639338687886516,7,0,64,248,0.027450980392156862,0.0,False,max_tpr_with_empirical_fpr_le_target,0.027450980392156862,0.027450980392156862,0.001,0.9639338687886516,7,0,64,248,0.027450980392156862,0.0,False,max_tpr_with_empirical_fpr_le_target,32,True,False,11.67254150882869,11.62491577113809,0.53125,GALLSTONE,GNB,dp,0.1,18
0.5270220588235295,0.08063725490196083,255,64,0.1450980392156863,0.1450980392156863,0.1,0.39194496372336207,37,6,58,218,0.1450980392156863,0.09375,True,max_tpr_with_empirical_fpr_le_target,0.00392156862745098,0.00392156862745098,0.01,1.1853700720074962,1,0,64,254,0.00392156862745098,0.0,False,max_tpr_with_empirical_fpr_le_target,0.00392156862745098,0.00392156862745098,0.001,1.1853700720074962,1,0,64,254,0.00392156862745098,0.0,False,max_tpr_with_empirical_fpr_le_target,32,True,False,11.661165584307895,11.601282289640654,0.53125,GALLSTONE,GNB,dp,0.1,19
0.4496323529411765,0.031433823529411764,255,64,0.08235294117647059,0.08235294117647059,0.1,0.528107204094705,21,6,58,234,0.08235294117647059,0.09375,True,max_tpr_with_empirical_fpr_le_target,0.00392156862745098,0.00392156862745098,0.01,1.304519701725388,1,0,64,254,0.00392156862745098,0.0,False,max_tpr_with_empirical_fpr_le_target,0.00392156862745098,0.00392156862745098,0.001,1.304519701725388,1,0,64,254,0.00392156862745098,0.0,False,max_tpr_with_empirical_fpr_le_target,32,True,False,10.600749702066636,10.517151001348171,0.53125,GALLSTONE,GNB,dp,0.1,20
0.46219362745098036,0.023406862745098067,255,64,0.10588235294117647,0.10588235294117647,0.1,0.5443864494825417,27,6,58,228,0.10588235294117647,0.09375,True,max_tpr_with_empirical_fpr_le_target,0.01568627450980392,0.01568627450980392,0.01,0.9846094504257641,4,0,64,251,0.01568627450980392,0.0,False,max_tpr_with_empirical_fpr_le_target,0.01568627450980392,0.01568627450980392,0.001,0.9846094504257641,4,0,64,251,0.01568627450980392,0.0,False,max_tpr_with_empirical_fpr_le_target,32,True,False,10.492231490274042,10.566552155594088,0.53125,GALLSTONE,GNB,dp,0.1,21
0.4996323529411765,0.06954656862745101,255,64,0.07058823529411765,0.07058823529411765,0.1,0.4954674354396773,18,6,58,237,0.07058823529411765,0.09375,True,max_tpr_with_empirical_fpr_le_target,0.0,0.0,0.01,inf,0,0,64,255,0.0,0.0,False,max_tpr_with_empirical_fpr_le_target,0.0,0.0,0.001,inf,0,0,64,255,0.0,0.0,False,max_tpr_with_empirical_fpr_le_target,32,True,False,10.171245037902562,10.339645937586518,0.53125,GALLSTONE,GNB,dp,0.1,22
0.533578431372549,0.1080882352941176,255,64,0.09803921568627451,0.09803921568627451,0.1,0.4944729893085946,25,6,58,230,0.09803921568627451,0.09375,True,max_tpr_with_empirical_fpr_le_target,0.0,0.0,0.01,inf,0,0,64,255,0.0,0.0,False,max_tpr_with_empirical_fpr_le_target,0.0,0.0,0.001,inf,0,0,64,255,0.0,0.0,False,max_tpr_with_empirical_fpr_le_target,32,True,False,11.237245399624516,11.306286720717013,0.53125,GALLSTONE,GNB,dp,0.1,23
0.4958946078431372,0.060723039215686225,255,64,0.1450980392156863,0.1450980392156863,0.1,0.4768264843429839,37,6,58,218,0.1450980392156863,0.09375,True,max_tpr_with_empirical_fpr_le_target,0.03529411764705882,0.03529411764705882,0.01,0.9931437917129684,9,0,64,246,0.03529411764705882,0.0,False,max_tpr_with_empirical_fpr_le_target,0.03529411764705882,0.03529411764705882,0.001,0.9931437917129684,9,0,64,246,0.03529411764705882,0.0,False,max_tpr_with_empirical_fpr_le_target,32,True,False,11.003620612854268,11.166295748624783,0.53125,GALLSTONE,GNB,dp,0.1,24
0.5147671568627451,0.11121323529411764,255,64,0.09411764705882353,0.09411764705882353,0.1,0.5645955372818388,24,6,58,231,0.09411764705882353,0.09375,True,max_tpr_with_empirical_fpr_le_target,0.0,0.0,0.01,inf,0,0,64,255,0.0,0.0,False,max_tpr_with_empirical_fpr_le_target,0.0,0.0,0.001,inf,0,0,64,255,0.0,0.0,False,max_tpr_with_empirical_fpr_le_target,32,True,False,11.863537261050915,11.832008527308693,0.53125,GALLSTONE,GNB,dp,0.1,25
0.44981617647058825,0.014583333333333282,255,64,0.07450980392156863,0.07450980392156863,0.1,0.6192552811162395,19,6,58,236,0.07450980392156863,0.09375,True,max_tpr_with_empirical_fpr_le_target,0.0,0.0,0.01,inf,0,0,64,255,0.0,0.0,False,max_tpr_with_empirical_fpr_le_target,0.0,0.0,0.001,inf,0,0,64,255,0.0,0.0,False,max_tpr_with_empirical_fpr_le_target,32,True,False,11.16202516696782,11.21165982773663,0.53125,GALLSTONE,GNB,dp,0.1,26
0.5520833333333333,0.15459558823529407,255,64,0.12156862745098039,0.12156862745098039,0.1,0.4529790469853707,31,6,58,224,0.12156862745098039,0.09375,True,max_tpr_with_empirical_fpr_le_target,0.027450980392156862,0.027450980392156862,0.01,0.7764443242425738,7,0,64,248,0.027450980392156862,0.0,False,max_tpr_with_empirical_fpr_le_target,0.027450980392156862,0.027450980392156862,0.001,0.7764443242425738,7,0,64,248,0.027450980392156862,0.0,False,max_tpr_with_empirical_fpr_le_target,32,True,False,11.159956535955068,11.202565772122126,0.53125,GALLSTONE,GNB,dp,0.1,27
0.5049632352941177,0.059620098039215697,255,64,0.11372549019607843,0.11372549019607843,0.1,0.5056038279342041,29,6,58,226,0.11372549019607843,0.09375,True,max_tpr_with_empirical_fpr_le_target,0.00784313725490196,0.00784313725490196,0.01,1.572814789283699,2,0,64,253,0.00784313725490196,0.0,False,max_tpr_with_empirical_fpr_le_target,0.00784313725490196,0.00784313725490196,0.001,1.572814789283699,2,0,64,253,0.00784313725490196,0.0,False,max_tpr_with_empirical_fpr_le_target,32,True,False,10.84791533526699,10.708041555400564,0.53125,GALLSTONE,GNB,dp,0.1,28
0.5167892156862746,0.10110294117647056,255,64,0.07450980392156863,0.07450980392156863,0.1,0.5122615681459259,19,6,58,236,0.07450980392156863,0.09375,True,max_tpr_with_empirical_fpr_le_target,0.01568627450980392,0.01568627450980392,0.01,0.7513795695477778,4,0,64,251,0.01568627450980392,0.0,False,max_tpr_with_empirical_fpr_le_target,0.01568627450980392,0.01568627450980392,0.001,0.7513795695477778,4,0,64,251,0.01568627450980392,0.0,False,max_tpr_with_empirical_fpr_le_target,32,True,False,12.052563534173503,12.13089151273545,0.53125,GALLSTONE,GNB,dp,0.1,29
0.45986519607843135,0.036887254901960764,255,64,0.06274509803921569,0.06274509803921569,0.1,0.6058406090022244,16,6,58,239,0.06274509803921569,0.09375,True,max_tpr_with_empirical_fpr_le_target,0.00392156862745098,0.00392156862745098,0.01,1.0461065679726964,1,0,64,254,0.00392156862745098,0.0,False,max_tpr_with_empirical_fpr_le_target,0.00392156862745098,0.00392156862745098,0.001,1.0461065679726964,1,0,64,254,0.00392156862745098,0.0,False,max_tpr_with_empirical_fpr_le_target,32,True,False,12.032838439701539,12.013005878468189,0.5,GALLSTONE,GNB,dp,0.2,0
0.48933823529411763,0.05263480392156861,255,64,0.0784313725490196,0.0784313725490196,0.1,0.5448511258530981,20,6,58,235,0.0784313725490196,0.09375,True,max_tpr_with_empirical_fpr_le_target,0.00392156862745098,0.00392156862745098,0.01,1.3547837485016934,1,0,64,254,0.00392156862745098,0.0,False,max_tpr_with_empirical_fpr_le_target,0.00392156862745098,0.00392156862745098,0.001,1.3547837485016934,1,0,64,254,0.00392156862745098,0.0,False,max_tpr_with_empirical_fpr_le_target,32,True,False,10.487006820971015,10.530701257267241,0.5,GALLSTONE,GNB,dp,0.2,1
0.5730392156862745,0.19283088235294116,255,64,0.26666666666666666,0.26666666666666666,0.1,0.34989039121275933,68,6,58,187,0.26666666666666666,0.09375,True,max_tpr_with_empirical_fpr_le_target,0.027450980392156862,0.027450980392156862,0.01,0.9418517975503167,7,0,64,248,0.027450980392156862,0.0,False,max_tpr_with_empirical_fpr_le_target,0.027450980392156862,0.027450980392156862,0.001,0.9418517975503167,7,0,64,248,0.027450980392156862,0.0,False,max_tpr_with_empirical_fpr_le_target,32,True,False,11.35526153907267,11.424494947584593,0.5,GALLSTONE,GNB,dp,0.2,2
0.48958333333333337,0.07218137254901963,255,64,0.03529411764705882,0.03529411764705882,0.1,0.8262335722279639,9,6,58,246,0.03529411764705882,0.09375,True,max_tpr_with_empirical_fpr_le_target,0.011764705882352941,0.011764705882352941,0.01,1.2272403766197106,3,0,64,252,0.011764705882352941,0.0,False,max_tpr_with_empirical_fpr_le_target,0.011764705882352941,0.011764705882352941,0.001,1.2272403766197106,3,0,64,252,0.011764705882352941,0.0,False,max_tpr_with_empirical_fpr_le_target,32,True,False,11.256516082029181,11.234805164442403,0.5,GALLSTONE,GNB,dp,0.2,3
0.5364583333333333,0.13069852941176469,255,64,0.08627450980392157,0.08627450980392157,0.1,0.6792708222904444,22,5,59,233,0.08627450980392157,0.078125,True,max_tpr_with_empirical_fpr_le_target,0.058823529411764705,0.058823529411764705,0.01,0.9264847440377517,15,0,64,240,0.058823529411764705,0.0,False,max_tpr_with_empirical_fpr_le_target,0.058823529411764705,0.058823529411764705,0.001,0.9264847440377517,15,0,64,240,0.058823529411764705,0.0,False,max_tpr_with_empirical_fpr_le_target,32,True,False,9.888859883963281,9.859970232824177,0.5,GALLSTONE,GNB,dp,0.2,4
0.45153186274509804,0.04785539215686274,255,64,0.09803921568627451,0.09803921568627451,0.1,0.738630544710174,25,5,59,230,0.09803921568627451,0.078125,True,max_tpr_with_empirical_fpr_le_target,0.00392156862745098,0.00392156862745098,0.01,2.3884068265107388,1,0,64,254,0.00392156862745098,0.0,False,max_tpr_with_empirical_fpr_le_target,0.00392156862745098,0.00392156862745098,0.001,2.3884068265107388,1,0,64,254,0.00392156862745098,0.0,False,max_tpr_with_empirical_fpr_le_target,32,True,False,10.504528641124084,10.565739001847268,0.5,GALLSTONE,GNB,dp,0.2,5
0.4979166666666666,0.05827205882352937,255,64,0.11764705882352941,0.11764705882352941,0.1,0.431297235052738,30,5,59,225,0.11764705882352941,0.078125,True,max_tpr_with_empirical_fpr_le_target,0.027450980392156862,0.027450980392156862,0.01,0.7385746277205785,7,0,64,248,0.027450980392156862,0.0,False,max_tpr_with_empirical_fpr_le_target,0.027450980392156862,0.027450980392156862,0.001,0.7385746277205785,7,0,64,248,0.027450980392156862,0.0,False,max_tpr_with_empirical_fpr_le_target,32,True,False,11.618208633563661,11.560251180881256,0.5,GALLSTONE,GNB,dp,0.2,6
0.4806985294117647,0.022610294117647034,255,64,0.09411764705882353,0.09411764705882353,0.1,0.5476643535022574,24,5,59,231,0.09411764705882353,0.078125,True,max_tpr_with_empirical_fpr_le_target,0.00392156862745098,0.00392156862745098,0.01,1.493335143786377,1,0,64,254,0.00392156862745098,0.0,False,max_tpr_with_empirical_fpr_le_target,0.00392156862745098,0.00392156862745098,0.001,1.493335143786377,1,0,64,254,0.00392156862745098,0.0,False,max_tpr_with_empirical_fpr_le_target,32,True,False,10.507164245049132,10.492712057886104,0.5,GALLSTONE,GNB,dp,0.2,7
0.49687499999999996,0.07977941176470588,255,64,0.06274509803921569,0.06274509803921569,0.1,0.6237033892604211,16,6,58,239,0.06274509803921569,0.09375,True,max_tpr_with_empirical_fpr_le_target,0.0,0.0,0.01,inf,0,0,64,255,0.0,0.0,False,max_tpr_with_empirical_fpr_le_target,0.0,0.0,0.001,inf,0,0,64,255,0.0,0.0,False,max_tpr_with_empirical_fpr_le_target,32,True,False,11.27758692411157,11.229323083736992,0.5,GALLSTONE,GNB,dp,0.2,8
0.5186274509803921,0.11495098039215684,255,64,0.12549019607843137,0.12549019607843137,0.1,0.4814681120201687,32,6,58,223,0.12549019607843137,0.09375,True,max_tpr_with_empirical_fpr_le_target,0.023529411764705882,0.023529411764705882,0.01,0.9022065235954679,6,0,64,249,0.023529411764705882,0.0,False,max_tpr_with_empirical_fpr_le_target,0.023529411764705882,0.023529411764705882,0.001,0.9022065235954679,6,0,64,249,0.023529411764705882,0.0,False,max_tpr_with_empirical_fpr_le_target,32,True,False,10.742007760022089,10.712975209315914,0.5,GALLSTONE,GNB,dp,0.2,9
0.5067401960784313,0.09564950980392156,255,64,0.07058823529411765,0.07058823529411765,0.1,0.6736270488387159,18,5,59,237,0.07058823529411765,0.078125,True,max_tpr_with_empirical_fpr_le_target,0.00784313725490196,0.00784313725490196,0.01,1.3282316944118229,2,0,64,253,0.00784313725490196,0.0,False,max_tpr_with_empirical_fpr_le_target,0.00784313725490196,0.00784313725490196,0.001,1.3282316944118229,2,0,64,253,0.00784313725490196,0.0,False,max_tpr_with_empirical_fpr_le_target,32,True,False,11.4206903698453,11.409433349719958,0.5,GALLSTONE,GNB,dp,0.2,10
0.5226102941176469,0.13039215686274508,255,64,0.12941176470588237,0.12941176470588237,0.1,0.4983574113063187,33,5,59,222,0.12941176470588237,0.078125,True,max_tpr_with_empirical_fpr_le_target,0.0,0.0,0.01,inf,0,0,64,255,0.0,0.0,False,max_tpr_with_empirical_fpr_le_target,0.0,0.0,0.001,inf,0,0,64,255,0.0,0.0,False,max_tpr_with_empirical_fpr_le_target,32,True,False,11.227521203636211,11.205241594517434,0.5,GALLSTONE,GNB,dp,0.2,11
0.5786764705882352,0.18296568627450982,255,64,0.13333333333333333,0.13333333333333333,0.1,0.6046207559140235,34,6,58,221,0.13333333333333333,0.09375,True,max_tpr_with_empirical_fpr_le_target,0.0196078431372549,0.0196078431372549,0.01,1.050707895101811,5,0,64,250,0.0196078431372549,0.0,False,max_tpr_with_empirical_fpr_le_target,0.0196078431372549,0.0196078431372549,0.001,1.050707895101811,5,0,64,250,0.0196078431372549,0.0,False,max_tpr_with_empirical_fpr_le_target,32,True,False,10.934606863635619,10.972360588728426,0.5,GALLSTONE,GNB,dp,0.2,12
0.44577205882352944,0.030821078431372495,255,64,0.06274509803921569,0.06274509803921569,0.1,0.6733915943896971,16,6,58,239,0.06274509803921569,0.09375,True,max_tpr_with_empirical_fpr_le_target,0.01568627450980392,0.01568627450980392,0.01,0.9545391895234241,4,0,64,251,0.01568627450980392,0.0,False,max_tpr_with_empirical_fpr_le_target,0.01568627450980392,0.01568627450980392,0.001,0.9545391895234241,4,0,64,251,0.01568627450980392,0.0,False,max_tpr_with_empirical_fpr_le_target,32,True,False,11.119508602077508,11.165999047177907,0.5,GALLSTONE,GNB,dp,0.2,13
0.41047794117647063,0.011703431372549034,255,64,0.06274509803921569,0.06274509803921569,0.1,0.5418892820017276,16,6,58,239,0.06274509803921569,0.09375,True,max_tpr_with_empirical_fpr_le_target,0.0,0.0,0.01,inf,0,0,64,255,0.0,0.0,False,max_tpr_with_empirical_fpr_le_target,0.0,0.0,0.001,inf,0,0,64,255,0.0,0.0,False,max_tpr_with_empirical_fpr_le_target,32,True,False,11.527175478078139,11.633079921265677,0.5,GALLSTONE,GNB,dp,0.2,14
0.48915441176470587,0.056678921568627416,255,64,0.047058823529411764,0.047058823529411764,0.1,0.7216326312432431,12,2,62,243,0.047058823529411764,0.03125,True,max_tpr_with_empirical_fpr_le_target,0.03137254901960784,0.03137254901960784,0.01,0.8843014910645994,8,0,64,247,0.03137254901960784,0.0,False,max_tpr_with_empirical_fpr_le_target,0.03137254901960784,0.03137254901960784,0.001,0.8843014910645994,8,0,64,247,0.03137254901960784,0.0,False,max_tpr_with_empirical_fpr_le_target,32,True,False,10.228385985973729,10.276634083923545,0.5,GALLSTONE,GNB,dp,0.2,15
0.4770220588235294,0.05551470588235294,255,64,0.09411764705882353,0.09411764705882353,0.1,0.5301403516968457,24,6,58,231,0.09411764705882353,0.09375,True,max_tpr_with_empirical_fpr_le_target,0.0196078431372549,0.0196078431372549,0.01,1.0029887315041073,5,0,64,250,0.0196078431372549,0.0,False,max_tpr_with_empirical_fpr_le_target,0.0196078431372549,0.0196078431372549,0.001,1.0029887315041073,5,0,64,250,0.0196078431372549,0.0,False,max_tpr_with_empirical_fpr_le_target,32,True,False,10.68346932432294,10.63684700446057,0.5,GALLSTONE,GNB,dp,0.2,16
0.5006127450980392,0.0806985294117647,255,64,0.09803921568627451,0.09803921568627451,0.1,0.5213975168850502,25,6,58,230,0.09803921568627451,0.09375,True,max_tpr_with_empirical_fpr_le_target,0.0,0.0,0.01,inf,0,0,64,255,0.0,0.0,False,max_tpr_with_empirical_fpr_le_target,0.0,0.0,0.001,inf,0,0,64,255,0.0,0.0,False,max_tpr_with_empirical_fpr_le_target,32,True,False,11.072600490457363,11.044233838670431,0.5,GALLSTONE,GNB,dp,0.2,17
0.49822303921568634,0.0655024509803922,255,64,0.0784313725490196,0.0784313725490196,0.1,0.6320247236248662,20,6,58,235,0.0784313725490196,0.09375,True,max_tpr_with_empirical_fpr_le_target,0.0,0.0,0.01,inf,0,0,64,255,0.0,0.0,False,max_tpr_with_empirical_fpr_le_target,0.0,0.0,0.001,inf,0,0,64,255,0.0,0.0,False,max_tpr_with_empirical_fpr_le_target,32,True,False,11.629757263864729,11.570273140021124,0.5,GALLSTONE,GNB,dp,0.2,18
0.47279411764705886,0.0776960784313725,255,64,0.10588235294117647,0.10588235294117647,0.1,0.6669009400943233,27,5,59,228,0.10588235294117647,0.078125,True,max_tpr_with_empirical_fpr_le_target,0.023529411764705882,0.023529411764705882,0.01,1.3450649624099675,6,0,64,249,0.023529411764705882,0.0,False,max_tpr_with_empirical_fpr_le_target,0.023529411764705882,0.023529411764705882,0.001,1.3450649624099675,6,0,64,249,0.023529411764705882,0.0,False,max_tpr_with_empirical_fpr_le_target,32,True,False,10.703360939098955,10.539320176265395,0.5,GALLSTONE,GNB,dp,0.2,19
0.510845588235294,0.09093137254901962,255,64,0.10196078431372549,0.10196078431372549,0.1,0.5542741315555864,26,6,58,229,0.10196078431372549,0.09375,True,max_tpr_with_empirical_fpr_le_target,0.00392156862745098,0.00392156862745098,0.01,1.400292982277223,1,0,64,254,0.00392156862745098,0.0,False,max_tpr_with_empirical_fpr_le_target,0.00392156862745098,0.00392156862745098,0.001,1.400292982277223,1,0,64,254,0.00392156862745098,0.0,False,max_tpr_with_empirical_fpr_le_target,32,True,False,11.041438140238286,10.925573270534203,0.5,GALLSTONE,GNB,dp,0.2,20
0.4227941176470589,0.011764705882352941,255,64,0.058823529411764705,0.058823529411764705,0.1,0.7608007920590856,15,6,58,240,0.058823529411764705,0.09375,True,max_tpr_with_empirical_fpr_le_target,0.011764705882352941,0.011764705882352941,0.01,1.4527496963264719,3,0,64,252,0.011764705882352941,0.0,False,max_tpr_with_empirical_fpr_le_target,0.011764705882352941,0.011764705882352941,0.001,1.4527496963264719,3,0,64,252,0.011764705882352941,0.0,False,max_tpr_with_empirical_fpr_le_target,32,True,False,11.395803125551781,11.323354452249855,0.5,GALLSTONE,GNB,dp,0.2,21
0.43247549019607845,0.055392156862745096,255,64,0.1411764705882353,0.1411764705882353,0.1,0.4074455580385239,36,6,58,219,0.1411764705882353,0.09375,True,max_tpr_with_empirical_fpr_le_target,0.0196078431372549,0.0196078431372549,0.01,0.8249508740354532,5,0,64,250,0.0196078431372549,0.0,False,max_tpr_with_empirical_fpr_le_target,0.0196078431372549,0.0196078431372549,0.001,0.8249508740354532,5,0,64,250,0.0196078431372549,0.0,False,max_tpr_with_empirical_fpr_le_target,32,True,False,9.835923495702305,9.847137214934124,0.5,GALLSTONE,GNB,dp,0.2,22
0.5100490196078431,0.10502450980392153,255,64,0.06274509803921569,0.06274509803921569,0.1,0.5669262015089993,16,6,58,239,0.06274509803921569,0.09375,True,max_tpr_with_empirical_fpr_le_target,0.00784313725490196,0.00784313725490196,0.01,1.061302674133346,2,0,64,253,0.00784313725490196,0.0,False,max_tpr_with_empirical_fpr_le_target,0.00784313725490196,0.00784313725490196,0.001,1.061302674133346,2,0,64,253,0.00784313725490196,0.0,False,max_tpr_with_empirical_fpr_le_target,32,True,False,11.421349558280316,11.514869178044147,0.5,GALLSTONE,GNB,dp,0.2,23
0.4809436274509804,0.04283088235294119,255,64,0.09803921568627451,0.09803921568627451,0.1,0.5442426653126251,25,5,59,230,0.09803921568627451,0.078125,True,max_tpr_with_empirical_fpr_le_target,0.00392156862745098,0.00392156862745098,0.01,1.2924585424794817,1,0,64,254,0.00392156862745098,0.0,False,max_tpr_with_empirical_fpr_le_target,0.00392156862745098,0.00392156862745098,0.001,1.2924585424794817,1,0,64,254,0.00392156862745098,0.0,False,max_tpr_with_empirical_fpr_le_target,32,True,False,11.158233340566287,11.239547609151852,0.5,GALLSTONE,GNB,dp,0.2,24
0.5270220588235294,0.17132352941176465,255,64,0.058823529411764705,0.058823529411764705,0.1,0.48858637228222523,15,5,59,240,0.058823529411764705,0.078125,True,max_tpr_with_empirical_fpr_le_target,0.00392156862745098,0.00392156862745098,0.01,1.535219034084931,1,0,64,254,0.00392156862745098,0.0,False,max_tpr_with_empirical_fpr_le_target,0.00392156862745098,0.00392156862745098,0.001,1.535219034084931,1,0,64,254,0.00392156862745098,0.0,False,max_tpr_with_empirical_fpr_le_target,32,True,False,11.240100093851304,11.118753571471345,0.5,GALLSTONE,GNB,dp,0.2,25
0.47438725490196076,0.07058823529411765,255,64,0.11764705882352941,0.11764705882352941,0.1,0.4365106602805757,30,6,58,225,0.11764705882352941,0.09375,True,max_tpr_with_empirical_fpr_le_target,0.07058823529411765,0.07058823529411765,0.01,0.5607044333269795,18,0,64,237,0.07058823529411765,0.0,False,max_tpr_with_empirical_fpr_le_target,0.07058823529411765,0.07058823529411765,0.001,0.5607044333269795,18,0,64,237,0.07058823529411765,0.0,False,max_tpr_with_empirical_fpr_le_target,32,True,False,11.465744154034876,11.456364150202036,0.5,GALLSTONE,GNB,dp,0.2,26
0.4294730392156863,0.03498774509803926,255,64,0.09411764705882353,0.09411764705882353,0.1,0.5571515985612505,24,5,59,231,0.09411764705882353,0.078125,True,max_tpr_with_empirical_fpr_le_target,0.023529411764705882,0.023529411764705882,0.01,0.9286947617888637,6,0,64,249,0.023529411764705882,0.0,False,max_tpr_with_empirical_fpr_le_target,0.023529411764705882,0.023529411764705882,0.001,0.9286947617888637,6,0,64,249,0.023529411764705882,0.0,False,max_tpr_with_empirical_fpr_le_target,32,True,False,10.273929844317427,10.36264851181931,0.5,GALLSTONE,GNB,dp,0.2,27
0.4885416666666667,0.08167892156862744,255,64,0.09019607843137255,0.09019607843137255,0.1,0.6091277649109132,23,6,58,232,0.09019607843137255,0.09375,True,max_tpr_with_empirical_fpr_le_target,0.03529411764705882,0.03529411764705882,0.01,0.8499026993487426,9,0,64,246,0.03529411764705882,0.0,False,max_tpr_with_empirical_fpr_le_target,0.03529411764705882,0.03529411764705882,0.001,0.8499026993487426,9,0,64,246,0.03529411764705882,0.0,False,max_tpr_with_empirical_fpr_le_target,32,True,False,10.4568048979872,10.336572123715762,0.5,GALLSTONE,GNB,dp,0.2,28
0.553186274509804,0.12395833333333328,255,64,0.12941176470588237,0.12941176470588237,0.1,0.5967486819980938,33,6,58,222,0.12941176470588237,0.09375,True,max_tpr_with_empirical_fpr_le_target,0.00392156862745098,0.00392156862745098,0.01,1.5108207306169437,1,0,64,254,0.00392156862745098,0.0,False,max_tpr_with_empirical_fpr_le_target,0.00392156862745098,0.00392156862745098,0.001,1.5108207306169437,1,0,64,254,0.00392156862745098,0.0,False,max_tpr_with_empirical_fpr_le_target,32,True,False,10.55680633888571,10.612051936538789,0.5,GALLSTONE,GNB,dp,0.2,29
0.5094362745098039,0.07279411764705879,255,64,0.13333333333333333,0.13333333333333333,0.1,0.18658269810320416,34,6,58,221,0.13333333333333333,0.09375,True,max_tpr_with_empirical_fpr_le_target,0.01568627450980392,0.01568627450980392,0.01,0.6261726720466774,4,0,64,251,0.01568627450980392,0.0,False,max_tpr_with_empirical_fpr_le_target,0.01568627450980392,0.01568627450980392,0.001,0.6261726720466774,4,0,64,251,0.01568627450980392,0.0,False,max_tpr_with_empirical_fpr_le_target,32,True,False,11.275120705209474,11.45558196419343,0.46875,GALLSTONE,GNB,dp,0.4,0
0.4651348039215686,0.02941176470588236,255,64,0.054901960784313725,0.054901960784313725,0.1,0.30871736582278464,14,6,58,241,0.054901960784313725,0.09375,True,max_tpr_with_empirical_fpr_le_target,0.00392156862745098,0.00392156862745098,0.01,0.8236922281385253,1,0,64,254,0.00392156862745098,0.0,False,max_tpr_with_empirical_fpr_le_target,0.00392156862745098,0.00392156862745098,0.001,0.8236922281385253,1,0,64,254,0.00392156862745098,0.0,False,max_tpr_with_empirical_fpr_le_target,32,True,False,10.551366210004794,10.7024085985906,0.46875,GALLSTONE,GNB,dp,0.4,1
0.53125,0.13137254901960782,255,64,0.13333333333333333,0.13333333333333333,0.1,0.13399409094882042,34,6,58,221,0.13333333333333333,0.09375,True,max_tpr_with_empirical_fpr_le_target,0.03137254901960784,0.03137254901960784,0.01,0.41478950036283946,8,0,64,247,0.03137254901960784,0.0,False,max_tpr_with_empirical_fpr_le_target,0.03137254901960784,0.03137254901960784,0.001,0.41478950036283946,8,0,64,247,0.03137254901960784,0.0,False,max_tpr_with_empirical_fpr_le_target,32,True,False,11.246785240907927,11.302013223775598,0.46875,GALLSTONE,GNB,dp,0.4,2
0.4773897058823529,0.04093137254901963,255,64,0.06666666666666667,0.06666666666666667,0.1,0.24230119867703603,17,6,58,238,0.06666666666666667,0.09375,True,max_tpr_with_empirical_fpr_le_target,0.0,0.0,0.01,inf,0,0,64,255,0.0,0.0,False,max_tpr_with_empirical_fpr_le_target,0.0,0.0,0.001,inf,0,0,64,255,0.0,0.0,False,max_tpr_with_empirical_fpr_le_target,32,True,False,10.918669806752321,10.973231979707865,0.46875,GALLSTONE,GNB,dp,0.4,3
0.5058823529411764,0.10030637254901964,255,64,0.0784313725490196,0.0784313725490196,0.1,0.1925489602455528,20,5,59,235,0.0784313725490196,0.078125,True,max_tpr_with_empirical_fpr_le_target,0.011764705882352941,0.011764705882352941,0.01,0.5442351089376016,3,0,64,252,0.011764705882352941,0.0,False,max_tpr_with_empirical_fpr_le_target,0.011764705882352941,0.011764705882352941,0.001,0.5442351089376016,3,0,64,252,0.011764705882352941,0.0,False,max_tpr_with_empirical_fpr_le_target,32,True,False,10.83609185708291,10.91378363761761,0.46875,GALLSTONE,GNB,dp,0.4,4
0.457781862745098,0.03878676470588238,255,64,0.058823529411764705,0.058823529411764705,0.1,0.2756890724552785,15,6,58,240,0.058823529411764705,0.09375,True,max_tpr_with_empirical_fpr_le_target,0.023529411764705882,0.023529411764705882,0.01,0.5189291305180395,6,0,64,249,0.023529411764705882,0.0,False,max_tpr_with_empirical_fpr_le_target,0.023529411764705882,0.023529411764705882,0.001,0.5189291305180395,6,0,64,249,0.023529411764705882,0.0,False,max_tpr_with_empirical_fpr_le_target,32,True,False,10.083256291232672,10.078772628231665,0.46875,GALLSTONE,GNB,dp,0.4,5
0.5555759803921568,0.15870098039215685,255,64,0.10980392156862745,0.10980392156862745,0.1,0.17228990254784105,28,6,58,227,0.10980392156862745,0.09375,True,max_tpr_with_empirical_fpr_le_target,0.0196078431372549,0.0196078431372549,0.01,0.443670095860361,5,0,64,250,0.0196078431372549,0.0,False,max_tpr_with_empirical_fpr_le_target,0.0196078431372549,0.0196078431372549,0.001,0.443670095860361,5,0,64,250,0.0196078431372549,0.0,False,max_tpr_with_empirical_fpr_le_target,32,True,False,10.477844754543115,10.604078686445636,0.46875,GALLSTONE,GNB,dp,0.4,6
0.5165441176470589,0.10471813725490198,255,64,0.12156862745098039,0.12156862745098039,0.1,0.2706836969923905,31,6,58,224,0.12156862745098039,0.09375,True,max_tpr_with_empirical_fpr_le_target,0.00784313725490196,0.00784313725490196,0.01,0.9318041913814845,2,0,64,253,0.00784313725490196,0.0,False,max_tpr_with_empirical_fpr_le_target,0.00784313725490196,0.00784313725490196,0.001,0.9318041913814845,2,0,64,253,0.00784313725490196,0.0,False,max_tpr_with_empirical_fpr_le_target,32,True,False,10.83860036903594,10.77658722428205,0.46875,GALLSTONE,GNB,dp,0.4,7
0.4928308823529412,0.05827205882352937,255,64,0.09411764705882353,0.09411764705882353,0.1,0.18671933124965667,24,6,58,231,0.09411764705882353,0.09375,True,max_tpr_with_empirical_fpr_le_target,0.00392156862745098,0.00392156862745098,0.01,0.5945864988647998,1,0,64,254,0.00392156862745098,0.0,False,max_tpr_with_empirical_fpr_le_target,0.00392156862745098,0.00392156862745098,0.001,0.5945864988647998,1,0,64,254,0.00392156862745098,0.0,False,max_tpr_with_empirical_fpr_le_target,32,True,False,11.703538348165782,11.635534617678186,0.46875,GALLSTONE,GNB,dp,0.4,8
0.47297794117647063,0.03449754901960789,255,64,0.08627450980392157,0.08627450980392157,0.1,0.3511637270386707,22,6,58,233,0.08627450980392157,0.09375,True,max_tpr_with_empirical_fpr_le_target,0.00784313725490196,0.00784313725490196,0.01,0.8498360126251265,2,0,64,253,0.00784313725490196,0.0,False,max_tpr_with_empirical_fpr_le_target,0.00784313725490196,0.00784313725490196,0.001,0.8498360126251265,2,0,64,253,0.00784313725490196,0.0,False,max_tpr_with_empirical_fpr_le_target,32,True,False,10.452495511134188,10.469318196031228,0.46875,GALLSTONE,GNB,dp,0.4,9
0.5620098039215685,0.17800245098039214,255,64,0.11764705882352941,0.11764705882352941,0.1,0.22930963075348743,30,5,59,225,0.11764705882352941,0.078125,True,max_tpr_with_empirical_fpr_le_target,0.0,0.0,0.01,inf,0,0,64,255,0.0,0.0,False,max_tpr_with_empirical_fpr_le_target,0.0,0.0,0.001,inf,0,0,64,255,0.0,0.0,False,max_tpr_with_empirical_fpr_le_target,32,True,False,11.317219898829439,11.359725344099143,0.46875,GALLSTONE,GNB,dp,0.4,10
0.49313725490196075,0.05312499999999998,255,64,0.06666666666666667,0.06666666666666667,0.1,0.23499564305088239,17,6,58,238,0.06666666666666667,0.09375,True,max_tpr_with_empirical_fpr_le_target,0.00784313725490196,0.00784313725490196,0.01,0.7842939219997107,2,0,64,253,0.00784313725490196,0.0,False,max_tpr_with_empirical_fpr_le_target,0.00784313725490196,0.00784313725490196,0.001,0.7842939219997107,2,0,64,253,0.00784313725490196,0.0,False,max_tpr_with_empirical_fpr_le_target,32,True,False,11.574734451931821,11.487562698654461,0.46875,GALLSTONE,GNB,dp,0.4,11
0.48799019607843136,0.054901960784313725,255,64,0.13333333333333333,0.13333333333333333,0.1,0.07902757695216289,34,6,58,221,0.13333333333333333,0.09375,True,max_tpr_with_empirical_fpr_le_target,0.054901960784313725,0.054901960784313725,0.01,0.20361094756752873,14,0,64,241,0.054901960784313725,0.0,False,max_tpr_with_empirical_fpr_le_target,0.054901960784313725,0.054901960784313725,0.001,0.20361094756752873,14,0,64,241,0.054901960784313725,0.0,False,max_tpr_with_empirical_fpr_le_target,32,True,False,11.025464292141923,10.897672810796376,0.46875,GALLSTONE,GNB,dp,0.4,12
0.5268995098039215,0.09669117647058822,255,64,0.06666666666666667,0.06666666666666667,0.1,0.2381180770204585,17,6,58,238,0.06666666666666667,0.09375,True,max_tpr_with_empirical_fpr_le_target,0.023529411764705882,0.023529411764705882,0.01,0.4853398183237765,6,0,64,249,0.023529411764705882,0.0,False,max_tpr_with_empirical_fpr_le_target,0.023529411764705882,0.023529411764705882,0.001,0.4853398183237765,6,0,64,249,0.023529411764705882,0.0,False,max_tpr_with_empirical_fpr_le_target,32,True,False,11.924488484098982,11.944291763559791,0.46875,GALLSTONE,GNB,dp,0.4,13
0.5397058823529411,0.11654411764705885,255,64,0.09803921568627451,0.09803921568627451,0.1,0.23323446484099541,25,6,58,230,0.09803921568627451,0.09375,True,max_tpr_with_empirical_fpr_le_target,0.0,0.0,0.01,inf,0,0,64,255,0.0,0.0,False,max_tpr_with_empirical_fpr_le_target,0.0,0.0,0.001,inf,0,0,64,255,0.0,0.0,False,max_tpr_with_empirical_fpr_le_target,32,True,False,11.217729212270218,11.150968901206232,0.46875,GALLSTONE,GNB,dp,0.4,14
0.5449754901960785,0.13535539215686276,255,64,0.09803921568627451,0.09803921568627451,0.1,0.17128582777670598,25,5,59,230,0.09803921568627451,0.078125,True,max_tpr_with_empirical_fpr_le_target,0.01568627450980392,0.01568627450980392,0.01,0.6219813585135219,4,0,64,251,0.01568627450980392,0.0,False,max_tpr_with_empirical_fpr_le_target,0.01568627450980392,0.01568627450980392,0.001,0.6219813585135219,4,0,64,251,0.01568627450980392,0.0,False,max_tpr_with_empirical_fpr_le_target,32,True,False,10.190551479144307,10.307169485614017,0.46875,GALLSTONE,GNB,dp,0.4,15
0.503921568627451,0.05796568627450982,255,64,0.10588235294117647,0.10588235294117647,0.1,0.2281834339907869,27,6,58,228,0.10588235294117647,0.09375,True,max_tpr_with_empirical_fpr_le_target,0.0,0.0,0.01,inf,0,0,64,255,0.0,0.0,False,max_tpr_with_empirical_fpr_le_target,0.0,0.0,0.001,inf,0,0,64,255,0.0,0.0,False,max_tpr_with_empirical_fpr_le_target,32,True,False,11.900500804205448,11.80326101597575,0.46875,GALLSTONE,GNB,dp,0.4,16
0.5100490196078431,0.08792892156862742,255,64,0.07058823529411765,0.07058823529411765,0.1,0.2921711195533634,18,6,58,237,0.07058823529411765,0.09375,True,max_tpr_with_empirical_fpr_le_target,0.00392156862745098,0.00392156862745098,0.01,1.1256347498518253,1,0,64,254,0.00392156862745098,0.0,False,max_tpr_with_empirical_fpr_le_target,0.00392156862745098,0.00392156862745098,0.001,1.1256347498518253,1,0,64,254,0.00392156862745098,0.0,False,max_tpr_with_empirical_fpr_le_target,32,True,False,11.246106713989906,11.20447607309201,0.46875,GALLSTONE,GNB,dp,0.4,17
0.5996936274509804,0.18296568627450982,255,64,0.16470588235294117,0.16470588235294117,0.1,0.21281185968817828,42,6,58,213,0.16470588235294117,0.09375,True,max_tpr_with_empirical_fpr_le_target,0.027450980392156862,0.027450980392156862,0.01,0.5281128652140619,7,0,64,248,0.027450980392156862,0.0,False,max_tpr_with_empirical_fpr_le_target,0.027450980392156862,0.027450980392156862,0.001,0.5281128652140619,7,0,64,248,0.027450980392156862,0.0,False,max_tpr_with_empirical_fpr_le_target,32,True,False,10.750371968879811,10.714577348350153,0.46875,GALLSTONE,GNB,dp,0.4,18
0.4773897058823529,0.06697303921568629,255,64,0.15294117647058825,0.15294117647058825,0.1,0.17639023149486155,39,6,58,216,0.15294117647058825,0.09375,True,max_tpr_with_empirical_fpr_le_target,0.00392156862745098,0.00392156862745098,0.01,0.9423943294593782,1,0,64,254,0.00392156862745098,0.0,False,max_tpr_with_empirical_fpr_le_target,0.00392156862745098,0.00392156862745098,0.001,0.9423943294593782,1,0,64,254,0.00392156862745098,0.0,False,max_tpr_with_empirical_fpr_le_target,32,True,False,10.565206242455298,10.56417038186567,0.46875,GALLSTONE,GNB,dp,0.4,19
0.49479166666666663,0.058884803921568626,255,64,0.13333333333333333,0.13333333333333333,0.1,0.21052722245482203,34,6,58,221,0.13333333333333333,0.09375,True,max_tpr_with_empirical_fpr_le_target,0.0392156862745098,0.0392156862745098,0.01,0.3683627435541741,10,0,64,245,0.0392156862745098,0.0,False,max_tpr_with_empirical_fpr_le_target,0.0392156862745098,0.0392156862745098,0.001,0.3683627435541741,10,0,64,245,0.0392156862745098,0.0,False,max_tpr_with_empirical_fpr_le_target,32,True,False,11.81116451777927,11.802125691543951,0.46875,GALLSTONE,GNB,dp,0.4,20
0.49117647058823527,0.06439950980392156,255,64,0.06274509803921569,0.06274509803921569,0.1,0.37570972994276586,16,6,58,239,0.06274509803921569,0.09375,True,max_tpr_with_empirical_fpr_le_target,0.00392156862745098,0.00392156862745098,0.01,0.8715565863697776,1,0,64,254,0.00392156862745098,0.0,False,max_tpr_with_empirical_fpr_le_target,0.00392156862745098,0.00392156862745098,0.001,0.8715565863697776,1,0,64,254,0.00392156862745098,0.0,False,max_tpr_with_empirical_fpr_le_target,32,True,False,10.718823374419404,10.774695419641644,0.46875,GALLSTONE,GNB,dp,0.4,21
0.4974877450980393,0.07015931372549022,255,64,0.11764705882352941,0.11764705882352941,0.1,0.14751380471293674,30,6,58,225,0.11764705882352941,0.09375,True,max_tpr_with_empirical_fpr_le_target,0.0,0.0,0.01,inf,0,0,64,255,0.0,0.0,False,max_tpr_with_empirical_fpr_le_target,0.0,0.0,0.001,inf,0,0,64,255,0.0,0.0,False,max_tpr_with_empirical_fpr_le_target,32,True,False,10.638829253845511,10.714748230602357,0.46875,GALLSTONE,GNB,dp,0.4,22
0.46439950980392164,0.026776960784313686,255,64,0.06274509803921569,0.06274509803921569,0.1,0.23026325788001945,16,6,58,239,0.06274509803921569,0.09375,True,max_tpr_with_empirical_fpr_le_target,0.0,0.0,0.01,inf,0,0,64,255,0.0,0.0,False,max_tpr_with_empirical_fpr_le_target,0.0,0.0,0.001,inf,0,0,64,255,0.0,0.0,False,max_tpr_with_empirical_fpr_le_target,32,True,False,11.535150439208369,11.467022823909511,0.46875,GALLSTONE,GNB,dp,0.4,23
0.550674019607843,0.13578431372549016,255,64,0.10980392156862745,0.10980392156862745,0.1,0.21900901831314723,28,6,58,227,0.10980392156862745,0.09375,True,max_tpr_with_empirical_fpr_le_target,0.06666666666666667,0.06666666666666667,0.01,0.3302696822307878,17,0,64,238,0.06666666666666667,0.0,False,max_tpr_with_empirical_fpr_le_target,0.06666666666666667,0.06666666666666667,0.001,0.3302696822307878,17,0,64,238,0.06666666666666667,0.0,False,max_tpr_with_empirical_fpr_le_target,32,True,False,11.13996275610315,11.195050316998868,0.46875,GALLSTONE,GNB,dp,0.4,24
0.5117647058823529,0.08051470588235299,255,64,0.1450980392156863,0.1450980392156863,0.1,0.19848793807167198,37,6,58,218,0.1450980392156863,0.09375,True,max_tpr_with_empirical_fpr_le_target,0.00392156862745098,0.00392156862745098,0.01,0.689828985056474,1,0,64,254,0.00392156862745098,0.0,False,max_tpr_with_empirical_fpr_le_target,0.00392156862745098,0.00392156862745098,0.001,0.689828985056474,1,0,64,254,0.00392156862745098,0.0,False,max_tpr_with_empirical_fpr_le_target,32,True,False,11.431414373600449,11.410347778854659,0.46875,GALLSTONE,GNB,dp,0.4,25
0.49564950980392153,0.08100490196078436,255,64,0.13333333333333333,0.13333333333333333,0.1,0.3280573440438581,34,6,58,221,0.13333333333333333,0.09375,True,max_tpr_with_empirical_fpr_le_target,0.011764705882352941,0.011764705882352941,0.01,0.656037177578356,3,0,64,252,0.011764705882352941,0.0,False,max_tpr_with_empirical_fpr_le_target,0.011764705882352941,0.011764705882352941,0.001,0.656037177578356,3,0,64,252,0.011764705882352941,0.0,False,max_tpr_with_empirical_fpr_le_target,32,True,False,11.007460947730905,10.954931423102016,0.46875,GALLSTONE,GNB,dp,0.4,26
0.5439950980392156,0.18700980392156863,255,64,0.058823529411764705,0.058823529411764705,0.1,0.6140336237377348,15,6,58,240,0.058823529411764705,0.09375,True,max_tpr_with_empirical_fpr_le_target,0.0,0.0,0.01,inf,0,0,64,255,0.0,0.0,False,max_tpr_with_empirical_fpr_le_target,0.0,0.0,0.001,inf,0,0,64,255,0.0,0.0,False,max_tpr_with_empirical_fpr_le_target,32,True,False,10.388252687316596,10.37907009282162,0.46875,GALLSTONE,GNB,dp,0.4,27
0.5142156862745098,0.07071078431372549,255,64,0.1607843137254902,0.1607843137254902,0.1,0.12120657096336851,41,6,58,214,0.1607843137254902,0.09375,True,max_tpr_with_empirical_fpr_le_target,0.011764705882352941,0.011764705882352941,0.01,0.44619428909569425,3,0,64,252,0.011764705882352941,0.0,False,max_tpr_with_empirical_fpr_le_target,0.011764705882352941,0.011764705882352941,0.001,0.44619428909569425,3,0,64,252,0.011764705882352941,0.0,False,max_tpr_with_empirical_fpr_le_target,32,True,False,10.294512293775618,10.219323987319799,0.46875,GALLSTONE,GNB,dp,0.4,28
0.5068627450980392,0.08431372549019611,255,64,0.10980392156862745,0.10980392156862745,0.1,0.1536094567752957,28,6,58,227,0.10980392156862745,0.09375,True,max_tpr_with_empirical_fpr_le_target,0.00392156862745098,0.00392156862745098,0.01,1.0480790119302448,1,0,64,254,0.00392156862745098,0.0,False,max_tpr_with_empirical_fpr_le_target,0.00392156862745098,0.00392156862745098,0.001,1.0480790119302448,1,0,64,254,0.00392156862745098,0.0,False,max_tpr_with_empirical_fpr_le_target,32,True,False,10.79192048975711,10.81032314653993,0.46875,GALLSTONE,GNB,dp,0.4,29
0.45263480392156863,0.054044117647058854,255,64,0.12156862745098039,0.12156862745098039,0.1,0.4845034356376017,31,6,58,224,0.12156862745098039,0.09375,True,max_tpr_with_empirical_fpr_le_target,0.011764705882352941,0.011764705882352941,0.01,1.1396280000461023,3,0,64,252,0.011764705882352941,0.0,False,max_tpr_with_empirical_fpr_le_target,0.011764705882352941,0.011764705882352941,0.001,1.1396280000461023,3,0,64,252,0.011764705882352941,0.0,False,max_tpr_with_empirical_fpr_le_target,32,True,False,10.570821472446223,10.724452449228306,0.453125,GALLSTONE,GNB,dp,0.8,0
0.5325367647058823,0.10631127450980393,255,64,0.17254901960784313,0.17254901960784313,0.1,0.2593168373071575,44,6,58,211,0.17254901960784313,0.09375,True,max_tpr_with_empirical_fpr_le_target,0.0,0.0,0.01,inf,0,0,64,255,0.0,0.0,False,max_tpr_with_empirical_fpr_le_target,0.0,0.0,0.001,inf,0,0,64,255,0.0,0.0,False,max_tpr_with_empirical_fpr_le_target,32,True,False,10.924589826928642,11.056239684364584,0.453125,GALLSTONE,GNB,dp,0.8,1
0.45925245098039214,0.04344362745098039,255,64,0.12156862745098039,0.12156862745098039,0.1,0.43647300398342503,31,5,59,224,0.12156862745098039,0.078125,True,max_tpr_with_empirical_fpr_le_target,0.0,0.0,0.01,inf,0,0,64,255,0.0,0.0,False,max_tpr_with_empirical_fpr_le_target,0.0,0.0,0.001,inf,0,0,64,255,0.0,0.0,False,max_tpr_with_empirical_fpr_le_target,32,True,False,10.317785498142849,10.24341734751245,0.453125,GALLSTONE,GNB,dp,0.8,2
0.47892156862745094,0.048468137254901955,255,64,0.08627450980392157,0.08627450980392157,0.1,0.44460851104208743,22,5,59,233,0.08627450980392157,0.078125,True,max_tpr_with_empirical_fpr_le_target,0.00392156862745098,0.00392156862745098,0.01,1.469466495922303,1,0,64,254,0.00392156862745098,0.0,False,max_tpr_with_empirical_fpr_le_target,0.00392156862745098,0.00392156862745098,0.001,1.469466495922303,1,0,64,254,0.00392156862745098,0.0,False,max_tpr_with_empirical_fpr_le_target,32,True,False,11.60900939434972,11.573853803341265,0.453125,GALLSTONE,GNB,dp,0.8,3
0.5083946078431374,0.09509803921568627,255,64,0.054901960784313725,0.054901960784313725,0.1,0.4484774406400853,14,6,58,241,0.054901960784313725,0.09375,True,max_tpr_with_empirical_fpr_le_target,0.0,0.0,0.01,inf,0,0,64,255,0.0,0.0,False,max_tpr_with_empirical_fpr_le_target,0.0,0.0,0.001,inf,0,0,64,255,0.0,0.0,False,max_tpr_with_empirical_fpr_le_target,32,True,False,10.825187732288303,10.774997779831194,0.453125,GALLSTONE,GNB,dp,0.8,4
0.5772671568627452,0.14197303921568627,255,64,0.12941176470588237,0.12941176470588237,0.1,0.38626153940757657,33,5,59,222,0.12941176470588237,0.078125,True,max_tpr_with_empirical_fpr_le_target,0.047058823529411764,0.047058823529411764,0.01,0.7931276281934903,12,0,64,243,0.047058823529411764,0.0,False,max_tpr_with_empirical_fpr_le_target,0.047058823529411764,0.047058823529411764,0.001,0.7931276281934903,12,0,64,243,0.047058823529411764,0.0,False,max_tpr_with_empirical_fpr_le_target,32,True,False,10.599224653900071,10.593467301899503,0.453125,GALLSTONE,GNB,dp,0.8,5
0.47659313725490193,0.035723039215686286,255,64,0.10588235294117647,0.10588235294117647,0.1,0.4180366005472633,27,6,58,228,0.10588235294117647,0.09375,True,max_tpr_with_empirical_fpr_le_target,0.03137254901960784,0.03137254901960784,0.01,0.8163990154311138,8,0,64,247,0.03137254901960784,0.0,False,max_tpr_with_empirical_fpr_le_target,0.03137254901960784,0.03137254901960784,0.001,0.8163990154311138,8,0,64,247,0.03137254901960784,0.0,False,max_tpr_with_empirical_fpr_le_target,32,True,False,11.010262932925366,11.002402334008625,0.453125,GALLSTONE,GNB,dp,0.8,6
0.5329656862745098,0.147671568627451,255,64,0.08235294117647059,0.08235294117647059,0.1,0.431937107024698,21,6,58,234,0.08235294117647059,0.09375,True,max_tpr_with_empirical_fpr_le_target,0.00392156862745098,0.00392156862745098,0.01,1.4609117953133395,1,0,64,254,0.00392156862745098,0.0,False,max_tpr_with_empirical_fpr_le_target,0.00392156862745098,0.00392156862745098,0.001,1.4609117953133395,1,0,64,254,0.00392156862745098,0.0,False,max_tpr_with_empirical_fpr_le_target,32,True,False,10.460487960448345,10.58241250976713,0.453125,GALLSTONE,GNB,dp,0.8,7
0.42285539215686274,0.015808823529411764,255,64,0.06666666666666667,0.06666666666666667,0.1,0.44280397657714987,17,6,58,238,0.06666666666666667,0.09375,True,max_tpr_with_empirical_fpr_le_target,0.00392156862745098,0.00392156862745098,0.01,0.9651669927553885,1,0,64,254,0.00392156862745098,0.0,False,max_tpr_with_empirical_fpr_le_target,0.00392156862745098,0.00392156862745098,0.001,0.9651669927553885,1,0,64,254,0.00392156862745098,0.0,False,max_tpr_with_empirical_fpr_le_target,32,True,False,10.875858212647733,10.89914363150708,0.453125,GALLSTONE,GNB,dp,0.8,8
0.4647058823529412,0.03878676470588238,255,64,0.07058823529411765,0.07058823529411765,0.1,0.5004744118800044,18,6,58,237,0.07058823529411765,0.09375,True,max_tpr_with_empirical_fpr_le_target,0.00784313725490196,0.00784313725490196,0.01,1.1115189703920847,2,0,64,253,0.00784313725490196,0.0,False,max_tpr_with_empirical_fpr_le_target,0.00784313725490196,0.00784313725490196,0.001,1.1115189703920847,2,0,64,253,0.00784313725490196,0.0,False,max_tpr_with_empirical_fpr_le_target,32,True,False,11.538290279559655,11.629794617600009,0.453125,GALLSTONE,GNB,dp,0.8,9
0.564889705882353,0.16979166666666667,255,64,0.1411764705882353,0.1411764705882353,0.1,0.36435584382973873,36,6,58,219,0.1411764705882353,0.09375,True,max_tpr_with_empirical_fpr_le_target,0.027450980392156862,0.027450980392156862,0.01,1.0030441762753748,7,0,64,248,0.027450980392156862,0.0,False,max_tpr_with_empirical_fpr_le_target,0.027450980392156862,0.027450980392156862,0.001,1.0030441762753748,7,0,64,248,0.027450980392156862,0.0,False,max_tpr_with_empirical_fpr_le_target,32,True,False,10.816626774851578,10.74925264384178,0.453125,GALLSTONE,GNB,dp,0.8,10
0.46262254901960786,0.05827205882352937,255,64,0.08235294117647059,0.08235294117647059,0.1,0.5266387907065688,21,6,58,234,0.08235294117647059,0.09375,True,max_tpr_with_empirical_fpr_le_target,0.0,0.0,0.01,inf,0,0,64,255,0.0,0.0,False,max_tpr_with_empirical_fpr_le_target,0.0,0.0,0.001,inf,0,0,64,255,0.0,0.0,False,max_tpr_with_empirical_fpr_le_target,32,True,False,10.80574816899051,10.788146114258852,0.453125,GALLSTONE,GNB,dp,0.8,11
0.5018382352941176,0.06495098039215685,255,64,0.09411764705882353,0.09411764705882353,0.1,0.4551207102682162,24,6,58,231,0.09411764705882353,0.09375,True,max_tpr_with_empirical_fpr_le_target,0.00392156862745098,0.00392156862745098,0.01,1.1365116930105694,1,0,64,254,0.00392156862745098,0.0,False,max_tpr_with_empirical_fpr_le_target,0.00392156862745098,0.00392156862745098,0.001,1.1365116930105694,1,0,64,254,0.00392156862745098,0.0,False,max_tpr_with_empirical_fpr_le_target,32,True,False,11.093835404889647,11.07882788368313,0.453125,GALLSTONE,GNB,dp,0.8,12
0.5384191176470587,0.12794117647058822,255,64,0.09019607843137255,0.09019607843137255,0.1,0.6115239363876772,23,6,58,232,0.09019607843137255,0.09375,True,max_tpr_with_empirical_fpr_le_target,0.011764705882352941,0.011764705882352941,0.01,1.2164063816758892,3,0,64,252,0.011764705882352941,0.0,False,max_tpr_with_empirical_fpr_le_target,0.011764705882352941,0.011764705882352941,0.001,1.2164063816758892,3,0,64,252,0.011764705882352941,0.0,False,max_tpr_with_empirical_fpr_le_target,32,True,False,9.999397917642154,10.02273965739167,0.453125,GALLSTONE,GNB,dp,0.8,13
0.4946078431372549,0.07285539215686276,255,64,0.07058823529411765,0.07058823529411765,0.1,0.45419130427767573,18,6,58,237,0.07058823529411765,0.09375,True,max_tpr_with_empirical_fpr_le_target,0.0,0.0,0.01,inf,0,0,64,255,0.0,0.0,False,max_tpr_with_empirical_fpr_le_target,0.0,0.0,0.001,inf,0,0,64,255,0.0,0.0,False,max_tpr_with_empirical_fpr_le_target,32,True,False,11.264275158410056,11.324684868548234,0.453125,GALLSTONE,GNB,dp,0.8,14
0.5007352941176471,0.09914215686274508,255,64,0.058823529411764705,0.058823529411764705,0.1,0.4913265623014986,15,5,59,240,0.058823529411764705,0.078125,True,max_tpr_with_empirical_fpr_le_target,0.0,0.0,0.01,inf,0,0,64,255,0.0,0.0,False,max_tpr_with_empirical_fpr_le_target,0.0,0.0,0.001,inf,0,0,64,255,0.0,0.0,False,max_tpr_with_empirical_fpr_le_target,32,True,False,10.544130800052963,10.626630770722011,0.453125,GALLSTONE,GNB,dp,0.8,15
0.45208333333333334,0.043198529411764705,255,64,0.07058823529411765,0.07058823529411765,0.1,0.452037937566816,18,3,61,237,0.07058823529411765,0.046875,True,max_tpr_with_empirical_fpr_le_target,0.043137254901960784,0.043137254901960784,0.01,0.6277754866321992,11,0,64,244,0.043137254901960784,0.0,False,max_tpr_with_empirical_fpr_le_target,0.043137254901960784,0.043137254901960784,0.001,0.6277754866321992,11,0,64,244,0.043137254901960784,0.0,False,max_tpr_with_empirical_fpr_le_target,32,True,False,11.767886176833512,11.744235536651338,0.453125,GALLSTONE,GNB,dp,0.8,16
0.45110294117647054,0.07463235294117647,255,64,0.12549019607843137,0.12549019607843137,0.1,0.4446146701950835,32,6,58,223,0.12549019607843137,0.09375,True,max_tpr_with_empirical_fpr_le_target,0.043137254901960784,0.043137254901960784,0.01,0.7707688421085388,11,0,64,244,0.043137254901960784,0.0,False,max_tpr_with_empirical_fpr_le_target,0.043137254901960784,0.043137254901960784,0.001,0.7707688421085388,11,0,64,244,0.043137254901960784,0.0,False,max_tpr_with_empirical_fpr_le_target,32,True,False,10.089537751614877,10.013037530277444,0.453125,GALLSTONE,GNB,dp,0.8,17
0.47457107843137253,0.041237745098039236,255,64,0.054901960784313725,0.054901960784313725,0.1,0.6518160806099744,14,4,60,241,0.054901960784313725,0.0625,True,max_tpr_with_empirical_fpr_le_target,0.00392156862745098,0.00392156862745098,0.01,1.1840266698595365,1,0,64,254,0.00392156862745098,0.0,False,max_tpr_with_empirical_fpr_le_target,0.00392156862745098,0.00392156862745098,0.001,1.1840266698595365,1,0,64,254,0.00392156862745098,0.0,False,max_tpr_with_empirical_fpr_le_target,32,True,False,10.71984272296993,10.667069214596452,0.453125,GALLSTONE,GNB,dp,0.8,18
0.45943627450980395,0.024632352941176494,255,64,0.06666666666666667,0.06666666666666667,0.1,0.38167932103798385,17,4,60,238,0.06666666666666667,0.0625,True,max_tpr_with_empirical_fpr_le_target,0.01568627450980392,0.01568627450980392,0.01,0.7742160723921003,4,0,64,251,0.01568627450980392,0.0,False,max_tpr_with_empirical_fpr_le_target,0.01568627450980392,0.01568627450980392,0.001,0.7742160723921003,4,0,64,251,0.01568627450980392,0.0,False,max_tpr_with_empirical_fpr_le_target,32,True,False,11.685528375228657,11.689526182819986,0.453125,GALLSTONE,GNB,dp,0.8,19
0.5542279411764706,0.1420343137254902,255,64,0.13725490196078433,0.13725490196078433,0.1,0.36783074662885884,35,6,58,220,0.13725490196078433,0.09375,True,max_tpr_with_empirical_fpr_le_target,0.00392156862745098,0.00392156862745098,0.01,1.2809224373124861,1,0,64,254,0.00392156862745098,0.0,False,max_tpr_with_empirical_fpr_le_target,0.00392156862745098,0.00392156862745098,0.001,1.2809224373124861,1,0,64,254,0.00392156862745098,0.0,False,max_tpr_with_empirical_fpr_le_target,32,True,False,10.400963895881477,10.384638863605328,0.453125,GALLSTONE,GNB,dp,0.8,20
0.5107230392156863,0.06274509803921569,255,64,0.10588235294117647,0.10588235294117647,0.1,0.4551274191145458,27,6,58,228,0.10588235294117647,0.09375,True,max_tpr_with_empirical_fpr_le_target,0.06274509803921569,0.06274509803921569,0.01,0.5587147154530543,16,0,64,239,0.06274509803921569,0.0,False,max_tpr_with_empirical_fpr_le_target,0.06274509803921569,0.06274509803921569,0.001,0.5587147154530543,16,0,64,239,0.06274509803921569,0.0,False,max_tpr_with_empirical_fpr_le_target,32,True,False,10.699046453339871,10.773458610441706,0.453125,GALLSTONE,GNB,dp,0.8,21
0.5115808823529411,0.08462009803921566,255,64,0.08235294117647059,0.08235294117647059,0.1,0.37494008001236256,21,5,59,234,0.08235294117647059,0.078125,True,max_tpr_with_empirical_fpr_le_target,0.00784313725490196,0.00784313725490196,0.01,0.8683917365573999,2,0,64,253,0.00784313725490196,0.0,False,max_tpr_with_empirical_fpr_le_target,0.00784313725490196,0.00784313725490196,0.001,0.8683917365573999,2,0,64,253,0.00784313725490196,0.0,False,max_tpr_with_empirical_fpr_le_target,32,True,False,11.152945684283699,11.09401149330788,0.453125,GALLSTONE,GNB,dp,0.8,22
0.48216911764705883,0.04656862745098034,255,64,0.0784313725490196,0.0784313725490196,0.1,0.5265134730931225,20,6,58,235,0.0784313725490196,0.09375,True,max_tpr_with_empirical_fpr_le_target,0.00784313725490196,0.00784313725490196,0.01,1.2346747504993298,2,0,64,253,0.00784313725490196,0.0,False,max_tpr_with_empirical_fpr_le_target,0.00784313725490196,0.00784313725490196,0.001,1.2346747504993298,2,0,64,253,0.00784313725490196,0.0,False,max_tpr_with_empirical_fpr_le_target,32,True,False,10.701913263520165,10.760492479772088,0.453125,GALLSTONE,GNB,dp,0.8,23
0.49215686274509807,0.07273284313725492,255,64,0.08235294117647059,0.08235294117647059,0.1,0.45404379935152317,21,5,59,234,0.08235294117647059,0.078125,True,max_tpr_with_empirical_fpr_le_target,0.050980392156862744,0.050980392156862744,0.01,0.6601730147834299,13,0,64,242,0.050980392156862744,0.0,False,max_tpr_with_empirical_fpr_le_target,0.050980392156862744,0.050980392156862744,0.001,0.6601730147834299,13,0,64,242,0.050980392156862744,0.0,False,max_tpr_with_empirical_fpr_le_target,32,True,False,10.828298349897466,10.67654582186468,0.453125,GALLSTONE,GNB,dp,0.8,24
0.5151348039215685,0.08511029411764703,255,64,0.11372549019607843,0.11372549019607843,0.1,0.3454922690428033,29,5,59,226,0.11372549019607843,0.078125,True,max_tpr_with_empirical_fpr_le_target,0.00392156862745098,0.00392156862745098,0.01,1.0033170023033597,1,0,64,254,0.00392156862745098,0.0,False,max_tpr_with_empirical_fpr_le_target,0.00392156862745098,0.00392156862745098,0.001,1.0033170023033597,1,0,64,254,0.00392156862745098,0.0,False,max_tpr_with_empirical_fpr_le_target,32,True,False,11.226998933492517,11.302435852642283,0.453125,GALLSTONE,GNB,dp,0.8,25
0.5939950980392157,0.23272058823529407,255,64,0.11764705882352941,0.11764705882352941,0.1,0.4277369295102975,30,6,58,225,0.11764705882352941,0.09375,True,max_tpr_with_empirical_fpr_le_target,0.054901960784313725,0.054901960784313725,0.01,0.7253740224214376,14,0,64,241,0.054901960784313725,0.0,False,max_tpr_with_empirical_fpr_le_target,0.054901960784313725,0.054901960784313725,0.001,0.7253740224214376,14,0,64,241,0.054901960784313725,0.0,False,max_tpr_with_empirical_fpr_le_target,32,True,False,10.242015403201014,10.16299871570933,0.453125,GALLSTONE,GNB,dp,0.8,26
0.5099877450980392,0.0725490196078431,255,64,0.08235294117647059,0.08235294117647059,0.1,0.5589374894555386,21,6,58,234,0.08235294117647059,0.09375,True,max_tpr_with_empirical_fpr_le_target,0.01568627450980392,0.01568627450980392,0.01,0.9537096160444491,4,0,64,251,0.01568627450980392,0.0,False,max_tpr_with_empirical_fpr_le_target,0.01568627450980392,0.01568627450980392,0.001,0.9537096160444491,4,0,64,251,0.01568627450980392,0.0,False,max_tpr_with_empirical_fpr_le_target,32,True,False,10.5760984666571,10.56854073395016,0.453125,GALLSTONE,GNB,dp,0.8,27
0.4785539215686274,0.02720588235294119,255,64,0.06666666666666667,0.06666666666666667,0.1,0.573419275108729,17,6,58,238,0.06666666666666667,0.09375,True,max_tpr_with_empirical_fpr_le_target,0.00392156862745098,0.00392156862745098,0.01,1.6388051561961254,1,0,64,254,0.00392156862745098,0.0,False,max_tpr_with_empirical_fpr_le_target,0.00392156862745098,0.00392156862745098,0.001,1.6388051561961254,1,0,64,254,0.00392156862745098,0.0,False,max_tpr_with_empirical_fpr_le_target,32,True,False,10.04582155209361,10.056530532207594,0.453125,GALLSTONE,GNB,dp,0.8,28
0.5475490196078431,0.12261029411764707,255,64,0.08627450980392157,0.08627450980392157,0.1,0.4391564273431081,22,6,58,233,0.08627450980392157,0.09375,True,max_tpr_with_empirical_fpr_le_target,0.050980392156862744,0.050980392156862744,0.01,0.6281312455042727,13,0,64,242,0.050980392156862744,0.0,False,max_tpr_with_empirical_fpr_le_target,0.050980392156862744,0.050980392156862744,0.001,0.6281312455042727,13,0,64,242,0.050980392156862744,0.0,False,max_tpr_with_empirical_fpr_le_target,32,True,False,10.612543535343313,10.546216044770713,0.453125,GALLSTONE,GNB,dp,0.8,29
0.41421568627450983,0.022794117647058854,255,64,0.0784313725490196,0.0784313725490196,0.1,0.6028544401576919,20,5,59,235,0.0784313725490196,0.078125,True,max_tpr_with_empirical_fpr_le_target,0.00784313725490196,0.00784313725490196,0.01,1.251796868337411,2,0,64,253,0.00784313725490196,0.0,False,max_tpr_with_empirical_fpr_le_target,0.00784313725490196,0.00784313725490196,0.001,1.251796868337411,2,0,64,253,0.00784313725490196,0.0,False,max_tpr_with_empirical_fpr_le_target,32,True,False,11.210424931187015,11.109905553478754,0.515625,GALLSTONE,GNB,dp,1.0,0
0.508578431372549,0.06746323529411763,255,64,0.12156862745098039,0.12156862745098039,0.1,0.5062302290746423,31,6,58,224,0.12156862745098039,0.09375,True,max_tpr_with_empirical_fpr_le_target,0.0196078431372549,0.0196078431372549,0.01,1.0326404029921932,5,0,64,250,0.0196078431372549,0.0,False,max_tpr_with_empirical_fpr_le_target,0.0196078431372549,0.0196078431372549,0.001,1.0326404029921932,5,0,64,250,0.0196078431372549,0.0,False,max_tpr_with_empirical_fpr_le_target,32,True,False,10.55961101915568,10.479817450195599,0.515625,GALLSTONE,GNB,dp,1.0,1
0.5121936274509804,0.1282475490196079,255,64,0.09019607843137255,0.09019607843137255,0.1,0.6468173250316482,23,6,58,232,0.09019607843137255,0.09375,True,max_tpr_with_empirical_fpr_le_target,0.01568627450980392,0.01568627450980392,0.01,1.208524572442824,4,0,64,251,0.01568627450980392,0.0,False,max_tpr_with_empirical_fpr_le_target,0.01568627450980392,0.01568627450980392,0.001,1.208524572442824,4,0,64,251,0.01568627450980392,0.0,False,max_tpr_with_empirical_fpr_le_target,32,True,False,10.782518117776505,10.706188019778843,0.515625,GALLSTONE,GNB,dp,1.0,2
0.5427696078431372,0.1080882352941176,255,64,0.09803921568627451,0.09803921568627451,0.1,0.457708003201831,25,6,58,230,0.09803921568627451,0.09375,True,max_tpr_with_empirical_fpr_le_target,0.011764705882352941,0.011764705882352941,0.01,1.0279246528424282,3,0,64,252,0.011764705882352941,0.0,False,max_tpr_with_empirical_fpr_le_target,0.011764705882352941,0.011764705882352941,0.001,1.0279246528424282,3,0,64,252,0.011764705882352941,0.0,False,max_tpr_with_empirical_fpr_le_target,32,True,False,11.495162140096282,11.324124949060895,0.515625,GALLSTONE,GNB,dp,1.0,3
0.4776960784313725,0.05226715686274508,255,64,0.08235294117647059,0.08235294117647059,0.1,0.8969492960594785,21,5,59,234,0.08235294117647059,0.078125,True,max_tpr_with_empirical_fpr_le_target,0.01568627450980392,0.01568627450980392,0.01,1.4087527983612063,4,0,64,251,0.01568627450980392,0.0,False,max_tpr_with_empirical_fpr_le_target,0.01568627450980392,0.01568627450980392,0.001,1.4087527983612063,4,0,64,251,0.01568627450980392,0.0,False,max_tpr_with_empirical_fpr_le_target,32,True,False,10.522962767147677,10.472051222975889,0.515625,GALLSTONE,GNB,dp,1.0,4
0.49601715686274506,0.07861519607843137,255,64,0.13333333333333333,0.13333333333333333,0.1,0.43789624080120015,34,5,59,221,0.13333333333333333,0.078125,True,max_tpr_with_empirical_fpr_le_target,0.01568627450980392,0.01568627450980392,0.01,0.9470033862820855,4,0,64,251,0.01568627450980392,0.0,False,max_tpr_with_empirical_fpr_le_target,0.01568627450980392,0.01568627450980392,0.001,0.9470033862820855,4,0,64,251,0.01568627450980392,0.0,False,max_tpr_with_empirical_fpr_le_target,32,True,False,10.246628591956618,10.299317859211586,0.515625,GALLSTONE,GNB,dp,1.0,5
0.48933823529411763,0.06433823529411764,255,64,0.06666666666666667,0.06666666666666667,0.1,0.5658262158646674,17,6,58,238,0.06666666666666667,0.09375,True,max_tpr_with_empirical_fpr_le_target,0.00784313725490196,0.00784313725490196,0.01,0.975478881489992,2,0,64,253,0.00784313725490196,0.0,False,max_tpr_with_empirical_fpr_le_target,0.00784313725490196,0.00784313725490196,0.001,0.975478881489992,2,0,64,253,0.00784313725490196,0.0,False,max_tpr_with_empirical_fpr_le_target,32,True,False,10.301555040101661,10.270480657195469,0.515625,GALLSTONE,GNB,dp,1.0,6
0.5023284313725491,0.06623774509803926,255,64,0.12941176470588237,0.12941176470588237,0.1,0.47902591357318514,33,6,58,222,0.12941176470588237,0.09375,True,max_tpr_with_empirical_fpr_le_target,0.0,0.0,0.01,inf,0,0,64,255,0.0,0.0,False,max_tpr_with_empirical_fpr_le_target,0.0,0.0,0.001,inf,0,0,64,255,0.0,0.0,False,max_tpr_with_empirical_fpr_le_target,32,True,False,10.199519440154258,10.205071264138546,0.515625,GALLSTONE,GNB,dp,1.0,7
0.5482843137254901,0.12438725490196079,255,64,0.10980392156862745,0.10980392156862745,0.1,0.45087563251026364,28,6,58,227,0.10980392156862745,0.09375,True,max_tpr_with_empirical_fpr_le_target,0.00392156862745098,0.00392156862745098,0.01,1.138591745220987,1,0,64,254,0.00392156862745098,0.0,False,max_tpr_with_empirical_fpr_le_target,0.00392156862745098,0.00392156862745098,0.001,1.138591745220987,1,0,64,254,0.00392156862745098,0.0,False,max_tpr_with_empirical_fpr_le_target,32,True,False,11.278735504562444,11.208656672877074,0.515625,GALLSTONE,GNB,dp,1.0,8
0.47640931372549017,0.0507352941176471,255,64,0.10588235294117647,0.10588235294117647,0.1,0.7020415558716442,27,6,58,228,0.10588235294117647,0.09375,True,max_tpr_with_empirical_fpr_le_target,0.0392156862745098,0.0392156862745098,0.01,1.1232179678444911,10,0,64,245,0.0392156862745098,0.0,False,max_tpr_with_empirical_fpr_le_target,0.0392156862745098,0.0392156862745098,0.001,1.1232179678444911,10,0,64,245,0.0392156862745098,0.0,False,max_tpr_with_empirical_fpr_le_target,32,True,False,9.791243541139139,9.70280948654923,0.515625,GALLSTONE,GNB,dp,1.0,9
0.5688725490196078,0.14589460784313724,255,64,0.12549019607843137,0.12549019607843137,0.1,0.5300821893653485,32,6,58,223,0.12549019607843137,0.09375,True,max_tpr_with_empirical_fpr_le_target,0.00392156862745098,0.00392156862745098,0.01,1.2508696010816034,1,0,64,254,0.00392156862745098,0.0,False,max_tpr_with_empirical_fpr_le_target,0.00392156862745098,0.00392156862745098,0.001,1.2508696010816034,1,0,64,254,0.00392156862745098,0.0,False,max_tpr_with_empirical_fpr_le_target,32,True,False,10.862926452864718,10.872342968273625,0.515625,GALLSTONE,GNB,dp,1.0,10
0.5543504901960784,0.11881127450980394,255,64,0.17647058823529413,0.17647058823529413,0.1,0.37150622328781946,45,6,58,210,0.17647058823529413,0.09375,True,max_tpr_with_empirical_fpr_le_target,0.0,0.0,0.01,inf,0,0,64,255,0.0,0.0,False,max_tpr_with_empirical_fpr_le_target,0.0,0.0,0.001,inf,0,0,64,255,0.0,0.0,False,max_tpr_with_empirical_fpr_le_target,32,True,False,10.881429708389538,10.80743107292896,0.515625,GALLSTONE,GNB,dp,1.0,11
0.5249999999999999,0.08756127450980394,255,64,0.09019607843137255,0.09019607843137255,0.1,0.7749409635172233,23,6,58,232,0.09019607843137255,0.09375,True,max_tpr_with_empirical_fpr_le_target,0.0196078431372549,0.0196078431372549,0.01,1.105124217187111,5,0,64,250,0.0196078431372549,0.0,False,max_tpr_with_empirical_fpr_le_target,0.0196078431372549,0.0196078431372549,0.001,1.105124217187111,5,0,64,250,0.0196078431372549,0.0,False,max_tpr_with_empirical_fpr_le_target,32,True,False,9.59972035560606,9.542994952282799,0.515625,GALLSTONE,GNB,dp,1.0,12
0.434375,0.0196078431372549,255,64,0.09411764705882353,0.09411764705882353,0.1,0.6187695929477224,24,6,58,231,0.09411764705882353,0.09375,True,max_tpr_with_empirical_fpr_le_target,0.0196078431372549,0.0196078431372549,0.01,0.9602554053371071,5,0,64,250,0.0196078431372549,0.0,False,max_tpr_with_empirical_fpr_le_target,0.0196078431372549,0.0196078431372549,0.001,0.9602554053371071,5,0,64,250,0.0196078431372549,0.0,False,max_tpr_with_empirical_fpr_le_target,32,True,False,9.485202921325717,9.465672500458329,0.515625,GALLSTONE,GNB,dp,1.0,13
0.5212009803921569,0.10030637254901964,255,64,0.11372549019607843,0.11372549019607843,0.1,0.4737307745626742,29,6,58,226,0.11372549019607843,0.09375,True,max_tpr_with_empirical_fpr_le_target,0.03529411764705882,0.03529411764705882,0.01,0.7253848086884913,9,0,64,246,0.03529411764705882,0.0,False,max_tpr_with_empirical_fpr_le_target,0.03529411764705882,0.03529411764705882,0.001,0.7253848086884913,9,0,64,246,0.03529411764705882,0.0,False,max_tpr_with_empirical_fpr_le_target,32,True,False,11.423141466256103,11.47163920851407,0.515625,GALLSTONE,GNB,dp,1.0,14
0.446875,0.0303921568627451,255,64,0.03137254901960784,0.03137254901960784,0.1,0.7651774303746341,8,6,58,247,0.03137254901960784,0.09375,True,max_tpr_with_empirical_fpr_le_target,0.00392156862745098,0.00392156862745098,0.01,1.3477659863231932,1,0,64,254,0.00392156862745098,0.0,False,max_tpr_with_empirical_fpr_le_target,0.00392156862745098,0.00392156862745098,0.001,1.3477659863231932,1,0,64,254,0.00392156862745098,0.0,False,max_tpr_with_empirical_fpr_le_target,32,True,False,10.688082133707706,10.756428321495248,0.515625,GALLSTONE,GNB,dp,1.0,15
0.475,0.07359068627450982,255,64,0.12941176470588237,0.12941176470588237,0.1,0.6147285569569698,33,5,59,222,0.12941176470588237,0.078125,True,max_tpr_with_empirical_fpr_le_target,0.023529411764705882,0.023529411764705882,0.01,0.9736079977919774,6,0,64,249,0.023529411764705882,0.0,False,max_tpr_with_empirical_fpr_le_target,0.023529411764705882,0.023529411764705882,0.001,0.9736079977919774,6,0,64,249,0.023529411764705882,0.0,False,max_tpr_with_empirical_fpr_le_target,32,True,False,11.255205697062701,11.255471495604096,0.515625,GALLSTONE,GNB,dp,1.0,16
0.514767156862745,0.11587009803921566,255,64,0.12549019607843137,0.12549019607843137,0.1,0.41172239532454347,32,6,58,223,0.12549019607843137,0.09375,True,max_tpr_with_empirical_fpr_le_target,0.00392156862745098,0.00392156862745098,0.01,0.7960228376026235,1,0,64,254,0.00392156862745098,0.0,False,max_tpr_with_empirical_fpr_le_target,0.00392156862745098,0.00392156862745098,0.001,0.7960228376026235,1,0,64,254,0.00392156862745098,0.0,False,max_tpr_with_empirical_fpr_le_target,32,True,False,11.073162205772451,10.98335145952391,0.515625,GALLSTONE,GNB,dp,1.0,17
0.44662990196078434,0.027573529411764705,255,64,0.09019607843137255,0.09019607843137255,0.1,0.655130156897969,23,6,58,232,0.09019607843137255,0.09375,True,max_tpr_with_empirical_fpr_le_target,0.00392156862745098,0.00392156862745098,0.01,1.4214228849901236,1,0,64,254,0.00392156862745098,0.0,False,max_tpr_with_empirical_fpr_le_target,0.00392156862745098,0.00392156862745098,0.001,1.4214228849901236,1,0,64,254,0.00392156862745098,0.0,False,max_tpr_with_empirical_fpr_le_target,32,True,False,11.09932094567467,11.169091974995293,0.515625,GALLSTONE,GNB,dp,1.0,18
0.5279411764705882,0.08927696078431369,255,64,0.1450980392156863,0.1450980392156863,0.1,0.5347323687667109,37,6,58,218,0.1450980392156863,0.09375,True,max_tpr_with_empirical_fpr_le_target,0.0,0.0,0.01,inf,0,0,64,255,0.0,0.0,False,max_tpr_with_empirical_fpr_le_target,0.0,0.0,0.001,inf,0,0,64,255,0.0,0.0,False,max_tpr_with_empirical_fpr_le_target,32,True,False,10.565693405742662,10.582313992833814,0.515625,GALLSTONE,GNB,dp,1.0,19
0.46911764705882353,0.026470588235294135,255,64,0.043137254901960784,0.043137254901960784,0.1,0.7138517628240004,11,6,58,244,0.043137254901960784,0.09375,True,max_tpr_with_empirical_fpr_le_target,0.0,0.0,0.01,inf,0,0,64,255,0.0,0.0,False,max_tpr_with_empirical_fpr_le_target,0.0,0.0,0.001,inf,0,0,64,255,0.0,0.0,False,max_tpr_with_empirical_fpr_le_target,32,True,False,10.811700258238195,10.861576673591875,0.515625,GALLSTONE,GNB,dp,1.0,20
0.5657475490196078,0.12775735294117652,255,64,0.12549019607843137,0.12549019607843137,0.1,0.4723053994519182,32,6,58,223,0.12549019607843137,0.09375,True,max_tpr_with_empirical_fpr_le_target,0.0196078431372549,0.0196078431372549,0.01,0.9056389492181407,5,0,64,250,0.0196078431372549,0.0,False,max_tpr_with_empirical_fpr_le_target,0.0196078431372549,0.0196078431372549,0.001,0.9056389492181407,5,0,64,250,0.0196078431372549,0.0,False,max_tpr_with_empirical_fpr_le_target,32,True,False,10.367723078408758,10.400556499254218,0.515625,GALLSTONE,GNB,dp,1.0,21
0.4149509803921569,0.07775735294117647,255,64,0.0196078431372549,0.0196078431372549,0.1,0.8487718655108818,5,4,60,250,0.0196078431372549,0.0625,True,max_tpr_with_empirical_fpr_le_target,0.0,0.0,0.01,inf,0,0,64,255,0.0,0.0,False,max_tpr_with_empirical_fpr_le_target,0.0,0.0,0.001,inf,0,0,64,255,0.0,0.0,False,max_tpr_with_empirical_fpr_le_target,32,True,False,10.567813353979327,10.494384259117597,0.515625,GALLSTONE,GNB,dp,1.0,22
0.5634191176470589,0.15073529411764708,255,64,0.1607843137254902,0.1607843137254902,0.1,0.3263574966228555,41,6,58,214,0.1607843137254902,0.09375,True,max_tpr_with_empirical_fpr_le_target,0.00392156862745098,0.00392156862745098,0.01,1.052205553101372,1,0,64,254,0.00392156862745098,0.0,False,max_tpr_with_empirical_fpr_le_target,0.00392156862745098,0.00392156862745098,0.001,1.052205553101372,1,0,64,254,0.00392156862745098,0.0,False,max_tpr_with_empirical_fpr_le_target,32,True,False,9.94754036255525,10.060016601030314,0.515625,GALLSTONE,GNB,dp,1.0,23
0.4522058823529411,0.027083333333333348,255,64,0.07450980392156863,0.07450980392156863,0.1,0.7377773493352562,19,6,58,236,0.07450980392156863,0.09375,True,max_tpr_with_empirical_fpr_le_target,0.0,0.0,0.01,inf,0,0,64,255,0.0,0.0,False,max_tpr_with_empirical_fpr_le_target,0.0,0.0,0.001,inf,0,0,64,255,0.0,0.0,False,max_tpr_with_empirical_fpr_le_target,32,True,False,10.317302622811106,10.330762324968978,0.515625,GALLSTONE,GNB,dp,1.0,24
0.4878676470588236,0.0628063725490196,255,64,0.13725490196078433,0.13725490196078433,0.1,0.5947116094080442,35,6,58,220,0.13725490196078433,0.09375,True,max_tpr_with_empirical_fpr_le_target,0.043137254901960784,0.043137254901960784,0.01,0.9311423446928564,11,0,64,244,0.043137254901960784,0.0,False,max_tpr_with_empirical_fpr_le_target,0.043137254901960784,0.043137254901960784,0.001,0.9311423446928564,11,0,64,244,0.043137254901960784,0.0,False,max_tpr_with_empirical_fpr_le_target,32,True,False,10.533520210421429,10.482769747038843,0.515625,GALLSTONE,GNB,dp,1.0,25
0.5520220588235293,0.15900735294117652,255,64,0.10588235294117647,0.10588235294117647,0.1,0.610843643526704,27,6,58,228,0.10588235294117647,0.09375,True,max_tpr_with_empirical_fpr_le_target,0.00784313725490196,0.00784313725490196,0.01,1.1965635675259252,2,0,64,253,0.00784313725490196,0.0,False,max_tpr_with_empirical_fpr_le_target,0.00784313725490196,0.00784313725490196,0.001,1.1965635675259252,2,0,64,253,0.00784313725490196,0.0,False,max_tpr_with_empirical_fpr_le_target,32,True,False,10.199607186992631,10.166785728543067,0.515625,GALLSTONE,GNB,dp,1.0,26
0.548406862745098,0.1583946078431373,255,64,0.09019607843137255,0.09019607843137255,0.1,0.7279028958795619,23,6,58,232,0.09019607843137255,0.09375,True,max_tpr_with_empirical_fpr_le_target,0.01568627450980392,0.01568627450980392,0.01,1.4109656610314003,4,0,64,251,0.01568627450980392,0.0,False,max_tpr_with_empirical_fpr_le_target,0.01568627450980392,0.01568627450980392,0.001,1.4109656610314003,4,0,64,251,0.01568627450980392,0.0,False,max_tpr_with_empirical_fpr_le_target,32,True,False,9.591441722045257,9.769515018681787,0.515625,GALLSTONE,GNB,dp,1.0,27
0.4474264705882353,0.03155637254901961,255,64,0.08235294117647059,0.08235294117647059,0.1,0.5944359639835182,21,5,59,234,0.08235294117647059,0.078125,True,max_tpr_with_empirical_fpr_le_target,0.011764705882352941,0.011764705882352941,0.01,1.0938262344276435,3,0,64,252,0.011764705882352941,0.0,False,max_tpr_with_empirical_fpr_le_target,0.011764705882352941,0.011764705882352941,0.001,1.0938262344276435,3,0,64,252,0.011764705882352941,0.0,False,max_tpr_with_empirical_fpr_le_target,32,True,False,10.918968599830718,10.793990240535262,0.515625,GALLSTONE,GNB,dp,1.0,28
0.4966299019607843,0.08284313725490197,255,64,0.14901960784313725,0.14901960784313725,0.1,0.501044447071592,38,6,58,217,0.14901960784313725,0.09375,True,max_tpr_with_empirical_fpr_le_target,0.03529411764705882,0.03529411764705882,0.01,1.1119087450590435,9,0,64,246,0.03529411764705882,0.0,False,max_tpr_with_empirical_fpr_le_target,0.03529411764705882,0.03529411764705882,0.001,1.1119087450590435,9,0,64,246,0.03529411764705882,0.0,False,max_tpr_with_empirical_fpr_le_target,32,True,False,9.8387869562033,9.669634288047192,0.515625,GALLSTONE,GNB,dp,1.0,29
0.5193014705882353,0.06587009803921573,255,64,0.06666666666666667,0.06666666666666667,0.1,0.21748183606764115,17,6,58,238,0.06666666666666667,0.09375,True,max_tpr_with_empirical_fpr_le_target,0.0196078431372549,0.0196078431372549,0.01,0.39942359922216175,5,0,64,250,0.0196078431372549,0.0,False,max_tpr_with_empirical_fpr_le_target,0.0196078431372549,0.0196078431372549,0.001,0.39942359922216175,5,0,64,250,0.0196078431372549,0.0,False,max_tpr_with_empirical_fpr_le_target,32,True,False,10.446861860418002,10.593635828482766,0.515625,GALLSTONE,GNB,dp,2.0,0
0.4712622549019607,0.05006127450980391,255,64,0.0784313725490196,0.0784313725490196,0.1,0.1294391872979057,20,6,58,235,0.0784313725490196,0.09375,True,max_tpr_with_empirical_fpr_le_target,0.01568627450980392,0.01568627450980392,0.01,0.49072974034252903,4,0,64,251,0.01568627450980392,0.0,False,max_tpr_with_empirical_fpr_le_target,0.01568627450980392,0.01568627450980392,0.001,0.49072974034252903,4,0,64,251,0.01568627450980392,0.0,False,max_tpr_with_empirical_fpr_le_target,32,True,False,10.373883510710138,10.376741976881634,0.515625,GALLSTONE,GNB,dp,2.0,1
0.4745710784313726,0.029840686274509753,255,64,0.08627450980392157,0.08627450980392157,0.1,0.18821823298717044,22,5,59,233,0.08627450980392157,0.078125,True,max_tpr_with_empirical_fpr_le_target,0.00392156862745098,0.00392156862745098,0.01,0.9084441373546843,1,0,64,254,0.00392156862745098,0.0,False,max_tpr_with_empirical_fpr_le_target,0.00392156862745098,0.00392156862745098,0.001,0.9084441373546843,1,0,64,254,0.00392156862745098,0.0,False,max_tpr_with_empirical_fpr_le_target,32,True,False,10.382912312756824,10.465634789167034,0.515625,GALLSTONE,GNB,dp,2.0,2
0.45122549019607844,0.08688725490196078,255,64,0.09411764705882353,0.09411764705882353,0.1,0.18894329748559935,24,5,59,231,0.09411764705882353,0.078125,True,max_tpr_with_empirical_fpr_le_target,0.0196078431372549,0.0196078431372549,0.01,0.6201234271463725,5,0,64,250,0.0196078431372549,0.0,False,max_tpr_with_empirical_fpr_le_target,0.0196078431372549,0.0196078431372549,0.001,0.6201234271463725,5,0,64,250,0.0196078431372549,0.0,False,max_tpr_with_empirical_fpr_le_target,32,True,False,9.759029774837542,9.67763415191214,0.515625,GALLSTONE,GNB,dp,2.0,3
0.4754289215686275,0.04227941176470584,255,64,0.09411764705882353,0.09411764705882353,0.1,0.13864043897726797,24,6,58,231,0.09411764705882353,0.09375,True,max_tpr_with_empirical_fpr_le_target,0.0,0.0,0.01,inf,0,0,64,255,0.0,0.0,False,max_tpr_with_empirical_fpr_le_target,0.0,0.0,0.001,inf,0,0,64,255,0.0,0.0,False,max_tpr_with_empirical_fpr_le_target,32,True,False,10.300486194799332,10.281807041898244,0.515625,GALLSTONE,GNB,dp,2.0,4
0.5370098039215685,0.11464460784313724,255,64,0.1803921568627451,0.1803921568627451,0.1,0.11751205647846241,46,6,58,209,0.1803921568627451,0.09375,True,max_tpr_with_empirical_fpr_le_target,0.023529411764705882,0.023529411764705882,0.01,0.44074350092383074,6,0,64,249,0.023529411764705882,0.0,False,max_tpr_with_empirical_fpr_le_target,0.023529411764705882,0.023529411764705882,0.001,0.44074350092383074,6,0,64,249,0.023529411764705882,0.0,False,max_tpr_with_empirical_fpr_le_target,32,True,False,9.414338553084795,9.498403051878595,0.515625,GALLSTONE,GNB,dp,2.0,5
0.4883578431372549,0.07849264705882353,255,64,0.12549019607843137,0.12549019607843137,0.1,0.12913823155241566,32,6,58,223,0.12549019607843137,0.09375,True,max_tpr_with_empirical_fpr_le_target,0.03137254901960784,0.03137254901960784,0.01,0.35009314761441424,8,0,64,247,0.03137254901960784,0.0,False,max_tpr_with_empirical_fpr_le_target,0.03137254901960784,0.03137254901960784,0.001,0.35009314761441424,8,0,64,247,0.03137254901960784,0.0,False,max_tpr_with_empirical_fpr_le_target,32,True,False,10.30272357593923,10.335273285120076,0.515625,GALLSTONE,GNB,dp,2.0,6
0.4811887254901961,0.025612745098039236,255,64,0.08235294117647059,0.08235294117647059,0.1,0.2242828923374165,21,4,60,234,0.08235294117647059,0.0625,True,max_tpr_with_empirical_fpr_le_target,0.01568627450980392,0.01568627450980392,0.01,0.452498912131825,4,0,64,251,0.01568627450980392,0.0,False,max_tpr_with_empirical_fpr_le_target,0.01568627450980392,0.01568627450980392,0.001,0.452498912131825,4,0,64,251,0.01568627450980392,0.0,False,max_tpr_with_empirical_fpr_le_target,32,True,False,9.683269570030783,9.82721597492746,0.515625,GALLSTONE,GNB,dp,2.0,7
0.5918504901960784,0.19417892156862748,255,64,0.16862745098039217,0.16862745098039217,0.1,0.08912582995292606,43,6,58,212,0.16862745098039217,0.09375,True,max_tpr_with_empirical_fpr_le_target,0.00392156862745098,0.00392156862745098,0.01,0.6890779216009566,1,0,64,254,0.00392156862745098,0.0,False,max_tpr_with_empirical_fpr_le_target,0.00392156862745098,0.00392156862745098,0.001,0.6890779216009566,1,0,64,254,0.00392156862745098,0.0,False,max_tpr_with_empirical_fpr_le_target,32,True,False,9.918466724377371,9.867969407967973,0.515625,GALLSTONE,GNB,dp,2.0,8
0.4478553921568627,0.031495098039215685,255,64,0.08627450980392157,0.08627450980392157,0.1,0.18811180944593042,22,6,58,233,0.08627450980392157,0.09375,True,max_tpr_with_empirical_fpr_le_target,0.00784313725490196,0.00784313725490196,0.01,0.6351159303538587,2,0,64,253,0.00784313725490196,0.0,False,max_tpr_with_empirical_fpr_le_target,0.00784313725490196,0.00784313725490196,0.001,0.6351159303538587,2,0,64,253,0.00784313725490196,0.0,False,max_tpr_with_empirical_fpr_le_target,32,True,False,10.43358908056476,10.491879095498627,0.515625,GALLSTONE,GNB,dp,2.0,9
0.5090686274509804,0.09270833333333328,255,64,0.09411764705882353,0.09411764705882353,0.1,0.1747200336631547,24,6,58,231,0.09411764705882353,0.09375,True,max_tpr_with_empirical_fpr_le_target,0.01568627450980392,0.01568627450980392,0.01,0.5904725949636109,4,0,64,251,0.01568627450980392,0.0,False,max_tpr_with_empirical_fpr_le_target,0.01568627450980392,0.01568627450980392,0.001,0.5904725949636109,4,0,64,251,0.01568627450980392,0.0,False,max_tpr_with_empirical_fpr_le_target,32,True,False,10.31903703544725,10.305940931526353,0.515625,GALLSTONE,GNB,dp,2.0,10
0.4116421568627451,0.011764705882352941,255,64,0.07058823529411765,0.07058823529411765,0.1,0.14762645706892075,18,5,59,237,0.07058823529411765,0.078125,True,max_tpr_with_empirical_fpr_le_target,0.011764705882352941,0.011764705882352941,0.01,0.8903056195772927,3,0,64,252,0.011764705882352941,0.0,False,max_tpr_with_empirical_fpr_le_target,0.011764705882352941,0.011764705882352941,0.001,0.8903056195772927,3,0,64,252,0.011764705882352941,0.0,False,max_tpr_with_empirical_fpr_le_target,32,True,False,10.24825462647458,10.153137839707117,0.515625,GALLSTONE,GNB,dp,2.0,11
0.5310049019607843,0.11856617647058826,255,64,0.17254901960784313,0.17254901960784313,0.1,0.13893768444990062,44,6,58,211,0.17254901960784313,0.09375,True,max_tpr_with_empirical_fpr_le_target,0.0,0.0,0.01,inf,0,0,64,255,0.0,0.0,False,max_tpr_with_empirical_fpr_le_target,0.0,0.0,0.001,inf,0,0,64,255,0.0,0.0,False,max_tpr_with_empirical_fpr_le_target,32,True,False,10.278678382096416,10.369341020643734,0.515625,GALLSTONE,GNB,dp,2.0,12
0.515502450980392,0.0772671568627451,255,64,0.15294117647058825,0.15294117647058825,0.1,0.10790594059496872,39,6,58,216,0.15294117647058825,0.09375,True,max_tpr_with_empirical_fpr_le_target,0.00784313725490196,0.00784313725490196,0.01,0.5019200685342624,2,0,64,253,0.00784313725490196,0.0,False,max_tpr_with_empirical_fpr_le_target,0.00784313725490196,0.00784313725490196,0.001,0.5019200685342624,2,0,64,253,0.00784313725490196,0.0,False,max_tpr_with_empirical_fpr_le_target,32,True,False,10.331056881485638,10.107810137567109,0.515625,GALLSTONE,GNB,dp,2.0,13
0.5479779411764706,0.14221813725490196,255,64,0.11764705882352941,0.11764705882352941,0.1,0.10719028798206276,30,6,58,225,0.11764705882352941,0.09375,True,max_tpr_with_empirical_fpr_le_target,0.011764705882352941,0.011764705882352941,0.01,0.5557908359170094,3,0,64,252,0.011764705882352941,0.0,False,max_tpr_with_empirical_fpr_le_target,0.011764705882352941,0.011764705882352941,0.001,0.5557908359170094,3,0,64,252,0.011764705882352941,0.0,False,max_tpr_with_empirical_fpr_le_target,32,True,False,10.01022991780367,10.060011232570227,0.515625,GALLSTONE,GNB,dp,2.0,14
0.45759803921568626,0.007536764705882382,255,64,0.058823529411764705,0.058823529411764705,0.1,0.2755272059058975,15,5,59,240,0.058823529411764705,0.078125,True,max_tpr_with_empirical_fpr_le_target,0.0,0.0,0.01,inf,0,0,64,255,0.0,0.0,False,max_tpr_with_empirical_fpr_le_target,0.0,0.0,0.001,inf,0,0,64,255,0.0,0.0,False,max_tpr_with_empirical_fpr_le_target,32,True,False,10.165681556184047,10.149133985713151,0.515625,GALLSTONE,GNB,dp,2.0,15
0.5285539215686275,0.1186887254901961,255,64,0.10588235294117647,0.10588235294117647,0.1,0.15084655129729718,27,6,58,228,0.10588235294117647,0.09375,True,max_tpr_with_empirical_fpr_le_target,0.00784313725490196,0.00784313725490196,0.01,0.7455406609820185,2,0,64,253,0.00784313725490196,0.0,False,max_tpr_with_empirical_fpr_le_target,0.00784313725490196,0.00784313725490196,0.001,0.7455406609820185,2,0,64,253,0.00784313725490196,0.0,False,max_tpr_with_empirical_fpr_le_target,32,True,False,10.379807065653491,10.411425800413394,0.515625,GALLSTONE,GNB,dp,2.0,16
0.5065563725490196,0.0761029411764706,255,64,0.050980392156862744,0.050980392156862744,0.1,0.17748172820566532,13,6,58,242,0.050980392156862744,0.09375,True,max_tpr_with_empirical_fpr_le_target,0.00392156862745098,0.00392156862745098,0.01,0.5745508344795232,1,0,64,254,0.00392156862745098,0.0,False,max_tpr_with_empirical_fpr_le_target,0.00392156862745098,0.00392156862745098,0.001,0.5745508344795232,1,0,64,254,0.00392156862745098,0.0,False,max_tpr_with_empirical_fpr_le_target,32,True,False,10.560137232518708,10.436211951711426,0.515625,GALLSTONE,GNB,dp,2.0,17
0.5231004901960783,0.14240196078431372,255,64,0.08235294117647059,0.08235294117647059,0.1,0.2844386000947945,21,6,58,234,0.08235294117647059,0.09375,True,max_tpr_with_empirical_fpr_le_target,0.00392156862745098,0.00392156862745098,0.01,0.8362692440601536,1,0,64,254,0.00392156862745098,0.0,False,max_tpr_with_empirical_fpr_le_target,0.00392156862745098,0.00392156862745098,0.001,0.8362692440601536,1,0,64,254,0.00392156862745098,0.0,False,max_tpr_with_empirical_fpr_le_target,32,True,False,10.064816938523403,9.884139059414558,0.515625,GALLSTONE,GNB,dp,2.0,18
0.5009191176470589,0.08063725490196083,255,64,0.10588235294117647,0.10588235294117647,0.1,0.13850786091268308,27,6,58,228,0.10588235294117647,0.09375,True,max_tpr_with_empirical_fpr_le_target,0.00392156862745098,0.00392156862745098,0.01,0.53324680974759,1,0,64,254,0.00392156862745098,0.0,False,max_tpr_with_empirical_fpr_le_target,0.00392156862745098,0.00392156862745098,0.001,0.53324680974759,1,0,64,254,0.00392156862745098,0.0,False,max_tpr_with_empirical_fpr_le_target,32,True,False,9.433992075913904,9.59770436955518,0.515625,GALLSTONE,GNB,dp,2.0,19
0.4435661764705882,0.050674019607843124,255,64,0.06274509803921569,0.06274509803921569,0.1,0.24297791666135327,16,6,58,239,0.06274509803921569,0.09375,True,max_tpr_with_empirical_fpr_le_target,0.023529411764705882,0.023529411764705882,0.01,0.3504358136512886,6,0,64,249,0.023529411764705882,0.0,False,max_tpr_with_empirical_fpr_le_target,0.023529411764705882,0.023529411764705882,0.001,0.3504358136512886,6,0,64,249,0.023529411764705882,0.0,False,max_tpr_with_empirical_fpr_le_target,32,True,False,10.24571428880666,10.267937022534179,0.515625,GALLSTONE,GNB,dp,2.0,20
0.4803921568627451,0.06200980392156863,255,64,0.07058823529411765,0.07058823529411765,0.1,0.12523826929198023,18,6,58,237,0.07058823529411765,0.09375,True,max_tpr_with_empirical_fpr_le_target,0.0196078431372549,0.0196078431372549,0.01,0.4199115913912941,5,0,64,250,0.0196078431372549,0.0,False,max_tpr_with_empirical_fpr_le_target,0.0196078431372549,0.0196078431372549,0.001,0.4199115913912941,5,0,64,250,0.0196078431372549,0.0,False,max_tpr_with_empirical_fpr_le_target,32,True,False,10.160730914454415,10.129761548403302,0.515625,GALLSTONE,GNB,dp,2.0,21
0.5416053921568628,0.1271446078431373,255,64,0.1411764705882353,0.1411764705882353,0.1,0.10351053979788016,36,6,58,219,0.1411764705882353,0.09375,True,max_tpr_with_empirical_fpr_le_target,0.00784313725490196,0.00784313725490196,0.01,0.6713840638740285,2,0,64,253,0.00784313725490196,0.0,False,max_tpr_with_empirical_fpr_le_target,0.00784313725490196,0.00784313725490196,0.001,0.6713840638740285,2,0,64,253,0.00784313725490196,0.0,False,max_tpr_with_empirical_fpr_le_target,32,True,False,9.925050039524235,9.893407743087545,0.515625,GALLSTONE,GNB,dp,2.0,22
0.4741421568627451,0.07377450980392153,255,64,0.06274509803921569,0.06274509803921569,0.1,0.23160175574180242,16,5,59,239,0.06274509803921569,0.078125,True,max_tpr_with_empirical_fpr_le_target,0.0196078431372549,0.0196078431372549,0.01,0.4219121686450191,5,0,64,250,0.0196078431372549,0.0,False,max_tpr_with_empirical_fpr_le_target,0.0196078431372549,0.0196078431372549,0.001,0.4219121686450191,5,0,64,250,0.0196078431372549,0.0,False,max_tpr_with_empirical_fpr_le_target,32,True,False,10.088687249835928,10.03760364348536,0.515625,GALLSTONE,GNB,dp,2.0,23
0.5058210784313726,0.05698529411764708,255,64,0.08235294117647059,0.08235294117647059,0.1,0.14584760599635205,21,6,58,234,0.08235294117647059,0.09375,True,max_tpr_with_empirical_fpr_le_target,0.027450980392156862,0.027450980392156862,0.01,0.2925546899202933,7,0,64,248,0.027450980392156862,0.0,False,max_tpr_with_empirical_fpr_le_target,0.027450980392156862,0.027450980392156862,0.001,0.2925546899202933,7,0,64,248,0.027450980392156862,0.0,False,max_tpr_with_empirical_fpr_le_target,32,True,False,9.89612659307911,9.820589063158186,0.515625,GALLSTONE,GNB,dp,2.0,24
0.5028799019607844,0.06629901960784312,255,64,0.08235294117647059,0.08235294117647059,0.1,0.14960608384053575,21,6,58,234,0.08235294117647059,0.09375,True,max_tpr_with_empirical_fpr_le_target,0.00392156862745098,0.00392156862745098,0.01,0.9304734139855464,1,0,64,254,0.00392156862745098,0.0,False,max_tpr_with_empirical_fpr_le_target,0.00392156862745098,0.00392156862745098,0.001,0.9304734139855464,1,0,64,254,0.00392156862745098,0.0,False,max_tpr_with_empirical_fpr_le_target,32,True,False,10.489771138720474,10.546619642925636,0.515625,GALLSTONE,GNB,dp,2.0,25
0.4559436274509804,0.028186274509803932,255,64,0.08235294117647059,0.08235294117647059,0.1,0.1992707791155537,21,6,58,234,0.08235294117647059,0.09375,True,max_tpr_with_empirical_fpr_le_target,0.023529411764705882,0.023529411764705882,0.01,0.5166316358647824,6,0,64,249,0.023529411764705882,0.0,False,max_tpr_with_empirical_fpr_le_target,0.023529411764705882,0.023529411764705882,0.001,0.5166316358647824,6,0,64,249,0.023529411764705882,0.0,False,max_tpr_with_empirical_fpr_le_target,32,True,False,10.537411031083519,10.468733014940597,0.515625,GALLSTONE,GNB,dp,2.0,26
0.4559436274509804,0.03811274509803919,255,64,0.027450980392156862,0.027450980392156862,0.1,0.32446045574646565,7,6,58,248,0.027450980392156862,0.09375,True,max_tpr_with_empirical_fpr_le_target,0.0,0.0,0.01,inf,0,0,64,255,0.0,0.0,False,max_tpr_with_empirical_fpr_le_target,0.0,0.0,0.001,inf,0,0,64,255,0.0,0.0,False,max_tpr_with_empirical_fpr_le_target,32,True,False,9.730338540125054,9.720922362920648,0.515625,GALLSTONE,GNB,dp,2.0,27
0.5546568627450981,0.1468137254901961,255,64,0.20784313725490197,0.20784313725490197,0.1,0.12935775487619638,53,5,59,202,0.20784313725490197,0.078125,True,max_tpr_with_empirical_fpr_le_target,0.0,0.0,0.01,inf,0,0,64,255,0.0,0.0,False,max_tpr_with_empirical_fpr_le_target,0.0,0.0,0.001,inf,0,0,64,255,0.0,0.0,False,max_tpr_with_empirical_fpr_le_target,32,True,False,9.705691923818868,9.693547703918169,0.515625,GALLSTONE,GNB,dp,2.0,28
0.5118872549019607,0.08363970588235292,255,64,0.054901960784313725,0.054901960784313725,0.1,0.2352509416683568,14,6,58,241,0.054901960784313725,0.09375,True,max_tpr_with_empirical_fpr_le_target,0.01568627450980392,0.01568627450980392,0.01,0.604444993744309,4,0,64,251,0.01568627450980392,0.0,False,max_tpr_with_empirical_fpr_le_target,0.01568627450980392,0.01568627450980392,0.001,0.604444993744309,4,0,64,251,0.01568627450980392,0.0,False,max_tpr_with_empirical_fpr_le_target,32,True,False,10.09188355948592,10.194910860953934,0.515625,GALLSTONE,GNB,dp,2.0,29
0.4985906862745098,0.053492647058823506,255,64,0.07450980392156863,0.07450980392156863,0.1,0.7058989640365372,19,5,59,236,0.07450980392156863,0.078125,True,max_tpr_with_empirical_fpr_le_target,0.00392156862745098,0.00392156862745098,0.01,1.4237860030250777,1,0,64,254,0.00392156862745098,0.0,False,max_tpr_with_empirical_fpr_le_target,0.00392156862745098,0.00392156862745098,0.001,1.4237860030250777,1,0,64,254,0.00392156862745098,0.0,False,max_tpr_with_empirical_fpr_le_target,32,True,False,9.779869613171915,9.705757897207235,0.53125,GALLSTONE,GNB,dp,4.0,0
0.5064338235294117,0.06819852941176469,255,64,0.15294117647058825,0.15294117647058825,0.1,0.484574902131782,39,6,58,216,0.15294117647058825,0.09375,True,max_tpr_with_empirical_fpr_le_target,0.00392156862745098,0.00392156862745098,0.01,1.607587634369117,1,0,64,254,0.00392156862745098,0.0,False,max_tpr_with_empirical_fpr_le_target,0.00392156862745098,0.00392156862745098,0.001,1.607587634369117,1,0,64,254,0.00392156862745098,0.0,False,max_tpr_with_empirical_fpr_le_target,32,True,False,10.233754987741133,10.358916060558217,0.53125,GALLSTONE,GNB,dp,4.0,1
0.4112132352941177,0.023406862745098067,255,64,0.054901960784313725,0.054901960784313725,0.1,0.7696547178888631,14,6,58,241,0.054901960784313725,0.09375,True,max_tpr_with_empirical_fpr_le_target,0.011764705882352941,0.011764705882352941,0.01,1.1738124403231982,3,0,64,252,0.011764705882352941,0.0,False,max_tpr_with_empirical_fpr_le_target,0.011764705882352941,0.011764705882352941,0.001,1.1738124403231982,3,0,64,252,0.011764705882352941,0.0,False,max_tpr_with_empirical_fpr_le_target,32,True,False,10.134896779084018,10.154878803329565,0.53125,GALLSTONE,GNB,dp,4.0,2
0.5703431372549019,0.14191176470588235,255,64,0.09803921568627451,0.09803921568627451,0.1,0.5680359913402357,25,5,59,230,0.09803921568627451,0.078125,True,max_tpr_with_empirical_fpr_le_target,0.03137254901960784,0.03137254901960784,0.01,0.920018088649448,8,0,64,247,0.03137254901960784,0.0,False,max_tpr_with_empirical_fpr_le_target,0.03137254901960784,0.03137254901960784,0.001,0.920018088649448,8,0,64,247,0.03137254901960784,0.0,False,max_tpr_with_empirical_fpr_le_target,32,True,False,9.646873580275974,9.802147209344025,0.53125,GALLSTONE,GNB,dp,4.0,3
0.5103553921568627,0.07359068627450982,255,64,0.10196078431372549,0.10196078431372549,0.1,0.5249535066907391,26,5,59,229,0.10196078431372549,0.078125,True,max_tpr_with_empirical_fpr_le_target,0.023529411764705882,0.023529411764705882,0.01,0.9293783784520571,6,0,64,249,0.023529411764705882,0.0,False,max_tpr_with_empirical_fpr_le_target,0.023529411764705882,0.023529411764705882,0.001,0.9293783784520571,6,0,64,249,0.023529411764705882,0.0,False,max_tpr_with_empirical_fpr_le_target,32,True,False,10.439759370392636,10.34888719274565,0.53125,GALLSTONE,GNB,dp,4.0,4
0.5263480392156863,0.09938725490196076,255,64,0.14901960784313725,0.14901960784313725,0.1,0.45673662428385864,38,6,58,217,0.14901960784313725,0.09375,True,max_tpr_with_empirical_fpr_le_target,0.01568627450980392,0.01568627450980392,0.01,1.3247029872047715,4,0,64,251,0.01568627450980392,0.0,False,max_tpr_with_empirical_fpr_le_target,0.01568627450980392,0.01568627450980392,0.001,1.3247029872047715,4,0,64,251,0.01568627450980392,0.0,False,max_tpr_with_empirical_fpr_le_target,32,True,False,9.064203705831945,9.105497786300445,0.53125,GALLSTONE,GNB,dp,4.0,5
0.44754901960784316,0.023284313725490224,255,64,0.03137254901960784,0.03137254901960784,0.1,0.840907461028344,8,5,59,247,0.03137254901960784,0.078125,True,max_tpr_with_empirical_fpr_le_target,0.0,0.0,0.01,inf,0,0,64,255,0.0,0.0,False,max_tpr_with_empirical_fpr_le_target,0.0,0.0,0.001,inf,0,0,64,255,0.0,0.0,False,max_tpr_with_empirical_fpr_le_target,32,True,False,10.283034140840908,10.261645643843744,0.53125,GALLSTONE,GNB,dp,4.0,6
0.4736519607843137,0.019669117647058823,255,64,0.08235294117647059,0.08235294117647059,0.1,0.5840086351788183,21,6,58,234,0.08235294117647059,0.09375,True,max_tpr_with_empirical_fpr_le_target,0.0,0.0,0.01,inf,0,0,64,255,0.0,0.0,False,max_tpr_with_empirical_fpr_le_target,0.0,0.0,0.001,inf,0,0,64,255,0.0,0.0,False,max_tpr_with_empirical_fpr_le_target,32,True,False,9.842818879440571,9.905959056092902,0.53125,GALLSTONE,GNB,dp,4.0,7
0.4575980392156863,0.03529411764705882,255,64,0.07058823529411765,0.07058823529411765,0.1,0.7317162015046033,18,5,59,237,0.07058823529411765,0.078125,True,max_tpr_with_empirical_fpr_le_target,0.03529411764705882,0.03529411764705882,0.01,0.9281428216087457,9,0,64,246,0.03529411764705882,0.0,False,max_tpr_with_empirical_fpr_le_target,0.03529411764705882,0.03529411764705882,0.001,0.9281428216087457,9,0,64,246,0.03529411764705882,0.0,False,max_tpr_with_empirical_fpr_le_target,32,True,False,10.13113310069401,10.112334017078595,0.53125,GALLSTONE,GNB,dp,4.0,8
0.4962009803921568,0.08694852941176473,255,64,0.11372549019607843,0.11372549019607843,0.1,0.6275903023475506,29,6,58,226,0.11372549019607843,0.09375,True,max_tpr_with_empirical_fpr_le_target,0.00784313725490196,0.00784313725490196,0.01,1.7847182149583318,2,0,64,253,0.00784313725490196,0.0,False,max_tpr_with_empirical_fpr_le_target,0.00784313725490196,0.00784313725490196,0.001,1.7847182149583318,2,0,64,253,0.00784313725490196,0.0,False,max_tpr_with_empirical_fpr_le_target,32,True,False,9.42137758074967,9.440669652665505,0.53125,GALLSTONE,GNB,dp,4.0,9
0.5418504901960782,0.09975490196078429,255,64,0.14901960784313725,0.14901960784313725,0.1,0.5117128867701259,38,6,58,217,0.14901960784313725,0.09375,True,max_tpr_with_empirical_fpr_le_target,0.011764705882352941,0.011764705882352941,0.01,1.1207804347378536,3,0,64,252,0.011764705882352941,0.0,False,max_tpr_with_empirical_fpr_le_target,0.011764705882352941,0.011764705882352941,0.001,1.1207804347378536,3,0,64,252,0.011764705882352941,0.0,False,max_tpr_with_empirical_fpr_le_target,32,True,False,9.996639164318273,9.945710248557665,0.53125,GALLSTONE,GNB,dp,4.0,10
0.5670343137254903,0.16194852941176469,255,64,0.24705882352941178,0.24705882352941178,0.1,0.33409057065740644,63,6,58,192,0.24705882352941178,0.09375,True,max_tpr_with_empirical_fpr_le_target,0.01568627450980392,0.01568627450980392,0.01,1.1623919694474947,4,0,64,251,0.01568627450980392,0.0,False,max_tpr_with_empirical_fpr_le_target,0.01568627450980392,0.01568627450980392,0.001,1.1623919694474947,4,0,64,251,0.01568627450980392,0.0,False,max_tpr_with_empirical_fpr_le_target,32,True,False,9.283167460471843,9.239834631140905,0.53125,GALLSTONE,GNB,dp,4.0,11
0.47892156862745094,0.08933823529411766,255,64,0.050980392156862744,0.050980392156862744,0.1,0.6697827828262799,13,6,58,242,0.050980392156862744,0.09375,True,max_tpr_with_empirical_fpr_le_target,0.00784313725490196,0.00784313725490196,0.01,1.4063671701509968,2,0,64,253,0.00784313725490196,0.0,False,max_tpr_with_empirical_fpr_le_target,0.00784313725490196,0.00784313725490196,0.001,1.4063671701509968,2,0,64,253,0.00784313725490196,0.0,False,max_tpr_with_empirical_fpr_le_target,32,True,False,9.171654798553966,9.16299254373989,0.53125,GALLSTONE,GNB,dp,4.0,12
0.5223651960784315,0.09485294117647058,255,64,0.12941176470588237,0.12941176470588237,0.1,0.6134115043536355,33,6,58,222,0.12941176470588237,0.09375,True,max_tpr_with_empirical_fpr_le_target,0.043137254901960784,0.043137254901960784,0.01,1.0276162626353078,11,0,64,244,0.043137254901960784,0.0,False,max_tpr_with_empirical_fpr_le_target,0.043137254901960784,0.043137254901960784,0.001,1.0276162626353078,11,0,64,244,0.043137254901960784,0.0,False,max_tpr_with_empirical_fpr_le_target,32,True,False,9.56721967012251,9.585385644004434,0.53125,GALLSTONE,GNB,dp,4.0,13
0.4579656862745098,0.03363970588235299,255,64,0.08235294117647059,0.08235294117647059,0.1,0.654137927501151,21,6,58,234,0.08235294117647059,0.09375,True,max_tpr_with_empirical_fpr_le_target,0.01568627450980392,0.01568627450980392,0.01,1.1919812221521946,4,0,64,251,0.01568627450980392,0.0,False,max_tpr_with_empirical_fpr_le_target,0.01568627450980392,0.01568627450980392,0.001,1.1919812221521946,4,0,64,251,0.01568627450980392,0.0,False,max_tpr_with_empirical_fpr_le_target,32,True,False,9.830112200959226,9.930869232222888,0.53125,GALLSTONE,GNB,dp,4.0,14
0.5120098039215686,0.099203431372549,255,64,0.09411764705882353,0.09411764705882353,0.1,0.5370209546078613,24,6,58,231,0.09411764705882353,0.09375,True,max_tpr_with_empirical_fpr_le_target,0.0392156862745098,0.0392156862745098,0.01,0.824507710673041,10,0,64,245,0.0392156862745098,0.0,False,max_tpr_with_empirical_fpr_le_target,0.0392156862745098,0.0392156862745098,0.001,0.824507710673041,10,0,64,245,0.0392156862745098,0.0,False,max_tpr_with_empirical_fpr_le_target,32,True,False,10.113836076965173,10.168173965559324,0.53125,GALLSTONE,GNB,dp,4.0,15
0.5745710784313727,0.15833333333333333,255,64,0.09411764705882353,0.09411764705882353,0.1,0.7507794239838255,24,6,58,231,0.09411764705882353,0.09375,True,max_tpr_with_empirical_fpr_le_target,0.0,0.0,0.01,inf,0,0,64,255,0.0,0.0,False,max_tpr_with_empirical_fpr_le_target,0.0,0.0,0.001,inf,0,0,64,255,0.0,0.0,False,max_tpr_with_empirical_fpr_le_target,32,True,False,9.622983027672207,9.645998112030282,0.53125,GALLSTONE,GNB,dp,4.0,16
0.5452818627450979,0.1232843137254902,255,64,0.07450980392156863,0.07450980392156863,0.1,0.7030238314928798,19,6,58,236,0.07450980392156863,0.09375,True,max_tpr_with_empirical_fpr_le_target,0.01568627450980392,0.01568627450980392,0.01,1.0799681082585453,4,0,64,251,0.01568627450980392,0.0,False,max_tpr_with_empirical_fpr_le_target,0.01568627450980392,0.01568627450980392,0.001,1.0799681082585453,4,0,64,251,0.01568627450980392,0.0,False,max_tpr_with_empirical_fpr_le_target,32,True,False,9.45702032016289,9.36202435580866,0.53125,GALLSTONE,GNB,dp,4.0,17
0.5041666666666667,0.05140931372549021,255,64,0.12156862745098039,0.12156862745098039,0.1,0.5753777209181781,31,5,59,224,0.12156862745098039,0.078125,True,max_tpr_with_empirical_fpr_le_target,0.023529411764705882,0.023529411764705882,0.01,0.978345026023697,6,0,64,249,0.023529411764705882,0.0,False,max_tpr_with_empirical_fpr_le_target,0.023529411764705882,0.023529411764705882,0.001,0.978345026023697,6,0,64,249,0.023529411764705882,0.0,False,max_tpr_with_empirical_fpr_le_target,32,True,False,9.736088349630206,9.753583850993499,0.53125,GALLSTONE,GNB,dp,4.0,18
0.5248161764705882,0.10723039215686275,255,64,0.06274509803921569,0.06274509803921569,0.1,0.8840462657157699,16,6,58,239,0.06274509803921569,0.09375,True,max_tpr_with_empirical_fpr_le_target,0.0,0.0,0.01,inf,0,0,64,255,0.0,0.0,False,max_tpr_with_empirical_fpr_le_target,0.0,0.0,0.001,inf,0,0,64,255,0.0,0.0,False,max_tpr_with_empirical_fpr_le_target,32,True,False,9.786709331151444,9.842061216104014,0.53125,GALLSTONE,GNB,dp,4.0,19
0.5417279411764706,0.08921568627450982,255,64,0.10196078431372549,0.10196078431372549,0.1,0.5201141219970853,26,6,58,229,0.10196078431372549,0.09375,True,max_tpr_with_empirical_fpr_le_target,0.01568627450980392,0.01568627450980392,0.01,1.1429014568757707,4,0,64,251,0.01568627450980392,0.0,False,max_tpr_with_empirical_fpr_le_target,0.01568627450980392,0.01568627450980392,0.001,1.1429014568757707,4,0,64,251,0.01568627450980392,0.0,False,max_tpr_with_empirical_fpr_le_target,32,True,False,10.894368101561199,10.87480678824515,0.53125,GALLSTONE,GNB,dp,4.0,20
0.522671568627451,0.09448529411764706,255,64,0.18823529411764706,0.18823529411764706,0.1,0.4054992288560775,48,6,58,207,0.18823529411764706,0.09375,True,max_tpr_with_empirical_fpr_le_target,0.043137254901960784,0.043137254901960784,0.01,0.8454919150253111,11,0,64,244,0.043137254901960784,0.0,False,max_tpr_with_empirical_fpr_le_target,0.043137254901960784,0.043137254901960784,0.001,0.8454919150253111,11,0,64,244,0.043137254901960784,0.0,False,max_tpr_with_empirical_fpr_le_target,32,True,False,10.564711775426721,10.596663953311689,0.53125,GALLSTONE,GNB,dp,4.0,21
0.44246323529411763,0.03529411764705882,255,64,0.047058823529411764,0.047058823529411764,0.1,0.6582053206200786,12,6,58,243,0.047058823529411764,0.09375,True,max_tpr_with_empirical_fpr_le_target,0.03529411764705882,0.03529411764705882,0.01,0.8924473724196567,9,0,64,246,0.03529411764705882,0.0,False,max_tpr_with_empirical_fpr_le_target,0.03529411764705882,0.03529411764705882,0.001,0.8924473724196567,9,0,64,246,0.03529411764705882,0.0,False,max_tpr_with_empirical_fpr_le_target,32,True,False,9.881325112220566,9.878570332477297,0.53125,GALLSTONE,GNB,dp,4.0,22
0.5536764705882353,0.19332107843137253,255,64,0.08627450980392157,0.08627450980392157,0.1,0.5136170097957775,22,6,58,233,0.08627450980392157,0.09375,True,max_tpr_with_empirical_fpr_le_target,0.0,0.0,0.01,inf,0,0,64,255,0.0,0.0,False,max_tpr_with_empirical_fpr_le_target,0.0,0.0,0.001,inf,0,0,64,255,0.0,0.0,False,max_tpr_with_empirical_fpr_le_target,32,True,False,10.005539380832985,10.00605532281909,0.53125,GALLSTONE,GNB,dp,4.0,23
0.41887254901960785,0.01568627450980392,255,64,0.06666666666666667,0.06666666666666667,0.1,0.6606819152502266,17,6,58,238,0.06666666666666667,0.09375,True,max_tpr_with_empirical_fpr_le_target,0.01568627450980392,0.01568627450980392,0.01,1.2193922677388933,4,0,64,251,0.01568627450980392,0.0,False,max_tpr_with_empirical_fpr_le_target,0.01568627450980392,0.01568627450980392,0.001,1.2193922677388933,4,0,64,251,0.01568627450980392,0.0,False,max_tpr_with_empirical_fpr_le_target,32,True,False,10.511007066870961,10.606173848309528,0.53125,GALLSTONE,GNB,dp,4.0,24
0.48406862745098045,0.07365196078431369,255,64,0.12549019607843137,0.12549019607843137,0.1,0.654722480124291,32,6,58,223,0.12549019607843137,0.09375,True,max_tpr_with_empirical_fpr_le_target,0.047058823529411764,0.047058823529411764,0.01,0.9792126855811158,12,0,64,243,0.047058823529411764,0.0,False,max_tpr_with_empirical_fpr_le_target,0.047058823529411764,0.047058823529411764,0.001,0.9792126855811158,12,0,64,243,0.047058823529411764,0.0,False,max_tpr_with_empirical_fpr_le_target,32,True,False,9.482754736877506,9.396450090900201,0.53125,GALLSTONE,GNB,dp,4.0,25
0.5685049019607843,0.11562499999999998,255,64,0.16862745098039217,0.16862745098039217,0.1,0.5288960901143849,43,5,59,212,0.16862745098039217,0.078125,True,max_tpr_with_empirical_fpr_le_target,0.058823529411764705,0.058823529411764705,0.01,0.8220772684249242,15,0,64,240,0.058823529411764705,0.0,False,max_tpr_with_empirical_fpr_le_target,0.058823529411764705,0.058823529411764705,0.001,0.8220772684249242,15,0,64,240,0.058823529411764705,0.0,False,max_tpr_with_empirical_fpr_le_target,32,True,False,9.966629222472296,9.919102437945636,0.53125,GALLSTONE,GNB,dp,4.0,26
0.4895220588235294,0.08400735294117645,255,64,0.10196078431372549,0.10196078431372549,0.1,0.5640552567718369,26,6,58,229,0.10196078431372549,0.09375,True,max_tpr_with_empirical_fpr_le_target,0.0,0.0,0.01,inf,0,0,64,255,0.0,0.0,False,max_tpr_with_empirical_fpr_le_target,0.0,0.0,0.001,inf,0,0,64,255,0.0,0.0,False,max_tpr_with_empirical_fpr_le_target,32,True,False,9.938874059077039,9.914176297281085,0.53125,GALLSTONE,GNB,dp,4.0,27
0.42935049019607846,0.016176470588235292,255,64,0.050980392156862744,0.050980392156862744,0.1,0.5391504994616172,13,5,59,242,0.050980392156862744,0.078125,True,max_tpr_with_empirical_fpr_le_target,0.00392156862745098,0.00392156862745098,0.01,1.2767983876950346,1,0,64,254,0.00392156862745098,0.0,False,max_tpr_with_empirical_fpr_le_target,0.00392156862745098,0.00392156862745098,0.001,1.2767983876950346,1,0,64,254,0.00392156862745098,0.0,False,max_tpr_with_empirical_fpr_le_target,32,True,False,10.266670062367467,10.300592477277345,0.53125,GALLSTONE,GNB,dp,4.0,28
0.5256127450980392,0.08676470588235294,255,64,0.1568627450980392,0.1568627450980392,0.1,0.45065302514969297,40,6,58,215,0.1568627450980392,0.09375,True,max_tpr_with_empirical_fpr_le_target,0.011764705882352941,0.011764705882352941,0.01,1.1300698896652581,3,0,64,252,0.011764705882352941,0.0,False,max_tpr_with_empirical_fpr_le_target,0.011764705882352941,0.011764705882352941,0.001,1.1300698896652581,3,0,64,252,0.011764705882352941,0.0,False,max_tpr_with_empirical_fpr_le_target,32,True,False,9.498705966487009,9.621952169432546,0.53125,GALLSTONE,GNB,dp,4.0,29
0.49669117647058825,0.0854166666666667,255,64,0.14901960784313725,0.14901960784313725,0.1,0.3526206068472577,38,6,58,217,0.14901960784313725,0.09375,True,max_tpr_with_empirical_fpr_le_target,0.0196078431372549,0.0196078431372549,0.01,0.8689935948267524,5,0,64,250,0.0196078431372549,0.0,False,max_tpr_with_empirical_fpr_le_target,0.0196078431372549,0.0196078431372549,0.001,0.8689935948267524,5,0,64,250,0.0196078431372549,0.0,False,max_tpr_with_empirical_fpr_le_target,32,True,False,10.055526869222843,9.997265244695003,0.46875,GALLSTONE,GNB,dp,8.0,0
0.5018995098039215,0.08872549019607845,255,64,0.10980392156862745,0.10980392156862745,0.1,0.3744897706953587,28,6,58,227,0.10980392156862745,0.09375,True,max_tpr_with_empirical_fpr_le_target,0.00392156862745098,0.00392156862745098,0.01,1.361531438222813,1,0,64,254,0.00392156862745098,0.0,False,max_tpr_with_empirical_fpr_le_target,0.00392156862745098,0.00392156862745098,0.001,1.361531438222813,1,0,64,254,0.00392156862745098,0.0,False,max_tpr_with_empirical_fpr_le_target,32,True,False,9.410057208956028,9.51088133677038,0.46875,GALLSTONE,GNB,dp,8.0,1
0.5687500000000001,0.16274509803921566,255,64,0.1568627450980392,0.1568627450980392,0.1,0.23382000993839913,40,5,59,215,0.1568627450980392,0.078125,True,max_tpr_with_empirical_fpr_le_target,0.07450980392156863,0.07450980392156863,0.01,0.5380694166919673,19,0,64,236,0.07450980392156863,0.0,False,max_tpr_with_empirical_fpr_le_target,0.07450980392156863,0.07450980392156863,0.001,0.5380694166919673,19,0,64,236,0.07450980392156863,0.0,False,max_tpr_with_empirical_fpr_le_target,32,True,False,8.88216245859457,8.922012362412563,0.46875,GALLSTONE,GNB,dp,8.0,2
0.47549019607843135,0.04087009803921571,255,64,0.07058823529411765,0.07058823529411765,0.1,0.41108583831048495,18,6,58,237,0.07058823529411765,0.09375,True,max_tpr_with_empirical_fpr_le_target,0.011764705882352941,0.011764705882352941,0.01,1.2530611221947692,3,0,64,252,0.011764705882352941,0.0,False,max_tpr_with_empirical_fpr_le_target,0.011764705882352941,0.011764705882352941,0.001,1.2530611221947692,3,0,64,252,0.011764705882352941,0.0,False,max_tpr_with_empirical_fpr_le_target,32,True,False,9.019629691357554,9.002124929387312,0.46875,GALLSTONE,GNB,dp,8.0,3
0.45330882352941176,0.03137254901960784,255,64,0.08627450980392157,0.08627450980392157,0.1,0.487801400389853,22,6,58,233,0.08627450980392157,0.09375,True,max_tpr_with_empirical_fpr_le_target,0.03137254901960784,0.03137254901960784,0.01,0.8236531505662956,8,0,64,247,0.03137254901960784,0.0,False,max_tpr_with_empirical_fpr_le_target,0.03137254901960784,0.03137254901960784,0.001,0.8236531505662956,8,0,64,247,0.03137254901960784,0.0,False,max_tpr_with_empirical_fpr_le_target,32,True,False,9.917777828971111,9.957860755168058,0.46875,GALLSTONE,GNB,dp,8.0,4
0.5012867647058823,0.0633578431372549,255,64,0.0784313725490196,0.0784313725490196,0.1,0.5145047966327945,20,6,58,235,0.0784313725490196,0.09375,True,max_tpr_with_empirical_fpr_le_target,0.00392156862745098,0.00392156862745098,0.01,1.6857398039035836,1,0,64,254,0.00392156862745098,0.0,False,max_tpr_with_empirical_fpr_le_target,0.00392156862745098,0.00392156862745098,0.001,1.6857398039035836,1,0,64,254,0.00392156862745098,0.0,False,max_tpr_with_empirical_fpr_le_target,32,True,False,8.824373526627964,8.995831588461959,0.46875,GALLSTONE,GNB,dp,8.0,5
0.47665441176470597,0.06746323529411763,255,64,0.09411764705882353,0.09411764705882353,0.1,0.2897461108294337,24,6,58,231,0.09411764705882353,0.09375,True,max_tpr_with_empirical_fpr_le_target,0.011764705882352941,0.011764705882352941,0.01,0.737181534302592,3,0,64,252,0.011764705882352941,0.0,False,max_tpr_with_empirical_fpr_le_target,0.011764705882352941,0.011764705882352941,0.001,0.737181534302592,3,0,64,252,0.011764705882352941,0.0,False,max_tpr_with_empirical_fpr_le_target,32,True,False,9.7820852592449,9.734826946711706,0.46875,GALLSTONE,GNB,dp,8.0,6
0.4068627450980392,0.015257352941176472,255,64,0.054901960784313725,0.054901960784313725,0.1,0.478038818401461,14,6,58,241,0.054901960784313725,0.09375,True,max_tpr_with_empirical_fpr_le_target,0.00784313725490196,0.00784313725490196,0.01,0.963001364095061,2,0,64,253,0.00784313725490196,0.0,False,max_tpr_with_empirical_fpr_le_target,0.00784313725490196,0.00784313725490196,0.001,0.963001364095061,2,0,64,253,0.00784313725490196,0.0,False,max_tpr_with_empirical_fpr_le_target,32,True,False,10.11908631811686,10.161716558250594,0.46875,GALLSTONE,GNB,dp,8.0,7
0.48161764705882354,0.04779411764705882,255,64,0.0392156862745098,0.0392156862745098,0.1,0.6131426438682066,10,5,59,245,0.0392156862745098,0.078125,True,max_tpr_with_empirical_fpr_le_target,0.00392156862745098,0.00392156862745098,0.01,1.3727437366853081,1,0,64,254,0.00392156862745098,0.0,False,max_tpr_with_empirical_fpr_le_target,0.00392156862745098,0.00392156862745098,0.001,1.3727437366853081,1,0,64,254,0.00392156862745098,0.0,False,max_tpr_with_empirical_fpr_le_target,32,True,False,9.794939881256528,9.883507205845529,0.46875,GALLSTONE,GNB,dp,8.0,8
0.4607843137254902,0.04087009803921571,255,64,0.10980392156862745,0.10980392156862745,0.1,0.32943003312333996,28,6,58,227,0.10980392156862745,0.09375,True,max_tpr_with_empirical_fpr_le_target,0.0,0.0,0.01,inf,0,0,64,255,0.0,0.0,False,max_tpr_with_empirical_fpr_le_target,0.0,0.0,0.001,inf,0,0,64,255,0.0,0.0,False,max_tpr_with_empirical_fpr_le_target,32,True,False,8.951228652536871,9.020444248513298,0.46875,GALLSTONE,GNB,dp,8.0,9
0.5483455882352941,0.1345588235294118,255,64,0.09803921568627451,0.09803921568627451,0.1,0.5184429234511958,25,6,58,230,0.09803921568627451,0.09375,True,max_tpr_with_empirical_fpr_le_target,0.011764705882352941,0.011764705882352941,0.01,1.2937938573826546,3,0,64,252,0.011764705882352941,0.0,False,max_tpr_with_empirical_fpr_le_target,0.011764705882352941,0.011764705882352941,0.001,1.2937938573826546,3,0,64,252,0.011764705882352941,0.0,False,max_tpr_with_empirical_fpr_le_target,32,True,False,9.151240210742873,9.215967254350026,0.46875,GALLSTONE,GNB,dp,8.0,10
0.48192401960784315,0.03492647058823528,255,64,0.08627450980392157,0.08627450980392157,0.1,0.45969090863765727,22,6,58,233,0.08627450980392157,0.09375,True,max_tpr_with_empirical_fpr_le_target,0.0196078431372549,0.0196078431372549,0.01,0.8843014067492474,5,0,64,250,0.0196078431372549,0.0,False,max_tpr_with_empirical_fpr_le_target,0.0196078431372549,0.0196078431372549,0.001,0.8843014067492474,5,0,64,250,0.0196078431372549,0.0,False,max_tpr_with_empirical_fpr_le_target,32,True,False,9.531407803238606,9.6352589464297,0.46875,GALLSTONE,GNB,dp,8.0,11
0.5551470588235294,0.1519607843137255,255,64,0.1411764705882353,0.1411764705882353,0.1,0.2862371631175642,36,6,58,219,0.1411764705882353,0.09375,True,max_tpr_with_empirical_fpr_le_target,0.00392156862745098,0.00392156862745098,0.01,0.8674222701730256,1,0,64,254,0.00392156862745098,0.0,False,max_tpr_with_empirical_fpr_le_target,0.00392156862745098,0.00392156862745098,0.001,0.8674222701730256,1,0,64,254,0.00392156862745098,0.0,False,max_tpr_with_empirical_fpr_le_target,32,True,False,9.710220014244438,9.794183582555519,0.46875,GALLSTONE,GNB,dp,8.0,12
0.4404411764705882,0.027083333333333348,255,64,0.047058823529411764,0.047058823529411764,0.1,0.5805956805092105,12,6,58,243,0.047058823529411764,0.09375,True,max_tpr_with_empirical_fpr_le_target,0.0,0.0,0.01,inf,0,0,64,255,0.0,0.0,False,max_tpr_with_empirical_fpr_le_target,0.0,0.0,0.001,inf,0,0,64,255,0.0,0.0,False,max_tpr_with_empirical_fpr_le_target,32,True,False,10.065573280554354,9.92641063883538,0.46875,GALLSTONE,GNB,dp,8.0,13
0.4968137254901961,0.06066176470588236,255,64,0.08627450980392157,0.08627450980392157,0.1,0.400066203197011,22,6,58,233,0.08627450980392157,0.09375,True,max_tpr_with_empirical_fpr_le_target,0.00392156862745098,0.00392156862745098,0.01,1.242694479001623,1,0,64,254,0.00392156862745098,0.0,False,max_tpr_with_empirical_fpr_le_target,0.00392156862745098,0.00392156862745098,0.001,1.242694479001623,1,0,64,254,0.00392156862745098,0.0,False,max_tpr_with_empirical_fpr_le_target,32,True,False,9.616082446861647,9.626440778495162,0.46875,GALLSTONE,GNB,dp,8.0,14
0.526593137254902,0.12677696078431372,255,64,0.11372549019607843,0.11372549019607843,0.1,0.3994094929181893,29,4,60,226,0.11372549019607843,0.0625,True,max_tpr_with_empirical_fpr_le_target,0.0196078431372549,0.0196078431372549,0.01,0.7524233807406491,5,0,64,250,0.0196078431372549,0.0,False,max_tpr_with_empirical_fpr_le_target,0.0196078431372549,0.0196078431372549,0.001,0.7524233807406491,5,0,64,250,0.0196078431372549,0.0,False,max_tpr_with_empirical_fpr_le_target,32,True,False,8.89114975272432,8.984476657235797,0.46875,GALLSTONE,GNB,dp,8.0,15
0.4425245098039216,0.050980392156862744,255,64,0.08627450980392157,0.08627450980392157,0.1,0.4778460715889077,22,6,58,233,0.08627450980392157,0.09375,True,max_tpr_with_empirical_fpr_le_target,0.050980392156862744,0.050980392156862744,0.01,0.9108179715548932,13,0,64,242,0.050980392156862744,0.0,False,max_tpr_with_empirical_fpr_le_target,0.050980392156862744,0.050980392156862744,0.001,0.9108179715548932,13,0,64,242,0.050980392156862744,0.0,False,max_tpr_with_empirical_fpr_le_target,32,True,False,8.327106202781378,8.277822781258942,0.46875,GALLSTONE,GNB,dp,8.0,16
0.5255514705882353,0.09840686274509805,255,64,0.19215686274509805,0.19215686274509805,0.1,0.2993707283909468,49,6,58,206,0.19215686274509805,0.09375,True,max_tpr_with_empirical_fpr_le_target,0.0,0.0,0.01,inf,0,0,64,255,0.0,0.0,False,max_tpr_with_empirical_fpr_le_target,0.0,0.0,0.001,inf,0,0,64,255,0.0,0.0,False,max_tpr_with_empirical_fpr_le_target,32,True,False,10.149810837854456,10.139367146857596,0.46875,GALLSTONE,GNB,dp,8.0,17
0.4728553921568628,0.04926470588235299,255,64,0.08235294117647059,0.08235294117647059,0.1,0.408848435982367,21,5,59,234,0.08235294117647059,0.078125,True,max_tpr_with_empirical_fpr_le_target,0.0196078431372549,0.0196078431372549,0.01,0.9173653296142374,5,0,64,250,0.0196078431372549,0.0,False,max_tpr_with_empirical_fpr_le_target,0.0196078431372549,0.0196078431372549,0.001,0.9173653296142374,5,0,64,250,0.0196078431372549,0.0,False,max_tpr_with_empirical_fpr_le_target,32,True,False,9.183748533477791,9.336316946316762,0.46875,GALLSTONE,GNB,dp,8.0,18
0.5460171568627451,0.15428921568627452,255,64,0.06666666666666667,0.06666666666666667,0.1,0.4719782530078733,17,5,59,238,0.06666666666666667,0.078125,True,max_tpr_with_empirical_fpr_le_target,0.00392156862745098,0.00392156862745098,0.01,1.3345769125050104,1,0,64,254,0.00392156862745098,0.0,False,max_tpr_with_empirical_fpr_le_target,0.00392156862745098,0.00392156862745098,0.001,1.3345769125050104,1,0,64,254,0.00392156862745098,0.0,False,max_tpr_with_empirical_fpr_le_target,32,True,False,8.674022562431665,8.750633853942768,0.46875,GALLSTONE,GNB,dp,8.0,19
0.5,0.05747549019607845,255,64,0.08627450980392157,0.08627450980392157,0.1,0.4393948857442993,22,6,58,233,0.08627450980392157,0.09375,True,max_tpr_with_empirical_fpr_le_target,0.03137254901960784,0.03137254901960784,0.01,0.7349975043880663,8,0,64,247,0.03137254901960784,0.0,False,max_tpr_with_empirical_fpr_le_target,0.03137254901960784,0.03137254901960784,0.001,0.7349975043880663,8,0,64,247,0.03137254901960784,0.0,False,max_tpr_with_empirical_fpr_le_target,32,True,False,10.381644722843772,10.232771496766956,0.46875,GALLSTONE,GNB,dp,8.0,20
0.47689950980392154,0.057781862745098,255,64,0.0784313725490196,0.0784313725490196,0.1,0.44254339581944535,20,6,58,235,0.0784313725490196,0.09375,True,max_tpr_with_empirical_fpr_le_target,0.027450980392156862,0.027450980392156862,0.01,0.8217110964654806,7,0,64,248,0.027450980392156862,0.0,False,max_tpr_with_empirical_fpr_le_target,0.027450980392156862,0.027450980392156862,0.001,0.8217110964654806,7,0,64,248,0.027450980392156862,0.0,False,max_tpr_with_empirical_fpr_le_target,32,True,False,9.581374648225225,9.612746883128779,0.46875,GALLSTONE,GNB,dp,8.0,21
0.5114583333333333,0.0699754901960784,255,64,0.13725490196078433,0.13725490196078433,0.1,0.35934423890849887,35,6,58,220,0.13725490196078433,0.09375,True,max_tpr_with_empirical_fpr_le_target,0.0196078431372549,0.0196078431372549,0.01,0.9061106688598604,5,0,64,250,0.0196078431372549,0.0,False,max_tpr_with_empirical_fpr_le_target,0.0196078431372549,0.0196078431372549,0.001,0.9061106688598604,5,0,64,250,0.0196078431372549,0.0,False,max_tpr_with_empirical_fpr_le_target,32,True,False,9.508234615292913,9.816459202497176,0.46875,GALLSTONE,GNB,dp,8.0,22
0.4881740196078431,0.08137254901960789,255,64,0.09411764705882353,0.09411764705882353,0.1,0.40500551788531736,24,6,58,231,0.09411764705882353,0.09375,True,max_tpr_with_empirical_fpr_le_target,0.00784313725490196,0.00784313725490196,0.01,0.8966188699262378,2,0,64,253,0.00784313725490196,0.0,False,max_tpr_with_empirical_fpr_le_target,0.00784313725490196,0.00784313725490196,0.001,0.8966188699262378,2,0,64,253,0.00784313725490196,0.0,False,max_tpr_with_empirical_fpr_le_target,32,True,False,9.44861818993861,9.576656989162956,0.46875,GALLSTONE,GNB,dp,8.0,23
0.5572916666666665,0.1547794117647059,255,64,0.08235294117647059,0.08235294117647059,0.1,0.40389966220974394,21,6,58,234,0.08235294117647059,0.09375,True,max_tpr_with_empirical_fpr_le_target,0.0,0.0,0.01,inf,0,0,64,255,0.0,0.0,False,max_tpr_with_empirical_fpr_le_target,0.0,0.0,0.001,inf,0,0,64,255,0.0,0.0,False,max_tpr_with_empirical_fpr_le_target,32,True,False,8.789242447850684,8.76404029565295,0.46875,GALLSTONE,GNB,dp,8.0,24
0.5790441176470589,0.17113970588235294,255,64,0.047058823529411764,0.047058823529411764,0.1,0.5570366470251531,12,6,58,243,0.047058823529411764,0.09375,True,max_tpr_with_empirical_fpr_le_target,0.00392156862745098,0.00392156862745098,0.01,1.4016967499300623,1,0,64,254,0.00392156862745098,0.0,False,max_tpr_with_empirical_fpr_le_target,0.00392156862745098,0.00392156862745098,0.001,1.4016967499300623,1,0,64,254,0.00392156862745098,0.0,False,max_tpr_with_empirical_fpr_le_target,32,True,False,8.664350232059872,8.821056874602949,0.46875,GALLSTONE,GNB,dp,8.0,25
0.48394607843137255,0.04675245098039216,255,64,0.09803921568627451,0.09803921568627451,0.1,0.41462963623356774,25,6,58,230,0.09803921568627451,0.09375,True,max_tpr_with_empirical_fpr_le_target,0.027450980392156862,0.027450980392156862,0.01,0.7440414013552816,7,0,64,248,0.027450980392156862,0.0,False,max_tpr_with_empirical_fpr_le_target,0.027450980392156862,0.027450980392156862,0.001,0.7440414013552816,7,0,64,248,0.027450980392156862,0.0,False,max_tpr_with_empirical_fpr_le_target,32,True,False,9.444957477790757,9.272538477217678,0.46875,GALLSTONE,GNB,dp,8.0,26
0.5629289215686275,0.1740196078431373,255,64,0.15294117647058825,0.15294117647058825,0.1,0.3671932998637035,39,6,58,216,0.15294117647058825,0.09375,True,max_tpr_with_empirical_fpr_le_target,0.03529411764705882,0.03529411764705882,0.01,1.0258741119470578,9,0,64,246,0.03529411764705882,0.0,False,max_tpr_with_empirical_fpr_le_target,0.03529411764705882,0.03529411764705882,0.001,1.0258741119470578,9,0,64,246,0.03529411764705882,0.0,False,max_tpr_with_empirical_fpr_le_target,32,True,False,8.774517095747957,8.780171088131858,0.46875,GALLSTONE,GNB,dp,8.0,27
0.47500000000000003,0.06390931372549019,255,64,0.03529411764705882,0.03529411764705882,0.1,0.49122782023304,9,5,59,246,0.03529411764705882,0.078125,True,max_tpr_with_empirical_fpr_le_target,0.00392156862745098,0.00392156862745098,0.01,0.877526780005343,1,0,64,254,0.00392156862745098,0.0,False,max_tpr_with_empirical_fpr_le_target,0.00392156862745098,0.00392156862745098,0.001,0.877526780005343,1,0,64,254,0.00392156862745098,0.0,False,max_tpr_with_empirical_fpr_le_target,32,True,False,9.708556354896814,9.783458177487306,0.46875,GALLSTONE,GNB,dp,8.0,28
0.539889705882353,0.132046568627451,255,64,0.1803921568627451,0.1803921568627451,0.1,0.2859024597825375,46,6,58,209,0.1803921568627451,0.09375,True,max_tpr_with_empirical_fpr_le_target,0.00392156862745098,0.00392156862745098,0.01,1.3103371749053165,1,0,64,254,0.00392156862745098,0.0,False,max_tpr_with_empirical_fpr_le_target,0.00392156862745098,0.00392156862745098,0.001,1.3103371749053165,1,0,64,254,0.00392156862745098,0.0,False,max_tpr_with_empirical_fpr_le_target,32,True,False,9.20441915680641,9.25852216776308,0.46875,GALLSTONE,GNB,dp,8.0,29
0.5650735294117647,0.21678921568627452,255,64,0.17647058823529413,0.17647058823529413,0.1,0.12934719654552485,45,6,58,210,0.17647058823529413,0.09375,True,max_tpr_with_empirical_fpr_le_target,0.023529411764705882,0.023529411764705882,0.01,0.5928233623119121,6,0,64,249,0.023529411764705882,0.0,False,max_tpr_with_empirical_fpr_le_target,0.023529411764705882,0.023529411764705882,0.001,0.5928233623119121,6,0,64,249,0.023529411764705882,0.0,False,max_tpr_with_empirical_fpr_le_target,32,True,False,9.071628059593992,9.104971022600665,0.578125,GALLSTONE,GNB,dp,10.0,0
0.5933823529411765,0.2008578431372549,255,64,0.1803921568627451,0.1803921568627451,0.1,0.11057094202685525,46,6,58,209,0.1803921568627451,0.09375,True,max_tpr_with_empirical_fpr_le_target,0.047058823529411764,0.047058823529411764,0.01,0.4069548917359329,12,0,64,243,0.047058823529411764,0.0,False,max_tpr_with_empirical_fpr_le_target,0.047058823529411764,0.047058823529411764,0.001,0.4069548917359329,12,0,64,243,0.047058823529411764,0.0,False,max_tpr_with_empirical_fpr_le_target,32,True,False,9.163913743666082,9.27188961846283,0.578125,GALLSTONE,GNB,dp,10.0,1
0.5285539215686275,0.11078431372549019,255,64,0.10980392156862745,0.10980392156862745,0.1,0.1703446568911886,28,6,58,227,0.10980392156862745,0.09375,True,max_tpr_with_empirical_fpr_le_target,0.00392156862745098,0.00392156862745098,0.01,1.1901311729287785,1,0,64,254,0.00392156862745098,0.0,False,max_tpr_with_empirical_fpr_le_target,0.00392156862745098,0.00392156862745098,0.001,1.1901311729287785,1,0,64,254,0.00392156862745098,0.0,False,max_tpr_with_empirical_fpr_le_target,32,True,False,9.487328041850386,9.558395565146055,0.578125,GALLSTONE,GNB,dp,10.0,2
0.5449754901960785,0.15821078431372548,255,64,0.10980392156862745,0.10980392156862745,0.1,0.20507653270680226,28,5,59,227,0.10980392156862745,0.078125,True,max_tpr_with_empirical_fpr_le_target,0.0,0.0,0.01,inf,0,0,64,255,0.0,0.0,False,max_tpr_with_empirical_fpr_le_target,0.0,0.0,0.001,inf,0,0,64,255,0.0,0.0,False,max_tpr_with_empirical_fpr_le_target,32,True,False,9.95230133528571,9.876567857494743,0.578125,GALLSTONE,GNB,dp,10.0,3
0.4658088235294118,0.03265931372549019,255,64,0.0784313725490196,0.0784313725490196,0.1,0.27465698513037395,20,6,58,235,0.0784313725490196,0.09375,True,max_tpr_with_empirical_fpr_le_target,0.00392156862745098,0.00392156862745098,0.01,0.9115385285281907,1,0,64,254,0.00392156862745098,0.0,False,max_tpr_with_empirical_fpr_le_target,0.00392156862745098,0.00392156862745098,0.001,0.9115385285281907,1,0,64,254,0.00392156862745098,0.0,False,max_tpr_with_empirical_fpr_le_target,32,True,False,9.448790162312672,9.460678928153131,0.578125,GALLSTONE,GNB,dp,10.0,4
0.477328431372549,0.03026960784313726,255,64,0.027450980392156862,0.027450980392156862,0.1,0.39007399773178086,7,6,58,248,0.027450980392156862,0.09375,True,max_tpr_with_empirical_fpr_le_target,0.00392156862745098,0.00392156862745098,0.01,0.8603763231848109,1,0,64,254,0.00392156862745098,0.0,False,max_tpr_with_empirical_fpr_le_target,0.00392156862745098,0.00392156862745098,0.001,0.8603763231848109,1,0,64,254,0.00392156862745098,0.0,False,max_tpr_with_empirical_fpr_le_target,32,True,False,9.487536651805081,9.452523868751568,0.578125,GALLSTONE,GNB,dp,10.0,5
0.5131127450980393,0.07493872549019609,255,64,0.16470588235294117,0.16470588235294117,0.1,0.15620556868252722,42,6,58,213,0.16470588235294117,0.09375,True,max_tpr_with_empirical_fpr_le_target,0.0,0.0,0.01,inf,0,0,64,255,0.0,0.0,False,max_tpr_with_empirical_fpr_le_target,0.0,0.0,0.001,inf,0,0,64,255,0.0,0.0,False,max_tpr_with_empirical_fpr_le_target,32,True,False,9.53911928452033,9.550908207991299,0.578125,GALLSTONE,GNB,dp,10.0,6
0.4915441176470588,0.05625000000000002,255,64,0.06274509803921569,0.06274509803921569,0.1,0.39594526408457575,16,6,58,239,0.06274509803921569,0.09375,True,max_tpr_with_empirical_fpr_le_target,0.027450980392156862,0.027450980392156862,0.01,0.6800220078305621,7,0,64,248,0.027450980392156862,0.0,False,max_tpr_with_empirical_fpr_le_target,0.027450980392156862,0.027450980392156862,0.001,0.6800220078305621,7,0,64,248,0.027450980392156862,0.0,False,max_tpr_with_empirical_fpr_le_target,32,True,False,9.48637943138989,9.663930767145953,0.578125,GALLSTONE,GNB,dp,10.0,7
0.4513480392156862,0.03529411764705882,255,64,0.07450980392156863,0.07450980392156863,0.1,0.25665240393459055,19,6,58,236,0.07450980392156863,0.09375,True,max_tpr_with_empirical_fpr_le_target,0.03529411764705882,0.03529411764705882,0.01,0.5628680441574949,9,0,64,246,0.03529411764705882,0.0,False,max_tpr_with_empirical_fpr_le_target,0.03529411764705882,0.03529411764705882,0.001,0.5628680441574949,9,0,64,246,0.03529411764705882,0.0,False,max_tpr_with_empirical_fpr_le_target,32,True,False,8.892609059056877,8.984719190415207,0.578125,GALLSTONE,GNB,dp,10.0,8
0.491421568627451,0.0798406862745098,255,64,0.09803921568627451,0.09803921568627451,0.1,0.247566573227596,25,6,58,230,0.09803921568627451,0.09375,True,max_tpr_with_empirical_fpr_le_target,0.00392156862745098,0.00392156862745098,0.01,0.845972595034497,1,0,64,254,0.00392156862745098,0.0,False,max_tpr_with_empirical_fpr_le_target,0.00392156862745098,0.00392156862745098,0.001,0.845972595034497,1,0,64,254,0.00392156862745098,0.0,False,max_tpr_with_empirical_fpr_le_target,32,True,False,9.65985135194083,9.671441331215778,0.578125,GALLSTONE,GNB,dp,10.0,9
0.48860294117647063,0.07126225490196078,255,64,0.11764705882352941,0.11764705882352941,0.1,0.22782545037603796,30,6,58,225,0.11764705882352941,0.09375,True,max_tpr_with_empirical_fpr_le_target,0.0,0.0,0.01,inf,0,0,64,255,0.0,0.0,False,max_tpr_with_empirical_fpr_le_target,0.0,0.0,0.001,inf,0,0,64,255,0.0,0.0,False,max_tpr_with_empirical_fpr_le_target,32,True,False,9.223191707261705,9.185524175551281,0.578125,GALLSTONE,GNB,dp,10.0,10
0.4887254901960784,0.07071078431372549,255,64,0.13333333333333333,0.13333333333333333,0.1,0.17579356452458228,34,5,59,221,0.13333333333333333,0.078125,True,max_tpr_with_empirical_fpr_le_target,0.027450980392156862,0.027450980392156862,0.01,0.507847389730796,7,0,64,248,0.027450980392156862,0.0,False,max_tpr_with_empirical_fpr_le_target,0.027450980392156862,0.027450980392156862,0.001,0.507847389730796,7,0,64,248,0.027450980392156862,0.0,False,max_tpr_with_empirical_fpr_le_target,32,True,False,9.002935744877863,9.10462998836472,0.578125,GALLSTONE,GNB,dp,10.0,11
0.5132352941176471,0.062071078431372495,255,64,0.14901960784313725,0.14901960784313725,0.1,0.17662552810358179,38,6,58,217,0.14901960784313725,0.09375,True,max_tpr_with_empirical_fpr_le_target,0.0,0.0,0.01,inf,0,0,64,255,0.0,0.0,False,max_tpr_with_empirical_fpr_le_target,0.0,0.0,0.001,inf,0,0,64,255,0.0,0.0,False,max_tpr_with_empirical_fpr_le_target,32,True,False,8.942258867337937,9.038595971765698,0.578125,GALLSTONE,GNB,dp,10.0,12
0.4878063725490196,0.08259803921568629,255,64,0.16470588235294117,0.16470588235294117,0.1,0.17403198220270433,42,6,58,213,0.16470588235294117,0.09375,True,max_tpr_with_empirical_fpr_le_target,0.011764705882352941,0.011764705882352941,0.01,0.759307330224599,3,0,64,252,0.011764705882352941,0.0,False,max_tpr_with_empirical_fpr_le_target,0.011764705882352941,0.011764705882352941,0.001,0.759307330224599,3,0,64,252,0.011764705882352941,0.0,False,max_tpr_with_empirical_fpr_le_target,32,True,False,9.010318038065515,9.150161258449637,0.578125,GALLSTONE,GNB,dp,10.0,13
0.5068014705882353,0.09497549019607843,255,64,0.12549019607843137,0.12549019607843137,0.1,0.23699513082516166,32,6,58,223,0.12549019607843137,0.09375,True,max_tpr_with_empirical_fpr_le_target,0.01568627450980392,0.01568627450980392,0.01,0.7614695883675218,4,0,64,251,0.01568627450980392,0.0,False,max_tpr_with_empirical_fpr_le_target,0.01568627450980392,0.01568627450980392,0.001,0.7614695883675218,4,0,64,251,0.01568627450980392,0.0,False,max_tpr_with_empirical_fpr_le_target,32,True,False,9.845452068841679,9.784208718075753,0.578125,GALLSTONE,GNB,dp,10.0,14
0.44957107843137256,0.09160539215686275,255,64,0.0784313725490196,0.0784313725490196,0.1,0.27254424015614864,20,6,58,235,0.0784313725490196,0.09375,True,max_tpr_with_empirical_fpr_le_target,0.0,0.0,0.01,inf,0,0,64,255,0.0,0.0,False,max_tpr_with_empirical_fpr_le_target,0.0,0.0,0.001,inf,0,0,64,255,0.0,0.0,False,max_tpr_with_empirical_fpr_le_target,32,True,False,8.968728689315197,9.05967357085071,0.578125,GALLSTONE,GNB,dp,10.0,15
0.532843137254902,0.11593137254901964,255,64,0.054901960784313725,0.054901960784313725,0.1,0.3859555207810259,14,6,58,241,0.054901960784313725,0.09375,True,max_tpr_with_empirical_fpr_le_target,0.0,0.0,0.01,inf,0,0,64,255,0.0,0.0,False,max_tpr_with_empirical_fpr_le_target,0.0,0.0,0.001,inf,0,0,64,255,0.0,0.0,False,max_tpr_with_empirical_fpr_le_target,32,True,False,9.276299721375976,9.358628881380445,0.578125,GALLSTONE,GNB,dp,10.0,16
0.494485294117647,0.09932598039215684,255,64,0.09803921568627451,0.09803921568627451,0.1,0.32277890718305446,25,6,58,230,0.09803921568627451,0.09375,True,max_tpr_with_empirical_fpr_le_target,0.0196078431372549,0.0196078431372549,0.01,1.0946973229397194,5,0,64,250,0.0196078431372549,0.0,False,max_tpr_with_empirical_fpr_le_target,0.0196078431372549,0.0196078431372549,0.001,1.0946973229397194,5,0,64,250,0.0196078431372549,0.0,False,max_tpr_with_empirical_fpr_le_target,32,True,False,8.638398519747062,8.807915578493803,0.578125,GALLSTONE,GNB,dp,10.0,17
0.47640931372549017,0.05153186274509805,255,64,0.09411764705882353,0.09411764705882353,0.1,0.2789128155396243,24,6,58,231,0.09411764705882353,0.09375,True,max_tpr_with_empirical_fpr_le_target,0.00392156862745098,0.00392156862745098,0.01,0.8540860295358041,1,0,64,254,0.00392156862745098,0.0,False,max_tpr_with_empirical_fpr_le_target,0.00392156862745098,0.00392156862745098,0.001,0.8540860295358041,1,0,64,254,0.00392156862745098,0.0,False,max_tpr_with_empirical_fpr_le_target,32,True,False,9.35333926121608,9.29432434025586,0.578125,GALLSTONE,GNB,dp,10.0,18
0.5138480392156862,0.07536764705882354,255,64,0.14901960784313725,0.14901960784313725,0.1,0.17268040032322185,38,6,58,217,0.14901960784313725,0.09375,True,max_tpr_with_empirical_fpr_le_target,0.0,0.0,0.01,inf,0,0,64,255,0.0,0.0,False,max_tpr_with_empirical_fpr_le_target,0.0,0.0,0.001,inf,0,0,64,255,0.0,0.0,False,max_tpr_with_empirical_fpr_le_target,32,True,False,8.93934977687802,8.989041338860252,0.578125,GALLSTONE,GNB,dp,10.0,19
0.5154411764705882,0.09197303921568623,255,64,0.11372549019607843,0.11372549019607843,0.1,0.19266290277717024,29,6,58,226,0.11372549019607843,0.09375,True,max_tpr_with_empirical_fpr_le_target,0.0,0.0,0.01,inf,0,0,64,255,0.0,0.0,False,max_tpr_with_empirical_fpr_le_target,0.0,0.0,0.001,inf,0,0,64,255,0.0,0.0,False,max_tpr_with_empirical_fpr_le_target,32,True,False,9.565584530198691,9.50179211800866,0.578125,GALLSTONE,GNB,dp,10.0,20
0.47689950980392154,0.020955882352941158,255,64,0.050980392156862744,0.050980392156862744,0.1,0.2696133578220823,13,6,58,242,0.050980392156862744,0.09375,True,max_tpr_with_empirical_fpr_le_target,0.0196078431372549,0.0196078431372549,0.01,0.4694315233300914,5,0,64,250,0.0196078431372549,0.0,False,max_tpr_with_empirical_fpr_le_target,0.0196078431372549,0.0196078431372549,0.001,0.4694315233300914,5,0,64,250,0.0196078431372549,0.0,False,max_tpr_with_empirical_fpr_le_target,32,True,False,9.676589538906702,9.824825731594082,0.578125,GALLSTONE,GNB,dp,10.0,21
0.5012867647058823,0.05263480392156861,255,64,0.12549019607843137,0.12549019607843137,0.1,0.17294720779182704,32,6,58,223,0.12549019607843137,0.09375,True,max_tpr_with_empirical_fpr_le_target,0.047058823529411764,0.047058823529411764,0.01,0.3313322784398838,12,0,64,243,0.047058823529411764,0.0,False,max_tpr_with_empirical_fpr_le_target,0.047058823529411764,0.047058823529411764,0.001,0.3313322784398838,12,0,64,243,0.047058823529411764,0.0,False,max_tpr_with_empirical_fpr_le_target,32,True,False,9.977952975604175,10.040316227008645,0.578125,GALLSTONE,GNB,dp,10.0,22
0.4690563725490196,0.07886029411764706,255,64,0.09019607843137255,0.09019607843137255,0.1,0.22600741109050393,23,5,59,232,0.09019607843137255,0.078125,True,max_tpr_with_empirical_fpr_le_target,0.0,0.0,0.01,inf,0,0,64,255,0.0,0.0,False,max_tpr_with_empirical_fpr_le_target,0.0,0.0,0.001,inf,0,0,64,255,0.0,0.0,False,max_tpr_with_empirical_fpr_le_target,32,True,False,10.463306801275662,10.40625241655114,0.578125,GALLSTONE,GNB,dp,10.0,23
0.4790441176470588,0.06378676470588235,255,64,0.11764705882352941,0.11764705882352941,0.1,0.17398196238481844,30,6,58,225,0.11764705882352941,0.09375,True,max_tpr_with_empirical_fpr_le_target,0.00784313725490196,0.00784313725490196,0.01,1.117777695977423,2,0,64,253,0.00784313725490196,0.0,False,max_tpr_with_empirical_fpr_le_target,0.00784313725490196,0.00784313725490196,0.001,1.117777695977423,2,0,64,253,0.00784313725490196,0.0,False,max_tpr_with_empirical_fpr_le_target,32,True,False,8.910296102417199,9.048785205604553,0.578125,GALLSTONE,GNB,dp,10.0,24
0.4988357843137255,0.061580882352941124,255,64,0.09411764705882353,0.09411764705882353,0.1,0.20709176940485552,24,6,58,231,0.09411764705882353,0.09375,True,max_tpr_with_empirical_fpr_le_target,0.00784313725490196,0.00784313725490196,0.01,0.9793914197519888,2,0,64,253,0.00784313725490196,0.0,False,max_tpr_with_empirical_fpr_le_target,0.00784313725490196,0.00784313725490196,0.001,0.9793914197519888,2,0,64,253,0.00784313725490196,0.0,False,max_tpr_with_empirical_fpr_le_target,32,True,False,8.837223410484631,8.797189207190915,0.578125,GALLSTONE,GNB,dp,10.0,25
0.47935049019607845,0.08308823529411763,255,64,0.03529411764705882,0.03529411764705882,0.1,0.3276478471023254,9,4,60,246,0.03529411764705882,0.0625,True,max_tpr_with_empirical_fpr_le_target,0.0,0.0,0.01,inf,0,0,64,255,0.0,0.0,False,max_tpr_with_empirical_fpr_le_target,0.0,0.0,0.001,inf,0,0,64,255,0.0,0.0,False,max_tpr_with_empirical_fpr_le_target,32,True,False,9.076833488626624,9.112842721886285,0.578125,GALLSTONE,GNB,dp,10.0,26
0.5193627450980391,0.07886029411764706,255,64,0.17254901960784313,0.17254901960784313,0.1,0.11793687730074298,44,6,58,211,0.17254901960784313,0.09375,True,max_tpr_with_empirical_fpr_le_target,0.043137254901960784,0.043137254901960784,0.01,0.40854885308697053,11,0,64,244,0.043137254901960784,0.0,False,max_tpr_with_empirical_fpr_le_target,0.043137254901960784,0.043137254901960784,0.001,0.40854885308697053,11,0,64,244,0.043137254901960784,0.0,False,max_tpr_with_empirical_fpr_le_target,32,True,False,9.628582905148093,9.613953017870635,0.578125,GALLSTONE,GNB,dp,10.0,27
0.5397671568627451,0.11207107843137254,255,64,0.10588235294117647,0.10588235294117647,0.1,0.20643308284909434,27,6,58,228,0.10588235294117647,0.09375,True,max_tpr_with_empirical_fpr_le_target,0.043137254901960784,0.043137254901960784,0.01,0.5422667733795454,11,0,64,244,0.043137254901960784,0.0,False,max_tpr_with_empirical_fpr_le_target,0.043137254901960784,0.043137254901960784,0.001,0.5422667733795454,11,0,64,244,0.043137254901960784,0.0,False,max_tpr_with_empirical_fpr_le_target,32,True,False,9.669524967515327,9.861602175411498,0.578125,GALLSTONE,GNB,dp,10.0,28
0.45447303921568627,0.0351102941176471,255,64,0.06274509803921569,0.06274509803921569,0.1,0.23574904645864692,16,6,58,239,0.06274509803921569,0.09375,True,max_tpr_with_empirical_fpr_le_target,0.00392156862745098,0.00392156862745098,0.01,1.045243614817989,1,0,64,254,0.00392156862745098,0.0,False,max_tpr_with_empirical_fpr_le_target,0.00392156862745098,0.00392156862745098,0.001,1.045243614817989,1,0,64,254,0.00392156862745098,0.0,False,max_tpr_with_empirical_fpr_le_target,32,True,False,9.17912622744244,9.255390829548626,0.578125,GALLSTONE,GNB,dp,10.0,29
0.7105392156862744,0.3263480392156862,255,64,0.35294117647058826,0.35294117647058826,0.1,0.5376281831826312,90,6,58,165,0.35294117647058826,0.09375,True,max_tpr_with_empirical_fpr_le_target,0.023529411764705882,0.023529411764705882,0.01,3.250403679313016,6,0,64,249,0.023529411764705882,0.0,False,max_tpr_with_empirical_fpr_le_target,0.023529411764705882,0.023529411764705882,0.001,3.250403679313016,6,0,64,249,0.023529411764705882,0.0,False,max_tpr_with_empirical_fpr_le_target,32,True,False,0.4952995876968234,0.5547554343306081,0.78125,GALLSTONE,SVM,standard,,0
0.7039828431372548,0.319546568627451,255,64,0.33725490196078434,0.33725490196078434,0.1,0.5060968996668458,86,6,58,169,0.33725490196078434,0.09375,True,max_tpr_with_empirical_fpr_le_target,0.07058823529411765,0.07058823529411765,0.01,1.6104896910025988,18,0,64,237,0.07058823529411765,0.0,False,max_tpr_with_empirical_fpr_le_target,0.07058823529411765,0.07058823529411765,0.001,1.6104896910025988,18,0,64,237,0.07058823529411765,0.0,False,max_tpr_with_empirical_fpr_le_target,32,True,False,0.5290921232331897,0.5881152465348884,0.78125,GALLSTONE,SVM,standard,,1
0.7001838235294118,0.3075367647058823,255,64,0.37254901960784315,0.37254901960784315,0.1,0.5246391407134308,95,6,58,160,0.37254901960784315,0.09375,True,max_tpr_with_empirical_fpr_le_target,0.16470588235294117,0.16470588235294117,0.01,1.2126790055599095,42,0,64,213,0.16470588235294117,0.0,False,max_tpr_with_empirical_fpr_le_target,0.16470588235294117,0.16470588235294117,0.001,1.2126790055599095,42,0,64,213,0.16470588235294117,0.0,False,max_tpr_with_empirical_fpr_le_target,32,True,False,0.48787221970585326,0.5621715948919193,0.78125,GALLSTONE,SVM,standard,,2
0.6920955882352942,0.29528186274509804,255,64,0.32941176470588235,0.32941176470588235,0.1,0.5657246385802746,84,6,58,171,0.32941176470588235,0.09375,True,max_tpr_with_empirical_fpr_le_target,0.08235294117647059,0.08235294117647059,0.01,1.4950735844683052,21,0,64,234,0.08235294117647059,0.0,False,max_tpr_with_empirical_fpr_le_target,0.08235294117647059,0.08235294117647059,0.001,1.4950735844683052,21,0,64,234,0.08235294117647059,0.0,False,max_tpr_with_empirical_fpr_le_target,32,True,False,0.534817616347474,0.6107843830109184,0.78125,GALLSTONE,SVM,standard,,3
0.6879901960784314,0.3469362745098039,255,64,0.3176470588235294,0.3176470588235294,0.1,0.5672932286655261,81,6,58,174,0.3176470588235294,0.09375,True,max_tpr_with_empirical_fpr_le_target,0.0196078431372549,0.0196078431372549,0.01,2.7102221159075888,5,0,64,250,0.0196078431372549,0.0,False,max_tpr_with_empirical_fpr_le_target,0.0196078431372549,0.0196078431372549,0.001,2.7102221159075888,5,0,64,250,0.0196078431372549,0.0,False,max_tpr_with_empirical_fpr_le_target,32,True,False,0.5539328679928035,0.6117163850458048,0.78125,GALLSTONE,SVM,standard,,4
0.669607843137255,0.25735294117647056,255,64,0.30196078431372547,0.30196078431372547,0.1,0.592006866166289,77,6,58,178,0.30196078431372547,0.09375,True,max_tpr_with_empirical_fpr_le_target,0.047058823529411764,0.047058823529411764,0.01,2.367194059903614,12,0,64,243,0.047058823529411764,0.0,False,max_tpr_with_empirical_fpr_le_target,0.047058823529411764,0.047058823529411764,0.001,2.367194059903614,12,0,64,243,0.047058823529411764,0.0,False,max_tpr_with_empirical_fpr_le_target,32,True,False,0.5136306975221323,0.5859916306651239,0.78125,GALLSTONE,SVM,standard,,5
0.7151960784313726,0.34240196078431373,255,64,0.32941176470588235,0.32941176470588235,0.1,0.5847698656237537,84,6,58,171,0.32941176470588235,0.09375,True,max_tpr_with_empirical_fpr_le_target,0.08235294117647059,0.08235294117647059,0.01,1.9198192925993527,21,0,64,234,0.08235294117647059,0.0,False,max_tpr_with_empirical_fpr_le_target,0.08235294117647059,0.08235294117647059,0.001,1.9198192925993527,21,0,64,234,0.08235294117647059,0.0,False,max_tpr_with_empirical_fpr_le_target,32,True,False,0.4825500278797023,0.5479657668673045,0.78125,GALLSTONE,SVM,standard,,6
0.6639093137254901,0.2677083333333333,255,64,0.2549019607843137,0.2549019607843137,0.1,0.7660686649029654,65,5,59,190,0.2549019607843137,0.078125,True,max_tpr_with_empirical_fpr_le_target,0.03529411764705882,0.03529411764705882,0.01,2.849145806686952,9,0,64,246,0.03529411764705882,0.0,False,max_tpr_with_empirical_fpr_le_target,0.03529411764705882,0.03529411764705882,0.001,2.849145806686952,9,0,64,246,0.03529411764705882,0.0,False,max_tpr_with_empirical_fpr_le_target,32,True,False,0.5240080123966518,0.6161236190289666,0.78125,GALLSTONE,SVM,standard,,7
0.6766544117647058,0.26488970588235294,255,64,0.3215686274509804,0.3215686274509804,0.1,0.5967253114310834,82,6,58,173,0.3215686274509804,0.09375,True,max_tpr_with_empirical_fpr_le_target,0.0784313725490196,0.0784313725490196,0.01,1.7840488079982522,20,0,64,235,0.0784313725490196,0.0,False,max_tpr_with_empirical_fpr_le_target,0.0784313725490196,0.0784313725490196,0.001,1.7840488079982522,20,0,64,235,0.0784313725490196,0.0,False,max_tpr_with_empirical_fpr_le_target,32,True,False,0.5204700242114694,0.5868239835017396,0.78125,GALLSTONE,SVM,standard,,8
0.6808210784313726,0.3069852941176471,255,64,0.25882352941176473,0.25882352941176473,0.1,0.7582370435975548,66,6,58,189,0.25882352941176473,0.09375,True,max_tpr_with_empirical_fpr_le_target,0.07058823529411765,0.07058823529411765,0.01,1.8362342722216844,18,0,64,237,0.07058823529411765,0.0,False,max_tpr_with_empirical_fpr_le_target,0.07058823529411765,0.07058823529411765,0.001,1.8362342722216844,18,0,64,237,0.07058823529411765,0.0,False,max_tpr_with_empirical_fpr_le_target,32,True,False,0.5250861762113964,0.5748977235761962,0.78125,GALLSTONE,SVM,standard,,9
0.6990196078431372,0.31948529411764703,255,64,0.37254901960784315,0.37254901960784315,0.1,0.43127558207017425,95,6,58,160,0.37254901960784315,0.09375,True,max_tpr_with_empirical_fpr_le_target,0.0784313725490196,0.0784313725490196,0.01,1.7283356512823516,20,0,64,235,0.0784313725490196,0.0,False,max_tpr_with_empirical_fpr_le_target,0.0784313725490196,0.0784313725490196,0.001,1.7283356512823516,20,0,64,235,0.0784313725490196,0.0,False,max_tpr_with_empirical_fpr_le_target,32,True,False,0.5388376991186606,0.5982436817362258,0.78125,GALLSTONE,SVM,standard,,10
0.7074142156862745,0.30637254901960786,255,64,0.3764705882352941,0.3764705882352941,0.1,0.4594148665352116,96,6,58,159,0.3764705882352941,0.09375,True,max_tpr_with_empirical_fpr_le_target,0.03137254901960784,0.03137254901960784,0.01,2.654730589934414,8,0,64,247,0.03137254901960784,0.0,False,max_tpr_with_empirical_fpr_le_target,0.03137254901960784,0.03137254901960784,0.001,2.654730589934414,8,0,64,247,0.03137254901960784,0.0,False,max_tpr_with_empirical_fpr_le_target,32,True,False,0.5292701633945566,0.5916680492748947,0.78125,GALLSTONE,SVM,standard,,11
0.6956495098039215,0.3107843137254902,255,64,0.23921568627450981,0.23921568627450981,0.1,0.7606659288820437,61,6,58,194,0.23921568627450981,0.09375,True,max_tpr_with_empirical_fpr_le_target,0.0196078431372549,0.0196078431372549,0.01,3.4959912790900063,5,0,64,250,0.0196078431372549,0.0,False,max_tpr_with_empirical_fpr_le_target,0.0196078431372549,0.0196078431372549,0.001,3.4959912790900063,5,0,64,250,0.0196078431372549,0.0,False,max_tpr_with_empirical_fpr_le_target,32,True,False,0.5301669856866099,0.5945408352184417,0.78125,GALLSTONE,SVM,standard,,12
0.685906862745098,0.3159313725490196,255,64,0.29411764705882354,0.29411764705882354,0.1,0.6640560849370774,75,5,59,180,0.29411764705882354,0.078125,True,max_tpr_with_empirical_fpr_le_target,0.047058823529411764,0.047058823529411764,0.01,2.3850315733699743,12,0,64,243,0.047058823529411764,0.0,False,max_tpr_with_empirical_fpr_le_target,0.047058823529411764,0.047058823529411764,0.001,2.3850315733699743,12,0,64,243,0.047058823529411764,0.0,False,max_tpr_with_empirical_fpr_le_target,32,True,False,0.49727595267004493,0.551845452256038,0.78125,GALLSTONE,SVM,standard,,13
0.7275735294117647,0.34932598039215684,255,64,0.43529411764705883,0.43529411764705883,0.1,0.4041350697146112,111,6,58,144,0.43529411764705883,0.09375,True,max_tpr_with_empirical_fpr_le_target,0.15294117647058825,0.15294117647058825,0.01,1.1537950151659049,39,0,64,216,0.15294117647058825,0.0,False,max_tpr_with_empirical_fpr_le_target,0.15294117647058825,0.15294117647058825,0.001,1.1537950151659049,39,0,64,216,0.15294117647058825,0.0,False,max_tpr_with_empirical_fpr_le_target,32,True,False,0.5075134765107062,0.5803263200175598,0.78125,GALLSTONE,SVM,standard,,14
0.7074754901960785,0.3261642156862745,255,64,0.3568627450980392,0.3568627450980392,0.1,0.5851787128340129,91,6,58,164,0.3568627450980392,0.09375,True,max_tpr_with_empirical_fpr_le_target,0.1568627450980392,0.1568627450980392,0.01,1.1784594068773402,40,0,64,215,0.1568627450980392,0.0,False,max_tpr_with_empirical_fpr_le_target,0.1568627450980392,0.1568627450980392,0.001,1.1784594068773402,40,0,64,215,0.1568627450980392,0.0,False,max_tpr_with_empirical_fpr_le_target,32,True,False,0.48605174800236206,0.5566518491531199,0.78125,GALLSTONE,SVM,standard,,15
0.6704044117647059,0.2688725490196079,255,64,0.3137254901960784,0.3137254901960784,0.1,0.5877520030889641,80,5,59,175,0.3137254901960784,0.078125,True,max_tpr_with_empirical_fpr_le_target,0.03529411764705882,0.03529411764705882,0.01,2.948191233960542,9,0,64,246,0.03529411764705882,0.0,False,max_tpr_with_empirical_fpr_le_target,0.03529411764705882,0.03529411764705882,0.001,2.948191233960542,9,0,64,246,0.03529411764705882,0.0,False,max_tpr_with_empirical_fpr_le_target,32,True,False,0.538880369669696,0.5993752760484816,0.78125,GALLSTONE,SVM,standard,,16
0.7311274509803922,0.37015931372549016,255,64,0.42745098039215684,0.42745098039215684,0.1,0.42311613772983514,109,6,58,146,0.42745098039215684,0.09375,True,max_tpr_with_empirical_fpr_le_target,0.058823529411764705,0.058823529411764705,0.01,2.085453673659015,15,0,64,240,0.058823529411764705,0.0,False,max_tpr_with_empirical_fpr_le_target,0.058823529411764705,0.058823529411764705,0.001,2.085453673659015,15,0,64,240,0.058823529411764705,0.0,False,max_tpr_with_empirical_fpr_le_target,32,True,False,0.49472150122414066,0.5654671164728918,0.78125,GALLSTONE,SVM,standard,,17
0.6771446078431373,0.2959558823529411,255,64,0.21568627450980393,0.21568627450980393,0.1,0.8003148563527436,55,6,58,200,0.21568627450980393,0.09375,True,max_tpr_with_empirical_fpr_le_target,0.06274509803921569,0.06274509803921569,0.01,1.8797483218598616,16,0,64,239,0.06274509803921569,0.0,False,max_tpr_with_empirical_fpr_le_target,0.06274509803921569,0.06274509803921569,0.001,1.8797483218598616,16,0,64,239,0.06274509803921569,0.0,False,max_tpr_with_empirical_fpr_le_target,32,True,False,0.5374067883842912,0.6040566348514304,0.78125,GALLSTONE,SVM,standard,,18
0.6805759803921568,0.25582107843137253,255,64,0.30980392156862746,0.30980392156862746,0.1,0.6433691495110663,79,6,58,176,0.30980392156862746,0.09375,True,max_tpr_with_empirical_fpr_le_target,0.11372549019607843,0.11372549019607843,0.01,1.5816123073734616,29,0,64,226,0.11372549019607843,0.0,False,max_tpr_with_empirical_fpr_le_target,0.11372549019607843,0.11372549019607843,0.001,1.5816123073734616,29,0,64,226,0.11372549019607843,0.0,False,max_tpr_with_empirical_fpr_le_target,32,True,False,0.47941915158743426,0.5427601980923713,0.78125,GALLSTONE,SVM,standard,,19
0.7097426470588235,0.31151960784313726,255,64,0.28627450980392155,0.28627450980392155,0.1,0.7509627110989161,73,5,59,182,0.28627450980392155,0.078125,True,max_tpr_with_empirical_fpr_le_target,0.047058823529411764,0.047058823529411764,0.01,2.319276269173582,12,0,64,243,0.047058823529411764,0.0,False,max_tpr_with_empirical_fpr_le_target,0.047058823529411764,0.047058823529411764,0.001,2.319276269173582,12,0,64,243,0.047058823529411764,0.0,False,max_tpr_with_empirical_fpr_le_target,32,True,False,0.4749810047498588,0.5196024764012189,0.78125,GALLSTONE,SVM,standard,,20
0.6920343137254902,0.29889705882352946,255,64,0.29411764705882354,0.29411764705882354,0.1,0.6466921759561022,75,6,58,180,0.29411764705882354,0.09375,True,max_tpr_with_empirical_fpr_le_target,0.06274509803921569,0.06274509803921569,0.01,2.0035667389053153,16,0,64,239,0.06274509803921569,0.0,False,max_tpr_with_empirical_fpr_le_target,0.06274509803921569,0.06274509803921569,0.001,2.0035667389053153,16,0,64,239,0.06274509803921569,0.0,False,max_tpr_with_empirical_fpr_le_target,32,True,False,0.5187559471502462,0.5850843109039454,0.78125,GALLSTONE,SVM,standard,,21
0.6897058823529412,0.3193627450980392,255,64,0.22745098039215686,0.22745098039215686,0.1,0.786079502135413,58,5,59,197,0.22745098039215686,0.078125,True,max_tpr_with_empirical_fpr_le_target,0.10588235294117647,0.10588235294117647,0.01,1.4526394172721373,27,0,64,228,0.10588235294117647,0.0,False,max_tpr_with_empirical_fpr_le_target,0.10588235294117647,0.10588235294117647,0.001,1.4526394172721373,27,0,64,228,0.10588235294117647,0.0,False,max_tpr_with_empirical_fpr_le_target,32,True,False,0.5213273120243785,0.5797090935600239,0.78125,GALLSTONE,SVM,standard,,22
0.6958946078431372,0.3154411764705882,255,64,0.2980392156862745,0.2980392156862745,0.1,0.5842104061093506,76,6,58,179,0.2980392156862745,0.09375,True,max_tpr_with_empirical_fpr_le_target,0.06274509803921569,0.06274509803921569,0.01,2.0246515144016373,16,0,64,239,0.06274509803921569,0.0,False,max_tpr_with_empirical_fpr_le_target,0.06274509803921569,0.06274509803921569,0.001,2.0246515144016373,16,0,64,239,0.06274509803921569,0.0,False,max_tpr_with_empirical_fpr_le_target,32,True,False,0.4640074965373219,0.530911353138189,0.78125,GALLSTONE,SVM,standard,,23
0.7009803921568628,0.3780024509803922,255,64,0.20784313725490197,0.20784313725490197,0.1,0.8552407355342015,53,6,58,202,0.20784313725490197,0.09375,True,max_tpr_with_empirical_fpr_le_target,0.054901960784313725,0.054901960784313725,0.01,2.2289628556580454,14,0,64,241,0.054901960784313725,0.0,False,max_tpr_with_empirical_fpr_le_target,0.054901960784313725,0.054901960784313725,0.001,2.2289628556580454,14,0,64,241,0.054901960784313725,0.0,False,max_tpr_with_empirical_fpr_le_target,32,True,False,0.5187881634713937,0.5724732606864977,0.78125,GALLSTONE,SVM,standard,,24
0.7172794117647059,0.3113970588235294,255,64,0.37254901960784315,0.37254901960784315,0.1,0.4930753072279608,95,6,58,160,0.37254901960784315,0.09375,True,max_tpr_with_empirical_fpr_le_target,0.09019607843137255,0.09019607843137255,0.01,1.3008842128104137,23,0,64,232,0.09019607843137255,0.0,False,max_tpr_with_empirical_fpr_le_target,0.09019607843137255,0.09019607843137255,0.001,1.3008842128104137,23,0,64,232,0.09019607843137255,0.0,False,max_tpr_with_empirical_fpr_le_target,32,True,False,0.5394961846646446,0.6003199930129653,0.78125,GALLSTONE,SVM,standard,,25
0.6895833333333332,0.30428921568627454,255,64,0.2901960784313726,0.2901960784313726,0.1,0.7764874043561881,74,6,58,181,0.2901960784313726,0.09375,True,max_tpr_with_empirical_fpr_le_target,0.08627450980392157,0.08627450980392157,0.01,1.754114935986531,22,0,64,233,0.08627450980392157,0.0,False,max_tpr_with_empirical_fpr_le_target,0.08627450980392157,0.08627450980392157,0.001,1.754114935986531,22,0,64,233,0.08627450980392157,0.0,False,max_tpr_with_empirical_fpr_le_target,32,True,False,0.49228476166658935,0.5560655391803296,0.78125,GALLSTONE,SVM,standard,,26
0.6881127450980391,0.28376225490196083,255,64,0.2980392156862745,0.2980392156862745,0.1,0.6917992153155204,76,5,59,179,0.2980392156862745,0.078125,True,max_tpr_with_empirical_fpr_le_target,0.1411764705882353,0.1411764705882353,0.01,1.1128200915094766,36,0,64,219,0.1411764705882353,0.0,False,max_tpr_with_empirical_fpr_le_target,0.1411764705882353,0.1411764705882353,0.001,1.1128200915094766,36,0,64,219,0.1411764705882353,0.0,False,max_tpr_with_empirical_fpr_le_target,32,True,False,0.5179525859606111,0.5792516662354361,0.78125,GALLSTONE,SVM,standard,,27
0.6941176470588235,0.2990196078431373,255,64,0.2784313725490196,0.2784313725490196,0.1,0.6977350395961801,71,6,58,184,0.2784313725490196,0.09375,True,max_tpr_with_empirical_fpr_le_target,0.10196078431372549,0.10196078431372549,0.01,1.3436959255516294,26,0,64,229,0.10196078431372549,0.0,False,max_tpr_with_empirical_fpr_le_target,0.10196078431372549,0.10196078431372549,0.001,1.3436959255516294,26,0,64,229,0.10196078431372549,0.0,False,max_tpr_with_empirical_fpr_le_target,32,True,False,0.5383401900135099,0.60362678116289,0.78125,GALLSTONE,SVM,standard,,28
0.6748774509803921,0.2953431372549019,255,64,0.3058823529411765,0.3058823529411765,0.1,0.6170901977091878,78,6,58,177,0.3058823529411765,0.09375,True,max_tpr_with_empirical_fpr_le_target,0.0784313725490196,0.0784313725490196,0.01,1.9413209810098206,20,0,64,235,0.0784313725490196,0.0,False,max_tpr_with_empirical_fpr_le_target,0.0784313725490196,0.0784313725490196,0.001,1.9413209810098206,20,0,64,235,0.0784313725490196,0.0,False,max_tpr_with_empirical_fpr_le_target,32,True,False,0.49909295820407557,0.5512713179161646,0.78125,GALLSTONE,SVM,standard,,29
0.4485906862745098,0.018750000000000044,255,64,0.0784313725490196,0.0784313725490196,0.1,0.4543516521130515,20,6,58,235,0.0784313725490196,0.09375,True,max_tpr_with_empirical_fpr_le_target,0.00784313725490196,0.00784313725490196,0.01,1.0392771092383928,2,0,64,253,0.00784313725490196,0.0,False,max_tpr_with_empirical_fpr_le_target,0.00784313725490196,0.00784313725490196,0.001,1.0392771092383928,2,0,64,253,0.00784313725490196,0.0,False,max_tpr_with_empirical_fpr_le_target,32,True,False,9.028998276101383,8.938778403425886,0.40625,GALLSTONE,SVM,dp,0.1,0
0.4699142156862745,0.03578431372549021,255,64,0.043137254901960784,0.043137254901960784,0.1,0.5346147270162085,11,6,58,244,0.043137254901960784,0.09375,True,max_tpr_with_empirical_fpr_le_target,0.011764705882352941,0.011764705882352941,0.01,0.8786734440754587,3,0,64,252,0.011764705882352941,0.0,False,max_tpr_with_empirical_fpr_le_target,0.011764705882352941,0.011764705882352941,0.001,0.8786734440754587,3,0,64,252,0.011764705882352941,0.0,False,max_tpr_with_empirical_fpr_le_target,32,True,False,8.649953325620134,8.72090647099237,0.40625,GALLSTONE,SVM,dp,0.1,1
0.4715686274509804,0.029595588235294068,255,64,0.10588235294117647,0.10588235294117647,0.1,0.34230772997791625,27,6,58,228,0.10588235294117647,0.09375,True,max_tpr_with_empirical_fpr_le_target,0.00784313725490196,0.00784313725490196,0.01,0.882289784374743,2,0,64,253,0.00784313725490196,0.0,False,max_tpr_with_empirical_fpr_le_target,0.00784313725490196,0.00784313725490196,0.001,0.882289784374743,2,0,64,253,0.00784313725490196,0.0,False,max_tpr_with_empirical_fpr_le_target,32,True,False,8.166615719513421,8.385590967572018,0.40625,GALLSTONE,SVM,dp,0.1,2
0.508639705882353,0.09712009803921573,255,64,0.10196078431372549,0.10196078431372549,0.1,0.4533945749077599,26,6,58,229,0.10196078431372549,0.09375,True,max_tpr_with_empirical_fpr_le_target,0.00392156862745098,0.00392156862745098,0.01,1.269344903119939,1,0,64,254,0.00392156862745098,0.0,False,max_tpr_with_empirical_fpr_le_target,0.00392156862745098,0.00392156862745098,0.001,1.269344903119939,1,0,64,254,0.00392156862745098,0.0,False,max_tpr_with_empirical_fpr_le_target,32,True,False,8.84068974445335,8.865832154371171,0.40625,GALLSTONE,SVM,dp,0.1,3
0.4630514705882353,0.06703431372549021,255,64,0.1607843137254902,0.1607843137254902,0.1,0.3178856668735621,41,6,58,214,0.1607843137254902,0.09375,True,max_tpr_with_empirical_fpr_le_target,0.03137254901960784,0.03137254901960784,0.01,0.9509978207055587,8,0,64,247,0.03137254901960784,0.0,False,max_tpr_with_empirical_fpr_le_target,0.03137254901960784,0.03137254901960784,0.001,0.9509978207055587,8,0,64,247,0.03137254901960784,0.0,False,max_tpr_with_empirical_fpr_le_target,32,True,False,8.02956465376195,7.88250243044542,0.40625,GALLSTONE,SVM,dp,0.1,4
0.4735906862745098,0.0533088235294118,255,64,0.07450980392156863,0.07450980392156863,0.1,0.41295896377674435,19,5,59,236,0.07450980392156863,0.078125,True,max_tpr_with_empirical_fpr_le_target,0.0196078431372549,0.0196078431372549,0.01,0.8456221165249929,5,0,64,250,0.0196078431372549,0.0,False,max_tpr_with_empirical_fpr_le_target,0.0196078431372549,0.0196078431372549,0.001,0.8456221165249929,5,0,64,250,0.0196078431372549,0.0,False,max_tpr_with_empirical_fpr_le_target,32,True,False,8.730748556519131,8.811393777906437,0.40625,GALLSTONE,SVM,dp,0.1,5
0.4696691176470588,0.020833333333333315,255,64,0.10980392156862745,0.10980392156862745,0.1,0.3734235559181682,28,6,58,227,0.10980392156862745,0.09375,True,max_tpr_with_empirical_fpr_le_target,0.01568627450980392,0.01568627450980392,0.01,0.7570621418939871,4,0,64,251,0.01568627450980392,0.0,False,max_tpr_with_empirical_fpr_le_target,0.01568627450980392,0.01568627450980392,0.001,0.7570621418939871,4,0,64,251,0.01568627450980392,0.0,False,max_tpr_with_empirical_fpr_le_target,32,True,False,8.207830999890458,8.237179904551882,0.40625,GALLSTONE,SVM,dp,0.1,6
0.46550245098039217,0.034007352941176516,255,64,0.06666666666666667,0.06666666666666667,0.1,0.4874844926239481,17,6,58,238,0.06666666666666667,0.09375,True,max_tpr_with_empirical_fpr_le_target,0.011764705882352941,0.011764705882352941,0.01,1.2201041932333614,3,0,64,252,0.011764705882352941,0.0,False,max_tpr_with_empirical_fpr_le_target,0.011764705882352941,0.011764705882352941,0.001,1.2201041932333614,3,0,64,252,0.011764705882352941,0.0,False,max_tpr_with_empirical_fpr_le_target,32,True,False,7.96412223058699,8.007424800794466,0.40625,GALLSTONE,SVM,dp,0.1,7
0.5119485294117647,0.07113970588235294,255,64,0.12941176470588237,0.12941176470588237,0.1,0.27522777369307017,33,5,59,222,0.12941176470588237,0.078125,True,max_tpr_with_empirical_fpr_le_target,0.027450980392156862,0.027450980392156862,0.01,0.5887183471501309,7,0,64,248,0.027450980392156862,0.0,False,max_tpr_with_empirical_fpr_le_target,0.027450980392156862,0.027450980392156862,0.001,0.5887183471501309,7,0,64,248,0.027450980392156862,0.0,False,max_tpr_with_empirical_fpr_le_target,32,True,False,8.73735619355131,8.70687600612102,0.40625,GALLSTONE,SVM,dp,0.1,8
0.4872549019607843,0.05324754901960782,255,64,0.11372549019607843,0.11372549019607843,0.1,0.35778171031358896,29,6,58,226,0.11372549019607843,0.09375,True,max_tpr_with_empirical_fpr_le_target,0.01568627450980392,0.01568627450980392,0.01,0.7193474679028076,4,0,64,251,0.01568627450980392,0.0,False,max_tpr_with_empirical_fpr_le_target,0.01568627450980392,0.01568627450980392,0.001,0.7193474679028076,4,0,64,251,0.01568627450980392,0.0,False,max_tpr_with_empirical_fpr_le_target,32,True,False,8.808013949880136,8.773752125170311,0.40625,GALLSTONE,SVM,dp,0.1,9
0.42218137254901966,0.027328431372549034,255,64,0.047058823529411764,0.047058823529411764,0.1,0.4734271736781208,12,6,58,243,0.047058823529411764,0.09375,True,max_tpr_with_empirical_fpr_le_target,0.0,0.0,0.01,inf,0,0,64,255,0.0,0.0,False,max_tpr_with_empirical_fpr_le_target,0.0,0.0,0.001,inf,0,0,64,255,0.0,0.0,False,max_tpr_with_empirical_fpr_le_target,32,True,False,8.249005507420174,8.422809322149948,0.40625,GALLSTONE,SVM,dp,0.1,10
0.49185049019607846,0.07365196078431369,255,64,0.13725490196078433,0.13725490196078433,0.1,0.28934763873432834,35,6,58,220,0.13725490196078433,0.09375,True,max_tpr_with_empirical_fpr_le_target,0.00392156862745098,0.00392156862745098,0.01,1.1348358760428883,1,0,64,254,0.00392156862745098,0.0,False,max_tpr_with_empirical_fpr_le_target,0.00392156862745098,0.00392156862745098,0.001,1.1348358760428883,1,0,64,254,0.00392156862745098,0.0,False,max_tpr_with_empirical_fpr_le_target,32,True,False,9.068797855397598,9.072297042810092,0.40625,GALLSTONE,SVM,dp,0.1,11
0.4800857843137255,0.08909313725490198,255,64,0.09411764705882353,0.09411764705882353,0.1,0.42533633070233945,24,5,59,231,0.09411764705882353,0.078125,True,max_tpr_with_empirical_fpr_le_target,0.00392156862745098,0.00392156862745098,0.01,1.0300429612456554,1,0,64,254,0.00392156862745098,0.0,False,max_tpr_with_empirical_fpr_le_target,0.00392156862745098,0.00392156862745098,0.001,1.0300429612456554,1,0,64,254,0.00392156862745098,0.0,False,max_tpr_with_empirical_fpr_le_target,32,True,False,9.080179467034318,9.08581916026996,0.40625,GALLSTONE,SVM,dp,0.1,12
0.4974877450980392,0.07212009803921571,255,64,0.10196078431372549,0.10196078431372549,0.1,0.32380360167243927,26,6,58,229,0.10196078431372549,0.09375,True,max_tpr_with_empirical_fpr_le_target,0.00392156862745098,0.00392156862745098,0.01,1.0124478831589347,1,0,64,254,0.00392156862745098,0.0,False,max_tpr_with_empirical_fpr_le_target,0.00392156862745098,0.00392156862745098,0.001,1.0124478831589347,1,0,64,254,0.00392156862745098,0.0,False,max_tpr_with_empirical_fpr_le_target,32,True,False,8.485669848217583,8.548182585936752,0.40625,GALLSTONE,SVM,dp,0.1,13
0.4647058823529412,0.023223039215686248,255,64,0.047058823529411764,0.047058823529411764,0.1,0.5044684049177701,12,4,60,243,0.047058823529411764,0.0625,True,max_tpr_with_empirical_fpr_le_target,0.00392156862745098,0.00392156862745098,0.01,1.4188928437289183,1,0,64,254,0.00392156862745098,0.0,False,max_tpr_with_empirical_fpr_le_target,0.00392156862745098,0.00392156862745098,0.001,1.4188928437289183,1,0,64,254,0.00392156862745098,0.0,False,max_tpr_with_empirical_fpr_le_target,32,True,False,8.073094542929445,8.125385070401247,0.40625,GALLSTONE,SVM,dp,0.1,14
0.4366421568627451,0.04669117647058818,255,64,0.054901960784313725,0.054901960784313725,0.1,0.49975107984732947,14,6,58,241,0.054901960784313725,0.09375,True,max_tpr_with_empirical_fpr_le_target,0.00784313725490196,0.00784313725490196,0.01,1.311942232814121,2,0,64,253,0.00784313725490196,0.0,False,max_tpr_with_empirical_fpr_le_target,0.00784313725490196,0.00784313725490196,0.001,1.311942232814121,2,0,64,253,0.00784313725490196,0.0,False,max_tpr_with_empirical_fpr_le_target,32,True,False,8.613359815602688,8.60213763806548,0.40625,GALLSTONE,SVM,dp,0.1,15
0.5017769607843137,0.06084558823529407,255,64,0.09803921568627451,0.09803921568627451,0.1,0.2778083683403936,25,6,58,230,0.09803921568627451,0.09375,True,max_tpr_with_empirical_fpr_le_target,0.00392156862745098,0.00392156862745098,0.01,1.1341709396214568,1,0,64,254,0.00392156862745098,0.0,False,max_tpr_with_empirical_fpr_le_target,0.00392156862745098,0.00392156862745098,0.001,1.1341709396214568,1,0,64,254,0.00392156862745098,0.0,False,max_tpr_with_empirical_fpr_le_target,32,True,False,9.458152289804937,9.55146727391538,0.40625,GALLSTONE,SVM,dp,0.1,16
0.4762867647058824,0.1001838235294118,255,64,0.054901960784313725,0.054901960784313725,0.1,0.5141316349420721,14,6,58,241,0.054901960784313725,0.09375,True,max_tpr_with_empirical_fpr_le_target,0.011764705882352941,0.011764705882352941,0.01,0.8639918338588197,3,0,64,252,0.011764705882352941,0.0,False,max_tpr_with_empirical_fpr_le_target,0.011764705882352941,0.011764705882352941,0.001,0.8639918338588197,3,0,64,252,0.011764705882352941,0.0,False,max_tpr_with_empirical_fpr_le_target,32,True,False,8.955043669675584,9.020767682756833,0.40625,GALLSTONE,SVM,dp,0.1,17
0.4548406862745098,0.06194852941176465,255,64,0.0392156862745098,0.0392156862745098,0.1,0.5377971582259784,10,6,58,245,0.0392156862745098,0.09375,True,max_tpr_with_empirical_fpr_le_target,0.00784313725490196,0.00784313725490196,0.01,0.9879231282268646,2,0,64,253,0.00784313725490196,0.0,False,max_tpr_with_empirical_fpr_le_target,0.00784313725490196,0.00784313725490196,0.001,0.9879231282268646,2,0,64,253,0.00784313725490196,0.0,False,max_tpr_with_empirical_fpr_le_target,32,True,False,9.234664479386808,9.189256681470606,0.40625,GALLSTONE,SVM,dp,0.1,18
0.47879901960784316,0.08106617647058822,255,64,0.0784313725490196,0.0784313725490196,0.1,0.3982338490650035,20,5,59,235,0.0784313725490196,0.078125,True,max_tpr_with_empirical_fpr_le_target,0.0,0.0,0.01,inf,0,0,64,255,0.0,0.0,False,max_tpr_with_empirical_fpr_le_target,0.0,0.0,0.001,inf,0,0,64,255,0.0,0.0,False,max_tpr_with_empirical_fpr_le_target,32,True,False,8.780233624915015,8.85702117362494,0.40625,GALLSTONE,SVM,dp,0.1,19
0.5811887254901961,0.19031862745098038,255,64,0.09411764705882353,0.09411764705882353,0.1,0.4322780854167929,24,6,58,231,0.09411764705882353,0.09375,True,max_tpr_with_empirical_fpr_le_target,0.01568627450980392,0.01568627450980392,0.01,0.8541387650564043,4,0,64,251,0.01568627450980392,0.0,False,max_tpr_with_empirical_fpr_le_target,0.01568627450980392,0.01568627450980392,0.001,0.8541387650564043,4,0,64,251,0.01568627450980392,0.0,False,max_tpr_with_empirical_fpr_le_target,32,True,False,8.09966485501713,8.107119262438767,0.40625,GALLSTONE,SVM,dp,0.1,20
0.5436274509803922,0.11862745098039218,255,64,0.12941176470588237,0.12941176470588237,0.1,0.3716475491258153,33,6,58,222,0.12941176470588237,0.09375,True,max_tpr_with_empirical_fpr_le_target,0.0,0.0,0.01,inf,0,0,64,255,0.0,0.0,False,max_tpr_with_empirical_fpr_le_target,0.0,0.0,0.001,inf,0,0,64,255,0.0,0.0,False,max_tpr_with_empirical_fpr_le_target,32,True,False,8.252703471802374,8.187512910612384,0.40625,GALLSTONE,SVM,dp,0.1,21
0.5286764705882352,0.10232843137254902,255,64,0.19607843137254902,0.19607843137254902,0.1,0.2666544562251376,50,6,58,205,0.19607843137254902,0.09375,True,max_tpr_with_empirical_fpr_le_target,0.0,0.0,0.01,inf,0,0,64,255,0.0,0.0,False,max_tpr_with_empirical_fpr_le_target,0.0,0.0,0.001,inf,0,0,64,255,0.0,0.0,False,max_tpr_with_empirical_fpr_le_target,32,True,False,7.950037453548514,8.003189930557472,0.40625,GALLSTONE,SVM,dp,0.1,22
0.4881740196078431,0.06102941176470589,255,64,0.054901960784313725,0.054901960784313725,0.1,0.3957111336966759,14,5,59,241,0.054901960784313725,0.078125,True,max_tpr_with_empirical_fpr_le_target,0.01568627450980392,0.01568627450980392,0.01,0.9708951978056177,4,0,64,251,0.01568627450980392,0.0,False,max_tpr_with_empirical_fpr_le_target,0.01568627450980392,0.01568627450980392,0.001,0.9708951978056177,4,0,64,251,0.01568627450980392,0.0,False,max_tpr_with_empirical_fpr_le_target,32,True,False,8.632703862830903,8.57840407885847,0.40625,GALLSTONE,SVM,dp,0.1,23
0.44381127450980395,0.027573529411764705,255,64,0.09019607843137255,0.09019607843137255,0.1,0.5039962972046368,23,6,58,232,0.09019607843137255,0.09375,True,max_tpr_with_empirical_fpr_le_target,0.01568627450980392,0.01568627450980392,0.01,1.2785863787706528,4,0,64,251,0.01568627450980392,0.0,False,max_tpr_with_empirical_fpr_le_target,0.01568627450980392,0.01568627450980392,0.001,1.2785863787706528,4,0,64,251,0.01568627450980392,0.0,False,max_tpr_with_empirical_fpr_le_target,32,True,False,7.830301552453313,7.777252067793618,0.40625,GALLSTONE,SVM,dp,0.1,24
0.451531862745098,0.011519607843137214,255,64,0.058823529411764705,0.058823529411764705,0.1,0.5105482983042435,15,6,58,240,0.058823529411764705,0.09375,True,max_tpr_with_empirical_fpr_le_target,0.00392156862745098,0.00392156862745098,0.01,1.5158001564013013,1,0,64,254,0.00392156862745098,0.0,False,max_tpr_with_empirical_fpr_le_target,0.00392156862745098,0.00392156862745098,0.001,1.5158001564013013,1,0,64,254,0.00392156862745098,0.0,False,max_tpr_with_empirical_fpr_le_target,32,True,False,8.423686801627879,8.3127739254701,0.40625,GALLSTONE,SVM,dp,0.1,25
0.5113970588235295,0.07352941176470584,255,64,0.12156862745098039,0.12156862745098039,0.1,0.34110103192167296,31,6,58,224,0.12156862745098039,0.09375,True,max_tpr_with_empirical_fpr_le_target,0.03137254901960784,0.03137254901960784,0.01,0.9715195418623663,8,0,64,247,0.03137254901960784,0.0,False,max_tpr_with_empirical_fpr_le_target,0.03137254901960784,0.03137254901960784,0.001,0.9715195418623663,8,0,64,247,0.03137254901960784,0.0,False,max_tpr_with_empirical_fpr_le_target,32,True,False,9.192016925090403,9.390647168710984,0.40625,GALLSTONE,SVM,dp,0.1,26
0.4866421568627451,0.06109068627450975,255,64,0.054901960784313725,0.054901960784313725,0.1,0.5088629831019738,14,5,59,241,0.054901960784313725,0.078125,True,max_tpr_with_empirical_fpr_le_target,0.00784313725490196,0.00784313725490196,0.01,1.094416597035405,2,0,64,253,0.00784313725490196,0.0,False,max_tpr_with_empirical_fpr_le_target,0.00784313725490196,0.00784313725490196,0.001,1.094416597035405,2,0,64,253,0.00784313725490196,0.0,False,max_tpr_with_empirical_fpr_le_target,32,True,False,8.167419847402332,8.047786383994808,0.40625,GALLSTONE,SVM,dp,0.1,27
0.4633578431372549,0.03161764705882353,255,64,0.10196078431372549,0.10196078431372549,0.1,0.3215811227983498,26,6,58,229,0.10196078431372549,0.09375,True,max_tpr_with_empirical_fpr_le_target,0.00784313725490196,0.00784313725490196,0.01,1.0532885399140586,2,0,64,253,0.00784313725490196,0.0,False,max_tpr_with_empirical_fpr_le_target,0.00784313725490196,0.00784313725490196,0.001,1.0532885399140586,2,0,64,253,0.00784313725490196,0.0,False,max_tpr_with_empirical_fpr_le_target,32,True,False,9.058784601901985,8.853138366656113,0.40625,GALLSTONE,SVM,dp,0.1,28
0.43964460784313725,0.035416666666666666,255,64,0.08235294117647059,0.08235294117647059,0.1,0.3725872909204728,21,5,59,234,0.08235294117647059,0.078125,True,max_tpr_with_empirical_fpr_le_target,0.03529411764705882,0.03529411764705882,0.01,0.6952703799663205,9,0,64,246,0.03529411764705882,0.0,False,max_tpr_with_empirical_fpr_le_target,0.03529411764705882,0.03529411764705882,0.001,0.6952703799663205,9,0,64,246,0.03529411764705882,0.0,False,max_tpr_with_empirical_fpr_le_target,32,True,False,8.854368706498265,9.019236929335715,0.40625,GALLSTONE,SVM,dp,0.1,29
0.45398284313725495,0.030514705882352944,255,64,0.07058823529411765,0.07058823529411765,0.1,0.510915544079154,18,5,59,237,0.07058823529411765,0.078125,True,max_tpr_with_empirical_fpr_le_target,0.011764705882352941,0.011764705882352941,0.01,1.0562247010496795,3,0,64,252,0.011764705882352941,0.0,False,max_tpr_with_empirical_fpr_le_target,0.011764705882352941,0.011764705882352941,0.001,1.0562247010496795,3,0,64,252,0.011764705882352941,0.0,False,max_tpr_with_empirical_fpr_le_target,32,True,False,8.529368728266414,8.451057604927373,0.375,GALLSTONE,SVM,dp,0.2,0
0.4707107843137255,0.049142156862745145,255,64,0.050980392156862744,0.050980392156862744,0.1,0.5531997096122958,13,6,58,242,0.050980392156862744,0.09375,True,max_tpr_with_empirical_fpr_le_target,0.00784313725490196,0.00784313725490196,0.01,0.960980907287011,2,0,64,253,0.00784313725490196,0.0,False,max_tpr_with_empirical_fpr_le_target,0.00784313725490196,0.00784313725490196,0.001,0.960980907287011,2,0,64,253,0.00784313725490196,0.0,False,max_tpr_with_empirical_fpr_le_target,32,True,False,8.143150390611554,8.241887669979086,0.375,GALLSTONE,SVM,dp,0.2,1
0.4774509803921569,0.05312499999999998,255,64,0.07058823529411765,0.07058823529411765,0.1,0.40012304469739934,18,5,59,237,0.07058823529411765,0.078125,True,max_tpr_with_empirical_fpr_le_target,0.01568627450980392,0.01568627450980392,0.01,0.7942955695477245,4,0,64,251,0.01568627450980392,0.0,False,max_tpr_with_empirical_fpr_le_target,0.01568627450980392,0.01568627450980392,0.001,0.7942955695477245,4,0,64,251,0.01568627450980392,0.0,False,max_tpr_with_empirical_fpr_le_target,32,True,False,7.601512688731294,7.845287866449384,0.375,GALLSTONE,SVM,dp,0.2,2
0.5118872549019609,0.11286764705882357,255,64,0.09019607843137255,0.09019607843137255,0.1,0.4926398292778158,23,4,60,232,0.09019607843137255,0.0625,True,max_tpr_with_empirical_fpr_le_target,0.0,0.0,0.01,inf,0,0,64,255,0.0,0.0,False,max_tpr_with_empirical_fpr_le_target,0.0,0.0,0.001,inf,0,0,64,255,0.0,0.0,False,max_tpr_with_empirical_fpr_le_target,32,True,False,8.308650506246874,8.350841789258567,0.375,GALLSTONE,SVM,dp,0.2,3
0.4666666666666667,0.055392156862745096,255,64,0.1411764705882353,0.1411764705882353,0.1,0.3352464588875197,36,6,58,219,0.1411764705882353,0.09375,True,max_tpr_with_empirical_fpr_le_target,0.03529411764705882,0.03529411764705882,0.01,0.9094467204528884,9,0,64,246,0.03529411764705882,0.0,False,max_tpr_with_empirical_fpr_le_target,0.03529411764705882,0.03529411764705882,0.001,0.9094467204528884,9,0,64,246,0.03529411764705882,0.0,False,max_tpr_with_empirical_fpr_le_target,32,True,False,7.582515083115294,7.440261433850739,0.375,GALLSTONE,SVM,dp,0.2,4
0.46985294117647064,0.05808823529411766,255,64,0.07058823529411765,0.07058823529411765,0.1,0.42494413779078233,18,6,58,237,0.07058823529411765,0.09375,True,max_tpr_with_empirical_fpr_le_target,0.023529411764705882,0.023529411764705882,0.01,0.7833362544972391,6,0,64,249,0.023529411764705882,0.0,False,max_tpr_with_empirical_fpr_le_target,0.023529411764705882,0.023529411764705882,0.001,0.7833362544972391,6,0,64,249,0.023529411764705882,0.0,False,max_tpr_with_empirical_fpr_le_target,32,True,False,8.17592965703534,8.286197024120789,0.375,GALLSTONE,SVM,dp,0.2,5
0.46286764705882355,0.03860294117647056,255,64,0.11372549019607843,0.11372549019607843,0.1,0.3745235763482766,29,6,58,226,0.11372549019607843,0.09375,True,max_tpr_with_empirical_fpr_le_target,0.01568627450980392,0.01568627450980392,0.01,0.8500933794614443,4,0,64,251,0.01568627450980392,0.0,False,max_tpr_with_empirical_fpr_le_target,0.01568627450980392,0.01568627450980392,0.001,0.8500933794614443,4,0,64,251,0.01568627450980392,0.0,False,max_tpr_with_empirical_fpr_le_target,32,True,False,7.669968513954681,7.730104663019413,0.375,GALLSTONE,SVM,dp,0.2,6
0.45514705882352946,0.023223039215686248,255,64,0.058823529411764705,0.058823529411764705,0.1,0.560481978830798,15,6,58,240,0.058823529411764705,0.09375,True,max_tpr_with_empirical_fpr_le_target,0.0196078431372549,0.0196078431372549,0.01,0.9743667267548286,5,0,64,250,0.0196078431372549,0.0,False,max_tpr_with_empirical_fpr_le_target,0.0196078431372549,0.0196078431372549,0.001,0.9743667267548286,5,0,64,250,0.0196078431372549,0.0,False,max_tpr_with_empirical_fpr_le_target,32,True,False,7.485070615081195,7.570085516978825,0.375,GALLSTONE,SVM,dp,0.2,7
0.5096200980392156,0.06329656862745098,255,64,0.13725490196078433,0.13725490196078433,0.1,0.27027381942246365,35,6,58,220,0.13725490196078433,0.09375,True,max_tpr_with_empirical_fpr_le_target,0.01568627450980392,0.01568627450980392,0.01,0.6783448239732199,4,0,64,251,0.01568627450980392,0.0,False,max_tpr_with_empirical_fpr_le_target,0.01568627450980392,0.01568627450980392,0.001,0.6783448239732199,4,0,64,251,0.01568627450980392,0.0,False,max_tpr_with_empirical_fpr_le_target,32,True,False,8.149977959585103,8.119176028112106,0.375,GALLSTONE,SVM,dp,0.2,8
0.4854779411764706,0.0351102941176471,255,64,0.09411764705882353,0.09411764705882353,0.1,0.3748895567836077,24,6,58,231,0.09411764705882353,0.09375,True,max_tpr_with_empirical_fpr_le_target,0.011764705882352941,0.011764705882352941,0.01,1.1060784784894153,3,0,64,252,0.011764705882352941,0.0,False,max_tpr_with_empirical_fpr_le_target,0.011764705882352941,0.011764705882352941,0.001,1.1060784784894153,3,0,64,252,0.011764705882352941,0.0,False,max_tpr_with_empirical_fpr_le_target,32,True,False,8.349224804965727,8.312236550652834,0.375,GALLSTONE,SVM,dp,0.2,9
0.4189950980392157,0.027328431372549034,255,64,0.054901960784313725,0.054901960784313725,0.1,0.4658386171132962,14,6,58,241,0.054901960784313725,0.09375,True,max_tpr_with_empirical_fpr_le_target,0.0,0.0,0.01,inf,0,0,64,255,0.0,0.0,False,max_tpr_with_empirical_fpr_le_target,0.0,0.0,0.001,inf,0,0,64,255,0.0,0.0,False,max_tpr_with_empirical_fpr_le_target,32,True,False,7.742306739275415,7.962109026097215,0.375,GALLSTONE,SVM,dp,0.2,10
0.5050857843137255,0.07751225490196079,255,64,0.14901960784313725,0.14901960784313725,0.1,0.27487489808501664,38,6,58,217,0.14901960784313725,0.09375,True,max_tpr_with_empirical_fpr_le_target,0.00784313725490196,0.00784313725490196,0.01,1.045516768595125,2,0,64,253,0.00784313725490196,0.0,False,max_tpr_with_empirical_fpr_le_target,0.00784313725490196,0.00784313725490196,0.001,1.045516768595125,2,0,64,253,0.00784313725490196,0.0,False,max_tpr_with_empirical_fpr_le_target,32,True,False,8.575803368826756,8.59054616272742,0.375,GALLSTONE,SVM,dp,0.2,11
0.4715073529411765,0.058394607843137214,255,64,0.09411764705882353,0.09411764705882353,0.1,0.41079810536011774,24,6,58,231,0.09411764705882353,0.09375,True,max_tpr_with_empirical_fpr_le_target,0.00784313725490196,0.00784313725490196,0.01,1.0107913268194402,2,0,64,253,0.00784313725490196,0.0,False,max_tpr_with_empirical_fpr_le_target,0.00784313725490196,0.00784313725490196,0.001,1.0107913268194402,2,0,64,253,0.00784313725490196,0.0,False,max_tpr_with_empirical_fpr_le_target,32,True,False,8.45186711704715,8.481385412235944,0.375,GALLSTONE,SVM,dp,0.2,12
0.4994485294117647,0.07665441176470589,255,64,0.08627450980392157,0.08627450980392157,0.1,0.39977835264299255,22,5,59,233,0.08627450980392157,0.078125,True,max_tpr_with_empirical_fpr_le_target,0.00392156862745098,0.00392156862745098,0.01,1.2150561457139166,1,0,64,254,0.00392156862745098,0.0,False,max_tpr_with_empirical_fpr_le_target,0.00392156862745098,0.00392156862745098,0.001,1.2150561457139166,1,0,64,254,0.00392156862745098,0.0,False,max_tpr_with_empirical_fpr_le_target,32,True,False,7.8362788089781565,7.907541370396434,0.375,GALLSTONE,SVM,dp,0.2,13
0.45269607843137255,0.03106617647058818,255,64,0.058823529411764705,0.058823529411764705,0.1,0.5011900983483346,15,5,59,240,0.058823529411764705,0.078125,True,max_tpr_with_empirical_fpr_le_target,0.0,0.0,0.01,inf,0,0,64,255,0.0,0.0,False,max_tpr_with_empirical_fpr_le_target,0.0,0.0,0.001,inf,0,0,64,255,0.0,0.0,False,max_tpr_with_empirical_fpr_le_target,32,True,False,7.604373976285642,7.677389472175953,0.375,GALLSTONE,SVM,dp,0.2,14
0.4417279411764706,0.05428921568627454,255,64,0.058823529411764705,0.058823529411764705,0.1,0.48220620348631993,15,6,58,240,0.058823529411764705,0.09375,True,max_tpr_with_empirical_fpr_le_target,0.00784313725490196,0.00784313725490196,0.01,1.3315311889569919,2,0,64,253,0.00784313725490196,0.0,False,max_tpr_with_empirical_fpr_le_target,0.00784313725490196,0.00784313725490196,0.001,1.3315311889569919,2,0,64,253,0.00784313725490196,0.0,False,max_tpr_with_empirical_fpr_le_target,32,True,False,8.195532709350415,8.213122346582676,0.375,GALLSTONE,SVM,dp,0.2,15
0.5114583333333333,0.07757352941176465,255,64,0.10196078431372549,0.10196078431372549,0.1,0.30447175984660735,26,6,58,229,0.10196078431372549,0.09375,True,max_tpr_with_empirical_fpr_le_target,0.00392156862745098,0.00392156862745098,0.01,1.1870095534076803,1,0,64,254,0.00392156862745098,0.0,False,max_tpr_with_empirical_fpr_le_target,0.00392156862745098,0.00392156862745098,0.001,1.1870095534076803,1,0,64,254,0.00392156862745098,0.0,False,max_tpr_with_empirical_fpr_le_target,32,True,False,8.891399555299294,9.007856231374852,0.375,GALLSTONE,SVM,dp,0.2,16
0.4815563725490196,0.06881127450980395,255,64,0.06274509803921569,0.06274509803921569,0.1,0.47534721898705623,16,6,58,239,0.06274509803921569,0.09375,True,max_tpr_with_empirical_fpr_le_target,0.00784313725490196,0.00784313725490196,0.01,1.2724371539882862,2,0,64,253,0.00784313725490196,0.0,False,max_tpr_with_empirical_fpr_le_target,0.00784313725490196,0.00784313725490196,0.001,1.2724371539882862,2,0,64,253,0.00784313725490196,0.0,False,max_tpr_with_empirical_fpr_le_target,32,True,False,8.532123763062831,8.608816514358447,0.375,GALLSTONE,SVM,dp,0.2,17
0.4612745098039216,0.04650735294117647,255,64,0.043137254901960784,0.043137254901960784,0.1,0.5342462985639118,11,6,58,244,0.043137254901960784,0.09375,True,max_tpr_with_empirical_fpr_le_target,0.00392156862745098,0.00392156862745098,0.01,1.1046600326285207,1,0,64,254,0.00392156862745098,0.0,False,max_tpr_with_empirical_fpr_le_target,0.00392156862745098,0.00392156862745098,0.001,1.1046600326285207,1,0,64,254,0.00392156862745098,0.0,False,max_tpr_with_empirical_fpr_le_target,32,True,False,8.787458253719937,8.757030200301955,0.375,GALLSTONE,SVM,dp,0.2,18
0.4892156862745098,0.07714460784313726,255,64,0.11372549019607843,0.11372549019607843,0.1,0.3219285049451419,29,6,58,226,0.11372549019607843,0.09375,True,max_tpr_with_empirical_fpr_le_target,0.0,0.0,0.01,inf,0,0,64,255,0.0,0.0,False,max_tpr_with_empirical_fpr_le_target,0.0,0.0,0.001,inf,0,0,64,255,0.0,0.0,False,max_tpr_with_empirical_fpr_le_target,32,True,False,8.197225024139682,8.276708466176524,0.375,GALLSTONE,SVM,dp,0.2,19
0.5865196078431373,0.17457107843137254,255,64,0.10980392156862745,0.10980392156862745,0.1,0.3673106009960949,28,6,58,227,0.10980392156862745,0.09375,True,max_tpr_with_empirical_fpr_le_target,0.00784313725490196,0.00784313725490196,0.01,1.0890096355423236,2,0,64,253,0.00784313725490196,0.0,False,max_tpr_with_empirical_fpr_le_target,0.00784313725490196,0.00784313725490196,0.001,1.0890096355423236,2,0,64,253,0.00784313725490196,0.0,False,max_tpr_with_empirical_fpr_le_target,32,True,False,7.698000548191737,7.687811935490635,0.375,GALLSTONE,SVM,dp,0.2,20
0.5340686274509804,0.09564950980392156,255,64,0.11372549019607843,0.11372549019607843,0.1,0.4050502099863129,29,6,58,226,0.11372549019607843,0.09375,True,max_tpr_with_empirical_fpr_le_target,0.0,0.0,0.01,inf,0,0,64,255,0.0,0.0,False,max_tpr_with_empirical_fpr_le_target,0.0,0.0,0.001,inf,0,0,64,255,0.0,0.0,False,max_tpr_with_empirical_fpr_le_target,32,True,False,7.817098586486919,7.778223943414293,0.375,GALLSTONE,SVM,dp,0.2,21
0.528921568627451,0.11623774509803919,255,64,0.17254901960784313,0.17254901960784313,0.1,0.2731304956504501,44,6,58,211,0.17254901960784313,0.09375,True,max_tpr_with_empirical_fpr_le_target,0.0,0.0,0.01,inf,0,0,64,255,0.0,0.0,False,max_tpr_with_empirical_fpr_le_target,0.0,0.0,0.001,inf,0,0,64,255,0.0,0.0,False,max_tpr_with_empirical_fpr_le_target,32,True,False,7.4928465677089795,7.545584654221735,0.375,GALLSTONE,SVM,dp,0.2,22
0.48835784313725483,0.058210784313725505,255,64,0.06666666666666667,0.06666666666666667,0.1,0.34838993708860455,17,6,58,238,0.06666666666666667,0.09375,True,max_tpr_with_empirical_fpr_le_target,0.01568627450980392,0.01568627450980392,0.01,0.9792212395533717,4,0,64,251,0.01568627450980392,0.0,False,max_tpr_with_empirical_fpr_le_target,0.01568627450980392,0.01568627450980392,0.001,0.9792212395533717,4,0,64,251,0.01568627450980392,0.0,False,max_tpr_with_empirical_fpr_le_target,32,True,False,8.067637029120755,8.034595004446976,0.375,GALLSTONE,SVM,dp,0.2,23
0.4462622549019608,0.023651960784313725,255,64,0.09019607843137255,0.09019607843137255,0.1,0.46600831967287615,23,6,58,232,0.09019607843137255,0.09375,True,max_tpr_with_empirical_fpr_le_target,0.01568627450980392,0.01568627450980392,0.01,1.2546680380123636,4,0,64,251,0.01568627450980392,0.0,False,max_tpr_with_empirical_fpr_le_target,0.01568627450980392,0.01568627450980392,0.001,1.2546680380123636,4,0,64,251,0.01568627450980392,0.0,False,max_tpr_with_empirical_fpr_le_target,32,True,False,7.391526558567757,7.335029733640659,0.375,GALLSTONE,SVM,dp,0.2,24
0.4502450980392157,0.03884803921568625,255,64,0.058823529411764705,0.058823529411764705,0.1,0.5872944915882901,15,6,58,240,0.058823529411764705,0.09375,True,max_tpr_with_empirical_fpr_le_target,0.00392156862745098,0.00392156862745098,0.01,1.5357847540607228,1,0,64,254,0.00392156862745098,0.0,False,max_tpr_with_empirical_fpr_le_target,0.00392156862745098,0.00392156862745098,0.001,1.5357847540607228,1,0,64,254,0.00392156862745098,0.0,False,max_tpr_with_empirical_fpr_le_target,32,True,False,7.921695559884925,7.804173857548435,0.375,GALLSTONE,SVM,dp,0.2,25
0.5153799019607843,0.08106617647058822,255,64,0.12549019607843137,0.12549019607843137,0.1,0.31689951759438584,32,6,58,223,0.12549019607843137,0.09375,True,max_tpr_with_empirical_fpr_le_target,0.00784313725490196,0.00784313725490196,0.01,1.2388736195784116,2,0,64,253,0.00784313725490196,0.0,False,max_tpr_with_empirical_fpr_le_target,0.00784313725490196,0.00784313725490196,0.001,1.2388736195784116,2,0,64,253,0.00784313725490196,0.0,False,max_tpr_with_empirical_fpr_le_target,32,True,False,8.80245830607614,8.977594065424958,0.375,GALLSTONE,SVM,dp,0.2,26
0.48400735294117647,0.057352941176470607,255,64,0.0392156862745098,0.0392156862745098,0.1,0.7844794105008068,10,3,61,245,0.0392156862745098,0.046875,True,max_tpr_with_empirical_fpr_le_target,0.00784313725490196,0.00784313725490196,0.01,1.2476727659719842,2,0,64,253,0.00784313725490196,0.0,False,max_tpr_with_empirical_fpr_le_target,0.00784313725490196,0.00784313725490196,0.001,1.2476727659719842,2,0,64,253,0.00784313725490196,0.0,False,max_tpr_with_empirical_fpr_le_target,32,True,False,7.730492670980806,7.602863865304966,0.375,GALLSTONE,SVM,dp,0.2,27
0.4549019607843137,0.026409313725490158,255,64,0.09411764705882353,0.09411764705882353,0.1,0.35344758357258543,24,6,58,231,0.09411764705882353,0.09375,True,max_tpr_with_empirical_fpr_le_target,0.011764705882352941,0.011764705882352941,0.01,0.8797724207003155,3,0,64,252,0.011764705882352941,0.0,False,max_tpr_with_empirical_fpr_le_target,0.011764705882352941,0.011764705882352941,0.001,0.8797724207003155,3,0,64,252,0.011764705882352941,0.0,False,max_tpr_with_empirical_fpr_le_target,32,True,False,8.49164380468055,8.314956571182428,0.375,GALLSTONE,SVM,dp,0.2,28
0.4392769607843137,0.035355392156862744,255,64,0.08235294117647059,0.08235294117647059,0.1,0.37109457556253256,21,6,58,234,0.08235294117647059,0.09375,True,max_tpr_with_empirical_fpr_le_target,0.027450980392156862,0.027450980392156862,0.01,0.6764128643301324,7,0,64,248,0.027450980392156862,0.0,False,max_tpr_with_empirical_fpr_le_target,0.027450980392156862,0.027450980392156862,0.001,0.6764128643301324,7,0,64,248,0.027450980392156862,0.0,False,max_tpr_with_empirical_fpr_le_target,32,True,False,8.47509340055946,8.634737787927417,0.375,GALLSTONE,SVM,dp,0.2,29
0.4604166666666667,0.01568627450980392,255,64,0.08235294117647059,0.08235294117647059,0.1,0.5504453529939477,21,6,58,234,0.08235294117647059,0.09375,True,max_tpr_with_empirical_fpr_le_target,0.01568627450980392,0.01568627450980392,0.01,1.1837200434650708,4,0,64,251,0.01568627450980392,0.0,False,max_tpr_with_empirical_fpr_le_target,0.01568627450980392,0.01568627450980392,0.001,1.1837200434650708,4,0,64,251,0.01568627450980392,0.0,False,max_tpr_with_empirical_fpr_le_target,32,True,False,7.740886172984927,7.708023568160145,0.34375,GALLSTONE,SVM,dp,0.4,0
0.4675857843137255,0.07248774509803924,255,64,0.050980392156862744,0.050980392156862744,0.1,0.5974684303798155,13,6,58,242,0.050980392156862744,0.09375,True,max_tpr_with_empirical_fpr_le_target,0.0,0.0,0.01,inf,0,0,64,255,0.0,0.0,False,max_tpr_with_empirical_fpr_le_target,0.0,0.0,0.001,inf,0,0,64,255,0.0,0.0,False,max_tpr_with_empirical_fpr_le_target,32,True,False,7.344745971077281,7.468527094469,0.34375,GALLSTONE,SVM,dp,0.4,1
0.48247549019607844,0.06053921568627452,255,64,0.09019607843137255,0.09019607843137255,0.1,0.35669397967834904,23,6,58,232,0.09019607843137255,0.09375,True,max_tpr_with_empirical_fpr_le_target,0.00784313725490196,0.00784313725490196,0.01,0.9727426264830097,2,0,64,253,0.00784313725490196,0.0,False,max_tpr_with_empirical_fpr_le_target,0.00784313725490196,0.00784313725490196,0.001,0.9727426264830097,2,0,64,253,0.00784313725490196,0.0,False,max_tpr_with_empirical_fpr_le_target,32,True,False,6.899858155453923,7.150297350934288,0.34375,GALLSTONE,SVM,dp,0.4,2
0.5222426470588235,0.14007352941176465,255,64,0.0784313725490196,0.0784313725490196,0.1,0.5495756472594953,20,5,59,235,0.0784313725490196,0.078125,True,max_tpr_with_empirical_fpr_le_target,0.0,0.0,0.01,inf,0,0,64,255,0.0,0.0,False,max_tpr_with_empirical_fpr_le_target,0.0,0.0,0.001,inf,0,0,64,255,0.0,0.0,False,max_tpr_with_empirical_fpr_le_target,32,True,False,7.473918602082856,7.500469153954545,0.34375,GALLSTONE,SVM,dp,0.4,3
0.4761642156862745,0.03878676470588238,255,64,0.12941176470588237,0.12941176470588237,0.1,0.36937176309776376,33,6,58,222,0.12941176470588237,0.09375,True,max_tpr_with_empirical_fpr_le_target,0.023529411764705882,0.023529411764705882,0.01,1.1246831602207545,6,0,64,249,0.023529411764705882,0.0,False,max_tpr_with_empirical_fpr_le_target,0.023529411764705882,0.023529411764705882,0.001,1.1246831602207545,6,0,64,249,0.023529411764705882,0.0,False,max_tpr_with_empirical_fpr_le_target,32,True,False,7.012817988538263,6.895027691781693,0.34375,GALLSTONE,SVM,dp,0.4,4
0.47671568627450983,0.058026960784313686,255,64,0.07450980392156863,0.07450980392156863,0.1,0.4455352471269074,19,5,59,236,0.07450980392156863,0.078125,True,max_tpr_with_empirical_fpr_le_target,0.0196078431372549,0.0196078431372549,0.01,0.9547330989888181,5,0,64,250,0.0196078431372549,0.0,False,max_tpr_with_empirical_fpr_le_target,0.0196078431372549,0.0196078431372549,0.001,0.9547330989888181,5,0,64,250,0.0196078431372549,0.0,False,max_tpr_with_empirical_fpr_le_target,32,True,False,7.35152705146665,7.487195876530893,0.34375,GALLSTONE,SVM,dp,0.4,5
0.45275735294117647,0.030453431372548967,255,64,0.09019607843137255,0.09019607843137255,0.1,0.4272010603926577,23,6,58,232,0.09019607843137255,0.09375,True,max_tpr_with_empirical_fpr_le_target,0.0196078431372549,0.0196078431372549,0.01,0.9884365997108535,5,0,64,250,0.0196078431372549,0.0,False,max_tpr_with_empirical_fpr_le_target,0.0196078431372549,0.0196078431372549,0.001,0.9884365997108535,5,0,64,250,0.0196078431372549,0.0,False,max_tpr_with_empirical_fpr_le_target,32,True,False,7.013311140502293,7.101271319904338,0.34375,GALLSTONE,SVM,dp,0.4,6
0.43621323529411765,0.031127450980392157,255,64,0.054901960784313725,0.054901960784313725,0.1,0.5804512246579332,14,5,59,241,0.054901960784313725,0.078125,True,max_tpr_with_empirical_fpr_le_target,0.00392156862745098,0.00392156862745098,0.01,1.1860002585398517,1,0,64,254,0.00392156862745098,0.0,False,max_tpr_with_empirical_fpr_le_target,0.00392156862745098,0.00392156862745098,0.001,1.1860002585398517,1,0,64,254,0.00392156862745098,0.0,False,max_tpr_with_empirical_fpr_le_target,32,True,False,6.8861203973458345,7.031057605854607,0.34375,GALLSTONE,SVM,dp,0.4,7
0.5037990196078431,0.0616421568627451,255,64,0.1450980392156863,0.1450980392156863,0.1,0.25879367437177514,37,6,58,218,0.1450980392156863,0.09375,True,max_tpr_with_empirical_fpr_le_target,0.011764705882352941,0.011764705882352941,0.01,1.1052667649479542,3,0,64,252,0.011764705882352941,0.0,False,max_tpr_with_empirical_fpr_le_target,0.011764705882352941,0.011764705882352941,0.001,1.1052667649479542,3,0,64,252,0.011764705882352941,0.0,False,max_tpr_with_empirical_fpr_le_target,32,True,False,7.258306327390563,7.234544577670605,0.34375,GALLSTONE,SVM,dp,0.4,8
0.5002450980392157,0.06746323529411763,255,64,0.09411764705882353,0.09411764705882353,0.1,0.3688359535048251,24,6,58,231,0.09411764705882353,0.09375,True,max_tpr_with_empirical_fpr_le_target,0.011764705882352941,0.011764705882352941,0.01,1.2342996839668965,3,0,64,252,0.011764705882352941,0.0,False,max_tpr_with_empirical_fpr_le_target,0.011764705882352941,0.011764705882352941,0.001,1.2342996839668965,3,0,64,252,0.011764705882352941,0.0,False,max_tpr_with_empirical_fpr_le_target,32,True,False,7.558497702350782,7.531265270296983,0.34375,GALLSTONE,SVM,dp,0.4,9
0.40980392156862744,0.027328431372549034,255,64,0.03137254901960784,0.03137254901960784,0.1,0.5559166515896594,8,5,59,247,0.03137254901960784,0.078125,True,max_tpr_with_empirical_fpr_le_target,0.0,0.0,0.01,inf,0,0,64,255,0.0,0.0,False,max_tpr_with_empirical_fpr_le_target,0.0,0.0,0.001,inf,0,0,64,255,0.0,0.0,False,max_tpr_with_empirical_fpr_le_target,32,True,False,7.023132225312682,7.313271328198692,0.34375,GALLSTONE,SVM,dp,0.4,10
0.5142769607843137,0.07738970588235294,255,64,0.1411764705882353,0.1411764705882353,0.1,0.25494122432061905,36,6,58,219,0.1411764705882353,0.09375,True,max_tpr_with_empirical_fpr_le_target,0.011764705882352941,0.011764705882352941,0.01,0.9661255505436701,3,0,64,252,0.011764705882352941,0.0,False,max_tpr_with_empirical_fpr_le_target,0.011764705882352941,0.011764705882352941,0.001,0.9661255505436701,3,0,64,252,0.011764705882352941,0.0,False,max_tpr_with_empirical_fpr_le_target,32,True,False,7.768322393012148,7.811123881123965,0.34375,GALLSTONE,SVM,dp,0.4,11
0.4696078431372549,0.08572303921568625,255,64,0.10588235294117647,0.10588235294117647,0.1,0.38694613415578605,27,6,58,228,0.10588235294117647,0.09375,True,max_tpr_with_empirical_fpr_le_target,0.00392156862745098,0.00392156862745098,0.01,1.652332065004277,1,0,64,254,0.00392156862745098,0.0,False,max_tpr_with_empirical_fpr_le_target,0.00392156862745098,0.00392156862745098,0.001,1.652332065004277,1,0,64,254,0.00392156862745098,0.0,False,max_tpr_with_empirical_fpr_le_target,32,True,False,7.402234654217417,7.486546405416623,0.34375,GALLSTONE,SVM,dp,0.4,12
0.49724264705882354,0.08823529411764708,255,64,0.07058823529411765,0.07058823529411765,0.1,0.48708889233125907,18,6,58,237,0.07058823529411765,0.09375,True,max_tpr_with_empirical_fpr_le_target,0.00784313725490196,0.00784313725490196,0.01,1.1156517663166508,2,0,64,253,0.00784313725490196,0.0,False,max_tpr_with_empirical_fpr_le_target,0.00784313725490196,0.00784313725490196,0.001,1.1156517663166508,2,0,64,253,0.00784313725490196,0.0,False,max_tpr_with_empirical_fpr_le_target,32,True,False,6.963367770182696,7.071095522621334,0.34375,GALLSTONE,SVM,dp,0.4,13
0.44325980392156866,0.04283088235294119,255,64,0.07058823529411765,0.07058823529411765,0.1,0.4405176097245702,18,6,58,237,0.07058823529411765,0.09375,True,max_tpr_with_empirical_fpr_le_target,0.0,0.0,0.01,inf,0,0,64,255,0.0,0.0,False,max_tpr_with_empirical_fpr_le_target,0.0,0.0,0.001,inf,0,0,64,255,0.0,0.0,False,max_tpr_with_empirical_fpr_le_target,32,True,False,6.9015736612792855,6.9842694389240965,0.34375,GALLSTONE,SVM,dp,0.4,14
0.447671568627451,0.06611519607843142,255,64,0.047058823529411764,0.047058823529411764,0.1,0.5428773484780276,12,5,59,243,0.047058823529411764,0.078125,True,max_tpr_with_empirical_fpr_le_target,0.011764705882352941,0.011764705882352941,0.01,1.2564617942805043,3,0,64,252,0.011764705882352941,0.0,False,max_tpr_with_empirical_fpr_le_target,0.011764705882352941,0.011764705882352941,0.001,1.2564617942805043,3,0,64,252,0.011764705882352941,0.0,False,max_tpr_with_empirical_fpr_le_target,32,True,False,7.509442796099092,7.584064139287795,0.34375,GALLSTONE,SVM,dp,0.4,15
0.5276960784313726,0.10343137254901963,255,64,0.10980392156862745,0.10980392156862745,0.1,0.29304959045830214,28,6,58,227,0.10980392156862745,0.09375,True,max_tpr_with_empirical_fpr_le_target,0.00784313725490196,0.00784313725490196,0.01,1.0012295962525002,2,0,64,253,0.00784313725490196,0.0,False,max_tpr_with_empirical_fpr_le_target,0.00784313725490196,0.00784313725490196,0.001,1.0012295962525002,2,0,64,253,0.00784313725490196,0.0,False,max_tpr_with_empirical_fpr_le_target,32,True,False,7.857802123264385,7.996996057986734,0.34375,GALLSTONE,SVM,dp,0.4,16
0.48780637254901965,0.05741421568627447,255,64,0.09019607843137255,0.09019607843137255,0.1,0.4230438061181969,23,6,58,232,0.09019607843137255,0.09375,True,max_tpr_with_empirical_fpr_le_target,0.01568627450980392,0.01568627450980392,0.01,0.8263924847785042,4,0,64,251,0.01568627450980392,0.0,False,max_tpr_with_empirical_fpr_le_target,0.01568627450980392,0.01568627450980392,0.001,0.8263924847785042,4,0,64,251,0.01568627450980392,0.0,False,max_tpr_with_empirical_fpr_le_target,32,True,False,7.869183159380819,7.933028570939529,0.34375,GALLSTONE,SVM,dp,0.4,17
0.4713235294117647,0.05808823529411766,255,64,0.058823529411764705,0.058823529411764705,0.1,0.5221327807630183,15,6,58,240,0.058823529411764705,0.09375,True,max_tpr_with_empirical_fpr_le_target,0.00392156862745098,0.00392156862745098,0.01,1.395825152800311,1,0,64,254,0.00392156862745098,0.0,False,max_tpr_with_empirical_fpr_le_target,0.00392156862745098,0.00392156862745098,0.001,1.395825152800311,1,0,64,254,0.00392156862745098,0.0,False,max_tpr_with_empirical_fpr_le_target,32,True,False,8.002633744252753,7.962927701463997,0.34375,GALLSTONE,SVM,dp,0.4,18
0.4995710784313725,0.06942401960784317,255,64,0.10196078431372549,0.10196078431372549,0.1,0.3730646463710521,26,6,58,229,0.10196078431372549,0.09375,True,max_tpr_with_empirical_fpr_le_target,0.0,0.0,0.01,inf,0,0,64,255,0.0,0.0,False,max_tpr_with_empirical_fpr_le_target,0.0,0.0,0.001,inf,0,0,64,255,0.0,0.0,False,max_tpr_with_empirical_fpr_le_target,32,True,False,7.337455570497021,7.439687105123443,0.34375,GALLSTONE,SVM,dp,0.4,19
0.6061887254901961,0.19773284313725492,255,64,0.10980392156862745,0.10980392156862745,0.1,0.3560050295540713,28,6,58,227,0.10980392156862745,0.09375,True,max_tpr_with_empirical_fpr_le_target,0.00392156862745098,0.00392156862745098,0.01,1.2767982775870301,1,0,64,254,0.00392156862745098,0.0,False,max_tpr_with_empirical_fpr_le_target,0.00392156862745098,0.00392156862745098,0.001,1.2767982775870301,1,0,64,254,0.00392156862745098,0.0,False,max_tpr_with_empirical_fpr_le_target,32,True,False,7.0866485496171565,7.047473971758681,0.34375,GALLSTONE,SVM,dp,0.4,20
0.5207720588235294,0.09338235294117647,255,64,0.08627450980392157,0.08627450980392157,0.1,0.5317630492795402,22,6,58,233,0.08627450980392157,0.09375,True,max_tpr_with_empirical_fpr_le_target,0.0,0.0,0.01,inf,0,0,64,255,0.0,0.0,False,max_tpr_with_empirical_fpr_le_target,0.0,0.0,0.001,inf,0,0,64,255,0.0,0.0,False,max_tpr_with_empirical_fpr_le_target,32,True,False,7.041398110624495,7.057591967453734,0.34375,GALLSTONE,SVM,dp,0.4,21
0.5276960784313726,0.09681372549019607,255,64,0.11372549019607843,0.11372549019607843,0.1,0.362934489422543,29,5,59,226,0.11372549019607843,0.078125,True,max_tpr_with_empirical_fpr_le_target,0.0,0.0,0.01,inf,0,0,64,255,0.0,0.0,False,max_tpr_with_empirical_fpr_le_target,0.0,0.0,0.001,inf,0,0,64,255,0.0,0.0,False,max_tpr_with_empirical_fpr_le_target,32,True,False,6.800950695237388,6.8797037329056385,0.34375,GALLSTONE,SVM,dp,0.4,22
0.4857843137254902,0.07689950980392157,255,64,0.08235294117647059,0.08235294117647059,0.1,0.3105081426149914,21,6,58,234,0.08235294117647059,0.09375,True,max_tpr_with_empirical_fpr_le_target,0.01568627450980392,0.01568627450980392,0.01,0.9735770038914007,4,0,64,251,0.01568627450980392,0.0,False,max_tpr_with_empirical_fpr_le_target,0.01568627450980392,0.01568627450980392,0.001,0.9735770038914007,4,0,64,251,0.01568627450980392,0.0,False,max_tpr_with_empirical_fpr_le_target,32,True,False,7.060987143945449,7.059712698972105,0.34375,GALLSTONE,SVM,dp,0.4,23
0.4395220588235294,0.008333333333333331,255,64,0.09411764705882353,0.09411764705882353,0.1,0.48525443105186916,24,6,58,231,0.09411764705882353,0.09375,True,max_tpr_with_empirical_fpr_le_target,0.00784313725490196,0.00784313725490196,0.01,1.582699037871076,2,0,64,253,0.00784313725490196,0.0,False,max_tpr_with_empirical_fpr_le_target,0.00784313725490196,0.00784313725490196,0.001,1.582699037871076,2,0,64,253,0.00784313725490196,0.0,False,max_tpr_with_empirical_fpr_le_target,32,True,False,6.7203363536455125,6.677047382588649,0.34375,GALLSTONE,SVM,dp,0.4,24
0.4514093137254902,0.04283088235294119,255,64,0.06666666666666667,0.06666666666666667,0.1,0.6146196020500483,17,6,58,238,0.06666666666666667,0.09375,True,max_tpr_with_empirical_fpr_le_target,0.00392156862745098,0.00392156862745098,0.01,1.5643234430092257,1,0,64,254,0.00392156862745098,0.0,False,max_tpr_with_empirical_fpr_le_target,0.00392156862745098,0.00392156862745098,0.001,1.5643234430092257,1,0,64,254,0.00392156862745098,0.0,False,max_tpr_with_empirical_fpr_le_target,32,True,False,7.186950597996031,7.100405514030106,0.34375,GALLSTONE,SVM,dp,0.4,25
0.5264093137254902,0.11611519607843135,255,64,0.1450980392156863,0.1450980392156863,0.1,0.30062076531619963,37,5,59,218,0.1450980392156863,0.078125,True,max_tpr_with_empirical_fpr_le_target,0.011764705882352941,0.011764705882352941,0.01,0.964959508488004,3,0,64,252,0.011764705882352941,0.0,False,max_tpr_with_empirical_fpr_le_target,0.011764705882352941,0.011764705882352941,0.001,0.964959508488004,3,0,64,252,0.011764705882352941,0.0,False,max_tpr_with_empirical_fpr_le_target,32,True,False,8.135439189165679,8.279057284459281,0.34375,GALLSTONE,SVM,dp,0.4,26
0.4792279411764706,0.03835784313725488,255,64,0.03529411764705882,0.03529411764705882,0.1,0.7297455471369902,9,5,59,246,0.03529411764705882,0.078125,True,max_tpr_with_empirical_fpr_le_target,0.01568627450980392,0.01568627450980392,0.01,1.0915024001224198,4,0,64,251,0.01568627450980392,0.0,False,max_tpr_with_empirical_fpr_le_target,0.01568627450980392,0.01568627450980392,0.001,1.0915024001224198,4,0,64,251,0.01568627450980392,0.0,False,max_tpr_with_empirical_fpr_le_target,32,True,False,7.106181313267183,6.972619164647986,0.34375,GALLSTONE,SVM,dp,0.4,27
0.4613970588235294,0.031188725490196023,255,64,0.058823529411764705,0.058823529411764705,0.1,0.4763593255936991,15,6,58,240,0.058823529411764705,0.09375,True,max_tpr_with_empirical_fpr_le_target,0.01568627450980392,0.01568627450980392,0.01,0.8700402916203078,4,0,64,251,0.01568627450980392,0.0,False,max_tpr_with_empirical_fpr_le_target,0.01568627450980392,0.01568627450980392,0.001,0.8700402916203078,4,0,64,251,0.01568627450980392,0.0,False,max_tpr_with_empirical_fpr_le_target,32,True,False,7.645435634251142,7.52763217419307,0.34375,GALLSTONE,SVM,dp,0.4,28
0.4378063725490196,0.027573529411764705,255,64,0.08235294117647059,0.08235294117647059,0.1,0.41305701067885847,21,6,58,234,0.08235294117647059,0.09375,True,max_tpr_with_empirical_fpr_le_target,0.023529411764705882,0.023529411764705882,0.01,0.6627941443644838,6,0,64,249,0.023529411764705882,0.0,False,max_tpr_with_empirical_fpr_le_target,0.023529411764705882,0.023529411764705882,0.001,0.6627941443644838,6,0,64,249,0.023529411764705882,0.0,False,max_tpr_with_empirical_fpr_le_target,32,True,False,7.805272396977425,7.950035786480459,0.34375,GALLSTONE,SVM,dp,0.4,29
0.46164215686274507,0.040808823529411786,255,64,0.10196078431372549,0.10196078431372549,0.1,0.9891709035478948,26,6,58,229,0.10196078431372549,0.09375,True,max_tpr_with_empirical_fpr_le_target,0.03137254901960784,0.03137254901960784,0.01,1.7809279958342277,8,0,64,247,0.03137254901960784,0.0,False,max_tpr_with_empirical_fpr_le_target,0.03137254901960784,0.03137254901960784,0.001,1.7809279958342277,8,0,64,247,0.03137254901960784,0.0,False,max_tpr_with_empirical_fpr_le_target,32,True,False,6.857283302979945,6.902495977509675,0.359375,GALLSTONE,SVM,dp,0.8,0
0.4344975490196078,0.00784313725490196,255,64,0.07058823529411765,0.07058823529411765,0.1,1.1413340685625295,18,6,58,237,0.07058823529411765,0.09375,True,max_tpr_with_empirical_fpr_le_target,0.00784313725490196,0.00784313725490196,0.01,2.1731192034529734,2,0,64,253,0.00784313725490196,0.0,False,max_tpr_with_empirical_fpr_le_target,0.00784313725490196,0.00784313725490196,0.001,2.1731192034529734,2,0,64,253,0.00784313725490196,0.0,False,max_tpr_with_empirical_fpr_le_target,32,True,False,6.492044070408834,6.63798933636389,0.359375,GALLSTONE,SVM,dp,0.8,1
0.4586397058823529,0.00784313725490196,255,64,0.0784313725490196,0.0784313725490196,0.1,0.8176479001499972,20,6,58,235,0.0784313725490196,0.09375,True,max_tpr_with_empirical_fpr_le_target,0.00784313725490196,0.00784313725490196,0.01,1.8372493504539427,2,0,64,253,0.00784313725490196,0.0,False,max_tpr_with_empirical_fpr_le_target,0.00784313725490196,0.00784313725490196,0.001,1.8372493504539427,2,0,64,253,0.00784313725490196,0.0,False,max_tpr_with_empirical_fpr_le_target,32,True,False,6.377805906993305,6.616927628833348,0.359375,GALLSTONE,SVM,dp,0.8,2
0.5521446078431372,0.11605392156862748,255,64,0.1568627450980392,0.1568627450980392,0.1,0.8336794289768914,40,6,58,215,0.1568627450980392,0.09375,True,max_tpr_with_empirical_fpr_le_target,0.00392156862745098,0.00392156862745098,0.01,2.5464795431631626,1,0,64,254,0.00392156862745098,0.0,False,max_tpr_with_empirical_fpr_le_target,0.00392156862745098,0.00392156862745098,0.001,2.5464795431631626,1,0,64,254,0.00392156862745098,0.0,False,max_tpr_with_empirical_fpr_le_target,32,True,False,6.607478403413244,6.618368219198792,0.359375,GALLSTONE,SVM,dp,0.8,3
0.5041053921568628,0.07126225490196078,255,64,0.12941176470588237,0.12941176470588237,0.1,0.9647548024903188,33,6,58,222,0.12941176470588237,0.09375,True,max_tpr_with_empirical_fpr_le_target,0.00784313725490196,0.00784313725490196,0.01,2.3456741309437996,2,0,64,253,0.00784313725490196,0.0,False,max_tpr_with_empirical_fpr_le_target,0.00784313725490196,0.00784313725490196,0.001,2.3456741309437996,2,0,64,253,0.00784313725490196,0.0,False,max_tpr_with_empirical_fpr_le_target,32,True,False,6.4649294658711085,6.3577723797857955,0.359375,GALLSTONE,SVM,dp,0.8,4
0.5170955882352941,0.09319852941176465,255,64,0.07450980392156863,0.07450980392156863,0.1,0.867278644349045,19,6,58,236,0.07450980392156863,0.09375,True,max_tpr_with_empirical_fpr_le_target,0.01568627450980392,0.01568627450980392,0.01,1.7777065885874048,4,0,64,251,0.01568627450980392,0.0,False,max_tpr_with_empirical_fpr_le_target,0.01568627450980392,0.01568627450980392,0.001,1.7777065885874048,4,0,64,251,0.01568627450980392,0.0,False,max_tpr_with_empirical_fpr_le_target,32,True,False,6.55930780333059,6.736663563375683,0.359375,GALLSTONE,SVM,dp,0.8,5
0.44466911764705885,0.035416666666666666,255,64,0.09019607843137255,0.09019607843137255,0.1,1.0313446546887395,23,5,59,232,0.09019607843137255,0.078125,True,max_tpr_with_empirical_fpr_le_target,0.0196078431372549,0.0196078431372549,0.01,1.5217831555765242,5,0,64,250,0.0196078431372549,0.0,False,max_tpr_with_empirical_fpr_le_target,0.0196078431372549,0.0196078431372549,0.001,1.5217831555765242,5,0,64,250,0.0196078431372549,0.0,False,max_tpr_with_empirical_fpr_le_target,32,True,False,6.383336906592598,6.491411347677571,0.359375,GALLSTONE,SVM,dp,0.8,6
0.3992647058823529,0.03106617647058818,255,64,0.06274509803921569,0.06274509803921569,0.1,1.0365780428140736,16,6,58,239,0.06274509803921569,0.09375,True,max_tpr_with_empirical_fpr_le_target,0.0,0.0,0.01,inf,0,0,64,255,0.0,0.0,False,max_tpr_with_empirical_fpr_le_target,0.0,0.0,0.001,inf,0,0,64,255,0.0,0.0,False,max_tpr_with_empirical_fpr_le_target,32,True,False,6.3437422842423254,6.5408971545891355,0.359375,GALLSTONE,SVM,dp,0.8,7
0.5033700980392156,0.067953431372549,255,64,0.10588235294117647,0.10588235294117647,0.1,0.8820249646432341,27,5,59,228,0.10588235294117647,0.078125,True,max_tpr_with_empirical_fpr_le_target,0.00392156862745098,0.00392156862745098,0.01,2.6603237285060732,1,0,64,254,0.00392156862745098,0.0,False,max_tpr_with_empirical_fpr_le_target,0.00392156862745098,0.00392156862745098,0.001,2.6603237285060732,1,0,64,254,0.00392156862745098,0.0,False,max_tpr_with_empirical_fpr_le_target,32,True,False,6.295270038066398,6.306241353270486,0.359375,GALLSTONE,SVM,dp,0.8,8
0.5125,0.11501225490196076,255,64,0.08627450980392157,0.08627450980392157,0.1,1.0608320440215881,22,6,58,233,0.08627450980392157,0.09375,True,max_tpr_with_empirical_fpr_le_target,0.0,0.0,0.01,inf,0,0,64,255,0.0,0.0,False,max_tpr_with_empirical_fpr_le_target,0.0,0.0,0.001,inf,0,0,64,255,0.0,0.0,False,max_tpr_with_empirical_fpr_le_target,32,True,False,6.646810849239577,6.591462529191569,0.359375,GALLSTONE,SVM,dp,0.8,9
0.3918504901960784,0.015625,255,64,0.043137254901960784,0.043137254901960784,0.1,0.9195354840338332,11,6,58,244,0.043137254901960784,0.09375,True,max_tpr_with_empirical_fpr_le_target,0.00784313725490196,0.00784313725490196,0.01,2.2997392910189256,2,0,64,253,0.00784313725490196,0.0,False,max_tpr_with_empirical_fpr_le_target,0.00784313725490196,0.00784313725490196,0.001,2.2997392910189256,2,0,64,253,0.00784313725490196,0.0,False,max_tpr_with_empirical_fpr_le_target,32,True,False,6.365452231433119,6.708347250235219,0.359375,GALLSTONE,SVM,dp,0.8,10
0.5352328431372549,0.09834558823529413,255,64,0.17647058823529413,0.17647058823529413,0.1,0.7104837301809521,45,5,59,210,0.17647058823529413,0.078125,True,max_tpr_with_empirical_fpr_le_target,0.06274509803921569,0.06274509803921569,0.01,1.1022980266712192,16,0,64,239,0.06274509803921569,0.0,False,max_tpr_with_empirical_fpr_le_target,0.06274509803921569,0.06274509803921569,0.001,1.1022980266712192,16,0,64,239,0.06274509803921569,0.0,False,max_tpr_with_empirical_fpr_le_target,32,True,False,6.663981231053004,6.712933604074788,0.359375,GALLSTONE,SVM,dp,0.8,11
0.4868872549019608,0.0738357843137255,255,64,0.12156862745098039,0.12156862745098039,0.1,0.8243740679160094,31,6,58,224,0.12156862745098039,0.09375,True,max_tpr_with_empirical_fpr_le_target,0.00784313725490196,0.00784313725490196,0.01,2.034803033373157,2,0,64,253,0.00784313725490196,0.0,False,max_tpr_with_empirical_fpr_le_target,0.00784313725490196,0.00784313725490196,0.001,2.034803033373157,2,0,64,253,0.00784313725490196,0.0,False,max_tpr_with_empirical_fpr_le_target,32,True,False,6.268173031890896,6.396602197937448,0.359375,GALLSTONE,SVM,dp,0.8,12
0.49025735294117645,0.06409313725490196,255,64,0.10980392156862745,0.10980392156862745,0.1,0.8893942900468046,28,6,58,227,0.10980392156862745,0.09375,True,max_tpr_with_empirical_fpr_le_target,0.0392156862745098,0.0392156862745098,0.01,1.2790333591296736,10,0,64,245,0.0392156862745098,0.0,False,max_tpr_with_empirical_fpr_le_target,0.0392156862745098,0.0392156862745098,0.001,1.2790333591296736,10,0,64,245,0.0392156862745098,0.0,False,max_tpr_with_empirical_fpr_le_target,32,True,False,6.152247544597993,6.317622227668224,0.359375,GALLSTONE,SVM,dp,0.8,13
0.4835171568627451,0.06194852941176465,255,64,0.08627450980392157,0.08627450980392157,0.1,0.9263367373063609,22,6,58,233,0.08627450980392157,0.09375,True,max_tpr_with_empirical_fpr_le_target,0.0,0.0,0.01,inf,0,0,64,255,0.0,0.0,False,max_tpr_with_empirical_fpr_le_target,0.0,0.0,0.001,inf,0,0,64,255,0.0,0.0,False,max_tpr_with_empirical_fpr_le_target,32,True,False,6.2603881185935695,6.345471689818766,0.359375,GALLSTONE,SVM,dp,0.8,14
0.4374387254901961,0.03125,255,64,0.03529411764705882,0.03529411764705882,0.1,1.2323991864256554,9,6,58,246,0.03529411764705882,0.09375,True,max_tpr_with_empirical_fpr_le_target,0.00392156862745098,0.00392156862745098,0.01,2.3257244244547586,1,0,64,254,0.00392156862745098,0.0,False,max_tpr_with_empirical_fpr_le_target,0.00392156862745098,0.00392156862745098,0.001,2.3257244244547586,1,0,64,254,0.00392156862745098,0.0,False,max_tpr_with_empirical_fpr_le_target,32,True,False,6.49768424887596,6.67000539358021,0.359375,GALLSTONE,SVM,dp,0.8,15
0.5430147058823529,0.11911764705882355,255,64,0.11764705882352941,0.11764705882352941,0.1,0.710240435289827,30,6,58,225,0.11764705882352941,0.09375,True,max_tpr_with_empirical_fpr_le_target,0.0,0.0,0.01,inf,0,0,64,255,0.0,0.0,False,max_tpr_with_empirical_fpr_le_target,0.0,0.0,0.001,inf,0,0,64,255,0.0,0.0,False,max_tpr_with_empirical_fpr_le_target,32,True,False,6.783174179941997,6.935434840146588,0.359375,GALLSTONE,SVM,dp,0.8,16
0.4957107843137255,0.050674019607843124,255,64,0.09019607843137255,0.09019607843137255,0.1,0.9103317916497291,23,6,58,232,0.09019607843137255,0.09375,True,max_tpr_with_empirical_fpr_le_target,0.03529411764705882,0.03529411764705882,0.01,1.4642845719046758,9,0,64,246,0.03529411764705882,0.0,False,max_tpr_with_empirical_fpr_le_target,0.03529411764705882,0.03529411764705882,0.001,1.4642845719046758,9,0,64,246,0.03529411764705882,0.0,False,max_tpr_with_empirical_fpr_le_target,32,True,False,6.9822738784623635,7.068634145546071,0.359375,GALLSTONE,SVM,dp,0.8,17
0.4906862745098039,0.06537990196078436,255,64,0.07058823529411765,0.07058823529411765,0.1,0.9725527374664704,18,6,58,237,0.07058823529411765,0.09375,True,max_tpr_with_empirical_fpr_le_target,0.00784313725490196,0.00784313725490196,0.01,1.8397275260458663,2,0,64,253,0.00784313725490196,0.0,False,max_tpr_with_empirical_fpr_le_target,0.00784313725490196,0.00784313725490196,0.001,1.8397275260458663,2,0,64,253,0.00784313725490196,0.0,False,max_tpr_with_empirical_fpr_le_target,32,True,False,7.032972423595199,7.024755273734516,0.359375,GALLSTONE,SVM,dp,0.8,18
0.49803921568627446,0.11145833333333333,255,64,0.0392156862745098,0.0392156862745098,0.1,1.034189410604677,10,6,58,245,0.0392156862745098,0.09375,True,max_tpr_with_empirical_fpr_le_target,0.00392156862745098,0.00392156862745098,0.01,2.0630509235549326,1,0,64,254,0.00392156862745098,0.0,False,max_tpr_with_empirical_fpr_le_target,0.00392156862745098,0.00392156862745098,0.001,2.0630509235549326,1,0,64,254,0.00392156862745098,0.0,False,max_tpr_with_empirical_fpr_le_target,32,True,False,6.409293147586876,6.580088291689746,0.359375,GALLSTONE,SVM,dp,0.8,19
0.6020220588235293,0.20171568627450975,255,64,0.16862745098039217,0.16862745098039217,0.1,0.7159645226677949,43,6,58,212,0.16862745098039217,0.09375,True,max_tpr_with_empirical_fpr_le_target,0.0,0.0,0.01,inf,0,0,64,255,0.0,0.0,False,max_tpr_with_empirical_fpr_le_target,0.0,0.0,0.001,inf,0,0,64,255,0.0,0.0,False,max_tpr_with_empirical_fpr_le_target,32,True,False,6.352399292320194,6.318698281595158,0.359375,GALLSTONE,SVM,dp,0.8,20
0.5119485294117647,0.10116421568627454,255,64,0.08627450980392157,0.08627450980392157,0.1,1.1713463234982173,22,5,59,233,0.08627450980392157,0.078125,True,max_tpr_with_empirical_fpr_le_target,0.00392156862745098,0.00392156862745098,0.01,2.5261179505545472,1,0,64,254,0.00392156862745098,0.0,False,max_tpr_with_empirical_fpr_le_target,0.00392156862745098,0.00392156862745098,0.001,2.5261179505545472,1,0,64,254,0.00392156862745098,0.0,False,max_tpr_with_empirical_fpr_le_target,32,True,False,6.244823084469785,6.323003091236926,0.359375,GALLSTONE,SVM,dp,0.8,21
0.4996936274509804,0.06537990196078436,255,64,0.10980392156862745,0.10980392156862745,0.1,0.9108151796663213,28,5,59,227,0.10980392156862745,0.078125,True,max_tpr_with_empirical_fpr_le_target,0.00392156862745098,0.00392156862745098,0.01,3.4518217022217614,1,0,64,254,0.00392156862745098,0.0,False,max_tpr_with_empirical_fpr_le_target,0.00392156862745098,0.00392156862745098,0.001,3.4518217022217614,1,0,64,254,0.00392156862745098,0.0,False,max_tpr_with_empirical_fpr_le_target,32,True,False,5.9744407390195375,6.059325812015124,0.359375,GALLSTONE,SVM,dp,0.8,22
0.4951593137254901,0.12812500000000004,255,64,0.047058823529411764,0.047058823529411764,0.1,1.1299004408858462,12,5,59,243,0.047058823529411764,0.078125,True,max_tpr_with_empirical_fpr_le_target,0.027450980392156862,0.027450980392156862,0.01,1.3200488994132318,7,0,64,248,0.027450980392156862,0.0,False,max_tpr_with_empirical_fpr_le_target,0.027450980392156862,0.027450980392156862,0.001,1.3200488994132318,7,0,64,248,0.027450980392156862,0.0,False,max_tpr_with_empirical_fpr_le_target,32,True,False,5.997643773198455,6.043224308722695,0.359375,GALLSTONE,SVM,dp,0.8,23
0.4591299019607843,0.04019607843137257,255,64,0.07058823529411765,0.07058823529411765,0.1,1.1050383198466474,18,6,58,237,0.07058823529411765,0.09375,True,max_tpr_with_empirical_fpr_le_target,0.011764705882352941,0.011764705882352941,0.01,2.241601254500827,3,0,64,252,0.011764705882352941,0.0,False,max_tpr_with_empirical_fpr_le_target,0.011764705882352941,0.011764705882352941,0.001,2.241601254500827,3,0,64,252,0.011764705882352941,0.0,False,max_tpr_with_empirical_fpr_le_target,32,True,False,6.114850336700677,6.092823889319081,0.359375,GALLSTONE,SVM,dp,0.8,24
0.46482843137254903,0.06568627450980391,255,64,0.03529411764705882,0.03529411764705882,0.1,1.4699119965047283,9,5,59,246,0.03529411764705882,0.078125,True,max_tpr_with_empirical_fpr_le_target,0.00392156862745098,0.00392156862745098,0.01,2.378816090694418,1,0,64,254,0.00392156862745098,0.0,False,max_tpr_with_empirical_fpr_le_target,0.00392156862745098,0.00392156862745098,0.001,2.378816090694418,1,0,64,254,0.00392156862745098,0.0,False,max_tpr_with_empirical_fpr_le_target,32,True,False,6.370513614923722,6.357066080631853,0.359375,GALLSTONE,SVM,dp,0.8,25
0.5347426470588235,0.0985294117647059,255,64,0.1568627450980392,0.1568627450980392,0.1,0.6414639719115787,40,6,58,215,0.1568627450980392,0.09375,True,max_tpr_with_empirical_fpr_le_target,0.047058823529411764,0.047058823529411764,0.01,1.0931081580572233,12,0,64,243,0.047058823529411764,0.0,False,max_tpr_with_empirical_fpr_le_target,0.047058823529411764,0.047058823529411764,0.001,1.0931081580572233,12,0,64,243,0.047058823529411764,0.0,False,max_tpr_with_empirical_fpr_le_target,32,True,False,7.358015642914525,7.480655494207489,0.359375,GALLSTONE,SVM,dp,0.8,26
0.47689950980392154,0.041421568627450944,255,64,0.08627450980392157,0.08627450980392157,0.1,1.1099547567605068,22,5,59,233,0.08627450980392157,0.078125,True,max_tpr_with_empirical_fpr_le_target,0.00784313725490196,0.00784313725490196,0.01,2.0685740076534893,2,0,64,253,0.00784313725490196,0.0,False,max_tpr_with_empirical_fpr_le_target,0.00784313725490196,0.00784313725490196,0.001,2.0685740076534893,2,0,64,253,0.00784313725490196,0.0,False,max_tpr_with_empirical_fpr_le_target,32,True,False,6.480679737764657,6.336585471273018,0.359375,GALLSTONE,SVM,dp,0.8,27
0.46948529411764706,0.031188725490196023,255,64,0.09803921568627451,0.09803921568627451,0.1,0.8345643815250172,25,6,58,230,0.09803921568627451,0.09375,True,max_tpr_with_empirical_fpr_le_target,0.0,0.0,0.01,inf,0,0,64,255,0.0,0.0,False,max_tpr_with_empirical_fpr_le_target,0.0,0.0,0.001,inf,0,0,64,255,0.0,0.0,False,max_tpr_with_empirical_fpr_le_target,32,True,False,6.789934486576704,6.755820966519066,0.359375,GALLSTONE,SVM,dp,0.8,28
0.45024509803921564,0.03529411764705882,255,64,0.09803921568627451,0.09803921568627451,0.1,0.8421646600426778,25,6,58,230,0.09803921568627451,0.09375,True,max_tpr_with_empirical_fpr_le_target,0.03529411764705882,0.03529411764705882,0.01,1.253852891970113,9,0,64,246,0.03529411764705882,0.0,False,max_tpr_with_empirical_fpr_le_target,0.03529411764705882,0.03529411764705882,0.001,1.253852891970113,9,0,64,246,0.03529411764705882,0.0,False,max_tpr_with_empirical_fpr_le_target,32,True,False,6.845337811883531,6.989707159556648,0.359375,GALLSTONE,SVM,dp,0.8,29
0.4301470588235294,0.019424019607843124,255,64,0.08627450980392157,0.08627450980392157,0.1,0.477717850263887,22,6,58,233,0.08627450980392157,0.09375,True,max_tpr_with_empirical_fpr_le_target,0.00784313725490196,0.00784313725490196,0.01,1.0502545228041549,2,0,64,253,0.00784313725490196,0.0,False,max_tpr_with_empirical_fpr_le_target,0.00784313725490196,0.00784313725490196,0.001,1.0502545228041549,2,0,64,253,0.00784313725490196,0.0,False,max_tpr_with_empirical_fpr_le_target,32,True,False,12.297023748300694,12.16057756393753,0.359375,GALLSTONE,SVM,dp,1.0,0
0.5138480392156862,0.07922794117647058,255,64,0.10588235294117647,0.10588235294117647,0.1,0.4324392378326438,27,5,59,228,0.10588235294117647,0.078125,True,max_tpr_with_empirical_fpr_le_target,0.00784313725490196,0.00784313725490196,0.01,1.1369191717428815,2,0,64,253,0.00784313725490196,0.0,False,max_tpr_with_empirical_fpr_le_target,0.00784313725490196,0.00784313725490196,0.001,1.1369191717428815,2,0,64,253,0.00784313725490196,0.0,False,max_tpr_with_empirical_fpr_le_target,32,True,False,11.64771287470626,11.46058383643782,0.359375,GALLSTONE,SVM,dp,1.0,1
0.5129901960784313,0.14712009803921566,255,64,0.09411764705882353,0.09411764705882353,0.1,0.36434233521521797,24,6,58,231,0.09411764705882353,0.09375,True,max_tpr_with_empirical_fpr_le_target,0.0,0.0,0.01,inf,0,0,64,255,0.0,0.0,False,max_tpr_with_empirical_fpr_le_target,0.0,0.0,0.001,inf,0,0,64,255,0.0,0.0,False,max_tpr_with_empirical_fpr_le_target,32,True,False,11.87257532058985,11.651953302788563,0.359375,GALLSTONE,SVM,dp,1.0,2
0.47585784313725493,0.04552696078431373,255,64,0.08627450980392157,0.08627450980392157,0.1,0.4003751672381597,22,5,59,233,0.08627450980392157,0.078125,True,max_tpr_with_empirical_fpr_le_target,0.023529411764705882,0.023529411764705882,0.01,0.7971335748129968,6,0,64,249,0.023529411764705882,0.0,False,max_tpr_with_empirical_fpr_le_target,0.023529411764705882,0.023529411764705882,0.001,0.7971335748129968,6,0,64,249,0.023529411764705882,0.0,False,max_tpr_with_empirical_fpr_le_target,32,True,False,11.769638050091075,11.657127541119447,0.359375,GALLSTONE,SVM,dp,1.0,3
0.49166666666666664,0.051041666666666666,255,64,0.09803921568627451,0.09803921568627451,0.1,0.3883158783701459,25,6,58,230,0.09803921568627451,0.09375,True,max_tpr_with_empirical_fpr_le_target,0.0196078431372549,0.0196078431372549,0.01,0.9238685568797194,5,0,64,250,0.0196078431372549,0.0,False,max_tpr_with_empirical_fpr_le_target,0.0196078431372549,0.0196078431372549,0.001,0.9238685568797194,5,0,64,250,0.0196078431372549,0.0,False,max_tpr_with_empirical_fpr_le_target,32,True,False,12.221170942532375,12.0691816305193,0.359375,GALLSTONE,SVM,dp,1.0,4
0.5018995098039216,0.12769607843137254,255,64,0.0392156862745098,0.0392156862745098,0.1,0.5639317834386572,10,6,58,245,0.0392156862745098,0.09375,True,max_tpr_with_empirical_fpr_le_target,0.011764705882352941,0.011764705882352941,0.01,1.0862971521547928,3,0,64,252,0.011764705882352941,0.0,False,max_tpr_with_empirical_fpr_le_target,0.011764705882352941,0.011764705882352941,0.001,1.0862971521547928,3,0,64,252,0.011764705882352941,0.0,False,max_tpr_with_empirical_fpr_le_target,32,True,False,11.84558238705197,11.656049426814203,0.359375,GALLSTONE,SVM,dp,1.0,5
0.4896446078431373,0.05698529411764708,255,64,0.11372549019607843,0.11372549019607843,0.1,0.4004387364504445,29,5,59,226,0.11372549019607843,0.078125,True,max_tpr_with_empirical_fpr_le_target,0.0392156862745098,0.0392156862745098,0.01,0.620188348414838,10,0,64,245,0.0392156862745098,0.0,False,max_tpr_with_empirical_fpr_le_target,0.0392156862745098,0.0392156862745098,0.001,0.620188348414838,10,0,64,245,0.0392156862745098,0.0,False,max_tpr_with_empirical_fpr_le_target,32,True,False,11.912330430857066,11.671556208137718,0.359375,GALLSTONE,SVM,dp,1.0,6
0.46311274509803924,0.03903186274509807,255,64,0.06666666666666667,0.06666666666666667,0.1,0.5102059276934052,17,6,58,238,0.06666666666666667,0.09375,True,max_tpr_with_empirical_fpr_le_target,0.00392156862745098,0.00392156862745098,0.01,1.3379146089907774,1,0,64,254,0.00392156862745098,0.0,False,max_tpr_with_empirical_fpr_le_target,0.00392156862745098,0.00392156862745098,0.001,1.3379146089907774,1,0,64,254,0.00392156862745098,0.0,False,max_tpr_with_empirical_fpr_le_target,32,True,False,11.13344779839213,10.935833116179907,0.359375,GALLSTONE,SVM,dp,1.0,7
0.4818014705882353,0.10245098039215686,255,64,0.13725490196078433,0.13725490196078433,0.1,0.24511742176397,35,6,58,220,0.13725490196078433,0.09375,True,max_tpr_with_empirical_fpr_le_target,0.01568627450980392,0.01568627450980392,0.01,0.6998880048404628,4,0,64,251,0.01568627450980392,0.0,False,max_tpr_with_empirical_fpr_le_target,0.01568627450980392,0.01568627450980392,0.001,0.6998880048404628,4,0,64,251,0.01568627450980392,0.0,False,max_tpr_with_empirical_fpr_le_target,32,True,False,12.231514446058974,12.086986996898844,0.359375,GALLSTONE,SVM,dp,1.0,8
0.5115808823529412,0.0806985294117647,255,64,0.10196078431372549,0.10196078431372549,0.1,0.4069286341030329,26,6,58,229,0.10196078431372549,0.09375,True,max_tpr_with_empirical_fpr_le_target,0.01568627450980392,0.01568627450980392,0.01,0.854898753516979,4,0,64,251,0.01568627450980392,0.0,False,max_tpr_with_empirical_fpr_le_target,0.01568627450980392,0.01568627450980392,0.001,0.854898753516979,4,0,64,251,0.01568627450980392,0.0,False,max_tpr_with_empirical_fpr_le_target,32,True,False,11.448271245328481,11.176502789779828,0.359375,GALLSTONE,SVM,dp,1.0,9
0.4521446078431372,0.011825980392156862,255,64,0.047058823529411764,0.047058823529411764,0.1,0.5493876259411747,12,5,59,243,0.047058823529411764,0.078125,True,max_tpr_with_empirical_fpr_le_target,0.00392156862745098,0.00392156862745098,0.01,1.0790442785273173,1,0,64,254,0.00392156862745098,0.0,False,max_tpr_with_empirical_fpr_le_target,0.00392156862745098,0.00392156862745098,0.001,1.0790442785273173,1,0,64,254,0.00392156862745098,0.0,False,max_tpr_with_empirical_fpr_le_target,32,True,False,11.219263322109756,11.053277281832019,0.359375,GALLSTONE,SVM,dp,1.0,10
0.5056372549019608,0.08511029411764703,255,64,0.12941176470588237,0.12941176470588237,0.1,0.2876960099639305,33,6,58,222,0.12941176470588237,0.09375,True,max_tpr_with_empirical_fpr_le_target,0.027450980392156862,0.027450980392156862,0.01,0.7004122507209378,7,0,64,248,0.027450980392156862,0.0,False,max_tpr_with_empirical_fpr_le_target,0.027450980392156862,0.027450980392156862,0.001,0.7004122507209378,7,0,64,248,0.027450980392156862,0.0,False,max_tpr_with_empirical_fpr_le_target,32,True,False,12.254767819384009,12.164500972295338,0.359375,GALLSTONE,SVM,dp,1.0,11
0.4767156862745098,0.06629901960784312,255,64,0.08235294117647059,0.08235294117647059,0.1,0.4586138522348362,21,5,59,234,0.08235294117647059,0.078125,True,max_tpr_with_empirical_fpr_le_target,0.00784313725490196,0.00784313725490196,0.01,0.9017350927582544,2,0,64,253,0.00784313725490196,0.0,False,max_tpr_with_empirical_fpr_le_target,0.00784313725490196,0.00784313725490196,0.001,0.9017350927582544,2,0,64,253,0.00784313725490196,0.0,False,max_tpr_with_empirical_fpr_le_target,32,True,False,11.419963677259966,11.220861664605886,0.359375,GALLSTONE,SVM,dp,1.0,12
0.5041053921568628,0.07781862745098034,255,64,0.047058823529411764,0.047058823529411764,0.1,0.5277116139243381,12,5,59,243,0.047058823529411764,0.078125,True,max_tpr_with_empirical_fpr_le_target,0.0,0.0,0.01,inf,0,0,64,255,0.0,0.0,False,max_tpr_with_empirical_fpr_le_target,0.0,0.0,0.001,inf,0,0,64,255,0.0,0.0,False,max_tpr_with_empirical_fpr_le_target,32,True,False,12.060044278820483,11.943253323333806,0.359375,GALLSTONE,SVM,dp,1.0,13
0.4253676470588235,0.019669117647058823,255,64,0.058823529411764705,0.058823529411764705,0.1,0.5513654800751127,15,4,60,240,0.058823529411764705,0.0625,True,max_tpr_with_empirical_fpr_le_target,0.0,0.0,0.01,inf,0,0,64,255,0.0,0.0,False,max_tpr_with_empirical_fpr_le_target,0.0,0.0,0.001,inf,0,0,64,255,0.0,0.0,False,max_tpr_with_empirical_fpr_le_target,32,True,False,11.629643348557646,11.599039922972757,0.359375,GALLSTONE,SVM,dp,1.0,14
0.49307598039215683,0.10110294117647056,255,64,0.0392156862745098,0.0392156862745098,0.1,0.6695150446593177,10,6,58,245,0.0392156862745098,0.09375,True,max_tpr_with_empirical_fpr_le_target,0.00784313725490196,0.00784313725490196,0.01,1.291127565810414,2,0,64,253,0.00784313725490196,0.0,False,max_tpr_with_empirical_fpr_le_target,0.00784313725490196,0.00784313725490196,0.001,1.291127565810414,2,0,64,253,0.00784313725490196,0.0,False,max_tpr_with_empirical_fpr_le_target,32,True,False,10.912164588478442,10.703697102190056,0.359375,GALLSTONE,SVM,dp,1.0,15
0.5303921568627451,0.12009803921568629,255,64,0.10196078431372549,0.10196078431372549,0.1,0.47866180016067217,26,6,58,229,0.10196078431372549,0.09375,True,max_tpr_with_empirical_fpr_le_target,0.0,0.0,0.01,inf,0,0,64,255,0.0,0.0,False,max_tpr_with_empirical_fpr_le_target,0.0,0.0,0.001,inf,0,0,64,255,0.0,0.0,False,max_tpr_with_empirical_fpr_le_target,32,True,False,10.993604249869792,10.767215079856324,0.359375,GALLSTONE,SVM,dp,1.0,16
0.49632352941176466,0.10435049019607845,255,64,0.07450980392156863,0.07450980392156863,0.1,0.4775720001349235,19,6,58,236,0.07450980392156863,0.09375,True,max_tpr_with_empirical_fpr_le_target,0.00392156862745098,0.00392156862745098,0.01,1.4709617347739172,1,0,64,254,0.00392156862745098,0.0,False,max_tpr_with_empirical_fpr_le_target,0.00392156862745098,0.00392156862745098,0.001,1.4709617347739172,1,0,64,254,0.00392156862745098,0.0,False,max_tpr_with_empirical_fpr_le_target,32,True,False,12.548939200661744,12.407136866569594,0.359375,GALLSTONE,SVM,dp,1.0,17
0.4584558823529412,0.03878676470588238,255,64,0.07450980392156863,0.07450980392156863,0.1,0.45801342443444204,19,6,58,236,0.07450980392156863,0.09375,True,max_tpr_with_empirical_fpr_le_target,0.00392156862745098,0.00392156862745098,0.01,1.1637379932481422,1,0,64,254,0.00392156862745098,0.0,False,max_tpr_with_empirical_fpr_le_target,0.00392156862745098,0.00392156862745098,0.001,1.1637379932481422,1,0,64,254,0.00392156862745098,0.0,False,max_tpr_with_empirical_fpr_le_target,32,True,False,11.535129202258979,11.348692004671207,0.359375,GALLSTONE,SVM,dp,1.0,18
0.49338235294117644,0.11568627450980395,255,64,0.054901960784313725,0.054901960784313725,0.1,0.4774414046112758,14,6,58,241,0.054901960784313725,0.09375,True,max_tpr_with_empirical_fpr_le_target,0.0,0.0,0.01,inf,0,0,64,255,0.0,0.0,False,max_tpr_with_empirical_fpr_le_target,0.0,0.0,0.001,inf,0,0,64,255,0.0,0.0,False,max_tpr_with_empirical_fpr_le_target,32,True,False,11.152274580320244,11.019475735868374,0.359375,GALLSTONE,SVM,dp,1.0,19
0.5498161764705882,0.12064950980392153,255,64,0.047058823529411764,0.047058823529411764,0.1,0.5475963825486492,12,6,58,243,0.047058823529411764,0.09375,True,max_tpr_with_empirical_fpr_le_target,0.0,0.0,0.01,inf,0,0,64,255,0.0,0.0,False,max_tpr_with_empirical_fpr_le_target,0.0,0.0,0.001,inf,0,0,64,255,0.0,0.0,False,max_tpr_with_empirical_fpr_le_target,32,True,False,11.653275227644222,11.407670890109536,0.359375,GALLSTONE,SVM,dp,1.0,20
0.5385416666666667,0.13553921568627447,255,64,0.1450980392156863,0.1450980392156863,0.1,0.3491556360135384,37,6,58,218,0.1450980392156863,0.09375,True,max_tpr_with_empirical_fpr_le_target,0.0,0.0,0.01,inf,0,0,64,255,0.0,0.0,False,max_tpr_with_empirical_fpr_le_target,0.0,0.0,0.001,inf,0,0,64,255,0.0,0.0,False,max_tpr_with_empirical_fpr_le_target,32,True,False,11.531561647334334,11.292732717927604,0.359375,GALLSTONE,SVM,dp,1.0,21
0.5147058823529411,0.11409313725490197,255,64,0.20784313725490197,0.20784313725490197,0.1,0.26195849148223527,53,6,58,202,0.20784313725490197,0.09375,True,max_tpr_with_empirical_fpr_le_target,0.0,0.0,0.01,inf,0,0,64,255,0.0,0.0,False,max_tpr_with_empirical_fpr_le_target,0.0,0.0,0.001,inf,0,0,64,255,0.0,0.0,False,max_tpr_with_empirical_fpr_le_target,32,True,False,10.919290695126067,10.73252565499644,0.359375,GALLSTONE,SVM,dp,1.0,22
0.47990196078431374,0.06537990196078436,255,64,0.07058823529411765,0.07058823529411765,0.1,0.4178423967882612,18,6,58,237,0.07058823529411765,0.09375,True,max_tpr_with_empirical_fpr_le_target,0.00392156862745098,0.00392156862745098,0.01,1.0748717266698726,1,0,64,254,0.00392156862745098,0.0,False,max_tpr_with_empirical_fpr_le_target,0.00392156862745098,0.00392156862745098,0.001,1.0748717266698726,1,0,64,254,0.00392156862745098,0.0,False,max_tpr_with_empirical_fpr_le_target,32,True,False,11.334153992499397,11.159729200526357,0.359375,GALLSTONE,SVM,dp,1.0,23
0.42604166666666665,0.03529411764705882,255,64,0.06666666666666667,0.06666666666666667,0.1,0.45632854519350374,17,6,58,238,0.06666666666666667,0.09375,True,max_tpr_with_empirical_fpr_le_target,0.03529411764705882,0.03529411764705882,0.01,0.8144009475777696,9,0,64,246,0.03529411764705882,0.0,False,max_tpr_with_empirical_fpr_le_target,0.03529411764705882,0.03529411764705882,0.001,0.8144009475777696,9,0,64,246,0.03529411764705882,0.0,False,max_tpr_with_empirical_fpr_le_target,32,True,False,11.342576096084928,11.065080653094435,0.359375,GALLSTONE,SVM,dp,1.0,24
0.4693627450980392,0.035661764705882365,255,64,0.12941176470588237,0.12941176470588237,0.1,0.33565507653089544,33,6,58,222,0.12941176470588237,0.09375,True,max_tpr_with_empirical_fpr_le_target,0.00392156862745098,0.00392156862745098,0.01,1.2926682630190403,1,0,64,254,0.00392156862745098,0.0,False,max_tpr_with_empirical_fpr_le_target,0.00392156862745098,0.00392156862745098,0.001,1.2926682630190403,1,0,64,254,0.00392156862745098,0.0,False,max_tpr_with_empirical_fpr_le_target,32,True,False,11.533462847340312,11.314092368625412,0.359375,GALLSTONE,SVM,dp,1.0,25
0.5051470588235294,0.07487745098039217,255,64,0.16862745098039217,0.16862745098039217,0.1,0.23726180241448702,43,6,58,212,0.16862745098039217,0.09375,True,max_tpr_with_empirical_fpr_le_target,0.011764705882352941,0.011764705882352941,0.01,0.911348906089744,3,0,64,252,0.011764705882352941,0.0,False,max_tpr_with_empirical_fpr_le_target,0.011764705882352941,0.011764705882352941,0.001,0.911348906089744,3,0,64,252,0.011764705882352941,0.0,False,max_tpr_with_empirical_fpr_le_target,32,True,False,11.452509340881754,11.396381040026421,0.359375,GALLSTONE,SVM,dp,1.0,26
0.475796568627451,0.02990196078431373,255,64,0.10196078431372549,0.10196078431372549,0.1,0.48536658736024396,26,6,58,229,0.10196078431372549,0.09375,True,max_tpr_with_empirical_fpr_le_target,0.0,0.0,0.01,inf,0,0,64,255,0.0,0.0,False,max_tpr_with_empirical_fpr_le_target,0.0,0.0,0.001,inf,0,0,64,255,0.0,0.0,False,max_tpr_with_empirical_fpr_le_target,32,True,False,11.434367222596958,11.119002839021729,0.359375,GALLSTONE,SVM,dp,1.0,27
0.4594362745098039,0.04583333333333328,255,64,0.0784313725490196,0.0784313725490196,0.1,0.3652304906534787,20,6,58,235,0.0784313725490196,0.09375,True,max_tpr_with_empirical_fpr_le_target,0.00392156862745098,0.00392156862745098,0.01,1.06274715668903,1,0,64,254,0.00392156862745098,0.0,False,max_tpr_with_empirical_fpr_le_target,0.00392156862745098,0.00392156862745098,0.001,1.06274715668903,1,0,64,254,0.00392156862745098,0.0,False,max_tpr_with_empirical_fpr_le_target,32,True,False,11.798184194198125,11.546216319153068,0.359375,GALLSTONE,SVM,dp,1.0,28
0.42573529411764705,0.047610294117647056,255,64,0.0784313725490196,0.0784313725490196,0.1,0.46910440079623594,20,6,58,235,0.0784313725490196,0.09375,True,max_tpr_with_empirical_fpr_le_target,0.027450980392156862,0.027450980392156862,0.01,0.7114710258698986,7,0,64,248,0.027450980392156862,0.0,False,max_tpr_with_empirical_fpr_le_target,0.027450980392156862,0.027450980392156862,0.001,0.7114710258698986,7,0,64,248,0.027450980392156862,0.0,False,max_tpr_with_empirical_fpr_le_target,32,True,False,11.88272936661196,11.737058307712902,0.359375,GALLSTONE,SVM,dp,1.0,29
0.4723039215686275,0.06825980392156861,255,64,0.054901960784313725,0.054901960784313725,0.1,0.45251395623411383,14,6,58,241,0.054901960784313725,0.09375,True,max_tpr_with_empirical_fpr_le_target,0.00392156862745098,0.00392156862745098,0.01,1.4405513454428602,1,0,64,254,0.00392156862745098,0.0,False,max_tpr_with_empirical_fpr_le_target,0.00392156862745098,0.00392156862745098,0.001,1.4405513454428602,1,0,64,254,0.00392156862745098,0.0,False,max_tpr_with_empirical_fpr_le_target,32,True,False,5.874088144355346,6.086906451867899,0.484375,GALLSTONE,SVM,dp,2.0,0
0.4302696078431372,0.06243872549019602,255,64,0.07058823529411765,0.07058823529411765,0.1,0.3273935794854692,18,6,58,237,0.07058823529411765,0.09375,True,max_tpr_with_empirical_fpr_le_target,0.0,0.0,0.01,inf,0,0,64,255,0.0,0.0,False,max_tpr_with_empirical_fpr_le_target,0.0,0.0,0.001,inf,0,0,64,255,0.0,0.0,False,max_tpr_with_empirical_fpr_le_target,32,True,False,5.545996597775962,5.8337093468514905,0.484375,GALLSTONE,SVM,dp,2.0,1
0.5172794117647059,0.0963235294117647,255,64,0.06274509803921569,0.06274509803921569,0.1,0.23524208189731244,16,6,58,239,0.06274509803921569,0.09375,True,max_tpr_with_empirical_fpr_le_target,0.00784313725490196,0.00784313725490196,0.01,0.5787854784533253,2,0,64,253,0.00784313725490196,0.0,False,max_tpr_with_empirical_fpr_le_target,0.00784313725490196,0.00784313725490196,0.001,0.5787854784533253,2,0,64,253,0.00784313725490196,0.0,False,max_tpr_with_empirical_fpr_le_target,32,True,False,5.7977429420651045,6.059506732666144,0.484375,GALLSTONE,SVM,dp,2.0,2
0.5486519607843137,0.13210784313725488,255,64,0.0784313725490196,0.0784313725490196,0.1,0.326002591995048,20,5,59,235,0.0784313725490196,0.078125,True,max_tpr_with_empirical_fpr_le_target,0.0,0.0,0.01,inf,0,0,64,255,0.0,0.0,False,max_tpr_with_empirical_fpr_le_target,0.0,0.0,0.001,inf,0,0,64,255,0.0,0.0,False,max_tpr_with_empirical_fpr_le_target,32,True,False,5.654039101773038,5.779960003186179,0.484375,GALLSTONE,SVM,dp,2.0,3
0.5067401960784313,0.06605392156862744,255,64,0.058823529411764705,0.058823529411764705,0.1,0.30545288156013495,15,6,58,240,0.058823529411764705,0.09375,True,max_tpr_with_empirical_fpr_le_target,0.043137254901960784,0.043137254901960784,0.01,0.43762637589657505,11,0,64,244,0.043137254901960784,0.0,False,max_tpr_with_empirical_fpr_le_target,0.043137254901960784,0.043137254901960784,0.001,0.43762637589657505,11,0,64,244,0.043137254901960784,0.0,False,max_tpr_with_empirical_fpr_le_target,32,True,False,5.881249968191266,5.840756712662948,0.484375,GALLSTONE,SVM,dp,2.0,4
0.5205882352941176,0.08933823529411766,255,64,0.09411764705882353,0.09411764705882353,0.1,0.23031457768814523,24,6,58,231,0.09411764705882353,0.09375,True,max_tpr_with_empirical_fpr_le_target,0.0196078431372549,0.0196078431372549,0.01,0.8007807098346902,5,0,64,250,0.0196078431372549,0.0,False,max_tpr_with_empirical_fpr_le_target,0.0196078431372549,0.0196078431372549,0.001,0.8007807098346902,5,0,64,250,0.0196078431372549,0.0,False,max_tpr_with_empirical_fpr_le_target,32,True,False,5.680442874244626,5.941617170250738,0.484375,GALLSTONE,SVM,dp,2.0,5
0.4439338235294118,0.03057598039215681,255,64,0.03529411764705882,0.03529411764705882,0.1,0.5381013424760388,9,4,60,246,0.03529411764705882,0.0625,True,max_tpr_with_empirical_fpr_le_target,0.00392156862745098,0.00392156862745098,0.01,1.0313423113176392,1,0,64,254,0.00392156862745098,0.0,False,max_tpr_with_empirical_fpr_le_target,0.00392156862745098,0.00392156862745098,0.001,1.0313423113176392,1,0,64,254,0.00392156862745098,0.0,False,max_tpr_with_empirical_fpr_le_target,32,True,False,5.441515350281747,5.631456065056057,0.484375,GALLSTONE,SVM,dp,2.0,6
0.4114583333333333,0.0351102941176471,255,64,0.0784313725490196,0.0784313725490196,0.1,0.24511311046941442,20,6,58,235,0.0784313725490196,0.09375,True,max_tpr_with_empirical_fpr_le_target,0.00784313725490196,0.00784313725490196,0.01,0.6761094707293518,2,0,64,253,0.00784313725490196,0.0,False,max_tpr_with_empirical_fpr_le_target,0.00784313725490196,0.00784313725490196,0.001,0.6761094707293518,2,0,64,253,0.00784313725490196,0.0,False,max_tpr_with_empirical_fpr_le_target,32,True,False,5.70712223390322,6.071099814177798,0.484375,GALLSTONE,SVM,dp,2.0,7
0.5231004901960784,0.10392156862745094,255,64,0.1411764705882353,0.1411764705882353,0.1,0.1508680321770166,36,6,58,219,0.1411764705882353,0.09375,True,max_tpr_with_empirical_fpr_le_target,0.00392156862745098,0.00392156862745098,0.01,0.8928185883590469,1,0,64,254,0.00392156862745098,0.0,False,max_tpr_with_empirical_fpr_le_target,0.00392156862745098,0.00392156862745098,0.001,0.8928185883590469,1,0,64,254,0.00392156862745098,0.0,False,max_tpr_with_empirical_fpr_le_target,32,True,False,5.540077702859069,5.6612295833140465,0.484375,GALLSTONE,SVM,dp,2.0,8
0.4933823529411765,0.06832107843137253,255,64,0.0784313725490196,0.0784313725490196,0.1,0.24097680366489005,20,6,58,235,0.0784313725490196,0.09375,True,max_tpr_with_empirical_fpr_le_target,0.0,0.0,0.01,inf,0,0,64,255,0.0,0.0,False,max_tpr_with_empirical_fpr_le_target,0.0,0.0,0.001,inf,0,0,64,255,0.0,0.0,False,max_tpr_with_empirical_fpr_le_target,32,True,False,5.701093787082749,5.734290989245301,0.484375,GALLSTONE,SVM,dp,2.0,9
0.4391544117647059,0.034681372549019596,255,64,0.06666666666666667,0.06666666666666667,0.1,0.2308488234739512,17,6,58,238,0.06666666666666667,0.09375,True,max_tpr_with_empirical_fpr_le_target,0.0,0.0,0.01,inf,0,0,64,255,0.0,0.0,False,max_tpr_with_empirical_fpr_le_target,0.0,0.0,0.001,inf,0,0,64,255,0.0,0.0,False,max_tpr_with_empirical_fpr_le_target,32,True,False,5.674993494532496,6.111259129158806,0.484375,GALLSTONE,SVM,dp,2.0,10
0.5609681372549019,0.1110906862745098,255,64,0.19215686274509805,0.19215686274509805,0.1,0.1054927028018211,49,6,58,206,0.19215686274509805,0.09375,True,max_tpr_with_empirical_fpr_le_target,0.00784313725490196,0.00784313725490196,0.01,0.6147889529497781,2,0,64,253,0.00784313725490196,0.0,False,max_tpr_with_empirical_fpr_le_target,0.00784313725490196,0.00784313725490196,0.001,0.6147889529497781,2,0,64,253,0.00784313725490196,0.0,False,max_tpr_with_empirical_fpr_le_target,32,True,False,5.475612810249293,5.618959317891871,0.484375,GALLSTONE,SVM,dp,2.0,11
0.4956495098039216,0.046629901960784315,255,64,0.10588235294117647,0.10588235294117647,0.1,0.21520118114562736,27,6,58,228,0.10588235294117647,0.09375,True,max_tpr_with_empirical_fpr_le_target,0.00392156862745098,0.00392156862745098,0.01,1.7767221085168265,1,0,64,254,0.00392156862745098,0.0,False,max_tpr_with_empirical_fpr_le_target,0.00392156862745098,0.00392156862745098,0.001,1.7767221085168265,1,0,64,254,0.00392156862745098,0.0,False,max_tpr_with_empirical_fpr_le_target,32,True,False,5.442874725745817,5.699054857994851,0.484375,GALLSTONE,SVM,dp,2.0,12
0.4739583333333333,0.047549019607843135,255,64,0.08235294117647059,0.08235294117647059,0.1,0.2939986716097054,21,6,58,234,0.08235294117647059,0.09375,True,max_tpr_with_empirical_fpr_le_target,0.00784313725490196,0.00784313725490196,0.01,0.9648780750937136,2,0,64,253,0.00784313725490196,0.0,False,max_tpr_with_empirical_fpr_le_target,0.00784313725490196,0.00784313725490196,0.001,0.9648780750937136,2,0,64,253,0.00784313725490196,0.0,False,max_tpr_with_empirical_fpr_le_target,32,True,False,5.2500102263719715,5.586741157010777,0.484375,GALLSTONE,SVM,dp,2.0,13
0.46740196078431373,0.07395833333333335,255,64,0.07058823529411765,0.07058823529411765,0.1,0.22081998819327975,18,5,59,237,0.07058823529411765,0.078125,True,max_tpr_with_empirical_fpr_le_target,0.0,0.0,0.01,inf,0,0,64,255,0.0,0.0,False,max_tpr_with_empirical_fpr_le_target,0.0,0.0,0.001,inf,0,0,64,255,0.0,0.0,False,max_tpr_with_empirical_fpr_le_target,32,True,False,5.396132229522275,5.609083027169448,0.484375,GALLSTONE,SVM,dp,2.0,14
0.4837009803921569,0.07346813725490198,255,64,0.050980392156862744,0.050980392156862744,0.1,0.29810211804128484,13,6,58,242,0.050980392156862744,0.09375,True,max_tpr_with_empirical_fpr_le_target,0.00392156862745098,0.00392156862745098,0.01,1.4217116603016464,1,0,64,254,0.00392156862745098,0.0,False,max_tpr_with_empirical_fpr_le_target,0.00392156862745098,0.00392156862745098,0.001,1.4217116603016464,1,0,64,254,0.00392156862745098,0.0,False,max_tpr_with_empirical_fpr_le_target,32,True,False,5.8286627115175484,6.0380257361491205,0.484375,GALLSTONE,SVM,dp,2.0,15
0.5522671568627451,0.14644607843137253,255,64,0.13725490196078433,0.13725490196078433,0.1,0.18036452266734715,35,6,58,220,0.13725490196078433,0.09375,True,max_tpr_with_empirical_fpr_le_target,0.0196078431372549,0.0196078431372549,0.01,0.490992989433253,5,0,64,250,0.0196078431372549,0.0,False,max_tpr_with_empirical_fpr_le_target,0.0196078431372549,0.0196078431372549,0.001,0.490992989433253,5,0,64,250,0.0196078431372549,0.0,False,max_tpr_with_empirical_fpr_le_target,32,True,False,5.9291728437220765,6.17096543975413,0.484375,GALLSTONE,SVM,dp,2.0,16
0.5387867647058824,0.09969362745098043,255,64,0.10588235294117647,0.10588235294117647,0.1,0.19981883716991833,27,6,58,228,0.10588235294117647,0.09375,True,max_tpr_with_empirical_fpr_le_target,0.00392156862745098,0.00392156862745098,0.01,1.5510629295447522,1,0,64,254,0.00392156862745098,0.0,False,max_tpr_with_empirical_fpr_le_target,0.00392156862745098,0.00392156862745098,0.001,1.5510629295447522,1,0,64,254,0.00392156862745098,0.0,False,max_tpr_with_empirical_fpr_le_target,32,True,False,5.7581760307360845,5.914667848203969,0.484375,GALLSTONE,SVM,dp,2.0,17
0.4655637254901961,0.04638480392156863,255,64,0.050980392156862744,0.050980392156862744,0.1,0.35246313060767065,13,5,59,242,0.050980392156862744,0.078125,True,max_tpr_with_empirical_fpr_le_target,0.00392156862745098,0.00392156862745098,0.01,0.9158663602588808,1,0,64,254,0.00392156862745098,0.0,False,max_tpr_with_empirical_fpr_le_target,0.00392156862745098,0.00392156862745098,0.001,0.9158663602588808,1,0,64,254,0.00392156862745098,0.0,False,max_tpr_with_empirical_fpr_le_target,32,True,False,5.966155884604382,6.119213286961781,0.484375,GALLSTONE,SVM,dp,2.0,18
0.5249999999999999,0.12708333333333333,255,64,0.10980392156862745,0.10980392156862745,0.1,0.22918429731284906,28,6,58,227,0.10980392156862745,0.09375,True,max_tpr_with_empirical_fpr_le_target,0.0,0.0,0.01,inf,0,0,64,255,0.0,0.0,False,max_tpr_with_empirical_fpr_le_target,0.0,0.0,0.001,inf,0,0,64,255,0.0,0.0,False,max_tpr_with_empirical_fpr_le_target,32,True,False,5.407548467149158,5.674453591555433,0.484375,GALLSTONE,SVM,dp,2.0,19
0.6104166666666666,0.18909313725490196,255,64,0.15294117647058825,0.15294117647058825,0.1,0.12415431095413743,39,6,58,216,0.15294117647058825,0.09375,True,max_tpr_with_empirical_fpr_le_target,0.0,0.0,0.01,inf,0,0,64,255,0.0,0.0,False,max_tpr_with_empirical_fpr_le_target,0.0,0.0,0.001,inf,0,0,64,255,0.0,0.0,False,max_tpr_with_empirical_fpr_le_target,32,True,False,5.619432522949735,5.6501093629231764,0.484375,GALLSTONE,SVM,dp,2.0,20
0.5008578431372549,0.08174019607843142,255,64,0.054901960784313725,0.054901960784313725,0.1,0.36190467521073666,14,5,59,241,0.054901960784313725,0.078125,True,max_tpr_with_empirical_fpr_le_target,0.0,0.0,0.01,inf,0,0,64,255,0.0,0.0,False,max_tpr_with_empirical_fpr_le_target,0.0,0.0,0.001,inf,0,0,64,255,0.0,0.0,False,max_tpr_with_empirical_fpr_le_target,32,True,False,5.519375259466954,5.718742369544703,0.484375,GALLSTONE,SVM,dp,2.0,21
0.521078431372549,0.1549632352941176,255,64,0.08235294117647059,0.08235294117647059,0.1,0.22983374027223613,21,6,58,234,0.08235294117647059,0.09375,True,max_tpr_with_empirical_fpr_le_target,0.00392156862745098,0.00392156862745098,0.01,1.7485251242279984,1,0,64,254,0.00392156862745098,0.0,False,max_tpr_with_empirical_fpr_le_target,0.00392156862745098,0.00392156862745098,0.001,1.7485251242279984,1,0,64,254,0.00392156862745098,0.0,False,max_tpr_with_empirical_fpr_le_target,32,True,False,5.3993654081779745,5.551303566169693,0.484375,GALLSTONE,SVM,dp,2.0,22
0.5026960784313725,0.10128676470588238,255,64,0.06274509803921569,0.06274509803921569,0.1,0.2242104196031609,16,6,58,239,0.06274509803921569,0.09375,True,max_tpr_with_empirical_fpr_le_target,0.00392156862745098,0.00392156862745098,0.01,1.1851260756199888,1,0,64,254,0.00392156862745098,0.0,False,max_tpr_with_empirical_fpr_le_target,0.00392156862745098,0.00392156862745098,0.001,1.1851260756199888,1,0,64,254,0.00392156862745098,0.0,False,max_tpr_with_empirical_fpr_le_target,32,True,False,5.03584830679074,5.237540513268601,0.484375,GALLSTONE,SVM,dp,2.0,23
0.4635416666666667,0.015625,255,64,0.10588235294117647,0.10588235294117647,0.1,0.19812833889170856,27,6,58,228,0.10588235294117647,0.09375,True,max_tpr_with_empirical_fpr_le_target,0.00392156862745098,0.00392156862745098,0.01,1.9310381687620923,1,0,64,254,0.00392156862745098,0.0,False,max_tpr_with_empirical_fpr_le_target,0.00392156862745098,0.00392156862745098,0.001,1.9310381687620923,1,0,64,254,0.00392156862745098,0.0,False,max_tpr_with_empirical_fpr_le_target,32,True,False,5.744144841768246,5.8495233820198305,0.484375,GALLSTONE,SVM,dp,2.0,24
0.5166053921568627,0.12745098039215685,255,64,0.023529411764705882,0.023529411764705882,0.1,0.46887409723479045,6,6,58,249,0.023529411764705882,0.09375,True,max_tpr_with_empirical_fpr_le_target,0.0,0.0,0.01,inf,0,0,64,255,0.0,0.0,False,max_tpr_with_empirical_fpr_le_target,0.0,0.0,0.001,inf,0,0,64,255,0.0,0.0,False,max_tpr_with_empirical_fpr_le_target,32,True,False,5.389598861384242,5.502602612651316,0.484375,GALLSTONE,SVM,dp,2.0,25
0.5493259803921569,0.11090686274509803,255,64,0.09803921568627451,0.09803921568627451,0.1,0.16925382608606165,25,6,58,230,0.09803921568627451,0.09375,True,max_tpr_with_empirical_fpr_le_target,0.011764705882352941,0.011764705882352941,0.01,0.5391434087728157,3,0,64,252,0.011764705882352941,0.0,False,max_tpr_with_empirical_fpr_le_target,0.011764705882352941,0.011764705882352941,0.001,0.5391434087728157,3,0,64,252,0.011764705882352941,0.0,False,max_tpr_with_empirical_fpr_le_target,32,True,False,6.358424009415006,6.591138352256657,0.484375,GALLSTONE,SVM,dp,2.0,26
0.4651348039215687,0.06537990196078436,255,64,0.0196078431372549,0.0196078431372549,0.1,0.5338759123162324,5,5,59,250,0.0196078431372549,0.078125,True,max_tpr_with_empirical_fpr_le_target,0.00784313725490196,0.00784313725490196,0.01,1.758403807484207,2,0,64,253,0.00784313725490196,0.0,False,max_tpr_with_empirical_fpr_le_target,0.00784313725490196,0.00784313725490196,0.001,1.758403807484207,2,0,64,253,0.00784313725490196,0.0,False,max_tpr_with_empirical_fpr_le_target,32,True,False,5.6194490132225825,5.579983635503372,0.484375,GALLSTONE,SVM,dp,2.0,27
0.47254901960784323,0.08180147058823528,255,64,0.07058823529411765,0.07058823529411765,0.1,0.23115928265623964,18,6,58,237,0.07058823529411765,0.09375,True,max_tpr_with_empirical_fpr_le_target,0.023529411764705882,0.023529411764705882,0.01,0.48973344186026324,6,0,64,249,0.023529411764705882,0.0,False,max_tpr_with_empirical_fpr_le_target,0.023529411764705882,0.023529411764705882,0.001,0.48973344186026324,6,0,64,249,0.023529411764705882,0.0,False,max_tpr_with_empirical_fpr_le_target,32,True,False,5.892988270217114,6.04767985572394,0.484375,GALLSTONE,SVM,dp,2.0,28
0.4566176470588235,0.02720588235294119,255,64,0.058823529411764705,0.058823529411764705,0.1,0.29666257128481144,15,6,58,240,0.058823529411764705,0.09375,True,max_tpr_with_empirical_fpr_le_target,0.00392156862745098,0.00392156862745098,0.01,0.9344387115430841,1,0,64,254,0.00392156862745098,0.0,False,max_tpr_with_empirical_fpr_le_target,0.00392156862745098,0.00392156862745098,0.001,0.9344387115430841,1,0,64,254,0.00392156862745098,0.0,False,max_tpr_with_empirical_fpr_le_target,32,True,False,5.702646778196228,5.88765707104687,0.484375,GALLSTONE,SVM,dp,2.0,29
0.509313725490196,0.09209558823529407,255,64,0.09803921568627451,0.09803921568627451,0.1,0.31800964596918346,25,6,58,230,0.09803921568627451,0.09375,True,max_tpr_with_empirical_fpr_le_target,0.00392156862745098,0.00392156862745098,0.01,2.0126047403534653,1,0,64,254,0.00392156862745098,0.0,False,max_tpr_with_empirical_fpr_le_target,0.00392156862745098,0.00392156862745098,0.001,2.0126047403534653,1,0,64,254,0.00392156862745098,0.0,False,max_tpr_with_empirical_fpr_le_target,32,True,False,1.8008599217413772,1.9205352923735284,0.609375,GALLSTONE,SVM,dp,4.0,0
0.4245098039215686,0.06213235294117647,255,64,0.058823529411764705,0.058823529411764705,0.1,0.3685423942790238,15,6,58,240,0.058823529411764705,0.09375,True,max_tpr_with_empirical_fpr_le_target,0.0,0.0,0.01,inf,0,0,64,255,0.0,0.0,False,max_tpr_with_empirical_fpr_le_target,0.0,0.0,0.001,inf,0,0,64,255,0.0,0.0,False,max_tpr_with_empirical_fpr_le_target,32,True,False,1.6615972160112107,1.7933349419666584,0.609375,GALLSTONE,SVM,dp,4.0,1
0.5189338235294116,0.08370098039215684,255,64,0.10196078431372549,0.10196078431372549,0.1,0.21851441895532342,26,6,58,229,0.10196078431372549,0.09375,True,max_tpr_with_empirical_fpr_le_target,0.00392156862745098,0.00392156862745098,0.01,1.532136327420944,1,0,64,254,0.00392156862745098,0.0,False,max_tpr_with_empirical_fpr_le_target,0.00392156862745098,0.00392156862745098,0.001,1.532136327420944,1,0,64,254,0.00392156862745098,0.0,False,max_tpr_with_empirical_fpr_le_target,32,True,False,1.7643693777671992,1.8796531425780865,0.609375,GALLSTONE,SVM,dp,4.0,2
0.5508578431372548,0.1547794117647059,255,64,0.058823529411764705,0.058823529411764705,0.1,0.45942707301865626,15,6,58,240,0.058823529411764705,0.09375,True,max_tpr_with_empirical_fpr_le_target,0.00392156862745098,0.00392156862745098,0.01,1.351813066278954,1,0,64,254,0.00392156862745098,0.0,False,max_tpr_with_empirical_fpr_le_target,0.00392156862745098,0.00392156862745098,0.001,1.351813066278954,1,0,64,254,0.00392156862745098,0.0,False,max_tpr_with_empirical_fpr_le_target,32,True,False,1.7348824606082758,1.8228236046646502,0.609375,GALLSTONE,SVM,dp,4.0,3
0.4869485294117647,0.038541666666666696,255,64,0.09019607843137255,0.09019607843137255,0.1,0.2937023516553159,23,6,58,232,0.09019607843137255,0.09375,True,max_tpr_with_empirical_fpr_le_target,0.01568627450980392,0.01568627450980392,0.01,0.7809179067205281,4,0,64,251,0.01568627450980392,0.0,False,max_tpr_with_empirical_fpr_le_target,0.01568627450980392,0.01568627450980392,0.001,0.7809179067205281,4,0,64,251,0.01568627450980392,0.0,False,max_tpr_with_empirical_fpr_le_target,32,True,False,1.835118921319315,1.8251788842319054,0.609375,GALLSTONE,SVM,dp,4.0,4
0.5302696078431373,0.10857843137254897,255,64,0.10980392156862745,0.10980392156862745,0.1,0.25906141947388495,28,5,59,227,0.10980392156862745,0.078125,True,max_tpr_with_empirical_fpr_le_target,0.0196078431372549,0.0196078431372549,0.01,0.6905263793401781,5,0,64,250,0.0196078431372549,0.0,False,max_tpr_with_empirical_fpr_le_target,0.0196078431372549,0.0196078431372549,0.001,0.6905263793401781,5,0,64,250,0.0196078431372549,0.0,False,max_tpr_with_empirical_fpr_le_target,32,True,False,1.716228048368424,1.798834785175958,0.609375,GALLSTONE,SVM,dp,4.0,5
0.471078431372549,0.07702205882352942,255,64,0.06274509803921569,0.06274509803921569,0.1,0.4329716092560516,16,6,58,239,0.06274509803921569,0.09375,True,max_tpr_with_empirical_fpr_le_target,0.00392156862745098,0.00392156862745098,0.01,1.3061983235949093,1,0,64,254,0.00392156862745098,0.0,False,max_tpr_with_empirical_fpr_le_target,0.00392156862745098,0.00392156862745098,0.001,1.3061983235949093,1,0,64,254,0.00392156862745098,0.0,False,max_tpr_with_empirical_fpr_le_target,32,True,False,1.6801081621153595,1.78670707856687,0.609375,GALLSTONE,SVM,dp,4.0,6
0.46672794117647065,0.03125,255,64,0.09803921568627451,0.09803921568627451,0.1,0.2647030818414313,25,6,58,230,0.09803921568627451,0.09375,True,max_tpr_with_empirical_fpr_le_target,0.0,0.0,0.01,inf,0,0,64,255,0.0,0.0,False,max_tpr_with_empirical_fpr_le_target,0.0,0.0,0.001,inf,0,0,64,255,0.0,0.0,False,max_tpr_with_empirical_fpr_le_target,32,True,False,1.7815769387801355,1.943026493336323,0.609375,GALLSTONE,SVM,dp,4.0,7
0.5423406862745098,0.14344362745098038,255,64,0.09803921568627451,0.09803921568627451,0.1,0.2730140223237316,25,6,58,230,0.09803921568627451,0.09375,True,max_tpr_with_empirical_fpr_le_target,0.00784313725490196,0.00784313725490196,0.01,1.0567544424185824,2,0,64,253,0.00784313725490196,0.0,False,max_tpr_with_empirical_fpr_le_target,0.00784313725490196,0.00784313725490196,0.001,1.0567544424185824,2,0,64,253,0.00784313725490196,0.0,False,max_tpr_with_empirical_fpr_le_target,32,True,False,1.6970532550898054,1.756135880582447,0.609375,GALLSTONE,SVM,dp,4.0,8
0.4946078431372549,0.07401960784313721,255,64,0.06274509803921569,0.06274509803921569,0.1,0.3874201358722664,16,5,59,239,0.06274509803921569,0.078125,True,max_tpr_with_empirical_fpr_le_target,0.00392156862745098,0.00392156862745098,0.01,1.9842680382782563,1,0,64,254,0.00392156862745098,0.0,False,max_tpr_with_empirical_fpr_le_target,0.00392156862745098,0.00392156862745098,0.001,1.9842680382782563,1,0,64,254,0.00392156862745098,0.0,False,max_tpr_with_empirical_fpr_le_target,32,True,False,1.7068748004257432,1.7586119920957073,0.609375,GALLSTONE,SVM,dp,4.0,9
0.4550245098039216,0.07775735294117647,255,64,0.058823529411764705,0.058823529411764705,0.1,0.3402171742860385,15,6,58,240,0.058823529411764705,0.09375,True,max_tpr_with_empirical_fpr_le_target,0.0,0.0,0.01,inf,0,0,64,255,0.0,0.0,False,max_tpr_with_empirical_fpr_le_target,0.0,0.0,0.001,inf,0,0,64,255,0.0,0.0,False,max_tpr_with_empirical_fpr_le_target,32,True,False,1.724346717313136,1.9288559089606383,0.609375,GALLSTONE,SVM,dp,4.0,10
0.5955269607843137,0.19001225490196083,255,64,0.14901960784313725,0.14901960784313725,0.1,0.18183571784316044,38,6,58,217,0.14901960784313725,0.09375,True,max_tpr_with_empirical_fpr_le_target,0.0,0.0,0.01,inf,0,0,64,255,0.0,0.0,False,max_tpr_with_empirical_fpr_le_target,0.0,0.0,0.001,inf,0,0,64,255,0.0,0.0,False,max_tpr_with_empirical_fpr_le_target,32,True,False,1.677197552710333,1.7593894130517589,0.609375,GALLSTONE,SVM,dp,4.0,11
0.5330269607843137,0.15551470588235294,255,64,0.10196078431372549,0.10196078431372549,0.1,0.24855156410301227,26,6,58,229,0.10196078431372549,0.09375,True,max_tpr_with_empirical_fpr_le_target,0.00392156862745098,0.00392156862745098,0.01,2.334721654714669,1,0,64,254,0.00392156862745098,0.0,False,max_tpr_with_empirical_fpr_le_target,0.00392156862745098,0.00392156862745098,0.001,2.334721654714669,1,0,64,254,0.00392156862745098,0.0,False,max_tpr_with_empirical_fpr_le_target,32,True,False,1.6329624560422447,1.7591356998156658,0.609375,GALLSTONE,SVM,dp,4.0,12
0.4777573529411765,0.07794117647058818,255,64,0.13725490196078433,0.13725490196078433,0.1,0.2830050421782824,35,6,58,220,0.13725490196078433,0.09375,True,max_tpr_with_empirical_fpr_le_target,0.00784313725490196,0.00784313725490196,0.01,0.9374618955892697,2,0,64,253,0.00784313725490196,0.0,False,max_tpr_with_empirical_fpr_le_target,0.00784313725490196,0.00784313725490196,0.001,0.9374618955892697,2,0,64,253,0.00784313725490196,0.0,False,max_tpr_with_empirical_fpr_le_target,32,True,False,1.5569239059737845,1.7029343530586243,0.609375,GALLSTONE,SVM,dp,4.0,13
0.5077818627450981,0.07022058823529409,255,64,0.12941176470588237,0.12941176470588237,0.1,0.19744960010902646,33,6,58,222,0.12941176470588237,0.09375,True,max_tpr_with_empirical_fpr_le_target,0.0,0.0,0.01,inf,0,0,64,255,0.0,0.0,False,max_tpr_with_empirical_fpr_le_target,0.0,0.0,0.001,inf,0,0,64,255,0.0,0.0,False,max_tpr_with_empirical_fpr_le_target,32,True,False,1.693909240585924,1.7786599129523688,0.609375,GALLSTONE,SVM,dp,4.0,14
0.5124387254901961,0.13198529411764703,255,64,0.06274509803921569,0.06274509803921569,0.1,0.3089596983733609,16,6,58,239,0.06274509803921569,0.09375,True,max_tpr_with_empirical_fpr_le_target,0.00784313725490196,0.00784313725490196,0.01,1.3618804399154278,2,0,64,253,0.00784313725490196,0.0,False,max_tpr_with_empirical_fpr_le_target,0.00784313725490196,0.00784313725490196,0.001,1.3618804399154278,2,0,64,253,0.00784313725490196,0.0,False,max_tpr_with_empirical_fpr_le_target,32,True,False,1.7651280794293767,1.822635800304941,0.609375,GALLSTONE,SVM,dp,4.0,15
0.5643995098039216,0.15459558823529407,255,64,0.10588235294117647,0.10588235294117647,0.1,0.292913960173248,27,6,58,228,0.10588235294117647,0.09375,True,max_tpr_with_empirical_fpr_le_target,0.043137254901960784,0.043137254901960784,0.01,0.5126887718019408,11,0,64,244,0.043137254901960784,0.0,False,max_tpr_with_empirical_fpr_le_target,0.043137254901960784,0.043137254901960784,0.001,0.5126887718019408,11,0,64,244,0.043137254901960784,0.0,False,max_tpr_with_empirical_fpr_le_target,32,True,False,1.7868931850295442,1.9069140726338414,0.609375,GALLSTONE,SVM,dp,4.0,16
0.5955882352941175,0.19019607843137254,255,64,0.16470588235294117,0.16470588235294117,0.1,0.18044982025633027,42,6,58,213,0.16470588235294117,0.09375,True,max_tpr_with_empirical_fpr_le_target,0.0,0.0,0.01,inf,0,0,64,255,0.0,0.0,False,max_tpr_with_empirical_fpr_le_target,0.0,0.0,0.001,inf,0,0,64,255,0.0,0.0,False,max_tpr_with_empirical_fpr_le_target,32,True,False,1.682409285700562,1.7947968466379758,0.609375,GALLSTONE,SVM,dp,4.0,17
0.45447303921568627,0.030943627450980338,255,64,0.058823529411764705,0.058823529411764705,0.1,0.39864111504902033,15,5,59,240,0.058823529411764705,0.078125,True,max_tpr_with_empirical_fpr_le_target,0.00392156862745098,0.00392156862745098,0.01,1.2505214954590822,1,0,64,254,0.00392156862745098,0.0,False,max_tpr_with_empirical_fpr_le_target,0.00392156862745098,0.00392156862745098,0.001,1.2505214954590822,1,0,64,254,0.00392156862745098,0.0,False,max_tpr_with_empirical_fpr_le_target,32,True,False,1.7504845496107035,1.832604831476652,0.609375,GALLSTONE,SVM,dp,4.0,18
0.5454044117647059,0.1821691176470588,255,64,0.06666666666666667,0.06666666666666667,0.1,0.3606132526054133,17,6,58,238,0.06666666666666667,0.09375,True,max_tpr_with_empirical_fpr_le_target,0.0,0.0,0.01,inf,0,0,64,255,0.0,0.0,False,max_tpr_with_empirical_fpr_le_target,0.0,0.0,0.001,inf,0,0,64,255,0.0,0.0,False,max_tpr_with_empirical_fpr_le_target,32,True,False,1.5961634270661114,1.7053686371360135,0.609375,GALLSTONE,SVM,dp,4.0,19
0.6365808823529413,0.24577205882352937,255,64,0.19215686274509805,0.19215686274509805,0.1,0.1335391177968308,49,6,58,206,0.19215686274509805,0.09375,True,max_tpr_with_empirical_fpr_le_target,0.00392156862745098,0.00392156862745098,0.01,1.1282804635183983,1,0,64,254,0.00392156862745098,0.0,False,max_tpr_with_empirical_fpr_le_target,0.00392156862745098,0.00392156862745098,0.001,1.1282804635183983,1,0,64,254,0.00392156862745098,0.0,False,max_tpr_with_empirical_fpr_le_target,32,True,False,1.7163934059672206,1.7663419368620465,0.609375,GALLSTONE,SVM,dp,4.0,20
0.5137254901960784,0.11231617647058822,255,64,0.047058823529411764,0.047058823529411764,0.1,0.5248450968392158,12,6,58,243,0.047058823529411764,0.09375,True,max_tpr_with_empirical_fpr_le_target,0.0,0.0,0.01,inf,0,0,64,255,0.0,0.0,False,max_tpr_with_empirical_fpr_le_target,0.0,0.0,0.001,inf,0,0,64,255,0.0,0.0,False,max_tpr_with_empirical_fpr_le_target,32,True,False,1.6790189101432944,1.775556131282664,0.609375,GALLSTONE,SVM,dp,4.0,21
0.5316176470588235,0.1481004901960784,255,64,0.10980392156862745,0.10980392156862745,0.1,0.20182373485324367,28,6,58,227,0.10980392156862745,0.09375,True,max_tpr_with_empirical_fpr_le_target,0.00392156862745098,0.00392156862745098,0.01,1.735487096471097,1,0,64,254,0.00392156862745098,0.0,False,max_tpr_with_empirical_fpr_le_target,0.00392156862745098,0.00392156862745098,0.001,1.735487096471097,1,0,64,254,0.00392156862745098,0.0,False,max_tpr_with_empirical_fpr_le_target,32,True,False,1.6515889294222197,1.690523837223596,0.609375,GALLSTONE,SVM,dp,4.0,22
0.5096200980392158,0.10912990196078431,255,64,0.06666666666666667,0.06666666666666667,0.1,0.28436866760049795,17,6,58,238,0.06666666666666667,0.09375,True,max_tpr_with_empirical_fpr_le_target,0.0,0.0,0.01,inf,0,0,64,255,0.0,0.0,False,max_tpr_with_empirical_fpr_le_target,0.0,0.0,0.001,inf,0,0,64,255,0.0,0.0,False,max_tpr_with_empirical_fpr_le_target,32,True,False,1.5248943840395726,1.5996010867737076,0.609375,GALLSTONE,SVM,dp,4.0,23
0.4829656862745098,0.05343137254901964,255,64,0.058823529411764705,0.058823529411764705,0.1,0.37357076116759025,15,6,58,240,0.058823529411764705,0.09375,True,max_tpr_with_empirical_fpr_le_target,0.00392156862745098,0.00392156862745098,0.01,2.0025675886889243,1,0,64,254,0.00392156862745098,0.0,False,max_tpr_with_empirical_fpr_le_target,0.00392156862745098,0.00392156862745098,0.001,2.0025675886889243,1,0,64,254,0.00392156862745098,0.0,False,max_tpr_with_empirical_fpr_le_target,32,True,False,1.735803649492521,1.8331247848919647,0.609375,GALLSTONE,SVM,dp,4.0,24
0.5350490196078431,0.16678921568627447,255,64,0.023529411764705882,0.023529411764705882,0.1,0.5924695571799141,6,6,58,249,0.023529411764705882,0.09375,True,max_tpr_with_empirical_fpr_le_target,0.0,0.0,0.01,inf,0,0,64,255,0.0,0.0,False,max_tpr_with_empirical_fpr_le_target,0.0,0.0,0.001,inf,0,0,64,255,0.0,0.0,False,max_tpr_with_empirical_fpr_le_target,32,True,False,1.642147342974391,1.736780508823708,0.609375,GALLSTONE,SVM,dp,4.0,25
0.5571078431372548,0.19037990196078436,255,64,0.08235294117647059,0.08235294117647059,0.1,0.24105204898084143,21,6,58,234,0.08235294117647059,0.09375,True,max_tpr_with_empirical_fpr_le_target,0.00784313725490196,0.00784313725490196,0.01,1.2770696549329728,2,0,64,253,0.00784313725490196,0.0,False,max_tpr_with_empirical_fpr_le_target,0.00784313725490196,0.00784313725490196,0.001,1.2770696549329728,2,0,64,253,0.00784313725490196,0.0,False,max_tpr_with_empirical_fpr_le_target,32,True,False,1.8289368345113737,1.923599960209662,0.609375,GALLSTONE,SVM,dp,4.0,26
0.4642769607843137,0.06599264705882357,255,64,0.03529411764705882,0.03529411764705882,0.1,0.4210496297051656,9,6,58,246,0.03529411764705882,0.09375,True,max_tpr_with_empirical_fpr_le_target,0.00784313725490196,0.00784313725490196,0.01,2.6731865784777122,2,0,64,253,0.00784313725490196,0.0,False,max_tpr_with_empirical_fpr_le_target,0.00784313725490196,0.00784313725490196,0.001,2.6731865784777122,2,0,64,253,0.00784313725490196,0.0,False,max_tpr_with_empirical_fpr_le_target,32,True,False,1.6876522366823288,1.7063213323994273,0.609375,GALLSTONE,SVM,dp,4.0,27
0.4956495098039216,0.06629901960784312,255,64,0.08627450980392157,0.08627450980392157,0.1,0.29470354154014555,22,6,58,233,0.08627450980392157,0.09375,True,max_tpr_with_empirical_fpr_le_target,0.00392156862745098,0.00392156862745098,0.01,0.9682730662429362,1,0,64,254,0.00392156862745098,0.0,False,max_tpr_with_empirical_fpr_le_target,0.00392156862745098,0.00392156862745098,0.001,0.9682730662429362,1,0,64,254,0.00392156862745098,0.0,False,max_tpr_with_empirical_fpr_le_target,32,True,False,1.760567400357244,1.8610038386960184,0.609375,GALLSTONE,SVM,dp,4.0,28
0.4649509803921568,0.053186274509803955,255,64,0.050980392156862744,0.050980392156862744,0.1,0.4179156083829172,13,6,58,242,0.050980392156862744,0.09375,True,max_tpr_with_empirical_fpr_le_target,0.0,0.0,0.01,inf,0,0,64,255,0.0,0.0,False,max_tpr_with_empirical_fpr_le_target,0.0,0.0,0.001,inf,0,0,64,255,0.0,0.0,False,max_tpr_with_empirical_fpr_le_target,32,True,False,1.662564193324867,1.754519400492997,0.609375,GALLSTONE,SVM,dp,4.0,29
0.5427083333333332,0.1198529411764706,255,64,0.09411764705882353,0.09411764705882353,0.1,0.38193713614746994,24,6,58,231,0.09411764705882353,0.09375,True,max_tpr_with_empirical_fpr_le_target,0.00392156862745098,0.00392156862745098,0.01,2.7428643448357084,1,0,64,254,0.00392156862745098,0.0,False,max_tpr_with_empirical_fpr_le_target,0.00392156862745098,0.00392156862745098,0.001,2.7428643448357084,1,0,64,254,0.00392156862745098,0.0,False,max_tpr_with_empirical_fpr_le_target,32,True,False,0.8500595757661249,0.9053018188029375,0.765625,GALLSTONE,SVM,dp,8.0,0
0.4590073529411765,0.09699754901960789,255,64,0.054901960784313725,0.054901960784313725,0.1,0.45476724703347005,14,5,59,241,0.054901960784313725,0.078125,True,max_tpr_with_empirical_fpr_le_target,0.0,0.0,0.01,inf,0,0,64,255,0.0,0.0,False,max_tpr_with_empirical_fpr_le_target,0.0,0.0,0.001,inf,0,0,64,255,0.0,0.0,False,max_tpr_with_empirical_fpr_le_target,32,True,False,0.781643402702548,0.8429929574136276,0.765625,GALLSTONE,SVM,dp,8.0,1
0.5318014705882352,0.10073529411764703,255,64,0.11764705882352941,0.11764705882352941,0.1,0.2523527650533035,30,6,58,225,0.11764705882352941,0.09375,True,max_tpr_with_empirical_fpr_le_target,0.0,0.0,0.01,inf,0,0,64,255,0.0,0.0,False,max_tpr_with_empirical_fpr_le_target,0.0,0.0,0.001,inf,0,0,64,255,0.0,0.0,False,max_tpr_with_empirical_fpr_le_target,32,True,False,0.8249304871543307,0.8763764566144853,0.765625,GALLSTONE,SVM,dp,8.0,2
0.5473651960784314,0.1859681372549019,255,64,0.11372549019607843,0.11372549019607843,0.1,0.35552656681260086,29,6,58,226,0.11372549019607843,0.09375,True,max_tpr_with_empirical_fpr_le_target,0.00392156862745098,0.00392156862745098,0.01,2.011101095284098,1,0,64,254,0.00392156862745098,0.0,False,max_tpr_with_empirical_fpr_le_target,0.00392156862745098,0.00392156862745098,0.001,2.011101095284098,1,0,64,254,0.00392156862745098,0.0,False,max_tpr_with_empirical_fpr_le_target,32,True,False,0.8178840165404964,0.8670877897349518,0.765625,GALLSTONE,SVM,dp,8.0,3
0.5029411764705882,0.08517156862745101,255,64,0.10588235294117647,0.10588235294117647,0.1,0.33162882189393805,27,6,58,228,0.10588235294117647,0.09375,True,max_tpr_with_empirical_fpr_le_target,0.00784313725490196,0.00784313725490196,0.01,1.6642236533614931,2,0,64,253,0.00784313725490196,0.0,False,max_tpr_with_empirical_fpr_le_target,0.00784313725490196,0.00784313725490196,0.001,1.6642236533614931,2,0,64,253,0.00784313725490196,0.0,False,max_tpr_with_empirical_fpr_le_target,32,True,False,0.88639949983599,0.8909682530973893,0.765625,GALLSTONE,SVM,dp,8.0,4
0.5279411764705882,0.12058823529411766,255,64,0.10588235294117647,0.10588235294117647,0.1,0.3070614602249384,27,6,58,228,0.10588235294117647,0.09375,True,max_tpr_with_empirical_fpr_le_target,0.0196078431372549,0.0196078431372549,0.01,1.1280126517565556,5,0,64,250,0.0196078431372549,0.0,False,max_tpr_with_empirical_fpr_le_target,0.0196078431372549,0.0196078431372549,0.001,1.1280126517565556,5,0,64,250,0.0196078431372549,0.0,False,max_tpr_with_empirical_fpr_le_target,32,True,False,0.8277789832113486,0.8681910989652933,0.765625,GALLSTONE,SVM,dp,8.0,5
0.5269607843137256,0.13480392156862742,255,64,0.12156862745098039,0.12156862745098039,0.1,0.37268021767728765,31,6,58,224,0.12156862745098039,0.09375,True,max_tpr_with_empirical_fpr_le_target,0.00392156862745098,0.00392156862745098,0.01,2.34400268403186,1,0,64,254,0.00392156862745098,0.0,False,max_tpr_with_empirical_fpr_le_target,0.00392156862745098,0.00392156862745098,0.001,2.34400268403186,1,0,64,254,0.00392156862745098,0.0,False,max_tpr_with_empirical_fpr_le_target,32,True,False,0.7945890867650647,0.8451277331157249,0.765625,GALLSTONE,SVM,dp,8.0,6
0.46531862745098035,0.03878676470588238,255,64,0.07450980392156863,0.07450980392156863,0.1,0.4163678795818403,19,6,58,236,0.07450980392156863,0.09375,True,max_tpr_with_empirical_fpr_le_target,0.0,0.0,0.01,inf,0,0,64,255,0.0,0.0,False,max_tpr_with_empirical_fpr_le_target,0.0,0.0,0.001,inf,0,0,64,255,0.0,0.0,False,max_tpr_with_empirical_fpr_le_target,32,True,False,0.8322349647509678,0.911341358697023,0.765625,GALLSTONE,SVM,dp,8.0,7
0.5362745098039217,0.11213235294117652,255,64,0.0784313725490196,0.0784313725490196,0.1,0.35858686231114656,20,6,58,235,0.0784313725490196,0.09375,True,max_tpr_with_empirical_fpr_le_target,0.00392156862745098,0.00392156862745098,0.01,1.594156244659054,1,0,64,254,0.00392156862745098,0.0,False,max_tpr_with_empirical_fpr_le_target,0.00392156862745098,0.00392156862745098,0.001,1.594156244659054,1,0,64,254,0.00392156862745098,0.0,False,max_tpr_with_empirical_fpr_le_target,32,True,False,0.8141193308826717,0.8375080913587157,0.765625,GALLSTONE,SVM,dp,8.0,8
0.5442401960784313,0.14754901960784317,255,64,0.10588235294117647,0.10588235294117647,0.1,0.2929708477505417,27,6,58,228,0.10588235294117647,0.09375,True,max_tpr_with_empirical_fpr_le_target,0.00392156862745098,0.00392156862745098,0.01,1.7924928782671141,1,0,64,254,0.00392156862745098,0.0,False,max_tpr_with_empirical_fpr_le_target,0.00392156862745098,0.00392156862745098,0.001,1.7924928782671141,1,0,64,254,0.00392156862745098,0.0,False,max_tpr_with_empirical_fpr_le_target,32,True,False,0.8138714179995309,0.851883901676823,0.765625,GALLSTONE,SVM,dp,8.0,9
0.5020220588235293,0.08854166666666663,255,64,0.054901960784313725,0.054901960784313725,0.1,0.4108819364868286,14,6,58,241,0.054901960784313725,0.09375,True,max_tpr_with_empirical_fpr_le_target,0.00392156862745098,0.00392156862745098,0.01,1.4476718921788048,1,0,64,254,0.00392156862745098,0.0,False,max_tpr_with_empirical_fpr_le_target,0.00392156862745098,0.00392156862745098,0.001,1.4476718921788048,1,0,64,254,0.00392156862745098,0.0,False,max_tpr_with_empirical_fpr_le_target,32,True,False,0.8327491841684791,0.917041129511723,0.765625,GALLSTONE,SVM,dp,8.0,10
0.5939338235294118,0.19448529411764703,255,64,0.17254901960784313,0.17254901960784313,0.1,0.19883436131944454,44,6,58,211,0.17254901960784313,0.09375,True,max_tpr_with_empirical_fpr_le_target,0.0,0.0,0.01,inf,0,0,64,255,0.0,0.0,False,max_tpr_with_empirical_fpr_le_target,0.0,0.0,0.001,inf,0,0,64,255,0.0,0.0,False,max_tpr_with_empirical_fpr_le_target,32,True,False,0.8067165425652167,0.8296410084241769,0.765625,GALLSTONE,SVM,dp,8.0,11
0.5637254901960784,0.14730392156862748,255,64,0.09019607843137255,0.09019607843137255,0.1,0.3279576990903227,23,6,58,232,0.09019607843137255,0.09375,True,max_tpr_with_empirical_fpr_le_target,0.00392156862745098,0.00392156862745098,0.01,2.740047307476723,1,0,64,254,0.00392156862745098,0.0,False,max_tpr_with_empirical_fpr_le_target,0.00392156862745098,0.00392156862745098,0.001,2.740047307476723,1,0,64,254,0.00392156862745098,0.0,False,max_tpr_with_empirical_fpr_le_target,32,True,False,0.7890946175816385,0.8475027291223665,0.765625,GALLSTONE,SVM,dp,8.0,12
0.5143995098039216,0.09252450980392157,255,64,0.08235294117647059,0.08235294117647059,0.1,0.3838757241080917,21,6,58,234,0.08235294117647059,0.09375,True,max_tpr_with_empirical_fpr_le_target,0.00784313725490196,0.00784313725490196,0.01,1.3611189786630051,2,0,64,253,0.00784313725490196,0.0,False,max_tpr_with_empirical_fpr_le_target,0.00784313725490196,0.00784313725490196,0.001,1.3611189786630051,2,0,64,253,0.00784313725490196,0.0,False,max_tpr_with_empirical_fpr_le_target,32,True,False,0.7514667239260125,0.8186098302203371,0.765625,GALLSTONE,SVM,dp,8.0,13
0.5061887254901961,0.07469362745098039,255,64,0.1411764705882353,0.1411764705882353,0.1,0.2251549313352328,36,6,58,219,0.1411764705882353,0.09375,True,max_tpr_with_empirical_fpr_le_target,0.0,0.0,0.01,inf,0,0,64,255,0.0,0.0,False,max_tpr_with_empirical_fpr_le_target,0.0,0.0,0.001,inf,0,0,64,255,0.0,0.0,False,max_tpr_with_empirical_fpr_le_target,32,True,False,0.8177811017194688,0.8585523953415672,0.765625,GALLSTONE,SVM,dp,8.0,14
0.5394607843137255,0.16335784313725488,255,64,0.08627450980392157,0.08627450980392157,0.1,0.36410274256716213,22,6,58,233,0.08627450980392157,0.09375,True,max_tpr_with_empirical_fpr_le_target,0.00392156862745098,0.00392156862745098,0.01,2.83747453503124,1,0,64,254,0.00392156862745098,0.0,False,max_tpr_with_empirical_fpr_le_target,0.00392156862745098,0.00392156862745098,0.001,2.83747453503124,1,0,64,254,0.00392156862745098,0.0,False,max_tpr_with_empirical_fpr_le_target,32,True,False,0.7974346966212423,0.8325640091071685,0.765625,GALLSTONE,SVM,dp,8.0,15
0.6173406862745098,0.22499999999999998,255,64,0.09019607843137255,0.09019607843137255,0.1,0.4269033616592326,23,5,59,232,0.09019607843137255,0.078125,True,max_tpr_with_empirical_fpr_le_target,0.01568627450980392,0.01568627450980392,0.01,0.885468658648799,4,0,64,251,0.01568627450980392,0.0,False,max_tpr_with_empirical_fpr_le_target,0.01568627450980392,0.01568627450980392,0.001,0.885468658648799,4,0,64,251,0.01568627450980392,0.0,False,max_tpr_with_empirical_fpr_le_target,32,True,False,0.8512087061282336,0.9020053211973444,0.765625,GALLSTONE,SVM,dp,8.0,16
0.5996323529411764,0.20214460784313726,255,64,0.12941176470588237,0.12941176470588237,0.1,0.27743405395148857,33,6,58,222,0.12941176470588237,0.09375,True,max_tpr_with_empirical_fpr_le_target,0.0,0.0,0.01,inf,0,0,64,255,0.0,0.0,False,max_tpr_with_empirical_fpr_le_target,0.0,0.0,0.001,inf,0,0,64,255,0.0,0.0,False,max_tpr_with_empirical_fpr_le_target,32,True,False,0.7898240218851673,0.8415817670109511,0.765625,GALLSTONE,SVM,dp,8.0,17
0.46329656862745094,0.0663602941176471,255,64,0.03137254901960784,0.03137254901960784,0.1,0.5680992988686682,8,6,58,247,0.03137254901960784,0.09375,True,max_tpr_with_empirical_fpr_le_target,0.00392156862745098,0.00392156862745098,0.01,1.4261619413314088,1,0,64,254,0.00392156862745098,0.0,False,max_tpr_with_empirical_fpr_le_target,0.00392156862745098,0.00392156862745098,0.001,1.4261619413314088,1,0,64,254,0.00392156862745098,0.0,False,max_tpr_with_empirical_fpr_le_target,32,True,False,0.8098491684263975,0.8623002491798128,0.765625,GALLSTONE,SVM,dp,8.0,18
0.5444240196078431,0.16691176470588232,255,64,0.06274509803921569,0.06274509803921569,0.1,0.46021359537059814,16,6,58,239,0.06274509803921569,0.09375,True,max_tpr_with_empirical_fpr_le_target,0.0,0.0,0.01,inf,0,0,64,255,0.0,0.0,False,max_tpr_with_empirical_fpr_le_target,0.0,0.0,0.001,inf,0,0,64,255,0.0,0.0,False,max_tpr_with_empirical_fpr_le_target,32,True,False,0.7557418899226642,0.7967193534149564,0.765625,GALLSTONE,SVM,dp,8.0,19
0.653921568627451,0.26017156862745094,255,64,0.2549019607843137,0.2549019607843137,0.1,0.11990024988897496,65,6,58,190,0.2549019607843137,0.09375,True,max_tpr_with_empirical_fpr_le_target,0.0,0.0,0.01,inf,0,0,64,255,0.0,0.0,False,max_tpr_with_empirical_fpr_le_target,0.0,0.0,0.001,inf,0,0,64,255,0.0,0.0,False,max_tpr_with_empirical_fpr_le_target,32,True,False,0.7784143547303325,0.7967003144483803,0.765625,GALLSTONE,SVM,dp,8.0,20
0.5345588235294119,0.08462009803921566,255,64,0.11764705882352941,0.11764705882352941,0.1,0.3441781513149764,30,6,58,225,0.11764705882352941,0.09375,True,max_tpr_with_empirical_fpr_le_target,0.0,0.0,0.01,inf,0,0,64,255,0.0,0.0,False,max_tpr_with_empirical_fpr_le_target,0.0,0.0,0.001,inf,0,0,64,255,0.0,0.0,False,max_tpr_with_empirical_fpr_le_target,32,True,False,0.7852832957841582,0.8371827768310217,0.765625,GALLSTONE,SVM,dp,8.0,21
0.5584558823529411,0.1553921568627451,255,64,0.11764705882352941,0.11764705882352941,0.1,0.25406049195953495,30,6,58,225,0.11764705882352941,0.09375,True,max_tpr_with_empirical_fpr_le_target,0.0,0.0,0.01,inf,0,0,64,255,0.0,0.0,False,max_tpr_with_empirical_fpr_le_target,0.0,0.0,0.001,inf,0,0,64,255,0.0,0.0,False,max_tpr_with_empirical_fpr_le_target,32,True,False,0.7858636609503359,0.82425409515863,0.765625,GALLSTONE,SVM,dp,8.0,22
0.5069240196078432,0.12469362745098034,255,64,0.054901960784313725,0.054901960784313725,0.1,0.35897939138185486,14,6,58,241,0.054901960784313725,0.09375,True,max_tpr_with_empirical_fpr_le_target,0.0,0.0,0.01,inf,0,0,64,255,0.0,0.0,False,max_tpr_with_empirical_fpr_le_target,0.0,0.0,0.001,inf,0,0,64,255,0.0,0.0,False,max_tpr_with_empirical_fpr_le_target,32,True,False,0.7502827043677799,0.7917827418598475,0.765625,GALLSTONE,SVM,dp,8.0,23
0.5199754901960784,0.08964460784313721,255,64,0.09019607843137255,0.09019607843137255,0.1,0.41139076697342625,23,6,58,232,0.09019607843137255,0.09375,True,max_tpr_with_empirical_fpr_le_target,0.0,0.0,0.01,inf,0,0,64,255,0.0,0.0,False,max_tpr_with_empirical_fpr_le_target,0.0,0.0,0.001,inf,0,0,64,255,0.0,0.0,False,max_tpr_with_empirical_fpr_le_target,32,True,False,0.822012952148208,0.8849480199831669,0.765625,GALLSTONE,SVM,dp,8.0,24
0.560171568627451,0.22549019607843135,255,64,0.0196078431372549,0.0196078431372549,0.1,0.6992472312588658,5,6,58,250,0.0196078431372549,0.09375,True,max_tpr_with_empirical_fpr_le_target,0.00392156862745098,0.00392156862745098,0.01,2.6585207070708643,1,0,64,254,0.00392156862745098,0.0,False,max_tpr_with_empirical_fpr_le_target,0.00392156862745098,0.00392156862745098,0.001,2.6585207070708643,1,0,64,254,0.00392156862745098,0.0,False,max_tpr_with_empirical_fpr_le_target,32,True,False,0.8232005608376682,0.868344163601856,0.765625,GALLSTONE,SVM,dp,8.0,25
0.5079656862745099,0.08841911764705879,255,64,0.08235294117647059,0.08235294117647059,0.1,0.3541809189925267,21,6,58,234,0.08235294117647059,0.09375,True,max_tpr_with_empirical_fpr_le_target,0.0196078431372549,0.0196078431372549,0.01,1.028136395503093,5,0,64,250,0.0196078431372549,0.0,False,max_tpr_with_empirical_fpr_le_target,0.0196078431372549,0.0196078431372549,0.001,1.028136395503093,5,0,64,250,0.0196078431372549,0.0,False,max_tpr_with_empirical_fpr_le_target,32,True,False,0.819864667198539,0.8680373716919163,0.765625,GALLSTONE,SVM,dp,8.0,26
0.4829044117647059,0.06973039215686272,255,64,0.08235294117647059,0.08235294117647059,0.1,0.36389560910308716,21,6,58,234,0.08235294117647059,0.09375,True,max_tpr_with_empirical_fpr_le_target,0.00784313725490196,0.00784313725490196,0.01,2.9960543656461276,2,0,64,253,0.00784313725490196,0.0,False,max_tpr_with_empirical_fpr_le_target,0.00784313725490196,0.00784313725490196,0.001,2.9960543656461276,2,0,64,253,0.00784313725490196,0.0,False,max_tpr_with_empirical_fpr_le_target,32,True,False,0.8236631404709409,0.842735721230609,0.765625,GALLSTONE,SVM,dp,8.0,27
0.49656862745098035,0.05845588235294119,255,64,0.07058823529411765,0.07058823529411765,0.1,0.43670760144109977,18,6,58,237,0.07058823529411765,0.09375,True,max_tpr_with_empirical_fpr_le_target,0.00392156862745098,0.00392156862745098,0.01,1.3016846989720945,1,0,64,254,0.00392156862745098,0.0,False,max_tpr_with_empirical_fpr_le_target,0.00392156862745098,0.00392156862745098,0.001,1.3016846989720945,1,0,64,254,0.00392156862745098,0.0,False,max_tpr_with_empirical_fpr_le_target,32,True,False,0.844470256388737,0.8910684581809852,0.765625,GALLSTONE,SVM,dp,8.0,28
0.4730392156862745,0.0845588235294118,255,64,0.054901960784313725,0.054901960784313725,0.1,0.5258255961316786,14,6,58,241,0.054901960784313725,0.09375,True,max_tpr_with_empirical_fpr_le_target,0.00392156862745098,0.00392156862745098,0.01,2.229768636989748,1,0,64,254,0.00392156862745098,0.0,False,max_tpr_with_empirical_fpr_le_target,0.00392156862745098,0.00392156862745098,0.001,2.229768636989748,1,0,64,254,0.00392156862745098,0.0,False,max_tpr_with_empirical_fpr_le_target,32,True,False,0.7718996053150671,0.8225473373059053,0.765625,GALLSTONE,SVM,dp,8.0,29
0.550796568627451,0.11182598039215685,255,64,0.06666666666666667,0.06666666666666667,0.1,0.45517913192284787,17,6,58,238,0.06666666666666667,0.09375,True,max_tpr_with_empirical_fpr_le_target,0.00392156862745098,0.00392156862745098,0.01,2.8511821903276466,1,0,64,254,0.00392156862745098,0.0,False,max_tpr_with_empirical_fpr_le_target,0.00392156862745098,0.00392156862745098,0.001,2.8511821903276466,1,0,64,254,0.00392156862745098,0.0,False,max_tpr_with_empirical_fpr_le_target,32,True,False,0.7251046965989338,0.7686065736296668,0.75,GALLSTONE,SVM,dp,10.0,0
0.4727328431372549,0.11268382352941175,255,64,0.06274509803921569,0.06274509803921569,0.1,0.42173428887908115,16,6,58,239,0.06274509803921569,0.09375,True,max_tpr_with_empirical_fpr_le_target,0.0,0.0,0.01,inf,0,0,64,255,0.0,0.0,False,max_tpr_with_empirical_fpr_le_target,0.0,0.0,0.001,inf,0,0,64,255,0.0,0.0,False,max_tpr_with_empirical_fpr_le_target,32,True,False,0.6743808062497845,0.7241471097584523,0.75,GALLSTONE,SVM,dp,10.0,1
0.5520220588235294,0.1198529411764706,255,64,0.12156862745098039,0.12156862745098039,0.1,0.2621756236134203,31,6,58,224,0.12156862745098039,0.09375,True,max_tpr_with_empirical_fpr_le_target,0.0,0.0,0.01,inf,0,0,64,255,0.0,0.0,False,max_tpr_with_empirical_fpr_le_target,0.0,0.0,0.001,inf,0,0,64,255,0.0,0.0,False,max_tpr_with_empirical_fpr_le_target,32,True,False,0.6999094925393532,0.7418212499734708,0.75,GALLSTONE,SVM,dp,10.0,2
0.5509191176470588,0.15079656862745094,255,64,0.11372549019607843,0.11372549019607843,0.1,0.390459037105339,29,6,58,226,0.11372549019607843,0.09375,True,max_tpr_with_empirical_fpr_le_target,0.00392156862745098,0.00392156862745098,0.01,2.160901236656344,1,0,64,254,0.00392156862745098,0.0,False,max_tpr_with_empirical_fpr_le_target,0.00392156862745098,0.00392156862745098,0.001,2.160901236656344,1,0,64,254,0.00392156862745098,0.0,False,max_tpr_with_empirical_fpr_le_target,32,True,False,0.7017834029907439,0.7429543113296113,0.75,GALLSTONE,SVM,dp,10.0,3
0.5137254901960785,0.08161764705882357,255,64,0.09411764705882353,0.09411764705882353,0.1,0.370314075651869,24,6,58,231,0.09411764705882353,0.09375,True,max_tpr_with_empirical_fpr_le_target,0.00784313725490196,0.00784313725490196,0.01,1.7138245506713177,2,0,64,253,0.00784313725490196,0.0,False,max_tpr_with_empirical_fpr_le_target,0.00784313725490196,0.00784313725490196,0.001,1.7138245506713177,2,0,64,253,0.00784313725490196,0.0,False,max_tpr_with_empirical_fpr_le_target,32,True,False,0.7610230556172932,0.767942448160774,0.75,GALLSTONE,SVM,dp,10.0,4
0.5427083333333333,0.14013480392156863,255,64,0.07058823529411765,0.07058823529411765,0.1,0.4284095781308399,18,6,58,237,0.07058823529411765,0.09375,True,max_tpr_with_empirical_fpr_le_target,0.0196078431372549,0.0196078431372549,0.01,1.0774283285911181,5,0,64,250,0.0196078431372549,0.0,False,max_tpr_with_empirical_fpr_le_target,0.0196078431372549,0.0196078431372549,0.001,1.0774283285911181,5,0,64,250,0.0196078431372549,0.0,False,max_tpr_with_empirical_fpr_le_target,32,True,False,0.7080062041282651,0.743046002262296,0.75,GALLSTONE,SVM,dp,10.0,5
0.5449142156862745,0.1389093137254902,255,64,0.10588235294117647,0.10588235294117647,0.1,0.4329477494111442,27,4,60,228,0.10588235294117647,0.0625,True,max_tpr_with_empirical_fpr_le_target,0.00392156862745098,0.00392156862745098,0.01,2.645957829486144,1,0,64,254,0.00392156862745098,0.0,False,max_tpr_with_empirical_fpr_le_target,0.00392156862745098,0.00392156862745098,0.001,2.645957829486144,1,0,64,254,0.00392156862745098,0.0,False,max_tpr_with_empirical_fpr_le_target,32,True,False,0.6757545083651574,0.7180358552133002,0.75,GALLSTONE,SVM,dp,10.0,6
0.48486519607843137,0.05827205882352937,255,64,0.058823529411764705,0.058823529411764705,0.1,0.6047004444056365,15,5,59,240,0.058823529411764705,0.078125,True,max_tpr_with_empirical_fpr_le_target,0.0,0.0,0.01,inf,0,0,64,255,0.0,0.0,False,max_tpr_with_empirical_fpr_le_target,0.0,0.0,0.001,inf,0,0,64,255,0.0,0.0,False,max_tpr_with_empirical_fpr_le_target,32,True,False,0.7084996848982549,0.7764539566248148,0.75,GALLSTONE,SVM,dp,10.0,7
0.5256740196078431,0.11648284313725488,255,64,0.09803921568627451,0.09803921568627451,0.1,0.33408976579161054,25,6,58,230,0.09803921568627451,0.09375,True,max_tpr_with_empirical_fpr_le_target,0.00784313725490196,0.00784313725490196,0.01,1.7324716441952475,2,0,64,253,0.00784313725490196,0.0,False,max_tpr_with_empirical_fpr_le_target,0.00784313725490196,0.00784313725490196,0.001,1.7324716441952475,2,0,64,253,0.00784313725490196,0.0,False,max_tpr_with_empirical_fpr_le_target,32,True,False,0.7012955015609895,0.71985867693246,0.75,GALLSTONE,SVM,dp,10.0,8
0.5633578431372549,0.21035539215686272,255,64,0.13333333333333333,0.13333333333333333,0.1,0.23323890998825225,34,6,58,221,0.13333333333333333,0.09375,True,max_tpr_with_empirical_fpr_le_target,0.0,0.0,0.01,inf,0,0,64,255,0.0,0.0,False,max_tpr_with_empirical_fpr_le_target,0.0,0.0,0.001,inf,0,0,64,255,0.0,0.0,False,max_tpr_with_empirical_fpr_le_target,32,True,False,0.700448548980094,0.7347879337014904,0.75,GALLSTONE,SVM,dp,10.0,9
0.5090686274509804,0.09712009803921573,255,64,0.047058823529411764,0.047058823529411764,0.1,0.4930796150962733,12,4,60,243,0.047058823529411764,0.0625,True,max_tpr_with_empirical_fpr_le_target,0.00392156862745098,0.00392156862745098,0.01,1.649424136471208,1,0,64,254,0.00392156862745098,0.0,False,max_tpr_with_empirical_fpr_le_target,0.00392156862745098,0.00392156862745098,0.001,1.649424136471208,1,0,64,254,0.00392156862745098,0.0,False,max_tpr_with_empirical_fpr_le_target,32,True,False,0.7199522863165759,0.7868254670406744,0.75,GALLSTONE,SVM,dp,10.0,10
0.5957720588235295,0.1866421568627451,255,64,0.1803921568627451,0.1803921568627451,0.1,0.19716485897108682,46,6,58,209,0.1803921568627451,0.09375,True,max_tpr_with_empirical_fpr_le_target,0.0,0.0,0.01,inf,0,0,64,255,0.0,0.0,False,max_tpr_with_empirical_fpr_le_target,0.0,0.0,0.001,inf,0,0,64,255,0.0,0.0,False,max_tpr_with_empirical_fpr_le_target,32,True,False,0.6922685025549082,0.706348059218801,0.75,GALLSTONE,SVM,dp,10.0,11
0.5702818627450981,0.1499387254901961,255,64,0.10196078431372549,0.10196078431372549,0.1,0.33016003863627796,26,6,58,229,0.10196078431372549,0.09375,True,max_tpr_with_empirical_fpr_le_target,0.00392156862745098,0.00392156862745098,0.01,2.800404815353353,1,0,64,254,0.00392156862745098,0.0,False,max_tpr_with_empirical_fpr_le_target,0.00392156862745098,0.00392156862745098,0.001,2.800404815353353,1,0,64,254,0.00392156862745098,0.0,False,max_tpr_with_empirical_fpr_le_target,32,True,False,0.6763375408396237,0.7228033502556738,0.75,GALLSTONE,SVM,dp,10.0,12
0.5218749999999999,0.13517156862745094,255,64,0.06274509803921569,0.06274509803921569,0.1,0.4150412703746693,16,6,58,239,0.06274509803921569,0.09375,True,max_tpr_with_empirical_fpr_le_target,0.00784313725490196,0.00784313725490196,0.01,1.571731392389266,2,0,64,253,0.00784313725490196,0.0,False,max_tpr_with_empirical_fpr_le_target,0.00784313725490196,0.00784313725490196,0.001,1.571731392389266,2,0,64,253,0.00784313725490196,0.0,False,max_tpr_with_empirical_fpr_le_target,32,True,False,0.646725105018029,0.6996617623995517,0.75,GALLSTONE,SVM,dp,10.0,13
0.5122549019607843,0.07077205882352941,255,64,0.1450980392156863,0.1450980392156863,0.1,0.22548727705041371,37,6,58,218,0.1450980392156863,0.09375,True,max_tpr_with_empirical_fpr_le_target,0.00392156862745098,0.00392156862745098,0.01,2.20375930206162,1,0,64,254,0.00392156862745098,0.0,False,max_tpr_with_empirical_fpr_le_target,0.00392156862745098,0.00392156862745098,0.001,2.20375930206162,1,0,64,254,0.00392156862745098,0.0,False,max_tpr_with_empirical_fpr_le_target,32,True,False,0.7042423610431624,0.7379256348222482,0.75,GALLSTONE,SVM,dp,10.0,14
0.5475490196078431,0.14399509803921573,255,64,0.08235294117647059,0.08235294117647059,0.1,0.37577418564199205,21,6,58,234,0.08235294117647059,0.09375,True,max_tpr_with_empirical_fpr_le_target,0.00392156862745098,0.00392156862745098,0.01,3.0661340823262435,1,0,64,254,0.00392156862745098,0.0,False,max_tpr_with_empirical_fpr_le_target,0.00392156862745098,0.00392156862745098,0.001,3.0661340823262435,1,0,64,254,0.00392156862745098,0.0,False,max_tpr_with_empirical_fpr_le_target,32,True,False,0.6694649428919951,0.7002157760589834,0.75,GALLSTONE,SVM,dp,10.0,15
0.6281249999999999,0.2719975490196078,255,64,0.10980392156862745,0.10980392156862745,0.1,0.35957459963566674,28,6,58,227,0.10980392156862745,0.09375,True,max_tpr_with_empirical_fpr_le_target,0.011764705882352941,0.011764705882352941,0.01,1.0869524467195446,3,0,64,252,0.011764705882352941,0.0,False,max_tpr_with_empirical_fpr_le_target,0.011764705882352941,0.011764705882352941,0.001,1.0869524467195446,3,0,64,252,0.011764705882352941,0.0,False,max_tpr_with_empirical_fpr_le_target,32,True,False,0.7297703922913044,0.770721046272967,0.75,GALLSTONE,SVM,dp,10.0,16
0.587622549019608,0.16292892156862748,255,64,0.14901960784313725,0.14901960784313725,0.1,0.25673254026119374,38,6,58,217,0.14901960784313725,0.09375,True,max_tpr_with_empirical_fpr_le_target,0.0,0.0,0.01,inf,0,0,64,255,0.0,0.0,False,max_tpr_with_empirical_fpr_le_target,0.0,0.0,0.001,inf,0,0,64,255,0.0,0.0,False,max_tpr_with_empirical_fpr_le_target,32,True,False,0.666029315599473,0.7079715234188261,0.75,GALLSTONE,SVM,dp,10.0,17
0.48480392156862745,0.07359068627450982,255,64,0.027450980392156862,0.027450980392156862,0.1,0.6039570522348384,7,6,58,248,0.027450980392156862,0.09375,True,max_tpr_with_empirical_fpr_le_target,0.0,0.0,0.01,inf,0,0,64,255,0.0,0.0,False,max_tpr_with_empirical_fpr_le_target,0.0,0.0,0.001,inf,0,0,64,255,0.0,0.0,False,max_tpr_with_empirical_fpr_le_target,32,True,False,0.6875812091267997,0.7341344752501323,0.75,GALLSTONE,SVM,dp,10.0,18
0.5490196078431373,0.17800245098039214,255,64,0.047058823529411764,0.047058823529411764,0.1,0.6397034237911223,12,6,58,243,0.047058823529411764,0.09375,True,max_tpr_with_empirical_fpr_le_target,0.0,0.0,0.01,inf,0,0,64,255,0.0,0.0,False,max_tpr_with_empirical_fpr_le_target,0.0,0.0,0.001,inf,0,0,64,255,0.0,0.0,False,max_tpr_with_empirical_fpr_le_target,32,True,False,0.6398439030665649,0.6702577890117767,0.75,GALLSTONE,SVM,dp,10.0,19
0.6531250000000001,0.2953431372549019,255,64,0.21568627450980393,0.21568627450980393,0.1,0.13595513328140474,55,6,58,200,0.21568627450980393,0.09375,True,max_tpr_with_empirical_fpr_le_target,0.00392156862745098,0.00392156862745098,0.01,1.6476180922201,1,0,64,254,0.00392156862745098,0.0,False,max_tpr_with_empirical_fpr_le_target,0.00392156862745098,0.00392156862745098,0.001,1.6476180922201,1,0,64,254,0.00392156862745098,0.0,False,max_tpr_with_empirical_fpr_le_target,32,True,False,0.6492690743910263,0.6616354910696531,0.75,GALLSTONE,SVM,dp,10.0,20
0.556985294117647,0.1380514705882353,255,64,0.11764705882352941,0.11764705882352941,0.1,0.3495848572787934,30,6,58,225,0.11764705882352941,0.09375,True,max_tpr_with_empirical_fpr_le_target,0.0,0.0,0.01,inf,0,0,64,255,0.0,0.0,False,max_tpr_with_empirical_fpr_le_target,0.0,0.0,0.001,inf,0,0,64,255,0.0,0.0,False,max_tpr_with_empirical_fpr_le_target,32,True,False,0.6702727322818582,0.7146027884667131,0.75,GALLSTONE,SVM,dp,10.0,21
0.5506127450980393,0.16360294117647056,255,64,0.13333333333333333,0.13333333333333333,0.1,0.24930641867038872,34,6,58,221,0.13333333333333333,0.09375,True,max_tpr_with_empirical_fpr_le_target,0.0,0.0,0.01,inf,0,0,64,255,0.0,0.0,False,max_tpr_with_empirical_fpr_le_target,0.0,0.0,0.001,inf,0,0,64,255,0.0,0.0,False,max_tpr_with_empirical_fpr_le_target,32,True,False,0.6743523601099671,0.7113269037126657,0.75,GALLSTONE,SVM,dp,10.0,22
0.5087009803921569,0.13223039215686272,255,64,0.07058823529411765,0.07058823529411765,0.1,0.34372235794089073,18,6,58,237,0.07058823529411765,0.09375,True,max_tpr_with_empirical_fpr_le_target,0.0,0.0,0.01,inf,0,0,64,255,0.0,0.0,False,max_tpr_with_empirical_fpr_le_target,0.0,0.0,0.001,inf,0,0,64,255,0.0,0.0,False,max_tpr_with_empirical_fpr_le_target,32,True,False,0.6451181847981242,0.6809050185175886,0.75,GALLSTONE,SVM,dp,10.0,23
0.5272671568627451,0.10925245098039216,255,64,0.08627450980392157,0.08627450980392157,0.1,0.43669353684369705,22,5,59,233,0.08627450980392157,0.078125,True,max_tpr_with_empirical_fpr_le_target,0.0,0.0,0.01,inf,0,0,64,255,0.0,0.0,False,max_tpr_with_empirical_fpr_le_target,0.0,0.0,0.001,inf,0,0,64,255,0.0,0.0,False,max_tpr_with_empirical_fpr_le_target,32,True,False,0.7036219759347666,0.7591889840014042,0.75,GALLSTONE,SVM,dp,10.0,24
0.5633578431372548,0.23327205882352942,255,64,0.027450980392156862,0.027450980392156862,0.1,0.5873877116505619,7,6,58,248,0.027450980392156862,0.09375,True,max_tpr_with_empirical_fpr_le_target,0.00392156862745098,0.00392156862745098,0.01,2.4772391101142572,1,0,64,254,0.00392156862745098,0.0,False,max_tpr_with_empirical_fpr_le_target,0.00392156862745098,0.00392156862745098,0.001,2.4772391101142572,1,0,64,254,0.00392156862745098,0.0,False,max_tpr_with_empirical_fpr_le_target,32,True,False,0.7158030370035728,0.7536814123354045,0.75,GALLSTONE,SVM,dp,10.0,25
0.5017156862745098,0.06617647058823528,255,64,0.06666666666666667,0.06666666666666667,0.1,0.48380942733982957,17,3,61,238,0.06666666666666667,0.046875,True,max_tpr_with_empirical_fpr_le_target,0.03529411764705882,0.03529411764705882,0.01,0.9474421620687439,9,0,64,246,0.03529411764705882,0.0,False,max_tpr_with_empirical_fpr_le_target,0.03529411764705882,0.03529411764705882,0.001,0.9474421620687439,9,0,64,246,0.03529411764705882,0.0,False,max_tpr_with_empirical_fpr_le_target,32,True,False,0.6870059211373175,0.7258229127581275,0.75,GALLSTONE,SVM,dp,10.0,26
0.4877450980392157,0.05729166666666663,255,64,0.07450980392156863,0.07450980392156863,0.1,0.38825368904092494,19,6,58,236,0.07450980392156863,0.09375,True,max_tpr_with_empirical_fpr_le_target,0.00784313725490196,0.00784313725490196,0.01,2.8029432666618446,2,0,64,253,0.00784313725490196,0.0,False,max_tpr_with_empirical_fpr_le_target,0.00784313725490196,0.00784313725490196,0.001,2.8029432666618446,2,0,64,253,0.00784313725490196,0.0,False,max_tpr_with_empirical_fpr_le_target,32,True,False,0.7119049078434785,0.7303941726909884,0.75,GALLSTONE,SVM,dp,10.0,27
0.5094362745098039,0.08872549019607845,255,64,0.07450980392156863,0.07450980392156863,0.1,0.4250141867341042,19,6,58,236,0.07450980392156863,0.09375,True,max_tpr_with_empirical_fpr_le_target,0.0,0.0,0.01,inf,0,0,64,255,0.0,0.0,False,max_tpr_with_empirical_fpr_le_target,0.0,0.0,0.001,inf,0,0,64,255,0.0,0.0,False,max_tpr_with_empirical_fpr_le_target,32,True,False,0.7247029361801329,0.7632692654502249,0.75,GALLSTONE,SVM,dp,10.0,28
0.48339460784313726,0.0691176470588235,255,64,0.0784313725490196,0.0784313725490196,0.1,0.44682799962761677,20,5,59,235,0.0784313725490196,0.078125,True,max_tpr_with_empirical_fpr_le_target,0.00392156862745098,0.00392156862745098,0.01,2.888324519732455,1,0,64,254,0.00392156862745098,0.0,False,max_tpr_with_empirical_fpr_le_target,0.00392156862745098,0.00392156862745098,0.001,2.888324519732455,1,0,64,254,0.00392156862745098,0.0,False,max_tpr_with_empirical_fpr_le_target,32,True,False,0.6519178753421266,0.6950075107459549,0.75,GALLSTONE,SVM,dp,10.0,29
0.6911151960784314,0.30729166666666663,255,64,0.2235294117647059,0.2235294117647059,0.1,0.9638931025605582,57,6,58,198,0.2235294117647059,0.09375,True,max_tpr_with_empirical_fpr_le_target,0.01568627450980392,0.01568627450980392,0.01,6.079028832649023,4,0,64,251,0.01568627450980392,0.0,False,max_tpr_with_empirical_fpr_le_target,0.01568627450980392,0.01568627450980392,0.001,6.079028832649023,4,0,64,251,0.01568627450980392,0.0,False,max_tpr_with_empirical_fpr_le_target,32,True,False,0.6768561128514142,0.7920558370962105,0.78125,GALLSTONE,DNN,standard,,0
0.6576593137254902,0.22812500000000002,255,64,0.23137254901960785,0.23137254901960785,0.1,0.8435761555837986,59,6,58,196,0.23137254901960785,0.09375,True,max_tpr_with_empirical_fpr_le_target,0.12156862745098039,0.12156862745098039,0.01,1.5734595559289495,31,0,64,224,0.12156862745098039,0.0,False,max_tpr_with_empirical_fpr_le_target,0.12156862745098039,0.12156862745098039,0.001,1.5734595559289495,31,0,64,224,0.12156862745098039,0.0,False,max_tpr_with_empirical_fpr_le_target,32,True,False,0.6751632410746504,0.8134682400242471,0.78125,GALLSTONE,DNN,standard,,1
0.7253063725490196,0.35367647058823526,255,64,0.35294117647058826,0.35294117647058826,0.1,0.6114041852114286,90,6,58,165,0.35294117647058826,0.09375,True,max_tpr_with_empirical_fpr_le_target,0.0392156862745098,0.0392156862745098,0.01,4.072073424534556,10,0,64,245,0.0392156862745098,0.0,False,max_tpr_with_empirical_fpr_le_target,0.0392156862745098,0.0392156862745098,0.001,4.072073424534556,10,0,64,245,0.0392156862745098,0.0,False,max_tpr_with_empirical_fpr_le_target,32,True,False,0.6773976976078785,0.8203162864380799,0.78125,GALLSTONE,DNN,standard,,2
0.6899509803921569,0.2869485294117647,255,64,0.27450980392156865,0.27450980392156865,0.1,0.9119931202782583,70,6,58,185,0.27450980392156865,0.09375,True,max_tpr_with_empirical_fpr_le_target,0.0,0.0,0.01,inf,0,0,64,255,0.0,0.0,False,max_tpr_with_empirical_fpr_le_target,0.0,0.0,0.001,inf,0,0,64,255,0.0,0.0,False,max_tpr_with_empirical_fpr_le_target,32,True,False,0.6325957444815571,0.7439096934776689,0.78125,GALLSTONE,DNN,standard,,3
0.6754289215686274,0.2685661764705882,255,64,0.21176470588235294,0.21176470588235294,0.1,1.1028959982695854,54,6,58,201,0.21176470588235294,0.09375,True,max_tpr_with_empirical_fpr_le_target,0.0,0.0,0.01,inf,0,0,64,255,0.0,0.0,False,max_tpr_with_empirical_fpr_le_target,0.0,0.0,0.001,inf,0,0,64,255,0.0,0.0,False,max_tpr_with_empirical_fpr_le_target,32,True,False,0.7143633450097095,0.8062696270527437,0.78125,GALLSTONE,DNN,standard,,4
0.5280637254901961,0.11654411764705885,255,64,0.12549019607843137,0.12549019607843137,0.1,0.33407583347979175,32,6,58,223,0.12549019607843137,0.09375,True,max_tpr_with_empirical_fpr_le_target,0.00784313725490196,0.00784313725490196,0.01,4.791853517538514,2,0,64,253,0.00784313725490196,0.0,False,max_tpr_with_empirical_fpr_le_target,0.00784313725490196,0.00784313725490196,0.001,4.791853517538514,2,0,64,253,0.00784313725490196,0.0,False,max_tpr_with_empirical_fpr_le_target,32,True,False,0.8136584560918412,0.993881254655088,0.5,GALLSTONE,DNN,dp,0.1,0
0.5355392156862744,0.10477941176470584,255,64,0.13333333333333333,0.13333333333333333,0.1,0.34230025007672704,34,6,58,221,0.13333333333333333,0.09375,True,max_tpr_with_empirical_fpr_le_target,0.00784313725490196,0.00784313725490196,0.01,5.663614810478245,2,0,64,253,0.00784313725490196,0.0,False,max_tpr_with_empirical_fpr_le_target,0.00784313725490196,0.00784313725490196,0.001,5.663614810478245,2,0,64,253,0.00784313725490196,0.0,False,max_tpr_with_empirical_fpr_le_target,32,True,False,0.8146320109190843,1.0460995585450312,0.5,GALLSTONE,DNN,dp,0.1,1
0.5341299019607842,0.10490196078431369,255,64,0.13333333333333333,0.13333333333333333,0.1,0.36221388521964837,34,6,58,221,0.13333333333333333,0.09375,True,max_tpr_with_empirical_fpr_le_target,0.00784313725490196,0.00784313725490196,0.01,6.610053445976836,2,0,64,253,0.00784313725490196,0.0,False,max_tpr_with_empirical_fpr_le_target,0.00784313725490196,0.00784313725490196,0.001,6.610053445976836,2,0,64,253,0.00784313725490196,0.0,False,max_tpr_with_empirical_fpr_le_target,32,True,False,0.7846975530918266,0.977471887574366,0.5,GALLSTONE,DNN,dp,0.1,2
0.5227941176470589,0.07781862745098034,255,64,0.15294117647058825,0.15294117647058825,0.1,0.24499782825635874,39,6,58,216,0.15294117647058825,0.09375,True,max_tpr_with_empirical_fpr_le_target,0.00784313725490196,0.00784313725490196,0.01,4.9354324154460425,2,0,64,253,0.00784313725490196,0.0,False,max_tpr_with_empirical_fpr_le_target,0.00784313725490196,0.00784313725490196,0.001,4.9354324154460425,2,0,64,253,0.00784313725490196,0.0,False,max_tpr_with_empirical_fpr_le_target,32,True,False,0.7745257156095584,0.9285957152683116,0.5,GALLSTONE,DNN,dp,0.1,3
0.5305147058823529,0.0933210784313725,255,64,0.14901960784313725,0.14901960784313725,0.1,0.4156146978511315,38,5,59,217,0.14901960784313725,0.078125,True,max_tpr_with_empirical_fpr_le_target,0.011764705882352941,0.011764705882352941,0.01,3.043200953384984,3,0,64,252,0.011764705882352941,0.0,False,max_tpr_with_empirical_fpr_le_target,0.011764705882352941,0.011764705882352941,0.001,3.043200953384984,3,0,64,252,0.011764705882352941,0.0,False,max_tpr_with_empirical_fpr_le_target,32,True,False,0.7987402690441584,0.9711505283171432,0.5,GALLSTONE,DNN,dp,0.1,4
0.5283088235294118,0.11654411764705885,255,64,0.12156862745098039,0.12156862745098039,0.1,0.35399441874393967,31,6,58,224,0.12156862745098039,0.09375,True,max_tpr_with_empirical_fpr_le_target,0.00784313725490196,0.00784313725490196,0.01,4.78744312976067,2,0,64,253,0.00784313725490196,0.0,False,max_tpr_with_empirical_fpr_le_target,0.00784313725490196,0.00784313725490196,0.001,4.78744312976067,2,0,64,253,0.00784313725490196,0.0,False,max_tpr_with_empirical_fpr_le_target,32,True,False,0.8136584560918412,0.993881254655088,0.5,GALLSTONE,DNN,dp,0.2,0
0.5356004901960785,0.10477941176470584,255,64,0.13333333333333333,0.13333333333333333,0.1,0.34204058944327465,34,6,58,221,0.13333333333333333,0.09375,True,max_tpr_with_empirical_fpr_le_target,0.00784313725490196,0.00784313725490196,0.01,5.665512842349994,2,0,64,253,0.00784313725490196,0.0,False,max_tpr_with_empirical_fpr_le_target,0.00784313725490196,0.00784313725490196,0.001,5.665512842349994,2,0,64,253,0.00784313725490196,0.0,False,max_tpr_with_empirical_fpr_le_target,32,True,False,0.8146320109190843,1.0460995585450312,0.5,GALLSTONE,DNN,dp,0.2,1
0.5343749999999999,0.10490196078431369,255,64,0.13333333333333333,0.13333333333333333,0.1,0.3610928590431448,34,6,58,221,0.13333333333333333,0.09375,True,max_tpr_with_empirical_fpr_le_target,0.00784313725490196,0.00784313725490196,0.01,6.613152656884836,2,0,64,253,0.00784313725490196,0.0,False,max_tpr_with_empirical_fpr_le_target,0.00784313725490196,0.00784313725490196,0.001,6.613152656884836,2,0,64,253,0.00784313725490196,0.0,False,max_tpr_with_empirical_fpr_le_target,32,True,False,0.7846975530918266,0.977471887574366,0.5,GALLSTONE,DNN,dp,0.2,2
0.5231004901960785,0.07781862745098034,255,64,0.15294117647058825,0.15294117647058825,0.1,0.24533605469002961,39,6,58,216,0.15294117647058825,0.09375,True,max_tpr_with_empirical_fpr_le_target,0.00784313725490196,0.00784313725490196,0.01,4.936902867114165,2,0,64,253,0.00784313725490196,0.0,False,max_tpr_with_empirical_fpr_le_target,0.00784313725490196,0.00784313725490196,0.001,4.936902867114165,2,0,64,253,0.00784313725490196,0.0,False,max_tpr_with_empirical_fpr_le_target,32,True,False,0.7745257156095584,0.9285957152683116,0.5,GALLSTONE,DNN,dp,0.2,3
0.53125,0.0933210784313725,255,64,0.14901960784313725,0.14901960784313725,0.1,0.4150930118174334,38,6,58,217,0.14901960784313725,0.09375,True,max_tpr_with_empirical_fpr_le_target,0.011764705882352941,0.011764705882352941,0.01,3.039080447705368,3,0,64,252,0.011764705882352941,0.0,False,max_tpr_with_empirical_fpr_le_target,0.011764705882352941,0.011764705882352941,0.001,3.039080447705368,3,0,64,252,0.011764705882352941,0.0,False,max_tpr_with_empirical_fpr_le_target,32,True,False,0.7987402690441584,0.9711505283171432,0.5,GALLSTONE,DNN,dp,0.2,4
0.5285539215686275,0.11654411764705885,255,64,0.12156862745098039,0.12156862745098039,0.1,0.3571706063132951,31,6,58,224,0.12156862745098039,0.09375,True,max_tpr_with_empirical_fpr_le_target,0.00784313725490196,0.00784313725490196,0.01,4.779151561771472,2,0,64,253,0.00784313725490196,0.0,False,max_tpr_with_empirical_fpr_le_target,0.00784313725490196,0.00784313725490196,0.001,4.779151561771472,2,0,64,253,0.00784313725490196,0.0,False,max_tpr_with_empirical_fpr_le_target,32,True,False,0.8136584560918412,0.993881254655088,0.5,GALLSTONE,DNN,dp,0.4,0
0.5358455882352942,0.10477941176470584,255,64,0.13333333333333333,0.13333333333333333,0.1,0.341550580110244,34,6,58,221,0.13333333333333333,0.09375,True,max_tpr_with_empirical_fpr_le_target,0.00784313725490196,0.00784313725490196,0.01,5.66910656540175,2,0,64,253,0.00784313725490196,0.0,False,max_tpr_with_empirical_fpr_le_target,0.00784313725490196,0.00784313725490196,0.001,5.66910656540175,2,0,64,253,0.00784313725490196,0.0,False,max_tpr_with_empirical_fpr_le_target,32,True,False,0.8146320109190843,1.0460995585450312,0.5,GALLSTONE,DNN,dp,0.4,1
0.535171568627451,0.10490196078431369,255,64,0.13333333333333333,0.13333333333333333,0.1,0.358843401545919,34,6,58,221,0.13333333333333333,0.09375,True,max_tpr_with_empirical_fpr_le_target,0.00784313725490196,0.00784313725490196,0.01,6.619024985667641,2,0,64,253,0.00784313725490196,0.0,False,max_tpr_with_empirical_fpr_le_target,0.00784313725490196,0.00784313725490196,0.001,6.619024985667641,2,0,64,253,0.00784313725490196,0.0,False,max_tpr_with_empirical_fpr_le_target,32,True,False,0.7846975530918266,0.977471887574366,0.5,GALLSTONE,DNN,dp,0.4,2
0.5232230392156862,0.07781862745098034,255,64,0.15294117647058825,0.15294117647058825,0.1,0.24594554481960573,39,6,58,216,0.15294117647058825,0.09375,True,max_tpr_with_empirical_fpr_le_target,0.00784313725490196,0.00784313725490196,0.01,4.9396864864251135,2,0,64,253,0.00784313725490196,0.0,False,max_tpr_with_empirical_fpr_le_target,0.00784313725490196,0.00784313725490196,0.001,4.9396864864251135,2,0,64,253,0.00784313725490196,0.0,False,max_tpr_with_empirical_fpr_le_target,32,True,False,0.7745257156095584,0.9285957152683116,0.5,GALLSTONE,DNN,dp,0.4,3
0.5316789215686274,0.09319852941176465,255,64,0.14901960784313725,0.14901960784313725,0.1,0.41411117455821334,38,6,58,217,0.14901960784313725,0.09375,True,max_tpr_with_empirical_fpr_le_target,0.011764705882352941,0.011764705882352941,0.01,3.0313334907643066,3,0,64,252,0.011764705882352941,0.0,False,max_tpr_with_empirical_fpr_le_target,0.011764705882352941,0.011764705882352941,0.001,3.0313334907643066,3,0,64,252,0.011764705882352941,0.0,False,max_tpr_with_empirical_fpr_le_target,32,True,False,0.7987402690441584,0.9711505283171432,0.5,GALLSTONE,DNN,dp,0.4,4
0.5282475490196079,0.10888480392156863,255,64,0.12156862745098039,0.12156862745098039,0.1,0.3627588060513931,31,6,58,224,0.12156862745098039,0.09375,True,max_tpr_with_empirical_fpr_le_target,0.00784313725490196,0.00784313725490196,0.01,4.764587098557913,2,0,64,253,0.00784313725490196,0.0,False,max_tpr_with_empirical_fpr_le_target,0.00784313725490196,0.00784313725490196,0.001,4.764587098557913,2,0,64,253,0.00784313725490196,0.0,False,max_tpr_with_empirical_fpr_le_target,32,True,False,0.8136584560918412,0.993881254655088,0.5,GALLSTONE,DNN,dp,0.8,0
0.5354166666666667,0.10085784313725488,255,64,0.13333333333333333,0.13333333333333333,0.1,0.3376319352200481,34,6,58,221,0.13333333333333333,0.09375,True,max_tpr_with_empirical_fpr_le_target,0.00784313725490196,0.00784313725490196,0.01,5.6764989022266485,2,0,64,253,0.00784313725490196,0.0,False,max_tpr_with_empirical_fpr_le_target,0.00784313725490196,0.00784313725490196,0.001,5.6764989022266485,2,0,64,253,0.00784313725490196,0.0,False,max_tpr_with_empirical_fpr_le_target,32,True,False,0.8146320109190843,1.0460995585450312,0.5,GALLSTONE,DNN,dp,0.8,1
0.5357843137254901,0.10490196078431369,255,64,0.13333333333333333,0.13333333333333333,0.1,0.35494173472753987,34,6,58,221,0.13333333333333333,0.09375,True,max_tpr_with_empirical_fpr_le_target,0.00784313725490196,0.00784313725490196,0.01,6.631122291442422,2,0,64,253,0.00784313725490196,0.0,False,max_tpr_with_empirical_fpr_le_target,0.00784313725490196,0.00784313725490196,0.001,6.631122291442422,2,0,64,253,0.00784313725490196,0.0,False,max_tpr_with_empirical_fpr_le_target,32,True,False,0.7846975530918266,0.977471887574366,0.5,GALLSTONE,DNN,dp,0.8,2
0.5233455882352942,0.07781862745098034,255,64,0.15294117647058825,0.15294117647058825,0.1,0.2469021959131803,39,6,58,216,0.15294117647058825,0.09375,True,max_tpr_with_empirical_fpr_le_target,0.00784313725490196,0.00784313725490196,0.01,4.945410246914111,2,0,64,253,0.00784313725490196,0.0,False,max_tpr_with_empirical_fpr_le_target,0.00784313725490196,0.00784313725490196,0.001,4.945410246914111,2,0,64,253,0.00784313725490196,0.0,False,max_tpr_with_empirical_fpr_le_target,32,True,False,0.7745257156095584,0.9285957152683116,0.5,GALLSTONE,DNN,dp,0.8,3
0.5329656862745097,0.09319852941176465,255,64,0.14901960784313725,0.14901960784313725,0.1,0.39945169267747116,38,6,58,217,0.14901960784313725,0.09375,True,max_tpr_with_empirical_fpr_le_target,0.011764705882352941,0.011764705882352941,0.01,3.017724491784641,3,0,64,252,0.011764705882352941,0.0,False,max_tpr_with_empirical_fpr_le_target,0.011764705882352941,0.011764705882352941,0.001,3.017724491784641,3,0,64,252,0.011764705882352941,0.0,False,max_tpr_with_empirical_fpr_le_target,32,True,False,0.7987402690441584,0.9711505283171432,0.5,GALLSTONE,DNN,dp,0.8,4
0.528982843137255,0.1128063725490196,255,64,0.12156862745098039,0.12156862745098039,0.1,0.36522103526655814,31,6,58,224,0.12156862745098039,0.09375,True,max_tpr_with_empirical_fpr_le_target,0.00784313725490196,0.00784313725490196,0.01,4.756721621626077,2,0,64,253,0.00784313725490196,0.0,False,max_tpr_with_empirical_fpr_le_target,0.00784313725490196,0.00784313725490196,0.001,4.756721621626077,2,0,64,253,0.00784313725490196,0.0,False,max_tpr_with_empirical_fpr_le_target,32,True,False,0.8136584560918412,0.993881254655088,0.5,GALLSTONE,DNN,dp,1.0,0
0.535171568627451,0.10085784313725488,255,64,0.12549019607843137,0.12549019607843137,0.1,0.33939766247264125,32,6,58,223,0.12549019607843137,0.09375,True,max_tpr_with_empirical_fpr_le_target,0.00784313725490196,0.00784313725490196,0.01,5.680241352983998,2,0,64,253,0.00784313725490196,0.0,False,max_tpr_with_empirical_fpr_le_target,0.00784313725490196,0.00784313725490196,0.001,5.680241352983998,2,0,64,253,0.00784313725490196,0.0,False,max_tpr_with_empirical_fpr_le_target,32,True,False,0.8146320109190843,1.0460995585450312,0.5,GALLSTONE,DNN,dp,1.0,1
0.5357843137254901,0.10882352941176465,255,64,0.13333333333333333,0.13333333333333333,0.1,0.3529915237687775,34,6,58,221,0.13333333333333333,0.09375,True,max_tpr_with_empirical_fpr_le_target,0.00784313725490196,0.00784313725490196,0.01,6.63725593125398,2,0,64,253,0.00784313725490196,0.0,False,max_tpr_with_empirical_fpr_le_target,0.00784313725490196,0.00784313725490196,0.001,6.63725593125398,2,0,64,253,0.00784313725490196,0.0,False,max_tpr_with_empirical_fpr_le_target,32,True,False,0.7846975530918266,0.977471887574366,0.5,GALLSTONE,DNN,dp,1.0,2
0.5238357843137256,0.07781862745098034,255,64,0.14901960784313725,0.14901960784313725,0.1,0.25238067993593283,38,6,58,217,0.14901960784313725,0.09375,True,max_tpr_with_empirical_fpr_le_target,0.00784313725490196,0.00784313725490196,0.01,4.948306832129223,2,0,64,253,0.00784313725490196,0.0,False,max_tpr_with_empirical_fpr_le_target,0.00784313725490196,0.00784313725490196,0.001,4.948306832129223,2,0,64,253,0.00784313725490196,0.0,False,max_tpr_with_empirical_fpr_le_target,32,True,False,0.7745257156095584,0.9285957152683116,0.5,GALLSTONE,DNN,dp,1.0,3
0.5333333333333332,0.09319852941176465,255,64,0.14901960784313725,0.14901960784313725,0.1,0.39041254375992396,38,6,58,217,0.14901960784313725,0.09375,True,max_tpr_with_empirical_fpr_le_target,0.011764705882352941,0.011764705882352941,0.01,3.01037439272576,3,0,64,252,0.011764705882352941,0.0,False,max_tpr_with_empirical_fpr_le_target,0.011764705882352941,0.011764705882352941,0.001,3.01037439272576,3,0,64,252,0.011764705882352941,0.0,False,max_tpr_with_empirical_fpr_le_target,32,True,False,0.7987402690441584,0.9711505283171432,0.5,GALLSTONE,DNN,dp,1.0,4
0.5297794117647059,0.1128063725490196,255,64,0.11372549019607843,0.11372549019607843,0.1,0.4340123837730756,29,6,58,226,0.11372549019607843,0.09375,True,max_tpr_with_empirical_fpr_le_target,0.00784313725490196,0.00784313725490196,0.01,4.728796891743705,2,0,64,253,0.00784313725490196,0.0,False,max_tpr_with_empirical_fpr_le_target,0.00784313725490196,0.00784313725490196,0.001,4.728796891743705,2,0,64,253,0.00784313725490196,0.0,False,max_tpr_with_empirical_fpr_le_target,32,True,False,0.8136584560918412,0.993881254655088,0.5,GALLSTONE,DNN,dp,2.0,0
0.5354779411764705,0.10471813725490198,255,64,0.12549019607843137,0.12549019607843137,0.1,0.3356552338088432,32,6,58,223,0.12549019607843137,0.09375,True,max_tpr_with_empirical_fpr_le_target,0.00784313725490196,0.00784313725490196,0.01,5.693785603506324,2,0,64,253,0.00784313725490196,0.0,False,max_tpr_with_empirical_fpr_le_target,0.00784313725490196,0.00784313725490196,0.001,5.693785603506324,2,0,64,253,0.00784313725490196,0.0,False,max_tpr_with_empirical_fpr_le_target,32,True,False,0.8146320109190843,1.0460995585450312,0.5,GALLSTONE,DNN,dp,2.0,1
0.5373774509803921,0.12444852941176465,255,64,0.13725490196078433,0.13725490196078433,0.1,0.26772288890406604,35,6,58,220,0.13725490196078433,0.09375,True,max_tpr_with_empirical_fpr_le_target,0.00784313725490196,0.00784313725490196,0.01,6.659506928676278,2,0,64,253,0.00784313725490196,0.0,False,max_tpr_with_empirical_fpr_le_target,0.00784313725490196,0.00784313725490196,0.001,6.659506928676278,2,0,64,253,0.00784313725490196,0.0,False,max_tpr_with_empirical_fpr_le_target,32,True,False,0.7846975530918266,0.977471887574366,0.5,GALLSTONE,DNN,dp,2.0,2
0.5234068627450981,0.07395833333333335,255,64,0.1450980392156863,0.1450980392156863,0.1,0.26552927750796185,37,6,58,218,0.1450980392156863,0.09375,True,max_tpr_with_empirical_fpr_le_target,0.00784313725490196,0.00784313725490196,0.01,4.9587833634584,2,0,64,253,0.00784313725490196,0.0,False,max_tpr_with_empirical_fpr_le_target,0.00784313725490196,0.00784313725490196,0.001,4.9587833634584,2,0,64,253,0.00784313725490196,0.0,False,max_tpr_with_empirical_fpr_le_target,32,True,False,0.7745257156095584,0.9285957152683116,0.5,GALLSTONE,DNN,dp,2.0,3
0.5355392156862745,0.10441176470588232,255,64,0.14901960784313725,0.14901960784313725,0.1,0.3537763115584862,38,6,58,217,0.14901960784313725,0.09375,True,max_tpr_with_empirical_fpr_le_target,0.01568627450980392,0.01568627450980392,0.01,2.897983570382123,4,0,64,251,0.01568627450980392,0.0,False,max_tpr_with_empirical_fpr_le_target,0.01568627450980392,0.01568627450980392,0.001,2.897983570382123,4,0,64,251,0.01568627450980392,0.0,False,max_tpr_with_empirical_fpr_le_target,32,True,False,0.7987402690441584,0.9711505283171432,0.5,GALLSTONE,DNN,dp,2.0,4
0.5308210784313726,0.11286764705882357,255,64,0.10980392156862745,0.10980392156862745,0.1,0.5063328434362473,28,6,58,227,0.10980392156862745,0.09375,True,max_tpr_with_empirical_fpr_le_target,0.00784313725490196,0.00784313725490196,0.01,4.701086789788956,2,0,64,253,0.00784313725490196,0.0,False,max_tpr_with_empirical_fpr_le_target,0.00784313725490196,0.00784313725490196,0.001,4.701086789788956,2,0,64,253,0.00784313725490196,0.0,False,max_tpr_with_empirical_fpr_le_target,32,True,False,0.8136584560918412,0.993881254655088,0.6875,GALLSTONE,DNN,dp,4.0,0
0.5348039215686275,0.10863970588235294,255,64,0.11764705882352941,0.11764705882352941,0.1,0.35638353338523987,30,6,58,225,0.11764705882352941,0.09375,True,max_tpr_with_empirical_fpr_le_target,0.00784313725490196,0.00784313725490196,0.01,5.711367268221691,2,0,64,253,0.00784313725490196,0.0,False,max_tpr_with_empirical_fpr_le_target,0.00784313725490196,0.00784313725490196,0.001,5.711367268221691,2,0,64,253,0.00784313725490196,0.0,False,max_tpr_with_empirical_fpr_le_target,32,True,False,0.8146320109190843,1.0460995585450312,0.6875,GALLSTONE,DNN,dp,4.0,1
0.5384803921568627,0.12052696078431369,255,64,0.13725490196078433,0.13725490196078433,0.1,0.26821982898399566,35,6,58,220,0.13725490196078433,0.09375,True,max_tpr_with_empirical_fpr_le_target,0.00784313725490196,0.00784313725490196,0.01,6.688517196411887,2,0,64,253,0.00784313725490196,0.0,False,max_tpr_with_empirical_fpr_le_target,0.00784313725490196,0.00784313725490196,0.001,6.688517196411887,2,0,64,253,0.00784313725490196,0.0,False,max_tpr_with_empirical_fpr_le_target,32,True,False,0.7846975530918266,0.977471887574366,0.6875,GALLSTONE,DNN,dp,4.0,2
0.5237745098039215,0.08572303921568625,255,64,0.12941176470588237,0.12941176470588237,0.1,0.323328579165022,33,5,59,222,0.12941176470588237,0.078125,True,max_tpr_with_empirical_fpr_le_target,0.00784313725490196,0.00784313725490196,0.01,4.972367389147747,2,0,64,253,0.00784313725490196,0.0,False,max_tpr_with_empirical_fpr_le_target,0.00784313725490196,0.00784313725490196,0.001,4.972367389147747,2,0,64,253,0.00784313725490196,0.0,False,max_tpr_with_empirical_fpr_le_target,32,True,False,0.7745257156095584,0.9285957152683116,0.6875,GALLSTONE,DNN,dp,4.0,3
0.5384803921568627,0.10863970588235294,255,64,0.1411764705882353,0.1411764705882353,0.1,0.3451271204119255,36,6,58,219,0.1411764705882353,0.09375,True,max_tpr_with_empirical_fpr_le_target,0.01568627450980392,0.01568627450980392,0.01,2.9569221269915,4,0,64,251,0.01568627450980392,0.0,False,max_tpr_with_empirical_fpr_le_target,0.01568627450980392,0.01568627450980392,0.001,2.9569221269915,4,0,64,251,0.01568627450980392,0.0,False,max_tpr_with_empirical_fpr_le_target,32,True,False,0.7987402690441584,0.9711505283171432,0.6875,GALLSTONE,DNN,dp,4.0,4
0.5308210784313727,0.12450980392156863,255,64,0.09803921568627451,0.09803921568627451,0.1,0.5278909217699563,25,6,58,230,0.09803921568627451,0.09375,True,max_tpr_with_empirical_fpr_le_target,0.011764705882352941,0.011764705882352941,0.01,4.17246373818901,3,0,64,252,0.011764705882352941,0.0,False,max_tpr_with_empirical_fpr_le_target,0.011764705882352941,0.011764705882352941,0.001,4.17246373818901,3,0,64,252,0.011764705882352941,0.0,False,max_tpr_with_empirical_fpr_le_target,32,True,False,0.8136584560918412,0.993881254655088,0.65625,GALLSTONE,DNN,dp,8.0,0
0.5349264705882353,0.10857843137254897,255,64,0.12549019607843137,0.12549019607843137,0.1,0.33837076219253515,32,6,58,223,0.12549019607843137,0.09375,True,max_tpr_with_empirical_fpr_le_target,0.00784313725490196,0.00784313725490196,0.01,5.716330319774039,2,0,64,253,0.00784313725490196,0.0,False,max_tpr_with_empirical_fpr_le_target,0.00784313725490196,0.00784313725490196,0.001,5.716330319774039,2,0,64,253,0.00784313725490196,0.0,False,max_tpr_with_empirical_fpr_le_target,32,True,False,0.8146320109190843,1.0460995585450312,0.65625,GALLSTONE,DNN,dp,8.0,1
0.540563725490196,0.12444852941176465,255,64,0.12156862745098039,0.12156862745098039,0.1,0.3060565062585048,31,6,58,224,0.12156862745098039,0.09375,True,max_tpr_with_empirical_fpr_le_target,0.00784313725490196,0.00784313725490196,0.01,6.696732886656508,2,0,64,253,0.00784313725490196,0.0,False,max_tpr_with_empirical_fpr_le_target,0.00784313725490196,0.00784313725490196,0.001,6.696732886656508,2,0,64,253,0.00784313725490196,0.0,False,max_tpr_with_empirical_fpr_le_target,32,True,False,0.7846975530918266,0.977471887574366,0.65625,GALLSTONE,DNN,dp,8.0,2
0.5238357843137256,0.08572303921568625,255,64,0.12156862745098039,0.12156862745098039,0.1,0.3324369346092042,31,5,59,224,0.12156862745098039,0.078125,True,max_tpr_with_empirical_fpr_le_target,0.00784313725490196,0.00784313725490196,0.01,4.976198723516315,2,0,64,253,0.00784313725490196,0.0,False,max_tpr_with_empirical_fpr_le_target,0.00784313725490196,0.00784313725490196,0.001,4.976198723516315,2,0,64,253,0.00784313725490196,0.0,False,max_tpr_with_empirical_fpr_le_target,32,True,False,0.7745257156095584,0.9285957152683116,0.65625,GALLSTONE,DNN,dp,8.0,3
0.5412990196078431,0.12040441176470584,255,64,0.12941176470588237,0.12941176470588237,0.1,0.37209451303848406,33,6,58,222,0.12941176470588237,0.09375,True,max_tpr_with_empirical_fpr_le_target,0.01568627450980392,0.01568627450980392,0.01,2.939946793207291,4,0,64,251,0.01568627450980392,0.0,False,max_tpr_with_empirical_fpr_le_target,0.01568627450980392,0.01568627450980392,0.001,2.939946793207291,4,0,64,251,0.01568627450980392,0.0,False,max_tpr_with_empirical_fpr_le_target,32,True,False,0.7987402690441584,0.9711505283171432,0.65625,GALLSTONE,DNN,dp,8.0,4
0.5316789215686275,0.12463235294117647,255,64,0.09411764705882353,0.09411764705882353,0.1,0.5660287882615984,24,6,58,231,0.09411764705882353,0.09375,True,max_tpr_with_empirical_fpr_le_target,0.011764705882352941,0.011764705882352941,0.01,4.17488827477384,3,0,64,252,0.011764705882352941,0.0,False,max_tpr_with_empirical_fpr_le_target,0.011764705882352941,0.011764705882352941,0.001,4.17488827477384,3,0,64,252,0.011764705882352941,0.0,False,max_tpr_with_empirical_fpr_le_target,32,True,False,0.8136584560918412,0.993881254655088,0.65625,GALLSTONE,DNN,dp,10.0,0
0.5343749999999999,0.1050857843137255,255,64,0.12549019607843137,0.12549019607843137,0.1,0.3518445636088803,32,6,58,223,0.12549019607843137,0.09375,True,max_tpr_with_empirical_fpr_le_target,0.00784313725490196,0.00784313725490196,0.01,5.719795305493319,2,0,64,253,0.00784313725490196,0.0,False,max_tpr_with_empirical_fpr_le_target,0.00784313725490196,0.00784313725490196,0.001,5.719795305493319,2,0,64,253,0.00784313725490196,0.0,False,max_tpr_with_empirical_fpr_le_target,32,True,False,0.8146320109190843,1.0460995585450312,0.65625,GALLSTONE,DNN,dp,10.0,1
0.5422794117647058,0.12444852941176465,255,64,0.11764705882352941,0.11764705882352941,0.1,0.3831382799038051,30,6,58,225,0.11764705882352941,0.09375,True,max_tpr_with_empirical_fpr_le_target,0.00784313725490196,0.00784313725490196,0.01,6.702475768145881,2,0,64,253,0.00784313725490196,0.0,False,max_tpr_with_empirical_fpr_le_target,0.00784313725490196,0.00784313725490196,0.001,6.702475768145881,2,0,64,253,0.00784313725490196,0.0,False,max_tpr_with_empirical_fpr_le_target,32,True,False,0.7846975530918266,0.977471887574366,0.65625,GALLSTONE,DNN,dp,10.0,2
0.5245710784313726,0.08572303921568625,255,64,0.11372549019607843,0.11372549019607843,0.1,0.37745636588861187,29,6,58,226,0.11372549019607843,0.09375,True,max_tpr_with_empirical_fpr_le_target,0.00784313725490196,0.00784313725490196,0.01,4.978872732309185,2,0,64,253,0.00784313725490196,0.0,False,max_tpr_with_empirical_fpr_le_target,0.00784313725490196,0.00784313725490196,0.001,4.978872732309185,2,0,64,253,0.00784313725490196,0.0,False,max_tpr_with_empirical_fpr_le_target,32,True,False,0.7745257156095584,0.9285957152683116,0.65625,GALLSTONE,DNN,dp,10.0,3
0.5427696078431372,0.1281862745098039,255,64,0.12549019607843137,0.12549019607843137,0.1,0.40893012222664415,32,6,58,223,0.12549019607843137,0.09375,True,max_tpr_with_empirical_fpr_le_target,0.01568627450980392,0.01568627450980392,0.01,2.9312019133966727,4,0,64,251,0.01568627450980392,0.0,False,max_tpr_with_empirical_fpr_le_target,0.01568627450980392,0.01568627450980392,0.001,2.9312019133966727,4,0,64,251,0.01568627450980392,0.0,False,max_tpr_with_empirical_fpr_le_target,32,True,False,0.7987402690441584,0.9711505283171432,0.65625,GALLSTONE,DNN,dp,10.0,4
