dataset,dataset_dir,n_samples,n_features,model,model_family,variant,epsilon,n_runs,accuracy_mean,accuracy_std,f1_score_mean,f1_score_std,precision_mean,precision_std,recall_mean,recall_std,balanced_accuracy_mean,balanced_accuracy_std,roc_auc_mean,roc_auc_std,train_accuracy_mean,train_time_mean,train_time_std,ACL,accuracy_loss_pct,exported_model_accuracy,ACL_exported,exported_model_accuracy_source,source_dp,source_baseline
Breast Cancer,BCP,569,30,DP-RF,RandomForest,standard,,,0.9573099415204676,,0.9390219164612095,,0.9905455074903086,,0.8928571428571428,,0.9438822751322753,,0.9921847442680777,,0.9871062271062272,0.018279305633041077,,0.0,0.0,,,,BCP/RandomForest/output/dp_results.csv,BCP/RandomForest/output/baseline_results.csv
Breast Cancer,BCP,569,30,DP-RF,RandomForest,dp,0.1,30,0.7005847953216374,0.05706176123217801,0.31945133658101393,0.23224168087522334,0.8332949545581124,0.29999407845120596,0.2388888888888889,0.22533114401831064,0.6043981481481481,0.08789842408003866,0.8478670634920635,0.10828468281556751,,0.018596134700540765,0.00464348018238732,0.2681734880879656,26.81734880879656,0.7105263157894737,0.25778863775198513,report JSON (per_run_accuracies[0]),BCP/RandomForest/output/dp_results.csv,BCP/RandomForest/output/baseline_results.csv
Breast Cancer,BCP,569,30,DP-RF,RandomForest,dp,0.2,30,0.7078947368421054,0.07694504307118578,0.2993645405614633,0.2738142727635621,0.7896526682192673,0.3958324213981598,0.21269841269841272,0.21621121966539172,0.604728835978836,0.1059019245945749,0.9183090828924162,0.044987218889901336,,0.026847323567684118,0.008567245027791449,0.26053756872327394,26.053756872327394,0.7105263157894737,0.25778863775198513,report JSON (per_run_accuracies[0]),BCP/RandomForest/output/dp_results.csv,BCP/RandomForest/output/baseline_results.csv
Breast Cancer,BCP,569,30,DP-RF,RandomForest,dp,0.4,30,0.7029239766081871,0.0665254480495468,0.28919535925886897,0.24360438729443404,0.7615740740740741,0.4206611512652594,0.19523809523809527,0.1819936623118869,0.5971560846560847,0.09057017497035268,0.9416556437389771,0.038008408538783366,,0.018585377799657483,0.0085107885859437,0.2657299938912644,26.57299938912644,0.7456140350877193,0.22113622480146589,report JSON (per_run_accuracies[0]),BCP/RandomForest/output/dp_results.csv,BCP/RandomForest/output/baseline_results.csv
Breast Cancer,BCP,569,30,DP-RF,RandomForest,dp,0.6,30,0.7093567251461989,0.07565362165518705,0.3046201730176389,0.2642699669149295,0.7979797979797979,0.3991369119259577,0.2126984126984127,0.20919286032097714,0.6058862433862433,0.10345718746296995,0.9456900352733686,0.03120718343408912,,0.01791160279875233,0.0028515956582785148,0.2590103848503358,25.901038485033578,0.7982456140350878,0.16615760537568694,report JSON (per_run_accuracies[0]),BCP/RandomForest/output/dp_results.csv,BCP/RandomForest/output/baseline_results.csv
Breast Cancer,BCP,569,30,DP-RF,RandomForest,dp,0.8,30,0.7119883040935674,0.07151798133704682,0.3220582879746595,0.23766478251815648,0.9614709851551957,0.17959355010658454,0.2214285714285714,0.20129493859848185,0.6097883597883597,0.09851556235228619,0.9553626543209879,0.0241072518513232,,0.01922053196564472,0.004695434855650585,0.25626145387904664,25.626145387904664,0.7456140350877193,0.22113622480146589,report JSON (per_run_accuracies[0]),BCP/RandomForest/output/dp_results.csv,BCP/RandomForest/output/baseline_results.csv
Breast Cancer,BCP,569,30,DP-RF,RandomForest,dp,1.0,30,0.7152046783625732,0.06931983279628537,0.3363599873284435,0.23144930975562114,0.9612806946140279,0.17931173388680555,0.22936507936507936,0.1909204475271065,0.6139880952380952,0.09463937341763118,0.958256172839506,0.021788318829320513,,0.019272365234792234,0.004228250698242735,0.2529016493585825,25.29016493585825,0.7456140350877193,0.22113622480146589,report JSON (per_run_accuracies[0]),BCP/RandomForest/output/dp_results.csv,BCP/RandomForest/output/baseline_results.csv
Breast Cancer,BCP,569,30,DP-RF,RandomForest,dp,1.2,30,0.7175438596491228,0.07577783103123024,0.3378876478194055,0.2475395431693495,0.9313725490196079,0.2491430911993128,0.23492063492063492,0.20953583419078398,0.6169973544973544,0.10362701397845589,0.9588789682539682,0.023921790590364905,,0.019815441701211967,0.003793684209295618,0.2504581551618813,25.04581551618813,0.7982456140350878,0.16615760537568694,report JSON (per_run_accuracies[0]),BCP/RandomForest/output/dp_results.csv,BCP/RandomForest/output/baseline_results.csv
Breast Cancer,BCP,569,30,DP-RF,RandomForest,dp,1.4,30,0.7163742690058481,0.07216952406537953,0.3382281034423051,0.23504115087522487,0.995658263305322,0.016326591911159233,0.23253968253968252,0.20021561821388953,0.6155753968253969,0.09882424761742219,0.9601300705467374,0.023254579167779593,,0.01863918193412246,0.0032562870463029156,0.25167990226023174,25.167990226023175,0.7543859649122807,0.21197312156383605,report JSON (per_run_accuracies[0]),BCP/RandomForest/output/dp_results.csv,BCP/RandomForest/output/baseline_results.csv
Breast Cancer,BCP,569,30,DP-RF,RandomForest,dp,1.6,30,0.7146198830409358,0.07100147365350373,0.3334119709898259,0.22830698991783016,0.995658263305322,0.016326591911159233,0.22777777777777777,0.19717231331712345,0.6131944444444446,0.0972655225625025,0.9608796296296299,0.022780151552306244,,0.019710501333368786,0.0038908135006673257,0.2535125229077577,25.351252290775772,0.7192982456140351,0.2486255345143553,report JSON (per_run_accuracies[0]),BCP/RandomForest/output/dp_results.csv,BCP/RandomForest/output/baseline_results.csv
Breast Cancer,BCP,569,30,DP-RF,RandomForest,dp,1.8,30,0.7160818713450292,0.07256471105231768,0.3370705279740072,0.23430807989586616,0.995475113122172,0.01709105939573489,0.23174603174603176,0.20118069228895055,0.6151785714285716,0.0993379913622314,0.9610063932980599,0.021610564996564243,,0.020292333368464217,0.0037675889553077046,0.25198533903481957,25.198533903481955,0.7894736842105263,0.17532070861331678,report JSON (per_run_accuracies[0]),BCP/RandomForest/output/dp_results.csv,BCP/RandomForest/output/baseline_results.csv
Breast Cancer,BCP,569,30,DP-RF,RandomForest,dp,2.0,30,0.7178362573099417,0.0715896725902029,0.34490421183837133,0.22825649042025323,0.995475113122172,0.01709105939573489,0.2365079365079365,0.1985332966825977,0.617559523809524,0.09801424968666224,0.9622409611992946,0.0217559958314726,,0.018976744533574674,0.002822601277109359,0.25015271838729336,25.015271838729337,0.7982456140350878,0.16615760537568694,report JSON (per_run_accuracies[0]),BCP/RandomForest/output/dp_results.csv,BCP/RandomForest/output/baseline_results.csv
Breast Cancer,BCP,569,30,DP-RF,RandomForest,dp,4.0,30,0.7198830409356727,0.0722973542012893,0.35206563387016143,0.2277780729551392,0.995658263305322,0.016326591911159233,0.24206349206349204,0.20044200339403856,0.6203373015873017,0.098972326489402,0.9633156966490298,0.02075272459534411,,0.020070650065220737,0.0027942528623108335,0.24801466096517977,24.801466096517977,0.7631578947368421,0.2028100183262062,report JSON (per_run_accuracies[0]),BCP/RandomForest/output/dp_results.csv,BCP/RandomForest/output/baseline_results.csv
Breast Cancer,BCP,569,30,DP-RF,RandomForest,dp,6.0,30,0.7198830409356727,0.0722973542012893,0.35206563387016143,0.2277780729551392,0.995658263305322,0.016326591911159233,0.24206349206349204,0.20044200339403856,0.6203373015873017,0.098972326489402,0.9632826278659611,0.020914924028582166,,0.0210322416338992,0.002980113366445308,0.24801466096517977,24.801466096517977,0.7631578947368421,0.2028100183262062,report JSON (per_run_accuracies[0]),BCP/RandomForest/output/dp_results.csv,BCP/RandomForest/output/baseline_results.csv
Breast Cancer,BCP,569,30,DP-RF,RandomForest,dp,8.0,30,0.7198830409356727,0.0722973542012893,0.35206563387016143,0.2277780729551392,0.995658263305322,0.016326591911159233,0.24206349206349204,0.20044200339403856,0.6203373015873017,0.098972326489402,0.9632826278659611,0.020914924028582166,,0.021061645799394076,0.003515853831040313,0.24801466096517977,24.801466096517977,0.7631578947368421,0.2028100183262062,report JSON (per_run_accuracies[0]),BCP/RandomForest/output/dp_results.csv,BCP/RandomForest/output/baseline_results.csv
Breast Cancer,BCP,569,30,DP-RF,RandomForest,dp,10.0,30,0.7198830409356727,0.0722973542012893,0.35206563387016143,0.2277780729551392,0.995658263305322,0.016326591911159233,0.24206349206349204,0.20044200339403856,0.6203373015873017,0.098972326489402,0.9632826278659611,0.020914924028582166,,0.02135706116775206,0.0035737703824907305,0.24801466096517977,24.801466096517977,0.7631578947368421,0.2028100183262062,report JSON (per_run_accuracies[0]),BCP/RandomForest/output/dp_results.csv,BCP/RandomForest/output/baseline_results.csv
Breast Cancer,BCP,569,30,DP-LR,LR,standard,,,0.9122807017543859,,0.8648648648648649,,1.0,,0.7619047619047619,,0.8809523809523809,,0.998015873015873,,0.9406593406593406,0.0020260000019334257,,0.0,0.0,,,,BCP/LR/output/dp_results.csv,BCP/LR/output/baseline_results.csv
Breast Cancer,BCP,569,30,DP-LR,LR,dp,0.1,30,0.5567251461988305,0.22036853829721081,0.3958702992396146,0.25689570489200403,0.4869820929183006,0.3230817468709516,0.4150793650793651,0.270471952049659,0.5272156084656084,0.20082931148173602,0.5158730158730159,0.29404078108359377,,0.000726648532145191,0.00011904180906274917,0.3897435897435896,38.97435897435896,0.6578947368421053,0.27884615384615374,report JSON (per_run_accuracies[0]),BCP/LR/output/dp_results.csv,BCP/LR/output/baseline_results.csv
Breast Cancer,BCP,569,30,DP-LR,LR,dp,0.2,30,0.5897660818713449,0.20395046005747414,0.426095252549623,0.25471381882858063,0.49216183371169875,0.3036271400288166,0.4222222222222222,0.2472015201910823,0.554861111111111,0.1972525856110239,0.5451609347442681,0.283670460127255,,0.0006692179008193004,7.587918307177212e-05,0.3535256410256411,35.35256410256411,0.6754385964912281,0.2596153846153846,report JSON (per_run_accuracies[0]),BCP/LR/output/dp_results.csv,BCP/LR/output/baseline_results.csv
Breast Cancer,BCP,569,30,DP-LR,LR,dp,0.4,30,0.6283625730994152,0.17861859680824976,0.4766018377757371,0.2346530725845635,0.5348945337638775,0.2673814819809532,0.4619047619047619,0.23195250641141318,0.5936838624338623,0.1808321917298345,0.5979497354497353,0.2604451448553406,,0.0006935222350875847,8.648308168875723e-05,0.3112179487179486,31.12179487179486,0.6929824561403509,0.24038461538461528,report JSON (per_run_accuracies[0]),BCP/LR/output/dp_results.csv,BCP/LR/output/baseline_results.csv
Breast Cancer,BCP,569,30,DP-LR,LR,dp,0.6,30,0.6619883040935671,0.1641192412172039,0.5321450373258618,0.21828054336970276,0.5672258271185374,0.24880736869198272,0.5190476190476191,0.21423279769908554,0.6322089947089947,0.16819771332124553,0.6444223985890651,0.2367224308210268,,0.0007534679001158414,9.110973638795177e-05,0.2743589743589745,27.43589743589745,0.7105263157894737,0.22115384615384612,report JSON (per_run_accuracies[0]),BCP/LR/output/dp_results.csv,BCP/LR/output/baseline_results.csv
Breast Cancer,BCP,569,30,DP-LR,LR,dp,0.8,30,0.62046783625731,0.1700025246394188,0.45975788697504905,0.2425753814352111,0.5146962415028594,0.28652931974768836,0.4746031746031746,0.2745114077330132,0.5900793650793651,0.16974675026540442,0.5894290123456791,0.2602909075048428,,0.0008104153001719775,0.00030030313673541073,0.31987179487179485,31.987179487179485,0.6666666666666666,0.2692307692307692,report JSON (per_run_accuracies[0]),BCP/LR/output/dp_results.csv,BCP/LR/output/baseline_results.csv
Breast Cancer,BCP,569,30,DP-LR,LR,dp,1.0,30,0.6789473684210526,0.15118288086182824,0.5593410187154239,0.2063807235024663,0.5880737856783934,0.231793321679374,0.5587301587301587,0.218713801309716,0.6539021164021164,0.156191826605302,0.6834160052910054,0.2143298233579799,,0.000853034734124473,0.00024011700398986468,0.25576923076923075,25.576923076923073,0.7192982456140351,0.21153846153846148,report JSON (per_run_accuracies[0]),BCP/LR/output/dp_results.csv,BCP/LR/output/baseline_results.csv
Breast Cancer,BCP,569,30,DP-LR,LR,dp,1.2,30,0.7248538011695905,0.12235680494307781,0.6250319229012958,0.16411888057536075,0.6449448820657808,0.18586637278547788,0.6214285714285714,0.17271890926455014,0.7033068783068782,0.12607742320840454,0.7443287037037039,0.16979201552710282,,0.0008217306351677204,9.792122115645156e-05,0.205448717948718,20.5448717948718,0.7543859649122807,0.17307692307692302,report JSON (per_run_accuracies[0]),BCP/LR/output/dp_results.csv,BCP/LR/output/baseline_results.csv
Breast Cancer,BCP,569,30,DP-LR,LR,dp,1.4,30,0.7625730994152048,0.10098350191206884,0.6712094046669006,0.14017344589712663,0.6974757208125931,0.16059598784561688,0.657936507936508,0.14721954817235228,0.7407738095238094,0.10562258868763194,0.7900132275132276,0.13627452513112803,,0.0024657805678240646,0.008727209447808483,0.16410256410256396,16.410256410256395,0.7807017543859649,0.1442307692307692,report JSON (per_run_accuracies[0]),BCP/LR/output/dp_results.csv,BCP/LR/output/baseline_results.csv
Breast Cancer,BCP,569,30,DP-LR,LR,dp,1.6,30,0.7897660818713451,0.08409114751417054,0.7050134176224129,0.11917849585719764,0.7395769577376058,0.14008573796956275,0.6825396825396826,0.12663642874151232,0.7674272486772487,0.08852211810985887,0.8237764550264549,0.11213696502648905,,0.0008394499653756308,8.197841151180373e-05,0.13429487179487165,13.429487179487165,0.7982456140350878,0.1249999999999999,report JSON (per_run_accuracies[0]),BCP/LR/output/dp_results.csv,BCP/LR/output/baseline_results.csv
Breast Cancer,BCP,569,30,DP-LR,LR,dp,1.8,30,0.8096491228070177,0.07711153331922735,0.7291266781328524,0.1130429514050813,0.7717134984724054,0.12863482462474662,0.6984126984126985,0.1217678629460995,0.7864748677248676,0.08272551836409937,0.8506283068783067,0.09409538650237992,,0.000873019566157988,9.142947734960141e-05,0.11249999999999971,11.249999999999972,0.8421052631578947,0.07692307692307693,report JSON (per_run_accuracies[0]),BCP/LR/output/dp_results.csv,BCP/LR/output/baseline_results.csv
Breast Cancer,BCP,569,30,DP-LR,LR,dp,2.0,30,0.8277777777777777,0.0726706724936254,0.7523113065184241,0.10664322368308984,0.8064521293541588,0.12580905115946275,0.7111111111111111,0.1106111199376784,0.8034722222222224,0.07744848074379596,0.8725970017636684,0.07945651393321307,,0.0009669888677308336,0.0003689691862670519,0.09262820512820513,9.262820512820513,0.8508771929824561,0.06730769230769228,report JSON (per_run_accuracies[0]),BCP/LR/output/dp_results.csv,BCP/LR/output/baseline_results.csv
Breast Cancer,BCP,569,30,DP-LR,LR,dp,4.0,30,0.8964912280701756,0.022467102587483676,0.8424743401071874,0.03739524826872336,0.9565252080750144,0.044671697746669306,0.7555555555555554,0.055305559968839194,0.8671296296296297,0.02761898743633086,0.9635802469135801,0.023247101005221888,,0.0008686500669379409,0.00014238891903391588,0.017307692307692135,1.7307692307692135,0.9035087719298246,0.009615384615384524,report JSON (per_run_accuracies[0]),BCP/LR/output/dp_results.csv,BCP/LR/output/baseline_results.csv
Breast Cancer,BCP,569,30,DP-LR,LR,dp,6.0,30,0.909356725146199,0.013462999337100968,0.861050865871729,0.024075035324466372,0.9857930468766382,0.022632507434245854,0.7658730158730158,0.041277471822050285,0.8794642857142858,0.018703751646361677,0.9844356261022928,0.012478791547423733,,0.0008313319655523325,8.565383132051576e-05,0.0032051282051279717,0.32051282051279717,0.9122807017543859,0.0,report JSON (per_run_accuracies[0]),BCP/LR/output/dp_results.csv,BCP/LR/output/baseline_results.csv
Breast Cancer,BCP,569,30,DP-LR,LR,dp,8.0,30,0.9114035087719299,0.012059409723567994,0.8638354311995262,0.021643955356804894,0.9923250463130493,0.014455712645500817,0.7658730158730159,0.03692822261629155,0.8810846560846561,0.01700790235380054,0.9910493827160495,0.007251511544819814,,0.0008534418331691996,7.589782059842245e-05,0.0009615384615383471,0.09615384615383471,0.9035087719298246,0.009615384615384524,report JSON (per_run_accuracies[0]),BCP/LR/output/dp_results.csv,BCP/LR/output/baseline_results.csv
Breast Cancer,BCP,569,30,DP-LR,LR,dp,10.0,30,0.9149122807017546,0.010897453306189606,0.8695965820753495,0.01874028256707066,0.9960966481187068,0.009966680856520891,0.7722222222222223,0.030542668896656907,0.8851851851851852,0.014858742979751934,0.994135802469136,0.004269958372613921,,0.0008417846993931259,8.736980484136212e-05,-0.0028846153846155964,-0.28846153846155964,0.9122807017543859,0.0,report JSON (per_run_accuracies[0]),BCP/LR/output/dp_results.csv,BCP/LR/output/baseline_results.csv
Breast Cancer,BCP,569,30,DP-GNB,GaussianNB,standard,,,0.9210526315789476,,0.888888888888889,,0.9230769230769231,,0.8571428571428572,,0.9077380952380951,,0.9890873015873013,,0.945054945054945,0.00017873896673942607,,0.0,0.0,,,,BCP/GaussianNB/output/dp_results.csv,BCP/GaussianNB/output/baseline_results.csv
Breast Cancer,BCP,569,30,DP-GNB,GaussianNB,dp,0.1,30,0.4874269005847953,0.15218195745720647,0.33450872271281507,0.2688389692325333,0.25124441341075027,0.22110643374194655,0.5666666666666668,0.4658561149958888,0.5039351851851852,0.08995504677108093,0.51698082010582,0.29539950203678933,,0.01101374727052947,0.0008893223677032152,0.4707936507936509,47.07936507936509,0.3684210526315789,0.6000000000000001,report JSON (per_run_accuracies[0]),BCP/GaussianNB/output/dp_results.csv,BCP/GaussianNB/output/baseline_results.csv
Breast Cancer,BCP,569,30,DP-GNB,GaussianNB,dp,0.2,30,0.536842105263158,0.12341952517166005,0.23759760247748485,0.25548740363716,0.23984821221663324,0.2772741060814626,0.39365079365079364,0.466680163933955,0.507010582010582,0.04996687650349447,0.48432539682539677,0.30446510282496814,,0.008332075034074175,0.00038330050350316943,0.41714285714285715,41.714285714285715,0.6842105263157895,0.2571428571428573,report JSON (per_run_accuracies[0]),BCP/GaussianNB/output/dp_results.csv,BCP/GaussianNB/output/baseline_results.csv
Breast Cancer,BCP,569,30,DP-GNB,GaussianNB,dp,0.4,30,0.5517543859649122,0.12627415655682556,0.17500163057850884,0.2528288741174637,0.16134264475323545,0.24731727216649216,0.2968253968253968,0.44013214076609875,0.49864417989417986,0.06058440224536724,0.5916391093474427,0.2809455761431264,,0.007338433302356862,0.0002877631222705205,0.40095238095238117,40.095238095238116,0.6228070175438597,0.3238095238095239,report JSON (per_run_accuracies[0]),BCP/GaussianNB/output/dp_results.csv,BCP/GaussianNB/output/baseline_results.csv
Breast Cancer,BCP,569,30,DP-GNB,GaussianNB,dp,0.6,30,0.5675438596491227,0.1345693327032432,0.07625074594183907,0.1699788810529203,0.11133906688823939,0.2255906015726794,0.12460317460317459,0.30668313899695226,0.4752645502645503,0.08619082535064605,0.5850749559082893,0.3479944374886758,,0.006761227731476538,0.00016789271162032183,0.38380952380952404,38.38095238095241,0.6403508771929824,0.3047619047619049,report JSON (per_run_accuracies[0]),BCP/GaussianNB/output/dp_results.csv,BCP/GaussianNB/output/baseline_results.csv
Breast Cancer,BCP,569,30,DP-GNB,GaussianNB,dp,0.8,30,0.5880116959064328,0.14552740559383356,0.24025736625906277,0.2872890270210145,0.2720373513783175,0.3227405439247096,0.3357142857142857,0.4250005557775034,0.5354497354497354,0.10386417825557259,0.5240740740740741,0.31823781829303305,,0.006568467896431685,0.0002236775672181394,0.3615873015873017,36.158730158730165,0.631578947368421,0.31428571428571445,report JSON (per_run_accuracies[0]),BCP/GaussianNB/output/dp_results.csv,BCP/GaussianNB/output/baseline_results.csv
Breast Cancer,BCP,569,30,DP-GNB,GaussianNB,dp,1.0,30,0.5739766081871345,0.11241958089922077,0.15142860825721724,0.23334657174152487,0.13467083979636116,0.2324543386951967,0.24444444444444446,0.40279322044053156,0.5053240740740741,0.032220417370891326,0.5342427248677247,0.3112376415199299,,0.006265034799192411,0.00012468372025140108,0.37682539682539695,37.6825396825397,0.631578947368421,0.31428571428571445,report JSON (per_run_accuracies[0]),BCP/GaussianNB/output/dp_results.csv,BCP/GaussianNB/output/baseline_results.csv
Breast Cancer,BCP,569,30,DP-GNB,GaussianNB,dp,1.2,30,0.6318713450292398,0.06770063575424796,0.07090779692773683,0.205776379502271,0.12656406406406406,0.2998825623541773,0.08809523809523809,0.2612654534916713,0.5185846560846561,0.07873215438814497,0.5123015873015873,0.3007884519404787,,0.006219999903502564,0.00019411797092805402,0.3139682539682541,31.396825396825413,0.631578947368421,0.31428571428571445,report JSON (per_run_accuracies[0]),BCP/GaussianNB/output/dp_results.csv,BCP/GaussianNB/output/baseline_results.csv
Breast Cancer,BCP,569,30,DP-GNB,GaussianNB,dp,1.4,30,0.6260233918128654,0.055869381394783604,0.14334200868512528,0.21562029441873404,0.26701762874333207,0.36527450655064636,0.1579365079365079,0.2927366724297377,0.528505291005291,0.05287734604175788,0.7084876543209877,0.2342310830196854,,0.006095534700822706,0.00013906506430994445,0.32031746031746056,32.03174603174605,0.631578947368421,0.31428571428571445,report JSON (per_run_accuracies[0]),BCP/GaussianNB/output/dp_results.csv,BCP/GaussianNB/output/baseline_results.csv
Breast Cancer,BCP,569,30,DP-GNB,GaussianNB,dp,1.6,30,0.630701754385965,0.09445892742862066,0.15360836084206092,0.24868737874098293,0.20899593328328586,0.34111054196941837,0.1603174603174603,0.2882121849305716,0.5327050264550264,0.08691121058153169,0.5919863315696648,0.3408401340672113,,0.006043697298931268,0.00014538410808555857,0.3152380952380953,31.523809523809533,0.631578947368421,0.31428571428571445,report JSON (per_run_accuracies[0]),BCP/GaussianNB/output/dp_results.csv,BCP/GaussianNB/output/baseline_results.csv
Breast Cancer,BCP,569,30,DP-GNB,GaussianNB,dp,1.8,30,0.6087719298245614,0.11364305081194138,0.14665713325489724,0.23820577432672999,0.22042395819044408,0.33096402257109014,0.18174603174603174,0.33550783550396446,0.519808201058201,0.09734648256238411,0.7018849206349207,0.28344413467533613,,0.006071108239120803,0.0001360299931608081,0.33904761904761915,33.90476190476191,0.631578947368421,0.31428571428571445,report JSON (per_run_accuracies[0]),BCP/GaussianNB/output/dp_results.csv,BCP/GaussianNB/output/baseline_results.csv
Breast Cancer,BCP,569,30,DP-GNB,GaussianNB,dp,2.0,30,0.6236842105263157,0.08837039066590721,0.1565033461328364,0.22797613570758926,0.3205010642412507,0.39469467422029436,0.16031746031746028,0.2850477233474036,0.5271494708994708,0.08693121416374416,0.6304122574955909,0.30805084583576725,,0.0059830222016898915,0.00011655625802088488,0.32285714285714306,32.285714285714306,0.631578947368421,0.31428571428571445,report JSON (per_run_accuracies[0]),BCP/GaussianNB/output/dp_results.csv,BCP/GaussianNB/output/baseline_results.csv
Breast Cancer,BCP,569,30,DP-GNB,GaussianNB,dp,4.0,30,0.65906432748538,0.04430958301640847,0.14223088998291855,0.20381690574456976,0.5256610056610056,0.4703265523196155,0.10873015873015873,0.20386323032676668,0.5444113756613757,0.07073938316389168,0.8274856701940034,0.1462413637184141,,0.005913063900273604,0.00018221534888473743,0.2844444444444447,28.44444444444447,0.6929824561403509,0.24761904761904774,report JSON (per_run_accuracies[0]),BCP/GaussianNB/output/dp_results.csv,BCP/GaussianNB/output/baseline_results.csv
Breast Cancer,BCP,569,30,DP-GNB,GaussianNB,dp,6.0,30,0.6906432748538012,0.10214517952644186,0.3132156081200125,0.2823295613126925,0.6643731551022931,0.3849937266165467,0.2634920634920635,0.29289477970395467,0.6016534391534393,0.13180880099870457,0.8146604938271604,0.17580827553958575,,0.00584997650294099,0.00012471952772333394,0.25015873015873036,25.015873015873037,0.7017543859649122,0.2380952380952383,report JSON (per_run_accuracies[0]),BCP/GaussianNB/output/dp_results.csv,BCP/GaussianNB/output/baseline_results.csv
Breast Cancer,BCP,569,30,DP-GNB,GaussianNB,dp,8.0,30,0.742982456140351,0.09379951071144002,0.4442912680175371,0.29625869813994943,0.815899620504945,0.30702953716074677,0.3682539682539682,0.3009014758367692,0.6649140211640211,0.13205446623618625,0.9122960758377425,0.0867103143777943,,0.005813386068136121,0.00012442796756916233,0.19333333333333336,19.333333333333336,0.6578947368421053,0.2857142857142858,report JSON (per_run_accuracies[0]),BCP/GaussianNB/output/dp_results.csv,BCP/GaussianNB/output/baseline_results.csv
Breast Cancer,BCP,569,30,DP-GNB,GaussianNB,dp,10.0,30,0.7187134502923976,0.09903435823322393,0.45248625838175455,0.2376495059769425,0.8800595820212271,0.18358010740733124,0.3936507936507937,0.29989500136176617,0.6509920634920635,0.10638708063644688,0.8973600088183423,0.09291755973345353,,0.005940372331921632,0.0003317707654608901,0.21968253968253992,21.968253968253993,0.7456140350877193,0.19047619047619066,report JSON (per_run_accuracies[0]),BCP/GaussianNB/output/dp_results.csv,BCP/GaussianNB/output/baseline_results.csv
Breast Cancer,BCP,569,30,DP-SVM,SVM,standard,,,0.9473684210526313,,0.9230769230769231,,1.0,,0.8571428571428572,,0.9285714285714283,,0.9973544973544972,,0.9802197802197802,0.0035201805988132645,,0.0,0.0,,,,BCP/SVM/output/dp_results.csv,BCP/SVM/output/baseline_results.csv
Breast Cancer,BCP,569,30,DP-SVM,SVM,dp,0.1,30,0.6201754385964915,0.17069838862431333,0.4620701271415713,0.23204311360572719,0.5352721559822912,0.27235307305186557,0.5,0.2999748036786185,0.5951388888888889,0.15732416113272268,0.6209215167548501,0.24149969237486785,,0.0005635569666083029,0.0002274832501750214,0.3453703703703699,34.53703703703699,0.6666666666666666,0.2962962962962961,report JSON (per_run_accuracies[0]),BCP/SVM/output/dp_results.csv,BCP/SVM/output/baseline_results.csv
Breast Cancer,BCP,569,30,DP-SVM,SVM,dp,0.2,30,0.7099415204678362,0.11501899721610248,0.5340481217333536,0.22803179926090322,0.6458068273761395,0.2384501053364075,0.5047619047619047,0.256686838445196,0.667195767195767,0.13123059804658985,0.6846340388007053,0.21814202899624152,,0.0005100834666336596,0.000152589709445342,0.2506172839506171,25.06172839506171,0.6929824561403509,0.26851851851851827,report JSON (per_run_accuracies[0]),BCP/SVM/output/dp_results.csv,BCP/SVM/output/baseline_results.csv
Breast Cancer,BCP,569,30,DP-SVM,SVM,dp,0.4,30,0.47602339181286557,0.1663575670708936,0.39278940881979146,0.20642389107594591,0.42519917657203526,0.26799441738969254,0.5801587301587302,0.3691875481434979,0.4977182539682539,0.11655828512804049,0.5252535273368607,0.249871519015436,,0.00048507506664160853,0.00020497335514726297,0.4975308641975307,49.75308641975307,0.45614035087719296,0.5185185185185184,report JSON (per_run_accuracies[0]),BCP/SVM/output/dp_results.csv,BCP/SVM/output/baseline_results.csv
Breast Cancer,BCP,569,30,DP-SVM,SVM,dp,0.6,30,0.7476608187134501,0.0964562226065197,0.6271810111158372,0.15583618413411782,0.688800750488567,0.16223307307371693,0.5976190476190477,0.1869060256756385,0.7164021164021164,0.10880023633527547,0.741820987654321,0.17426451605830767,,0.0006709681000453808,0.00028975087781066516,0.21080246913580236,21.080246913580236,0.6929824561403509,0.26851851851851827,report JSON (per_run_accuracies[0]),BCP/SVM/output/dp_results.csv,BCP/SVM/output/baseline_results.csv
Breast Cancer,BCP,569,30,DP-SVM,SVM,dp,0.8,30,0.8266081871345029,0.07049209744694178,0.7319158507567051,0.11741959966293672,0.8414588093968418,0.12116839349072758,0.6603174603174603,0.14350821653708834,0.7919642857142859,0.08263126644089147,0.8644951499118163,0.10703960977178925,,0.0007279348000489941,0.00028267185363794225,0.12746913580246888,12.746913580246888,0.8157894736842105,0.13888888888888865,report JSON (per_run_accuracies[0]),BCP/SVM/output/dp_results.csv,BCP/SVM/output/baseline_results.csv
Breast Cancer,BCP,569,30,DP-SVM,SVM,dp,1.0,30,0.8631578947368422,0.04908101814820416,0.7858448097729458,0.08540591748001637,0.9173732581317101,0.0885186644148596,0.6944444444444445,0.10524479856072068,0.8280092592592592,0.05886288902089048,0.9259369488536155,0.06802533398995875,,0.0008777583999896402,0.000521181157208472,0.08888888888888846,8.888888888888847,0.868421052631579,0.08333333333333304,report JSON (per_run_accuracies[0]),BCP/SVM/output/dp_results.csv,BCP/SVM/output/baseline_results.csv
Breast Cancer,BCP,569,30,DP-SVM,SVM,dp,1.2,30,0.8789473684210527,0.03467594638683881,0.8085587241919151,0.06255765337060967,0.9559140242444886,0.05125789597273918,0.7055555555555556,0.08617235039902892,0.8428240740740739,0.04443269412336228,0.9556437389770724,0.0424111264796102,,0.0010841555333172437,0.0008422676028752506,0.07222222222222185,7.222222222222186,0.8771929824561403,0.07407407407407386,report JSON (per_run_accuracies[0]),BCP/SVM/output/dp_results.csv,BCP/SVM/output/baseline_results.csv
Breast Cancer,BCP,569,30,DP-SVM,SVM,dp,1.4,30,0.8880116959064329,0.03061251301812334,0.8234435592137219,0.05321953470328201,0.9713814787965396,0.04200292867887433,0.7182539682539681,0.07556372504853025,0.8526455026455028,0.039240037222994614,0.9715939153439154,0.027237297445231998,,0.0008575612666542535,0.0002956203873276743,0.06265432098765389,6.265432098765389,0.8771929824561403,0.07407407407407386,report JSON (per_run_accuracies[0]),BCP/SVM/output/dp_results.csv,BCP/SVM/output/baseline_results.csv
Breast Cancer,BCP,569,30,DP-SVM,SVM,dp,1.6,30,0.8947368421052633,0.02501666624117829,0.8341710071516517,0.045329835629225684,0.9826025526760821,0.023467590532907,0.7277777777777776,0.06864505894021812,0.8599537037037039,0.03381281047463206,0.9803240740740741,0.017338420546131564,,0.0009840917666830743,0.000351674715366588,0.055555555555555136,5.555555555555514,0.8947368421052632,0.055555555555555275,report JSON (per_run_accuracies[0]),BCP/SVM/output/dp_results.csv,BCP/SVM/output/baseline_results.csv
Breast Cancer,BCP,569,30,DP-SVM,SVM,dp,1.8,30,0.8997076023391816,0.02306237314235204,0.8421159171026884,0.040778866355322546,0.9927003670480901,0.017601088927786987,0.7333333333333336,0.06035921695819538,0.865046296296296,0.030662608939547975,0.9855268959435626,0.011727902956418264,,0.0009689306332347769,0.0003674242595028165,0.050308641975308044,5.030864197530804,0.8859649122807017,0.06481481481481456,report JSON (per_run_accuracies[0]),BCP/SVM/output/dp_results.csv,BCP/SVM/output/baseline_results.csv
Breast Cancer,BCP,569,30,DP-SVM,SVM,dp,2.0,30,0.8991228070175441,0.019712460573898447,0.8412474472783611,0.03489040620648144,0.9937397935713875,0.014905886812747474,0.7309523809523811,0.05221836237966978,0.8640873015873015,0.026338616234180476,0.9888447971781302,0.008650688027804007,,0.0008622500333179535,0.00025431688276257895,0.050925925925925375,5.0925925925925375,0.8859649122807017,0.06481481481481456,report JSON (per_run_accuracies[0]),BCP/SVM/output/dp_results.csv,BCP/SVM/output/baseline_results.csv
Breast Cancer,BCP,569,30,DP-SVM,SVM,dp,4.0,30,0.9017543859649124,0.011637279966159297,0.8457774984041624,0.02065976265084318,1.0,0.0,0.7333333333333335,0.03158690276528952,0.8666666666666667,0.01579345138264475,0.9963403880070546,0.0022669743546005947,,0.0009538611000152741,0.0003101281077410106,0.04814814814814772,4.814814814814772,0.8947368421052632,0.055555555555555275,report JSON (per_run_accuracies[0]),BCP/SVM/output/dp_results.csv,BCP/SVM/output/baseline_results.csv
Breast Cancer,BCP,569,30,DP-SVM,SVM,dp,6.0,30,0.903216374269006,0.010250612949098292,0.8484954717403106,0.018355516959042906,1.0,0.0,0.7373015873015872,0.027823092290409676,0.8686507936507937,0.013911546145204807,0.9968143738977073,0.0014652203567604087,,0.0010061638333354495,0.00039619320081280945,0.0466049382716045,4.66049382716045,0.8947368421052632,0.055555555555555275,report JSON (per_run_accuracies[0]),BCP/SVM/output/dp_results.csv,BCP/SVM/output/baseline_results.csv
Breast Cancer,BCP,569,30,DP-SVM,SVM,dp,8.0,30,0.9017543859649124,0.00859470085187078,0.8459447292169655,0.015538626157886806,1.0,0.0,0.7333333333333335,0.023328473740792152,0.8666666666666667,0.011664236870396059,0.9968694885361552,0.0011542010681400484,,0.0009475444666804834,0.0003719135496933826,0.04814814814814772,4.814814814814772,0.9035087719298246,0.04629629629629598,report JSON (per_run_accuracies[0]),BCP/SVM/output/dp_results.csv,BCP/SVM/output/baseline_results.csv
Breast Cancer,BCP,569,30,DP-SVM,SVM,dp,10.0,30,0.9014619883040937,0.008678843321436144,0.8454125806300222,0.015645592420501488,1.0,0.0,0.7325396825396826,0.02355686044389813,0.8662698412698412,0.011778430221949044,0.9968805114638446,0.0009457260837214,,0.0009942555999259638,0.00038061761310398303,0.048456790123456384,4.845679012345638,0.9035087719298246,0.04629629629629598,report JSON (per_run_accuracies[0]),BCP/SVM/output/dp_results.csv,BCP/SVM/output/baseline_results.csv
Breast Cancer,BCP,569,30,DP-DNN,DNN,standard,,,0.9733918128654969,,0.9625843561546793,,0.9959349593495935,,0.9317460317460315,,0.9647156084656086,,0.9960317460317458,,0.9850549450549451,0.1897897986336223,,0.0,0.0,,,,BCP/DNN/output/dp_dnn_results.csv,BCP/DNN/output/baseline_dnn_results.csv
Breast Cancer,BCP,569,30,DP-DNN,DNN,dp,0.1,,0.5988304093567252,0.13528756640940298,0.2626135927403553,0.2890291151064965,0.29607500132370446,,0.35158730158730156,,0.5473214285714286,0.10501236132330435,0.6615299823633157,0.2817744121991574,,3.465186184766935,0.367304486433601,0.384800240312406,38.4800240312406,0.631578947368421,0.3511565034544908,measured from exported artifact,BCP/DNN/output/dp_dnn_results.csv,BCP/DNN/output/baseline_dnn_results.csv
Breast Cancer,BCP,569,30,DP-DNN,DNN,dp,0.2,,0.6669590643274854,0.06479693138794623,0.14583726516292653,0.2349017470862178,0.41199643493761146,,0.10555555555555556,,0.55,0.09098096681818259,0.8417217813051147,0.1786526834235137,,3.485813369533571,0.37452004991029586,0.31480925202763577,31.480925202763576,0.631578947368421,0.3511565034544908,measured from exported artifact,BCP/DNN/output/dp_dnn_results.csv,BCP/DNN/output/baseline_dnn_results.csv
Breast Cancer,BCP,569,30,DP-DNN,DNN,dp,0.4,,0.6333333333333333,0.006564311204866568,0.008897876643073812,0.03276036400404449,0.1,,0.0047619047619047615,,0.5023809523809525,0.008908708063747486,0.9508818342151676,0.04525421849981119,,3.6236281750005825,0.41679212189296416,0.34935416040853107,34.935416040853106,0.631578947368421,0.3511565034544908,measured from exported artifact,BCP/DNN/output/dp_dnn_results.csv,BCP/DNN/output/baseline_dnn_results.csv
Breast Cancer,BCP,569,30,DP-DNN,DNN,dp,0.8,,0.631578947368421,0.0,0.0,0.0,0.0,,0.0,,0.5,0.0,0.9759259259259259,0.014602879057919795,,3.2321169958993172,0.19320355934808128,0.3511565034544908,35.115650345449076,0.631578947368421,0.3511565034544908,measured from exported artifact,BCP/DNN/output/dp_dnn_results.csv,BCP/DNN/output/baseline_dnn_results.csv
Breast Cancer,BCP,569,30,DP-DNN,DNN,dp,1.0,,0.6318713450292397,0.0015746095927293916,0.0015503875968992248,0.00834909272423954,0.03333333333333333,,0.0007936507936507937,,0.5003968253968254,0.0021369701615613036,0.978990299823633,0.011880466259323473,,3.4750977361991926,0.18904065631842354,0.35085611294683083,35.08561129468308,0.631578947368421,0.3511565034544908,measured from exported artifact,BCP/DNN/output/dp_dnn_results.csv,BCP/DNN/output/baseline_dnn_results.csv
Breast Cancer,BCP,569,30,DP-DNN,DNN,dp,2.0,,0.6336257309941521,0.008378098702862229,0.010122501611863314,0.04101213815921218,0.06666666666666667,,0.005555555555555555,,0.5027777777777778,0.011370276811027306,0.9866732804232804,0.007181409895846263,,3.405287643165987,0.22047015639764297,0.349053769900871,34.9053769900871,0.631578947368421,0.3511565034544908,measured from exported artifact,BCP/DNN/output/dp_dnn_results.csv,BCP/DNN/output/baseline_dnn_results.csv
Breast Cancer,BCP,569,30,DP-DNN,DNN,dp,4.0,,0.6801169590643277,0.03835205247267742,0.2193960380890103,0.14778537825079188,0.8333333333333334,,0.13174603174603175,,0.5658730158730159,0.05204921407006219,0.9935185185185186,0.003746757818812507,,3.7048778445328936,0.1603292804044601,0.30129167918293753,30.129167918293753,0.631578947368421,0.3511565034544908,measured from exported artifact,BCP/DNN/output/dp_dnn_results.csv,BCP/DNN/output/baseline_dnn_results.csv
Breast Cancer,BCP,569,30,DP-DNN,DNN,dp,8.0,,0.8453216374269005,0.032228801824499324,0.7301315602802243,0.07552047145659699,1.0,,0.5801587301587302,,0.790079365079365,0.04373908819039194,0.9957671957671959,0.0016254240380217506,,5.772776259668172,0.5350376502375018,0.13157104235506156,13.157104235506157,0.7631578947368421,0.2159807750075096,measured from exported artifact,BCP/DNN/output/dp_dnn_results.csv,BCP/DNN/output/baseline_dnn_results.csv
Breast Cancer,BCP,569,30,DP-DNN,DNN,dp,10.0,,0.8687134502923975,0.014587683840077685,0.7824879214802046,0.029439109429451916,1.0,,0.6436507936507937,,0.8218253968253971,0.019797570925819716,0.9960097001763669,0.001291894649381262,,5.9742648639347555,0.3211815412513656,0.10753980174226496,10.753980174226497,0.8421052631578947,0.13487533793932102,measured from exported artifact,BCP/DNN/output/dp_dnn_results.csv,BCP/DNN/output/baseline_dnn_results.csv
Diabetes,DIABETES,70692,21,DP-RF,RandomForest,standard,,,0.7373223000212179,,0.7471060874302057,,0.7202310620979389,,0.7760645070024048,,0.7373250399227017,,0.8128717973549472,,0.7410216964617262,0.10911891599243972,,0.0,0.0,,,,DIABETES/RandomForest/output/dp_results.csv,DIABETES/RandomForest/output/baseline_results.csv
Diabetes,DIABETES,70692,21,DP-RF,RandomForest,dp,0.1,30,0.6971096494330102,0.016498320646723085,0.6749651581685024,0.03791250888375407,0.7263976483786666,0.01397074600390932,0.6353043806290376,0.0710521464760917,0.6971052784804782,0.016501875175478298,0.7750879206506832,0.010241557206761287,,0.05797826513444306,0.013740340448096086,0.05453876898481225,5.453876898481225,0.6757903670698069,0.08345323741007198,report JSON (per_run_accuracies[0]),DIABETES/RandomForest/output/dp_results.csv,DIABETES/RandomForest/output/baseline_results.csv
Diabetes,DIABETES,70692,21,DP-RF,RandomForest,dp,0.2,30,0.6985265341726195,0.016046248077878182,0.6783532596200128,0.03560794708335029,0.7252718228582025,0.0122043925727722,0.641434432027161,0.06701474290140833,0.6985224965416331,0.016049592421267106,0.7759842690915819,0.010155300834555282,,0.051310826399033733,0.008217524380253664,0.05261710631494809,5.261710631494809,0.6863285946672325,0.0691606714628297,report JSON (per_run_accuracies[0]),DIABETES/RandomForest/output/dp_results.csv,DIABETES/RandomForest/output/baseline_results.csv
Diabetes,DIABETES,70692,21,DP-RF,RandomForest,dp,0.4,30,0.6991842893179621,0.016086763854073666,0.6796618091473893,0.03680227006179277,0.7250798956378478,0.013173283012428573,0.6444098646673269,0.06994087761473591,0.6991804155962753,0.01609032184368048,0.7766030361195487,0.009753120182073388,,0.049780624968601236,0.0017611178804639903,0.05172501998401291,5.172501998401291,0.687813848221232,0.06714628297362112,report JSON (per_run_accuracies[0]),DIABETES/RandomForest/output/dp_results.csv,DIABETES/RandomForest/output/baseline_results.csv
Diabetes,DIABETES,70692,21,DP-RF,RandomForest,dp,0.6,30,0.6991442110474574,0.01584938007474709,0.6798046444313086,0.03593851262903995,0.7248608035701373,0.01342267395419171,0.644669212995709,0.0687971600938385,0.6991403585016264,0.015852826175975963,0.7766844665591389,0.009699103668621497,,0.04993305700239337,0.001468807883233151,0.05177937649880093,5.177937649880093,0.6878845745809463,0.06705035971223021,report JSON (per_run_accuracies[0]),DIABETES/RandomForest/output/dp_results.csv,DIABETES/RandomForest/output/baseline_results.csv
Diabetes,DIABETES,70692,21,DP-RF,RandomForest,dp,0.8,30,0.699271518494943,0.015701910256321523,0.6797517038927848,0.036113556179012046,0.7253181990898903,0.013827040303373068,0.6443438487291931,0.06928834750652905,0.6992676339355537,0.015705407822974856,0.7768089390835897,0.009506902778763692,,0.05014125143303924,0.0014473130128982812,0.05160671462829747,5.160671462829747,0.6876723955018035,0.06733812949640293,report JSON (per_run_accuracies[0]),DIABETES/RandomForest/output/dp_results.csv,DIABETES/RandomForest/output/baseline_results.csv
Diabetes,DIABETES,70692,21,DP-RF,RandomForest,dp,1.0,30,0.6991229931395431,0.015898580377113863,0.6790706807175266,0.03624939499970166,0.7258506301952811,0.012993534663223517,0.6425567029754328,0.06832756677449531,0.6991189926946942,0.015902050649832813,0.7768541361239573,0.009414586571584518,,0.05066505703531827,0.0018168418603089662,0.05180815347721823,5.180815347721824,0.6876723955018035,0.06733812949640293,report JSON (per_run_accuracies[0]),DIABETES/RandomForest/output/dp_results.csv,DIABETES/RandomForest/output/baseline_results.csv
Diabetes,DIABETES,70692,21,DP-RF,RandomForest,dp,1.2,30,0.699174859136667,0.015957466409368407,0.6794887945423317,0.03615851965160103,0.7253607705413451,0.012939662083869732,0.6436412505304853,0.06821535734149593,0.69917093172446,0.015960910405400652,0.7767482128242329,0.009480393067655133,,0.05060850269801449,0.001982909322788095,0.051737809752198105,5.1737809752198105,0.6876016691420893,0.06743405275779368,report JSON (per_run_accuracies[0]),DIABETES/RandomForest/output/dp_results.csv,DIABETES/RandomForest/output/baseline_results.csv
Diabetes,DIABETES,70692,21,DP-RF,RandomForest,dp,1.4,30,0.699259730768324,0.015844957590620885,0.6796440209197262,0.03572618713220396,0.7253698144743937,0.012470861855680259,0.6437449898618381,0.06718041290545501,0.6992558046904664,0.015848347349293298,0.7766982466692398,0.009428203399767356,,0.050875038832600694,0.0019100891129267014,0.05162270183852913,5.162270183852913,0.6876016691420893,0.06743405275779368,report JSON (per_run_accuracies[0]),DIABETES/RandomForest/output/dp_results.csv,DIABETES/RandomForest/output/baseline_results.csv
Diabetes,DIABETES,70692,21,DP-RF,RandomForest,dp,1.6,30,0.6992668034042956,0.0158644331195181,0.6795835666550053,0.03565064944063006,0.7254773145795383,0.012367456502808002,0.6435045032300657,0.06687370510640475,0.6992628598187104,0.015867800998955794,0.7766999797710306,0.009432785730104922,,0.05094979866456318,0.0021614595027545295,0.05161310951238984,5.161310951238985,0.6876016691420893,0.06743405275779368,report JSON (per_run_accuracies[0]),DIABETES/RandomForest/output/dp_results.csv,DIABETES/RandomForest/output/baseline_results.csv
Diabetes,DIABETES,70692,21,DP-RF,RandomForest,dp,1.8,30,0.6993257420373908,0.01588741047788783,0.6798339688478404,0.03592807561392746,0.7252662121707031,0.01280715697265729,0.6442731173669072,0.06795035972956599,0.6993218486410206,0.015890835276029504,0.776739211166231,0.009438618777018216,,0.04970121669854658,0.001222621342774601,0.051533173461230763,5.153317346123076,0.6877431218615178,0.06724220623501202,report JSON (per_run_accuracies[0]),DIABETES/RandomForest/output/dp_results.csv,DIABETES/RandomForest/output/baseline_results.csv
Diabetes,DIABETES,70692,21,DP-RF,RandomForest,dp,2.0,30,0.6993045241294763,0.015811675977837076,0.6797119070194205,0.035902522292754875,0.7254123883724016,0.0129778588881034,0.6439713302211536,0.0680403812426229,0.6993006108908691,0.01581510827991634,0.7768057246583135,0.009421231730873537,,0.04974869723373558,0.001150055987165363,0.051561950439648396,5.156195043964839,0.6877431218615178,0.06724220623501202,report JSON (per_run_accuracies[0]),DIABETES/RandomForest/output/dp_results.csv,DIABETES/RandomForest/output/baseline_results.csv
Diabetes,DIABETES,70692,21,DP-RF,RandomForest,dp,4.0,30,0.6993115967654479,0.015795353276895626,0.6797802780666781,0.03592599932929532,0.7253329953702151,0.01303895355061049,0.6441788088838591,0.06818914346313058,0.6993076976998267,0.01579879402220424,0.7767963945213308,0.00937617744179489,,0.0505558847663148,0.0009493674718531542,0.05155235811350911,5.155235811350911,0.6877431218615178,0.06724220623501202,report JSON (per_run_accuracies[0]),DIABETES/RandomForest/output/dp_results.csv,DIABETES/RandomForest/output/baseline_results.csv
Diabetes,DIABETES,70692,21,DP-RF,RandomForest,dp,6.0,30,0.6993021665841526,0.015802340006926277,0.679775056481047,0.03593081618939964,0.7253134570647127,0.013029469630291926,0.6441835243080115,0.06818871091451756,0.6992982685189281,0.01580578048973667,0.7767857337943643,0.009375982761509773,,0.05589240836755683,0.008529349004141505,0.05156514788169464,5.1565147881694635,0.6874602164226608,0.0676258992805755,report JSON (per_run_accuracies[0]),DIABETES/RandomForest/output/dp_results.csv,DIABETES/RandomForest/output/baseline_results.csv
Diabetes,DIABETES,70692,21,DP-RF,RandomForest,dp,8.0,30,0.6993045241294763,0.015799259155383577,0.6797742885977958,0.03592567533865532,0.7253212298951351,0.013022938755078258,0.6441740934597067,0.06817254242156286,0.6993006252305606,0.015802699329774125,0.7767860799478488,0.009371412689825455,,0.05156066523438009,0.0017074545711787607,0.051561950439648396,5.156195043964839,0.6874602164226608,0.0676258992805755,report JSON (per_run_accuracies[0]),DIABETES/RandomForest/output/dp_results.csv,DIABETES/RandomForest/output/baseline_results.csv
Diabetes,DIABETES,70692,21,DP-RF,RandomForest,dp,10.0,30,0.6993045241294763,0.015799259155383577,0.6797742885977958,0.03592567533865532,0.7253212298951351,0.013022938755078258,0.6441740934597067,0.06817254242156286,0.6993006252305606,0.015802699329774125,0.7767868909741245,0.009371125963162056,,0.0508955416327808,0.0017453066656731577,0.051561950439648396,5.156195043964839,0.6874602164226608,0.0676258992805755,report JSON (per_run_accuracies[0]),DIABETES/RandomForest/output/dp_results.csv,DIABETES/RandomForest/output/baseline_results.csv
Diabetes,DIABETES,70692,21,DP-LR,LR,standard,,,0.7455265577480727,,0.7495126705653021,,0.7379026730637422,,0.7614938463714811,,0.7455276869764054,,0.8226468816273136,,0.747599596838364,0.032832290991791524,,0.0,0.0,,,,DIABETES/LR/output/dp_results.csv,DIABETES/LR/output/baseline_results.csv
Diabetes,DIABETES,70692,21,DP-LR,LR,dp,0.1,30,0.707546502581512,0.015124288103998218,0.7087204410583511,0.015242320169845152,0.7058739618284644,0.015455614869628004,0.711703682746263,0.017545996960092927,0.7075467965829382,0.015124284484565991,0.7743207464856584,0.020587577508439134,,0.029497486202065677,0.004681447639763102,0.050943933213167925,5.094393321316792,0.7163872975457953,0.03908547576131301,report JSON (per_run_accuracies[0]),DIABETES/LR/output/dp_results.csv,DIABETES/LR/output/baseline_results.csv
Diabetes,DIABETES,70692,21,DP-LR,LR,dp,0.2,30,0.7305820779404485,0.008908342748609977,0.7341379201133328,0.008784377379087419,0.7245516338430575,0.009188000548100114,0.7440231998868296,0.010030611641511651,0.7305830285148436,0.008908310535733684,0.8042687540989009,0.011805597429224756,,0.029058555531082674,0.005436532767536467,0.02004553647661511,2.004553647661511,0.7337152556757903,0.015842899155677943,report JSON (per_run_accuracies[0]),DIABETES/LR/output/dp_results.csv,DIABETES/LR/output/baseline_results.csv
Diabetes,DIABETES,70692,21,DP-LR,LR,dp,0.4,30,0.7406912322889407,0.0036319429977579435,0.7447751656325944,0.003445565789262792,0.7331937262861035,0.004172676014704957,0.7567454142500118,0.004318002750572068,0.7406923676624882,0.00363188064383802,0.8166829672276689,0.0046290640174739,,0.029768908266366148,0.004540622276030851,0.006485785662334487,0.6485785662334487,0.7427682297192163,0.0036998387249787814,report JSON (per_run_accuracies[0]),DIABETES/LR/output/dp_results.csv,DIABETES/LR/output/baseline_results.csv
Diabetes,DIABETES,70692,21,DP-LR,LR,dp,0.6,30,0.7430699955206639,0.002253936628768302,0.747257536518291,0.0021389840854875177,0.7352312649247686,0.002686861735304283,0.7596925543452634,0.0028792520425683513,0.743071171090595,0.0022538916176775762,0.819774890853271,0.002494923073801315,,0.030418166598731963,0.00366788548063188,0.0032950700439554614,0.32950700439554614,0.7454558313883585,9.486765961485582e-05,report JSON (per_run_accuracies[0]),DIABETES/LR/output/dp_results.csv,DIABETES/LR/output/baseline_results.csv
Diabetes,DIABETES,70692,21,DP-LR,LR,dp,0.8,30,0.7405639248414551,0.003944311423203896,0.7446344508798842,0.0038933226142564116,0.7330942102062928,0.0043681341093022175,0.7565662281322204,0.005263488580656863,0.7405650565460726,0.003944280918687068,0.8163822258789547,0.005104119432393547,,0.032613676433296254,0.004387141754103079,0.00665654744964117,0.665654744964117,0.74000990169036,0.007399677449957414,report JSON (per_run_accuracies[0]),DIABETES/LR/output/dp_results.csv,DIABETES/LR/output/baseline_results.csv
Diabetes,DIABETES,70692,21,DP-LR,LR,dp,1.0,30,0.7439847231063018,0.0015362876765980236,0.7481237009241695,0.00158229796742968,0.7361736930165775,0.0018457812916729262,0.7604753147545621,0.0026463740074064513,0.7439858893433348,0.0015362793375587262,0.8210483875216937,0.0015780084344844782,,0.03011764990030012,0.0031586885821707693,0.0020681149796033527,0.20681149796033527,0.7449607468703586,0.0007589412769186977,report JSON (per_run_accuracies[0]),DIABETES/LR/output/dp_results.csv,DIABETES/LR/output/baseline_results.csv
Diabetes,DIABETES,70692,21,DP-LR,LR,dp,1.2,30,0.744682556522149,0.0009588458836955586,0.7488469849219945,0.0009626791774899135,0.7367806434176642,0.0013165104390152555,0.7613193756778422,0.0018063275291289838,0.7446837331005902,0.0009588241395813743,0.8219254123945224,0.0008800999720280888,,0.029874357000032128,0.0035976854460789635,0.0011320874047373586,0.11320874047373586,0.7451729259495014,0.0004743382980742791,report JSON (per_run_accuracies[0]),DIABETES/LR/output/dp_results.csv,DIABETES/LR/output/baseline_results.csv
Diabetes,DIABETES,70692,21,DP-LR,LR,dp,1.4,30,0.7449324563264728,0.0008411383406078727,0.7490451509858923,0.0008758479793571,0.7371096190433674,0.0010217268397995957,0.7613759607676711,0.0015091199137836867,0.7449336192334349,0.0008411350801891852,0.8222326079383596,0.0006117958477462644,,0.032078369400308775,0.00846533721745389,0.0007968883407648564,0.07968883407648564,0.7453143786689299,0.0002846029788445675,report JSON (per_run_accuracies[0]),DIABETES/LR/output/dp_results.csv,DIABETES/LR/output/baseline_results.csv
Diabetes,DIABETES,70692,21,DP-LR,LR,dp,1.6,30,0.745029115684749,0.0007838581171832483,0.7491143220493092,0.0007678443076592213,0.7372515031983647,0.0009451400848234122,0.7613665299193663,0.0011436337551956272,0.7450302710888674,0.0007838462572623324,0.822375704053844,0.00046115557683294804,,0.028882275032810868,0.0026480603179346736,0.0006672358726244054,0.06672358726244054,0.7462338213452153,-0.0009486765961482604,report JSON (per_run_accuracies[0]),DIABETES/LR/output/dp_results.csv,DIABETES/LR/output/baseline_results.csv
Diabetes,DIABETES,70692,21,DP-LR,LR,dp,1.8,30,0.7450456185020156,0.0007532495661897505,0.7491243058019179,0.0007030102385306364,0.7372791478134395,0.0009014308525091096,0.7613570990710613,0.0008716394901990391,0.7450467720720702,0.0007532323311134133,0.8224534358534572,0.0003774205704010197,,0.028801360965007915,0.0025775650430594982,0.0006451000853811006,0.06451000853811006,0.7457387368272155,-0.00028460297884441856,report JSON (per_run_accuracies[0]),DIABETES/LR/output/dp_results.csv,DIABETES/LR/output/baseline_results.csv
Diabetes,DIABETES,70692,21,DP-LR,LR,dp,2.0,30,0.7451375627696444,0.0006800404769254593,0.7492118030575735,0.0006583754538565898,0.7373733256641821,0.0007769949026404645,0.7614372612816523,0.0008586216384492059,0.7451387155064556,0.0006800315770232395,0.8225023602131852,0.0003188467942873594,,0.029361936100273548,0.0031214145354566693,0.0005217721278815146,0.05217721278815146,0.7454558313883585,9.486765961485582e-05,report JSON (per_run_accuracies[0]),DIABETES/LR/output/dp_results.csv,DIABETES/LR/output/baseline_results.csv
Diabetes,DIABETES,70692,21,DP-LR,LR,dp,4.0,30,0.7454935521135393,0.00030433344297059185,0.7495370755343281,0.00034133678170154586,0.7377642371629337,0.0002699867402307868,0.761691894185882,0.0005338226698009177,0.7454946976822857,0.00030434312243020795,0.8226191940172939,0.00011946634457393171,,0.027962033533549403,0.0022421173192654943,4.4271574487053655e-05,0.0044271574487053655,0.7456680104675012,-0.00018973531922956272,report JSON (per_run_accuracies[0]),DIABETES/LR/output/dp_results.csv,DIABETES/LR/output/baseline_results.csv
Diabetes,DIABETES,70692,21,DP-LR,LR,dp,6.0,30,0.7454888370228917,0.00023152007350242366,0.749487135431455,0.0002532644979097315,0.7378444076496221,0.00022057627320329196,0.7615032772197858,0.00038987177080388325,0.7454899695858477,0.00023152530483420313,0.8226365617181324,7.407844038547955e-05,,0.027996680465973138,0.002316742447168092,5.05960851280296e-05,0.00505960851280296,0.7456680104675012,-0.00018973531922956272,report JSON (per_run_accuracies[0]),DIABETES/LR/output/dp_results.csv,DIABETES/LR/output/baseline_results.csv
Diabetes,DIABETES,70692,21,DP-LR,LR,dp,8.0,30,0.7454534738430346,0.0001979355517698315,0.7494564067928532,0.00021781770711957682,0.7378025099953135,0.00017275704323266484,0.7614844155231764,0.00032037134439502667,0.745454607572998,0.00019794108805386095,0.8226372767018229,5.4358109534965805e-05,,0.02907360703344845,0.003349362479006497,9.80299149354602e-05,0.00980299149354602,0.7456680104675012,-0.00018973531922956272,report JSON (per_run_accuracies[0]),DIABETES/LR/output/dp_results.csv,DIABETES/LR/output/baseline_results.csv
Diabetes,DIABETES,70692,21,DP-LR,LR,dp,10.0,30,0.7454393285710919,0.00016903780814525214,0.7494378281989958,0.00019497728203609672,0.737797517246979,0.00016008783871980718,0.7614514075541093,0.0003350606672040547,0.7454404609670596,0.00016904383973318285,0.8226393582914665,4.458460248233746e-05,,0.02866581109992694,0.0027308853162641917,0.00011700344685827702,0.011700344685827702,0.7454558313883585,9.486765961485582e-05,report JSON (per_run_accuracies[0]),DIABETES/LR/output/dp_results.csv,DIABETES/LR/output/baseline_results.csv
Diabetes,DIABETES,70692,21,DP-GNB,GaussianNB,standard,,,0.7153264021500817,,0.7118207202692058,,0.7206436648303859,,0.7032112038477861,,0.715325545346807,,0.7836917289126001,,0.7197142503492302,0.0035674485989147797,,0.0,0.0,,,,DIABETES/GaussianNB/output/dp_results.csv,DIABETES/GaussianNB/output/baseline_results.csv
Diabetes,DIABETES,70692,21,DP-GNB,GaussianNB,dp,0.1,30,0.6606737864535447,0.030321960874203857,0.6223851862829644,0.07577111458551496,0.6967583080977047,0.027206621591369436,0.5761022303956241,0.11357380593175714,0.6606678054382645,0.03032698983625753,0.7278938191193977,0.030521106754041447,,0.007948963832071361,0.00015014986635401652,0.0764023465822955,7.64023465822955,0.6490558030978145,0.09264385999604559,report JSON (per_run_accuracies[0]),DIABETES/GaussianNB/output/dp_results.csv,DIABETES/GaussianNB/output/baseline_results.csv
Diabetes,DIABETES,70692,21,DP-GNB,GaussianNB,dp,0.2,30,0.6884103071881558,0.02804882759718587,0.6856837135822783,0.029853932864451965,0.6958471206899252,0.03716214945416261,0.6844673928419861,0.08213263536048585,0.6884100283398992,0.028046142585514307,0.7577464287665151,0.026734517490942952,,0.007890045834938065,0.0001075162196474754,0.03762771076395788,3.762771076395788,0.7004738666100856,0.020763298398260313,report JSON (per_run_accuracies[0]),DIABETES/GaussianNB/output/dp_results.csv,DIABETES/GaussianNB/output/baseline_results.csv
Diabetes,DIABETES,70692,21,DP-GNB,GaussianNB,dp,0.4,30,0.6963505198387437,0.03129718349641136,0.6848258554717549,0.049747404866751915,0.7141741027388409,0.036072975003670404,0.6688923468666007,0.0920149334884648,0.6963485779594674,0.03129608260423217,0.7655915502934002,0.03766244238417603,,0.007891898570233025,0.00023609529351761564,0.02652758552501555,2.652758552501555,0.7025249310417992,0.017895985762310208,report JSON (per_run_accuracies[0]),DIABETES/GaussianNB/output/dp_results.csv,DIABETES/GaussianNB/output/baseline_results.csv
Diabetes,DIABETES,70692,21,DP-GNB,GaussianNB,dp,0.6,30,0.7124596270363298,0.006447765349747438,0.7127408374491809,0.01779871025219604,0.7127707946075056,0.019244350786597853,0.7167256094685717,0.05854941180985511,0.7124599287323999,0.00644841513154404,0.7797205827730682,0.006345689685555012,,0.007631070797409241,8.427887487401497e-05,0.004007646167029644,0.40076461670296437,0.7127095268406535,0.00365829543207491,report JSON (per_run_accuracies[0]),DIABETES/GaussianNB/output/dp_results.csv,DIABETES/GaussianNB/output/baseline_results.csv
Diabetes,DIABETES,70692,21,DP-GNB,GaussianNB,dp,0.8,30,0.7095126953815686,0.0183414274692058,0.7080427171808984,0.011491045529049492,0.7143866161459518,0.027360702012924766,0.7050077804498514,0.04262852163598076,0.7095123767878676,0.018338354541283183,0.7769111664111867,0.01974299897058906,,0.007567444463105252,0.0001334002370970931,0.00812734823017669,0.812734823017669,0.7143362331140816,0.0013842198932179025,report JSON (per_run_accuracies[0]),DIABETES/GaussianNB/output/dp_results.csv,DIABETES/GaussianNB/output/baseline_results.csv
Diabetes,DIABETES,70692,21,DP-GNB,GaussianNB,dp,1.0,30,0.7145672725558149,0.00548218056121553,0.7152248383667137,0.011537835810851362,0.7136881733321994,0.011364553553297685,0.7180789362003114,0.03390285063802484,0.7145675209054362,0.005482995516895473,0.7808404960092638,0.00495974887014706,,0.007614961102566061,0.00010487616430540248,0.0010612352514671741,0.10612352514671741,0.7071928707829408,0.011370377694285656,report JSON (per_run_accuracies[0]),DIABETES/GaussianNB/output/dp_results.csv,DIABETES/GaussianNB/output/baseline_results.csv
Diabetes,DIABETES,70692,21,DP-GNB,GaussianNB,dp,1.2,30,0.7149656977155385,0.011814906307982865,0.7127028758662417,0.02770255914775023,0.7174147328180709,0.01050434963869853,0.7113924647522045,0.057135661216128134,0.7149654450116515,0.011817855207612192,0.7804965078182333,0.012841127922862084,,0.0076329277993257465,0.00013728287295235373,0.0005042515325297536,0.05042515325297536,0.71016337789094,0.007217718014633656,report JSON (per_run_accuracies[0]),DIABETES/GaussianNB/output/dp_results.csv,DIABETES/GaussianNB/output/baseline_results.csv
Diabetes,DIABETES,70692,21,DP-GNB,GaussianNB,dp,1.4,30,0.7117900841643683,0.008383047962144343,0.7086475373793705,0.015297385116072343,0.7167380874251674,0.01489709451329661,0.7025934832838215,0.03870883874570152,0.7117894337682663,0.008383376001677365,0.7796945385583968,0.010249858343143407,,0.007550836133304983,0.00011806373550060564,0.004943642475776389,0.49436424757763886,0.7165994766249382,-0.0017797112912789853,report JSON (per_run_accuracies[0]),DIABETES/GaussianNB/output/dp_results.csv,DIABETES/GaussianNB/output/baseline_results.csv
Diabetes,DIABETES,70692,21,DP-GNB,GaussianNB,dp,1.6,30,0.7133672819859961,0.00503093156863142,0.709547644568146,0.010452271431126477,0.7192407138976049,0.010414346006584344,0.7010892629792048,0.02816453807405953,0.7133664136678205,0.005031350933761351,0.7814093172245907,0.005553498258763079,,0.007532830566439467,0.00010415475539392037,0.002738777931580616,0.2738777931580616,0.696866822264658,0.025805813723552038,report JSON (per_run_accuracies[0]),DIABETES/GaussianNB/output/dp_results.csv,DIABETES/GaussianNB/output/baseline_results.csv
Diabetes,DIABETES,70692,21,DP-GNB,GaussianNB,dp,1.8,30,0.7101893108895019,0.028917715617619095,0.7121072681624099,0.009315533915296093,0.7125077423261222,0.03386379192439697,0.7155656151270811,0.04164173955448592,0.7101896911090376,0.028913042579894434,0.776656774947345,0.03666826815906092,,0.007497002768407886,9.569816128804659e-05,0.007181464636477952,0.7181464636477952,0.7120022632435109,0.004647023927230022,report JSON (per_run_accuracies[0]),DIABETES/GaussianNB/output/dp_results.csv,DIABETES/GaussianNB/output/baseline_results.csv
Diabetes,DIABETES,70692,21,DP-GNB,GaussianNB,dp,2.0,30,0.7153971285097954,0.002477105978558358,0.7123639324817074,0.006108053737131259,0.7199773432284109,0.004510917796303207,0.7051822511434904,0.015690120209124043,0.715396406099798,0.002477847875357487,0.7838431050327712,0.002315145026920198,,0.007484694469409684,9.381994452917474e-05,-9.887284951481945e-05,-0.009887284951481945,0.7159629393875098,-0.0008898556456392599,report JSON (per_run_accuracies[0]),DIABETES/GaussianNB/output/dp_results.csv,DIABETES/GaussianNB/output/baseline_results.csv
Diabetes,DIABETES,70692,21,DP-GNB,GaussianNB,dp,4.0,30,0.7146214960982625,0.0016275755995242933,0.7111373148141101,0.003976588581212105,0.7198647825222416,0.002550000119030782,0.7027255151600885,0.010056774914426676,0.7146206547983377,0.0016280999949075128,0.7833560307306926,0.0009755253830665854,,0.007701669396677365,0.00010407099231991805,0.0009854327335051538,0.09854327335051538,0.7153971285097956,-9.887284951507668e-05,report JSON (per_run_accuracies[0]),DIABETES/GaussianNB/output/dp_results.csv,DIABETES/GaussianNB/output/baseline_results.csv
Diabetes,DIABETES,70692,21,DP-GNB,GaussianNB,dp,6.0,30,0.7154560671428907,0.0009397265561649192,0.7123936564364507,0.0021749154626299646,0.7200954961780931,0.0020301022896289586,0.7048946102701937,0.0057633228831294875,0.7154553202223198,0.000939919908862423,0.7840120015881709,0.0007640203035446554,,0.007607974899777522,0.00012064071202273888,-0.0001812668907776871,-0.01812668907776871,0.7150434967112242,0.0003954913980626348,report JSON (per_run_accuracies[0]),DIABETES/GaussianNB/output/dp_results.csv,DIABETES/GaussianNB/output/baseline_results.csv
Diabetes,DIABETES,70692,21,DP-GNB,GaussianNB,dp,8.0,30,0.7150599995284908,0.0005039911407050777,0.7114284210424539,0.0013931836214672079,0.7205631350536452,0.0014480390774112262,0.7025416136181449,0.0039054872501936683,0.7150591142112412,0.0005041220603988824,0.783750580007175,0.0004814146166568446,,0.0075583417628270885,7.66748062428306e-05,0.0003724210665092542,0.03724210665092542,0.7146191385529387,0.0009887284951557334,report JSON (per_run_accuracies[0]),DIABETES/GaussianNB/output/dp_results.csv,DIABETES/GaussianNB/output/baseline_results.csv
Diabetes,DIABETES,70692,21,DP-GNB,GaussianNB,dp,10.0,30,0.7151802343400052,0.0005696094915148304,0.7117138037731554,0.0012979565023096547,0.720435479280384,0.0016758078044826212,0.7032206346960908,0.0038219261805080684,0.715179388540879,0.0005696496432307998,0.783721266676311,0.0004199977581540713,,0.007656944564466054,0.00010794216878290655,0.00020433722233259566,0.020433722233259566,0.7153264021500814,4.656152860937833e-16,report JSON (per_run_accuracies[0]),DIABETES/GaussianNB/output/dp_results.csv,DIABETES/GaussianNB/output/baseline_results.csv
Diabetes,DIABETES,70692,21,DP-SVM,SVM,standard,,,0.7475776221797864,,0.7613187989032302,,0.7219685438863521,,0.8052058282642524,,0.7475816977247711,,0.8200371444698579,,0.7545134652449914,140.31589612500102,,0.0,0.0,,,,DIABETES/SVM/output/dp_results.csv,DIABETES/SVM/output/baseline_results.csv
Diabetes,DIABETES,70692,21,DP-SVM,SVM,dp,0.1,30,0.7253247518683547,0.0017658455132507369,0.7356153239718524,0.001507681098781635,0.7090199072504021,0.002691093114825594,0.7643042391663127,0.0034210849066883884,0.7253275085506246,0.0017657152035155596,0.7994149565917527,0.001724469146342323,,0.027736954233356908,0.0024835129554931033,0.02976663513087352,2.976663513087352,0.727208430582078,0.02724692526017027,report JSON (per_run_accuracies[0]),DIABETES/SVM/output/dp_results.csv,DIABETES/SVM/output/baseline_results.csv
Diabetes,DIABETES,70692,21,DP-SVM,SVM,dp,0.2,30,0.7254591319518117,0.0010771067045929608,0.7359820121770149,0.0009263506727370157,0.7087712994518619,0.0014505486289124205,0.765369925024756,0.0016430800561622538,0.7254619544972907,0.0010770493636923434,0.7996160124065675,0.000837469069612182,,0.02951479733337692,0.002467897948176954,0.029586881110060026,2.9586881110060026,0.7266426197043638,0.028003784295175,report JSON (per_run_accuracies[0]),DIABETES/SVM/output/dp_results.csv,DIABETES/SVM/output/baseline_results.csv
Diabetes,DIABETES,70692,21,DP-SVM,SVM,dp,0.4,30,0.7255227856755547,0.0006662516518638242,0.7361037381339682,0.0005461024251089133,0.708735697694702,0.0008900185255899726,0.7656717121705098,0.0008563916506622619,0.7255256250621526,0.0006662130443584165,0.799647515708465,0.00041316509100284773,,0.02366716793330852,0.0020178834195226196,0.0295017344686217,2.95017344686217,0.7263597142655067,0.028382213812677436,report JSON (per_run_accuracies[0]),DIABETES/SVM/output/dp_results.csv,DIABETES/SVM/output/baseline_results.csv
Diabetes,DIABETES,70692,21,DP-SVM,SVM,dp,0.6,30,0.725454416861164,0.0005182525988821014,0.7360613133975566,0.00042803871607048914,0.7086362210666995,0.0006644124657578254,0.7656952892912716,0.0005958811181938216,0.7254572627503034,0.000518225815640628,0.799648030603436,0.0002709601912224862,,0.023010294466651735,0.0009267653163601249,0.029593188268685178,2.9593188268685178,0.7260768088266497,0.028760643330179726,report JSON (per_run_accuracies[0]),DIABETES/SVM/output/dp_results.csv,DIABETES/SVM/output/baseline_results.csv
Diabetes,DIABETES,70692,21,DP-SVM,SVM,dp,0.8,30,0.7254968526769926,0.00038712588396361324,0.7361331655351651,0.0003257251992691483,0.7086278913509559,0.0005038775319798813,0.7658603291366058,0.0005044401988142275,0.7254997072368555,0.00038710601351141764,0.7996455488363542,0.00020255849917110065,,0.024022627766650356,0.0023334490476075035,0.02953642384105981,2.953642384105981,0.7260060824669354,0.028855250709555337,report JSON (per_run_accuracies[0]),DIABETES/SVM/output/dp_results.csv,DIABETES/SVM/output/baseline_results.csv
Diabetes,DIABETES,70692,21,DP-SVM,SVM,dp,1.0,30,0.7255369309474974,0.00031070443926306437,0.7361782405889215,0.0002788604952073222,0.7086547913135691,0.0003901184198648809,0.7659263450747393,0.000458149018776481,0.7255397873417073,0.0003106925888259176,0.799644103528838,0.00016144122892126418,,0.023710197266685402,0.0010642090446606402,0.02948281299274691,2.948281299274691,0.7260768088266497,0.028760643330179726,report JSON (per_run_accuracies[0]),DIABETES/SVM/output/dp_results.csv,DIABETES/SVM/output/baseline_results.csv
Diabetes,DIABETES,70692,21,DP-SVM,SVM,dp,1.2,30,0.7255463611287928,0.00034876534617017023,0.7361980561255049,0.0003329862405198736,0.7086470259950343,0.0003752137964546149,0.7659782147404158,0.00046939199386155685,0.7255492205243804,0.0003487609362527367,0.7996428209601472,0.000134663277602789,,0.02368126390000119,0.0021078898224367623,0.029470198675496606,2.9470198675496606,0.7260060824669354,0.028855250709555337,report JSON (per_run_accuracies[0]),DIABETES/SVM/output/dp_results.csv,DIABETES/SVM/output/baseline_results.csv
Diabetes,DIABETES,70692,21,DP-SVM,SVM,dp,1.4,30,0.7255770092180022,0.00029498535624144107,0.7362340934242309,0.00028160094095769047,0.7086653316218762,0.0003183331774249971,0.7660347998302447,0.00039903188566114717,0.72557987044789,0.00029498154199788964,0.799641910556474,0.0001154744924807175,,0.0234419694666182,0.0013675155095163865,0.029429202144434008,2.942920214443401,0.7259353561072212,0.028949858088930948,report JSON (per_run_accuracies[0]),DIABETES/SVM/output/dp_results.csv,DIABETES/SVM/output/baseline_results.csv
Diabetes,DIABETES,70692,21,DP-SVM,SVM,dp,1.6,30,0.7256123723978595,0.00025869696222386893,0.7362806210069197,0.0002606464536653009,0.7086788909838643,0.0002636618436971597,0.7661196774649881,0.000395337066416246,0.7256152371294766,0.0002586972576306522,0.7996407920605331,0.00010102566962903395,,0.02307844029998402,0.000735858633049832,0.029381898454745925,2.9381898454745925,0.7259353561072212,0.028949858088930948,report JSON (per_run_accuracies[0]),DIABETES/SVM/output/dp_results.csv,DIABETES/SVM/output/baseline_results.csv
Diabetes,DIABETES,70692,21,DP-SVM,SVM,dp,1.8,30,0.7256288752151261,0.0002268639785693288,0.7363054495420349,0.00022997047256861813,0.7086804807475879,0.00022518524526249305,0.7661715471306644,0.0003425099221452386,0.7256317424479347,0.00022686495069908916,0.7996399950404676,8.964010995578473e-05,,0.02391098753332699,0.0007820430976595788,0.029359823399558338,2.935982339955834,0.7258646297475069,0.029044465468306555,report JSON (per_run_accuracies[0]),DIABETES/SVM/output/dp_results.csv,DIABETES/SVM/output/baseline_results.csv
Diabetes,DIABETES,70692,21,DP-SVM,SVM,dp,2.0,30,0.7256312327604497,0.00020591778511734976,0.7363214586866795,0.00021132960444577746,0.7086617102527205,0.0001947743178523489,0.7662281322204932,0.00030719097420478807,0.725634103828304,0.00020591985407652943,0.7996392753880405,8.053999151444335e-05,,0.023279993099974187,0.0009300232044289822,0.029356669820246095,2.9356669820246095,0.7257939033877926,0.029139072847682166,report JSON (per_run_accuracies[0]),DIABETES/SVM/output/dp_results.csv,DIABETES/SVM/output/baseline_results.csv
Diabetes,DIABETES,70692,21,DP-SVM,SVM,dp,4.0,30,0.7257278921187261,0.00013032769843301825,0.7364400351284777,0.00014092918623732304,0.7087119518156089,0.00010537507278217035,0.766426180034894,0.00020575681830782848,0.7257307703569096,0.00013033156001754278,0.7996356150984013,4.104833547575523e-05,,0.023233554133351694,0.0007489218544402676,0.029227373068432483,2.9227373068432483,0.7256524506683641,0.02932828760643324,report JSON (per_run_accuracies[0]),DIABETES/SVM/output/dp_results.csv,DIABETES/SVM/output/baseline_results.csv
Diabetes,DIABETES,70692,21,DP-SVM,SVM,dp,6.0,30,0.7257443949359926,9.515258538136175e-05,0.7364588840487828,0.00010021777396260204,0.7087226658481308,8.109940792445569e-05,0.7664544725798085,0.00014114801289285487,0.7257472740079618,9.51546309420062e-05,0.7996347387098106,2.7804208487166133e-05,,0.023051674966624584,0.0006044197800275056,0.029205298013245007,2.9205298013245007,0.7256524506683641,0.02932828760643324,report JSON (per_run_accuracies[0]),DIABETES/SVM/output/dp_results.csv,DIABETES/SVM/output/baseline_results.csv
Diabetes,DIABETES,70692,21,DP-SVM,SVM,dp,8.0,30,0.7257514675719641,9.23965294210476e-05,0.7364615034839701,9.207696099731878e-05,0.7087355789720593,8.48903056301902e-05,0.7664450417315037,0.00011550383094179952,0.7257543454767846,9.239714261196995e-05,0.799634601982519,2.0625079062407845e-05,,0.023939656800015047,0.0008776858328223676,0.0291958372753075,2.91958372753075,0.7257231770280783,0.029233680227057777,report JSON (per_run_accuracies[0]),DIABETES/SVM/output/dp_results.csv,DIABETES/SVM/output/baseline_results.csv
Diabetes,DIABETES,70692,21,DP-SVM,SVM,dp,10.0,30,0.7257679703892308,7.185680578129207e-05,0.7364779591317961,7.245456543294976e-05,0.7087499297950657,6.569133219311653e-05,0.7664639034281133,9.477885246494269e-05,0.7257708484608744,7.185745722388919e-05,0.7996346433341877,1.637264907360921e-05,,0.02313847920002748,0.0006507525359703631,0.029173762220119692,2.9173762220119692,0.7257231770280783,0.029233680227057777,report JSON (per_run_accuracies[0]),DIABETES/SVM/output/dp_results.csv,DIABETES/SVM/output/baseline_results.csv
Diabetes,DIABETES,70692,21,DP-DNN,DNN,standard,,,0.7512412476129853,0.0007470257260915671,0.7649515424824912,0.0026770728713238845,0.725025741099014,,0.8097750742679304,,0.7512453872046866,,0.8293449025297817,,0.7591957986313723,6.067574387400009,,0.0,0.0,,,,DIABETES/DNN/output/dp_dnn_results.csv,DIABETES/DNN/output/baseline_dnn_results.csv
Diabetes,DIABETES,70692,21,DP-DNN,DNN,dp,0.1,,0.7305773628498009,0.0014931453331986986,0.745924957116274,0.002727594882488199,0.7056980952894918,,0.791120856321026,,0.7305816445678682,0.0014932360175764483,0.8044320094863396,0.0012257383469964954,,22.939234511132234,2.392614037481279,0.02750632347310855,2.750632347310855,0.7310276540066483,0.026906927262799057,measured from exported artifact,DIABETES/DNN/output/dp_dnn_results.csv,DIABETES/DNN/output/baseline_dnn_results.csv
Diabetes,DIABETES,70692,21,DP-DNN,DNN,dp,0.2,,0.7358889124643421,0.001448876083202195,0.7535898489126474,0.0018545199757660682,0.70621993693516,,0.8078087423963787,,0.7358939987323712,0.0014488893781312772,0.8109600406820385,0.0010034700720483454,,20.920075562465353,1.6184070757559417,0.020435958751498506,2.0435958751498506,0.7371808473017893,0.018716225121919006,measured from exported artifact,DIABETES/DNN/output/dp_dnn_results.csv,DIABETES/DNN/output/baseline_dnn_results.csv
Diabetes,DIABETES,70692,21,DP-DNN,DNN,dp,0.4,,0.73981186788316,0.0010454431002199945,0.7576711171880653,0.0010274602669376291,0.7089704742359532,,0.8135757061347667,,0.7398170845619614,0.001045337813525948,0.815562059550538,0.0007810522262625886,,20.831723362536287,1.2519195127863376,0.015213993861680652,1.5213993861680652,0.74000990169036,0.014950385057146558,measured from exported artifact,DIABETES/DNN/output/dp_dnn_results.csv,DIABETES/DNN/output/baseline_dnn_results.csv
Diabetes,DIABETES,70692,21,DP-DNN,DNN,dp,0.8,,0.7431077162458448,0.0009484367039528271,0.7591788564046101,0.0011065734374805657,0.7144517230312223,,0.8099165369925024,,0.7431124410563644,0.0009482682937875831,0.8194196440034844,0.000546601646238873,,20.42444506510025,0.5960776443165012,0.01082679018622068,1.082679018622068,0.7437583987552161,0.009960646971322975,measured from exported artifact,DIABETES/DNN/output/dp_dnn_results.csv,DIABETES/DNN/output/baseline_dnn_results.csv
Diabetes,DIABETES,70692,21,DP-DNN,DNN,dp,1.0,,0.7442181200933587,0.0009757076651276479,0.7597238254817635,0.0012966694723530018,0.716273452775608,,0.80883198943745,,0.7442226896739347,0.0009755528624531642,0.8205274211918898,0.0004903900577634655,,20.68990745130189,1.1010142193986068,0.009348697960797514,0.9348697960797514,0.7453143786689299,0.007889434935698167,measured from exported artifact,DIABETES/DNN/output/dp_dnn_results.csv,DIABETES/DNN/output/baseline_dnn_results.csv
Diabetes,DIABETES,70692,21,DP-DNN,DNN,dp,2.0,,0.7465120116934248,0.0007753994883437003,0.7607242320120118,0.0017258263236280332,0.7203160427435257,,0.8060168812184656,,0.7465162199585962,0.0007752669184406237,0.8231276671409435,0.000496042642950793,,20.19456202349878,0.8722372113143851,0.00629522930827775,0.629522930827775,0.7478605276186435,0.004500178877402892,measured from exported artifact,DIABETES/DNN/output/dp_dnn_results.csv,DIABETES/DNN/output/baseline_dnn_results.csv
Diabetes,DIABETES,70692,21,DP-DNN,DNN,dp,4.0,,0.7472947167409295,0.0009219780755181587,0.7607665453138133,0.002259355214622914,0.7222444319411742,,0.8037440467770075,,0.7472987089141991,0.0009219849352319833,0.8242221821155501,0.0005248600810749043,,17.961909534799634,2.237955536545831,0.00525334689035728,0.525334689035728,0.7485677912157861,0.0035587188612098914,measured from exported artifact,DIABETES/DNN/output/dp_dnn_results.csv,DIABETES/DNN/output/baseline_dnn_results.csv
Diabetes,DIABETES,70692,21,DP-DNN,DNN,dp,8.0,,0.7477827286229577,0.0009363967032905977,0.7609921135443904,0.0023327095766716645,0.7231177536223907,,0.8032017729994814,,0.747786647933027,0.0009362359631905389,0.8247090353195943,0.0005264552350505011,,18.524243629164992,0.2901552215238582,0.0046037394791843544,0.46037394791843544,0.7495579602517859,0.0022406748385394243,measured from exported artifact,DIABETES/DNN/output/dp_dnn_results.csv,DIABETES/DNN/output/baseline_dnn_results.csv
Diabetes,DIABETES,70692,21,DP-DNN,DNN,dp,10.0,,0.7477874437136055,0.0008707261015265868,0.7608495099719818,0.0023128574354996344,0.7233874890214477,,0.8025604753147546,,0.7477913173367737,0.0008704958862106662,0.8247969573042019,0.0005209501696297799,,19.371360701268227,0.3633076349640309,0.004597463079076158,0.45974630790761584,0.7501237711295,0.0014875068255849353,measured from exported artifact,DIABETES/DNN/output/dp_dnn_results.csv,DIABETES/DNN/output/baseline_dnn_results.csv
Cancer Risk,CANCER_RISK,1500,8,DP-RF,RandomForest,standard,,,0.85,,0.7593582887700535,,0.9342105263157895,,0.6396396396396397,,0.8065923065923066,,0.9374136040802706,,0.86,0.08478458299941849,,0.0,0.0,,,,CANCER_RISK/RandomForest/output/dp_results.csv,CANCER_RISK/RandomForest/output/baseline_results.csv
Cancer Risk,CANCER_RISK,1500,8,DP-RF,RandomForest,dp,0.1,30,0.6735555555555556,0.025457783985101654,0.3146531398259062,0.12804888329879452,0.7149366538560344,0.11833653051005803,0.21831831831831833,0.11512943289120024,0.5796177129510462,0.04013906746907249,0.7361869806314251,0.0504612341822983,,0.022106079233344643,0.003737134729607161,0.20758169934640514,20.758169934640513,0.64,0.24705882352941172,report JSON (per_run_accuracies[0]),CANCER_RISK/RandomForest/output/dp_results.csv,CANCER_RISK/RandomForest/output/baseline_results.csv
Cancer Risk,CANCER_RISK,1500,8,DP-RF,RandomForest,dp,0.2,30,0.6861111111111112,0.02648666098013382,0.2967060361160729,0.12675403073255484,0.8710044175915955,0.10386916734098478,0.19099099099099096,0.10161693597699661,0.5839434672768006,0.0410667990730591,0.8016842239064462,0.03711373708647186,,0.022139926398813257,0.009304007585356782,0.19281045751633974,19.281045751633975,0.6666666666666666,0.21568627450980393,report JSON (per_run_accuracies[0]),CANCER_RISK/RandomForest/output/dp_results.csv,CANCER_RISK/RandomForest/output/baseline_results.csv
Cancer Risk,CANCER_RISK,1500,8,DP-RF,RandomForest,dp,0.4,30,0.6906666666666669,0.028394052585395815,0.29787195434425023,0.12209117297453345,0.9008951886713025,0.07942616116999979,0.18588588588588587,0.0872055733266311,0.5865055531722199,0.040243827505948945,0.835344868678202,0.03304349019781953,,0.026288954099679056,0.01150067314661151,0.18745098039215657,18.74509803921566,0.6866666666666666,0.19215686274509805,report JSON (per_run_accuracies[0]),CANCER_RISK/RandomForest/output/dp_results.csv,CANCER_RISK/RandomForest/output/baseline_results.csv
Cancer Risk,CANCER_RISK,1500,8,DP-RF,RandomForest,dp,0.6,30,0.6940000000000001,0.02924228293261508,0.30278821209670703,0.1163183117693651,0.9391624271286774,0.06799278093710424,0.1873873873873874,0.08607886926473918,0.5894608894608895,0.04074406924387929,0.8549795827573606,0.030684060779882047,,0.020526424967101775,0.0012582786289639706,0.18352941176470583,18.352941176470583,0.6633333333333333,0.2196078431372549,report JSON (per_run_accuracies[0]),CANCER_RISK/RandomForest/output/dp_results.csv,CANCER_RISK/RandomForest/output/baseline_results.csv
Cancer Risk,CANCER_RISK,1500,8,DP-RF,RandomForest,dp,0.8,30,0.6996666666666667,0.03161516279443328,0.3223616136727644,0.12523319204730587,0.9428141355759412,0.05652572710968833,0.2024024024024024,0.09324022084824163,0.5970565803899137,0.04419271555790221,0.8611214388992167,0.02598268826454863,,0.021278540301136673,0.0013071845940767998,0.17686274509803923,17.686274509803923,0.7333333333333333,0.13725490196078435,report JSON (per_run_accuracies[0]),CANCER_RISK/RandomForest/output/dp_results.csv,CANCER_RISK/RandomForest/output/baseline_results.csv
Cancer Risk,CANCER_RISK,1500,8,DP-RF,RandomForest,dp,1.0,30,0.6977777777777778,0.03168517977357791,0.3138048945854686,0.12014895450584648,0.9446620275353957,0.04882257763890503,0.19519519519519518,0.09114497520765863,0.5940702607369274,0.04389597934398586,0.8653439153439154,0.021877994052169183,,0.02197983873532697,0.001276872044017971,0.17908496732026136,17.908496732026137,0.71,0.1647058823529412,report JSON (per_run_accuracies[0]),CANCER_RISK/RandomForest/output/dp_results.csv,CANCER_RISK/RandomForest/output/baseline_results.csv
Cancer Risk,CANCER_RISK,1500,8,DP-RF,RandomForest,dp,1.2,30,0.699666666666667,0.031035821597344936,0.3208458451417723,0.11968612641615338,0.9491825142045729,0.052631523925204815,0.2003003003003003,0.09055983638926104,0.5966228132894799,0.043227299710465385,0.8707731541064875,0.023308420846931317,,0.021344395834118284,0.0015607966836859442,0.1768627450980388,17.68627450980388,0.71,0.1647058823529412,report JSON (per_run_accuracies[0]),CANCER_RISK/RandomForest/output/dp_results.csv,CANCER_RISK/RandomForest/output/baseline_results.csv
Cancer Risk,CANCER_RISK,1500,8,DP-RF,RandomForest,dp,1.4,30,0.6984444444444445,0.028722598321199763,0.3176718947241014,0.11131023993958776,0.9514508257853224,0.05701465229713192,0.196996996996997,0.08327798935973472,0.5949711616378281,0.03987151950707967,0.873734051511829,0.02324205702693231,,0.0217050332998042,0.0011757813114228195,0.1783006535947711,17.83006535947711,0.7133333333333334,0.16078431372549012,report JSON (per_run_accuracies[0]),CANCER_RISK/RandomForest/output/dp_results.csv,CANCER_RISK/RandomForest/output/baseline_results.csv
Cancer Risk,CANCER_RISK,1500,8,DP-RF,RandomForest,dp,1.6,30,0.7003333333333333,0.02747861121079584,0.32733561599912825,0.11100782327316518,0.9454975343189364,0.05357846832504291,0.20450450450450453,0.08217974365391865,0.5980194480194481,0.03864744481917256,0.8732295787851345,0.021438271461504996,,0.02192594026661633,0.0013981922107430748,0.17607843137254908,17.607843137254907,0.73,0.1411764705882353,report JSON (per_run_accuracies[0]),CANCER_RISK/RandomForest/output/dp_results.csv,CANCER_RISK/RandomForest/output/baseline_results.csv
Cancer Risk,CANCER_RISK,1500,8,DP-RF,RandomForest,dp,1.8,30,0.7020000000000002,0.02859163306776094,0.3325867364252125,0.11382618296464549,0.9475791599996388,0.04555143640114125,0.2087087087087087,0.08572245522802828,0.600209733543067,0.04030131507559761,0.8720013664458112,0.02246308911137512,,0.022540005502620867,0.00206440700120947,0.17411764705882327,17.411764705882327,0.73,0.1411764705882353,report JSON (per_run_accuracies[0]),CANCER_RISK/RandomForest/output/dp_results.csv,CANCER_RISK/RandomForest/output/baseline_results.csv
Cancer Risk,CANCER_RISK,1500,8,DP-RF,RandomForest,dp,2.0,30,0.6989999999999998,0.030382134126392013,0.3222202565257144,0.1185637933501038,0.9356081173360464,0.05896786400246433,0.20150150150150148,0.08742246697947743,0.596341579674913,0.042046738261677534,0.8711385989163767,0.023091627724468062,,0.022947256799670867,0.0016909444189482897,0.1776470588235296,17.76470588235296,0.7233333333333334,0.14901960784313717,report JSON (per_run_accuracies[0]),CANCER_RISK/RandomForest/output/dp_results.csv,CANCER_RISK/RandomForest/output/baseline_results.csv
Cancer Risk,CANCER_RISK,1500,8,DP-RF,RandomForest,dp,4.0,30,0.7004444444444444,0.032554607494728036,0.3243928705707981,0.12610413977666077,0.9460995652516039,0.051994880743424975,0.20390390390390387,0.0952425493951488,0.5979836979836981,0.04540719398286797,0.872461350239128,0.02324790976123703,,0.02249891393536624,0.0021586859415783687,0.17594771241830065,17.594771241830067,0.7266666666666667,0.14509803921568623,report JSON (per_run_accuracies[0]),CANCER_RISK/RandomForest/output/dp_results.csv,CANCER_RISK/RandomForest/output/baseline_results.csv
Cancer Risk,CANCER_RISK,1500,8,DP-RF,RandomForest,dp,6.0,30,0.7007777777777776,0.030534538226266963,0.32573226215899953,0.12028785563501945,0.9499487544419954,0.04702476020637508,0.20390390390390395,0.08938109403538286,0.5982482482482483,0.042600913650331945,0.8728418895085562,0.022760129976296374,,0.02335274723203232,0.0013116212554395437,0.1755555555555557,17.555555555555568,0.7266666666666667,0.14509803921568623,report JSON (per_run_accuracies[0]),CANCER_RISK/RandomForest/output/dp_results.csv,CANCER_RISK/RandomForest/output/baseline_results.csv
Cancer Risk,CANCER_RISK,1500,8,DP-RF,RandomForest,dp,8.0,30,0.701,0.03076975426905093,0.32670440524673694,0.1212806252921505,0.9490788714010597,0.0479248289031678,0.2048048048048048,0.09023811662743877,0.598610515277182,0.04296312743904374,0.8731008786564342,0.022776750000618785,,0.024003376300970557,0.0014486045662874811,0.17529411764705882,17.529411764705884,0.7266666666666667,0.14509803921568623,report JSON (per_run_accuracies[0]),CANCER_RISK/RandomForest/output/dp_results.csv,CANCER_RISK/RandomForest/output/baseline_results.csv
Cancer Risk,CANCER_RISK,1500,8,DP-RF,RandomForest,dp,10.0,30,0.7008888888888888,0.030670692167355653,0.326090270704031,0.12070518180887406,0.9498364471586354,0.04758490868028139,0.20420420420420418,0.0896787405729194,0.5983983983983985,0.042770015222387284,0.8731183564516897,0.02279022592074405,,0.023593065264867617,0.001331907985964371,0.17542483660130725,17.542483660130724,0.7266666666666667,0.14509803921568623,report JSON (per_run_accuracies[0]),CANCER_RISK/RandomForest/output/dp_results.csv,CANCER_RISK/RandomForest/output/baseline_results.csv
Cancer Risk,CANCER_RISK,1500,8,DP-LR,LR,standard,,,0.85,,0.7926267281105991,,0.8113207547169812,,0.7747747747747747,,0.8344773344773344,,0.9225892559225893,,0.8591666666666666,0.0023244170006364584,,0.0,0.0,,,,CANCER_RISK/LR/output/dp_results.csv,CANCER_RISK/LR/output/baseline_results.csv
Cancer Risk,CANCER_RISK,1500,8,DP-LR,LR,dp,0.1,30,0.6157777777777779,0.08085163977509045,0.49308262563864863,0.10420792260416065,0.4957120414618535,0.09829263783563415,0.5192192192192192,0.1559102360186434,0.5958529958529958,0.07956511893411565,0.6278929723374168,0.12036568351362918,,0.0007953194013680332,0.00014098258258001117,0.27555555555555544,27.555555555555543,0.6833333333333333,0.196078431372549,report JSON (per_run_accuracies[0]),CANCER_RISK/LR/output/dp_results.csv,CANCER_RISK/LR/output/baseline_results.csv
Cancer Risk,CANCER_RISK,1500,8,DP-LR,LR,dp,0.2,30,0.6691111111111111,0.07001022852959012,0.5510443484339311,0.09796977111659422,0.5580095962784987,0.09416145378149965,0.5564564564564566,0.12748481676117654,0.6458649125315792,0.07451944940687197,0.6978629423073868,0.1125533120373596,,0.0007540624671188804,7.6629958441999e-05,0.21281045751633987,21.281045751633986,0.7433333333333333,0.1254901960784314,report JSON (per_run_accuracies[0]),CANCER_RISK/LR/output/dp_results.csv,CANCER_RISK/LR/output/baseline_results.csv
Cancer Risk,CANCER_RISK,1500,8,DP-LR,LR,dp,0.4,30,0.7387777777777781,0.06021863457948282,0.6399349563162559,0.08591130912357849,0.6545752153577201,0.08606441044325347,0.6321321321321322,0.10555245852978443,0.7167715334382001,0.06607820005980847,0.7896166007277119,0.08501605337798036,,0.0007885389000875876,0.0001057966816501504,0.13084967320261398,13.084967320261399,0.8033333333333333,0.05490196078431369,report JSON (per_run_accuracies[0]),CANCER_RISK/LR/output/dp_results.csv,CANCER_RISK/LR/output/baseline_results.csv
Cancer Risk,CANCER_RISK,1500,8,DP-LR,LR,dp,0.6,30,0.7805555555555554,0.0436661012120584,0.6966636897814996,0.06257544731620009,0.7142781061118388,0.06628359974541112,0.684084084084084,0.07935886441282047,0.7606487439820774,0.04822520789670498,0.8427602205379984,0.053348503394767786,,0.0007645486315595917,7.055857607216782e-05,0.08169934640522891,8.169934640522891,0.83,0.023529411764705903,report JSON (per_run_accuracies[0]),CANCER_RISK/LR/output/dp_results.csv,CANCER_RISK/LR/output/baseline_results.csv
Cancer Risk,CANCER_RISK,1500,8,DP-LR,LR,dp,0.8,30,0.7337777777777779,0.060465682543341046,0.6396355228562676,0.08773035573337282,0.641029268254631,0.08313260276577504,0.6453453453453454,0.11413347393861592,0.7155298155298155,0.06775566141298735,0.7848316570538793,0.08828037309443149,,0.000808273599735306,8.069738998800709e-05,0.13673202614379076,13.673202614379075,0.7933333333333333,0.06666666666666664,report JSON (per_run_accuracies[0]),CANCER_RISK/LR/output/dp_results.csv,CANCER_RISK/LR/output/baseline_results.csv
Cancer Risk,CANCER_RISK,1500,8,DP-LR,LR,dp,1.0,30,0.8044444444444443,0.034322364303148244,0.7331513262469014,0.049380115219759914,0.7405477453430758,0.05068188220117283,0.7285285285285285,0.06532756779903841,0.788779255445922,0.03866505770077294,0.8696728474506252,0.03633482179040431,,0.0008071403329571089,8.810080606094439e-05,0.05359477124183021,5.359477124183021,0.8433333333333334,0.007843137254901881,report JSON (per_run_accuracies[0]),CANCER_RISK/LR/output/dp_results.csv,CANCER_RISK/LR/output/baseline_results.csv
Cancer Risk,CANCER_RISK,1500,8,DP-LR,LR,dp,1.2,30,0.8295555555555553,0.01979025823448634,0.7654510391161409,0.03003865397378632,0.7793127499151457,0.029221046527645015,0.7534534534534535,0.04465193833865671,0.8138519471852806,0.023559360236826827,0.8960039404483847,0.01936942839629023,,0.0008134875010000542,8.496259590661221e-05,0.02405228758169964,2.405228758169964,0.8433333333333334,0.007843137254901881,report JSON (per_run_accuracies[0]),CANCER_RISK/LR/output/dp_results.csv,CANCER_RISK/LR/output/baseline_results.csv
Cancer Risk,CANCER_RISK,1500,8,DP-LR,LR,dp,1.4,30,0.8387777777777777,0.017606466264443517,0.7777325022435886,0.027138701367602668,0.7930635695506979,0.02417986676572391,0.7639639639639639,0.04011454529608779,0.82334000667334,0.021296555119567767,0.9071166404499739,0.012348479804268255,,0.0008091403666185215,7.495382145221094e-05,0.013202614379084987,1.3202614379084987,0.8533333333333334,-0.003921568627451071,report JSON (per_run_accuracies[0]),CANCER_RISK/LR/output/dp_results.csv,CANCER_RISK/LR/output/baseline_results.csv
Cancer Risk,CANCER_RISK,1500,8,DP-LR,LR,dp,1.6,30,0.8429999999999999,0.0133430520135776,0.7835487686107712,0.021214423605246512,0.7991536628039128,0.01801355155051519,0.7693693693693694,0.03431316962663231,0.8278063778063778,0.016812738203771237,0.912560179226846,0.00867566152692037,,0.0007757833993916089,0.00010785399192024468,0.00823529411764723,0.8235294117647229,0.8466666666666667,0.0039215686274509404,report JSON (per_run_accuracies[0]),CANCER_RISK/LR/output/dp_results.csv,CANCER_RISK/LR/output/baseline_results.csv
Cancer Risk,CANCER_RISK,1500,8,DP-LR,LR,dp,1.8,30,0.8438888888888891,0.012385276005337753,0.7849431824081988,0.0196921949237124,0.7999230244441614,0.015923677147583314,0.7711711711711712,0.03168986416401903,0.828883645550312,0.015682414394284198,0.91556953779176,0.006568592381627774,,0.0007417875667063829,6.080734800241596e-05,0.007189542483659772,0.7189542483659772,0.8466666666666667,0.0039215686274509404,report JSON (per_run_accuracies[0]),CANCER_RISK/LR/output/dp_results.csv,CANCER_RISK/LR/output/baseline_results.csv
Cancer Risk,CANCER_RISK,1500,8,DP-LR,LR,dp,2.0,30,0.8452222222222222,0.010773194901934227,0.7868560913832195,0.016833480673615262,0.801854333352195,0.015431747832863555,0.7729729729729727,0.02756226764104209,0.8303136469803135,0.013441160020156011,0.9175620064508954,0.005250710660768424,,0.000823870734408653,0.00022943889913660748,0.005620915032679696,0.5620915032679696,0.8466666666666667,0.0039215686274509404,report JSON (per_run_accuracies[0]),CANCER_RISK/LR/output/dp_results.csv,CANCER_RISK/LR/output/baseline_results.csv
Cancer Risk,CANCER_RISK,1500,8,DP-LR,LR,dp,4.0,30,0.8493333333333335,0.004974006507910966,0.7925004523467908,0.007536613474294556,0.807921342307919,0.007475245261791657,0.7777777777777775,0.012381698575428415,0.834567901234568,0.0060986371017575786,0.9224144779700335,0.0014865257157095511,,0.0007799027303311353,7.906773660601157e-05,0.0007843137254899268,0.07843137254899268,0.85,0.0,report JSON (per_run_accuracies[0]),CANCER_RISK/LR/output/dp_results.csv,CANCER_RISK/LR/output/baseline_results.csv
Cancer Risk,CANCER_RISK,1500,8,DP-LR,LR,dp,6.0,30,0.8490000000000002,0.0040506058074573645,0.7913338322429149,0.005634244764321536,0.8096905634761277,0.007715837347575999,0.7738738738738736,0.008499082100951906,0.8334977834977836,0.004435392891417152,0.9229769451991674,0.0008596528906055201,,0.0007408902335252302,9.249356484385299e-05,0.0011764705882350013,0.11764705882350013,0.85,0.0,report JSON (per_run_accuracies[0]),CANCER_RISK/LR/output/dp_results.csv,CANCER_RISK/LR/output/baseline_results.csv
Cancer Risk,CANCER_RISK,1500,8,DP-LR,LR,dp,8.0,30,0.8484444444444446,0.0034138425546082745,0.7900923299486589,0.004502803558560467,0.810328145962073,0.006301805767688446,0.7708708708708708,0.005033950334606681,0.8324371991038657,0.0034647537538158024,0.9230786341897452,0.0005971269422991989,,0.0007978888325548421,9.518989141903612e-05,0.00183006535947694,0.183006535947694,0.85,0.0,report JSON (per_run_accuracies[0]),CANCER_RISK/LR/output/dp_results.csv,CANCER_RISK/LR/output/baseline_results.csv
Cancer Risk,CANCER_RISK,1500,8,DP-LR,LR,dp,10.0,30,0.8485555555555558,0.002678215731820868,0.7903407103899658,0.0035939911892234845,0.8101788510574439,0.004945256240481985,0.7714714714714714,0.004341391079519817,0.8326493159826494,0.0027734706823149195,0.9230897564230897,0.0004718362699380854,,0.0008065472332721887,7.668100587570627e-05,0.0016993464052283969,0.1699346405228397,0.85,0.0,report JSON (per_run_accuracies[0]),CANCER_RISK/LR/output/dp_results.csv,CANCER_RISK/LR/output/baseline_results.csv
Cancer Risk,CANCER_RISK,1500,8,DP-GNB,GaussianNB,standard,,,0.8299999999999996,,0.7357512953367873,,0.8658536585365856,,0.6396396396396397,,0.7907192907192909,,0.9097669097669095,,0.8299999999999996,0.00018564859735003362,,0.0,0.0,,,,CANCER_RISK/GaussianNB/output/dp_results.csv,CANCER_RISK/GaussianNB/output/baseline_results.csv
Cancer Risk,CANCER_RISK,1500,8,DP-GNB,GaussianNB,dp,0.1,30,0.6155555555555556,0.09976391885933932,0.42135214471533194,0.1539332986866144,0.5229470487352129,0.1952135108481447,0.4213213213213213,0.218452936921465,0.5754754754754754,0.08226318521446789,0.62015587015587,0.10629859318043008,,0.002069545771034124,0.0001909243282680398,0.2583668005354748,25.83668005354748,0.69,0.1686746987951804,report JSON (per_run_accuracies[0]),CANCER_RISK/GaussianNB/output/dp_results.csv,CANCER_RISK/GaussianNB/output/baseline_results.csv
Cancer Risk,CANCER_RISK,1500,8,DP-GNB,GaussianNB,dp,0.2,30,0.6415555555555557,0.09258322915619034,0.4459897409354381,0.17040578409765422,0.5477466318552476,0.19045364708797174,0.438138138138138,0.22869972633583835,0.5995805329138663,0.08147836010797743,0.6457068179290402,0.1329393527892699,,0.001897633369662799,9.853294090555982e-05,0.22704149933065554,22.704149933065555,0.54,0.34939759036144546,report JSON (per_run_accuracies[0]),CANCER_RISK/GaussianNB/output/dp_results.csv,CANCER_RISK/GaussianNB/output/baseline_results.csv
Cancer Risk,CANCER_RISK,1500,8,DP-GNB,GaussianNB,dp,0.4,30,0.6965555555555555,0.08108743946818257,0.5217412148563133,0.1380609440682204,0.6531862386429447,0.1846541212423368,0.4828828828828829,0.20387183691733937,0.6524643691310358,0.07069277909749876,0.7369599758488647,0.08945990996214442,,0.0017536306365703543,6.78108836008462e-05,0.16077643908969186,16.077643908969186,0.73,0.120481927710843,report JSON (per_run_accuracies[0]),CANCER_RISK/GaussianNB/output/dp_results.csv,CANCER_RISK/GaussianNB/output/baseline_results.csv
Cancer Risk,CANCER_RISK,1500,8,DP-GNB,GaussianNB,dp,0.6,30,0.6982222222222222,0.11223564276188219,0.5516158222553924,0.1376321850086777,0.6658645601369675,0.19076507330415338,0.5261261261261261,0.2079318833188719,0.6627103293769961,0.08012639561173135,0.764842620398176,0.09522333421882366,,0.0017093931664324677,5.498967140755659e-05,0.15876840696117767,15.876840696117767,0.7966666666666666,0.040160642570280736,report JSON (per_run_accuracies[0]),CANCER_RISK/GaussianNB/output/dp_results.csv,CANCER_RISK/GaussianNB/output/baseline_results.csv
Cancer Risk,CANCER_RISK,1500,8,DP-GNB,GaussianNB,dp,0.8,30,0.724,0.06947634822702589,0.5809903429028034,0.17123097725991723,0.6814956657821559,0.15981732077406616,0.5705705705705705,0.22298384216336842,0.6923399590066256,0.08069280456426374,0.7887117276006163,0.09103070605963652,,0.0016906640288652853,3.5176382261052635e-05,0.1277108433734936,12.77108433734936,0.8233333333333334,0.008032128514055745,report JSON (per_run_accuracies[0]),CANCER_RISK/GaussianNB/output/dp_results.csv,CANCER_RISK/GaussianNB/output/baseline_results.csv
Cancer Risk,CANCER_RISK,1500,8,DP-GNB,GaussianNB,dp,1.0,30,0.7317777777777777,0.08962363004101315,0.6237957996337143,0.07118217929367646,0.7264629554822529,0.15098125132973936,0.6036036036036037,0.16720552448154,0.705329138662472,0.05665615295768866,0.8042248597804154,0.06971719807384306,,0.0016813792006966346,4.042043287520174e-05,0.11834002677376132,11.834002677376132,0.71,0.1445783132530117,report JSON (per_run_accuracies[0]),CANCER_RISK/GaussianNB/output/dp_results.csv,CANCER_RISK/GaussianNB/output/baseline_results.csv
Cancer Risk,CANCER_RISK,1500,8,DP-GNB,GaussianNB,dp,1.2,30,0.784222222222222,0.04612329156393067,0.6609130024370446,0.0869096367445406,0.796559823726135,0.08804526087468655,0.5840840840840841,0.1316689260055113,0.7429238762572096,0.05399078212456039,0.839494256160923,0.07536043059389767,,0.0016625292017124593,5.0507529902601964e-05,0.0551539491298525,5.51539491298525,0.81,0.024096385542168173,report JSON (per_run_accuracies[0]),CANCER_RISK/GaussianNB/output/dp_results.csv,CANCER_RISK/GaussianNB/output/baseline_results.csv
Cancer Risk,CANCER_RISK,1500,8,DP-GNB,GaussianNB,dp,1.4,30,0.7802222222222224,0.08329302728957405,0.6697960806361257,0.08833739398681316,0.7931844833034117,0.0982040278730722,0.6066066066066066,0.1373065450790886,0.7443967777301109,0.06521371162251338,0.8558232836010615,0.07383611605077799,,0.0016475249683329215,6.206457965685364e-05,0.059973226238285826,5.997322623828582,0.84,-0.012048192771084754,report JSON (per_run_accuracies[0]),CANCER_RISK/GaussianNB/output/dp_results.csv,CANCER_RISK/GaussianNB/output/baseline_results.csv
Cancer Risk,CANCER_RISK,1500,8,DP-GNB,GaussianNB,dp,1.6,30,0.7874444444444445,0.08215019367589864,0.6967899140921949,0.05783376641243972,0.7799286370079136,0.09643713627752709,0.651051051051051,0.10853103792648722,0.7592997759664425,0.05891641954874352,0.8642277197832752,0.07285002835064687,,0.0016413431614637375,4.3213016879934646e-05,0.051271753681391696,5.12717536813917,0.7933333333333333,0.04417670682730881,report JSON (per_run_accuracies[0]),CANCER_RISK/GaussianNB/output/dp_results.csv,CANCER_RISK/GaussianNB/output/baseline_results.csv
Cancer Risk,CANCER_RISK,1500,8,DP-GNB,GaussianNB,dp,1.8,30,0.8057777777777777,0.034959588663286266,0.6897223228616033,0.07720003213869087,0.8369474113394388,0.05631555555480254,0.5978978978978979,0.10817023573515082,0.7628819295485962,0.04693017396909097,0.871013871013871,0.05155061752818373,,0.001647476430904741,4.14425568516118e-05,0.029183400267737247,2.9183400267737247,0.81,0.024096385542168173,report JSON (per_run_accuracies[0]),CANCER_RISK/GaussianNB/output/dp_results.csv,CANCER_RISK/GaussianNB/output/baseline_results.csv
Cancer Risk,CANCER_RISK,1500,8,DP-GNB,GaussianNB,dp,2.0,30,0.8145555555555556,0.030797827404534656,0.7079545583203692,0.0761285660794293,0.835351996797089,0.030451053914090677,0.6234234234234234,0.10401147029785267,0.7751155917822583,0.04529307530882999,0.8867160811605256,0.03556212116798858,,0.001630980631064934,4.439160063603874e-05,0.018607764390896397,1.8607764390896397,0.78,0.060240963855421235,report JSON (per_run_accuracies[0]),CANCER_RISK/GaussianNB/output/dp_results.csv,CANCER_RISK/GaussianNB/output/baseline_results.csv
Cancer Risk,CANCER_RISK,1500,8,DP-GNB,GaussianNB,dp,4.0,30,0.8284444444444444,0.012582566815015166,0.7371627169891181,0.027482197533259315,0.8493827789399568,0.019503572016600437,0.6531531531531531,0.0460987860040155,0.7922732256065589,0.01890560622643695,0.9054737276959499,0.0051937463728062,,0.001615331966119508,3.66689844055696e-05,0.001874163319946054,0.1874163319946054,0.84,-0.012048192771084754,report JSON (per_run_accuracies[0]),CANCER_RISK/GaussianNB/output/dp_results.csv,CANCER_RISK/GaussianNB/output/baseline_results.csv
Cancer Risk,CANCER_RISK,1500,8,DP-GNB,GaussianNB,dp,6.0,30,0.826777777777778,0.008231976196440645,0.730076696726239,0.018597538689562133,0.8612133051438157,0.012118237512256035,0.6345345345345346,0.03178221528319583,0.787108537108537,0.012828419344006789,0.9076385909719242,0.0037571287548891974,,0.00160785540259288,4.184675974091084e-05,0.003882195448459913,0.3882195448459913,0.8333333333333334,-0.004016064257028608,report JSON (per_run_accuracies[0]),CANCER_RISK/GaussianNB/output/dp_results.csv,CANCER_RISK/GaussianNB/output/baseline_results.csv
Cancer Risk,CANCER_RISK,1500,8,DP-GNB,GaussianNB,dp,8.0,30,0.8243333333333334,0.008483098665167282,0.7249357595296018,0.01848324193403052,0.8609632780040991,0.012215730918427713,0.6267267267267268,0.02807607065136962,0.7835573668907002,0.012207501610926147,0.9085839808062031,0.003370245046842273,,0.0015925639687338843,3.533968950180308e-05,0.006827309236947299,0.6827309236947299,0.8066666666666666,0.02811244979919638,report JSON (per_run_accuracies[0]),CANCER_RISK/GaussianNB/output/dp_results.csv,CANCER_RISK/GaussianNB/output/baseline_results.csv
Cancer Risk,CANCER_RISK,1500,8,DP-GNB,GaussianNB,dp,10.0,30,0.8281111111111112,0.006066503864319418,0.7321456321709753,0.012674748120058343,0.8642174605186239,0.009509370342384322,0.6354354354354353,0.01970116452475284,0.7883526383526385,0.008592320598944115,0.9088961977850867,0.003056942695466855,,0.0015895249991444871,4.037421668446114e-05,0.0022757697456486925,0.22757697456486925,0.8233333333333334,0.008032128514055745,report JSON (per_run_accuracies[0]),CANCER_RISK/GaussianNB/output/dp_results.csv,CANCER_RISK/GaussianNB/output/baseline_results.csv
Cancer Risk,CANCER_RISK,1500,8,DP-SVM,SVM,standard,,,0.8833333333333333,,0.8356807511737089,,0.8725490196078431,,0.8018018018018018,,0.8665093665093665,,0.9404642737976072,,0.8908333333333334,0.035724083994864486,,0.0,0.0,,,,CANCER_RISK/SVM/output/dp_results.csv,CANCER_RISK/SVM/output/baseline_results.csv
Cancer Risk,CANCER_RISK,1500,8,DP-SVM,SVM,dp,0.1,30,0.7084444444444445,0.058021281749048505,0.5657741487045563,0.06290991638911729,0.6527095096637522,0.11084473302520165,0.5117117117117117,0.07393976406732682,0.6678488011821346,0.050097138728437664,0.7502184724406946,0.07946173773181316,,0.0007000444333698397,0.00033634737862810025,0.19798742138364767,19.798742138364766,0.73,0.17358490566037735,report JSON (per_run_accuracies[0]),CANCER_RISK/SVM/output/dp_results.csv,CANCER_RISK/SVM/output/baseline_results.csv
Cancer Risk,CANCER_RISK,1500,8,DP-SVM,SVM,dp,0.2,30,0.662111111111111,0.0830148729794997,0.5385720251439078,0.07240072137396579,0.5695226068961595,0.1131648429610319,0.5267267267267266,0.07989568359551179,0.6341746508413176,0.06986542373741135,0.685135929580374,0.09683520389920111,,0.0007126167333656971,0.0002800933997256838,0.2504402515723272,25.044025157232717,0.7166666666666667,0.18867924528301883,report JSON (per_run_accuracies[0]),CANCER_RISK/SVM/output/dp_results.csv,CANCER_RISK/SVM/output/baseline_results.csv
Cancer Risk,CANCER_RISK,1500,8,DP-SVM,SVM,dp,0.4,30,0.7968888888888888,0.013303670708529567,0.6604323354985281,0.027582565906450734,0.8681086431568817,0.04849530721506029,0.5354354354354354,0.039385160028494355,0.7429381762715096,0.01630247554064639,0.8909115464671019,0.016939356621813405,,0.0007714999999431408,0.0003089608486602017,0.09786163522012592,9.786163522012592,0.7833333333333333,0.1132075471698113,report JSON (per_run_accuracies[0]),CANCER_RISK/SVM/output/dp_results.csv,CANCER_RISK/SVM/output/baseline_results.csv
Cancer Risk,CANCER_RISK,1500,8,DP-SVM,SVM,dp,0.6,30,0.8015555555555556,0.008551947291063938,0.6594311925245536,0.022792371440339187,0.9037065401329316,0.031737341939411766,0.5207207207207207,0.03382080054126387,0.7436055102721768,0.012852920064087841,0.9065541732208399,0.00810817769766286,,0.0008926902333314501,0.00032394447749258643,0.09257861635220122,9.257861635220122,0.7933333333333333,0.10188679245283015,report JSON (per_run_accuracies[0]),CANCER_RISK/SVM/output/dp_results.csv,CANCER_RISK/SVM/output/baseline_results.csv
Cancer Risk,CANCER_RISK,1500,8,DP-SVM,SVM,dp,0.8,30,0.8022222222222222,0.008314794192830975,0.6552795664252424,0.020538153155224417,0.9225044030876478,0.024752197300342553,0.509009009009009,0.027694461529620535,0.7417179083845749,0.011712755405227957,0.9104803215914326,0.0054046078655310605,,0.0009221890000086811,0.0003418228516738019,0.09182389937106916,9.182389937106915,0.8,0.09433962264150936,report JSON (per_run_accuracies[0]),CANCER_RISK/SVM/output/dp_results.csv,CANCER_RISK/SVM/output/baseline_results.csv
Cancer Risk,CANCER_RISK,1500,8,DP-SVM,SVM,dp,1.0,30,0.8019999999999999,0.006917503296121515,0.6534764875707497,0.01634243768672074,0.9269038856234374,0.019776362421977788,0.5051051051051051,0.020796744376193138,0.7407359740693074,0.009319432676713016,0.9119945342167566,0.004022271144856615,,0.0008164736666458339,0.000305822625613719,0.09207547169811325,9.207547169811326,0.8,0.09433962264150936,report JSON (per_run_accuracies[0]),CANCER_RISK/SVM/output/dp_results.csv,CANCER_RISK/SVM/output/baseline_results.csv
Cancer Risk,CANCER_RISK,1500,8,DP-SVM,SVM,dp,1.2,30,0.8018888888888889,0.006246974576386941,0.6515041610606257,0.014776081905923097,0.9329033000335496,0.017680783530842518,0.5009009009009008,0.018404268403657126,0.7397802564469231,0.00835208743205641,0.9128366461699795,0.0033478099580040465,,0.0008187763333050194,0.0002744055443762929,0.09220125786163524,9.220125786163525,0.8033333333333333,0.09056603773584901,report JSON (per_run_accuracies[0]),CANCER_RISK/SVM/output/dp_results.csv,CANCER_RISK/SVM/output/baseline_results.csv
Cancer Risk,CANCER_RISK,1500,8,DP-SVM,SVM,dp,1.4,30,0.8008888888888891,0.005573304979548656,0.6486218598305946,0.013152811377941054,0.9343840206056232,0.015686634264798886,0.49699699699699695,0.016129788590985912,0.7381810381810382,0.0074024366226318385,0.9132513465846799,0.002744911656778216,,0.0007310973000130616,0.00022726461722423147,0.09333333333333305,9.333333333333304,0.8,0.09433962264150936,report JSON (per_run_accuracies[0]),CANCER_RISK/SVM/output/dp_results.csv,CANCER_RISK/SVM/output/baseline_results.csv
Cancer Risk,CANCER_RISK,1500,8,DP-SVM,SVM,dp,1.6,30,0.8005555555555557,0.005169951166280829,0.6471741972937869,0.011773890534700173,0.9366482914700156,0.014787509487491392,0.4945945945945946,0.014024377692295016,0.7374207540874208,0.006662632366866538,0.913459491237269,0.002390561629229483,,0.000719747066674851,0.00023465457329684372,0.09371069182389924,9.371069182389924,0.8,0.09433962264150936,report JSON (per_run_accuracies[0]),CANCER_RISK/SVM/output/dp_results.csv,CANCER_RISK/SVM/output/baseline_results.csv
Cancer Risk,CANCER_RISK,1500,8,DP-SVM,SVM,dp,1.8,30,0.8,0.004868644955601483,0.6454224042404595,0.011528993988051581,0.9379094460526811,0.012882892547915996,0.4921921921921921,0.013856182576647823,0.7364841031507695,0.006464827895634931,0.9136882914660692,0.0021075636487473343,,0.0008860888666580043,0.00030363855437036744,0.0943396226415093,9.43396226415093,0.8,0.09433962264150936,report JSON (per_run_accuracies[0]),CANCER_RISK/SVM/output/dp_results.csv,CANCER_RISK/SVM/output/baseline_results.csv
Cancer Risk,CANCER_RISK,1500,8,DP-SVM,SVM,dp,2.0,30,0.7994444444444446,0.004044505494044737,0.6442532278719922,0.009730364457085807,0.9372189527048832,0.012064675720708061,0.49099099099099097,0.012030766140546607,0.7357953191286524,0.00542377516151803,0.9138090471423805,0.0019312334661565728,,0.0008372472999629584,0.00027882957056373815,0.09496855345911925,9.496855345911925,0.8,0.09433962264150936,report JSON (per_run_accuracies[0]),CANCER_RISK/SVM/output/dp_results.csv,CANCER_RISK/SVM/output/baseline_results.csv
Cancer Risk,CANCER_RISK,1500,8,DP-SVM,SVM,dp,4.0,30,0.7991111111111112,0.0032126293988446702,0.6419477933612536,0.007152962521124909,0.9424942958409074,0.007482774837702003,0.4867867867867867,0.007882525374418418,0.7346632346632345,0.004055510275453695,0.9141045807712476,0.0010859924030574583,,0.0008051889666906693,0.0003353869829019462,0.09534591194968534,9.534591194968534,0.7966666666666666,0.09811320754716982,report JSON (per_run_accuracies[0]),CANCER_RISK/SVM/output/dp_results.csv,CANCER_RISK/SVM/output/baseline_results.csv
Cancer Risk,CANCER_RISK,1500,8,DP-SVM,SVM,dp,6.0,30,0.7981111111111113,0.0026782157318208984,0.6395337976691108,0.0058901247685845025,0.9422023486048062,0.00744675602750396,0.48408408408408404,0.006551779047829255,0.7333118833118832,0.003330007887437184,0.9141268252379364,0.0007544536537680754,,0.0007382347666710606,0.0002793687164769889,0.09647798742138336,9.647798742138336,0.7966666666666666,0.09811320754716982,report JSON (per_run_accuracies[0]),CANCER_RISK/SVM/output/dp_results.csv,CANCER_RISK/SVM/output/baseline_results.csv
Cancer Risk,CANCER_RISK,1500,8,DP-SVM,SVM,dp,8.0,30,0.7983333333333335,0.0022360679774998168,0.6393646780660084,0.004968559551568025,0.9448345012638744,0.0055685641169382705,0.4831831831831831,0.005446954098263383,0.7333023499690168,0.0028027349093388883,0.9141887919665697,0.0005661023007318773,,0.0007719013667004522,0.00029022960688040354,0.09622641509433949,9.622641509433949,0.8,0.09433962264150936,report JSON (per_run_accuracies[0]),CANCER_RISK/SVM/output/dp_results.csv,CANCER_RISK/SVM/output/baseline_results.csv
Cancer Risk,CANCER_RISK,1500,8,DP-SVM,SVM,dp,10.0,30,0.7982222222222224,0.0016629588385662347,0.6386630101142253,0.0042684841211438635,0.9463616668790618,0.0026689862622446196,0.4819819819819819,0.005069652557397643,0.7329662996329663,0.0023364908653639386,0.914222158666603,0.0004546670556228398,,0.000700663800004501,0.00020049988721510112,0.09635220125786137,9.635220125786137,0.7966666666666666,0.09811320754716982,report JSON (per_run_accuracies[0]),CANCER_RISK/SVM/output/dp_results.csv,CANCER_RISK/SVM/output/baseline_results.csv
Cancer Risk,CANCER_RISK,1500,8,DP-DNN,DNN,standard,,,0.8832222222222222,0.0063527966039656925,0.8393860871499912,0.009147258252807522,0.8546186176681742,,0.8249249249249251,,0.871192621192621,,0.9474617474617476,,0.9047499999999998,0.5033112514346916,,0.0,0.0,,,,CANCER_RISK/DNN/output/dp_dnn_results.csv,CANCER_RISK/DNN/output/baseline_dnn_results.csv
Cancer Risk,CANCER_RISK,1500,8,DP-DNN,DNN,dp,0.1,,0.6212222222222221,0.06256542254924387,0.17168060304261418,0.2124531312330361,0.31738139488268874,,0.17747747747747747,,0.529655846322513,0.050774864068543986,0.639607861830084,0.11855028483921902,,0.9870998944345046,0.022877327110414795,0.29664108692917357,29.664108692917356,0.59,0.3319914454648384,measured from exported artifact,CANCER_RISK/DNN/output/dp_dnn_results.csv,CANCER_RISK/DNN/output/baseline_dnn_results.csv
Cancer Risk,CANCER_RISK,1500,8,DP-DNN,DNN,dp,0.2,,0.639222222222222,0.02326471391571895,0.05070604377379885,0.13060953303340042,0.24630830039525692,,0.036936936936936934,,0.5149411316077983,0.04134296077154075,0.7278564278564279,0.09183504955290134,,1.0158986902664764,0.026966173539810477,0.27626116492640607,27.626116492640605,0.67,0.24141401434142656,measured from exported artifact,CANCER_RISK/DNN/output/dp_dnn_results.csv,CANCER_RISK/DNN/output/baseline_dnn_results.csv
Cancer Risk,CANCER_RISK,1500,8,DP-DNN,DNN,dp,0.4,,0.6304444444444444,0.0016629588385662065,0.002359882005899705,0.008829869939289536,0.06666666666666667,,0.0012012012012012011,,0.5006006006006006,0.002247241673738108,0.7965441632108299,0.05688348072352006,,1.128364693034382,0.16531912781395552,0.2861995219524469,28.619952195244693,0.6366666666666667,0.27915461064284813,measured from exported artifact,CANCER_RISK/DNN/output/dp_dnn_results.csv,CANCER_RISK/DNN/output/baseline_dnn_results.csv
Cancer Risk,CANCER_RISK,1500,8,DP-DNN,DNN,dp,0.8,,0.63,0.0,0.0,0.0,0.0,,0.0,,0.5,0.0,0.8352384130161908,0.03517558874705035,,1.1138516444693474,0.12518505261850818,0.2867027299031325,28.67027299031325,0.63,0.2867027299031325,measured from exported artifact,CANCER_RISK/DNN/output/dp_dnn_results.csv,CANCER_RISK/DNN/output/baseline_dnn_results.csv
Cancer Risk,CANCER_RISK,1500,8,DP-DNN,DNN,dp,1.0,,0.6301111111111111,0.0005983516452371611,0.0005952380952380952,0.0032054552423419654,0.03333333333333333,,0.0003003003003003003,,0.5001501501501502,0.000808583304374542,0.8448829782163115,0.03067402857122216,,1.070524944465918,0.013441896829562344,0.2865769279154611,28.657692791546108,0.63,0.2867027299031325,measured from exported artifact,CANCER_RISK/DNN/output/dp_dnn_results.csv,CANCER_RISK/DNN/output/baseline_dnn_results.csv
Cancer Risk,CANCER_RISK,1500,8,DP-DNN,DNN,dp,2.0,,0.6379999999999999,0.013570119680686242,0.039927309159823905,0.0668915508578629,0.36666666666666664,,0.021621621621621623,,0.5108108108108108,0.01833799956849492,0.8698317364984031,0.01970407060128462,,1.2545896320666847,0.09922645839946866,0.2776449867907914,27.764498679079143,0.6633333333333333,0.24896213360171093,measured from exported artifact,CANCER_RISK/DNN/output/dp_dnn_results.csv,CANCER_RISK/DNN/output/baseline_dnn_results.csv
Cancer Risk,CANCER_RISK,1500,8,DP-DNN,DNN,dp,4.0,,0.7263333333333333,0.03521731476503084,0.4127117657554878,0.1284240643773389,0.9665262847833985,,0.27207207207207207,,0.6325968825968826,0.049282798116568535,0.8884185773074661,0.012585316931298692,,1.4816078666990506,0.08502506806932836,0.17763240659202428,17.763240659202427,0.7366666666666667,0.16593282173858345,measured from exported artifact,CANCER_RISK/DNN/output/dp_dnn_results.csv,CANCER_RISK/DNN/output/baseline_dnn_results.csv
Cancer Risk,CANCER_RISK,1500,8,DP-DNN,DNN,dp,8.0,,0.8127777777777777,0.016034299655179798,0.6938742577579082,0.03931090685469488,0.8752412674574787,,0.5783783783783784,,0.7644096477429808,0.024652325240939455,0.9019940575496131,0.008398832983584828,,2.681600550066408,0.05047023452640163,0.07975846018367105,7.975846018367106,0.8233333333333334,0.0678072713548874,measured from exported artifact,CANCER_RISK/DNN/output/dp_dnn_results.csv,CANCER_RISK/DNN/output/baseline_dnn_results.csv
Cancer Risk,CANCER_RISK,1500,8,DP-DNN,DNN,dp,10.0,,0.8266666666666664,0.013443985299781486,0.7296946510839836,0.02861897921996671,0.8609194978488344,,0.6351351351351351,,0.7871442871442871,0.01946986902201845,0.9058153391486724,0.007183458196750505,,3.17542774026709,0.10587212856295541,0.06403321172474552,6.403321172474552,0.83,0.06025915209460316,measured from exported artifact,CANCER_RISK/DNN/output/dp_dnn_results.csv,CANCER_RISK/DNN/output/baseline_dnn_results.csv
Gallstone,GALLSTONE,319,38,DP-RF,RandomForest,standard,,,0.828125,,0.819672131147541,,0.8620689655172413,,0.78125,,0.828125,,0.8837890625,,0.9137254901960784,0.034310624992940575,,0.0,0.0,,,,GALLSTONE/RandomForest/output/dp_results.csv,GALLSTONE/RandomForest/output/baseline_results.csv
Gallstone,GALLSTONE,319,38,DP-RF,RandomForest,dp,0.1,30,0.5208333333333334,0.05974845999874994,0.4333224367414219,0.20710803478660728,0.4981932121065096,0.17460094877532192,0.45416666666666666,0.2838689789713244,0.5208333333333334,0.05974845999874994,0.5224772135416667,0.09235613067762202,,0.0259425611012072,0.01227302785469097,0.371069182389937,37.1069182389937,0.484375,0.41509433962264153,report JSON (per_run_accuracies[0]),GALLSTONE/RandomForest/output/dp_results.csv,GALLSTONE/RandomForest/output/baseline_results.csv
Gallstone,GALLSTONE,319,38,DP-RF,RandomForest,dp,0.2,30,0.5291666666666667,0.049858741432392994,0.43801768562387594,0.19319360312990436,0.5216944467939626,0.15450522703071642,0.4479166666666667,0.2755597207906522,0.5291666666666667,0.049858741432392994,0.5465494791666666,0.08433474612654655,,0.02531297366852717,0.007404045481753188,0.36100628930817613,36.100628930817614,0.5,0.39622641509433965,report JSON (per_run_accuracies[0]),GALLSTONE/RandomForest/output/dp_results.csv,GALLSTONE/RandomForest/output/baseline_results.csv
Gallstone,GALLSTONE,319,38,DP-RF,RandomForest,dp,0.4,30,0.5395833333333333,0.06362699189198105,0.38907725877583244,0.24392969701518244,0.5269060338113304,0.2402051962980234,0.39895833333333336,0.31967628211555243,0.5395833333333333,0.06362699189198105,0.5589680989583333,0.10134525506889298,,0.01995831110107247,0.006076296589858829,0.3484276729559749,34.84276729559749,0.484375,0.41509433962264153,report JSON (per_run_accuracies[0]),GALLSTONE/RandomForest/output/dp_results.csv,GALLSTONE/RandomForest/output/baseline_results.csv
Gallstone,GALLSTONE,319,38,DP-RF,RandomForest,dp,0.6,30,0.5192708333333333,0.04320405897373018,0.3487667035612503,0.20778813341655913,0.504461469525474,0.20449780140410734,0.33541666666666664,0.2743284097371049,0.5192708333333333,0.04320405897373018,0.5585286458333333,0.08038259624512627,,0.026460786167202363,0.007596741913998206,0.3729559748427673,37.29559748427673,0.484375,0.41509433962264153,report JSON (per_run_accuracies[0]),GALLSTONE/RandomForest/output/dp_results.csv,GALLSTONE/RandomForest/output/baseline_results.csv
Gallstone,GALLSTONE,319,38,DP-RF,RandomForest,dp,0.8,30,0.5432291666666667,0.05686631878190777,0.38299486607714267,0.20770347065143027,0.5755017412878217,0.16417770427875547,0.35520833333333335,0.2585117831238818,0.5432291666666667,0.05686631878190777,0.5838704427083333,0.0762396286684004,,0.0192822347007071,0.006269716813255136,0.34402515723270444,34.40251572327044,0.5,0.39622641509433965,report JSON (per_run_accuracies[0]),GALLSTONE/RandomForest/output/dp_results.csv,GALLSTONE/RandomForest/output/baseline_results.csv
Gallstone,GALLSTONE,319,38,DP-RF,RandomForest,dp,1.0,30,0.5442708333333334,0.048927849552228994,0.38206993531655836,0.1918594907100843,0.597503854148749,0.17556592861465944,0.35,0.25584317299210213,0.5442708333333334,0.048927849552228994,0.58505859375,0.07512376957127473,,0.020203454266205276,0.005480176788245757,0.3427672955974842,34.27672955974842,0.59375,0.2830188679245283,report JSON (per_run_accuracies[0]),GALLSTONE/RandomForest/output/dp_results.csv,GALLSTONE/RandomForest/output/baseline_results.csv
Gallstone,GALLSTONE,319,38,DP-RF,RandomForest,dp,1.2,30,0.5515625,0.04234153976396387,0.42146143986601786,0.17964979837004183,0.5979462071128737,0.16799942777909896,0.39375,0.24811791551599008,0.5515625,0.04234153976396387,0.5808919270833334,0.06608670212383659,,0.01963089576602215,0.004200013376057676,0.33396226415094343,33.39622641509435,0.578125,0.3018867924528302,report JSON (per_run_accuracies[0]),GALLSTONE/RandomForest/output/dp_results.csv,GALLSTONE/RandomForest/output/baseline_results.csv
Gallstone,GALLSTONE,319,38,DP-RF,RandomForest,dp,1.4,30,0.5510416666666667,0.04033012642209571,0.40980293930994444,0.20127938484463467,0.5884214893648255,0.2107653285565431,0.38958333333333334,0.26684564306396724,0.5510416666666667,0.04033012642209571,0.5919596354166666,0.06400885261133306,,0.020325655465906797,0.004903375450899763,0.3345911949685535,33.45911949685535,0.578125,0.3018867924528302,report JSON (per_run_accuracies[0]),GALLSTONE/RandomForest/output/dp_results.csv,GALLSTONE/RandomForest/output/baseline_results.csv
Gallstone,GALLSTONE,319,38,DP-RF,RandomForest,dp,1.6,30,0.5546875,0.045420130792964475,0.4204928391503125,0.19145174649083402,0.6020849686553553,0.1743736872008318,0.396875,0.2633357232222776,0.5546875,0.045420130792964475,0.5937174479166667,0.06919916791127746,,0.019626708367529014,0.004253162069069189,0.33018867924528306,33.01886792452831,0.5625,0.32075471698113206,report JSON (per_run_accuracies[0]),GALLSTONE/RandomForest/output/dp_results.csv,GALLSTONE/RandomForest/output/baseline_results.csv
Gallstone,GALLSTONE,319,38,DP-RF,RandomForest,dp,1.8,30,0.5578125,0.05519113332698167,0.41841523757234445,0.19073391638155673,0.6198034473672558,0.18914490460006653,0.3875,0.25663081459559767,0.5578125,0.05519113332698167,0.5873860677083333,0.073099957749099,,0.020534450065558,0.0038952857915884676,0.32641509433962257,32.641509433962256,0.5625,0.32075471698113206,report JSON (per_run_accuracies[0]),GALLSTONE/RandomForest/output/dp_results.csv,GALLSTONE/RandomForest/output/baseline_results.csv
Gallstone,GALLSTONE,319,38,DP-RF,RandomForest,dp,2.0,30,0.5510416666666667,0.06236095644623236,0.40298779599674694,0.20681593620432645,0.5850887840411895,0.19540551863149863,0.371875,0.25621823990171605,0.5510416666666667,0.06236095644623236,0.5935384114583333,0.07051393077883243,,0.022599663899260727,0.005452874314347749,0.3345911949685535,33.45911949685535,0.546875,0.33962264150943394,report JSON (per_run_accuracies[0]),GALLSTONE/RandomForest/output/dp_results.csv,GALLSTONE/RandomForest/output/baseline_results.csv
Gallstone,GALLSTONE,319,38,DP-RF,RandomForest,dp,4.0,30,0.5489583333333333,0.05483363411771607,0.3766478456958858,0.19269329810677818,0.576136616154519,0.18025170488990183,0.328125,0.23284221007297337,0.5489583333333333,0.05483363411771607,0.5963053385416667,0.06816689364854847,,0.02028827370086219,0.0038287536731156147,0.33710691823899375,33.710691823899374,0.578125,0.3018867924528302,report JSON (per_run_accuracies[0]),GALLSTONE/RandomForest/output/dp_results.csv,GALLSTONE/RandomForest/output/baseline_results.csv
Gallstone,GALLSTONE,319,38,DP-RF,RandomForest,dp,6.0,30,0.55,0.05625000000000001,0.3755933255193998,0.1967519296348796,0.5846897297076326,0.1932442841779421,0.328125,0.23631144483146246,0.55,0.05625000000000001,0.5985026041666667,0.06802944625373678,,0.020925629065701893,0.004382939141393447,0.3358490566037735,33.58490566037735,0.578125,0.3018867924528302,report JSON (per_run_accuracies[0]),GALLSTONE/RandomForest/output/dp_results.csv,GALLSTONE/RandomForest/output/baseline_results.csv
Gallstone,GALLSTONE,319,38,DP-RF,RandomForest,dp,8.0,30,0.5489583333333333,0.056008354411541936,0.37379152371759794,0.197952046109009,0.5780230630409658,0.18191968553669288,0.32708333333333334,0.23713422125220324,0.5489583333333333,0.056008354411541936,0.5986490885416667,0.0679785574003946,,0.021688854200571466,0.0044492604497094,0.33710691823899375,33.710691823899374,0.546875,0.33962264150943394,report JSON (per_run_accuracies[0]),GALLSTONE/RandomForest/output/dp_results.csv,GALLSTONE/RandomForest/output/baseline_results.csv
Gallstone,GALLSTONE,319,38,DP-RF,RandomForest,dp,10.0,30,0.5489583333333333,0.056008354411541936,0.37379152371759794,0.197952046109009,0.5780230630409658,0.18191968553669288,0.32708333333333334,0.23713422125220324,0.5489583333333333,0.056008354411541936,0.5986490885416667,0.0679785574003946,,0.02116118746586532,0.003835451347129478,0.33710691823899375,33.710691823899374,0.546875,0.33962264150943394,report JSON (per_run_accuracies[0]),GALLSTONE/RandomForest/output/dp_results.csv,GALLSTONE/RandomForest/output/baseline_results.csv
Gallstone,GALLSTONE,319,38,DP-LR,LR,standard,,,0.765625,,0.7619047619047619,,0.7741935483870968,,0.75,,0.765625,,0.8359375,,0.7411764705882353,0.0023879999935161322,,0.0,0.0,,,,GALLSTONE/LR/output/dp_results.csv,GALLSTONE/LR/output/baseline_results.csv
Gallstone,GALLSTONE,319,38,DP-LR,LR,dp,0.1,30,0.5046875,0.05972348391755122,0.4098361423907097,0.23734385483705356,0.46232179181947125,0.22467028049444332,0.4739583333333333,0.3536531203225682,0.5046875,0.05972348391755122,0.5165690104166667,0.10553360314783534,,0.0006207180990410659,0.00030366153849406525,0.34081632653061233,34.081632653061234,0.484375,0.3673469387755102,report JSON (per_run_accuracies[0]),GALLSTONE/LR/output/dp_results.csv,GALLSTONE/LR/output/baseline_results.csv
Gallstone,GALLSTONE,319,38,DP-LR,LR,dp,0.2,30,0.5041666666666667,0.05675888635760532,0.43347967825011674,0.20487153672105535,0.49174593269307787,0.18606379915680857,0.4822916666666667,0.31824749333480834,0.5041666666666667,0.05675888635760532,0.519921875,0.10610097269708348,,0.000574941734278885,3.7234657415506564e-05,0.3414965986394558,34.14965986394558,0.484375,0.3673469387755102,report JSON (per_run_accuracies[0]),GALLSTONE/LR/output/dp_results.csv,GALLSTONE/LR/output/baseline_results.csv
Gallstone,GALLSTONE,319,38,DP-LR,LR,dp,0.4,30,0.5119791666666667,0.06734880507580583,0.47805372630632265,0.14392467966424372,0.5171382934667526,0.0959782685403814,0.503125,0.25237801302477464,0.5119791666666667,0.06734880507580583,0.5205078125,0.10721252386564244,,0.0005969069674999143,5.928796184723857e-05,0.33129251700680273,33.12925170068027,0.5,0.3469387755102041,report JSON (per_run_accuracies[0]),GALLSTONE/LR/output/dp_results.csv,GALLSTONE/LR/output/baseline_results.csv
Gallstone,GALLSTONE,319,38,DP-LR,LR,dp,0.6,30,0.5151041666666667,0.06887811610716586,0.49516251296582375,0.11624421294078723,0.5184665176934945,0.08962836016790056,0.5083333333333333,0.1982891232238644,0.5151041666666667,0.06887811610716586,0.52421875,0.10690442667289668,,0.0006042208013241179,6.468405167823634e-05,0.32721088435374146,32.72108843537415,0.5,0.3469387755102041,report JSON (per_run_accuracies[0]),GALLSTONE/LR/output/dp_results.csv,GALLSTONE/LR/output/baseline_results.csv
Gallstone,GALLSTONE,319,38,DP-LR,LR,dp,0.8,30,0.5067708333333333,0.060067688237012154,0.4478920592694568,0.20594712540311474,0.490256807490727,0.14135754631979117,0.5083333333333333,0.33110583865116133,0.5067708333333333,0.060067688237012154,0.5222330729166667,0.08717534219373026,,0.0008630500005286497,0.0004768033819497845,0.3380952380952381,33.80952380952381,0.4375,0.42857142857142855,report JSON (per_run_accuracies[0]),GALLSTONE/LR/output/dp_results.csv,GALLSTONE/LR/output/baseline_results.csv
Gallstone,GALLSTONE,319,38,DP-LR,LR,dp,1.0,30,0.51875,0.07198813559654582,0.49728612221628915,0.13479193140362658,0.5140896948059441,0.0947462204645482,0.515625,0.21021287573552672,0.51875,0.07198813559654582,0.530322265625,0.10518922663763906,,0.0006349417322780937,5.761964782490554e-05,0.3224489795918367,32.244897959183675,0.515625,0.32653061224489793,report JSON (per_run_accuracies[0]),GALLSTONE/LR/output/dp_results.csv,GALLSTONE/LR/output/baseline_results.csv
Gallstone,GALLSTONE,319,38,DP-LR,LR,dp,1.2,30,0.5203125,0.0842543504687839,0.5072247080566746,0.11756312097900237,0.5174148453188195,0.09655880309714424,0.5145833333333333,0.16687486995417322,0.5203125,0.0842543504687839,0.5337239583333333,0.10334757922017083,,0.0006873332672209169,7.40662539961346e-05,0.3204081632653062,32.04081632653062,0.53125,0.30612244897959184,report JSON (per_run_accuracies[0]),GALLSTONE/LR/output/dp_results.csv,GALLSTONE/LR/output/baseline_results.csv
Gallstone,GALLSTONE,319,38,DP-LR,LR,dp,1.4,30,0.5296875,0.07919578685921366,0.5188030590266978,0.10440862996383185,0.5272785663378854,0.09079631345512602,0.5197916666666667,0.13822802844293997,0.5296875,0.07919578685921366,0.5410319010416667,0.10031349659626379,,0.0007055819315913444,7.349295890360059e-05,0.3081632653061225,30.816326530612248,0.53125,0.30612244897959184,report JSON (per_run_accuracies[0]),GALLSTONE/LR/output/dp_results.csv,GALLSTONE/LR/output/baseline_results.csv
Gallstone,GALLSTONE,319,38,DP-LR,LR,dp,1.6,30,0.5307291666666667,0.08073588681707093,0.5196308237136569,0.10148184890195508,0.5291826480567176,0.09116801685725151,0.5177083333333333,0.1285139759477112,0.5307291666666667,0.08073588681707093,0.54755859375,0.09853741454506626,,0.0007135555002605543,7.207833619727119e-05,0.3068027210884353,30.680272108843532,0.5,0.3469387755102041,report JSON (per_run_accuracies[0]),GALLSTONE/LR/output/dp_results.csv,GALLSTONE/LR/output/baseline_results.csv
Gallstone,GALLSTONE,319,38,DP-LR,LR,dp,1.8,30,0.5359375,0.0787630197570535,0.527405078383444,0.09541343246226952,0.5345413512406629,0.08528382120308504,0.5260416666666666,0.1199726893111743,0.5359375,0.0787630197570535,0.5537760416666667,0.09748028852090744,,0.0007215180346975103,7.997823250864604e-05,0.30000000000000004,30.000000000000004,0.484375,0.3673469387755102,report JSON (per_run_accuracies[0]),GALLSTONE/LR/output/dp_results.csv,GALLSTONE/LR/output/baseline_results.csv
Gallstone,GALLSTONE,319,38,DP-LR,LR,dp,2.0,30,0.540625,0.0754327791259653,0.5321388659539311,0.09089635722640707,0.5393187319710555,0.08148799816737337,0.5291666666666667,0.11061303293715237,0.540625,0.0754327791259653,0.55966796875,0.0965050473120323,,0.000705011067717957,8.868219840508728e-05,0.29387755102040813,29.387755102040813,0.484375,0.3673469387755102,report JSON (per_run_accuracies[0]),GALLSTONE/LR/output/dp_results.csv,GALLSTONE/LR/output/baseline_results.csv
Gallstone,GALLSTONE,319,38,DP-LR,LR,dp,4.0,30,0.5994791666666667,0.06671750990911024,0.5888180451163876,0.07752332492365015,0.6024708271183379,0.06901378218255985,0.578125,0.09226250479835602,0.5994791666666667,0.06671750990911024,0.6179361979166667,0.08861631948802325,,0.0007497180330877502,8.224464187528549e-05,0.2170068027210884,21.70068027210884,0.609375,0.20408163265306123,report JSON (per_run_accuracies[0]),GALLSTONE/LR/output/dp_results.csv,GALLSTONE/LR/output/baseline_results.csv
Gallstone,GALLSTONE,319,38,DP-LR,LR,dp,6.0,30,0.6291666666666667,0.07316920553681643,0.6214256744948566,0.08091990022419857,0.6330838442547667,0.07634936765780176,0.6125,0.09291292967074066,0.6291666666666667,0.07316920553681643,0.6676106770833333,0.07815448797877508,,0.0007322596686814601,7.355741355957514e-05,0.17823129251700687,17.823129251700685,0.625,0.1836734693877551,report JSON (per_run_accuracies[0]),GALLSTONE/LR/output/dp_results.csv,GALLSTONE/LR/output/baseline_results.csv
Gallstone,GALLSTONE,319,38,DP-LR,LR,dp,8.0,30,0.6604166666666667,0.060774800607561755,0.6532409034900646,0.06656650563132353,0.666193263237851,0.06185469903134924,0.6427083333333333,0.07851292577588029,0.6604166666666667,0.060774800607561755,0.7050130208333333,0.06905382626449089,,0.0006963180678818996,9.75249826941221e-05,0.13741496598639458,13.741496598639458,0.640625,0.16326530612244897,report JSON (per_run_accuracies[0]),GALLSTONE/LR/output/dp_results.csv,GALLSTONE/LR/output/baseline_results.csv
Gallstone,GALLSTONE,319,38,DP-LR,LR,dp,10.0,30,0.68125,0.054366618127916204,0.6768642824606544,0.058353834019816725,0.685894337523918,0.056391091549884226,0.6697916666666667,0.0687894457545794,0.68125,0.054366618127916204,0.73427734375,0.05762675922436382,,0.0006923623659531586,0.00011289903113527515,0.11020408163265305,11.020408163265305,0.65625,0.14285714285714285,report JSON (per_run_accuracies[0]),GALLSTONE/LR/output/dp_results.csv,GALLSTONE/LR/output/baseline_results.csv
Gallstone,GALLSTONE,319,38,DP-GNB,GaussianNB,standard,,,0.546875,,0.17142857142857143,,1.0,,0.09375,,0.546875,,0.751953125,,0.5764705882352941,0.0005655830027535558,,0.0,0.0,,,,GALLSTONE/GaussianNB/output/dp_results.csv,GALLSTONE/GaussianNB/output/baseline_results.csv
Gallstone,GALLSTONE,319,38,DP-GNB,GaussianNB,dp,0.1,30,0.5140625,0.047794795196931916,0.4180254419918702,0.2603732048157746,0.46523459324977506,0.2091145234598339,0.5135416666666667,0.3932771080047192,0.5140625,0.047794795196931916,0.5210286458333333,0.07478432196891809,,0.01966519993147813,0.0017237869069245515,0.06000000000000005,6.000000000000005,0.53125,0.02857142857142857,report JSON (per_run_accuracies[0]),GALLSTONE/GaussianNB/output/dp_results.csv,GALLSTONE/GaussianNB/output/baseline_results.csv
Gallstone,GALLSTONE,319,38,DP-GNB,GaussianNB,dp,0.2,30,0.48072916666666665,0.052552573709307736,0.4440959027014895,0.24418339582777315,0.4408629045559992,0.1928950694331673,0.575,0.384565501572879,0.48072916666666665,0.052552573709307736,0.4612955729166667,0.078616206165394,,0.01347071116809578,0.0006133232468419086,0.12095238095238103,12.095238095238104,0.5,0.08571428571428572,report JSON (per_run_accuracies[0]),GALLSTONE/GaussianNB/output/dp_results.csv,GALLSTONE/GaussianNB/output/baseline_results.csv
Gallstone,GALLSTONE,319,38,DP-GNB,GaussianNB,dp,0.4,30,0.5036458333333333,0.051457173569926636,0.4067286793338941,0.2566503039309348,0.47557723439137967,0.22634280063514464,0.4947916666666667,0.38772534890119775,0.5036458333333333,0.051457173569926636,0.5188313802083333,0.09749536579345543,,0.010564163899592435,0.0003570532766363809,0.07904761904761903,7.904761904761903,0.46875,0.14285714285714285,report JSON (per_run_accuracies[0]),GALLSTONE/GaussianNB/output/dp_results.csv,GALLSTONE/GaussianNB/output/baseline_results.csv
Gallstone,GALLSTONE,319,38,DP-GNB,GaussianNB,dp,0.6,30,0.4984375,0.03705245085798419,0.4435655720483345,0.24083597017146993,0.4841087109928586,0.17011948702875163,0.5625,0.3873823746205636,0.4984375,0.03705245085798419,0.5104817708333333,0.1051144322503962,,0.009672320768004283,0.00033382956383557426,0.08857142857142863,8.857142857142863,0.46875,0.14285714285714285,report JSON (per_run_accuracies[0]),GALLSTONE/GaussianNB/output/dp_results.csv,GALLSTONE/GaussianNB/output/baseline_results.csv
Gallstone,GALLSTONE,319,38,DP-GNB,GaussianNB,dp,0.8,30,0.50625,0.06449927325171967,0.4724259621350724,0.23645736011922505,0.5249589483515723,0.20241550218995585,0.59375,0.3578545735816902,0.50625,0.06449927325171967,0.5181966145833333,0.13173112233194506,,0.009022991534826967,0.00028057153309436327,0.07428571428571429,7.428571428571429,0.453125,0.17142857142857143,report JSON (per_run_accuracies[0]),GALLSTONE/GaussianNB/output/dp_results.csv,GALLSTONE/GaussianNB/output/baseline_results.csv
Gallstone,GALLSTONE,319,38,DP-GNB,GaussianNB,dp,1.0,30,0.5052083333333334,0.06175774524075683,0.37047554091190776,0.25945448146752126,0.4763135802287016,0.2735893203735519,0.43854166666666666,0.3848940713762107,0.5052083333333334,0.06175774524075683,0.5045084635416667,0.11184345982351004,,0.008845843033244212,0.00019665402111989638,0.07619047619047614,7.619047619047614,0.515625,0.05714285714285714,report JSON (per_run_accuracies[0]),GALLSTONE/GaussianNB/output/dp_results.csv,GALLSTONE/GaussianNB/output/baseline_results.csv
Gallstone,GALLSTONE,319,38,DP-GNB,GaussianNB,dp,1.2,30,0.5260416666666666,0.06826692657421227,0.5153540514776263,0.19195497495199507,0.5277185792921505,0.1533886183214714,0.6177083333333333,0.332063009102021,0.5260416666666666,0.06826692657421227,0.5409830729166667,0.10805771318606179,,0.008572084734138723,0.00019976981446584522,0.03809523809523818,3.809523809523818,0.53125,0.02857142857142857,report JSON (per_run_accuracies[0]),GALLSTONE/GaussianNB/output/dp_results.csv,GALLSTONE/GaussianNB/output/baseline_results.csv
Gallstone,GALLSTONE,319,38,DP-GNB,GaussianNB,dp,1.4,30,0.49114583333333334,0.0696067980645968,0.3513186690514739,0.25631877182295587,0.46094938546524844,0.23337047972582936,0.4166666666666667,0.37641515386014357,0.49114583333333334,0.0696067980645968,0.5000651041666667,0.11511988467784129,,0.008379424967764256,0.00018011196492625297,0.10190476190476194,10.190476190476193,0.34375,0.37142857142857144,report JSON (per_run_accuracies[0]),GALLSTONE/GaussianNB/output/dp_results.csv,GALLSTONE/GaussianNB/output/baseline_results.csv
Gallstone,GALLSTONE,319,38,DP-GNB,GaussianNB,dp,1.6,30,0.5145833333333333,0.05928355531305081,0.4695084462224504,0.20679611659674135,0.49403334025881385,0.15090947582855857,0.5458333333333333,0.3315774063305413,0.5145833333333333,0.05928355531305081,0.522265625,0.09742759689825975,,0.008250823600489336,0.00015376151828356215,0.059047619047619126,5.904761904761912,0.5,0.08571428571428572,report JSON (per_run_accuracies[0]),GALLSTONE/GaussianNB/output/dp_results.csv,GALLSTONE/GaussianNB/output/baseline_results.csv
Gallstone,GALLSTONE,319,38,DP-GNB,GaussianNB,dp,1.8,30,0.5171875,0.043889287203712934,0.40790036754087555,0.24298388144733693,0.5016040393437714,0.2451401978431531,0.478125,0.3812969574907026,0.5171875,0.043889287203712934,0.5248046875,0.09796609375033229,,0.008161883368544901,0.00016302392815962963,0.05428571428571427,5.428571428571427,0.4375,0.2,report JSON (per_run_accuracies[0]),GALLSTONE/GaussianNB/output/dp_results.csv,GALLSTONE/GaussianNB/output/baseline_results.csv
Gallstone,GALLSTONE,319,38,DP-GNB,GaussianNB,dp,2.0,30,0.5088541666666667,0.06245875375108671,0.47442240876277064,0.21132401441794435,0.4750577039954209,0.18380353414366263,0.5635416666666667,0.3288913009600926,0.5088541666666667,0.06245875375108671,0.5056966145833334,0.11540007379016395,,0.00802584183208334,0.00019606875607077124,0.06952380952380943,6.952380952380944,0.515625,0.05714285714285714,report JSON (per_run_accuracies[0]),GALLSTONE/GaussianNB/output/dp_results.csv,GALLSTONE/GaussianNB/output/baseline_results.csv
Gallstone,GALLSTONE,319,38,DP-GNB,GaussianNB,dp,4.0,30,0.5359375,0.06507082479562813,0.47246637481396814,0.21220020034778572,0.5395890195620155,0.14040944250532886,0.515625,0.29796947375807925,0.5359375,0.06507082479562813,0.5531412760416666,0.08919408198503127,,0.007550145801117954,0.00014328647064317402,0.02000000000000013,2.000000000000013,0.53125,0.02857142857142857,report JSON (per_run_accuracies[0]),GALLSTONE/GaussianNB/output/dp_results.csv,GALLSTONE/GaussianNB/output/baseline_results.csv
Gallstone,GALLSTONE,319,38,DP-GNB,GaussianNB,dp,6.0,30,0.54375,0.060703342851389445,0.5124845135461294,0.1904008525193645,0.5378679191527048,0.18546205854482353,0.5739583333333333,0.2829213456903212,0.54375,0.060703342851389445,0.5682454427083333,0.09267578839613676,,0.0072675055639895925,9.421161154676445e-05,0.005714285714285783,0.5714285714285783,0.609375,-0.11428571428571428,report JSON (per_run_accuracies[0]),GALLSTONE/GaussianNB/output/dp_results.csv,GALLSTONE/GaussianNB/output/baseline_results.csv
Gallstone,GALLSTONE,319,38,DP-GNB,GaussianNB,dp,8.0,30,0.5395833333333333,0.054086479107279865,0.4810936299962894,0.173990367841025,0.5656373147477977,0.1304337531658999,0.5114583333333333,0.29662635786550656,0.5395833333333333,0.054086479107279865,0.5657552083333334,0.08191251689532265,,0.007202144397888332,0.00011544222104231157,0.01333333333333342,1.333333333333342,0.46875,0.14285714285714285,report JSON (per_run_accuracies[0]),GALLSTONE/GaussianNB/output/dp_results.csv,GALLSTONE/GaussianNB/output/baseline_results.csv
Gallstone,GALLSTONE,319,38,DP-GNB,GaussianNB,dp,10.0,30,0.5234375,0.05966895436140417,0.4814482261785539,0.1873629707551975,0.5087434433767126,0.1263361334590029,0.5260416666666666,0.2799836459757764,0.5234375,0.05966895436140417,0.5435546875,0.09161284051263567,,0.007077924967355405,0.00011945234940774172,0.042857142857142816,4.285714285714281,0.578125,-0.05714285714285714,report JSON (per_run_accuracies[0]),GALLSTONE/GaussianNB/output/dp_results.csv,GALLSTONE/GaussianNB/output/baseline_results.csv
Gallstone,GALLSTONE,319,38,DP-SVM,SVM,standard,,,0.78125,,0.78125,,0.78125,,0.78125,,0.78125,,0.841796875,,0.8313725490196079,0.0052176669996697456,,0.0,0.0,,,,GALLSTONE/SVM/output/dp_results.csv,GALLSTONE/SVM/output/baseline_results.csv
Gallstone,GALLSTONE,319,38,DP-SVM,SVM,dp,0.1,30,0.5088541666666667,0.06167203312798184,0.437524860561291,0.22141373039881818,0.5382059199141674,0.19064935891820706,0.503125,0.33660664945650337,0.5088541666666667,0.06167203312798184,0.5336263020833333,0.1115704836750631,,0.00045365843332850395,0.00021969974198437022,0.34866666666666657,34.86666666666666,0.40625,0.48,report JSON (per_run_accuracies[0]),GALLSTONE/SVM/output/dp_results.csv,GALLSTONE/SVM/output/baseline_results.csv
Gallstone,GALLSTONE,319,38,DP-SVM,SVM,dp,0.2,30,0.5213541666666667,0.07188443476723981,0.46377432469420143,0.1919743650753804,0.5581005482364887,0.16160228669483362,0.50625,0.2963976425344844,0.5213541666666667,0.07188443476723981,0.53701171875,0.11059481566397981,,0.0004033706666329332,0.00013541093160555453,0.33266666666666667,33.266666666666666,0.375,0.52,report JSON (per_run_accuracies[0]),GALLSTONE/SVM/output/dp_results.csv,GALLSTONE/SVM/output/baseline_results.csv
Gallstone,GALLSTONE,319,38,DP-SVM,SVM,dp,0.4,30,0.53125,0.07493486755176124,0.49962556703033123,0.13835310360325714,0.5542091050206817,0.12258731995381932,0.51875,0.2322613022007756,0.53125,0.07493486755176124,0.5441731770833333,0.10735458455077526,,0.0004924138000054275,0.00019872869576102482,0.31999999999999995,31.999999999999996,0.34375,0.56,report JSON (per_run_accuracies[0]),GALLSTONE/SVM/output/dp_results.csv,GALLSTONE/SVM/output/baseline_results.csv
Gallstone,GALLSTONE,319,38,DP-SVM,SVM,dp,0.6,30,0.525,0.07313212216028377,0.5028199021671831,0.1101529551020298,0.5386851210932238,0.10400218892724088,0.509375,0.185431296239335,0.525,0.07313212216028377,0.5523111979166667,0.10291247834243072,,0.0005490957666552277,0.00026746333082064584,0.32799999999999996,32.8,0.34375,0.56,report JSON (per_run_accuracies[0]),GALLSTONE/SVM/output/dp_results.csv,GALLSTONE/SVM/output/baseline_results.csv
Gallstone,GALLSTONE,319,38,DP-SVM,SVM,dp,0.8,30,0.5255208333333333,0.07131613950202452,0.4870659710132335,0.15614403816324487,0.5570192792159555,0.12915692283684255,0.5177083333333333,0.2577804062515657,0.5255208333333333,0.07131613950202452,0.5375,0.10973092432294064,,0.0005536667000342277,0.00019217310623679753,0.32733333333333337,32.733333333333334,0.359375,0.54,report JSON (per_run_accuracies[0]),GALLSTONE/SVM/output/dp_results.csv,GALLSTONE/SVM/output/baseline_results.csv
Gallstone,GALLSTONE,319,38,DP-SVM,SVM,dp,1.0,30,0.5229166666666667,0.07347996703561833,0.5006545988338098,0.10274434340301997,0.5362640535263057,0.10442475361678476,0.5010416666666667,0.16721589192983088,0.5229166666666667,0.07347996703561833,0.54921875,0.1030772705597829,,0.0006100498999785486,0.0002946157583717774,0.33066666666666666,33.06666666666666,0.359375,0.54,report JSON (per_run_accuracies[0]),GALLSTONE/SVM/output/dp_results.csv,GALLSTONE/SVM/output/baseline_results.csv
Gallstone,GALLSTONE,319,38,DP-SVM,SVM,dp,1.2,30,0.5276041666666667,0.07554956350065095,0.5157412946423336,0.09051220482008453,0.535219754737227,0.09174021450219894,0.515625,0.13734603121920438,0.5276041666666667,0.07554956350065095,0.5627278645833333,0.09785581280446724,,0.0006177208999815775,0.000260085493159641,0.32466666666666666,32.46666666666667,0.375,0.52,report JSON (per_run_accuracies[0]),GALLSTONE/SVM/output/dp_results.csv,GALLSTONE/SVM/output/baseline_results.csv
Gallstone,GALLSTONE,319,38,DP-SVM,SVM,dp,1.4,30,0.5432291666666667,0.07258294166082613,0.536307412537865,0.08088458078090408,0.5487613744843611,0.08048916961726157,0.5364583333333334,0.11860828532283157,0.5432291666666667,0.07258294166082613,0.5765950520833333,0.0960048136475622,,0.0006524889333832107,0.0002514275951402807,0.30466666666666664,30.466666666666665,0.421875,0.46,report JSON (per_run_accuracies[0]),GALLSTONE/SVM/output/dp_results.csv,GALLSTONE/SVM/output/baseline_results.csv
Gallstone,GALLSTONE,319,38,DP-SVM,SVM,dp,1.6,30,0.5614583333333333,0.06416193164347705,0.5524102504433075,0.07487465340635002,0.5662737422680238,0.07079425081651033,0.5489583333333333,0.11024455926358553,0.5614583333333333,0.06416193164347705,0.594140625,0.0934782030126626,,0.000659191700045388,0.00027038374670506433,0.28133333333333344,28.133333333333344,0.46875,0.4,report JSON (per_run_accuracies[0]),GALLSTONE/SVM/output/dp_results.csv,GALLSTONE/SVM/output/baseline_results.csv
Gallstone,GALLSTONE,319,38,DP-SVM,SVM,dp,1.8,30,0.5807291666666666,0.06302944156084696,0.5729335406001298,0.07539527335180723,0.5850589730366864,0.06772998604313958,0.5708333333333333,0.11061303293715236,0.5807291666666666,0.06302944156084696,0.6093424479166667,0.08905531945385343,,0.0006370917332939523,0.00025673559362961607,0.2566666666666667,25.66666666666667,0.46875,0.4,report JSON (per_run_accuracies[0]),GALLSTONE/SVM/output/dp_results.csv,GALLSTONE/SVM/output/baseline_results.csv
Gallstone,GALLSTONE,319,38,DP-SVM,SVM,dp,2.0,30,0.5927083333333333,0.05086064839889043,0.5826394983116415,0.06485649989964147,0.5980183435429345,0.05688338524774448,0.5760416666666667,0.09937412648113636,0.5927083333333333,0.05086064839889043,0.628125,0.0844661267647453,,0.000644661166673662,0.0002231726878465064,0.2413333333333334,24.13333333333334,0.484375,0.38,report JSON (per_run_accuracies[0]),GALLSTONE/SVM/output/dp_results.csv,GALLSTONE/SVM/output/baseline_results.csv
Gallstone,GALLSTONE,319,38,DP-SVM,SVM,dp,4.0,30,0.6817708333333333,0.04932541902311176,0.668802828786492,0.049317533707864555,0.7007857259457306,0.059026936251192416,0.64375,0.06281172263200556,0.6817708333333333,0.04932541902311176,0.737109375,0.0536863106420815,,0.0007387861666605507,0.00030024651608061113,0.1273333333333333,12.73333333333333,0.609375,0.22,report JSON (per_run_accuracies[0]),GALLSTONE/SVM/output/dp_results.csv,GALLSTONE/SVM/output/baseline_results.csv
Gallstone,GALLSTONE,319,38,DP-SVM,SVM,dp,6.0,30,0.7109375,0.04451525663092,0.6976251723903909,0.046722123606303116,0.7322548143811586,0.050983287809146176,0.6677083333333333,0.053206636621342215,0.7109375,0.04451525663092,0.7720052083333333,0.03515962560954641,,0.0006264598999526546,0.00019527706546404176,0.08999999999999997,8.999999999999996,0.703125,0.1,report JSON (per_run_accuracies[0]),GALLSTONE/SVM/output/dp_results.csv,GALLSTONE/SVM/output/baseline_results.csv
Gallstone,GALLSTONE,319,38,DP-SVM,SVM,dp,8.0,30,0.7161458333333334,0.03699383511891617,0.7032495813826313,0.037834867352885354,0.7382425528748295,0.0458730553783406,0.6729166666666667,0.04325112394172228,0.7161458333333334,0.03699383511891617,0.7828125,0.026837529519735163,,0.0006817153332879873,0.0002506423155745621,0.08333333333333326,8.333333333333325,0.765625,0.02,report JSON (per_run_accuracies[0]),GALLSTONE/SVM/output/dp_results.csv,GALLSTONE/SVM/output/baseline_results.csv
Gallstone,GALLSTONE,319,38,DP-SVM,SVM,dp,10.0,30,0.7151041666666667,0.03623817455583116,0.7012260143502622,0.037177621075052826,0.7385051812947623,0.044863215281909306,0.66875,0.0408248290463863,0.7151041666666667,0.03623817455583116,0.7867838541666666,0.02099546288619414,,0.0007814736332875327,0.00033829364542319637,0.08466666666666667,8.466666666666667,0.75,0.04,report JSON (per_run_accuracies[0]),GALLSTONE/SVM/output/dp_results.csv,GALLSTONE/SVM/output/baseline_results.csv
Gallstone,GALLSTONE,319,38,DP-DNN,DNN,standard,,,0.7828125,0.022588800460626498,0.7852451536358084,0.024850489107847085,0.7760006013646906,,0.7958333333333333,,0.7828125,,0.8469401041666667,,0.878562091503268,0.14254402503332433,,0.0,0.0,,,,GALLSTONE/DNN/output/dp_dnn_results.csv,GALLSTONE/DNN/output/baseline_dnn_results.csv
Gallstone,GALLSTONE,319,38,DP-DNN,DNN,dp,0.1,,0.5020833333333333,0.02574834811314224,0.39540078702270776,0.2868538178472722,0.35208801973785825,,0.5145833333333333,,0.5020833333333333,0.02574834811314224,0.5103841145833333,0.10698968555177031,,0.3174706806317166,0.009424919813446177,0.35861610113107123,35.861610113107126,0.5,0.36127744510978044,measured from exported artifact,GALLSTONE/DNN/output/dp_dnn_results.csv,GALLSTONE/DNN/output/baseline_dnn_results.csv
Gallstone,GALLSTONE,319,38,DP-DNN,DNN,dp,0.2,,0.5046875,0.024589732571068494,0.38840407175106184,0.28832196336552257,0.3511331397510645,,0.5010416666666667,,0.5046875,0.024589732571068494,0.52021484375,0.10686085449360697,,0.31600642503229515,0.010631773879320619,0.3552894211576847,35.52894211576847,0.5,0.36127744510978044,measured from exported artifact,GALLSTONE/DNN/output/dp_dnn_results.csv,GALLSTONE/DNN/output/baseline_dnn_results.csv
Gallstone,GALLSTONE,319,38,DP-DNN,DNN,dp,0.4,,0.5140625,0.031080268224657696,0.3854739206524002,0.28873672129903916,0.37074546481289317,,0.4875,,0.5140625,0.031080268224657696,0.5371744791666667,0.10369295362228635,,0.33097932653229994,0.04247464729598135,0.3433133732534931,34.33133732534931,0.5,0.36127744510978044,measured from exported artifact,GALLSTONE/DNN/output/dp_dnn_results.csv,GALLSTONE/DNN/output/baseline_dnn_results.csv
Gallstone,GALLSTONE,319,38,DP-DNN,DNN,dp,0.8,,0.5213541666666667,0.03921498017516889,0.37308033798463286,0.2933184185434317,0.3951625054955159,,0.4625,,0.5213541666666667,0.03921498017516889,0.5676106770833333,0.09672724897203713,,0.29932086536719,0.0013434019505583607,0.3339986693280107,33.39986693280107,0.5,0.36127744510978044,measured from exported artifact,GALLSTONE/DNN/output/dp_dnn_results.csv,GALLSTONE/DNN/output/baseline_dnn_results.csv
Gallstone,GALLSTONE,319,38,DP-DNN,DNN,dp,1.0,,0.5270833333333333,0.03910067578984055,0.37596066165509473,0.2902650025398087,0.409922008806933,,0.4583333333333333,,0.5270833333333333,0.03910067578984055,0.5809244791666667,0.09012133484382108,,0.2985639028333632,0.0009714802902964888,0.3266799733865602,32.66799733865602,0.5,0.36127744510978044,measured from exported artifact,GALLSTONE/DNN/output/dp_dnn_results.csv,GALLSTONE/DNN/output/baseline_dnn_results.csv
Gallstone,GALLSTONE,319,38,DP-DNN,DNN,dp,2.0,,0.5447916666666667,0.0578664350513798,0.3732915714251694,0.29152564957854554,0.4839734661733873,,0.43125,,0.5447916666666667,0.0578664350513798,0.6365234375,0.06279400656056584,,0.2981129292321081,0.002056939629695989,0.30405854956753164,30.405854956753164,0.5,0.36127744510978044,measured from exported artifact,GALLSTONE/DNN/output/dp_dnn_results.csv,GALLSTONE/DNN/output/baseline_dnn_results.csv
Gallstone,GALLSTONE,319,38,DP-DNN,DNN,dp,4.0,,0.58125,0.06609455033006377,0.37679756472598747,0.2862996680183174,0.5635741259651574,,0.37083333333333335,,0.58125,0.06609455033006377,0.6909830729166667,0.04479480111443797,,0.2980572027003897,0.0021462306072695405,0.2574850299401197,25.748502994011968,0.6875,0.12175648702594813,measured from exported artifact,GALLSTONE/DNN/output/dp_dnn_results.csv,GALLSTONE/DNN/output/baseline_dnn_results.csv
Gallstone,GALLSTONE,319,38,DP-DNN,DNN,dp,8.0,,0.6,0.06046154942054771,0.39823769885913357,0.2320105067575899,0.6912719475269058,,0.33229166666666665,,0.6,0.06046154942054771,0.7231770833333333,0.03398262886638023,,0.29833053190037995,0.0013414098207395198,0.2335329341317366,23.35329341317366,0.65625,0.16167664670658685,measured from exported artifact,GALLSTONE/DNN/output/dp_dnn_results.csv,GALLSTONE/DNN/output/baseline_dnn_results.csv
Gallstone,GALLSTONE,319,38,DP-DNN,DNN,dp,10.0,,0.6046875,0.05489543801249183,0.4113091986063215,0.215334370451231,0.728403315591326,,0.33541666666666664,,0.6046875,0.05489543801249183,0.730078125,0.033165381427444254,,0.29885857073386435,0.0046040418679144605,0.22754491017964074,22.754491017964074,0.65625,0.16167664670658685,measured from exported artifact,GALLSTONE/DNN/output/dp_dnn_results.csv,GALLSTONE/DNN/output/baseline_dnn_results.csv
Kidney Stone,KIDNEY_STONE,4000,23,DP-RF,RandomForest,standard,,,0.94375,,0.9235993208828522,,0.9855072463768116,,0.8690095846645367,,0.9303980161515701,,0.9977563618948901,,0.9503125,0.060365584009559825,,0.0,0.0,,,,KIDNEY_STONE/RandomForest/output/dp_results.csv,KIDNEY_STONE/RandomForest/output/baseline_results.csv
Kidney Stone,KIDNEY_STONE,4000,23,DP-RF,RandomForest,dp,0.1,30,0.8520416666666666,0.038284139630168294,0.76407894924616,0.08841468835286029,0.9852465225771302,0.005536806780411485,0.6315228966986155,0.10042095942486422,0.8126471430789449,0.049378712390687925,0.880059064975847,0.016232873740041825,,0.026253831935173368,0.006890419249995232,0.0971743929359824,9.71743929359824,0.83,0.12052980132450333,report JSON (per_run_accuracies[0]),KIDNEY_STONE/RandomForest/output/dp_results.csv,KIDNEY_STONE/RandomForest/output/baseline_results.csv
Kidney Stone,KIDNEY_STONE,4000,23,DP-RF,RandomForest,dp,0.2,30,0.8719166666666667,0.026692175299555913,0.8044695221153624,0.05552528934214103,0.9842930149548277,0.004177517526774083,0.68370607028754,0.0703069002284226,0.8382938291204983,0.03447955367595252,0.8878750604098465,0.018117191044225493,,0.023545804132785026,0.002940808269463224,0.07611479028697565,7.611479028697565,0.86125,0.08741721854304638,report JSON (per_run_accuracies[0]),KIDNEY_STONE/RandomForest/output/dp_results.csv,KIDNEY_STONE/RandomForest/output/baseline_results.csv
Kidney Stone,KIDNEY_STONE,4000,23,DP-RF,RandomForest,dp,0.4,30,0.8790833333333334,0.015528647361856376,0.8189116211756139,0.029623898485404743,0.9841645689326134,0.0031831630285470125,0.70234291799787,0.04157516824391188,0.8475095835711458,0.020177404973038788,0.8897552553833101,0.01890385903257698,,0.02940766119960851,0.012320588706777222,0.06852097130242807,6.852097130242807,0.88875,0.05827814569536417,report JSON (per_run_accuracies[0]),KIDNEY_STONE/RandomForest/output/dp_results.csv,KIDNEY_STONE/RandomForest/output/baseline_results.csv
Kidney Stone,KIDNEY_STONE,4000,23,DP-RF,RandomForest,dp,0.6,30,0.878625,0.017857508924819274,0.817865572719293,0.03422034850824801,0.9841501605699194,0.0030552375567886136,0.701171458998935,0.04760800300040983,0.8469238540716783,0.023168903143498096,0.8945439794617456,0.01892729229633055,,0.022749886166032716,0.0011230068574084576,0.06900662251655632,6.900662251655632,0.88875,0.05827814569536417,report JSON (per_run_accuracies[0]),KIDNEY_STONE/RandomForest/output/dp_results.csv,KIDNEY_STONE/RandomForest/output/baseline_results.csv
Kidney Stone,KIDNEY_STONE,4000,23,DP-RF,RandomForest,dp,0.8,30,0.8792916666666667,0.01591541225423402,0.8192674274781756,0.03018668982832971,0.9840335477640474,0.0030978164631330803,0.702981895633653,0.0426289827102666,0.8477948492541981,0.02068386657418169,0.8948043158325187,0.019342033794099822,,0.023041865167518456,0.0012878268372451692,0.06830022075055187,6.8300220750551865,0.88875,0.05827814569536417,report JSON (per_run_accuracies[0]),KIDNEY_STONE/RandomForest/output/dp_results.csv,KIDNEY_STONE/RandomForest/output/baseline_results.csv
Kidney Stone,KIDNEY_STONE,4000,23,DP-RF,RandomForest,dp,1.0,30,0.8790416666666668,0.01768557360926947,0.8186350222755722,0.034154236247889706,0.9840249266679619,0.00303557402620368,0.7023429179978701,0.04715091652239164,0.8474753604363067,0.022945978869487012,0.896115072830767,0.019098982254572152,,0.023292642966650116,0.0012402702396607538,0.06856512141280335,6.856512141280335,0.88875,0.05827814569536417,report JSON (per_run_accuracies[0]),KIDNEY_STONE/RandomForest/output/dp_results.csv,KIDNEY_STONE/RandomForest/output/baseline_results.csv
Kidney Stone,KIDNEY_STONE,4000,23,DP-RF,RandomForest,dp,1.2,30,0.8793749999999999,0.018884931162172665,0.8190781546439914,0.03711199594919606,0.9840325091107566,0.0030491901018212023,0.7031948881789136,0.05007148513300855,0.8479013455268286,0.02445239473850803,0.8969608106837412,0.018000071793426647,,0.02374912366794888,0.0016700567519121446,0.0682119205298014,6.821192052980141,0.89,0.056953642384105926,report JSON (per_run_accuracies[0]),KIDNEY_STONE/RandomForest/output/dp_results.csv,KIDNEY_STONE/RandomForest/output/baseline_results.csv
Kidney Stone,KIDNEY_STONE,4000,23,DP-RF,RandomForest,dp,1.4,30,0.8797083333333333,0.017555517097355904,0.8198213878207384,0.03403258549313259,0.9840562780121359,0.0030573237128667025,0.7040468583599574,0.04674798211051165,0.8483273306173503,0.022766807095780387,0.8968786970279451,0.01829838815241576,,0.023941326432395726,0.0012674923451145286,0.06785871964679913,6.785871964679913,0.89,0.056953642384105926,report JSON (per_run_accuracies[0]),KIDNEY_STONE/RandomForest/output/dp_results.csv,KIDNEY_STONE/RandomForest/output/baseline_results.csv
Kidney Stone,KIDNEY_STONE,4000,23,DP-RF,RandomForest,dp,1.6,30,0.880125,0.017468274814646134,0.8205622534296726,0.03392763294947763,0.9840767922254625,0.0030689413756510506,0.7051118210862619,0.04649742392725973,0.8488598119805026,0.02265023953290202,0.8963332043132085,0.019052775556099577,,0.024446111135087753,0.0013412339133561475,0.06741721854304628,6.741721854304627,0.89,0.056953642384105926,report JSON (per_run_accuracies[0]),KIDNEY_STONE/RandomForest/output/dp_results.csv,KIDNEY_STONE/RandomForest/output/baseline_results.csv
Kidney Stone,KIDNEY_STONE,4000,23,DP-RF,RandomForest,dp,1.8,30,0.8799166666666667,0.017478955600632687,0.8201732100241903,0.03389828313002216,0.9842123217499059,0.003084417872148134,0.7044728434504791,0.04654569419914844,0.8485745462974503,0.022667665516970203,0.8963646939708241,0.018894851327397714,,0.02430670280009508,0.001669049121014368,0.0676379690949227,6.76379690949227,0.89,0.056953642384105926,report JSON (per_run_accuracies[0]),KIDNEY_STONE/RandomForest/output/dp_results.csv,KIDNEY_STONE/RandomForest/output/baseline_results.csv
Kidney Stone,KIDNEY_STONE,4000,23,DP-RF,RandomForest,dp,2.0,30,0.8800000000000001,0.01730546638107932,0.8203400567052295,0.03356166260501842,0.9842109721968257,0.003100786429181466,0.7046858359957401,0.04604544648315235,0.8486810425700809,0.022435494261591686,0.8971150881382395,0.018778709840991184,,0.024620504135479376,0.0007793076707861481,0.06754966887417202,6.754966887417202,0.89,0.056953642384105926,report JSON (per_run_accuracies[0]),KIDNEY_STONE/RandomForest/output/dp_results.csv,KIDNEY_STONE/RandomForest/output/baseline_results.csv
Kidney Stone,KIDNEY_STONE,4000,23,DP-RF,RandomForest,dp,4.0,30,0.8802083333333334,0.017245420084442388,0.8207355838349305,0.03335119708351903,0.9840812835359324,0.003076121495770603,0.7053248136315229,0.04592706548422219,0.848966308253133,0.022365251262005482,0.8971422042322974,0.019737504497305314,,0.024741412566315072,0.0018573470931886609,0.0673289183222957,6.732891832229571,0.89125,0.05562913907284767,report JSON (per_run_accuracies[0]),KIDNEY_STONE/RandomForest/output/dp_results.csv,KIDNEY_STONE/RandomForest/output/baseline_results.csv
Kidney Stone,KIDNEY_STONE,4000,23,DP-RF,RandomForest,dp,6.0,30,0.8802083333333334,0.017245420084442388,0.8207355838349305,0.03335119708351903,0.9840812835359324,0.003076121495770603,0.7053248136315229,0.04592706548422219,0.848966308253133,0.022365251262005482,0.8972034341221055,0.019901403513278525,,0.025813988964849464,0.001572804569315211,0.0673289183222957,6.732891832229571,0.89125,0.05562913907284767,report JSON (per_run_accuracies[0]),KIDNEY_STONE/RandomForest/output/dp_results.csv,KIDNEY_STONE/RandomForest/output/baseline_results.csv
Kidney Stone,KIDNEY_STONE,4000,23,DP-RF,RandomForest,dp,8.0,30,0.8802083333333334,0.017245420084442388,0.8207355838349305,0.03335119708351903,0.9840812835359324,0.003076121495770603,0.7053248136315229,0.04592706548422219,0.848966308253133,0.022365251262005482,0.8971863772242303,0.01990781443603022,,0.024932370899963037,0.001369015691446121,0.0673289183222957,6.732891832229571,0.89125,0.05562913907284767,report JSON (per_run_accuracies[0]),KIDNEY_STONE/RandomForest/output/dp_results.csv,KIDNEY_STONE/RandomForest/output/baseline_results.csv
Kidney Stone,KIDNEY_STONE,4000,23,DP-RF,RandomForest,dp,10.0,30,0.8802083333333334,0.017245420084442388,0.8207355838349305,0.03335119708351903,0.9840812835359324,0.003076121495770603,0.7053248136315229,0.04592706548422219,0.848966308253133,0.022365251262005482,0.8971863772242303,0.01990781443603022,,0.02622841116632723,0.0018893993170295117,0.0673289183222957,6.732891832229571,0.89125,0.05562913907284767,report JSON (per_run_accuracies[0]),KIDNEY_STONE/RandomForest/output/dp_results.csv,KIDNEY_STONE/RandomForest/output/baseline_results.csv
Kidney Stone,KIDNEY_STONE,4000,23,DP-LR,LR,standard,,,0.9225,,0.8923611111111112,,0.9771863117870723,,0.8210862619808307,,0.9043829667193681,,0.9886899646397386,,0.925625,0.0034300839906791225,,0.0,0.0,,,,KIDNEY_STONE/LR/output/dp_results.csv,KIDNEY_STONE/LR/output/baseline_results.csv
Kidney Stone,KIDNEY_STONE,4000,23,DP-LR,LR,dp,0.1,30,0.7115833333333332,0.0753069644115927,0.6325639184578712,0.10616534573399777,0.635798247376061,0.1194324526762926,0.6427050053248136,0.13301913085467296,0.6992785806911542,0.07992981440723207,0.7617471730378554,0.09776104431313283,,0.0012277583664399572,0.00013347812823601054,0.228635953026197,22.8635953026197,0.76,0.17615176151761516,report JSON (per_run_accuracies[0]),KIDNEY_STONE/LR/output/dp_results.csv,KIDNEY_STONE/LR/output/baseline_results.csv
Kidney Stone,KIDNEY_STONE,4000,23,DP-LR,LR,dp,0.2,30,0.7621249999999999,0.050478078988144284,0.6942160224201326,0.06803672357285176,0.7006108554999065,0.07606437997827757,0.6927582534611287,0.08373241922576538,0.7497329939448011,0.05342271453077544,0.8152740146908001,0.05727196074225999,,0.0012866319317254237,6.712518464243064e-05,0.17384823848238484,17.384823848238483,0.7975,0.13550135501355015,report JSON (per_run_accuracies[0]),KIDNEY_STONE/LR/output/dp_results.csv,KIDNEY_STONE/LR/output/baseline_results.csv
Kidney Stone,KIDNEY_STONE,4000,23,DP-LR,LR,dp,0.4,30,0.7995833333333333,0.03363457629021395,0.7415632119402102,0.043898742867608066,0.7493138541899421,0.04880444378816164,0.7356762513312035,0.05247100640517008,0.7881666677600575,0.03541693643859913,0.8555039110592114,0.03586662188924897,,0.0015550166994216853,0.00012236322578230768,0.1332429990966576,13.32429990966576,0.82875,0.1016260162601626,report JSON (per_run_accuracies[0]),KIDNEY_STONE/LR/output/dp_results.csv,KIDNEY_STONE/LR/output/baseline_results.csv
Kidney Stone,KIDNEY_STONE,4000,23,DP-LR,LR,dp,0.6,30,0.8197916666666668,0.027078364928891527,0.7668398903266787,0.03602636754823756,0.7765987126419106,0.03763352999037743,0.7583599574014909,0.04430411338728144,0.8088172134714504,0.029098693233673478,0.8768583818252192,0.03115823852502681,,0.0016888555997866205,0.00015523474010093618,0.11133694670280014,11.133694670280015,0.8475,0.08130081300813004,report JSON (per_run_accuracies[0]),KIDNEY_STONE/LR/output/dp_results.csv,KIDNEY_STONE/LR/output/baseline_results.csv
Kidney Stone,KIDNEY_STONE,4000,23,DP-LR,LR,dp,0.8,30,0.7955,0.033772523348623705,0.7374912274927612,0.044708125406871926,0.7415385888249427,0.048521418530903304,0.7354632587859425,0.05576826564658796,0.7847747505428685,0.03598271752630605,0.8510819102850907,0.037002532445279984,,0.001519877667305991,0.00013422445721286255,0.1376693766937669,13.766937669376688,0.8175,0.1138211382113821,report JSON (per_run_accuracies[0]),KIDNEY_STONE/LR/output/dp_results.csv,KIDNEY_STONE/LR/output/baseline_results.csv
Kidney Stone,KIDNEY_STONE,4000,23,DP-LR,LR,dp,1.0,30,0.8314583333333333,0.02663621307960691,0.7826283279113613,0.03534701267571162,0.7896911130213713,0.035249103610748046,0.7765708200212994,0.0438055818774167,0.8216529664788222,0.028837616906992918,0.8910161537570005,0.03066344331982171,,0.0019148792009218596,0.00016596050500975444,0.09869015356820232,9.869015356820231,0.84625,0.08265582655826563,report JSON (per_run_accuracies[0]),KIDNEY_STONE/LR/output/dp_results.csv,KIDNEY_STONE/LR/output/baseline_results.csv
Kidney Stone,KIDNEY_STONE,4000,23,DP-LR,LR,dp,1.2,30,0.8563750000000001,0.02671678233495443,0.8129898942895458,0.03463202132310162,0.8289294032863829,0.03713911187357036,0.7982960596379127,0.03906599155930524,0.8459995014137545,0.02820695506233673,0.9151839192815108,0.028242352993574183,,0.002020291767742795,0.00020369823013488726,0.07168021680216785,7.1680216802167855,0.87125,0.05555555555555557,report JSON (per_run_accuracies[0]),KIDNEY_STONE/LR/output/dp_results.csv,KIDNEY_STONE/LR/output/baseline_results.csv
Kidney Stone,KIDNEY_STONE,4000,23,DP-LR,LR,dp,1.4,30,0.8750416666666668,0.02445123406338057,0.835303866374909,0.031720689598553356,0.8630238131474347,0.03670305516510298,0.8099041533546326,0.03443717984159516,0.8634051909825866,0.02552431212520906,0.9320352596694023,0.025278589744997748,,0.002055116730722754,0.00018919916006473168,0.05144534778681098,5.144534778681098,0.88625,0.039295392953929545,report JSON (per_run_accuracies[0]),KIDNEY_STONE/LR/output/dp_results.csv,KIDNEY_STONE/LR/output/baseline_results.csv
Kidney Stone,KIDNEY_STONE,4000,23,DP-LR,LR,dp,1.6,30,0.8889166666666666,0.02130320137652763,0.8518339515649174,0.028194292794764313,0.8912410464438405,0.03351159027209977,0.8164004259850907,0.03226397689731464,0.8759620199740648,0.022485618536029345,0.9443477157970929,0.022018742417290328,,0.002097516699480669,0.0002257983198582313,0.03640469738030727,3.640469738030727,0.90125,0.023035230352303513,report JSON (per_run_accuracies[0]),KIDNEY_STONE/LR/output/dp_results.csv,KIDNEY_STONE/LR/output/baseline_results.csv
Kidney Stone,KIDNEY_STONE,4000,23,DP-LR,LR,dp,1.8,30,0.8982083333333333,0.01902488319426839,0.8629311369961882,0.025595861930122532,0.9122116928573594,0.03159835775342469,0.8193823216187434,0.030807440837378686,0.8841264790845257,0.020283840935062903,0.9534556619060428,0.019079809575542138,,0.002082123700044273,0.00015905337003431697,0.026332429990966633,2.6332429990966633,0.91125,0.012195121951219494,report JSON (per_run_accuracies[0]),KIDNEY_STONE/LR/output/dp_results.csv,KIDNEY_STONE/LR/output/baseline_results.csv
Kidney Stone,KIDNEY_STONE,4000,23,DP-LR,LR,dp,2.0,30,0.9050833333333334,0.016992441129971756,0.8712030024945663,0.023255892371758038,0.9285118851487101,0.027591766654702823,0.8210862619808306,0.028480536145596216,0.8900776963566028,0.01837824168551537,0.9601727994961655,0.01653274877441626,,0.0020570763988265145,0.00019320577237577616,0.018879855465221307,1.8879855465221307,0.92,0.002710027100270945,report JSON (per_run_accuracies[0]),KIDNEY_STONE/LR/output/dp_results.csv,KIDNEY_STONE/LR/output/baseline_results.csv
Kidney Stone,KIDNEY_STONE,4000,23,DP-LR,LR,dp,4.0,30,0.9197083333333332,0.008137383725061082,0.8885116045022944,0.012102239751057262,0.9718710066908158,0.009529747016624217,0.8185303514376997,0.01856337258317437,0.9016334166497192,0.009819892447104798,0.9823161517888969,0.005206322101131391,,0.0020068083681204977,0.00013145951302309447,0.003026196928636038,0.3026196928636038,0.925,-0.002710027100271065,report JSON (per_run_accuracies[0]),KIDNEY_STONE/LR/output/dp_results.csv,KIDNEY_STONE/LR/output/baseline_results.csv
Kidney Stone,KIDNEY_STONE,4000,23,DP-LR,LR,dp,6.0,30,0.9207916666666667,0.0059466669002242204,0.8896527206386511,0.008988437241132585,0.977223976483457,0.006136760666409022,0.8166134185303513,0.014420712144673706,0.9021807681289676,0.007356119715473276,0.986070200068665,0.0026470725616457576,,0.0019613194327879075,0.00011138917292009038,0.0018518518518518823,0.18518518518518823,0.925,-0.002710027100271065,report JSON (per_run_accuracies[0]),KIDNEY_STONE/LR/output/dp_results.csv,KIDNEY_STONE/LR/output/baseline_results.csv
Kidney Stone,KIDNEY_STONE,4000,23,DP-LR,LR,dp,8.0,30,0.9214166666666667,0.004944834566382264,0.8904961786941795,0.007497933485574266,0.9785890647155662,0.004629258617096758,0.8170394036208734,0.012037376912413035,0.9027702151574591,0.0061420939257767655,0.9872814584959754,0.001751573014350085,,0.0019075875345151872,0.00010391396149316294,0.0011743450767840447,0.11743450767840447,0.925,-0.002710027100271065,report JSON (per_run_accuracies[0]),KIDNEY_STONE/LR/output/dp_results.csv,KIDNEY_STONE/LR/output/baseline_results.csv
Kidney Stone,KIDNEY_STONE,4000,23,DP-LR,LR,dp,10.0,30,0.921875,0.004290857528901807,0.8911373250806293,0.006535284425913694,0.9793481635902386,0.003831573334447825,0.8175718849840254,0.010639505306930813,0.9032417946480705,0.005369121876102422,0.9877953522140072,0.0012793430159964182,,0.0019164652650943026,9.638136884453794e-05,0.0006775067750677266,0.06775067750677266,0.925,-0.002710027100271065,report JSON (per_run_accuracies[0]),KIDNEY_STONE/LR/output/dp_results.csv,KIDNEY_STONE/LR/output/baseline_results.csv
Kidney Stone,KIDNEY_STONE,4000,23,DP-GNB,GaussianNB,standard,,,0.8900000000000001,,0.838827838827839,,0.9828326180257508,,0.7316293929712461,,0.8617079203049252,,0.9392905642553022,,0.8996874999999999,0.00034388620018338165,,0.0,0.0,,,,KIDNEY_STONE/GaussianNB/output/dp_results.csv,KIDNEY_STONE/GaussianNB/output/baseline_results.csv
Kidney Stone,KIDNEY_STONE,4000,23,DP-GNB,GaussianNB,dp,0.1,30,0.6784166666666668,0.1290300083529237,0.5187193046996016,0.23194592945460812,0.6819621769927465,0.28186223846784136,0.5069222577209798,0.27092618267773894,0.6477800884771908,0.12324793138274978,0.7017115940983134,0.18156108074534766,,0.005372215201108096,0.00016278662671710245,0.23773408239700378,23.773408239700377,0.785,0.11797752808988773,report JSON (per_run_accuracies[0]),KIDNEY_STONE/GaussianNB/output/dp_results.csv,KIDNEY_STONE/GaussianNB/output/baseline_results.csv
Kidney Stone,KIDNEY_STONE,4000,23,DP-GNB,GaussianNB,dp,0.2,30,0.7720833333333333,0.14309646124982345,0.6858886161004804,0.18467800734683953,0.8321543887510658,0.22574705165215095,0.6559105431309905,0.22653259201783615,0.7513296726606354,0.12197726031223742,0.8088249765467654,0.15735115622694842,,0.005033026429009624,0.00012994434397563232,0.13249063670411998,13.249063670411998,0.76625,0.13904494382022486,report JSON (per_run_accuracies[0]),KIDNEY_STONE/GaussianNB/output/dp_results.csv,KIDNEY_STONE/GaussianNB/output/baseline_results.csv
Kidney Stone,KIDNEY_STONE,4000,23,DP-GNB,GaussianNB,dp,0.4,30,0.8528333333333333,0.07041168621440305,0.7928095426069709,0.06107004669037791,0.9390792414384296,0.11439683359676091,0.7022364217252398,0.08436924814989112,0.8259299836210048,0.0551298949042281,0.8762779006020209,0.06274950520820782,,0.004814465330370391,9.244126471381562e-05,0.041760299625468345,4.176029962546835,0.88875,0.0014044943820225664,report JSON (per_run_accuracies[0]),KIDNEY_STONE/GaussianNB/output/dp_results.csv,KIDNEY_STONE/GaussianNB/output/baseline_results.csv
Kidney Stone,KIDNEY_STONE,4000,23,DP-GNB,GaussianNB,dp,0.6,30,0.8714583333333333,0.04887279762017131,0.799318176755877,0.11786164403635532,0.9718422350858077,0.024656496204770756,0.6921192758253463,0.12716426446895282,0.8394203497538779,0.06266766967142756,0.8911282263231668,0.0532386648941332,,0.004742037562148956,5.9423233673977646e-05,0.02083333333333348,2.083333333333348,0.89,1.247441600702423e-16,report JSON (per_run_accuracies[0]),KIDNEY_STONE/GaussianNB/output/dp_results.csv,KIDNEY_STONE/GaussianNB/output/baseline_results.csv
Kidney Stone,KIDNEY_STONE,4000,23,DP-GNB,GaussianNB,dp,0.8,30,0.8618750000000002,0.07268062987022976,0.8164405756701671,0.054121630143180915,0.9206667733279601,0.13205789593543174,0.7500532481363155,0.05802444307880951,0.8418986295438594,0.0535508173393721,0.9022838748898409,0.041218679655104264,,0.004666533333753857,6.230567610039386e-05,0.0316011235955056,3.16011235955056,0.885,0.005617977528090017,report JSON (per_run_accuracies[0]),KIDNEY_STONE/GaussianNB/output/dp_results.csv,KIDNEY_STONE/GaussianNB/output/baseline_results.csv
Kidney Stone,KIDNEY_STONE,4000,23,DP-GNB,GaussianNB,dp,1.0,30,0.8772916666666668,0.0470339896304317,0.8287049846973726,0.03651412268338319,0.9501658581993592,0.09211412618928985,0.7415335463258788,0.029986029744031473,0.8530391893162592,0.03471306932112471,0.9072109129157891,0.035638649970536986,,0.004639209632296115,8.085976361304325e-05,0.01427902621722843,1.427902621722843,0.8125,0.08707865168539339,report JSON (per_run_accuracies[0]),KIDNEY_STONE/GaussianNB/output/dp_results.csv,KIDNEY_STONE/GaussianNB/output/baseline_results.csv
Kidney Stone,KIDNEY_STONE,4000,23,DP-GNB,GaussianNB,dp,1.2,30,0.8821250000000002,0.016971636878431427,0.8307905707518745,0.016013133266197462,0.9561009651518231,0.05347231060699039,0.7364217252396167,0.014796851344293193,0.8560958728867489,0.011615150066442282,0.9195394418895546,0.026010104528745224,,0.004613166665270303,7.118993932547455e-05,0.008848314606741514,0.8848314606741514,0.86625,0.026685393258427142,report JSON (per_run_accuracies[0]),KIDNEY_STONE/GaussianNB/output/dp_results.csv,KIDNEY_STONE/GaussianNB/output/baseline_results.csv
Kidney Stone,KIDNEY_STONE,4000,23,DP-GNB,GaussianNB,dp,1.4,30,0.8734166666666668,0.05810992934851057,0.8214252381482595,0.05565480769535199,0.9567315333180235,0.09475950830947348,0.7291799787007455,0.06129237517652698,0.847649537604993,0.04689946062993242,0.9130026044570987,0.044246203028107445,,0.004614609668108945,8.501158351230884e-05,0.018632958801498067,1.8632958801498067,0.89,1.247441600702423e-16,report JSON (per_run_accuracies[0]),KIDNEY_STONE/GaussianNB/output/dp_results.csv,KIDNEY_STONE/GaussianNB/output/baseline_results.csv
Kidney Stone,KIDNEY_STONE,4000,23,DP-GNB,GaussianNB,dp,1.6,30,0.8702083333333335,0.0518893889013501,0.8212439928929484,0.04074526159380371,0.9388702446323343,0.10960482649104725,0.740468583599574,0.04327222828737086,0.8470310063788425,0.03651385750903222,0.9080651792177006,0.04127944631819904,,0.004597931998432614,0.00010044852567521901,0.022237827715355762,2.2237827715355762,0.89,1.247441600702423e-16,report JSON (per_run_accuracies[0]),KIDNEY_STONE/GaussianNB/output/dp_results.csv,KIDNEY_STONE/GaussianNB/output/baseline_results.csv
Kidney Stone,KIDNEY_STONE,4000,23,DP-GNB,GaussianNB,dp,1.8,30,0.8867083333333335,0.008045983297411354,0.8351497831926262,0.009135226614234462,0.9712727663604618,0.027127386571777427,0.7328008519701811,0.002402665425490655,0.8592135676688689,0.0062522513383954465,0.9231956316847185,0.021655113470808195,,0.004556367999369589,7.976604310996419e-05,0.003698501872659077,0.3698501872659077,0.89,1.247441600702423e-16,report JSON (per_run_accuracies[0]),KIDNEY_STONE/GaussianNB/output/dp_results.csv,KIDNEY_STONE/GaussianNB/output/baseline_results.csv
Kidney Stone,KIDNEY_STONE,4000,23,DP-GNB,GaussianNB,dp,2.0,30,0.8823750000000001,0.029725042052114924,0.832472462172247,0.021991342955653515,0.962470690624309,0.07102323183867473,0.738125665601704,0.030903926536813776,0.856605611719401,0.01899378041242334,0.9242330409606095,0.02436884338325415,,0.004547816602280363,5.178360916519794e-05,0.008567415730337036,0.8567415730337036,0.89,1.247441600702423e-16,report JSON (per_run_accuracies[0]),KIDNEY_STONE/GaussianNB/output/dp_results.csv,KIDNEY_STONE/GaussianNB/output/baseline_results.csv
Kidney Stone,KIDNEY_STONE,4000,23,DP-GNB,GaussianNB,dp,4.0,30,0.8893333333333334,0.004338938682314946,0.8381992374962499,0.005082079653022004,0.9797577144962105,0.014529353142484313,0.7324813631522897,0.003589414173877052,0.8613125501593074,0.003535149766641124,0.939540513412626,0.013117842775119501,,0.004462316634211068,6.349100684531688e-05,0.0007490636704120535,0.07490636704120535,0.89,1.247441600702423e-16,report JSON (per_run_accuracies[0]),KIDNEY_STONE/GaussianNB/output/dp_results.csv,KIDNEY_STONE/GaussianNB/output/baseline_results.csv
Kidney Stone,KIDNEY_STONE,4000,23,DP-GNB,GaussianNB,dp,6.0,30,0.8846250000000001,0.02444626334773204,0.8350720243747246,0.015958419790170337,0.9671849366377739,0.06592301791410685,0.7398296059637912,0.04012253254774317,0.8587580610243325,0.013048650262400983,0.9324079966236091,0.015388954729225808,,0.004405823700168791,6.057788054365009e-05,0.006039325842696619,0.6039325842696619,0.89,1.247441600702423e-16,report JSON (per_run_accuracies[0]),KIDNEY_STONE/GaussianNB/output/dp_results.csv,KIDNEY_STONE/GaussianNB/output/baseline_results.csv
Kidney Stone,KIDNEY_STONE,4000,23,DP-GNB,GaussianNB,dp,8.0,30,0.8887916666666668,0.005650251960950256,0.837747737642897,0.005077689755508452,0.9775386163688474,0.023830320795894595,0.7333333333333333,0.0075934157486585415,0.861019849418207,0.003288897660344078,0.9366815149149451,0.012533688495571682,,0.004448470736194091,6.532036910257174e-05,0.0013576779026217567,0.13576779026217567,0.89,1.247441600702423e-16,report JSON (per_run_accuracies[0]),KIDNEY_STONE/GaussianNB/output/dp_results.csv,KIDNEY_STONE/GaussianNB/output/baseline_results.csv
Kidney Stone,KIDNEY_STONE,4000,23,DP-GNB,GaussianNB,dp,10.0,30,0.8840416666666667,0.03208660697584308,0.8340819787600341,0.025557238616727807,0.9697887926629877,0.07024314929396049,0.7354632587859425,0.02064599926057957,0.8574989120760653,0.022666202986995492,0.9343356447616736,0.011795794195790195,,0.004408822128122362,6.784257094592002e-05,0.00669475655430718,0.669475655430718,0.89,1.247441600702423e-16,report JSON (per_run_accuracies[0]),KIDNEY_STONE/GaussianNB/output/dp_results.csv,KIDNEY_STONE/GaussianNB/output/baseline_results.csv
Kidney Stone,KIDNEY_STONE,4000,23,DP-SVM,SVM,standard,,,0.9325,,0.9087837837837838,,0.96415770609319,,0.8594249201277955,,0.9194455196121524,,0.9888014905104605,,0.9534375,0.18698908400256187,,0.0,0.0,,,,KIDNEY_STONE/SVM/output/dp_results.csv,KIDNEY_STONE/SVM/output/baseline_results.csv
Kidney Stone,KIDNEY_STONE,4000,23,DP-SVM,SVM,dp,0.1,30,0.7487499999999999,0.05755613202199514,0.6547850449670094,0.075084607706492,0.7166536276224851,0.09574107570031667,0.6093716719914803,0.08259031408976102,0.7238507915056648,0.05711909237319385,0.785479550310195,0.0515636190133037,,0.0011361055666535929,0.00033940791664297275,0.19705093833780174,19.705093833780175,0.79,0.1528150134048257,report JSON (per_run_accuracies[0]),KIDNEY_STONE/SVM/output/dp_results.csv,KIDNEY_STONE/SVM/output/baseline_results.csv
Kidney Stone,KIDNEY_STONE,4000,23,DP-SVM,SVM,dp,0.2,30,0.8814583333333333,0.012665912806514263,0.8282261059920476,0.016662120898470394,0.958211511262981,0.033363759245496845,0.7298189563365282,0.01555757096376241,0.8543687526378055,0.011962249180094744,0.8884760973817662,0.027397415021924082,,0.0016300388332335083,0.0005520104249145702,0.05473637176050039,5.473637176050039,0.88625,0.04959785522788205,report JSON (per_run_accuracies[0]),KIDNEY_STONE/SVM/output/dp_results.csv,KIDNEY_STONE/SVM/output/baseline_results.csv
Kidney Stone,KIDNEY_STONE,4000,23,DP-SVM,SVM,dp,0.4,30,0.8899583333333335,0.00022438186696393286,0.8387568191237916,0.0003824528108482295,0.982830151447881,1.3282928338848616e-05,0.7315228966986156,0.0005734999794605311,0.8616546721686099,0.00028674998973026556,0.9307470265234763,0.020366817811201008,,0.0016736389332739539,0.00041375398313419476,0.045621090259159724,4.562109025915973,0.89,0.045576407506702395,report JSON (per_run_accuracies[0]),KIDNEY_STONE/SVM/output/dp_results.csv,KIDNEY_STONE/SVM/output/baseline_results.csv
Kidney Stone,KIDNEY_STONE,4000,23,DP-SVM,SVM,dp,0.6,30,0.8900000000000001,1.1102230246251565e-16,0.838827838827839,1.1102230246251565e-16,0.9828326180257508,2.220446049250313e-16,0.7316293929712461,1.1102230246251565e-16,0.8617079203049252,3.3306690738754696e-16,0.9497963012772992,0.012862748564096865,,0.001795633366691618,0.0006057077334275322,0.04557640750670222,4.557640750670222,0.89,0.045576407506702395,report JSON (per_run_accuracies[0]),KIDNEY_STONE/SVM/output/dp_results.csv,KIDNEY_STONE/SVM/output/baseline_results.csv
Kidney Stone,KIDNEY_STONE,4000,23,DP-SVM,SVM,dp,0.8,30,0.8900000000000001,1.1102230246251565e-16,0.838827838827839,1.1102230246251565e-16,0.9828326180257508,2.220446049250313e-16,0.7316293929712461,1.1102230246251565e-16,0.8617079203049252,3.3306690738754696e-16,0.9578607151213774,0.009142629843677832,,0.00166974993326221,0.0004883351006004239,0.04557640750670222,4.557640750670222,0.89,0.045576407506702395,report JSON (per_run_accuracies[0]),KIDNEY_STONE/SVM/output/dp_results.csv,KIDNEY_STONE/SVM/output/baseline_results.csv
Kidney Stone,KIDNEY_STONE,4000,23,DP-SVM,SVM,dp,1.0,30,0.8900000000000001,1.1102230246251565e-16,0.838827838827839,1.1102230246251565e-16,0.9828326180257508,2.220446049250313e-16,0.7316293929712461,1.1102230246251565e-16,0.8617079203049252,3.3306690738754696e-16,0.9617774599654927,0.007045152413392123,,0.0018209333333440252,0.0006146642720540434,0.04557640750670222,4.557640750670222,0.89,0.045576407506702395,report JSON (per_run_accuracies[0]),KIDNEY_STONE/SVM/output/dp_results.csv,KIDNEY_STONE/SVM/output/baseline_results.csv
Kidney Stone,KIDNEY_STONE,4000,23,DP-SVM,SVM,dp,1.2,30,0.8900000000000001,1.1102230246251565e-16,0.838827838827839,1.1102230246251565e-16,0.9828326180257508,2.220446049250313e-16,0.7316293929712461,1.1102230246251565e-16,0.8617079203049252,3.3306690738754696e-16,0.9639819546767608,0.005740584053334941,,0.001825269433311405,0.0005627423812255832,0.04557640750670222,4.557640750670222,0.89,0.045576407506702395,report JSON (per_run_accuracies[0]),KIDNEY_STONE/SVM/output/dp_results.csv,KIDNEY_STONE/SVM/output/baseline_results.csv
Kidney Stone,KIDNEY_STONE,4000,23,DP-SVM,SVM,dp,1.4,30,0.8900000000000001,1.1102230246251565e-16,0.838827838827839,1.1102230246251565e-16,0.9828326180257508,2.220446049250313e-16,0.7316293929712461,1.1102230246251565e-16,0.8617079203049252,3.3306690738754696e-16,0.9652690944317974,0.004885243555565486,,0.0019782638999762034,0.0006610869437723317,0.04557640750670222,4.557640750670222,0.89,0.045576407506702395,report JSON (per_run_accuracies[0]),KIDNEY_STONE/SVM/output/dp_results.csv,KIDNEY_STONE/SVM/output/baseline_results.csv
Kidney Stone,KIDNEY_STONE,4000,23,DP-SVM,SVM,dp,1.6,30,0.8900000000000001,1.1102230246251565e-16,0.838827838827839,1.1102230246251565e-16,0.9828326180257508,2.220446049250313e-16,0.7316293929712461,1.1102230246251565e-16,0.8617079203049252,3.3306690738754696e-16,0.9661075065658123,0.00426065816431395,,0.0017777264667226216,0.0005779113990773655,0.04557640750670222,4.557640750670222,0.89,0.045576407506702395,report JSON (per_run_accuracies[0]),KIDNEY_STONE/SVM/output/dp_results.csv,KIDNEY_STONE/SVM/output/baseline_results.csv
Kidney Stone,KIDNEY_STONE,4000,23,DP-SVM,SVM,dp,1.8,30,0.8900000000000001,1.1102230246251565e-16,0.838827838827839,1.1102230246251565e-16,0.9828326180257508,2.220446049250313e-16,0.7316293929712461,1.1102230246251565e-16,0.8617079203049252,3.3306690738754696e-16,0.9666937827607246,0.003763599602178485,,0.0015805555333372467,0.0004959553793448075,0.04557640750670222,4.557640750670222,0.89,0.045576407506702395,report JSON (per_run_accuracies[0]),KIDNEY_STONE/SVM/output/dp_results.csv,KIDNEY_STONE/SVM/output/baseline_results.csv
Kidney Stone,KIDNEY_STONE,4000,23,DP-SVM,SVM,dp,2.0,30,0.8900000000000001,1.1102230246251565e-16,0.838827838827839,1.1102230246251565e-16,0.9828326180257508,2.220446049250313e-16,0.7316293929712461,1.1102230246251565e-16,0.8617079203049252,3.3306690738754696e-16,0.9671158316440444,0.0033917039037422996,,0.0018098154000047847,0.000635451634162161,0.04557640750670222,4.557640750670222,0.89,0.045576407506702395,report JSON (per_run_accuracies[0]),KIDNEY_STONE/SVM/output/dp_results.csv,KIDNEY_STONE/SVM/output/baseline_results.csv
Kidney Stone,KIDNEY_STONE,4000,23,DP-SVM,SVM,dp,4.0,30,0.8900000000000001,1.1102230246251565e-16,0.838827838827839,1.1102230246251565e-16,0.9828326180257508,2.220446049250313e-16,0.7316293929712461,1.1102230246251565e-16,0.8617079203049252,3.3306690738754696e-16,0.9684294314586052,0.0016863263863783145,,0.0017766096999669875,0.0006045718040954007,0.04557640750670222,4.557640750670222,0.89,0.045576407506702395,report JSON (per_run_accuracies[0]),KIDNEY_STONE/SVM/output/dp_results.csv,KIDNEY_STONE/SVM/output/baseline_results.csv
Kidney Stone,KIDNEY_STONE,4000,23,DP-SVM,SVM,dp,6.0,30,0.8900000000000001,1.1102230246251565e-16,0.838827838827839,1.1102230246251565e-16,0.9828326180257508,2.220446049250313e-16,0.7316293929712461,1.1102230246251565e-16,0.8617079203049252,3.3306690738754696e-16,0.9686435173947558,0.0011374424921027145,,0.0017454638666398144,0.0006372664540993007,0.04557640750670222,4.557640750670222,0.89,0.045576407506702395,report JSON (per_run_accuracies[0]),KIDNEY_STONE/SVM/output/dp_results.csv,KIDNEY_STONE/SVM/output/baseline_results.csv
Kidney Stone,KIDNEY_STONE,4000,23,DP-SVM,SVM,dp,8.0,30,0.8900000000000001,1.1102230246251565e-16,0.838827838827839,1.1102230246251565e-16,0.9828326180257508,2.220446049250313e-16,0.7316293929712461,1.1102230246251565e-16,0.8617079203049252,3.3306690738754696e-16,0.9687200547570157,0.0008502225835611847,,0.0017491235667421278,0.000491826374371738,0.04557640750670222,4.557640750670222,0.89,0.045576407506702395,report JSON (per_run_accuracies[0]),KIDNEY_STONE/SVM/output/dp_results.csv,KIDNEY_STONE/SVM/output/baseline_results.csv
Kidney Stone,KIDNEY_STONE,4000,23,DP-SVM,SVM,dp,10.0,30,0.8900000000000001,1.1102230246251565e-16,0.838827838827839,1.1102230246251565e-16,0.9828326180257508,2.220446049250313e-16,0.7316293929712461,1.1102230246251565e-16,0.8617079203049252,3.3306690738754696e-16,0.9687530751618766,0.0006861422921603423,,0.0016770180333272342,0.0005512153665061714,0.04557640750670222,4.557640750670222,0.89,0.045576407506702395,report JSON (per_run_accuracies[0]),KIDNEY_STONE/SVM/output/dp_results.csv,KIDNEY_STONE/SVM/output/baseline_results.csv
Kidney Stone,KIDNEY_STONE,4000,23,DP-DNN,DNN,standard,,,0.9727500000000001,0.003657184709581953,0.9654880880116226,,0.9571491809687857,,0.9741214057507989,,0.9729949944565084,,0.9964705342089207,,0.994,1.209270712506259,,0.0,0.0,,,,KIDNEY_STONE/DNN/output/dp_dnn_results.csv,KIDNEY_STONE/DNN/output/baseline_dnn_results.csv
Kidney Stone,KIDNEY_STONE,4000,23,DP-DNN,DNN,dp,0.1,30,0.6818749999999999,0.07997053493839673,0.26986935579684307,0.27303198174272975,0.7211457625300274,,0.18913738019169332,,0.5938500042642244,0.10266142906745922,0.8841847568189323,0.01916980699259914,,1.9467358514656856,0.08156209777238367,0.2990233873040351,29.90233873040351,0.60875,0.37419686455923934,report JSON (per_run_accuracies[0]),KIDNEY_STONE/DNN/output/dp_dnn_results.csv,KIDNEY_STONE/DNN/output/baseline_dnn_results.csv
Kidney Stone,KIDNEY_STONE,4000,23,DP-DNN,DNN,dp,0.2,30,0.8144583333333332,0.07553812733021355,0.6659648225291855,0.2039856241385669,0.9876092163400739,,0.5334398296059638,,0.7642558490945629,0.09719731490004926,0.8929242301981444,0.017305403832499962,,1.969577866664622,0.0267027161020586,0.1627259487706676,16.27259487706676,0.645,0.33693138010794144,report JSON (per_run_accuracies[0]),KIDNEY_STONE/DNN/output/dp_dnn_results.csv,KIDNEY_STONE/DNN/output/baseline_dnn_results.csv
Kidney Stone,KIDNEY_STONE,4000,23,DP-DNN,DNN,dp,0.4,30,0.8899583333333335,0.00022438186696393286,0.8387568191237917,0.00038245281084822947,0.982830151447881,,0.7315228966986156,,0.8616546721686099,0.00028674998973026556,0.9044726247723016,0.015859509350062098,,1.995359405563795,0.02074000921602963,0.08511093977555029,8.511093977555028,0.89,0.08506810588537661,report JSON (per_run_accuracies[0]),KIDNEY_STONE/DNN/output/dp_dnn_results.csv,KIDNEY_STONE/DNN/output/baseline_dnn_results.csv
Kidney Stone,KIDNEY_STONE,4000,23,DP-DNN,DNN,dp,0.8,30,0.8900000000000001,1.1102230246251565e-16,0.838827838827839,1.1102230246251565e-16,0.9828326180257508,,0.7316293929712461,,0.8617079203049252,3.3306690738754696e-16,0.9165327262827115,0.014762698528869135,,2.049818013833525,0.016571297611311934,0.0850681058853765,8.50681058853765,0.89,0.08506810588537661,report JSON (per_run_accuracies[0]),KIDNEY_STONE/DNN/output/dp_dnn_results.csv,KIDNEY_STONE/DNN/output/baseline_dnn_results.csv
Kidney Stone,KIDNEY_STONE,4000,23,DP-DNN,DNN,dp,1.0,30,0.8900000000000001,1.1102230246251565e-16,0.838827838827839,1.1102230246251565e-16,0.9828326180257508,,0.7316293929712461,,0.8617079203049252,3.3306690738754696e-16,0.9211881660117256,0.014419219419703968,,1.9891507390003729,0.22422268964665776,0.0850681058853765,8.50681058853765,0.89,0.08506810588537661,report JSON (per_run_accuracies[0]),KIDNEY_STONE/DNN/output/dp_dnn_results.csv,KIDNEY_STONE/DNN/output/baseline_dnn_results.csv
Kidney Stone,KIDNEY_STONE,4000,23,DP-DNN,DNN,dp,2.0,30,0.8900000000000001,1.1102230246251565e-16,0.838827838827839,1.1102230246251565e-16,0.9828326180257508,,0.7316293929712461,,0.8617079203049252,3.3306690738754696e-16,0.9372158550426094,0.012957244078910938,,2.0532717792976958,0.09569637746752994,0.0850681058853765,8.50681058853765,0.89,0.08506810588537661,report JSON (per_run_accuracies[0]),KIDNEY_STONE/DNN/output/dp_dnn_results.csv,KIDNEY_STONE/DNN/output/baseline_dnn_results.csv
Kidney Stone,KIDNEY_STONE,4000,23,DP-DNN,DNN,dp,4.0,30,0.8900000000000001,1.1102230246251565e-16,0.838827838827839,1.1102230246251565e-16,0.9828326180257508,,0.7316293929712461,,0.8617079203049252,3.3306690738754696e-16,0.953307507440525,0.009833999187995308,,2.3083507139022306,0.3312281309746972,0.0850681058853765,8.50681058853765,0.89,0.08506810588537661,report JSON (per_run_accuracies[0]),KIDNEY_STONE/DNN/output/dp_dnn_results.csv,KIDNEY_STONE/DNN/output/baseline_dnn_results.csv
Kidney Stone,KIDNEY_STONE,4000,23,DP-DNN,DNN,dp,8.0,30,0.8900000000000001,1.1102230246251565e-16,0.838827838827839,1.1102230246251565e-16,0.9828326180257508,,0.7316293929712461,,0.8617079203049252,3.3306690738754696e-16,0.9647763031579315,0.0066137606418912726,,3.526250612467993,0.2494284225019421,0.0850681058853765,8.50681058853765,0.89,0.08506810588537661,report JSON (per_run_accuracies[0]),KIDNEY_STONE/DNN/output/dp_dnn_results.csv,KIDNEY_STONE/DNN/output/baseline_dnn_results.csv
Kidney Stone,KIDNEY_STONE,4000,23,DP-DNN,DNN,dp,10.0,30,0.8900000000000001,1.1102230246251565e-16,0.838827838827839,1.1102230246251565e-16,0.9828326180257508,,0.7316293929712461,,0.8617079203049252,3.3306690738754696e-16,0.9672880407091294,0.005803368122484533,,4.263703776399295,0.29684319193672404,0.0850681058853765,8.50681058853765,0.89,0.08506810588537661,report JSON (per_run_accuracies[0]),KIDNEY_STONE/DNN/output/dp_dnn_results.csv,KIDNEY_STONE/DNN/output/baseline_dnn_results.csv
Lung Cancer,LUNG_CANCER,50000,23,DP-RF,RandomForest,standard,,,1.0,,1.0,,1.0,,1.0,,1.0,,1.0,,1.0,0.09543600000324659,,0.0,0.0,,,,LUNG_CANCER/RandomForest/output/dp_results.csv,LUNG_CANCER/RandomForest/output/baseline_results.csv
Lung Cancer,LUNG_CANCER,50000,23,DP-RF,RandomForest,dp,0.1,30,0.8815533333333332,0.04436744101503063,0.8751568478063664,0.0502501687582784,0.898905895080634,0.032081249126687944,0.8815533333333332,0.04436744101503063,0.8787932715906815,0.04502764836842955,0.9850499476964266,0.006795704901047216,,0.047458788900985385,0.006208339369580612,0.11844666666666681,11.844666666666681,0.8697,0.13029999999999997,report JSON (per_run_accuracies[0]),LUNG_CANCER/RandomForest/output/dp_results.csv,LUNG_CANCER/RandomForest/output/baseline_results.csv
Lung Cancer,LUNG_CANCER,50000,23,DP-RF,RandomForest,dp,0.2,30,0.8871066666666667,0.043170645376484955,0.8812704762902593,0.048693094305713266,0.9042677516657301,0.03110994767014699,0.8871066666666667,0.043170645376484955,0.8844138242302001,0.043848772516439524,0.9861465445787115,0.00760174732205601,,0.05069215006515151,0.010049460911995925,0.11289333333333329,11.289333333333328,0.8991,0.10089999999999999,report JSON (per_run_accuracies[0]),LUNG_CANCER/RandomForest/output/dp_results.csv,LUNG_CANCER/RandomForest/output/baseline_results.csv
Lung Cancer,LUNG_CANCER,50000,23,DP-RF,RandomForest,dp,0.4,30,0.8890166666666666,0.04291746407026191,0.8833996399460428,0.048164207157024116,0.9057865602854697,0.03114740957010618,0.8890166666666666,0.04291746407026191,0.8864592374868218,0.04359892977193477,0.9863628890655298,0.007133975798812331,,0.04427225279844909,0.003022554899372018,0.11098333333333343,11.098333333333343,0.8799,0.12009999999999998,report JSON (per_run_accuracies[0]),LUNG_CANCER/RandomForest/output/dp_results.csv,LUNG_CANCER/RandomForest/output/baseline_results.csv
Lung Cancer,LUNG_CANCER,50000,23,DP-RF,RandomForest,dp,0.6,30,0.8880200000000001,0.042462637694801755,0.8822810547600369,0.047761271162941446,0.9050035472492333,0.030602436138355383,0.8880200000000001,0.042462637694801755,0.8854793823663776,0.043158163606519376,0.9863845340189575,0.007113536335497931,,0.0458729152334854,0.002040284166135444,0.11197999999999986,11.197999999999986,0.8799,0.12009999999999998,report JSON (per_run_accuracies[0]),LUNG_CANCER/RandomForest/output/dp_results.csv,LUNG_CANCER/RandomForest/output/baseline_results.csv
Lung Cancer,LUNG_CANCER,50000,23,DP-RF,RandomForest,dp,0.8,30,0.8872933333333335,0.041137160275784165,0.8816678565534861,0.04629761993775649,0.9042077628394186,0.02949210805449334,0.8872933333333335,0.041137160275784165,0.8846844035686601,0.041789259245176125,0.9862910028950984,0.007079654733551573,,0.04548863620002521,0.0023327707162763473,0.11270666666666651,11.270666666666651,0.8799,0.12009999999999998,report JSON (per_run_accuracies[0]),LUNG_CANCER/RandomForest/output/dp_results.csv,LUNG_CANCER/RandomForest/output/baseline_results.csv
Lung Cancer,LUNG_CANCER,50000,23,DP-RF,RandomForest,dp,1.0,30,0.8865566666666669,0.040485756205801006,0.8808735510598583,0.045619689682371366,0.9038538783529788,0.028800568247379796,0.8865566666666669,0.040485756205801006,0.8839677942071233,0.04112933694557215,0.9863684393989097,0.006401050390385211,,0.046206129165754346,0.0011690248147381947,0.11344333333333312,11.344333333333312,0.8799,0.12009999999999998,report JSON (per_run_accuracies[0]),LUNG_CANCER/RandomForest/output/dp_results.csv,LUNG_CANCER/RandomForest/output/baseline_results.csv
Lung Cancer,LUNG_CANCER,50000,23,DP-RF,RandomForest,dp,1.2,30,0.8872066666666668,0.04141696861056937,0.8815406732731933,0.046543389441041826,0.9044275089222485,0.029649825320757744,0.8872066666666668,0.04141696861056937,0.8846261553941993,0.04206510932825971,0.9863898627924895,0.006424589686228865,,0.04561754029806859,0.0021933432537275597,0.11279333333333319,11.27933333333332,0.8799,0.12009999999999998,report JSON (per_run_accuracies[0]),LUNG_CANCER/RandomForest/output/dp_results.csv,LUNG_CANCER/RandomForest/output/baseline_results.csv
Lung Cancer,LUNG_CANCER,50000,23,DP-RF,RandomForest,dp,1.4,30,0.8875066666666668,0.04086454806906456,0.8819467639630579,0.0457422813876118,0.9046341967797707,0.029289814475759113,0.8875066666666668,0.04086454806906456,0.884930014403619,0.04150903129749294,0.9863701031462987,0.00643149600515543,,0.04632561666755161,0.00235391666797146,0.11249333333333322,11.249333333333322,0.8799,0.12009999999999998,report JSON (per_run_accuracies[0]),LUNG_CANCER/RandomForest/output/dp_results.csv,LUNG_CANCER/RandomForest/output/baseline_results.csv
Lung Cancer,LUNG_CANCER,50000,23,DP-RF,RandomForest,dp,1.6,30,0.8865600000000001,0.0411013187136374,0.8808619438963922,0.045967011173356595,0.9038469582279063,0.0296522649373772,0.8865600000000001,0.0411013187136374,0.8839711704183393,0.04176263207477468,0.9863871262911322,0.006366738370316428,,0.04621592763238975,0.002018137034223021,0.11343999999999987,11.343999999999987,0.8799,0.12009999999999998,report JSON (per_run_accuracies[0]),LUNG_CANCER/RandomForest/output/dp_results.csv,LUNG_CANCER/RandomForest/output/baseline_results.csv
Lung Cancer,LUNG_CANCER,50000,23,DP-RF,RandomForest,dp,1.8,30,0.8859233333333335,0.0419959179233199,0.8800581809367277,0.047167921430947744,0.9034627023453656,0.03015890920532987,0.8859233333333335,0.0419959179233199,0.8833263140761265,0.04266201382559112,0.9864299661250887,0.006377837160871942,,0.04734699299927646,0.002696128957836494,0.11407666666666649,11.40766666666665,0.8799,0.12009999999999998,report JSON (per_run_accuracies[0]),LUNG_CANCER/RandomForest/output/dp_results.csv,LUNG_CANCER/RandomForest/output/baseline_results.csv
Lung Cancer,LUNG_CANCER,50000,23,DP-RF,RandomForest,dp,2.0,30,0.8862066666666668,0.041568601398437995,0.8804061348693993,0.04663537132906106,0.903597848451211,0.029998944308572372,0.8862066666666668,0.041568601398437995,0.8836132920294673,0.04223224812126835,0.9864177020894286,0.0063974040425836595,,0.045971236035014344,0.001465615275227999,0.11379333333333319,11.379333333333319,0.8799,0.12009999999999998,report JSON (per_run_accuracies[0]),LUNG_CANCER/RandomForest/output/dp_results.csv,LUNG_CANCER/RandomForest/output/baseline_results.csv
Lung Cancer,LUNG_CANCER,50000,23,DP-RF,RandomForest,dp,4.0,30,0.8865733333333334,0.04111361439826093,0.8808834605329147,0.04593720614966148,0.9038685001859011,0.02973530001017307,0.8865733333333334,0.04111361439826093,0.8839846752632023,0.041775637980141604,0.9864065997857084,0.006399287414406362,,0.045450936167132264,0.0032505303966907373,0.11342666666666656,11.342666666666656,0.8799,0.12009999999999998,report JSON (per_run_accuracies[0]),LUNG_CANCER/RandomForest/output/dp_results.csv,LUNG_CANCER/RandomForest/output/baseline_results.csv
Lung Cancer,LUNG_CANCER,50000,23,DP-RF,RandomForest,dp,6.0,30,0.8869100000000002,0.0407484834073613,0.8812811328027145,0.045505752985419125,0.9040460682109196,0.029574219329369423,0.8869100000000002,0.0407484834073613,0.8843256725959955,0.04140912919590786,0.9863850175704857,0.006381937264376472,,0.04574581530080953,0.002786283763981106,0.1130899999999998,11.30899999999998,0.8799,0.12009999999999998,report JSON (per_run_accuracies[0]),LUNG_CANCER/RandomForest/output/dp_results.csv,LUNG_CANCER/RandomForest/output/baseline_results.csv
Lung Cancer,LUNG_CANCER,50000,23,DP-RF,RandomForest,dp,8.0,30,0.8869100000000002,0.0407484834073613,0.8812811328027145,0.045505752985419125,0.9040460682109196,0.029574219329369423,0.8869100000000002,0.0407484834073613,0.8843256725959955,0.04140912919590786,0.9863850175704857,0.006381937264376472,,0.05213907226716401,0.009509594053914982,0.1130899999999998,11.30899999999998,0.8799,0.12009999999999998,report JSON (per_run_accuracies[0]),LUNG_CANCER/RandomForest/output/dp_results.csv,LUNG_CANCER/RandomForest/output/baseline_results.csv
Lung Cancer,LUNG_CANCER,50000,23,DP-RF,RandomForest,dp,10.0,30,0.8869100000000002,0.0407484834073613,0.8812811328027145,0.045505752985419125,0.9040460682109196,0.029574219329369423,0.8869100000000002,0.0407484834073613,0.8843256725959955,0.04140912919590786,0.9863850175704857,0.006381937264376472,,0.047353917933166186,0.0012929305344595474,0.1130899999999998,11.30899999999998,0.8799,0.12009999999999998,report JSON (per_run_accuracies[0]),LUNG_CANCER/RandomForest/output/dp_results.csv,LUNG_CANCER/RandomForest/output/baseline_results.csv
Lung Cancer,LUNG_CANCER,50000,23,DP-LR,LR,standard,,,1.0,,1.0,,1.0,,1.0,,1.0,,1.0,,1.0,0.06432241600123234,,0.0,0.0,,,,LUNG_CANCER/LR/output/dp_results.csv,LUNG_CANCER/LR/output/baseline_results.csv
Lung Cancer,LUNG_CANCER,50000,23,DP-LR,LR,dp,0.1,30,0.8216999999999999,0.05220650661874757,0.8193846574807239,0.05364095350676176,0.8220278575274342,0.05476932025394085,0.8216999999999999,0.05220650661874757,0.8165290391585012,0.05329873795298442,0.9158637057691909,0.02477104640775953,,0.04054657640032625,0.004715904530603433,0.17830000000000013,17.830000000000013,0.8341,0.16590000000000005,report JSON (per_run_accuracies[0]),LUNG_CANCER/LR/output/dp_results.csv,LUNG_CANCER/LR/output/baseline_results.csv
Lung Cancer,LUNG_CANCER,50000,23,DP-LR,LR,dp,0.2,30,0.9064666666666668,0.023731207769985545,0.9056144794972265,0.02396853581989268,0.9072448695369816,0.0234099568171954,0.9064666666666668,0.023731207769985545,0.9036597853186522,0.024220813697654848,0.9594712810099311,0.011396257369120349,,0.046808026433670116,0.003800346418222364,0.09353333333333325,9.353333333333325,0.8781,0.12190000000000001,report JSON (per_run_accuracies[0]),LUNG_CANCER/LR/output/dp_results.csv,LUNG_CANCER/LR/output/baseline_results.csv
Lung Cancer,LUNG_CANCER,50000,23,DP-LR,LR,dp,0.4,30,0.9526166666666668,0.01632446187644651,0.952295266740555,0.01645869898405224,0.9533514314796158,0.016337594172773372,0.9526166666666668,0.01632446187644651,0.9510153077839891,0.016660548802705247,0.9787423557147019,0.008043075494506882,,0.0512282681670816,0.0032097142110415586,0.04738333333333322,4.738333333333323,0.944,0.05600000000000005,report JSON (per_run_accuracies[0]),LUNG_CANCER/LR/output/dp_results.csv,LUNG_CANCER/LR/output/baseline_results.csv
Lung Cancer,LUNG_CANCER,50000,23,DP-LR,LR,dp,0.6,30,0.9660633333333332,0.011862784477328895,0.9658641964697424,0.011958646556578545,0.966830993194035,0.011740790898794684,0.9660633333333332,0.011862784477328895,0.9649038881681967,0.012644465032266865,0.9854622413574,0.005635454086729957,,0.05356572779952937,0.003907665434659491,0.03393666666666684,3.3936666666666837,0.9537,0.04630000000000001,report JSON (per_run_accuracies[0]),LUNG_CANCER/LR/output/dp_results.csv,LUNG_CANCER/LR/output/baseline_results.csv
Lung Cancer,LUNG_CANCER,50000,23,DP-LR,LR,dp,0.8,30,0.9723833333333333,0.009859346947045853,0.9722129246526012,0.009962203137574425,0.9731299349728864,0.009661250782071428,0.9723833333333333,0.009859346947045853,0.9716184218596191,0.010307100965909264,0.9891660221005022,0.004868625726703848,,0.0561632875003852,0.0038363550570246173,0.027616666666666734,2.7616666666666734,0.9786,0.021399999999999975,report JSON (per_run_accuracies[0]),LUNG_CANCER/LR/output/dp_results.csv,LUNG_CANCER/LR/output/baseline_results.csv
Lung Cancer,LUNG_CANCER,50000,23,DP-LR,LR,dp,1.0,30,0.9768066666666666,0.008622294100502238,0.9766759940078569,0.008713465653829114,0.9773948521688073,0.008501989931121695,0.9768066666666666,0.008622294100502238,0.9761993321484574,0.008993246208879481,0.9916036675686081,0.004073214980207928,,0.05765497083387648,0.004309612479543866,0.0231933333333334,2.31933333333334,0.9794,0.02059999999999995,report JSON (per_run_accuracies[0]),LUNG_CANCER/LR/output/dp_results.csv,LUNG_CANCER/LR/output/baseline_results.csv
Lung Cancer,LUNG_CANCER,50000,23,DP-LR,LR,dp,1.2,30,0.97946,0.007357064632039066,0.9793560762305763,0.007439758087198626,0.9800057544891275,0.00714961249706347,0.97946,0.007357064632039066,0.9789759916888949,0.007596612572956295,0.9931808199743908,0.0035343052899558564,,0.05845394716549587,0.004395704187710257,0.020540000000000003,2.0540000000000003,0.9794,0.02059999999999995,report JSON (per_run_accuracies[0]),LUNG_CANCER/LR/output/dp_results.csv,LUNG_CANCER/LR/output/baseline_results.csv
Lung Cancer,LUNG_CANCER,50000,23,DP-LR,LR,dp,1.4,30,0.9830633333333332,0.005392493754181718,0.9830060904041104,0.005438721216788836,0.9835363904646902,0.005230507780714022,0.9830633333333332,0.005392493754181718,0.982710082410382,0.005549968547504604,0.99460212761559,0.003072989743213481,,0.06012336110143224,0.0027855590532626516,0.016936666666666822,1.6936666666666822,0.9894,0.010600000000000054,report JSON (per_run_accuracies[0]),LUNG_CANCER/LR/output/dp_results.csv,LUNG_CANCER/LR/output/baseline_results.csv
Lung Cancer,LUNG_CANCER,50000,23,DP-LR,LR,dp,1.6,30,0.9845466666666666,0.006079404210574877,0.9844973191969723,0.006128145521222827,0.984952144319212,0.005930048904696068,0.9845466666666666,0.006079404210574877,0.9842188807000972,0.006258959253869891,0.9956588609790308,0.0024697253424184867,,0.060731444400638185,0.0042702812390734545,0.01545333333333343,1.545333333333343,0.9894,0.010600000000000054,report JSON (per_run_accuracies[0]),LUNG_CANCER/LR/output/dp_results.csv,LUNG_CANCER/LR/output/baseline_results.csv
Lung Cancer,LUNG_CANCER,50000,23,DP-LR,LR,dp,1.8,30,0.9859099999999998,0.0051986761135248,0.9858747541759526,0.005236632012422562,0.9862565573433183,0.005049147187468441,0.9859099999999998,0.0051986761135248,0.985597655893091,0.0053539573576219185,0.9965545456599123,0.002004258370379809,,0.061278358367659776,0.0035048987690235525,0.014090000000000158,1.4090000000000158,0.9894,0.010600000000000054,report JSON (per_run_accuracies[0]),LUNG_CANCER/LR/output/dp_results.csv,LUNG_CANCER/LR/output/baseline_results.csv
Lung Cancer,LUNG_CANCER,50000,23,DP-LR,LR,dp,2.0,30,0.9383066666666665,0.01930386720035364,0.9377769448692008,0.019684449326039147,0.9390593862815956,0.019339966512801097,0.9383066666666665,0.01930386720035364,0.9364259819530872,0.01960120928870578,0.9727879128444193,0.010005565865299472,,0.10551714016716383,0.011286959773292362,0.06169333333333349,6.169333333333348,0.9267,0.07330000000000003,report JSON (per_run_accuracies[0]),LUNG_CANCER/LR/output/dp_results.csv,LUNG_CANCER/LR/output/baseline_results.csv
Lung Cancer,LUNG_CANCER,50000,23,DP-LR,LR,dp,4.0,30,0.9938433333333332,0.004402929580278211,0.9938417456377232,0.004404447229606302,0.9939833020957506,0.004295057750152911,0.9938433333333332,0.004402929580278211,0.9937150504761448,0.004458818398709414,0.9997556010525194,0.0003342325032512265,,0.06335166803231308,0.004329420773633098,0.00615666666666681,0.615666666666681,1.0,0.0,report JSON (per_run_accuracies[0]),LUNG_CANCER/LR/output/dp_results.csv,LUNG_CANCER/LR/output/baseline_results.csv
Lung Cancer,LUNG_CANCER,50000,23,DP-LR,LR,dp,6.0,30,0.9967533333333333,0.004292220352632836,0.9967532559938459,0.004292380895905918,0.9968362724615655,0.004177210056396515,0.9967533333333333,0.004292220352632836,0.9966936114679142,0.004348058482058884,0.999956629394282,8.184686038816981e-05,,0.056571217931923455,0.0030369864440751597,0.003246666666666731,0.3246666666666731,1.0,0.0,report JSON (per_run_accuracies[0]),LUNG_CANCER/LR/output/dp_results.csv,LUNG_CANCER/LR/output/baseline_results.csv
Lung Cancer,LUNG_CANCER,50000,23,DP-LR,LR,dp,8.0,30,0.9981133333333332,0.0036787437469271433,0.9981132774401218,0.0036787995355551375,0.9981602380442215,0.0035861792310280314,0.9981133333333332,0.0036787437469271433,0.9980812823017724,0.003734447524459501,0.9999876354882141,1.568680018112161e-05,,0.05416045563033549,0.0029808546065200605,0.0018866666666668142,0.18866666666668142,1.0,0.0,report JSON (per_run_accuracies[0]),LUNG_CANCER/LR/output/dp_results.csv,LUNG_CANCER/LR/output/baseline_results.csv
Lung Cancer,LUNG_CANCER,50000,23,DP-LR,LR,dp,10.0,30,0.9987566666666666,0.003176547741740324,0.9987571553839875,0.0031753024837124647,0.9987891000296936,0.0030947671041890133,0.9987566666666666,0.003176547741740324,0.9987367821414666,0.0032285516306636178,0.9999880431094819,1.4047883296451867e-05,,0.05247795133376106,0.0034277195653982136,0.001243333333333374,0.1243333333333374,1.0,0.0,report JSON (per_run_accuracies[0]),LUNG_CANCER/LR/output/dp_results.csv,LUNG_CANCER/LR/output/baseline_results.csv
Lung Cancer,LUNG_CANCER,50000,23,DP-GNB,GaussianNB,standard,,,0.8931,,0.8935214458429916,,0.8988190566780894,,0.8931,,0.8912403843359878,,0.9840823145835941,,0.890625,0.004322791006416082,,0.0,0.0,,,,LUNG_CANCER/GaussianNB/output/dp_results.csv,LUNG_CANCER/GaussianNB/output/baseline_results.csv
Lung Cancer,LUNG_CANCER,50000,23,DP-GNB,GaussianNB,dp,0.1,30,0.7865,0.09919410936811385,0.7773670259337653,0.10459244645374655,0.8126093947112261,0.08235752887764586,0.7865,0.09919410936811385,0.7854379369082148,0.09474612405883143,0.9336971174074578,0.04772139820023662,,0.010430116635203983,0.00028631419703301775,0.11935953420669576,11.935953420669577,0.6151,0.31127533310939426,report JSON (per_run_accuracies[0]),LUNG_CANCER/GaussianNB/output/dp_results.csv,LUNG_CANCER/GaussianNB/output/baseline_results.csv
Lung Cancer,LUNG_CANCER,50000,23,DP-GNB,GaussianNB,dp,0.2,30,0.8210733333333333,0.07900024022466992,0.8139328981383411,0.08884533835352437,0.849148127130011,0.048475982047106674,0.8210733333333333,0.07900024022466992,0.8157907280363558,0.08027937030383836,0.9469613816938696,0.03215135177848027,,0.01079538193201491,0.0028736546155605,0.08064793042958984,8.064793042958984,0.8721,0.023513604299630522,report JSON (per_run_accuracies[0]),LUNG_CANCER/GaussianNB/output/dp_results.csv,LUNG_CANCER/GaussianNB/output/baseline_results.csv
Lung Cancer,LUNG_CANCER,50000,23,DP-GNB,GaussianNB,dp,0.4,30,0.8728300000000002,0.06703777119405646,0.8695143692483143,0.0767994089371974,0.8906923075018155,0.040337769581082004,0.8728300000000002,0.06703777119405646,0.8687713400029212,0.07297147176605363,0.9666577261666138,0.026019097332543952,,0.009919122233016726,0.0001016520442809307,0.022696226626357396,2.2696226626357396,0.6782,0.24062255066621877,report JSON (per_run_accuracies[0]),LUNG_CANCER/GaussianNB/output/dp_results.csv,LUNG_CANCER/GaussianNB/output/baseline_results.csv
Lung Cancer,LUNG_CANCER,50000,23,DP-GNB,GaussianNB,dp,0.6,30,0.8839966666666668,0.03502331112590902,0.8834861664427116,0.03724061843782439,0.8933173388670331,0.02542198719807053,0.8839966666666668,0.03502331112590902,0.8816318540336859,0.03737095255989342,0.9755860613415699,0.0073315237460523834,,0.009967309599354242,0.000282314283448214,0.010192960847982602,1.0192960847982602,0.9043,-0.01254058895980292,report JSON (per_run_accuracies[0]),LUNG_CANCER/GaussianNB/output/dp_results.csv,LUNG_CANCER/GaussianNB/output/baseline_results.csv
Lung Cancer,LUNG_CANCER,50000,23,DP-GNB,GaussianNB,dp,0.8,30,0.8880333333333333,0.024728570970078762,0.8881242929758936,0.025063311546714186,0.896426911941585,0.019998058731976097,0.8880333333333333,0.024728570970078762,0.8863490822994342,0.024684432254521625,0.9766333133371093,0.01328198952186995,,0.009815373604457516,0.00012393640575337692,0.00567312357705374,0.567312357705374,0.8531,0.044787817713581944,report JSON (per_run_accuracies[0]),LUNG_CANCER/GaussianNB/output/dp_results.csv,LUNG_CANCER/GaussianNB/output/baseline_results.csv
Lung Cancer,LUNG_CANCER,50000,23,DP-GNB,GaussianNB,dp,1.0,30,0.8863233333333335,0.04550113319712182,0.885963989756267,0.04817048409701576,0.8984356046782889,0.022622709001618824,0.8863233333333335,0.04550113319712182,0.8840069050155297,0.048072312444565286,0.9779585374697665,0.013006349387465675,,0.010040259732825992,0.0005028314342168342,0.00758780278430915,0.758780278430915,0.9147,-0.024185421565334177,report JSON (per_run_accuracies[0]),LUNG_CANCER/GaussianNB/output/dp_results.csv,LUNG_CANCER/GaussianNB/output/baseline_results.csv
Lung Cancer,LUNG_CANCER,50000,23,DP-GNB,GaussianNB,dp,1.2,30,0.8987800000000001,0.015687604448523455,0.8992019367633654,0.015414762427364927,0.9060165384144075,0.012241527268554353,0.8987800000000001,0.015687604448523455,0.8974435874540493,0.01509665961277186,0.9823411360205725,0.0034445511721382716,,0.010327318031340838,0.0018500658354522507,-0.006359870115328681,-0.6359870115328681,0.8952,-0.00235136042996304,report JSON (per_run_accuracies[0]),LUNG_CANCER/GaussianNB/output/dp_results.csv,LUNG_CANCER/GaussianNB/output/baseline_results.csv
Lung Cancer,LUNG_CANCER,50000,23,DP-GNB,GaussianNB,dp,1.4,30,0.8987833333333335,0.008488780176732613,0.8989586869673499,0.009073481609847531,0.9037510829282179,0.00848044770751631,0.8987833333333335,0.008488780176732613,0.8970924916277796,0.00906249228773365,0.9826448803880357,0.0034479082632317345,,0.010537243099922005,0.0016960338810175714,-0.006363602433471671,-0.6363602433471671,0.8715,0.024185421565334177,report JSON (per_run_accuracies[0]),LUNG_CANCER/GaussianNB/output/dp_results.csv,LUNG_CANCER/GaussianNB/output/baseline_results.csv
Lung Cancer,LUNG_CANCER,50000,23,DP-GNB,GaussianNB,dp,1.6,30,0.8940699999999999,0.016377507950438193,0.8943488306327925,0.016494323715117314,0.9013016886285835,0.010855946826282442,0.8940699999999999,0.016377507950438193,0.8926427739799827,0.01544771860047751,0.9812399921727241,0.009547375067981487,,0.00980067350222574,7.795129402655977e-05,-0.00108610457955427,-0.10861045795542701,0.9147,-0.024185421565334177,report JSON (per_run_accuracies[0]),LUNG_CANCER/GaussianNB/output/dp_results.csv,LUNG_CANCER/GaussianNB/output/baseline_results.csv
Lung Cancer,LUNG_CANCER,50000,23,DP-GNB,GaussianNB,dp,1.8,30,0.8980933333333334,0.006316007881213836,0.8984809140415189,0.006244792259612956,0.9033974710438178,0.005789639747038383,0.8980933333333334,0.006316007881213836,0.8962655224057207,0.006572623052019081,0.9831185111155594,0.001999831839546805,,0.009793493167186777,7.376589905807069e-05,-0.005591012577912169,-0.5591012577912169,0.8931,0.0,report JSON (per_run_accuracies[0]),LUNG_CANCER/GaussianNB/output/dp_results.csv,LUNG_CANCER/GaussianNB/output/baseline_results.csv
Lung Cancer,LUNG_CANCER,50000,23,DP-GNB,GaussianNB,dp,2.0,30,0.8937033333333334,0.005354778758786909,0.8940907718500202,0.005294908894985361,0.8992782059952845,0.004790286928430701,0.8937033333333334,0.005354778758786909,0.8917694671446582,0.0058711293983278205,0.983972014262852,0.0014541988482558524,,0.009761436099264149,0.00012571374675699934,-0.0006755495838466352,-0.06755495838466352,0.8931,0.0,report JSON (per_run_accuracies[0]),LUNG_CANCER/GaussianNB/output/dp_results.csv,LUNG_CANCER/GaussianNB/output/baseline_results.csv
Lung Cancer,LUNG_CANCER,50000,23,DP-GNB,GaussianNB,dp,4.0,30,0.8941733333333334,0.0042597287341905685,0.8945965131353186,0.0042604274816241995,0.8997873114581049,0.0038665656337635774,0.8941733333333334,0.0042597287341905685,0.8923604488286581,0.004473879018659941,0.9841307952407378,0.0009130437675138863,,0.00969184996599021,0.000723924872295412,-0.0012018064419812013,-0.12018064419812013,0.8931,0.0,report JSON (per_run_accuracies[0]),LUNG_CANCER/GaussianNB/output/dp_results.csv,LUNG_CANCER/GaussianNB/output/baseline_results.csv
Lung Cancer,LUNG_CANCER,50000,23,DP-GNB,GaussianNB,dp,6.0,30,0.8931000000000001,1.1102230246251565e-16,0.8935214458429919,2.220446049250313e-16,0.8988190566780894,0.0,0.8931000000000001,1.1102230246251565e-16,0.8912403843359876,2.220446049250313e-16,0.983891084902985,0.000869682356217827,,0.009489213765482419,0.00011334759643747665,-2.220446049250313e-16,-2.220446049250313e-14,0.8931,0.0,report JSON (per_run_accuracies[0]),LUNG_CANCER/GaussianNB/output/dp_results.csv,LUNG_CANCER/GaussianNB/output/baseline_results.csv
Lung Cancer,LUNG_CANCER,50000,23,DP-GNB,GaussianNB,dp,8.0,30,0.8934533333333334,0.0019027582318541809,0.8938777583184022,0.0019188014029232997,0.8991287761490355,0.0016678903950237021,0.8934533333333334,0.0019027582318541809,0.8915982627248595,0.0019272341049875398,0.9838285570547645,0.00048624013298278123,,0.009768664063691783,0.00010464068796503687,-0.00039562572313678324,-0.039562572313678324,0.8931,0.0,report JSON (per_run_accuracies[0]),LUNG_CANCER/GaussianNB/output/dp_results.csv,LUNG_CANCER/GaussianNB/output/baseline_results.csv
Lung Cancer,LUNG_CANCER,50000,23,DP-GNB,GaussianNB,dp,10.0,30,0.8931000000000001,1.1102230246251565e-16,0.8935214458429919,2.220446049250313e-16,0.8988190566780894,0.0,0.8931000000000001,1.1102230246251565e-16,0.8912403843359876,2.220446049250313e-16,0.9839376100749394,0.0004853274689650557,,0.00984267506961866,8.656180735074004e-05,-2.220446049250313e-16,-2.220446049250313e-14,0.8931,0.0,report JSON (per_run_accuracies[0]),LUNG_CANCER/GaussianNB/output/dp_results.csv,LUNG_CANCER/GaussianNB/output/baseline_results.csv
Lung Cancer,LUNG_CANCER,50000,23,DP-SVM,SVM,standard,,,1.0,,1.0,,1.0,,1.0,,1.0,,1.0,,1.0,0.43380116601474583,,0.0,0.0,,,,LUNG_CANCER/SVM/output/dp_results.csv,LUNG_CANCER/SVM/output/baseline_results.csv
Lung Cancer,LUNG_CANCER,50000,23,DP-SVM,SVM,dp,0.1,30,0.9318899999999999,0.01742307569479816,0.9303156168254575,0.01816531516209494,0.9368054386829087,0.01603543581758088,0.9318899999999999,0.01742307569479816,0.9306167148145584,0.01771528289654043,0.9775609715872904,0.003833544454034704,,0.06685589306657676,0.006350988805489254,0.06811000000000011,6.8110000000000115,0.9229,0.07709999999999995,report JSON (per_run_accuracies[0]),LUNG_CANCER/SVM/output/dp_results.csv,LUNG_CANCER/SVM/output/baseline_results.csv
Lung Cancer,LUNG_CANCER,50000,23,DP-SVM,SVM,dp,0.2,30,0.9382600000000001,0.007792244007130844,0.9367460172106454,0.008108849543273679,0.9434942567904554,0.007115565851772133,0.9382600000000001,0.007792244007130844,0.9372727586762736,0.008010968440707552,0.9792890262632957,0.0018590864642543,,0.060504830599908625,0.008753276058676344,0.061739999999999906,6.173999999999991,0.9325,0.0675,report JSON (per_run_accuracies[0]),LUNG_CANCER/SVM/output/dp_results.csv,LUNG_CANCER/SVM/output/baseline_results.csv
Lung Cancer,LUNG_CANCER,50000,23,DP-SVM,SVM,dp,0.4,30,0.9388733333333332,0.002000655448152481,0.9372058883992237,0.002136220439172381,0.9440468077920054,0.001839645350683175,0.9388733333333332,0.002000655448152481,0.938034359555237,0.0020482221690852616,0.9794914406559253,0.0008269574278975204,,0.0550121845999153,0.005235667201510358,0.061126666666666774,6.112666666666677,0.9387,0.06130000000000002,report JSON (per_run_accuracies[0]),LUNG_CANCER/SVM/output/dp_results.csv,LUNG_CANCER/SVM/output/baseline_results.csv
Lung Cancer,LUNG_CANCER,50000,23,DP-SVM,SVM,dp,0.6,30,0.9392133333333331,0.0005487764167268396,0.9375538288850961,0.0005457103884029841,0.9442729216123162,0.0007003846970704724,0.9392133333333331,0.0005487764167268396,0.9383787330992458,0.0006051123792335505,0.9794552467764976,0.0006045377104966271,,0.055114880500059374,0.0029506931317250713,0.06078666666666688,6.078666666666688,0.9387,0.06130000000000002,report JSON (per_run_accuracies[0]),LUNG_CANCER/SVM/output/dp_results.csv,LUNG_CANCER/SVM/output/baseline_results.csv
Lung Cancer,LUNG_CANCER,50000,23,DP-SVM,SVM,dp,0.8,30,0.9392133333333331,0.0005487764167268396,0.9375538288850961,0.0005457103884029841,0.9442729216123162,0.0007003846970704724,0.9392133333333331,0.0005487764167268396,0.9383787330992458,0.0006051123792335505,0.9793883651898909,0.00047955568130154106,,0.053996131833294686,0.0021931383816743287,0.06078666666666688,6.078666666666688,0.9387,0.06130000000000002,report JSON (per_run_accuracies[0]),LUNG_CANCER/SVM/output/dp_results.csv,LUNG_CANCER/SVM/output/baseline_results.csv
Lung Cancer,LUNG_CANCER,50000,23,DP-SVM,SVM,dp,1.0,30,0.9392133333333331,0.0005487764167268396,0.9375538288850961,0.0005457103884029841,0.9442729216123162,0.0007003846970704724,0.9392133333333331,0.0005487764167268396,0.9383787330992458,0.0006051123792335505,0.9793848289226891,0.0003872651395030206,,0.054883386166632894,0.0017975661191011734,0.06078666666666688,6.078666666666688,0.9387,0.06130000000000002,report JSON (per_run_accuracies[0]),LUNG_CANCER/SVM/output/dp_results.csv,LUNG_CANCER/SVM/output/baseline_results.csv
Lung Cancer,LUNG_CANCER,50000,23,DP-SVM,SVM,dp,1.2,30,0.9392133333333331,0.0005487764167268396,0.9375538288850961,0.0005457103884029841,0.9442729216123162,0.0007003846970704724,0.9392133333333331,0.0005487764167268396,0.9383787330992458,0.0006051123792335505,0.9793577278578802,0.000320853219985485,,0.054617126266687896,0.0015274526322929546,0.06078666666666688,6.078666666666688,0.9387,0.06130000000000002,report JSON (per_run_accuracies[0]),LUNG_CANCER/SVM/output/dp_results.csv,LUNG_CANCER/SVM/output/baseline_results.csv
Lung Cancer,LUNG_CANCER,50000,23,DP-SVM,SVM,dp,1.4,30,0.9392133333333331,0.0005487764167268396,0.9375538288850961,0.0005457103884029841,0.9442729216123162,0.0007003846970704724,0.9392133333333331,0.0005487764167268396,0.9383787330992458,0.0006051123792335505,0.9793748398062614,0.00029916529168794235,,0.05526719859996471,0.0017175648274174071,0.06078666666666688,6.078666666666688,0.9387,0.06130000000000002,report JSON (per_run_accuracies[0]),LUNG_CANCER/SVM/output/dp_results.csv,LUNG_CANCER/SVM/output/baseline_results.csv
Lung Cancer,LUNG_CANCER,50000,23,DP-SVM,SVM,dp,1.6,30,0.9392499999999998,0.0005499999999999948,0.9375902906941282,0.0005469271354840987,0.9443197180333052,0.0007019463148331682,0.9392499999999998,0.0005499999999999948,0.9384191638707384,0.0006064615723895274,0.9793513767059611,0.0002311454659030238,,0.05006943326663228,0.0022463047724705838,0.06075000000000019,6.075000000000019,0.9387,0.06130000000000002,report JSON (per_run_accuracies[0]),LUNG_CANCER/SVM/output/dp_results.csv,LUNG_CANCER/SVM/output/baseline_results.csv
Lung Cancer,LUNG_CANCER,50000,23,DP-SVM,SVM,dp,1.8,30,0.9393233333333332,0.0005450891874016736,0.9376632143121929,0.000542043759725373,0.9444133108752829,0.0006956788115491173,0.9393233333333332,0.0005450891874016736,0.9385000254137237,0.0006010466285166395,0.9793358737259489,0.00020860318162021254,,0.048948918066647217,0.0011231736072877636,0.06067666666666682,6.067666666666682,0.9387,0.06130000000000002,report JSON (per_run_accuracies[0]),LUNG_CANCER/SVM/output/dp_results.csv,LUNG_CANCER/SVM/output/baseline_results.csv
Lung Cancer,LUNG_CANCER,50000,23,DP-SVM,SVM,dp,2.0,30,0.93936,0.0005388877434122942,0.9376996761212252,0.0005358769633672341,0.9444601072962716,0.000687764119267319,0.93936,0.0005388877434122942,0.9385404561852163,0.0005942085603841219,0.9793423699044357,0.00020023008806395218,,0.0498186485666641,0.0018351232862795482,0.06064000000000003,6.064000000000003,0.9387,0.06130000000000002,report JSON (per_run_accuracies[0]),LUNG_CANCER/SVM/output/dp_results.csv,LUNG_CANCER/SVM/output/baseline_results.csv
Lung Cancer,LUNG_CANCER,50000,23,DP-SVM,SVM,dp,4.0,30,0.9395799999999999,0.0004399999999999959,0.9379184469754188,0.0004375417083872789,0.944740885822205,0.0005615570518665347,0.9395799999999999,0.0004399999999999959,0.9387830408141723,0.00048516925791162183,0.979289634714155,0.00010581742150316848,,0.050431134633299735,0.00442236671205624,0.06042000000000014,6.042000000000014,0.9387,0.06130000000000002,report JSON (per_run_accuracies[0]),LUNG_CANCER/SVM/output/dp_results.csv,LUNG_CANCER/SVM/output/baseline_results.csv
Lung Cancer,LUNG_CANCER,50000,23,DP-SVM,SVM,dp,6.0,30,0.939653333333333,0.00037392809766346747,0.9379913705934835,0.00037183895151290995,0.9448344786641828,0.0004772317275771827,0.939653333333333,0.00037392809766346747,0.9388639023571576,0.000412314585581115,0.9792793669266404,7.889096791512283e-05,,0.053175394500037027,0.009188678876971225,0.06034666666666699,6.034666666666699,0.9387,0.06130000000000002,report JSON (per_run_accuracies[0]),LUNG_CANCER/SVM/output/dp_results.csv,LUNG_CANCER/SVM/output/baseline_results.csv
Lung Cancer,LUNG_CANCER,50000,23,DP-SVM,SVM,dp,8.0,30,0.939763333333333,0.00019745604292826328,0.9381007560205802,0.00019635285080505692,0.9449748679271496,0.00025200643940915564,0.939763333333333,0.00019745604292826328,0.9389851946716355,0.00021772636776743584,0.9792905574366676,6.752991415297063e-05,,0.0493390111333459,0.0008621445232390383,0.06023666666666705,6.0236666666667045,0.9387,0.06130000000000002,report JSON (per_run_accuracies[0]),LUNG_CANCER/SVM/output/dp_results.csv,LUNG_CANCER/SVM/output/baseline_results.csv
Lung Cancer,LUNG_CANCER,50000,23,DP-SVM,SVM,dp,10.0,30,0.9397999999999996,3.3306690738754696e-16,0.9381372178296126,2.220446049250313e-16,0.9450216643481384,3.3306690738754696e-16,0.9397999999999996,3.3306690738754696e-16,0.9390256254431281,2.220446049250313e-16,0.9793101359807338,4.164753309269704e-05,,0.04976421233335107,0.0010982142722822665,0.060200000000000364,6.020000000000037,0.9398,0.06020000000000003,report JSON (per_run_accuracies[0]),LUNG_CANCER/SVM/output/dp_results.csv,LUNG_CANCER/SVM/output/baseline_results.csv
Lung Cancer,LUNG_CANCER,50000,23,DP-DNN,DNN,standard,,,1.0,0.0,1.0,0.0,1.0,,1.0,,1.0,,1.0,,1.0,5.657083658402553,,0.0,0.0,,,,LUNG_CANCER/DNN/output/dp_dnn_results.csv,LUNG_CANCER/DNN/output/baseline_dnn_results.csv
Lung Cancer,LUNG_CANCER,50000,23,DP-DNN,DNN,dp,0.1,30,0.9694133333333332,0.007109792933381081,0.9691917854846339,0.0071988939896347375,0.9699444847667053,,0.9694133333333332,,0.9684033001453892,0.007408608810294596,0.9990414204665464,0.0003194182131533957,,15.121913709667085,0.8524528811880211,0.030586666666666762,3.058666666666676,0.9679,0.03210000000000002,report JSON (per_run_accuracies[0]),LUNG_CANCER/DNN/output/dp_dnn_results.csv,LUNG_CANCER/DNN/output/baseline_dnn_results.csv
Lung Cancer,LUNG_CANCER,50000,23,DP-DNN,DNN,dp,0.2,30,0.98782,0.006093296863494072,0.9877764356240868,0.00614975150585769,0.9881590410922634,,0.98782,,0.9876172299438952,0.0061744020720166425,0.9999496566598004,6.099361972283216e-05,,13.825625091531158,1.0635169967149842,0.012179999999999969,1.2179999999999969,0.9886,0.011399999999999966,report JSON (per_run_accuracies[0]),LUNG_CANCER/DNN/output/dp_dnn_results.csv,LUNG_CANCER/DNN/output/baseline_dnn_results.csv
Lung Cancer,LUNG_CANCER,50000,23,DP-DNN,DNN,dp,0.4,30,0.9998133333333333,0.0004759084879353119,0.9998133113002301,0.0004759646615469147,0.9998140396396396,,0.9998133333333333,,0.9998109321719166,0.0004820302723947336,1.0,0.0,,12.908749491734973,0.8700329902473093,0.0001866666666666683,0.01866666666666683,1.0,0.0,report JSON (per_run_accuracies[0]),LUNG_CANCER/DNN/output/dp_dnn_results.csv,LUNG_CANCER/DNN/output/baseline_dnn_results.csv
Lung Cancer,LUNG_CANCER,50000,23,DP-DNN,DNN,dp,0.8,30,1.0,0.0,1.0,0.0,1.0,,1.0,,1.0,0.0,1.0,0.0,,13.39959681936695,0.8620189450246919,0.0,0.0,1.0,0.0,report JSON (per_run_accuracies[0]),LUNG_CANCER/DNN/output/dp_dnn_results.csv,LUNG_CANCER/DNN/output/baseline_dnn_results.csv
Lung Cancer,LUNG_CANCER,50000,23,DP-DNN,DNN,dp,1.0,30,1.0,0.0,1.0,0.0,1.0,,1.0,,1.0,0.0,1.0,0.0,,12.872864809636182,0.4720547249976295,0.0,0.0,1.0,0.0,report JSON (per_run_accuracies[0]),LUNG_CANCER/DNN/output/dp_dnn_results.csv,LUNG_CANCER/DNN/output/baseline_dnn_results.csv
Lung Cancer,LUNG_CANCER,50000,23,DP-DNN,DNN,dp,2.0,30,1.0,0.0,1.0,0.0,1.0,,1.0,,1.0,0.0,1.0,0.0,,13.092588505533058,0.31742608837756164,0.0,0.0,1.0,0.0,report JSON (per_run_accuracies[0]),LUNG_CANCER/DNN/output/dp_dnn_results.csv,LUNG_CANCER/DNN/output/baseline_dnn_results.csv
Lung Cancer,LUNG_CANCER,50000,23,DP-DNN,DNN,dp,4.0,30,1.0,0.0,1.0,0.0,1.0,,1.0,,1.0,0.0,1.0,0.0,,14.16249441113517,0.8487574249667669,0.0,0.0,1.0,0.0,report JSON (per_run_accuracies[0]),LUNG_CANCER/DNN/output/dp_dnn_results.csv,LUNG_CANCER/DNN/output/baseline_dnn_results.csv
Lung Cancer,LUNG_CANCER,50000,23,DP-DNN,DNN,dp,8.0,30,1.0,0.0,1.0,0.0,1.0,,1.0,,1.0,0.0,1.0,0.0,,14.898071797198888,0.6685774229438358,0.0,0.0,1.0,0.0,report JSON (per_run_accuracies[0]),LUNG_CANCER/DNN/output/dp_dnn_results.csv,LUNG_CANCER/DNN/output/baseline_dnn_results.csv
Lung Cancer,LUNG_CANCER,50000,23,DP-DNN,DNN,dp,10.0,30,1.0,0.0,1.0,0.0,1.0,,1.0,,1.0,0.0,1.0,0.0,,15.020236194501438,0.3225089404597877,0.0,0.0,1.0,0.0,report JSON (per_run_accuracies[0]),LUNG_CANCER/DNN/output/dp_dnn_results.csv,LUNG_CANCER/DNN/output/baseline_dnn_results.csv
