attack,dataset,dataset_dir,n_samples,n_classes,n_train,n_test,model,variant,epsilon,n_runs,deterministic,attack_auc_mean,attack_auc_std,advantage_mean,advantage_std,tpr_mean,tpr_std,fpr_mean,fpr_std,attack_accuracy_mean,attack_accuracy_std,attack_precision_mean,attack_precision_std,train_acc_mean,train_acc_std,test_acc_mean,test_acc_std,gen_gap_mean,gen_gap_std,n_members,n_nonmembers,tpr_at_10pct,tpr_at_10pct_std,tpr_at_1pct,tpr_at_1pct_std,tpr_at_0p1pct,tpr_at_0p1pct_std,sd_in,sd_in_std,sd_out,sd_out_std,n_shadow_trained,online,balanced,threshold_tau,threshold_tau_std,train_loss_mean,train_loss_std,test_loss_mean,test_loss_std,loss_gap,loss_gap_std
lira,Breast Cancer,BCP,569,2,455,114,LR,standard,,30.0,,0.50109440267335,0.019503746915887847,0.06409163935479725,0.021389456250488284,,,,,,,,,,,0.912280701754386,1.1102230246251565e-16,,,455.0,114.0,0.11238095238095239,0.024465354752567312,0.026959706959706956,0.012951916853104508,0.016776556776556775,0.012858969011332237,0.11457487650222246,0.006719458326430626,0.1174380174687601,0.007239607669498752,32.0,True,False,,,,,,,,
lira,Breast Cancer,BCP,569,2,455,114,LR,dp,0.1,30.0,,0.4971210076473235,0.030131569901137543,0.06868967290019921,0.036315194012524823,,,,,,,,,,,0.6578947368421055,2.220446049250313e-16,,,455.0,114.0,0.11003663003663003,0.03400530269392799,0.013992673992673997,0.011069061302952194,0.00761904761904762,0.008178922043635376,10.096704899732172,0.4394645207061304,10.125087857831566,0.4321606588984702,32.0,True,False,,,,,,,,
lira,Breast Cancer,BCP,569,2,455,114,LR,dp,0.2,30.0,,0.49920506394190606,0.02857975022012376,0.06438082385450807,0.03381527037899904,,,,,,,,,,,0.6754385964912283,2.220446049250313e-16,,,455.0,114.0,0.10190476190476191,0.029038078890098913,0.01523809523809524,0.010914521650674691,0.005787545787545788,0.006984340442616902,8.77006784509922,0.40446706317159214,8.817329659072069,0.4047519160061307,32.0,True,False,,,,,,,,
lira,Breast Cancer,BCP,569,2,455,114,LR,dp,0.4,30.0,,0.5023513912987598,0.024258355572459814,0.059029625345414824,0.031350700427754855,,,,,,,,,,,0.6929824561403506,3.3306690738754696e-16,,,455.0,114.0,0.09523809523809526,0.024396814366808368,0.016336996336996337,0.014564021491361235,0.005714285714285715,0.00660804236411996,7.579762456098371,0.2971063661060449,7.630547091569542,0.30300281115302136,32.0,True,False,,,,,,,,
lira,Breast Cancer,BCP,569,2,455,114,LR,dp,0.8,30.0,,0.5031064841591157,0.022855171043168532,0.06183407236038815,0.025713590331015803,,,,,,,,,,,0.6666666666666669,2.220446049250313e-16,,,455.0,114.0,0.10849816849816851,0.030509016556415774,0.017289377289377288,0.012532398406061887,0.009890109890109888,0.010444379069145238,11.213647940998046,0.3651111683931167,11.268899864824432,0.3566475965053871,32.0,True,False,,,,,,,,
lira,Breast Cancer,BCP,569,2,455,114,LR,dp,1.0,30.0,,0.5039065612749823,0.02976517926732335,0.06412634149476254,0.03547286404267047,,,,,,,,,,,0.7192982456140349,2.220446049250313e-16,,,455.0,114.0,0.10183150183150184,0.02471808333893785,0.014652014652014654,0.011717032072395462,0.005494505494505497,0.005224116186375698,8.567278676941713,0.27717848869113904,8.64271069721508,0.2793044110139034,32.0,True,False,,,,,,,,
lira,Breast Cancer,BCP,569,2,455,114,LR,dp,2.0,30.0,,0.5023764539554014,0.029995256917212915,0.06341301972880922,0.03568546505931098,,,,,,,,,,,0.8508771929824559,2.220446049250313e-16,,,455.0,114.0,0.09736263736263737,0.022500385752573484,0.01838827838827839,0.011511160212154392,0.009523809523809525,0.010235457404584898,3.292081368981226,0.16249367205561965,3.3634900792864473,0.16350324771311622,32.0,True,False,,,,,,,,
lira,Breast Cancer,BCP,569,2,455,114,LR,dp,4.0,30.0,,0.5038268748795065,0.02909295920373944,0.06375490007068953,0.032475017115134806,,,,,,,,,,,0.9035087719298248,2.220446049250313e-16,,,455.0,114.0,0.09926739926739929,0.022713576553739918,0.021465201465201464,0.009790846321174053,0.012673992673992674,0.009405007112375255,1.3576028649540723,0.06819759247956106,1.3896468678439424,0.06385771860804701,32.0,True,False,,,,,,,,
lira,Breast Cancer,BCP,569,2,455,114,LR,dp,8.0,30.0,,0.5011111111111112,0.02961004702006391,0.05950324529271899,0.031222418199310063,,,,,,,,,,,0.9035087719298248,2.220446049250313e-16,,,455.0,114.0,0.10175824175824179,0.02636843660781964,0.02285714285714286,0.00983869419147226,0.014432234432234433,0.009823681401844019,0.6173657083978517,0.03060032691682536,0.6314978111930893,0.028459455154842692,32.0,True,False,,,,,,,,
lira,Breast Cancer,BCP,569,2,455,114,LR,dp,10.0,30.0,,0.4991028854186749,0.030154916464328094,0.05990424779898464,0.03339858071300984,,,,,,,,,,,0.912280701754386,1.1102230246251565e-16,,,455.0,114.0,0.10315018315018316,0.028087954125481353,0.023076923076923075,0.010521177008311408,0.014432234432234431,0.010177878309643429,0.48897550395441824,0.024006633170265777,0.5003022372559288,0.022578807171190044,32.0,True,False,,,,,,,,
lira,Breast Cancer,BCP,569,2,455,114,RF,standard,,30.0,,0.5866216824111561,0.025118050105084402,0.16260780155517,0.041608272004915896,,,,,,,,,,,0.9473684210526313,2.220446049250313e-16,,,455.0,114.0,0.17326007326007334,0.0416813764639623,0.01545787545787546,0.01003128116072433,0.00871794871794872,0.0053680190774278,2.1463268751030937,0.16772286821814725,2.1107054429591465,0.16475422190454891,32.0,True,False,,,,,,,,
lira,Breast Cancer,BCP,569,2,455,114,RF,dp,0.1,30.0,,0.5035640383008804,0.0376467198570067,0.07434740697898594,0.044247764638234294,,,,,,,,,,,0.7105263157894736,1.1102230246251565e-16,,,455.0,114.0,0.09985347985347988,0.0323889901018218,0.016483516483516484,0.009971177720744467,0.005347985347985348,0.0059431035054526215,0.47353932480508154,0.03639066703027138,0.475290361419398,0.04396283366336714,32.0,True,False,,,,,,,,
lira,Breast Cancer,BCP,569,2,455,114,RF,dp,0.2,30.0,,0.49149090675406465,0.03148492128498607,0.0509163935479725,0.032934241093317274,,,,,,,,,,,0.7105263157894736,1.1102230246251565e-16,,,455.0,114.0,0.09663003663003662,0.032133458233648673,0.013626373626373625,0.011772782081524201,0.0062271062271062275,0.007740993670059811,0.563880439836929,0.1433118233278421,0.5642338487507287,0.13330516424020222,32.0,True,False,,,,,,,,
lira,Breast Cancer,BCP,569,2,455,114,RF,dp,0.4,30.0,,0.493709915815179,0.022654970071544434,0.05624959835486152,0.031890028786635216,,,,,,,,,,,0.7456140350877193,0.0,,,455.0,114.0,0.09465201465201464,0.024188696761651234,0.009304029304029302,0.007917851651823673,0.005347985347985348,0.005888670026112405,0.8737249083073685,0.24885633498353804,0.8533462531902629,0.23975935542359847,32.0,True,False,,,,,,,,
lira,Breast Cancer,BCP,569,2,455,114,RF,dp,0.8,30.0,,0.5051667630615,0.026508580542264723,0.06761904761904762,0.029713756196761244,,,,,,,,,,,0.7456140350877193,0.0,,,455.0,114.0,0.11025641025641025,0.03178887875862587,0.013553113553113552,0.009325923879360449,0.007472527472527473,0.00857987749272226,1.590671015283008,0.2998497779076624,1.5634665441517837,0.3081357306751042,32.0,True,False,,,,,,,,
lira,Breast Cancer,BCP,569,2,455,114,RF,dp,1.0,30.0,,0.5070066191118822,0.026989192582467483,0.06505108926161558,0.03450684480383593,,,,,,,,,,,0.7456140350877193,0.0,,,455.0,114.0,0.10512820512820514,0.02394887370150274,0.014285714285714285,0.010067597476008688,0.005787545787545787,0.006305900967913647,1.7375865741094556,0.2838769753435518,1.6851800746051466,0.28697062007536206,32.0,True,False,,,,,,,,
lira,Breast Cancer,BCP,569,2,455,114,RF,dp,2.0,30.0,,0.5063832658569501,0.030080925531056634,0.06498425551057131,0.02997419225326139,,,,,,,,,,,0.798245614035088,2.220446049250313e-16,,,455.0,114.0,0.10468864468864471,0.019356331756383578,0.013186813186813185,0.011903352973825583,0.0056410256410256415,0.0073701964003095345,2.066137834528224,0.27411925198663273,1.9999868066584163,0.2684153166932876,32.0,True,False,,,,,,,,
lira,Breast Cancer,BCP,569,2,455,114,RF,dp,4.0,30.0,,0.5084955979692822,0.03420469471750905,0.07014266435319066,0.03660507104332539,,,,,,,,,,,0.7631578947368423,1.1102230246251565e-16,,,455.0,114.0,0.11604395604395605,0.021522009115872282,0.016923076923076923,0.011323125838858689,0.00857142857142857,0.009067987335473421,2.156122828884669,0.2598311389059125,2.095436782621238,0.2639885926548023,32.0,True,False,,,,,,,,
lira,Breast Cancer,BCP,569,2,455,114,RF,dp,8.0,30.0,,0.5087577919156867,0.033430821043503985,0.07105841526894159,0.03576187388958273,,,,,,,,,,,0.7631578947368423,1.1102230246251565e-16,,,455.0,114.0,0.11846153846153847,0.02469864255559156,0.015164835164835161,0.010964808512761689,0.008278388278388279,0.009020513742734113,2.166185124272596,0.25784810441734907,2.1025393998854813,0.25992484796482335,32.0,True,False,,,,,,,,
lira,Breast Cancer,BCP,569,2,455,114,RF,dp,10.0,30.0,,0.5087140929246193,0.033438582643839476,0.07074031231925969,0.03597475018392545,,,,,,,,,,,0.7631578947368423,1.1102230246251565e-16,,,455.0,114.0,0.11846153846153847,0.02469864255559156,0.015164835164835161,0.010964808512761689,0.008278388278388279,0.009020513742734113,2.166173461889456,0.25782975257495877,2.1025348880255543,0.2599166144312555,32.0,True,False,,,,,,,,
lira,Breast Cancer,BCP,569,2,455,114,GNB,standard,,30.0,,0.5114558832979886,0.016839205423116073,0.036952638005269586,0.012808012538766386,,,,,,,,,,,0.9210526315789476,2.220446049250313e-16,,,455.0,114.0,0.10513267328979926,0.018703542925088436,0.03428571428571428,0.012947772372228793,0.02344322344322345,0.008404178988835156,1.173918385396553,0.06566002595021385,1.3708010341550563,0.0949777308841994,32.0,True,False,,,,,,,,
lira,Breast Cancer,BCP,569,2,455,114,GNB,dp,0.1,30.0,,0.49662553820448546,0.028409821952654263,0.06189190926033031,0.03392344681718295,,,,,,,,,,,0.36842105263157887,5.551115123125783e-17,,,455.0,114.0,0.10285714285714288,0.03219311371182515,0.01553113553113553,0.015362970994541375,0.008937728937728939,0.010354320729116339,10.360456082944392,0.48039945392544325,10.35441870139527,0.4701868822776406,32.0,True,False,,,,,,,,
lira,Breast Cancer,BCP,569,2,455,114,GNB,dp,0.2,30.0,,0.4975457875457876,0.026518286086931263,0.05636784268363216,0.02723401192041956,,,,,,,,,,,0.6842105263157898,3.3306690738754696e-16,,,455.0,114.0,0.1,0.030224108914087208,0.015384615384615384,0.01497088911290233,0.009084249084249084,0.010226014614748272,10.373561578609724,0.6157001379157183,10.390577267621941,0.6278701560083646,32.0,True,False,,,,,,,,
lira,Breast Cancer,BCP,569,2,455,114,GNB,dp,0.4,30.0,,0.5050845061371377,0.02462570107617707,0.06135595398753292,0.028313231465112478,,,,,,,,,,,0.6228070175438597,0.0,,,455.0,114.0,0.11326007326007327,0.02652419372918624,0.02168498168498169,0.016821763555750487,0.012014652014652016,0.014069749177362255,9.887885889685355,0.7961295933365011,9.903412777657422,0.8059309213021104,32.0,True,False,,,,,,,,
lira,Breast Cancer,BCP,569,2,455,114,GNB,dp,0.8,30.0,,0.5076627466101151,0.025292254444824223,0.06768588137009189,0.02990754106980354,,,,,,,,,,,0.631578947368421,0.0,,,455.0,114.0,0.11223443223443225,0.03108645129762389,0.022197802197802197,0.013251975751907603,0.012893772893772892,0.009285262721028488,9.254216967179277,0.6193378171269892,9.263485406855938,0.6030311703693422,32.0,True,False,,,,,,,,
lira,Breast Cancer,BCP,569,2,455,114,GNB,dp,1.0,30.0,,0.5047882526829894,0.0315047548642959,0.06602210654842235,0.02986915535555925,,,,,,,,,,,0.631578947368421,0.0,,,455.0,114.0,0.10402930402930405,0.0350379272865201,0.02183150183150183,0.013475871365950203,0.01194139194139194,0.00988902449613273,8.935354147296065,0.5715928585413963,8.94350323313596,0.5660354762677561,32.0,True,False,,,,,,,,
lira,Breast Cancer,BCP,569,2,455,114,GNB,dp,2.0,30.0,,0.5080316175053017,0.030576246448594257,0.07368999421631,0.041864853270862534,,,,,,,,,,,0.631578947368421,0.0,,,455.0,114.0,0.11794871794871796,0.03483514557646517,0.025641025641025647,0.016381450384613843,0.014798534798534798,0.014818830604229923,8.242475344930055,0.727940429252948,8.231651451202579,0.7445175054563029,32.0,True,False,,,,,,,,
lira,Breast Cancer,BCP,569,2,455,114,GNB,dp,4.0,30.0,,0.49773022299338093,0.03148532164800217,0.06013752329541804,0.03409985751529252,,,,,,,,,,,0.6929824561403506,3.3306690738754696e-16,,,455.0,114.0,0.11062271062271062,0.02972228978036746,0.018461538461538456,0.014618276174343638,0.010183150183150183,0.013506304673623702,7.543989926443188,0.6691710765679935,7.551676974892168,0.655609646045679,32.0,True,False,,,,,,,,
lira,Breast Cancer,BCP,569,2,455,114,GNB,dp,8.0,30.0,,0.49040293040293037,0.026022212521502185,0.04821348242400873,0.028288813350774284,,,,,,,,,,,0.6578947368421055,2.220446049250313e-16,,,455.0,114.0,0.09553113553113554,0.022618743602530463,0.013553113553113552,0.008719179892749087,0.006886446886446885,0.0066112903576137595,7.278051714804333,0.5938401861631549,7.305890346785889,0.5983912299093389,32.0,True,False,,,,,,,,
lira,Breast Cancer,BCP,569,2,455,114,GNB,dp,10.0,30.0,,0.49858267463530626,0.031455325058930644,0.056038172353961836,0.037431636768177554,,,,,,,,,,,0.7456140350877193,0.0,,,455.0,114.0,0.10637362637362638,0.029810279086284815,0.01619047619047619,0.013812778349698537,0.007326007326007325,0.007207838169230092,6.8000900596550045,0.7268866101831385,6.826582023778616,0.7219804169021921,32.0,True,False,,,,,,,,
lira,Breast Cancer,BCP,569,2,455,114,SVM,standard,,30.0,,0.5813251076408971,0.01856948315003965,0.14278838120943382,0.027078538498436482,,,,,,,,,,,0.9473684210526313,2.220446049250313e-16,,,455.0,114.0,0.19970695970695976,0.030224020126585933,0.07347985347985347,0.017888213787733673,0.057069597069597085,0.013338363982742766,0.23752636407263508,0.010510740871413684,0.2615332092416491,0.01176861631880783,32.0,True,False,,,,,,,,
lira,Breast Cancer,BCP,569,2,455,114,SVM,dp,0.1,30.0,,0.5002808302808304,0.03284444512105029,0.057963498489814275,0.03600929762804859,,,,,,,,,,,0.5526315789473685,0.0,,,455.0,114.0,0.10029304029304029,0.028709070168241178,0.018315018315018312,0.01500669612198607,0.01054945054945055,0.011312456056824976,10.30242522584556,0.5912938563009622,10.316655435001575,0.5843102187207724,32.0,True,False,,,,,,,,
lira,Breast Cancer,BCP,569,2,455,114,SVM,dp,0.2,30.0,,0.49796414112203596,0.03412458880542165,0.05977893451577662,0.03870818515479112,,,,,,,,,,,0.6666666666666669,2.220446049250313e-16,,,455.0,114.0,0.10402930402930406,0.03306132222275693,0.019194139194139197,0.014220004791647237,0.008205128205128203,0.00939215854097427,7.554373483817857,0.5583536801948364,7.572448215608166,0.5527896963075307,32.0,True,False,,,,,,,,
lira,Breast Cancer,BCP,569,2,455,114,SVM,dp,0.4,30.0,,0.5008669108669109,0.035608609239202275,0.06266499582289058,0.04396583981621773,,,,,,,,,,,0.36842105263157887,5.551115123125783e-17,,,455.0,114.0,0.10446886446886447,0.03720169314664269,0.016336996336996333,0.011287996150299962,0.00835164835164835,0.009314118725458061,5.108859586211491,0.44000286895850693,5.1330287870490725,0.4398807302093662,32.0,True,False,,,,,,,,
lira,Breast Cancer,BCP,569,2,455,114,SVM,dp,0.8,30.0,,0.499289248762933,0.0372064632755914,0.06274982327613907,0.04388362901516271,,,,,,,,,,,0.8070175438596494,3.3306690738754696e-16,,,455.0,114.0,0.10285714285714286,0.04189067106004973,0.01736263736263736,0.013215475565752987,0.008644688644688646,0.009007116711679815,8.934477332603112,0.334491582815101,9.022329199953647,0.34122473210228393,32.0,True,False,,,,,,,,
lira,Breast Cancer,BCP,569,2,455,114,SVM,dp,1.0,30.0,,0.5019188998136367,0.035147700378768604,0.06295160979371507,0.03932491908733019,,,,,,,,,,,0.868421052631579,0.0,,,455.0,114.0,0.10703296703296704,0.036371911029349294,0.015457875457875461,0.014461954115555216,0.008278388278388277,0.009540981982174757,5.6338219351260355,0.26236972205156794,5.711109552873195,0.27394055263810196,32.0,True,False,,,,,,,,
lira,Breast Cancer,BCP,569,2,455,114,SVM,dp,2.0,30.0,,0.4965002249212776,0.030820712524155202,0.057345286292654715,0.03807452993651485,,,,,,,,,,,0.8947368421052633,1.1102230246251565e-16,,,455.0,114.0,0.10490842490842492,0.03389147497682276,0.016776556776556775,0.01385932664086094,0.009084249084249084,0.007878098202942161,1.5987277736281764,0.1069415228086053,1.6266809466074896,0.11168968466356087,32.0,True,False,,,,,,,,
lira,Breast Cancer,BCP,569,2,455,114,SVM,dp,4.0,30.0,,0.49785103785103785,0.03013048331602359,0.05333847439110597,0.03502654010331093,,,,,,,,,,,0.9035087719298248,2.220446049250313e-16,,,455.0,114.0,0.10058608058608061,0.025616000346695256,0.01772893772893773,0.013724488237182704,0.009816849816849816,0.009302587064820499,0.6285403614853281,0.04103918651976488,0.643047499124408,0.04423611915704342,32.0,True,False,,,,,,,,
lira,Breast Cancer,BCP,569,2,455,114,SVM,dp,8.0,30.0,,0.5053576248313091,0.024897483009638625,0.06423751686909582,0.02903493579753721,,,,,,,,,,,0.9035087719298248,2.220446049250313e-16,,,455.0,114.0,0.09963369963369967,0.02907049803637473,0.021538461538461538,0.01362401019324053,0.010549450549450548,0.008172357372825987,0.30256111985183054,0.018401089768803763,0.31142093224026224,0.01994715187557517,32.0,True,False,,,,,,,,
lira,Breast Cancer,BCP,569,2,455,114,SVM,dp,10.0,30.0,,0.5073035151982521,0.022370902350965727,0.06601503759398496,0.028542607199776936,,,,,,,,,,,0.9035087719298248,2.220446049250313e-16,,,455.0,114.0,0.10241758241758243,0.029138359533383888,0.021611721611721608,0.012828882668194314,0.012014652014652013,0.008601119485092555,0.25086304364393247,0.014745019839643816,0.2585429854997443,0.015886147812412633,32.0,True,False,,,,,,,,
lira,Breast Cancer,BCP,569,2,455,114,DNN,standard,,5.0,,0.5206092153460574,0.013551278773345797,0.07682668208983998,0.019757985738316886,,,,,,,,,,,0.9736842105263157,1.1102230246251565e-16,,,455.0,114.0,0.13274725274725277,0.029734566198308155,0.037802197802197804,0.018091530221764116,0.026813186813186812,0.008033260168130578,0.9634810620578464,0.05912555771893959,0.9902998382704986,0.05193459056702708,32.0,True,False,,,,,,,,
lira,Breast Cancer,BCP,569,2,455,114,DNN,dp,0.1,5.0,,0.5001503759398497,0.025605708924005956,0.0649971081550029,0.016644627799358394,,,,,,,,,,,0.631578947368421,0.0,,,455.0,114.0,0.11120879120879121,0.008409286360311645,0.0210989010989011,0.006308879162376845,0.012307692307692308,0.00646019272821937,0.8722117644133286,0.03899529144767392,0.8960071779030392,0.028246967936992374,32.0,True,False,,,,,,,,
lira,Breast Cancer,BCP,569,2,455,114,DNN,dp,0.2,5.0,,0.5005822247927512,0.025214852504471277,0.06845575477154427,0.017327012004125397,,,,,,,,,,,0.631578947368421,0.0,,,455.0,114.0,0.11252747252747253,0.00827028031746232,0.0210989010989011,0.006308879162376845,0.012307692307692308,0.00646019272821937,0.8722117644133286,0.03899529144767392,0.8960071779030392,0.028246967936992374,32.0,True,False,,,,,,,,
lira,Breast Cancer,BCP,569,2,455,114,DNN,dp,0.4,5.0,,0.5010333526123001,0.02444411679070781,0.07506844033159824,0.016120386226903222,,,,,,,,,,,0.631578947368421,0.0,,,455.0,114.0,0.11560439560439559,0.008635992397533408,0.021098901098901095,0.006752655602521853,0.012307692307692308,0.00646019272821937,0.8722117644133286,0.03899529144767392,0.8960071779030392,0.028246967936992374,32.0,True,False,,,,,,,,
lira,Breast Cancer,BCP,569,2,455,114,DNN,dp,0.8,5.0,,0.503165606323501,0.023077367278078305,0.07775207248891461,0.02111762425234893,,,,,,,,,,,0.631578947368421,0.0,,,455.0,114.0,0.11648351648351647,0.01451215298392895,0.021978021978021976,0.007355252980519345,0.01054945054945055,0.008943731845879474,0.8722117644133286,0.03899529144767392,0.8960071779030392,0.028246967936992374,32.0,True,False,,,,,,,,
lira,Breast Cancer,BCP,569,2,455,114,DNN,dp,1.0,5.0,,0.5044457297088876,0.022312382263476295,0.0729091960670908,0.024132656712691,,,,,,,,,,,0.631578947368421,0.0,,,455.0,114.0,0.12087912087912087,0.013332528253277453,0.021538461538461538,0.007276019937251362,0.01054945054945055,0.008943731845879474,0.8722117644133286,0.03899529144767392,0.8960071779030392,0.028246967936992374,32.0,True,False,,,,,,,,
lira,Breast Cancer,BCP,569,2,455,114,DNN,dp,2.0,5.0,,0.5077617119722383,0.019930933257640993,0.074937343358396,0.021074582620866047,,,,,,,,,,,0.631578947368421,0.0,,,455.0,114.0,0.12483516483516484,0.017984415424596736,0.0210989010989011,0.010997798684129059,0.010989010989010988,0.009008308365678768,0.8722117644133286,0.03899529144767392,0.8960071779030392,0.028246967936992374,32.0,True,False,,,,,,,,
lira,Breast Cancer,BCP,569,2,455,114,DNN,dp,4.0,5.0,,0.5090649701176015,0.019543465717065278,0.07413919413919415,0.02288070971660614,,,,,,,,,,,0.631578947368421,0.0,,,455.0,114.0,0.1345054945054945,0.021774885409232246,0.02153846153846154,0.010346023996430611,0.01010989010989011,0.008523393155896843,0.8722117644133286,0.03899529144767392,0.8960071779030392,0.028246967936992374,32.0,True,False,,,,,,,,
lira,Breast Cancer,BCP,569,2,455,114,DNN,dp,8.0,5.0,,0.5095469442837863,0.020297422735199033,0.06882205513784462,0.016805343300994494,,,,,,,,,,,0.7631578947368421,0.0,,,455.0,114.0,0.13054945054945055,0.026831195537638422,0.01934065934065934,0.009868107393689516,0.011868131868131869,0.010731037903941717,0.8722117644133286,0.03899529144767392,0.8960071779030392,0.028246967936992374,32.0,True,False,,,,,,,,
lira,Breast Cancer,BCP,569,2,455,114,DNN,dp,10.0,5.0,,0.5092423366107577,0.020500124355788407,0.06984769616348563,0.018711938986366212,,,,,,,,,,,0.8421052631578947,0.0,,,455.0,114.0,0.12307692307692306,0.02071071470661933,0.020659340659340657,0.012323380895715328,0.01142857142857143,0.010346023996430611,0.8722117644133286,0.03899529144767392,0.8960071779030392,0.028246967936992374,32.0,True,False,,,,,,,,
lira,Diabetes,DIABETES,70692,2,56553,14139,LR,standard,,30.0,,0.500626421007234,0.00265762882817832,0.0061833872839277965,0.0031873647858656927,,,,,,,,,,,0.7455265577480726,1.1102230246251565e-16,,,56553.0,14139.0,0.10106507759682656,0.0029234402147946957,0.010069610218143451,0.0008778294236145154,0.0010562363328794817,0.0002712192116786099,0.042777949098112604,0.0009275890133428436,0.042781437890141244,0.0009334686339247752,32.0,True,False,,,,,,,,
lira,Diabetes,DIABETES,70692,2,56553,14139,LR,dp,0.1,30.0,,0.5008816412026863,0.0028711849741805255,0.006220398907098968,0.0028885704679637823,,,,,,,,,,,0.7163872975457957,3.3306690738754696e-16,,,56553.0,14139.0,0.10051868748489616,0.0026781859822258107,0.010083166822862331,0.0006998005470910681,0.001138165378789218,0.00030234824687384263,2.2472128247098144,0.16311477484759365,2.248404182126522,0.163925188775482,32.0,True,False,,,,,,,,
lira,Diabetes,DIABETES,70692,2,56553,14139,LR,dp,0.2,30.0,,0.5010571459510954,0.0029589152205038217,0.007106864713130151,0.0036835845986094187,,,,,,,,,,,0.7337152556757902,1.1102230246251565e-16,,,56553.0,14139.0,0.09926676450998768,0.0020528903813289115,0.010120300131440127,0.0008378027413214228,0.0011534902362975144,0.0003243087883869114,1.1197917888116558,0.09921540355555694,1.1202495740708105,0.09971782332982224,32.0,True,False,,,,,,,,
lira,Diabetes,DIABETES,70692,2,56553,14139,LR,dp,0.4,30.0,,0.5006635145460695,0.0027984986718944003,0.007485686141242909,0.0037122127095377366,,,,,,,,,,,0.7427682297192165,2.220446049250313e-16,,,56553.0,14139.0,0.09877283256414335,0.002500000752105828,0.009917540478253438,0.0007676027699237076,0.001156437324279879,0.00035310787732043583,0.6332104004946337,0.06967318045910431,0.63344854461627,0.07063056672976482,32.0,True,False,,,,,,,,
lira,Diabetes,DIABETES,70692,2,56553,14139,LR,dp,0.8,30.0,,0.5008400177067732,0.002905267768496187,0.0076076156690418695,0.003996354679559252,,,,,,,,,,,0.7400099016903601,1.1102230246251565e-16,,,56553.0,14139.0,0.09812565204321609,0.002788877738367555,0.009559174579597898,0.0008505351059943935,0.001055057497686536,0.00028641086202847987,0.9107285249672763,0.12118050999436288,0.910541649869451,0.12204998218552636,32.0,True,False,,,,,,,,
lira,Diabetes,DIABETES,70692,2,56553,14139,LR,dp,1.0,30.0,,0.5002428888656465,0.0027138525154296995,0.006363385012725326,0.003632787154725835,,,,,,,,,,,0.7449607468703585,1.1102230246251565e-16,,,56553.0,14139.0,0.09829894081657914,0.0027010173742998862,0.00989573202718394,0.0009604231923042662,0.0011523114011045687,0.0003286313653229372,0.4005812838095555,0.08101519998520712,0.40133922078614626,0.08263470081444943,32.0,True,False,,,,,,,,
lira,Diabetes,DIABETES,70692,2,56553,14139,LR,dp,2.0,30.0,,0.49990847610771927,0.0025670620173508106,0.0059796730318627,0.0029057581783817374,,,,,,,,,,,0.7454558313883586,1.1102230246251565e-16,,,56553.0,14139.0,0.09858539776846498,0.0024060982881349553,0.009979429325883093,0.0008096394667027266,0.0011617420826481354,0.00033316904588605724,0.09414951211098115,0.006425452266224475,0.09421309440641754,0.006481765854384209,32.0,True,False,,,,,,,,
lira,Diabetes,DIABETES,70692,2,56553,14139,LR,dp,4.0,30.0,,0.49988516753696594,0.0025953110331699606,0.00541431087690185,0.002512117536431648,,,,,,,,,,,0.7456680104675011,1.1102230246251565e-16,,,56553.0,14139.0,0.09999351640643879,0.0018921237609268282,0.010054874778231629,0.0009657907238434977,0.0011523114011045687,0.00027861751704974936,0.05473510922423329,0.002246789037611982,0.054758402146465164,0.00226168379270116,32.0,True,False,,,,,,,,
lira,Diabetes,DIABETES,70692,2,56553,14139,LR,dp,8.0,30.0,,0.4999722852002563,0.0026664004078372047,0.005567377111468005,0.0027478222158336925,,,,,,,,,,,0.7456680104675011,1.1102230246251565e-16,,,56553.0,14139.0,0.10087469571316582,0.002566403069079698,0.010150949846456713,0.0007572298123025209,0.0011352182908068538,0.00023415833440838642,0.045550979798472994,0.0011929364098290296,0.045561184821830004,0.001206972072055246,32.0,True,False,,,,,,,,
lira,Diabetes,DIABETES,70692,2,56553,14139,LR,dp,10.0,30.0,,0.4999685453020434,0.002708425931000636,0.005701488061322835,0.0025659648550599035,,,,,,,,,,,0.7454558313883586,1.1102230246251565e-16,,,56553.0,14139.0,0.10065366411448848,0.0028658133323010665,0.010065484294968141,0.0007472785430912295,0.001099853235018478,0.0002645454311213144,0.044553980478151865,0.001070009747578665,0.04456305638008892,0.0010822377989073047,32.0,True,False,,,,,,,,
lira,Diabetes,DIABETES,70692,2,56553,14139,RF,standard,,30.0,,0.5005332063589678,0.002852569595374788,0.0067582529065644235,0.0033461823481091934,,,,,,,,,,,0.7373223000212181,2.220446049250313e-16,,,56553.0,14139.0,0.0991182312756765,0.0023245931331293645,0.009954673786831231,0.0008690200420960345,0.0010721506079842508,0.00023295719222963087,0.13036820988263384,0.00257125084587861,0.13051524115105279,0.0025886074070987767,32.0,True,False,,,,,,,,
lira,Diabetes,DIABETES,70692,2,56553,14139,RF,dp,0.1,30.0,,0.4996226601823827,0.0024002937318730404,0.005255697263526686,0.002635698692979333,,,,,,,,,,,0.6757903670698072,3.3306690738754696e-16,,,56553.0,14139.0,0.1003006029742012,0.002484203863245401,0.010394379313800033,0.000946085015057819,0.0010839389599137093,0.00027891910789480667,1.751158233305649,0.0678129590183778,1.7526524048439165,0.0691926432882309,32.0,True,False,,,,,,,,
lira,Diabetes,DIABETES,70692,2,56553,14139,RF,dp,0.2,30.0,,0.4993094977234493,0.0023628993896315236,0.004687984816842834,0.002462870784088884,,,,,,,,,,,0.6863285946672328,3.3306690738754696e-16,,,56553.0,14139.0,0.10051809806729972,0.001622369766132907,0.010425618446413099,0.0008250701116962811,0.0011935706328576735,0.0003374151907206837,1.8470639038333543,0.066168057640439,1.8480460265616259,0.06723850467755357,32.0,True,False,,,,,,,,
lira,Diabetes,DIABETES,70692,2,56553,14139,RF,dp,0.4,30.0,,0.49959125059015086,0.0027504461274746837,0.004863297970140979,0.002730829642369314,,,,,,,,,,,0.687813848221232,0.0,,,56553.0,14139.0,0.10059590119003413,0.002296011165084467,0.010163917033579122,0.0007891823993588144,0.0011151780925267747,0.000315520695283867,1.8841860483306079,0.0737305371246768,1.8850542373697805,0.07585960227990086,32.0,True,False,,,,,,,,
lira,Diabetes,DIABETES,70692,2,56553,14139,RF,dp,0.8,30.0,,0.49979569322463,0.002808917934982251,0.005197109429573865,0.0031597220707752895,,,,,,,,,,,0.6876723955018034,1.1102230246251565e-16,,,56553.0,14139.0,0.10077862064494074,0.0021972030214720676,0.01045626816142969,0.0007598322124933674,0.0011388367254316011,0.00028115385198120425,1.8997824790772775,0.07184847678437271,1.900723192999727,0.07339550797007527,32.0,True,False,,,,,,,,
lira,Diabetes,DIABETES,70692,2,56553,14139,RF,dp,1.0,30.0,,0.49963007663486364,0.0027630982655567067,0.004944841199525113,0.0028254870911981413,,,,,,,,,,,0.6876723955018034,1.1102230246251565e-16,,,56553.0,14139.0,0.10074207675395942,0.0019418707784578271,0.010389304428294404,0.0008367039972704859,0.0011369865435962724,0.0002918831407317228,1.9008503326336983,0.07322533261127481,1.9021844540787087,0.07435714459822343,32.0,True,False,,,,,,,,
lira,Diabetes,DIABETES,70692,2,56553,14139,RF,dp,2.0,30.0,,0.4997490015044347,0.0027168282873847854,0.004900121374877457,0.0028736326324494605,,,,,,,,,,,0.6877431218615181,3.3306690738754696e-16,,,56553.0,14139.0,0.10080573385437848,0.0022535650894512957,0.010380693037209935,0.0008991947231141026,0.001123429938877395,0.0002499325220485548,1.9033290176799507,0.07428817372706253,1.9042123964778896,0.07533462123465308,32.0,True,False,,,,,,,,
lira,Diabetes,DIABETES,70692,2,56553,14139,RF,dp,4.0,30.0,,0.49971564340326463,0.0027651624108510704,0.004947438989110073,0.0028537755257875956,,,,,,,,,,,0.6877431218615181,3.3306690738754696e-16,,,56553.0,14139.0,0.100772726468976,0.002129757536142814,0.010356656587625768,0.0009028502037224786,0.0011134098397373555,0.00024277208553757202,1.9044082539378435,0.07367819047561108,1.9054669423617083,0.0746851271524765,32.0,True,False,,,,,,,,
lira,Diabetes,DIABETES,70692,2,56553,14139,RF,dp,8.0,30.0,,0.4997475193103162,0.0027477680759496787,0.0049782257721694805,0.002835135992481218,,,,,,,,,,,0.6874602164226608,0.0,,,56553.0,14139.0,0.10076683229301128,0.0020907415670479326,0.010316446519194385,0.0008867717756044128,0.00111635692771972,0.00024218106801783835,1.9047496054938187,0.07414929279402832,1.9058496919358394,0.07520317439003525,32.0,True,False,,,,,,,,
lira,Diabetes,DIABETES,70692,2,56553,14139,RF,dp,10.0,30.0,,0.49974923339038013,0.0027444606101680656,0.004983530405475655,0.002836459709688866,,,,,,,,,,,0.6874602164226608,0.0,,,56553.0,14139.0,0.10076742171060776,0.0020909898894894276,0.010316446519194385,0.0008867717756044128,0.00111635692771972,0.00024218106801783835,1.9047492207050607,0.07415015139726867,1.90584727048275,0.07520403515224025,32.0,True,False,,,,,,,,
lira,Diabetes,DIABETES,70692,2,56553,14139,GNB,standard,,30.0,,0.5001654764785463,0.0023766047720904146,0.005876828102968771,0.0026168598372412633,,,,,,,,,,,0.7153264021500817,3.3306690738754696e-16,,,56553.0,14139.0,0.09955970505543474,0.0022777155135231112,0.009968230391550108,0.0009698339534343739,0.001014977101126377,0.000283347451829489,0.1650363303543189,0.01003904055413639,0.16502163024830033,0.01002766207559571,32.0,True,False,,,,,,,,
lira,Diabetes,DIABETES,70692,2,56553,14139,GNB,dp,0.1,30.0,,0.5000467262790176,0.0026187241925248734,0.006094051436161239,0.0030327065734362638,,,,,,,,,,,0.6490558030978142,3.3306690738754696e-16,,,56553.0,14139.0,0.09838381695047126,0.0024024881756698957,0.009707118396312601,0.0007834574965450662,0.0010379643873888208,0.00027413241490880204,5.963574686649275,0.4378251141918059,5.963718463837204,0.43505365376269367,32.0,True,False,,,,,,,,
lira,Diabetes,DIABETES,70692,2,56553,14139,GNB,dp,0.2,30.0,,0.5002745751994242,0.002524830758809682,0.006581243536236575,0.002683458734573731,,,,,,,,,,,0.7004738666100856,0.0,,,56553.0,14139.0,0.09718258388885943,0.0020242259111930274,0.009334606475341714,0.0008382133730278927,0.0008870734826917523,0.00028189015944331204,4.601524041375255,0.5001671555580182,4.603882087832332,0.49801505029980514,32.0,True,False,,,,,,,,
lira,Diabetes,DIABETES,70692,2,56553,14139,GNB,dp,0.4,30.0,,0.4997539080442876,0.0022581995742075155,0.005902198697344108,0.0028858918889502244,,,,,,,,,,,0.7025249310417995,2.220446049250313e-16,,,56553.0,14139.0,0.09792348180762586,0.0026219388312112885,0.00981321356367773,0.0007341335176338194,0.0010750976959666154,0.000267250024085526,3.6589553818281075,0.44934787480131233,3.661504701656265,0.44764928709355184,32.0,True,False,,,,,,,,
lira,Diabetes,DIABETES,70692,2,56553,14139,GNB,dp,0.8,30.0,,0.49952942339812795,0.002314232223434873,0.004810189606286126,0.0024190074797637794,,,,,,,,,,,0.7143362331140817,1.1102230246251565e-16,,,56553.0,14139.0,0.0984327386109785,0.002536492044711071,0.010228752969191145,0.0007714087096420848,0.0010397326401782399,0.0003269562684141931,2.759381742469055,0.5838487553014983,2.7582395735211938,0.5806490290469329,32.0,True,False,,,,,,,,
lira,Diabetes,DIABETES,70692,2,56553,14139,GNB,dp,1.0,30.0,,0.4998983800125202,0.0025758975716042498,0.00560785157865124,0.002852550725718159,,,,,,,,,,,0.7071928707829406,2.220446049250313e-16,,,56553.0,14139.0,0.09847831237953777,0.0024285154805055408,0.009780206178275247,0.0007774864951653647,0.0009972945732321893,0.0002651829003976484,2.30667249998212,0.4923314392933193,2.3074512728821364,0.4908497972701125,32.0,True,False,,,,,,,,
lira,Diabetes,DIABETES,70692,2,56553,14139,GNB,dp,2.0,30.0,,0.4994800139538102,0.002310111651455939,0.005118472517933078,0.0027382349460823288,,,,,,,,,,,0.7159629393875097,1.1102230246251565e-16,,,56553.0,14139.0,0.09940115172198352,0.0021333107418898007,0.009766060155959894,0.0007311983639874135,0.0011458278075433665,0.00025776088042260505,1.4687339601395968,0.4174542007265011,1.4711551799084872,0.4183385000007475,32.0,True,False,,,,,,,,
lira,Diabetes,DIABETES,70692,2,56553,14139,GNB,dp,4.0,30.0,,0.4996099460375413,0.002884827674182664,0.005113601850054393,0.003095957346132994,,,,,,,,,,,0.7153971285097958,1.1102230246251565e-16,,,56553.0,14139.0,0.09947600775673555,0.0023557761208915424,0.009895242810578868,0.0008544920310067382,0.00117883519294585,0.0002577581847853223,0.8236838747754113,0.2323424674536495,0.8248101334760939,0.23291967730159704,32.0,True,False,,,,,,,,
lira,Diabetes,DIABETES,70692,2,56553,14139,GNB,dp,8.0,30.0,,0.5002322007265473,0.0028813166429986384,0.006455598038769921,0.0035243291495505803,,,,,,,,,,,0.7146191385529383,3.3306690738754696e-16,,,56553.0,14139.0,0.0999805492193164,0.0026267032626031174,0.00978963685981881,0.0006149094661279397,0.0010114405955475394,0.0003342699385968445,0.36499271793626303,0.039718329089106434,0.3650396932490898,0.04032041540090016,32.0,True,False,,,,,,,,
lira,Diabetes,DIABETES,70692,2,56553,14139,GNB,dp,10.0,30.0,,0.5006696272471802,0.002876361420454863,0.006854449660196126,0.004025648233514104,,,,,,,,,,,0.7153264021500817,3.3306690738754696e-16,,,56553.0,14139.0,0.10057821866213995,0.001930577931208986,0.009690614703611359,0.0007451667526761007,0.0010049570019863374,0.00018033192592911237,0.3013363059268236,0.028459051177590938,0.3013711161057102,0.028730220284825452,32.0,True,False,,,,,,,,
lira,Diabetes,DIABETES,70692,2,56553,14139,SVM,standard,,5.0,,0.5482320430449382,0.0013762154460176996,0.0640112372183378,0.0028907313803170223,,,,,,,,,,,0.7475776221797864,0.0,,,56553.0,14139.0,0.1395469736353509,0.0016461056415898654,0.02135695719059997,0.0017460240567048133,0.0045479461743850895,0.0003462164907402376,0.21454885238920401,0.0029192060217537773,0.22112041001115723,0.0030369490364124314,32.0,True,False,,,,,,,,
lira,Diabetes,DIABETES,70692,2,56553,14139,SVM,dp,0.1,5.0,,0.5025164590861829,0.0029230860786901053,0.008753949852958697,0.0027488354598688325,,,,,,,,,,,0.7281985996180776,0.0,,,56553.0,14139.0,0.0991034958357647,0.001992926797749394,0.009332838222552296,0.0008630377962561466,0.0009159549449189256,0.0001671536759937966,0.18451791400726933,0.008557997788765911,0.18459776477234013,0.008644883813679241,32.0,True,False,,,,,,,,
lira,Diabetes,DIABETES,70692,2,56553,14139,SVM,dp,0.2,5.0,,0.5021718287560868,0.002994353885573888,0.00854324300465521,0.0015839876173797517,,,,,,,,,,,0.7265718933446496,0.0,,,56553.0,14139.0,0.09914593390271073,0.0017718210597330458,0.009251498594239033,0.0008714024379982415,0.0008947359114459003,0.0001207601441406389,0.0935662440302707,0.004432085122258298,0.09361765684913889,0.004480577756627283,32.0,True,False,,,,,,,,
lira,Diabetes,DIABETES,70692,2,56553,14139,SVM,dp,0.4,5.0,,0.5018425515475295,0.002151464063764432,0.007980377338992161,0.001825763757786983,,,,,,,,,,,0.7262889879057924,0.0,,,56553.0,14139.0,0.09881703888387884,0.0031301690590410107,0.009502590490336499,0.0007544121579061014,0.000809859777553799,0.0001986118661375909,0.05410661950951111,0.002706047555767417,0.054145145746728726,0.00274618509641441,32.0,True,False,,,,,,,,
lira,Diabetes,DIABETES,70692,2,56553,14139,SVM,dp,0.8,5.0,,0.5025826909647637,0.001192895482726151,0.008777194141801403,0.0007543264040951001,,,,,,,,,,,0.7259353561072212,0.0,,,56553.0,14139.0,0.09827949003589553,0.0020693846605241524,0.009700634802751401,0.000506177610956499,0.0008699803723940375,0.0002989131838680946,0.03920415301526139,0.0020451107029847257,0.03923634909500965,0.0020878304861527827,32.0,True,False,,,,,,,,
lira,Diabetes,DIABETES,70692,2,56553,14139,SVM,dp,1.0,5.0,,0.5028649010584401,0.0011810691771324054,0.00881941535109576,0.0005922657585116127,,,,,,,,,,,0.7260768088266497,0.0,,,56553.0,14139.0,0.09912117836365886,0.002380139193805552,0.009718317330645588,0.0003094391859562159,0.0010043675843898643,0.00031718334765304986,0.03708077140038181,0.0019271784054040277,0.037111570835080855,0.001970078096508754,32.0,True,False,,,,,,,,
lira,Diabetes,DIABETES,70692,2,56553,14139,SVM,dp,2.0,5.0,,0.5035435689602148,0.0013113889915273157,0.00983155304269312,0.001376410019227087,,,,,,,,,,,0.7263597142655067,0.0,,,56553.0,14139.0,0.1002457871377292,0.0032926633245084053,0.010146234505684932,0.0004806786327213022,0.0011918023800682547,0.00013494445230731464,0.03412585582481963,0.0016913885630184962,0.034153694655115176,0.0017323601255946055,32.0,True,False,,,,,,,,
lira,Diabetes,DIABETES,70692,2,56553,14139,SVM,dp,4.0,5.0,,0.5036270854191421,0.001232962121261935,0.011069597878267712,0.0011584723170693378,,,,,,,,,,,0.7262182615460783,0.0,,,56553.0,14139.0,0.09993811115237035,0.0021922455497604427,0.010086113910844694,0.0007515885627226034,0.0012271674358566298,0.00017844465632653068,0.0333992722084811,0.001575079455529181,0.03342558823273945,0.0016132776436315749,32.0,True,False,,,,,,,,
lira,Diabetes,DIABETES,70692,2,56553,14139,SVM,dp,8.0,5.0,,0.5035358926495694,0.001320228393323532,0.011227943733723489,0.002296022560174072,,,,,,,,,,,0.726147535186364,0.0,,,56553.0,14139.0,0.10047919650593248,0.0023218876138734568,0.010001237776952592,0.0007790432956891228,0.0011705833465952293,0.00010980266084034461,0.033239165600046666,0.0015196342639937261,0.0332647184478476,0.0015559302952583213,32.0,True,False,,,,,,,,
lira,Diabetes,DIABETES,70692,2,56553,14139,SVM,dp,10.0,5.0,,0.5035478703454924,0.0013442940019487283,0.011351465551961292,0.0022952842252496617,,,,,,,,,,,0.7260768088266497,0.0,,,56553.0,14139.0,0.10015737449825828,0.002326940050050441,0.010082577405265856,0.0008598437149939755,0.0011670468410163917,0.000129939512109871,0.033223849040929364,0.0015088691133545477,0.033249250619662975,0.0015447416910881295,32.0,True,False,,,,,,,,
lira,Diabetes,DIABETES,70692,2,56553,14139,DNN,standard,,5.0,,0.5144255164357734,0.0032990504432891896,0.023707242410375185,0.0040558993256697515,,,,,,,,,,,0.7508310347266426,0.0,,,56553.0,14139.0,0.10845755309178999,0.003643229022622904,0.011819001644475094,0.0012868021552688306,0.0013509451311159444,0.0002654971354888117,0.21690691647140858,0.0020678054888501676,0.21929598342875303,0.0018865385883163302,32.0,True,False,,,,,,,,
lira,Diabetes,DIABETES,70692,2,56553,14139,DNN,dp,0.1,5.0,,0.4989572569904254,0.002287835713090182,0.005002824983617751,0.002589668170219947,,,,,,,,,,,0.7310276540066483,0.0,,,56553.0,14139.0,0.09768889360422968,0.0026254260944800034,0.01020635510052517,0.0005087408015376119,0.0012872880306968684,0.00024790878882919573,0.21690691647140858,0.0020678054888501676,0.21929598342875303,0.0018865385883163302,32.0,True,False,,,,,,,,
lira,Diabetes,DIABETES,70692,2,56553,14139,DNN,dp,0.2,5.0,,0.4986311273443696,0.0024159696158120294,0.0039844809610968665,0.002295334641855745,,,,,,,,,,,0.7371808473017893,0.0,,,56553.0,14139.0,0.09844216929252207,0.002711335294774607,0.01011794246105423,0.0006512741720228761,0.0010998532350184782,0.0002201172891920207,0.21690691647140858,0.0020678054888501676,0.21929598342875303,0.0018865385883163302,32.0,True,False,,,,,,,,
lira,Diabetes,DIABETES,70692,2,56553,14139,DNN,dp,0.4,5.0,,0.49863248977070007,0.002624143755838493,0.004417297318169821,0.0033863127651215974,,,,,,,,,,,0.74000990169036,0.0,,,56553.0,14139.0,0.09936166074301982,0.002509110208763503,0.009866850564956767,0.0007467806970663872,0.0011811928633317418,0.0003542512536740022,0.21690691647140858,0.0020678054888501676,0.21929598342875303,0.0018865385883163302,32.0,True,False,,,,,,,,
lira,Diabetes,DIABETES,70692,2,56553,14139,DNN,dp,0.8,5.0,,0.4986935673405982,0.0028284382571795953,0.004497699731234192,0.0023340902555291886,,,,,,,,,,,0.7437583987552161,0.0,,,56553.0,14139.0,0.09989567308542428,0.002608148288560172,0.009987091754637243,0.0007844667714932057,0.001128145279649179,0.00015870992288520062,0.21690691647140858,0.0020678054888501676,0.21929598342875303,0.0018865385883163302,32.0,True,False,,,,,,,,
lira,Diabetes,DIABETES,70692,2,56553,14139,DNN,dp,1.0,5.0,,0.4986179858207037,0.0028753360070230584,0.004624085721293447,0.00202174918082886,,,,,,,,,,,0.7453143786689299,0.0,,,56553.0,14139.0,0.10014322847594292,0.0023695801371415286,0.009997701271373756,0.0008614567544189736,0.0011210722684915036,0.00018633055537028263,0.21690691647140858,0.0020678054888501676,0.21929598342875303,0.0018865385883163302,32.0,True,False,,,,,,,,
lira,Diabetes,DIABETES,70692,2,56553,14139,DNN,dp,2.0,5.0,,0.498610325768129,0.0028734999157173317,0.00482766553161947,0.0022447960863368885,,,,,,,,,,,0.7478605276186435,0.0,,,56553.0,14139.0,0.10029176171025408,0.002397229117211509,0.01006489487737167,0.0009302690369150551,0.001117535762912666,0.0002017358682574103,0.21690691647140858,0.0020678054888501676,0.21929598342875303,0.0018865385883163302,32.0,True,False,,,,,,,,
lira,Diabetes,DIABETES,70692,2,56553,14139,DNN,dp,4.0,5.0,,0.4986361973612083,0.002822805857853672,0.005138192932467295,0.00209296993129856,,,,,,,,,,,0.7485677912157861,0.0,,,56553.0,14139.0,0.10041907591109225,0.0024863923032845013,0.010330132795784486,0.0008496008438212805,0.0010750976959666154,0.00016260235789539225,0.21690691647140858,0.0020678054888501676,0.21929598342875303,0.0018865385883163302,32.0,True,False,,,,,,,,
lira,Diabetes,DIABETES,70692,2,56553,14139,DNN,dp,8.0,5.0,,0.4987714635095224,0.002806909027270992,0.005257327322714578,0.002281218920774766,,,,,,,,,,,0.7495579602517859,0.0,,,56553.0,14139.0,0.09988152706310893,0.0026164071171199503,0.010273548706523085,0.0010733745953053,0.0010680246848089406,0.00019867482758033193,0.21690691647140858,0.0020678054888501676,0.21929598342875303,0.0018865385883163302,32.0,True,False,,,,,,,,
lira,Diabetes,DIABETES,70692,2,56553,14139,DNN,dp,10.0,5.0,,0.4988534046864542,0.002768404312387366,0.005165697836348576,0.002311700348739039,,,,,,,,,,,0.7501237711295,0.0,,,56553.0,14139.0,0.10005127933089315,0.002456520009776876,0.010315986773469135,0.001158474158374694,0.0010503421569147526,0.00016797470814334045,0.21690691647140858,0.0020678054888501676,0.21929598342875303,0.0018865385883163302,32.0,True,False,,,,,,,,
lira,Cancer Risk,CANCER_RISK,1500,2,1200,300,LR,standard,,30.0,,0.5069758333333333,0.020691749975593393,0.04813888888888889,0.025539261109607133,,,,,,,,,,,0.8500000000000002,2.220446049250313e-16,,,1200.0,300.0,0.1022222222222222,0.014963432794237234,0.01222222222222222,0.0064704933313169625,0.0029444444444444444,0.002641665206215276,0.17332325762326964,0.005516964519431648,0.17551032709466952,0.005627185231090616,32.0,True,False,,,,,,,,
lira,Cancer Risk,CANCER_RISK,1500,2,1200,300,LR,dp,0.1,30.0,,0.5050862962962962,0.017900618752285567,0.04613888888888889,0.02018144928050829,,,,,,,,,,,0.6833333333333333,0.0,,,1200.0,300.0,0.12088888888888887,0.0216655270355557,0.016361111111111114,0.00935286481495983,0.003916666666666667,0.004503856372290553,7.612576667065158,0.3423815586208899,7.622534494031305,0.34778002690678944,32.0,True,False,,,,,,,,
lira,Cancer Risk,CANCER_RISK,1500,2,1200,300,LR,dp,0.2,30.0,,0.5033790740740741,0.01737968875263726,0.043555555555555556,0.02344411532154448,,,,,,,,,,,0.7433333333333331,2.220446049250313e-16,,,1200.0,300.0,0.11758333333333335,0.02200310373729293,0.012833333333333332,0.007869302759833677,0.0024722222222222224,0.003941019639949684,6.3761240572298465,0.37274417837157836,6.397029615835058,0.37203047567145014,32.0,True,False,,,,,,,,
lira,Cancer Risk,CANCER_RISK,1500,2,1200,300,LR,dp,0.4,30.0,,0.5007894444444445,0.016154110027540754,0.03944444444444446,0.01784233071748472,,,,,,,,,,,0.8033333333333336,2.220446049250313e-16,,,1200.0,300.0,0.11686111111111111,0.01826335550551945,0.013833333333333336,0.007452317561472876,0.0023888888888888896,0.0030560605643277926,4.73587595886901,0.3966627680657407,4.766530788327693,0.3965277774660007,32.0,True,False,,,,,,,,
lira,Cancer Risk,CANCER_RISK,1500,2,1200,300,LR,dp,0.8,30.0,,0.5051437962962964,0.018276452764695632,0.04402777777777778,0.021655000420454318,,,,,,,,,,,0.7933333333333332,1.1102230246251565e-16,,,1200.0,300.0,0.1131388888888889,0.019975312695523707,0.01666666666666667,0.006718548123582124,0.0036666666666666657,0.0036993492921303314,8.207949243077328,0.4013225112249915,8.260159036386755,0.41078544167080905,32.0,True,False,,,,,,,,
lira,Cancer Risk,CANCER_RISK,1500,2,1200,300,LR,dp,1.0,30.0,,0.5010730555555556,0.0202997012023409,0.04075,0.022777455959786204,,,,,,,,,,,0.8433333333333335,1.1102230246251565e-16,,,1200.0,300.0,0.11377777777777778,0.017685175489623093,0.014111111111111112,0.006968624569817327,0.0038888888888888888,0.0054362182752169235,4.07819280808417,0.40358802828498264,4.1171917197823324,0.4073517452125004,32.0,True,False,,,,,,,,
lira,Cancer Risk,CANCER_RISK,1500,2,1200,300,LR,dp,2.0,30.0,,0.505147037037037,0.02031552087297276,0.0415,0.024484878175299533,,,,,,,,,,,0.8466666666666669,2.220446049250313e-16,,,1200.0,300.0,0.10291666666666668,0.01713744816562926,0.010361111111111111,0.005988736856449986,0.002666666666666666,0.0031652043407209146,0.7427362894873115,0.103434708645899,0.7500962644085312,0.10693341621155586,32.0,True,False,,,,,,,,
lira,Cancer Risk,CANCER_RISK,1500,2,1200,300,LR,dp,4.0,30.0,,0.5089501851851851,0.018050808007366116,0.04991666666666665,0.0204026028659018,,,,,,,,,,,0.8500000000000002,2.220446049250313e-16,,,1200.0,300.0,0.09655555555555556,0.02142356496483415,0.010750000000000004,0.005956439092836144,0.003,0.0038646067309863735,0.3148339223183418,0.02420497532771209,0.3184037693177705,0.025304477639421556,32.0,True,False,,,,,,,,
lira,Cancer Risk,CANCER_RISK,1500,2,1200,300,LR,dp,8.0,30.0,,0.5084700925925927,0.019561627814650706,0.05344444444444443,0.024564478016984477,,,,,,,,,,,0.8500000000000002,2.220446049250313e-16,,,1200.0,300.0,0.09155555555555554,0.018166836560537553,0.01052777777777778,0.00603033739817288,0.0025555555555555553,0.002617014602958639,0.20954085577757578,0.01010926883759157,0.21219619702461703,0.010618957036667672,32.0,True,False,,,,,,,,
lira,Cancer Risk,CANCER_RISK,1500,2,1200,300,LR,dp,10.0,30.0,,0.5075941666666667,0.020284578658500176,0.05005555555555558,0.0246324211729076,,,,,,,,,,,0.8500000000000002,2.220446049250313e-16,,,1200.0,300.0,0.09219444444444444,0.017298420144804344,0.010750000000000003,0.005698237219299264,0.0023611111111111107,0.0017491179434923519,0.1963432790415264,0.008381903820030578,0.1988760368803787,0.008740656903057278,32.0,True,False,,,,,,,,
lira,Cancer Risk,CANCER_RISK,1500,2,1200,300,RF,standard,,30.0,,0.5647062037037037,0.009900856150455013,0.11316666666666667,0.019073930240378227,,,,,,,,,,,0.8500000000000002,2.220446049250313e-16,,,1200.0,300.0,0.14930555555555552,0.015834917074788617,0.03275,0.009735269023656354,0.013527777777777777,0.006720902074227687,0.29267317211986554,0.006753635558328059,0.3000704426055796,0.006826832972435157,32.0,True,False,,,,,,,,
lira,Cancer Risk,CANCER_RISK,1500,2,1200,300,RF,dp,0.1,30.0,,0.49442962962962966,0.018677751728633948,0.03202777777777778,0.018058140840553988,,,,,,,,,,,0.6400000000000001,1.1102230246251565e-16,,,1200.0,300.0,0.10138888888888888,0.016662962551348855,0.011500000000000002,0.004978658156274343,0.0022222222222222222,0.0022906142364542553,0.49156618067677466,0.025875869418709514,0.4873022589043335,0.021555904304636987,32.0,True,False,,,,,,,,
lira,Cancer Risk,CANCER_RISK,1500,2,1200,300,RF,dp,0.2,30.0,,0.5012628703703704,0.019508559144084885,0.03866666666666667,0.02278990192233458,,,,,,,,,,,0.6666666666666669,2.220446049250313e-16,,,1200.0,300.0,0.1001388888888889,0.016822993707540597,0.009638888888888891,0.004475671547652838,0.0010277777777777776,0.0018718595098701607,0.6150949698113994,0.07386168660782794,0.6123806971510294,0.07386820132844696,32.0,True,False,,,,,,,,
lira,Cancer Risk,CANCER_RISK,1500,2,1200,300,RF,dp,0.4,30.0,,0.5007975,0.014567984874635648,0.03697222222222221,0.016975586136901383,,,,,,,,,,,0.6866666666666669,2.220446049250313e-16,,,1200.0,300.0,0.10675,0.01943573217517635,0.009555555555555557,0.004126098806139364,0.002833333333333333,0.0024494897427831783,1.0437008918271116,0.14197018489802488,1.0186558012442468,0.1416942898142334,32.0,True,False,,,,,,,,
lira,Cancer Risk,CANCER_RISK,1500,2,1200,300,RF,dp,0.8,30.0,,0.5030999074074074,0.01566725687559344,0.043000000000000003,0.0200850045408859,,,,,,,,,,,0.7333333333333335,2.220446049250313e-16,,,1200.0,300.0,0.1033611111111111,0.017054492366427774,0.014388888888888889,0.005018176836803591,0.0028611111111111116,0.0023637240443894233,1.5357035575738769,0.12423611078649181,1.5137441635736384,0.13030735875137,32.0,True,False,,,,,,,,
lira,Cancer Risk,CANCER_RISK,1500,2,1200,300,RF,dp,1.0,30.0,,0.5023329629629629,0.014319668384449542,0.04125000000000001,0.015753820818149793,,,,,,,,,,,0.7100000000000002,2.220446049250313e-16,,,1200.0,300.0,0.0993333333333333,0.014870428024425847,0.008416666666666666,0.0050842439985741275,0.0012777777777777774,0.001532568247125969,1.6654703852481803,0.12107029275309075,1.6298292142779642,0.12676560292304925,32.0,True,False,,,,,,,,
lira,Cancer Risk,CANCER_RISK,1500,2,1200,300,RF,dp,2.0,30.0,,0.4988142592592592,0.01625023943687692,0.03841666666666668,0.01698903513489847,,,,,,,,,,,0.7233333333333332,2.220446049250313e-16,,,1200.0,300.0,0.10072222222222221,0.017983703185020423,0.008916666666666666,0.003430190039007125,0.001611111111111111,0.0018248964117396494,1.8545513484000928,0.12438505752299088,1.8164507974530264,0.12403917323014667,32.0,True,False,,,,,,,,
lira,Cancer Risk,CANCER_RISK,1500,2,1200,300,RF,dp,4.0,30.0,,0.49887435185185186,0.019206996842759276,0.03777777777777779,0.018020478748384795,,,,,,,,,,,0.7266666666666667,0.0,,,1200.0,300.0,0.10038888888888886,0.0173335113950968,0.01088888888888889,0.0055064496414950525,0.001638888888888889,0.0018318596770886166,1.9113903808275245,0.10519077871656685,1.875412896345024,0.11057850740702133,32.0,True,False,,,,,,,,
lira,Cancer Risk,CANCER_RISK,1500,2,1200,300,RF,dp,8.0,30.0,,0.4977866666666667,0.019711544154185044,0.03883333333333334,0.02017584731342936,,,,,,,,,,,0.7266666666666667,0.0,,,1200.0,300.0,0.0992777777777778,0.018379655284990026,0.011055555555555558,0.004887310351219349,0.0016111111111111111,0.0017993483045224052,1.9181925721938458,0.10311366937362244,1.8824387938780973,0.10761784279169694,32.0,True,False,,,,,,,,
lira,Cancer Risk,CANCER_RISK,1500,2,1200,300,RF,dp,10.0,30.0,,0.49813120370370373,0.019921965869786566,0.03922222222222223,0.019825550916325183,,,,,,,,,,,0.7266666666666667,0.0,,,1200.0,300.0,0.09972222222222224,0.01885659003251439,0.010916666666666668,0.0050339127701796525,0.0016111111111111111,0.0017993483045224052,1.9179896869850086,0.10355458319354668,1.882577948680301,0.10822421291491428,32.0,True,False,,,,,,,,
lira,Cancer Risk,CANCER_RISK,1500,2,1200,300,GNB,standard,,30.0,,0.511094074074074,0.01397032311173814,0.0503888888888889,0.018206293851370976,,,,,,,,,,,0.8299999999999996,3.3306690738754696e-16,,,1200.0,300.0,0.11230555555555558,0.01713600732123969,0.010944444444444444,0.005365067624670163,0.0027500000000000003,0.002227251253933455,0.7130747966968347,0.06996470991064085,0.7210653291142991,0.07477805371390113,32.0,True,False,,,,,,,,
lira,Cancer Risk,CANCER_RISK,1500,2,1200,300,GNB,dp,0.1,30.0,,0.5044956481481482,0.018196131455339243,0.04600000000000001,0.021397256660436466,,,,,,,,,,,0.6900000000000002,2.220446049250313e-16,,,1200.0,300.0,0.10716666666666666,0.016132552781852577,0.013611111111111112,0.008727705282957993,0.0041111111111111105,0.0045741490472188204,6.773702425294242,0.6154440985831646,6.7785357665275745,0.619223643746909,32.0,True,False,,,,,,,,
lira,Cancer Risk,CANCER_RISK,1500,2,1200,300,GNB,dp,0.2,30.0,,0.4989826851851852,0.014607914621539658,0.041777777777777796,0.020387147972905275,,,,,,,,,,,0.5399999999999998,2.220446049250313e-16,,,1200.0,300.0,0.11563888888888887,0.02031885109637214,0.015944444444444445,0.008699545894208047,0.004527777777777777,0.0046232270542405475,6.411564056885202,0.705857137424463,6.415099882136743,0.6994101879206861,32.0,True,False,,,,,,,,
lira,Cancer Risk,CANCER_RISK,1500,2,1200,300,GNB,dp,0.4,30.0,,0.4938661111111112,0.015514931534312465,0.033888888888888885,0.019287461544731748,,,,,,,,,,,0.7300000000000001,1.1102230246251565e-16,,,1200.0,300.0,0.09100000000000001,0.016222412479858433,0.009944444444444445,0.004806117500862704,0.0028055555555555555,0.0036482068993201186,6.02025551263989,0.5124376367188608,6.03978876087078,0.5144851854202955,32.0,True,False,,,,,,,,
lira,Cancer Risk,CANCER_RISK,1500,2,1200,300,GNB,dp,0.8,30.0,,0.49643638888888886,0.022510366671609973,0.04155555555555557,0.024790542302545966,,,,,,,,,,,0.8233333333333336,2.220446049250313e-16,,,1200.0,300.0,0.09483333333333333,0.023013080016630803,0.011444444444444446,0.007096991189977432,0.0034722222222222225,0.003849502934082032,5.12125627964664,0.6386243150580838,5.139562710436356,0.6363326310271951,32.0,True,False,,,,,,,,
lira,Cancer Risk,CANCER_RISK,1500,2,1200,300,GNB,dp,1.0,30.0,,0.49585212962962966,0.014534161770676712,0.03644444444444446,0.01764875052409457,,,,,,,,,,,0.7100000000000002,2.220446049250313e-16,,,1200.0,300.0,0.0928888888888889,0.014422098099106348,0.012083333333333335,0.008265697747877021,0.003111111111111112,0.005489608589793611,4.922785862165482,0.6254649583514933,4.943014673179695,0.6315067179383836,32.0,True,False,,,,,,,,
lira,Cancer Risk,CANCER_RISK,1500,2,1200,300,GNB,dp,2.0,30.0,,0.5009571296296297,0.020301356505632633,0.04516666666666668,0.022634781495153283,,,,,,,,,,,0.7800000000000001,1.1102230246251565e-16,,,1200.0,300.0,0.09441666666666666,0.013586400471713537,0.011000000000000001,0.005075358042469444,0.0025833333333333333,0.002437648381048758,3.2391821910939913,0.4278483891454536,3.2558627870883896,0.4296770007565938,32.0,True,False,,,,,,,,
lira,Cancer Risk,CANCER_RISK,1500,2,1200,300,GNB,dp,4.0,30.0,,0.5034012962962963,0.019816999170877158,0.04366666666666668,0.021071527217059027,,,,,,,,,,,0.84,0.0,,,1200.0,300.0,0.10388888888888889,0.015251492539792886,0.013416666666666667,0.006441869696383588,0.0029999999999999996,0.0026051942417096344,1.8609751293509156,0.3336303016975071,1.864671555384558,0.3357278559704933,32.0,True,False,,,,,,,,
lira,Cancer Risk,CANCER_RISK,1500,2,1200,300,GNB,dp,8.0,30.0,,0.4985401851851852,0.019406384719131503,0.036472222222222225,0.022223281224766557,,,,,,,,,,,0.8066666666666663,3.3306690738754696e-16,,,1200.0,300.0,0.10652777777777778,0.017476284636368168,0.012444444444444444,0.005519046706018158,0.0028888888888888883,0.0030256108453755788,1.219762492850271,0.10152190749120574,1.223968199525493,0.09575730376351894,32.0,True,False,,,,,,,,
lira,Cancer Risk,CANCER_RISK,1500,2,1200,300,GNB,dp,10.0,30.0,,0.4976988888888888,0.01565925061866855,0.030583333333333334,0.0157058463990678,,,,,,,,,,,0.8233333333333336,2.220446049250313e-16,,,1200.0,300.0,0.10236111111111111,0.01261261004307853,0.012444444444444445,0.00584496195427426,0.0044444444444444444,0.003892855120301078,1.099668162870892,0.09150418395779165,1.1032708812199414,0.08559579692049897,32.0,True,False,,,,,,,,
lira,Cancer Risk,CANCER_RISK,1500,2,1200,300,SVM,standard,,30.0,,0.5771351851851853,0.014696906559350038,0.12541666666666668,0.021727212413451925,,,,,,,,,,,0.8833333333333332,1.1102230246251565e-16,,,1200.0,300.0,0.17205555555555557,0.0185725969650098,0.026333333333333334,0.014380091690842485,0.005222222222222223,0.005962589130218724,0.4104997484141384,0.012411307818849724,0.4389642579995987,0.012953992619662484,32.0,True,False,,,,,,,,
lira,Cancer Risk,CANCER_RISK,1500,2,1200,300,SVM,dp,0.1,30.0,,0.5052662037037037,0.020413464753753666,0.04694444444444443,0.021135950299471476,,,,,,,,,,,0.7266666666666667,0.0,,,1200.0,300.0,0.0921111111111111,0.015791953725525408,0.011583333333333331,0.007211584045439978,0.0034722222222222225,0.004981834284629124,4.871419750245617,0.4738651577569696,4.883108138994817,0.4753479691789546,32.0,True,False,,,,,,,,
lira,Cancer Risk,CANCER_RISK,1500,2,1200,300,SVM,dp,0.2,30.0,,0.5037119444444443,0.022309449433542242,0.04630555555555555,0.026637730249394493,,,,,,,,,,,0.7100000000000002,2.220446049250313e-16,,,1200.0,300.0,0.09602777777777778,0.017161654248446154,0.01361111111111111,0.009570240653862342,0.003944444444444445,0.00588836475654938,3.427109996910656,0.3264309706279945,3.448472721979842,0.3316771544120545,32.0,True,False,,,,,,,,
lira,Cancer Risk,CANCER_RISK,1500,2,1200,300,SVM,dp,0.4,30.0,,0.5057135185185185,0.019823548379038422,0.0456388888888889,0.02674873078793518,,,,,,,,,,,0.8133333333333331,2.220446049250313e-16,,,1200.0,300.0,0.10577777777777778,0.019651987616624192,0.014805555555555556,0.008212127812563351,0.003888888888888889,0.0048032267960529396,4.055712325293893,0.38406869091961404,4.101388435041966,0.3958022676776624,32.0,True,False,,,,,,,,
lira,Cancer Risk,CANCER_RISK,1500,2,1200,300,SVM,dp,0.8,30.0,,0.5033416666666668,0.023336018650594734,0.0478888888888889,0.026192603328722454,,,,,,,,,,,0.8433333333333335,1.1102230246251565e-16,,,1200.0,300.0,0.10138888888888889,0.02208184830786042,0.011611111111111112,0.008800603234094274,0.003499999999999999,0.0037908271353848844,0.6432653531423642,0.057579258991231064,0.6507409577722734,0.05810277928943365,32.0,True,False,,,,,,,,
lira,Cancer Risk,CANCER_RISK,1500,2,1200,300,SVM,dp,1.0,30.0,,0.5034610185185184,0.02260611882374593,0.04633333333333331,0.02449073899040811,,,,,,,,,,,0.8433333333333335,1.1102230246251565e-16,,,1200.0,300.0,0.10216666666666668,0.023946893404024325,0.011944444444444445,0.008833158628600795,0.0029166666666666664,0.0032328607902118033,0.4710688397640042,0.03523184626158586,0.47625464256044114,0.03555345469712439,32.0,True,False,,,,,,,,
lira,Cancer Risk,CANCER_RISK,1500,2,1200,300,SVM,dp,2.0,30.0,,0.5046373148148148,0.021091001566054843,0.043750000000000025,0.02632309048331126,,,,,,,,,,,0.8466666666666669,2.220446049250313e-16,,,1200.0,300.0,0.10233333333333335,0.018997319499027963,0.011055555555555558,0.00591581892727008,0.0022222222222222222,0.001928506106412198,0.26317022177622035,0.013659135684810076,0.2660345305265307,0.013996486786357686,32.0,True,False,,,,,,,,
lira,Cancer Risk,CANCER_RISK,1500,2,1200,300,SVM,dp,4.0,30.0,,0.5069792592592592,0.020831264795249986,0.049194444444444464,0.02516195994740993,,,,,,,,,,,0.8500000000000002,2.220446049250313e-16,,,1200.0,300.0,0.10427777777777779,0.01865839763937771,0.013472222222222222,0.00668082986269827,0.0030555555555555553,0.0034916125249934817,0.2121250575709914,0.009518686445824955,0.21450435990862254,0.009669814913399155,32.0,True,False,,,,,,,,
lira,Cancer Risk,CANCER_RISK,1500,2,1200,300,SVM,dp,8.0,30.0,,0.5093148148148148,0.0207691073998843,0.05408333333333334,0.021339788519900416,,,,,,,,,,,0.8500000000000002,2.220446049250313e-16,,,1200.0,300.0,0.10413888888888888,0.021549344036305644,0.014833333333333334,0.007997105958014042,0.002861111111111111,0.0030021854179831426,0.19992072793171986,0.008655048878064857,0.20220411059229787,0.008734609167496353,32.0,True,False,,,,,,,,
lira,Cancer Risk,CANCER_RISK,1500,2,1200,300,SVM,dp,10.0,30.0,,0.5100707407407408,0.020843808326259337,0.05244444444444444,0.02011187843840021,,,,,,,,,,,0.8500000000000002,2.220446049250313e-16,,,1200.0,300.0,0.10491666666666664,0.021871203374232453,0.014583333333333332,0.0072672209268743165,0.0027500000000000003,0.00274831598269572,0.19853111452173644,0.008534839682417798,0.20080679169132856,0.008603652326199189,32.0,True,False,,,,,,,,
lira,Cancer Risk,CANCER_RISK,1500,2,1200,300,DNN,standard,,5.0,,0.5761761111111111,0.013622830396973,0.14766666666666667,0.017178798302300156,,,,,,,,,,,0.89,0.0,,,1200.0,300.0,0.141,0.009623466688834695,0.03966666666666667,0.010653637876331258,0.012833333333333332,0.009769567259835228,0.6722902870542036,0.017721516349421415,0.7079565469531841,0.008114894458139277,32.0,True,False,,,,,,,,
lira,Cancer Risk,CANCER_RISK,1500,2,1200,300,DNN,dp,0.1,5.0,,0.51616,0.01696572676214904,0.06433333333333334,0.012543258481484543,,,,,,,,,,,0.59,0.0,,,1200.0,300.0,0.10083333333333333,0.015402020069530564,0.018166666666666668,0.0011055415967851333,0.007166666666666666,0.0031885210782848323,0.49185071187021806,0.014290643000289482,0.5073839328971195,0.011809545669254112,32.0,True,False,,,,,,,,
lira,Cancer Risk,CANCER_RISK,1500,2,1200,300,DNN,dp,0.2,5.0,,0.5176627777777778,0.01707531099801733,0.06450000000000002,0.013297869503545825,,,,,,,,,,,0.67,0.0,,,1200.0,300.0,0.09883333333333333,0.019225272718770753,0.019499999999999997,0.002013840995599095,0.0075000000000000015,0.0035355339059327377,0.49185071187021806,0.014290643000289482,0.5073839328971195,0.011809545669254112,32.0,True,False,,,,,,,,
lira,Cancer Risk,CANCER_RISK,1500,2,1200,300,DNN,dp,0.4,5.0,,0.5188344444444445,0.016578884160280506,0.0605,0.011944315244779296,,,,,,,,,,,0.6366666666666667,0.0,,,1200.0,300.0,0.098,0.01776857400643682,0.0205,0.004396968652757639,0.007833333333333335,0.003358240279934981,0.49185071187021806,0.014290643000289482,0.5073839328971195,0.011809545669254112,32.0,True,False,,,,,,,,
lira,Cancer Risk,CANCER_RISK,1500,2,1200,300,DNN,dp,0.8,5.0,,0.5188427777777778,0.011863625884855001,0.06116666666666665,0.013108521401490466,,,,,,,,,,,0.63,0.0,,,1200.0,300.0,0.10216666666666666,0.016206994374857623,0.019333333333333334,0.00406201920231798,0.007999999999999998,0.004034572812303402,0.49185071187021806,0.014290643000289482,0.5073839328971195,0.011809545669254112,32.0,True,False,,,,,,,,
lira,Cancer Risk,CANCER_RISK,1500,2,1200,300,DNN,dp,1.0,5.0,,0.5179927777777777,0.00973724784931618,0.059833333333333315,0.013274871834493258,,,,,,,,,,,0.63,0.0,,,1200.0,300.0,0.1005,0.011384687571958709,0.018833333333333334,0.0036742346141747668,0.006833333333333333,0.0029059326290271155,0.49185071187021806,0.014290643000289482,0.5073839328971195,0.011809545669254112,32.0,True,False,,,,,,,,
lira,Cancer Risk,CANCER_RISK,1500,2,1200,300,DNN,dp,2.0,5.0,,0.5127022222222222,0.008580128743746139,0.04966666666666668,0.009392668535736906,,,,,,,,,,,0.6633333333333333,0.0,,,1200.0,300.0,0.10550000000000001,0.011649988078200862,0.018,0.004612784167699349,0.007000000000000001,0.0035197853469904794,0.49185071187021806,0.014290643000289482,0.5073839328971195,0.011809545669254112,32.0,True,False,,,,,,,,
lira,Cancer Risk,CANCER_RISK,1500,2,1200,300,DNN,dp,4.0,5.0,,0.5040866666666667,0.010213033672230917,0.04083333333333331,0.01011050059206873,,,,,,,,,,,0.7366666666666667,0.0,,,1200.0,300.0,0.11183333333333331,0.018851760896236955,0.0175,0.0041163630117428225,0.005666666666666667,0.0036285901761795403,0.49185071187021806,0.014290643000289482,0.5073839328971195,0.011809545669254112,32.0,True,False,,,,,,,,
lira,Cancer Risk,CANCER_RISK,1500,2,1200,300,DNN,dp,8.0,5.0,,0.49981555555555557,0.014178982946862144,0.03833333333333332,0.013133925536563689,,,,,,,,,,,0.8233333333333335,1.1102230246251565e-16,,,1200.0,300.0,0.099,0.010844865656664962,0.0115,0.005201495511442411,0.002666666666666667,0.00219848432637882,0.49185071187021806,0.014290643000289482,0.5073839328971195,0.011809545669254112,32.0,True,False,,,,,,,,
lira,Cancer Risk,CANCER_RISK,1500,2,1200,300,DNN,dp,10.0,5.0,,0.4990705555555556,0.017738231153202517,0.044000000000000025,0.0198774020211674,,,,,,,,,,,0.8299999999999998,1.1102230246251565e-16,,,1200.0,300.0,0.09683333333333334,0.012297244497131144,0.009833333333333333,0.007253351715662981,0.0034999999999999996,0.0023213980461973534,0.49185071187021806,0.014290643000289482,0.5073839328971195,0.011809545669254112,32.0,True,False,,,,,,,,
lira,Gallstone,GALLSTONE,319,2,255,64,LR,standard,,30.0,,0.5305106209150326,0.02074950052719924,0.11389297385620914,0.031206368254502317,,,,,,,,,,,0.765625,0.0,,,255.0,64.0,0.10797385620915036,0.03212709180375806,0.013202614379084968,0.014229164972072997,0.013202614379084968,0.014229164972072997,0.18092889609400176,0.008630689231686452,0.19016657737062526,0.009507519707884556,32.0,True,False,,,,,,,,
lira,Gallstone,GALLSTONE,319,2,255,64,LR,dp,0.1,30.0,,0.4969546568627451,0.03485683543087534,0.07561274509803922,0.03978257478293396,,,,,,,,,,,0.484375,0.0,,,255.0,64.0,0.11228758169934641,0.046273217366833645,0.019999999999999997,0.017401339397908853,0.019999999999999997,0.017401339397908853,11.523544697348465,0.33460559634671155,11.529921332303982,0.340712081815117,32.0,True,False,,,,,,,,
lira,Gallstone,GALLSTONE,319,2,255,64,LR,dp,0.2,30.0,,0.49514093137254905,0.037377227143602774,0.07311683006535948,0.038854655569091776,,,,,,,,,,,0.484375,0.0,,,255.0,64.0,0.11294117647058824,0.044256426602873364,0.0188235294117647,0.017461625599473514,0.0188235294117647,0.017461625599473514,11.08512713600647,0.3148737162420508,11.111573165407439,0.3199058054847534,32.0,True,False,,,,,,,,
lira,Gallstone,GALLSTONE,319,2,255,64,LR,dp,0.4,30.0,,0.4957393790849673,0.04014999566961985,0.07818627450980394,0.04290842945290386,,,,,,,,,,,0.5,0.0,,,255.0,64.0,0.11071895424836603,0.0486936438933806,0.017254901960784313,0.017141636567618832,0.017254901960784313,0.017141636567618832,10.422066219933987,0.28933357694047673,10.467525610447495,0.2876613426263833,32.0,True,False,,,,,,,,
lira,Gallstone,GALLSTONE,319,2,255,64,LR,dp,0.8,30.0,,0.49957414215686274,0.0379615331318458,0.0795404411764706,0.04260080596845205,,,,,,,,,,,0.4375,0.0,,,255.0,64.0,0.11163398692810458,0.041238463552352944,0.019084967320261437,0.01564482541215914,0.019084967320261437,0.01564482541215914,12.748104471129812,0.18809165185796375,12.781692762931726,0.1968654817603638,32.0,True,False,,,,,,,,
lira,Gallstone,GALLSTONE,319,2,255,64,LR,dp,1.0,30.0,,0.5010130718954249,0.03764844948631724,0.08352124183006536,0.04281986769332164,,,,,,,,,,,0.515625,0.0,,,255.0,64.0,0.1275816993464052,0.05161727205254745,0.01477124183006536,0.012993884871080299,0.01477124183006536,0.012993884871080299,11.30830195495834,0.20838950749677018,11.371756037867437,0.1997732069396551,32.0,True,False,,,,,,,,
lira,Gallstone,GALLSTONE,319,2,255,64,LR,dp,2.0,30.0,,0.4996160130718954,0.0497946338684887,0.07662990196078429,0.049580887441733064,,,,,,,,,,,0.484375,0.0,,,255.0,64.0,0.10784313725490197,0.05506744434679255,0.012418300653594767,0.013512192635642736,0.012418300653594767,0.013512192635642736,5.107968991989755,0.1862466420081207,5.215152789507303,0.1784915412771303,32.0,True,False,,,,,,,,
lira,Gallstone,GALLSTONE,319,2,255,64,LR,dp,4.0,30.0,,0.4960559640522876,0.05042035254304772,0.07712214052287583,0.05152670766488304,,,,,,,,,,,0.609375,0.0,,,255.0,64.0,0.10091503267973857,0.04025974022394754,0.011895424836601307,0.013901147992255333,0.011895424836601307,0.013901147992255333,1.8664278940793722,0.07063714509591888,1.9374193464712175,0.07110754695325658,32.0,True,False,,,,,,,,
lira,Gallstone,GALLSTONE,319,2,255,64,LR,dp,8.0,30.0,,0.49351715686274505,0.045627400115762114,0.07249591503267974,0.04955903851836467,,,,,,,,,,,0.640625,0.0,,,255.0,64.0,0.11137254901960786,0.03261588533072041,0.01150326797385621,0.011042463833695622,0.01150326797385621,0.011042463833695622,0.795943862340804,0.027279771653103104,0.8362757569722802,0.029060015514526298,32.0,True,False,,,,,,,,
lira,Gallstone,GALLSTONE,319,2,255,64,LR,dp,10.0,30.0,,0.491938316993464,0.043916812880272445,0.07277165032679739,0.047265594877962565,,,,,,,,,,,0.65625,0.0,,,255.0,64.0,0.11058823529411764,0.03607558954422966,0.011372549019607842,0.010343330853437045,0.011372549019607842,0.010343330853437045,0.6273388233353319,0.02126891700475743,0.6606196411921296,0.022826005528715405,32.0,True,False,,,,,,,,
lira,Gallstone,GALLSTONE,319,2,255,64,RF,standard,,30.0,,0.7682700163398692,0.011332229650815668,0.45521241830065345,0.028147484734945116,,,,,,,,,,,0.828125,0.0,,,255.0,64.0,0.46522875816993464,0.0588887075360094,0.16418300653594772,0.06768717827715033,0.16418300653594772,0.06768717827715033,0.464256970637911,0.010613676105373497,0.4799342214051767,0.01110740914180171,32.0,True,False,,,,,,,,
lira,Gallstone,GALLSTONE,319,2,255,64,RF,dp,0.1,30.0,,0.4990543300653595,0.03935684130310103,0.08573120915032681,0.045873370189052125,,,,,,,,,,,0.484375,0.0,,,255.0,64.0,0.1069281045751634,0.046730152163166595,0.010849673202614377,0.010260397099707403,0.010849673202614377,0.010260397099707403,0.45526613566854096,0.026384030473979216,0.45642765226627674,0.026754607623943837,32.0,True,False,,,,,,,,
lira,Gallstone,GALLSTONE,319,2,255,64,RF,dp,0.2,30.0,,0.506062091503268,0.034672887385142806,0.08696691176470586,0.03736173779727998,,,,,,,,,,,0.5,0.0,,,255.0,64.0,0.11947712418300654,0.03479285779531294,0.013725490196078431,0.0160337335022691,0.013725490196078431,0.0160337335022691,0.4466876912438258,0.02349988292353172,0.4471453114462694,0.024438173215726087,32.0,True,False,,,,,,,,
lira,Gallstone,GALLSTONE,319,2,255,64,RF,dp,0.4,30.0,,0.5037704248366013,0.035319064482138514,0.084015522875817,0.03523186178419225,,,,,,,,,,,0.484375,0.0,,,255.0,64.0,0.12784313725490196,0.03612103196759044,0.02,0.02355880517000092,0.02,0.02355880517000092,0.45087395493390975,0.03123542090081803,0.4513657119469965,0.030406310803585693,32.0,True,False,,,,,,,,
lira,Gallstone,GALLSTONE,319,2,255,64,RF,dp,0.8,30.0,,0.5009722222222223,0.03933577193503468,0.08543913398692811,0.04996063536403318,,,,,,,,,,,0.5,0.0,,,255.0,64.0,0.09725490196078432,0.03366463577949171,0.018431372549019606,0.02141119010936266,0.018431372549019606,0.02141119010936266,0.4439228565392123,0.030735337847516427,0.4460113742010009,0.03354625204808427,32.0,True,False,,,,,,,,
lira,Gallstone,GALLSTONE,319,2,255,64,RF,dp,1.0,30.0,,0.5007965686274509,0.03459986973383694,0.08322916666666667,0.042419956057840165,,,,,,,,,,,0.59375,0.0,,,255.0,64.0,0.1269281045751634,0.04135948538707437,0.021568627450980392,0.015381016742141684,0.021568627450980392,0.015381016742141684,0.44300761740747957,0.029154766042513915,0.4482911252475294,0.03033621860373368,32.0,True,False,,,,,,,,
lira,Gallstone,GALLSTONE,319,2,255,64,RF,dp,2.0,30.0,,0.5111499183006536,0.03837479749697944,0.09717116013071896,0.04242703602363009,,,,,,,,,,,0.546875,0.0,,,255.0,64.0,0.11490196078431375,0.034024363495744184,0.019869281045751634,0.013619886303405078,0.019869281045751634,0.013619886303405078,0.4360462947826293,0.023002911833948807,0.43835725527890634,0.02495414604733991,32.0,True,False,,,,,,,,
lira,Gallstone,GALLSTONE,319,2,255,64,RF,dp,4.0,30.0,,0.5103819444444444,0.03629234155913944,0.09436887254901963,0.04405606958430286,,,,,,,,,,,0.578125,0.0,,,255.0,64.0,0.10980392156862748,0.02895948550284547,0.015686274509803918,0.016514103735794778,0.015686274509803918,0.016514103735794778,0.43598999872897237,0.023108952957257147,0.4382550875110098,0.024883743919819064,32.0,True,False,,,,,,,,
lira,Gallstone,GALLSTONE,319,2,255,64,RF,dp,8.0,30.0,,0.5121915849673203,0.03734445694780472,0.0962704248366013,0.047614988006152534,,,,,,,,,,,0.546875,0.0,,,255.0,64.0,0.11908496732026144,0.03384813288485317,0.0203921568627451,0.016213366518916236,0.0203921568627451,0.016213366518916236,0.43507774668714655,0.0223046574946313,0.4373440073068476,0.02401905223738039,32.0,True,False,,,,,,,,
lira,Gallstone,GALLSTONE,319,2,255,64,RF,dp,10.0,30.0,,0.5121956699346406,0.037455006606561,0.09637459150326795,0.047149225858163855,,,,,,,,,,,0.546875,0.0,,,255.0,64.0,0.11908496732026144,0.03384813288485317,0.020261437908496733,0.01591607276063519,0.020261437908496733,0.01591607276063519,0.4351010843311673,0.022297571467687856,0.43737261575782943,0.024016481168932673,32.0,True,False,,,,,,,,
lira,Gallstone,GALLSTONE,319,2,255,64,GNB,standard,,30.0,,0.5129748774509802,0.028013646368592625,0.09050245098039214,0.035538641673299946,,,,,,,,,,,0.546875,0.0,,,255.0,64.0,0.13568627450980392,0.036248533359345386,0.008366013071895424,0.005703901759286647,0.008366013071895424,0.005703901759286647,5.373677578847943,0.4174814321107664,5.796974564464091,0.4126505291264357,32.0,True,False,,,,,,,,
lira,Gallstone,GALLSTONE,319,2,255,64,GNB,dp,0.1,30.0,,0.49853349673202624,0.03142406719831892,0.0794628267973856,0.03964824779020605,,,,,,,,,,,0.53125,0.0,,,255.0,64.0,0.10993464052287584,0.035647948008112836,0.014509803921568625,0.011901169337641973,0.014509803921568625,0.011901169337641973,11.231778387323798,0.45481446389302516,11.232700951604505,0.4446118951952827,32.0,True,False,,,,,,,,
lira,Gallstone,GALLSTONE,319,2,255,64,GNB,dp,0.2,30.0,,0.49085784313725495,0.04024324085379119,0.07949346405228759,0.04675823899760285,,,,,,,,,,,0.5,0.0,,,255.0,64.0,0.0954248366013072,0.04183823449642826,0.015555555555555555,0.016836378027992146,0.015555555555555555,0.016836378027992146,10.968772949333808,0.5310803610205057,10.960475759255532,0.5305225416256711,32.0,True,False,,,,,,,,
lira,Gallstone,GALLSTONE,319,2,255,64,GNB,dp,0.4,30.0,,0.5100531045751634,0.032112274449319654,0.08866013071895426,0.045176622836046426,,,,,,,,,,,0.46875,0.0,,,255.0,64.0,0.10352941176470587,0.03286639504275602,0.0134640522875817,0.016316846525651702,0.0134640522875817,0.016316846525651702,10.995121125851757,0.5063292941537844,11.002427516370062,0.48647659675344906,32.0,True,False,,,,,,,,
lira,Gallstone,GALLSTONE,319,2,255,64,GNB,dp,0.8,30.0,,0.5000837418300653,0.04075476766410965,0.0817626633986928,0.04858154828433441,,,,,,,,,,,0.453125,0.0,,,255.0,64.0,0.09398692810457518,0.028576072317496547,0.017385620915032676,0.019859388662294468,0.017385620915032676,0.019859388662294468,10.800165758427703,0.4618530542906272,10.803673367004093,0.473453702992824,32.0,True,False,,,,,,,,
lira,Gallstone,GALLSTONE,319,2,255,64,GNB,dp,1.0,30.0,,0.49935457516339876,0.04475091226576338,0.08254901960784315,0.04280402769250375,,,,,,,,,,,0.515625,0.0,,,255.0,64.0,0.10418300653594773,0.03565082392496859,0.012941176470588237,0.012240907041683104,0.012941176470588237,0.012240907041683104,10.547221691238853,0.5498344620342943,10.523838415439371,0.5374858549038103,32.0,True,False,,,,,,,,
lira,Gallstone,GALLSTONE,319,2,255,64,GNB,dp,2.0,30.0,,0.4965604575163398,0.038769729727407,0.07736315359477125,0.044099671479039364,,,,,,,,,,,0.515625,0.0,,,255.0,64.0,0.09830065359477126,0.042041134154514756,0.011633986928104577,0.00908379171403487,0.011633986928104577,0.00908379171403487,10.122621938285135,0.30987774979104665,10.122169451296147,0.30482766321587834,32.0,True,False,,,,,,,,
lira,Gallstone,GALLSTONE,319,2,255,64,GNB,dp,4.0,30.0,,0.5034579248366013,0.04533307741295677,0.08161356209150328,0.0452165970054952,,,,,,,,,,,0.53125,0.0,,,255.0,64.0,0.10431372549019607,0.04707624949687791,0.01790849673202614,0.016285399406882374,0.01790849673202614,0.016285399406882374,9.885124587414142,0.4221415365131694,9.898262361244235,0.42864004206182094,32.0,True,False,,,,,,,,
lira,Gallstone,GALLSTONE,319,2,255,64,GNB,dp,8.0,30.0,,0.5011397058823529,0.04168515184921107,0.084734477124183,0.04777643833957067,,,,,,,,,,,0.46875,0.0,,,255.0,64.0,0.09803921568627448,0.039502221170213896,0.015424836601307189,0.01666653851033645,0.015424836601307189,0.01666653851033645,9.385438142708324,0.5202183776642604,9.426392380496859,0.5002488135507344,32.0,True,False,,,,,,,,
lira,Gallstone,GALLSTONE,319,2,255,64,GNB,dp,10.0,30.0,,0.5002798202614379,0.03256400827646268,0.08300653594771241,0.04427055511178981,,,,,,,,,,,0.578125,0.0,,,255.0,64.0,0.10718954248366011,0.041258347893229096,0.01333333333333333,0.01580348367028226,0.01333333333333333,0.01580348367028226,9.345825015465282,0.4040485990892494,9.394389327670014,0.3778939679470769,32.0,True,False,,,,,,,,
lira,Gallstone,GALLSTONE,319,2,255,64,SVM,standard,,30.0,,0.6945200163398694,0.01646531464753855,0.3090298202614379,0.029375077043939126,,,,,,,,,,,0.78125,0.0,,,255.0,64.0,0.3125490196078432,0.05502460624181833,0.07542483660130721,0.0392507468543688,0.07542483660130721,0.0392507468543688,0.5130443264629543,0.022757057960489085,0.5767532324257528,0.02461602148882268,32.0,True,False,,,,,,,,
lira,Gallstone,GALLSTONE,319,2,255,64,SVM,dp,0.1,30.0,,0.4888766339869281,0.0323634371178468,0.07458537581699347,0.035220926101026874,,,,,,,,,,,0.5,0.0,,,255.0,64.0,0.10326797385620917,0.03584656000209696,0.01699346405228758,0.015400445986952303,0.01699346405228758,0.015400445986952303,12.205728210024294,0.37390656703365877,12.227839349895067,0.37084974735240006,32.0,True,False,,,,,,,,
lira,Gallstone,GALLSTONE,319,2,255,64,SVM,dp,0.2,30.0,,0.49052696078431374,0.031664982995670596,0.07155841503267973,0.03841260552476733,,,,,,,,,,,0.46875,0.0,,,255.0,64.0,0.09712418300653596,0.03831225147295121,0.013856209150326796,0.010061114460075219,0.013856209150326796,0.010061114460075219,10.965996849734733,0.538449918089044,10.989982011281642,0.5289471226329806,32.0,True,False,,,,,,,,
lira,Gallstone,GALLSTONE,319,2,255,64,SVM,dp,0.4,30.0,,0.49847630718954256,0.04109740872232482,0.08862132352941177,0.04666363810900117,,,,,,,,,,,0.40625,0.0,,,255.0,64.0,0.08797385620915033,0.04037099938724118,0.006797385620915032,0.009331538979124051,0.006797385620915032,0.009331538979124051,9.015185865166256,0.6463412456339996,9.055999082444687,0.6451363558864673,32.0,True,False,,,,,,,,
lira,Gallstone,GALLSTONE,319,2,255,64,SVM,dp,0.8,30.0,,0.5042973856209151,0.03486523819640524,0.09217728758169934,0.03678245191713681,,,,,,,,,,,0.375,0.0,,,255.0,64.0,0.09947712418300654,0.03704423869494212,0.009542483660130718,0.00909507126107135,0.009542483660130718,0.00909507126107135,6.941151229786536,0.4347988382317328,7.026908105934909,0.4294292977313748,32.0,True,False,,,,,,,,
lira,Gallstone,GALLSTONE,319,2,255,64,SVM,dp,1.0,30.0,,0.4846732026143791,0.04110279542951492,0.08189746732026144,0.0517934229624431,,,,,,,,,,,0.359375,0.0,,,255.0,64.0,0.07908496732026143,0.03274894632521165,0.012418300653594772,0.012527896165080477,0.012418300653594772,0.012527896165080477,11.772955874089632,0.4166416342942684,11.576956740260021,0.4323060488046611,32.0,True,False,,,,,,,,
lira,Gallstone,GALLSTONE,319,2,255,64,SVM,dp,2.0,30.0,,0.5007373366013071,0.04838428540701762,0.08742442810457514,0.05760625785156352,,,,,,,,,,,0.46875,0.0,,,255.0,64.0,0.0942483660130719,0.030985907233660247,0.008104575163398691,0.01080785705024543,0.008104575163398691,0.01080785705024543,5.821111450774487,0.2508722412681841,6.010029811578716,0.25239598904835786,32.0,True,False,,,,,,,,
lira,Gallstone,GALLSTONE,319,2,255,64,SVM,dp,4.0,30.0,,0.5122242647058823,0.048376215141956,0.10680147058823529,0.054085379980604906,,,,,,,,,,,0.59375,0.0,,,255.0,64.0,0.09751633986928104,0.040257193562886893,0.010196078431372546,0.014970602146112845,0.010196078431372546,0.014970602146112845,1.7909011982780212,0.07741124274600542,1.8912893801916113,0.0736914973670439,32.0,True,False,,,,,,,,
lira,Gallstone,GALLSTONE,319,2,255,64,SVM,dp,8.0,30.0,,0.5302062908496732,0.049464242860885306,0.11771037581699348,0.05757956803698869,,,,,,,,,,,0.734375,0.0,,,255.0,64.0,0.10967320261437909,0.04579437779224417,0.008888888888888887,0.011497324667867199,0.008888888888888887,0.011497324667867199,0.8344563224104317,0.03181863954555109,0.8850332135584017,0.03262567040372443,32.0,True,False,,,,,,,,
lira,Gallstone,GALLSTONE,319,2,255,64,SVM,dp,10.0,30.0,,0.5393402777777777,0.04479787886019814,0.1281658496732026,0.05779111996324353,,,,,,,,,,,0.75,0.0,,,255.0,64.0,0.11294117647058825,0.04008705124550711,0.010196078431372546,0.015038930215183955,0.010196078431372546,0.015038930215183955,0.7097743310825659,0.028759753479048408,0.7515802959007396,0.030520033602207782,32.0,True,False,,,,,,,,
lira,Gallstone,GALLSTONE,319,2,255,64,DNN,standard,,5.0,,0.6878921568627451,0.022288146220305453,0.288921568627451,0.04158152344587639,,,,,,,,,,,0.78125,0.0,,,255.0,64.0,0.25882352941176473,0.051609988631724245,0.03529411764705882,0.045463142733143336,0.03529411764705882,0.045463142733143336,0.6752752282050419,0.025909210022642654,0.7952039368177901,0.027304484273238307,32.0,True,False,,,,,,,,
lira,Gallstone,GALLSTONE,319,2,255,64,DNN,dp,0.1,5.0,,0.5302083333333334,0.004548863777756873,0.09947303921568625,0.013082909983673662,,,,,,,,,,,0.5,0.0,,,255.0,64.0,0.1388235294117647,0.01040509738150714,0.008627450980392156,0.0015686274509803923,0.008627450980392156,0.0015686274509803923,0.7972508009512939,0.015795883374889717,0.9834397888719881,0.03802574160619874,32.0,True,False,,,,,,,,
lira,Gallstone,GALLSTONE,319,2,255,64,DNN,dp,0.2,5.0,,0.5305269607843137,0.004497632499091664,0.09947303921568625,0.013082909983673662,,,,,,,,,,,0.5,0.0,,,255.0,64.0,0.1380392156862745,0.011473520657511999,0.008627450980392156,0.0015686274509803923,0.008627450980392156,0.0015686274509803923,0.7972508009512939,0.015795883374889717,0.9834397888719881,0.03802574160619874,32.0,True,False,,,,,,,,
lira,Gallstone,GALLSTONE,319,2,255,64,DNN,dp,0.4,5.0,,0.5308946078431374,0.004642230624504576,0.09944852941176467,0.013094521880083079,,,,,,,,,,,0.5,0.0,,,255.0,64.0,0.1380392156862745,0.011473520657511999,0.008627450980392156,0.0015686274509803923,0.008627450980392156,0.0015686274509803923,0.7972508009512939,0.015795883374889717,0.9834397888719881,0.03802574160619874,32.0,True,False,,,,,,,,
lira,Gallstone,GALLSTONE,319,2,255,64,DNN,dp,0.8,5.0,,0.5311519607843137,0.0047394318280028986,0.09713235294117643,0.01096230949348669,,,,,,,,,,,0.5,0.0,,,255.0,64.0,0.1380392156862745,0.011473520657511999,0.008627450980392156,0.0015686274509803923,0.008627450980392156,0.0015686274509803923,0.7972508009512939,0.015795883374889717,0.9834397888719881,0.03802574160619874,32.0,True,False,,,,,,,,
lira,Gallstone,GALLSTONE,319,2,255,64,DNN,dp,1.0,5.0,,0.531421568627451,0.004477552785886844,0.09870098039215683,0.012429237905888858,,,,,,,,,,,0.5,0.0,,,255.0,64.0,0.13568627450980392,0.01152701055427378,0.008627450980392156,0.0015686274509803923,0.008627450980392156,0.0015686274509803923,0.7972508009512939,0.015795883374889717,0.9834397888719881,0.03802574160619874,32.0,True,False,,,,,,,,
lira,Gallstone,GALLSTONE,319,2,255,64,DNN,dp,2.0,5.0,,0.5323161764705883,0.005134438308851767,0.10406862745098037,0.016726374450799483,,,,,,,,,,,0.5,0.0,,,255.0,64.0,0.13411764705882354,0.012982702240977924,0.009411764705882352,0.0031372549019607846,0.009411764705882352,0.0031372549019607846,0.7972508009512939,0.015795883374889717,0.9834397888719881,0.03802574160619874,32.0,True,False,,,,,,,,
lira,Gallstone,GALLSTONE,319,2,255,64,DNN,dp,4.0,5.0,,0.5332720588235295,0.0055283056709019614,0.10727941176470587,0.011619844460012982,,,,,,,,,,,0.6875,0.0,,,255.0,64.0,0.12705882352941175,0.01179082068891993,0.009411764705882352,0.0031372549019607846,0.009411764705882352,0.0031372549019607846,0.7972508009512939,0.015795883374889717,0.9834397888719881,0.03802574160619874,32.0,True,False,,,,,,,,
lira,Gallstone,GALLSTONE,319,2,255,64,DNN,dp,8.0,5.0,,0.5342892156862746,0.00648405924692005,0.11273284313725487,0.014707791951180174,,,,,,,,,,,0.65625,0.0,,,255.0,64.0,0.1192156862745098,0.010980392156862747,0.01019607843137255,0.003137254901960784,0.01019607843137255,0.003137254901960784,0.7972508009512939,0.015795883374889717,0.9834397888719881,0.03802574160619874,32.0,True,False,,,,,,,,
lira,Gallstone,GALLSTONE,319,2,255,64,DNN,dp,10.0,5.0,,0.5351348039215686,0.006832984314658341,0.11361519607843136,0.016135541283827663,,,,,,,,,,,0.65625,0.0,,,255.0,64.0,0.11529411764705881,0.011527010554273779,0.01019607843137255,0.003137254901960784,0.01019607843137255,0.003137254901960784,0.7972508009512939,0.015795883374889717,0.9834397888719881,0.03802574160619874,32.0,True,False,,,,,,,,
lira,Kidney Stone,KIDNEY_STONE,4000,2,3200,800,LR,standard,,30.0,,0.49800281249999995,0.011764752306975379,0.02632291666666667,0.013427972235898313,,,,,,,,,,,0.9224999999999999,1.1102230246251565e-16,,,3200.0,800.0,0.10958333333333332,0.010743315912955161,0.014135416666666668,0.004118747892429067,0.001854166666666667,0.0022301399744311017,0.1701669336486759,0.009170108475742072,0.17136296448730626,0.009412107354598345,32.0,True,False,,,,,,,,
lira,Kidney Stone,KIDNEY_STONE,4000,2,3200,800,LR,dp,0.1,30.0,,0.49974057291666674,0.012304174441905142,0.024614583333333336,0.013928688202222145,,,,,,,,,,,0.7600000000000003,3.3306690738754696e-16,,,3200.0,800.0,0.10442708333333334,0.011176578506772793,0.012458333333333333,0.003905402685881302,0.0017812500000000003,0.001481548844677983,8.96241612922743,0.24838899763402364,8.975560666579263,0.2499872225063574,32.0,True,False,,,,,,,,
lira,Kidney Stone,KIDNEY_STONE,4000,2,3200,800,LR,dp,0.2,30.0,,0.49925760416666676,0.012285562397538058,0.024874999999999998,0.013616922299722018,,,,,,,,,,,0.7974999999999999,1.1102230246251565e-16,,,3200.0,800.0,0.10372916666666666,0.010515654666046977,0.012374999999999999,0.004534014961010458,0.0015520833333333335,0.0013822802844293998,7.845301526826962,0.22125530477815408,7.869238302725969,0.22435616343110965,32.0,True,False,,,,,,,,
lira,Kidney Stone,KIDNEY_STONE,4000,2,3200,800,LR,dp,0.4,30.0,,0.4987109765625001,0.01072984318445903,0.02315625000000001,0.010760880515978542,,,,,,,,,,,0.8287499999999999,1.1102230246251565e-16,,,3200.0,800.0,0.10140624999999999,0.00919329111703203,0.013229166666666665,0.004250714809169029,0.002,0.002567576272804114,6.683450926792115,0.16885408086821085,6.715852159817741,0.17382081504481944,32.0,True,False,,,,,,,,
lira,Kidney Stone,KIDNEY_STONE,4000,2,3200,800,LR,dp,0.8,30.0,,0.5003642903645834,0.012465260785001592,0.025197916666666667,0.011677492187311544,,,,,,,,,,,0.8174999999999998,2.220446049250313e-16,,,3200.0,800.0,0.10138541666666666,0.009398471774782797,0.011020833333333334,0.0032962784149535808,0.0015416666666666669,0.0013809844515980459,8.756741853262103,0.2110512513903383,8.811020407759077,0.21702487619559876,32.0,True,False,,,,,,,,
lira,Kidney Stone,KIDNEY_STONE,4000,2,3200,800,LR,dp,1.0,30.0,,0.49842460937500005,0.012391513238165234,0.022052083333333326,0.011930157900661766,,,,,,,,,,,0.8462500000000002,2.220446049250313e-16,,,3200.0,800.0,0.09708333333333331,0.009759588412029587,0.01204166666666667,0.0036100025007686012,0.0014895833333333334,0.0013176568665838446,6.395901637642288,0.1393662242727854,6.448461088294312,0.14913792999590883,32.0,True,False,,,,,,,,
lira,Kidney Stone,KIDNEY_STONE,4000,2,3200,800,LR,dp,2.0,30.0,,0.4977096223958334,0.00830428231098598,0.020927083333333336,0.009811864142526078,,,,,,,,,,,0.9200000000000004,3.3306690738754696e-16,,,3200.0,800.0,0.09548958333333334,0.008837981530571458,0.01120833333333333,0.0032950931532945912,0.0014166666666666668,0.0011851218877773242,2.1141737285921893,0.1300311789550977,2.125308349718733,0.12750069039557121,32.0,True,False,,,,,,,,
lira,Kidney Stone,KIDNEY_STONE,4000,2,3200,800,LR,dp,4.0,30.0,,0.50057734375,0.011689057786669732,0.024187499999999994,0.012889403351202875,,,,,,,,,,,0.9250000000000003,2.220446049250313e-16,,,3200.0,800.0,0.09921875,0.012474126869077182,0.010531249999999997,0.0034243593531004695,0.0013437500000000001,0.001197191809680749,0.7480320669763401,0.03427051960446404,0.7531203448270374,0.03431055044435947,32.0,True,False,,,,,,,,
lira,Kidney Stone,KIDNEY_STONE,4000,2,3200,800,LR,dp,8.0,30.0,,0.5015388932291667,0.014307224586945584,0.028093749999999997,0.016518485147328135,,,,,,,,,,,0.9250000000000003,2.220446049250313e-16,,,3200.0,800.0,0.10560416666666667,0.013180915944610561,0.011864583333333336,0.004145375288767258,0.0014583333333333334,0.0013983186828791531,0.3621954024188555,0.015410738665610078,0.3646907570842618,0.01570788794364829,32.0,True,False,,,,,,,,
lira,Kidney Stone,KIDNEY_STONE,4000,2,3200,800,LR,dp,10.0,30.0,,0.5018203906249998,0.01444859721568354,0.029750000000000013,0.017816593096979385,,,,,,,,,,,0.9250000000000003,2.220446049250313e-16,,,3200.0,800.0,0.10652083333333334,0.014719763618082396,0.011895833333333335,0.004056833655149734,0.0015625,0.0015330559078737694,0.302423190696825,0.013084279821201215,0.30449489329609775,0.01346475872597666,32.0,True,False,,,,,,,,
lira,Kidney Stone,KIDNEY_STONE,4000,2,3200,800,RF,standard,,30.0,,0.5098543098958334,0.009812802633028129,0.03398958333333334,0.012981026652441191,,,,,,,,,,,0.9437500000000002,2.220446049250313e-16,,,3200.0,800.0,0.11354166666666665,0.012262943133911838,0.014177083333333333,0.0039573600777187586,0.00203125,0.001445066138913141,0.6678688972631751,0.0853359910366134,0.6906688185885499,0.08598735685903973,32.0,True,False,,,,,,,,
lira,Kidney Stone,KIDNEY_STONE,4000,2,3200,800,RF,dp,0.1,30.0,,0.5012562239583332,0.013100316072464036,0.026135416666666664,0.01506074577728658,,,,,,,,,,,0.8299999999999996,3.3306690738754696e-16,,,3200.0,800.0,0.106125,0.009162380626780356,0.014604166666666666,0.004012458895601161,0.0022604166666666667,0.002248673412938294,0.9958854801391079,0.10145048379175585,0.988508414810056,0.10301438995711082,32.0,True,False,,,,,,,,
lira,Kidney Stone,KIDNEY_STONE,4000,2,3200,800,RF,dp,0.2,30.0,,0.5015322135416667,0.011662647942145622,0.02403125,0.01278868467549211,,,,,,,,,,,0.8612499999999996,3.3306690738754696e-16,,,3200.0,800.0,0.10552083333333331,0.013525230409826255,0.011604166666666665,0.003886184575590248,0.0014791666666666668,0.0013427402536935016,1.8596726407422046,0.1422842570919929,1.842112489122195,0.13588084826228872,32.0,True,False,,,,,,,,
lira,Kidney Stone,KIDNEY_STONE,4000,2,3200,800,RF,dp,0.4,30.0,,0.5015435286458334,0.010646332032636345,0.024333333333333332,0.010447267552118871,,,,,,,,,,,0.8887500000000004,3.3306690738754696e-16,,,3200.0,800.0,0.10996874999999998,0.008966935066072837,0.013416666666666667,0.004307464854438422,0.0018437500000000001,0.0019769999104282563,2.7611152403151786,0.17666134330259992,2.7355783376053764,0.17808347921444842,32.0,True,False,,,,,,,,
lira,Kidney Stone,KIDNEY_STONE,4000,2,3200,800,RF,dp,0.8,30.0,,0.5007315494791666,0.013112217259952708,0.022989583333333338,0.013587266972600565,,,,,,,,,,,0.8887500000000004,3.3306690738754696e-16,,,3200.0,800.0,0.10467708333333332,0.009864473336239948,0.011062500000000003,0.003396152847954089,0.0010625,0.001415133974811808,3.2008638318651226,0.13494381132165179,3.175896622903946,0.13516771072747769,32.0,True,False,,,,,,,,
lira,Kidney Stone,KIDNEY_STONE,4000,2,3200,800,RF,dp,1.0,30.0,,0.5000891341145832,0.011112760130814707,0.024479166666666673,0.011916138537248077,,,,,,,,,,,0.8887500000000004,3.3306690738754696e-16,,,3200.0,800.0,0.10842708333333335,0.01181191668900757,0.012125,0.004253827932972058,0.0015208333333333337,0.0014872140247978954,3.2872112939942997,0.13626491003250016,3.2639789939708304,0.13141528032893698,32.0,True,False,,,,,,,,
lira,Kidney Stone,KIDNEY_STONE,4000,2,3200,800,RF,dp,2.0,30.0,,0.50112291015625,0.010576899171758884,0.023281250000000014,0.01073556140338424,,,,,,,,,,,0.8900000000000001,1.1102230246251565e-16,,,3200.0,800.0,0.10865625,0.010234283555571114,0.011677083333333333,0.003972138754464932,0.0007916666666666666,0.001051206317628572,3.431236979145834,0.14061069008183902,3.404603424369384,0.1417758445879716,32.0,True,False,,,,,,,,
lira,Kidney Stone,KIDNEY_STONE,4000,2,3200,800,RF,dp,4.0,30.0,,0.5003635807291666,0.010050248667578586,0.021895833333333337,0.009415168575525113,,,,,,,,,,,0.8912499999999999,1.1102230246251565e-16,,,3200.0,800.0,0.10552083333333331,0.010292067299894398,0.011416666666666665,0.00319171834161823,0.0012395833333333334,0.0014263227900404905,3.469176151802702,0.133570308393543,3.4426465717036225,0.13259239927085328,32.0,True,False,,,,,,,,
lira,Kidney Stone,KIDNEY_STONE,4000,2,3200,800,RF,dp,8.0,30.0,,0.5001144596354167,0.009492066000712483,0.021489583333333336,0.00891134113745263,,,,,,,,,,,0.8912499999999999,1.1102230246251565e-16,,,3200.0,800.0,0.10575000000000001,0.010138558308918154,0.011614583333333334,0.003387018851643564,0.0011354166666666667,0.0011338865837120671,3.475022079780644,0.13359880003381433,3.4482806420634597,0.13237760473378823,32.0,True,False,,,,,,,,
lira,Kidney Stone,KIDNEY_STONE,4000,2,3200,800,RF,dp,10.0,30.0,,0.5001107486979166,0.009499488656785985,0.021458333333333336,0.00900135020736087,,,,,,,,,,,0.8912499999999999,1.1102230246251565e-16,,,3200.0,800.0,0.10575,0.010149468890045428,0.011614583333333334,0.003387018851643564,0.0011354166666666667,0.0011338865837120671,3.474990223349428,0.13365855703382487,3.4482400884331614,0.132424596056752,32.0,True,False,,,,,,,,
lira,Kidney Stone,KIDNEY_STONE,4000,2,3200,800,GNB,standard,,30.0,,0.5000317903645833,0.002736375354009737,0.005083333333333333,0.0016475465766472954,,,,,,,,,,,0.8900000000000001,1.1102230246251565e-16,,,3200.0,800.0,0.10206898177571662,0.0029655463457144817,0.013229585356711095,0.0023104307199822917,0.002322916666666667,0.0016430950321640627,0.04256758305336076,0.006255133742949727,0.042252454418437765,0.0053741216424949695,32.0,True,False,,,,,,,,
lira,Kidney Stone,KIDNEY_STONE,4000,2,3200,800,GNB,dp,0.1,30.0,,0.4939174088541666,0.013144070504741971,0.02001041666666668,0.013313009412527867,,,,,,,,,,,0.785,0.0,,,3200.0,800.0,0.09552083333333332,0.0121795736332964,0.0100625,0.0035707142142714244,0.0011770833333333334,0.0009937412648113636,9.542424572258348,0.35525866444514487,9.553630764012304,0.3511543684437675,32.0,True,False,,,,,,,,
lira,Kidney Stone,KIDNEY_STONE,4000,2,3200,800,GNB,dp,0.2,30.0,,0.498449375,0.011018123376088726,0.023218749999999993,0.012712554797489234,,,,,,,,,,,0.7662499999999999,1.1102230246251565e-16,,,3200.0,800.0,0.10692708333333334,0.011620934362235632,0.013489583333333333,0.005328458465452795,0.0011562500000000002,0.0010210990300488325,8.738168321285578,0.4973141767828864,8.753564256098501,0.49796928440124083,32.0,True,False,,,,,,,,
lira,Kidney Stone,KIDNEY_STONE,4000,2,3200,800,GNB,dp,0.4,30.0,,0.49877890625,0.010100646514847636,0.023093750000000003,0.009605618337506082,,,,,,,,,,,0.8887500000000004,3.3306690738754696e-16,,,3200.0,800.0,0.10055208333333333,0.013465494901836652,0.010937500000000001,0.003306204709834727,0.0015208333333333337,0.0015949410037852671,7.407095227244544,0.7001917447379086,7.416879435893901,0.711625972687955,32.0,True,False,,,,,,,,
lira,Kidney Stone,KIDNEY_STONE,4000,2,3200,800,GNB,dp,0.8,30.0,,0.4977275651041666,0.009083327016201804,0.02222916666666667,0.011458920439504265,,,,,,,,,,,0.8850000000000003,3.3306690738754696e-16,,,3200.0,800.0,0.09943749999999998,0.010660602117141415,0.009427083333333334,0.0033161176524246273,0.0008333333333333334,0.0012138880943297682,5.432518738608975,0.9589460181929603,5.446274355077764,0.9675312862469905,32.0,True,False,,,,,,,,
lira,Kidney Stone,KIDNEY_STONE,4000,2,3200,800,GNB,dp,1.0,30.0,,0.5001843229166666,0.011640607186889224,0.024697916666666667,0.011580920949333958,,,,,,,,,,,0.8125,0.0,,,3200.0,800.0,0.10541666666666669,0.009497235526135428,0.012395833333333332,0.003614148028543134,0.0011250000000000001,0.0013896005121376914,4.934787354969957,0.890515635998154,4.939866756770889,0.8844975030247105,32.0,True,False,,,,,,,,
lira,Kidney Stone,KIDNEY_STONE,4000,2,3200,800,GNB,dp,2.0,30.0,,0.5018140104166667,0.012304218132988778,0.023385416666666676,0.011776754594739692,,,,,,,,,,,0.8900000000000001,1.1102230246251565e-16,,,3200.0,800.0,0.10087847222222222,0.01272885647391342,0.012624999999999997,0.0043791646844270815,0.0017916666666666669,0.0020008678672571614,3.7014612800512534,1.1335267786395185,3.715009477215339,1.1295148786115905,32.0,True,False,,,,,,,,
lira,Kidney Stone,KIDNEY_STONE,4000,2,3200,800,GNB,dp,4.0,30.0,,0.5031329752604167,0.01187417258192412,0.025625,0.014340538402259052,,,,,,,,,,,0.8900000000000001,1.1102230246251565e-16,,,3200.0,800.0,0.09441666666666665,0.01283045828184723,0.012177083333333333,0.003979507511580073,0.0015937500000000001,0.0018334812913780533,3.020420324326967,1.3463024849544656,3.0332237268079694,1.3342330994953275,32.0,True,False,,,,,,,,
lira,Kidney Stone,KIDNEY_STONE,4000,2,3200,800,GNB,dp,8.0,30.0,,0.5006246809895835,0.008464901187405385,0.02123958333333333,0.00956627217718875,,,,,,,,,,,0.8900000000000001,1.1102230246251565e-16,,,3200.0,800.0,0.09883333333333333,0.009574928379482648,0.012572916666666666,0.004421393402317369,0.0010625000000000003,0.0014492275241198905,2.533164776060787,1.2020271100783835,2.5696777241383364,1.2193667472308647,32.0,True,False,,,,,,,,
lira,Kidney Stone,KIDNEY_STONE,4000,2,3200,800,GNB,dp,10.0,30.0,,0.5011215429687499,0.010032447942127706,0.022083333333333337,0.010873124039984507,,,,,,,,,,,0.8900000000000001,1.1102230246251565e-16,,,3200.0,800.0,0.09752925666573765,0.010059465547460532,0.011692708333333333,0.0041336090980337295,0.0015083333333333335,0.0018233678013195498,2.2463789857809195,1.318987745129406,2.2532067036692824,1.31488478514877,32.0,True,False,,,,,,,,
lira,Kidney Stone,KIDNEY_STONE,4000,2,3200,800,SVM,standard,,30.0,,0.5518090885416667,0.0074377518694860485,0.08252083333333335,0.010959778897049988,,,,,,,,,,,0.9325000000000002,2.220446049250313e-16,,,3200.0,800.0,0.14254166666666668,0.010923423481471163,0.03247916666666667,0.005125338742192775,0.01103125,0.004233692672577135,0.26690420703224926,0.005732740395793441,0.28373409111672326,0.0056233183445312095,32.0,True,False,,,,,,,,
lira,Kidney Stone,KIDNEY_STONE,4000,2,3200,800,SVM,dp,0.1,30.0,,0.49877281901041665,0.009866285938024742,0.024541666666666666,0.013927063855633354,,,,,,,,,,,0.8049999999999999,1.1102230246251565e-16,,,3200.0,800.0,0.10408333333333332,0.010172321685447341,0.012729166666666665,0.0035712003895360203,0.0016729166666666667,0.0022370392526854673,13.051145746258157,0.2791232296796046,13.035069000023574,0.290631794294707,32.0,True,False,,,,,,,,
lira,Kidney Stone,KIDNEY_STONE,4000,2,3200,800,SVM,dp,0.2,30.0,,0.50155328125,0.01130498902347464,0.026354166666666682,0.014142672695506406,,,,,,,,,,,0.8825000000000001,1.1102230246251565e-16,,,3200.0,800.0,0.10182291666666665,0.011538004270007972,0.011968749999999998,0.003806133687330666,0.001541666666666667,0.001345162371446494,4.812257221996965,0.22284736752093262,4.829012694339329,0.22045841650406692,32.0,True,False,,,,,,,,
lira,Kidney Stone,KIDNEY_STONE,4000,2,3200,800,SVM,dp,0.4,30.0,,0.5026397265624999,0.011706403801565693,0.02721875000000001,0.013794518367060398,,,,,,,,,,,0.8900000000000001,1.1102230246251565e-16,,,3200.0,800.0,0.10124999999999999,0.011424286538627551,0.010291666666666668,0.003010326555744779,0.0016875,0.0019189298232782427,1.2247778142707941,0.09825179133410497,1.2309210963575172,0.09881358255896919,32.0,True,False,,,,,,,,
lira,Kidney Stone,KIDNEY_STONE,4000,2,3200,800,SVM,dp,0.8,30.0,,0.5050062630208333,0.01079070539923763,0.02895833333333336,0.012687996022049959,,,,,,,,,,,0.8900000000000001,1.1102230246251565e-16,,,3200.0,800.0,0.10284375,0.011986686951051154,0.011354166666666665,0.0030515677892228154,0.0012916666666666669,0.0012309309372268706,0.38141502831790786,0.023163129579439633,0.3836406066365449,0.02352530161890965,32.0,True,False,,,,,,,,
lira,Kidney Stone,KIDNEY_STONE,4000,2,3200,800,SVM,dp,1.0,30.0,,0.5053585677083333,0.010366215225448222,0.029333333333333347,0.012354026137480663,,,,,,,,,,,0.8900000000000001,1.1102230246251565e-16,,,3200.0,800.0,0.10317708333333335,0.011241629795158211,0.011541666666666667,0.00321529277654289,0.0013125000000000005,0.0013292580950791059,0.28426403740489314,0.015447893523824505,0.28597581858500465,0.015666459149401034,32.0,True,False,,,,,,,,
lira,Kidney Stone,KIDNEY_STONE,4000,2,3200,800,SVM,dp,2.0,30.0,,0.5055587630208334,0.01003340631267076,0.029968749999999992,0.014170959061727838,,,,,,,,,,,0.8900000000000001,1.1102230246251565e-16,,,3200.0,800.0,0.10065624999999999,0.00982971883605189,0.011552083333333334,0.0038497863622183274,0.001322916666666667,0.001429058851618396,0.13331119564362018,0.005791623515161449,0.1341623005386667,0.005803260837812757,32.0,True,False,,,,,,,,
lira,Kidney Stone,KIDNEY_STONE,4000,2,3200,800,SVM,dp,4.0,30.0,,0.5056334375,0.011453126289471004,0.030583333333333334,0.014933169990736135,,,,,,,,,,,0.8900000000000001,1.1102230246251565e-16,,,3200.0,800.0,0.10004166666666664,0.009952273260695546,0.012083333333333335,0.0035367613088185014,0.0012708333333333335,0.0013232037090167013,0.07684033439333687,0.002815497912014469,0.07733503873290797,0.0027991259008137686,32.0,True,False,,,,,,,,
lira,Kidney Stone,KIDNEY_STONE,4000,2,3200,800,SVM,dp,8.0,30.0,,0.5047498437500001,0.011836651528757984,0.028354166666666666,0.01315545408650809,,,,,,,,,,,0.8900000000000001,1.1102230246251565e-16,,,3200.0,800.0,0.100375,0.010130464060611109,0.011552083333333334,0.0034132509603097684,0.0011666666666666668,0.0013596044665841443,0.056615813472530786,0.002205018776707018,0.05696829464940116,0.0022291226729915094,32.0,True,False,,,,,,,,
lira,Kidney Stone,KIDNEY_STONE,4000,2,3200,800,SVM,dp,10.0,30.0,,0.5049495442708334,0.01173139435211595,0.029052083333333333,0.014582845973999338,,,,,,,,,,,0.8900000000000001,1.1102230246251565e-16,,,3200.0,800.0,0.10125,0.011528101986739476,0.011958333333333331,0.00353270926092457,0.0011145833333333333,0.00117116876867607,0.05375086513078328,0.002219553906299246,0.05408095117272181,0.0022521107019099866,32.0,True,False,,,,,,,,
lira,Kidney Stone,KIDNEY_STONE,4000,2,3200,800,DNN,standard,,5.0,,0.5338212890625,0.0169422479232897,0.058249999999999955,0.024250966475586094,,,,,,,,,,,0.9737500000000001,1.1102230246251565e-16,,,3200.0,800.0,0.1275,0.01440214827725364,0.0283125,0.00503348164792522,0.009375,0.0019263793759278047,1.2472193864152366,0.03298824550093604,1.3473818690528951,0.029353900211073584,32.0,True,False,,,,,,,,
lira,Kidney Stone,KIDNEY_STONE,4000,2,3200,800,DNN,dp,0.1,5.0,,0.4950690625,0.015480643327538858,0.027937499999999997,0.017296359804883803,,,,,,,,,,,0.60875,0.0,,,3200.0,800.0,0.10818749999999999,0.01608133623179368,0.0171875,0.0029114536747130294,0.0025,0.0025387620014487374,0.8820695343253189,0.060388050227794206,0.8893366879190993,0.06126184273070637,32.0,True,False,,,,,,,,
lira,Kidney Stone,KIDNEY_STONE,4000,2,3200,800,DNN,dp,0.2,5.0,,0.496003984375,0.015167446698619679,0.02975000000000001,0.018237153012463325,,,,,,,,,,,0.645,0.0,,,3200.0,800.0,0.1110625,0.017933906434460953,0.019437500000000003,0.004786047429769162,0.0029375,0.002284458360312133,0.8820695343253189,0.060388050227794206,0.8893366879190993,0.06126184273070637,32.0,True,False,,,,,,,,
lira,Kidney Stone,KIDNEY_STONE,4000,2,3200,800,DNN,dp,0.4,5.0,,0.49731007812500005,0.013649827679451143,0.02812500000000001,0.016559551624364725,,,,,,,,,,,0.89,0.0,,,3200.0,800.0,0.11031250000000001,0.012172266120160211,0.0185,0.002993482503707012,0.0021249999999999997,0.0014031215200402281,0.8820695343253189,0.060388050227794206,0.8893366879190993,0.06126184273070637,32.0,True,False,,,,,,,,
lira,Kidney Stone,KIDNEY_STONE,4000,2,3200,800,DNN,dp,0.8,5.0,,0.503119453125,0.010930759310719754,0.0294375,0.013317633986560821,,,,,,,,,,,0.89,0.0,,,3200.0,800.0,0.1129375,0.006448715957460056,0.0136875,0.0031337377841804187,0.0021249999999999997,0.0017831678272108881,0.8820695343253189,0.060388050227794206,0.8893366879190993,0.06126184273070637,32.0,True,False,,,,,,,,
lira,Kidney Stone,KIDNEY_STONE,4000,2,3200,800,DNN,dp,1.0,5.0,,0.503521015625,0.007826664883008445,0.026500000000000003,0.0075218431916652066,,,,,,,,,,,0.89,0.0,,,3200.0,800.0,0.10625,0.004821015193919218,0.01625,0.0034061066483596788,0.002,0.0017184658856084403,0.8820695343253189,0.060388050227794206,0.8893366879190993,0.06126184273070637,32.0,True,False,,,,,,,,
lira,Kidney Stone,KIDNEY_STONE,4000,2,3200,800,DNN,dp,2.0,5.0,,0.5044240625,0.0023688342122027677,0.025750000000000016,0.008437731478306253,,,,,,,,,,,0.89,0.0,,,3200.0,800.0,0.1033125,0.0034550687402713125,0.0145625,0.003721768732739851,0.0019375,0.0017388034679054446,0.8820695343253189,0.060388050227794206,0.8893366879190993,0.06126184273070637,32.0,True,False,,,,,,,,
lira,Kidney Stone,KIDNEY_STONE,4000,2,3200,800,DNN,dp,4.0,5.0,,0.505245859375,0.0037114282043987034,0.024625,0.005359716643629549,,,,,,,,,,,0.89,0.0,,,3200.0,800.0,0.1015625,0.005762215285808051,0.0136875,0.0038446391248074248,0.0020625,0.001660666281948303,0.8820695343253189,0.060388050227794206,0.8893366879190993,0.06126184273070637,32.0,True,False,,,,,,,,
lira,Kidney Stone,KIDNEY_STONE,4000,2,3200,800,DNN,dp,8.0,5.0,,0.50568765625,0.0041501784732542926,0.02943749999999997,0.006044754957812577,,,,,,,,,,,0.89,0.0,,,3200.0,800.0,0.10493749999999999,0.00947323532379514,0.0121875,0.0024526771087935726,0.0023125,0.0017522307211095232,0.8820695343253189,0.060388050227794206,0.8893366879190993,0.06126184273070637,32.0,True,False,,,,,,,,
lira,Kidney Stone,KIDNEY_STONE,4000,2,3200,800,DNN,dp,10.0,5.0,,0.5059749218749999,0.00433126320682507,0.02787499999999999,0.004645226044015497,,,,,,,,,,,0.89,0.0,,,3200.0,800.0,0.104625,0.009190688222325898,0.0111875,0.0021231609689328786,0.0025624999999999997,0.0019505608167909045,0.8820695343253189,0.060388050227794206,0.8893366879190993,0.06126184273070637,32.0,True,False,,,,,,,,
lira,Lung Cancer,LUNG_CANCER,50000,3,40000,10000,LR,standard,,30.0,,0.49997969424999994,0.0032325879714048393,0.007307500000000001,0.0035923306617478014,,,,,,,,,,,1.0,0.0,,,40000.0,10000.0,0.09860916666666665,0.003016375331235966,0.009170833333333333,0.0008625805115401628,0.0009374999999999999,0.0003612910876287983,0.08924910304427479,0.006542337438775052,0.08924022960443614,0.006534391901984429,32.0,True,False,,,,,,,,
lira,Lung Cancer,LUNG_CANCER,50000,3,40000,10000,LR,dp,0.1,30.0,,0.5005545619166667,0.003177689660727454,0.007025833333333339,0.003892752257579319,,,,,,,,,,,0.8340999999999998,1.1102230246251565e-16,,,40000.0,10000.0,0.10114416666666666,0.003294874070262608,0.010903333333333327,0.000989922836498998,0.0012199999999999997,0.0005327757501988994,5.454675374984486,0.17618485239900908,5.457784167447067,0.17660965186247854,32.0,True,False,,,,,,,,
lira,Lung Cancer,LUNG_CANCER,50000,3,40000,10000,LR,dp,0.2,30.0,,0.5002600525,0.0033227577966081084,0.007757499999999997,0.003822281986370618,,,,,,,,,,,0.8781,0.0,,,40000.0,10000.0,0.10195000000000003,0.0036723970373585694,0.010490000000000001,0.0011580263382151548,0.0012616666666666668,0.00031316484831829744,4.616039674568636,0.14412557015395863,4.619135692244201,0.14433695652671677,32.0,True,False,,,,,,,,
lira,Lung Cancer,LUNG_CANCER,50000,3,40000,10000,LR,dp,0.4,30.0,,0.4997142585416667,0.0030205842303075883,0.007329166666666675,0.0032603749997337545,,,,,,,,,,,0.9439999999999997,2.220446049250313e-16,,,40000.0,10000.0,0.10151500000000001,0.0036788222753122127,0.01059166666666667,0.0008862922141646563,0.0011841666666666667,0.0002805116852388784,3.918201093749159,0.13005449902575286,3.9211750605440607,0.13114873064063487,32.0,True,False,,,,,,,,
lira,Lung Cancer,LUNG_CANCER,50000,3,40000,10000,LR,dp,0.8,30.0,,0.499286659875,0.0025915023348205618,0.006286666666666664,0.0031416140579149567,,,,,,,,,,,0.9786,0.0,,,40000.0,10000.0,0.10102250000000002,0.0028746039582291452,0.010565833333333335,0.0009670074830228679,0.0011308333333333333,0.000350872919381869,3.3038601225379014,0.13419017386152948,3.305798136239035,0.1358406798456155,32.0,True,False,,,,,,,,
lira,Lung Cancer,LUNG_CANCER,50000,3,40000,10000,LR,dp,1.0,30.0,,0.4993450034166666,0.0026355327718727366,0.006295833333333326,0.003013110818664909,,,,,,,,,,,0.9793999999999997,3.3306690738754696e-16,,,40000.0,10000.0,0.10101416666666667,0.0027636078723694175,0.010441666666666663,0.0010153885408497028,0.0011483333333333332,0.00032067203737706155,3.131395482864891,0.13139134568401747,3.13293569746541,0.13320270984643484,32.0,True,False,,,,,,,,
lira,Lung Cancer,LUNG_CANCER,50000,3,40000,10000,LR,dp,2.0,30.0,,0.49881432183333335,0.0032723616209087984,0.006090833333333333,0.0036755242445428403,,,,,,,,,,,0.9267000000000001,1.1102230246251565e-16,,,40000.0,10000.0,0.09949416666666666,0.003063648990809633,0.009860833333333334,0.0010186527731382378,0.0012075,0.00027981764895493403,6.142178570404386,0.08736147828861038,6.146570299545989,0.08529553568063615,32.0,True,False,,,,,,,,
lira,Lung Cancer,LUNG_CANCER,50000,3,40000,10000,LR,dp,4.0,30.0,,0.4987936522083334,0.00306677510165809,0.005457499999999998,0.003110848959689286,,,,,,,,,,,1.0,0.0,,,40000.0,10000.0,0.09879916666666665,0.0033565885666187274,0.010315000000000001,0.0010922186899456842,0.0011083333333333333,0.0002815384323478571,2.1732263225826842,0.08883594130533529,2.17366139619535,0.08989390320500651,32.0,True,False,,,,,,,,
lira,Lung Cancer,LUNG_CANCER,50000,3,40000,10000,LR,dp,8.0,30.0,,0.4996363834166667,0.003133539097852008,0.00596249999999999,0.0030824080818952697,,,,,,,,,,,1.0,0.0,,,40000.0,10000.0,0.09863,0.003238720169037968,0.009302499999999998,0.0008635283724348611,0.0010491666666666666,0.00033587468728017527,0.8682761930298031,0.048951414121657266,0.8686338048392445,0.04952669106302916,32.0,True,False,,,,,,,,
lira,Lung Cancer,LUNG_CANCER,50000,3,40000,10000,LR,dp,10.0,30.0,,0.499584925625,0.003210443501818731,0.0063325000000000135,0.0038636885981317604,,,,,,,,,,,1.0,0.0,,,40000.0,10000.0,0.09858583333333334,0.003482376363762092,0.009203333333333334,0.0008875230826419234,0.0010616666666666665,0.00040278888873563636,0.6723201961620912,0.03480626847886993,0.672678746027756,0.03534259945559752,32.0,True,False,,,,,,,,
lira,Lung Cancer,LUNG_CANCER,50000,3,40000,10000,RF,standard,,30.0,,0.5008383965833334,0.0031477926747517323,0.007814166666666665,0.004131220982416162,,,,,,,,,,,1.0,0.0,,,40000.0,10000.0,0.10033583333333333,0.0026145640437535453,0.009799166666666668,0.0008536315396911924,0.0009591666666666668,0.0002949917607135645,0.8537061003049327,0.18977158108266529,0.8532151497963164,0.18950892959842022,32.0,True,False,,,,,,,,
lira,Lung Cancer,LUNG_CANCER,50000,3,40000,10000,RF,dp,0.1,30.0,,0.49997997150000006,0.0033569762329890957,0.006727499999999992,0.0030993504023692753,,,,,,,,,,,0.8697000000000004,3.3306690738754696e-16,,,40000.0,10000.0,0.09924749999999999,0.0032732269373407833,0.009476666666666666,0.0007484966414234753,0.0010199999999999999,0.00037690626597780693,1.8215071713725235,0.1415862345924045,1.8194185738194035,0.13940058314498882,32.0,True,False,,,,,,,,
lira,Lung Cancer,LUNG_CANCER,50000,3,40000,10000,RF,dp,0.2,30.0,,0.49999159462500004,0.002949492311048151,0.007402499999999993,0.0040130845887753975,,,,,,,,,,,0.8991000000000002,2.220446049250313e-16,,,40000.0,10000.0,0.0999575,0.003309136027726875,0.010131666666666669,0.0008573926884585746,0.0010483333333333332,0.00032473921160764606,1.8795627571307922,0.14762498992358422,1.877304961971035,0.14877412169086424,32.0,True,False,,,,,,,,
lira,Lung Cancer,LUNG_CANCER,50000,3,40000,10000,RF,dp,0.4,30.0,,0.5000117357916667,0.0032266636550638155,0.00681333333333334,0.0035633711410529324,,,,,,,,,,,0.8798999999999998,2.220446049250313e-16,,,40000.0,10000.0,0.09973166666666665,0.0031470021007654592,0.009268333333333335,0.0006144758380567587,0.0009308333333333333,0.00032956305247335536,1.8868344562796835,0.14850584378236714,1.8846545524028746,0.1498783239914291,32.0,True,False,,,,,,,,
lira,Lung Cancer,LUNG_CANCER,50000,3,40000,10000,RF,dp,0.8,30.0,,0.5000821706249999,0.0034248311923543817,0.006683333333333322,0.0036406405877110262,,,,,,,,,,,0.8798999999999998,2.220446049250313e-16,,,40000.0,10000.0,0.09960416666666666,0.003021472346206216,0.009496666666666669,0.000849282376807358,0.0008850000000000002,0.00031428490259635444,1.8966008526937326,0.14400319838673675,1.8945804585472774,0.1453885580893365,32.0,True,False,,,,,,,,
lira,Lung Cancer,LUNG_CANCER,50000,3,40000,10000,RF,dp,1.0,30.0,,0.5001389719583333,0.003215169727109057,0.006827500000000001,0.0036836426152202437,,,,,,,,,,,0.8798999999999998,2.220446049250313e-16,,,40000.0,10000.0,0.09970999999999998,0.002903170680480222,0.009436666666666668,0.0006943742186714274,0.0009100000000000001,0.00030052731434374925,1.8941082232542867,0.14652366504908867,1.8920022746695373,0.14760931426073098,32.0,True,False,,,,,,,,
lira,Lung Cancer,LUNG_CANCER,50000,3,40000,10000,RF,dp,2.0,30.0,,0.500151580375,0.003338024843874864,0.006915000000000019,0.0038590618462695566,,,,,,,,,,,0.8798999999999998,2.220446049250313e-16,,,40000.0,10000.0,0.09974083333333335,0.0028838377448963544,0.009515833333333333,0.0007315361500902666,0.0009158333333333333,0.00030757677451690373,1.8938567991604682,0.14313024252095452,1.8916947265318989,0.1442828012831231,32.0,True,False,,,,,,,,
lira,Lung Cancer,LUNG_CANCER,50000,3,40000,10000,RF,dp,4.0,30.0,,0.5000722850416667,0.003310879952341737,0.006809166666666672,0.0037941483636720875,,,,,,,,,,,0.8798999999999998,2.220446049250313e-16,,,40000.0,10000.0,0.09974416666666668,0.002867153665028941,0.009490833333333332,0.0007329302869683825,0.000905,0.0002975175064877136,1.894077866128135,0.1423913409299477,1.8921976962733331,0.1432942553406995,32.0,True,False,,,,,,,,
lira,Lung Cancer,LUNG_CANCER,50000,3,40000,10000,RF,dp,8.0,30.0,,0.5000876464166668,0.0033015938352133245,0.006791666666666676,0.0037256841280793383,,,,,,,,,,,0.8798999999999998,2.220446049250313e-16,,,40000.0,10000.0,0.09973666666666665,0.0028764107649793154,0.009486666666666668,0.0007310874700669468,0.000905,0.0002975175064877136,1.8940833552649416,0.14241968024540128,1.8922036907783566,0.14332330988915157,32.0,True,False,,,,,,,,
lira,Lung Cancer,LUNG_CANCER,50000,3,40000,10000,RF,dp,10.0,30.0,,0.5000876464166668,0.0033015938352133245,0.006791666666666676,0.0037256841280793383,,,,,,,,,,,0.8798999999999998,2.220446049250313e-16,,,40000.0,10000.0,0.09973666666666665,0.0028764107649793154,0.009486666666666668,0.0007310874700669468,0.000905,0.0002975175064877136,1.8940833552649416,0.14241968024540128,1.8922036907783566,0.14332330988915157,32.0,True,False,,,,,,,,
lira,Lung Cancer,LUNG_CANCER,50000,3,40000,10000,GNB,standard,,30.0,,0.5008931738333333,0.002672680464458322,0.0059358333333333355,0.0022061531691057986,,,,,,,,,,,0.8931000000000001,1.1102230246251565e-16,,,40000.0,10000.0,0.10146583333333332,0.002371475308513435,0.01152916666666667,0.0008623147949302249,0.0013549999999999999,0.00038326448657117535,0.14498581171165884,0.008376504496020424,0.1452412647192271,0.008411734556484293,32.0,True,False,,,,,,,,
lira,Lung Cancer,LUNG_CANCER,50000,3,40000,10000,GNB,dp,0.1,30.0,,0.49924432966666665,0.0025433604636521793,0.005770833333333334,0.002541522536897039,,,,,,,,,,,0.6150999999999999,1.1102230246251565e-16,,,40000.0,10000.0,0.09955083333333332,0.0028264504634297454,0.010124583333333334,0.0007967020781878813,0.0011383333333333334,0.0003407548809465374,7.294313127922043,0.600921964874684,7.296469399739206,0.6023967073706901,32.0,True,False,,,,,,,,
lira,Lung Cancer,LUNG_CANCER,50000,3,40000,10000,GNB,dp,0.2,30.0,,0.49991424391666667,0.003487598548013248,0.006529166666666664,0.0038827614922314797,,,,,,,,,,,0.8720999999999999,1.1102230246251565e-16,,,40000.0,10000.0,0.09996083333333333,0.003964481278245056,0.010091666666666667,0.0011560949595753609,0.001015,0.000285014619508076,6.662168706118203,0.49151142749483506,6.663718267136168,0.4862539487762555,32.0,True,False,,,,,,,,
lira,Lung Cancer,LUNG_CANCER,50000,3,40000,10000,GNB,dp,0.4,30.0,,0.5006536047083334,0.0032430505553586843,0.007089166666666664,0.00357474756296007,,,,,,,,,,,0.6782000000000001,1.1102230246251565e-16,,,40000.0,10000.0,0.10081833333333333,0.0029055975671490055,0.010334166666666667,0.0010186077780753274,0.0010825,0.00040835799245270073,5.580821733780955,0.4781414282937338,5.582938170980328,0.4777204758641654,32.0,True,False,,,,,,,,
lira,Lung Cancer,LUNG_CANCER,50000,3,40000,10000,GNB,dp,0.8,30.0,,0.4995061413333334,0.002920998428978655,0.005643333333333339,0.0027225059942797077,,,,,,,,,,,0.8531000000000002,2.220446049250313e-16,,,40000.0,10000.0,0.09798416666666668,0.0034707136834118465,0.009928333333333332,0.0009139596392741981,0.0012125000000000003,0.0004125505019590531,4.126519417274585,0.4969795620455583,4.129796378597896,0.4961176371577914,32.0,True,False,,,,,,,,
lira,Lung Cancer,LUNG_CANCER,50000,3,40000,10000,GNB,dp,1.0,30.0,,0.5012865430000001,0.002978013030498123,0.006906666666666667,0.0032862842069560773,,,,,,,,,,,0.9147,0.0,,,40000.0,10000.0,0.09998749999999999,0.0032808837097139947,0.010215833333333332,0.0009689015114493777,0.001200833333333333,0.0004685742263031072,3.7370017627027066,0.41808697719954985,3.7356335937903826,0.4184466521338919,32.0,True,False,,,,,,,,
lira,Lung Cancer,LUNG_CANCER,50000,3,40000,10000,GNB,dp,2.0,30.0,,0.5004965128333334,0.0029723379258368076,0.005946666666666669,0.0022866891398312505,,,,,,,,,,,0.8931000000000001,1.1102230246251565e-16,,,40000.0,10000.0,0.10051583333333332,0.0022245456777108936,0.010758333333333337,0.0011094355421664755,0.0012225,0.00045103353533855993,2.1248243890749614,0.4399081554825281,2.120864451271105,0.4368392168087642,32.0,True,False,,,,,,,,
lira,Lung Cancer,LUNG_CANCER,50000,3,40000,10000,GNB,dp,4.0,30.0,,0.5001084010416667,0.0037153983680141564,0.005354999999999999,0.0034427423661958804,,,,,,,,,,,0.8931000000000001,1.1102230246251565e-16,,,40000.0,10000.0,0.10036499999999998,0.0034613256131141427,0.010437857142857145,0.0010091231797143177,0.0011216666666666666,0.0002880779215574996,1.0108924382937077,0.4027038340074299,1.0107154801114342,0.4005223842544671,32.0,True,False,,,,,,,,
lira,Lung Cancer,LUNG_CANCER,50000,3,40000,10000,GNB,dp,8.0,30.0,,0.5005780251666666,0.003055517835584115,0.005684166666666662,0.002784708866690053,,,,,,,,,,,0.8931000000000001,1.1102230246251565e-16,,,40000.0,10000.0,0.1023483333333333,0.002699351259510741,0.010430833333333335,0.0011693246507659405,0.0011799999999999998,0.0003190088817990287,0.43686183455499855,0.039390734814288515,0.4368368976903407,0.03907157768809272,32.0,True,False,,,,,,,,
lira,Lung Cancer,LUNG_CANCER,50000,3,40000,10000,GNB,dp,10.0,30.0,,0.5008898118749999,0.002802990443553453,0.006104166666666672,0.0026627764593037512,,,,,,,,,,,0.8931000000000001,1.1102230246251565e-16,,,40000.0,10000.0,0.10303666666666667,0.002632138969651024,0.010788333333333332,0.00085845630187111,0.0012483333333333337,0.0003771015188984997,0.3627185845855608,0.025794039065511573,0.3627813032392373,0.025338701594949185,32.0,True,False,,,,,,,,
lira,Lung Cancer,LUNG_CANCER,50000,3,40000,10000,SVM,standard,,30.0,,0.5005812067500001,0.0032745584082196823,0.007365833333333333,0.003597768309043207,,,,,,,,,,,1.0,0.0,,,40000.0,10000.0,0.10046499999999998,0.0030329344975892026,0.009780000000000002,0.0011404567798328294,0.0009425000000000002,0.00026466566960349556,0.0010000000000000002,2.168404344971009e-19,0.0010000000000000002,2.168404344971009e-19,32.0,True,False,,,,,,,,
lira,Lung Cancer,LUNG_CANCER,50000,3,40000,10000,SVM,dp,0.1,30.0,,0.4992830489166667,0.0024553019582722975,0.00564083333333333,0.002831905154759888,,,,,,,,,,,0.9325000000000002,2.220446049250313e-16,,,40000.0,10000.0,0.09970999999999998,0.002614969725764845,0.010106666666666665,0.0010602463026213402,0.0011175000000000002,0.00037400701865072,0.7069524961560781,0.03469554254134316,0.7072693451991917,0.03453836141653467,32.0,True,False,,,,,,,,
lira,Lung Cancer,LUNG_CANCER,50000,3,40000,10000,SVM,dp,0.2,30.0,,0.4995175896666666,0.0027751754651537917,0.006250000000000001,0.0034835566116638017,,,,,,,,,,,0.9335999999999997,3.3306690738754696e-16,,,40000.0,10000.0,0.099265,0.003159671660157112,0.0096925,0.0011184466534737664,0.0011208333333333333,0.00038794776996681164,0.2705104475688522,0.011416533156972974,0.2706377291747958,0.011353430872923027,32.0,True,False,,,,,,,,
lira,Lung Cancer,LUNG_CANCER,50000,3,40000,10000,SVM,dp,0.4,30.0,,0.49937399375,0.0030834510837801986,0.006025833333333321,0.0029313782547160583,,,,,,,,,,,0.9421999999999999,1.1102230246251565e-16,,,40000.0,10000.0,0.09921833333333334,0.002578686142635863,0.0095575,0.0011265942407687574,0.0011091666666666667,0.00039793651782944257,0.1226602137201784,0.004536783140442849,0.12271788640899865,0.004525190286803316,32.0,True,False,,,,,,,,
lira,Lung Cancer,LUNG_CANCER,50000,3,40000,10000,SVM,dp,0.8,30.0,,0.49941795908333325,0.0032123840143967568,0.005872500000000011,0.0036989263645009155,,,,,,,,,,,0.9512,0.0,,,40000.0,10000.0,0.09844333333333334,0.00293886268629361,0.009645000000000003,0.001108516275628524,0.0011391666666666668,0.0003807713297447112,0.06019437537641234,0.002112186313585813,0.06022697999076764,0.002123892867490431,32.0,True,False,,,,,,,,
lira,Lung Cancer,LUNG_CANCER,50000,3,40000,10000,SVM,dp,1.0,30.0,,0.4994893981666667,0.003270495552144067,0.006148333333333336,0.0032383633554964528,,,,,,,,,,,0.9512,0.0,,,40000.0,10000.0,0.09853666666666668,0.002799119901365824,0.009704166666666665,0.0011136105568026113,0.0011175,0.0003580706401442784,0.04888736914642892,0.0017158037943754863,0.048916192058779194,0.001730772841981417,32.0,True,False,,,,,,,,
lira,Lung Cancer,LUNG_CANCER,50000,3,40000,10000,SVM,dp,2.0,30.0,,0.49985032791666667,0.003319745568034052,0.007364166666666691,0.0043686033396142685,,,,,,,,,,,0.9512,0.0,,,40000.0,10000.0,0.09839250000000001,0.0023693982182543035,0.010163333333333332,0.0007790681755932674,0.0011083333333333333,0.0003565069735954995,0.028425764213266196,0.0010657546282922725,0.0284472073399615,0.0010799027991751891,32.0,True,False,,,,,,,,
lira,Lung Cancer,LUNG_CANCER,50000,3,40000,10000,SVM,dp,4.0,30.0,,0.5007205858333333,0.003139285103710665,0.00784083333333333,0.004142525816321346,,,,,,,,,,,0.9512,0.0,,,40000.0,10000.0,0.09907166666666666,0.0027006460132510688,0.010691666666666665,0.0011271707452240273,0.001218333333333333,0.0004445003437069038,0.020628818013054964,0.0008945809088335595,0.020647720790570347,0.0009023001263253367,32.0,True,False,,,,,,,,
lira,Lung Cancer,LUNG_CANCER,50000,3,40000,10000,SVM,dp,8.0,30.0,,0.5016697471666666,0.0032309913613758345,0.008547500000000005,0.004138031687892198,,,,,,,,,,,0.9512,0.0,,,40000.0,10000.0,0.10010583333333332,0.002921855028155155,0.010544999999999999,0.0010058454155584746,0.0012699999999999999,0.0004044749683231337,0.018205500939106587,0.0008432276012749621,0.018223241380966527,0.0008480032624521008,32.0,True,False,,,,,,,,
lira,Lung Cancer,LUNG_CANCER,50000,3,40000,10000,SVM,dp,10.0,30.0,,0.50184424675,0.003296726940455489,0.008456666666666661,0.004127882494559271,,,,,,,,,,,0.9512,0.0,,,40000.0,10000.0,0.10009666666666668,0.0030955595437479294,0.010473333333333331,0.0009441692409497121,0.0012566666666666668,0.0003819867653321105,0.017895924868908494,0.000832540626573721,0.017913492645276377,0.0008370148783311324,32.0,True,False,,,,,,,,
lira,Lung Cancer,LUNG_CANCER,50000,3,40000,10000,DNN,standard,,5.0,,0.49964037375,0.0009641013850699062,0.0019449999999999745,0.0007880989785553765,,,,,,,,,,,1.0,0.0,,,40000.0,10000.0,0.09955959058479541,0.0008018177348727764,0.00888,0.0006411708040764175,0.00112,0.0002708320512790168,0.10383194601322235,0.009286060738069566,0.10416208792278528,0.010052315322376293,32.0,True,False,,,,,,,,
lira,Lung Cancer,LUNG_CANCER,50000,3,40000,10000,DNN,dp,0.1,5.0,,0.5002978985000001,0.0019025951978602917,0.006500000000000017,0.0028307684469062377,,,,,,,,,,,0.9679,0.0,,,40000.0,10000.0,0.09772808845662011,0.002353951272497832,0.010155,0.0012466354719804819,0.00101,0.000301081384346492,0.1563527979648291,0.010566990825461288,0.1568350990448652,0.01095972680461312,32.0,True,False,,,,,,,,
lira,Lung Cancer,LUNG_CANCER,50000,3,40000,10000,DNN,dp,0.2,5.0,,0.500281855,0.0016735573386263206,0.005695000000000039,0.0019475882521724068,,,,,,,,,,,0.9886000000000001,1.1102230246251565e-16,,,40000.0,10000.0,0.09879366208766448,0.0023171996690263316,0.009915,0.0010682462262980386,0.00099,0.0002089258241577618,0.1563527979648291,0.010566990825461288,0.1568350990448652,0.01095972680461312,32.0,True,False,,,,,,,,
lira,Lung Cancer,LUNG_CANCER,50000,3,40000,10000,DNN,dp,0.4,5.0,,0.500606214,0.0017224690500745217,0.007040000000000024,0.0014708500943332221,,,,,,,,,,,1.0,0.0,,,40000.0,10000.0,0.09915245198313555,0.0031605174608125832,0.010095000000000002,0.0012065860930741742,0.000965,0.00025524498036200437,0.1563527979648291,0.010566990825461288,0.1568350990448652,0.01095972680461312,32.0,True,False,,,,,,,,
lira,Lung Cancer,LUNG_CANCER,50000,3,40000,10000,DNN,dp,0.8,5.0,,0.5017854665,0.0014652318746779535,0.0061250000000000245,0.001475550744637369,,,,,,,,,,,1.0,0.0,,,40000.0,10000.0,0.10019651412034405,0.004205696901926386,0.01008,0.0013899999999999997,0.00099,0.00033637776383108324,0.1563527979648291,0.010566990825461288,0.1568350990448652,0.01095972680461312,32.0,True,False,,,,,,,,
lira,Lung Cancer,LUNG_CANCER,50000,3,40000,10000,DNN,dp,1.0,5.0,,0.5014592725,0.0014551516277323117,0.005859999999999988,0.001415326817381774,,,,,,,,,,,1.0,0.0,,,40000.0,10000.0,0.09974367146993668,0.003963730805485149,0.009935000000000001,0.0013764628581985061,0.0009999999999999998,0.00033391615714128004,0.1563527979648291,0.010566990825461288,0.1568350990448652,0.01095972680461312,32.0,True,False,,,,,,,,
lira,Lung Cancer,LUNG_CANCER,50000,3,40000,10000,DNN,dp,2.0,5.0,,0.5016581624999998,0.00245748835054691,0.0039049999999999905,0.0028367851522454143,,,,,,,,,,,1.0,0.0,,,40000.0,10000.0,0.10141899868867292,0.00436963690911945,0.009850000000000001,0.0011822647757587976,0.0009999999999999998,0.00033763886032268264,0.1563527979648291,0.010566990825461288,0.1568350990448652,0.01095972680461312,32.0,True,False,,,,,,,,
lira,Lung Cancer,LUNG_CANCER,50000,3,40000,10000,DNN,dp,4.0,5.0,,0.49985980099999994,0.0017108456321282407,0.0031899999999999984,0.002549539174046947,,,,,,,,,,,1.0,0.0,,,40000.0,10000.0,0.09999585101224392,0.0029830652762001873,0.00983,0.0011119127663625418,0.0009749999999999998,0.000325192250830182,0.1563527979648291,0.010566990825461288,0.1568350990448652,0.01095972680461312,32.0,True,False,,,,,,,,
lira,Lung Cancer,LUNG_CANCER,50000,3,40000,10000,DNN,dp,8.0,5.0,,0.49945281049999996,0.0019196245125037718,0.0028099999999999874,0.0023251129004846246,,,,,,,,,,,1.0,0.0,,,40000.0,10000.0,0.09920008426181064,0.0031571414838417397,0.010055,0.0008213403679352424,0.001005,0.0003469149751740331,0.1563527979648291,0.010566990825461288,0.1568350990448652,0.01095972680461312,32.0,True,False,,,,,,,,
lira,Lung Cancer,LUNG_CANCER,50000,3,40000,10000,DNN,dp,10.0,5.0,,0.49856657225,0.001985297682534708,0.0027200000000000045,0.0023076719870900124,,,,,,,,,,,1.0,0.0,,,40000.0,10000.0,0.09827792703965497,0.003387660133029525,0.01018,0.0007751451476981586,0.00098,0.0003284052374734605,0.1563527979648291,0.010566990825461288,0.1568350990448652,0.01095972680461312,32.0,True,False,,,,,,,,
yeom,Breast Cancer,BCP,569,2,455,114,LR,standard,,1.0,True,0.5184306921149027,0.0,0.014748409485251579,0.0,0.7252747252747253,0.0,0.7105263157894737,0.0,,,,,,,0.9122807017543859,0.0,,,455.0,114.0,,,,,,,,,,,,,,0.20879979161033838,0.0,0.20879979161033838,0.271986043646292,0.21985981219030817,0.25846493654988356,0.011060020579969798,0.0
yeom,Breast Cancer,BCP,569,2,455,114,LR,dp,0.1,1.0,True,0.5299595141700405,0.0,-0.002737613263929073,0.0,0.7516483516483516,0.0,0.7543859649122807,0.0,,,,,,,0.6578947368421053,0.0,,,455.0,114.0,,,,,,,,,,,,,,2.6481142493988985,0.0,2.6481142493988985,5.131506948826792,2.8899040113015473,5.593912640803139,0.24178976190264878,0.0
yeom,Breast Cancer,BCP,569,2,455,114,LR,dp,0.2,1.0,True,0.5323597455176402,0.0,0.021438210911895128,0.0,0.7758241758241758,0.0,0.7543859649122807,0.0,,,,,,,0.6754385964912281,0.0,,,455.0,114.0,,,,,,,,,,,,,,2.1914986610708915,0.0,2.1914986610708915,4.504949198043005,2.4937463186351856,5.135231636086779,0.30224765756429406,0.0
yeom,Breast Cancer,BCP,569,2,455,114,LR,dp,0.4,1.0,True,0.5337960285328707,0.0,-0.00048197416618467326,0.0,0.7802197802197802,0.0,0.7807017543859649,0.0,,,,,,,0.6929824561403509,0.0,,,455.0,114.0,,,,,,,,,,,,,,1.8652382924603126,0.0,1.8652382924603126,4.091068051592713,2.200119214361534,4.769132241284771,0.3348809219012212,0.0
yeom,Breast Cancer,BCP,569,2,455,114,LR,dp,0.8,1.0,True,0.5296896086369771,0.0,0.03456718719876606,0.0,0.7626373626373626,0.0,0.7280701754385965,0.0,,,,,,,0.6666666666666666,0.0,,,455.0,114.0,,,,,,,,,,,,,,5.225279955853896,0.0,5.225279955853896,10.357539603898708,6.313321630054098,11.419348662272268,1.088041674200202,0.0
yeom,Breast Cancer,BCP,569,2,455,114,LR,dp,1.0,1.0,True,0.5287834972045499,0.0,0.02587237324079439,0.0,0.7978021978021979,0.0,0.7719298245614035,0.0,,,,,,,0.7192982456140351,0.0,,,455.0,114.0,,,,,,,,,,,,,,2.402976442207671,0.0,2.402976442207671,5.745707559724108,2.929222369313384,6.608642182290333,0.5262459271057129,0.0
yeom,Breast Cancer,BCP,569,2,455,114,LR,dp,2.0,1.0,True,0.5263929053402737,0.0,0.02807017543859658,0.0,0.8,0.0,0.7719298245614035,0.0,,,,,,,0.8508771929824561,0.0,,,455.0,114.0,,,,,,,,,,,,,,0.45968388309719566,0.0,0.45968388309719566,1.1497755116150763,0.543682293933059,1.2703263862326888,0.08399841083586335,0.0
yeom,Breast Cancer,BCP,569,2,455,114,LR,dp,4.0,1.0,True,0.5301715828031617,0.0,-0.009292461924040873,0.0,0.7626373626373626,0.0,0.7719298245614035,0.0,,,,,,,0.9035087719298246,0.0,,,455.0,114.0,,,,,,,,,,,,,,0.2538405013025897,0.0,0.2538405013025897,0.4471075488738545,0.26320744100679927,0.417150751334298,0.009366939704209543,0.0
yeom,Breast Cancer,BCP,569,2,455,114,LR,dp,8.0,1.0,True,0.5244842876421825,0.0,0.010410641989589409,0.0,0.7472527472527473,0.0,0.7368421052631579,0.0,,,,,,,0.9035087719298246,0.0,,,455.0,114.0,,,,,,,,,,,,,,0.22012767595257338,0.0,0.22012767595257338,0.3210146865294608,0.2257068376868945,0.29805694416255596,0.005579161734321131,0.0
yeom,Breast Cancer,BCP,569,2,455,114,LR,dp,10.0,1.0,True,0.5222479275110855,0.0,-0.013745903219587463,0.0,0.7318681318681318,0.0,0.7456140350877193,0.0,,,,,,,0.9122807017543859,0.0,,,455.0,114.0,,,,,,,,,,,,,,0.21674875137049357,0.0,0.21674875137049357,0.3070060566694183,0.2228821154310613,0.28521875616011233,0.00613336406056772,0.0
yeom,Breast Cancer,BCP,569,2,455,114,RF,standard,,1.0,True,0.5375843454790823,0.0,0.10923462502409875,0.0,0.810989010989011,0.0,0.7017543859649122,0.0,,,,,,,0.9473684210526315,0.0,,,455.0,114.0,,,,,,,,,,,,,,0.06694696103543754,0.0,0.06694696103543754,0.19484036660144607,0.12575239012593437,0.3054259113391175,0.058805429090496825,0.0
yeom,Breast Cancer,BCP,569,2,455,114,RF,dp,0.1,1.0,True,0.49006169269327166,0.0,0.0034509350298823627,0.0,0.5736263736263736,0.0,0.5701754385964912,0.0,,,,,,,0.7105263157894737,0.0,,,455.0,114.0,,,,,,,,,,,,,,0.48461908459228853,0.0,0.48461908459228853,0.3977103260269445,0.4639522384964049,0.34753989473843044,-0.02066684609588365,0.0
yeom,Breast Cancer,BCP,569,2,455,114,RF,dp,0.2,1.0,True,0.49835164835164836,0.0,-0.01401580875265096,0.0,0.6087912087912087,0.0,0.6228070175438597,0.0,,,,,,,0.7105263157894737,0.0,,,455.0,114.0,,,,,,,,,,,,,,0.4642818253038237,0.0,0.4642818253038237,0.45270480357298104,0.4585679622828411,0.42250402626440964,-0.005713863020982646,0.0
yeom,Breast Cancer,BCP,569,2,455,114,RF,dp,0.4,1.0,True,0.4969828417196838,0.0,0.0013495276653171517,0.0,0.6153846153846154,0.0,0.6140350877192983,0.0,,,,,,,0.7456140350877193,0.0,,,455.0,114.0,,,,,,,,,,,,,,0.4011229901014483,0.0,0.4011229901014483,0.3804240240475279,0.39785943598926365,0.36105962404471675,-0.0032635541121846523,0.0
yeom,Breast Cancer,BCP,569,2,455,114,RF,dp,0.8,1.0,True,0.505542702911124,0.0,0.0234625024098708,0.0,0.6989010989010989,0.0,0.6754385964912281,0.0,,,,,,,0.7456140350877193,0.0,,,455.0,114.0,,,,,,,,,,,,,,0.4388428171102416,0.0,0.4388428171102416,1.6477944758985583,0.38016867376165203,0.39956685466776853,-0.05867414334858956,0.0
yeom,Breast Cancer,BCP,569,2,455,114,RF,dp,1.0,1.0,True,0.5045594756121071,0.0,0.01904761904761909,0.0,0.6857142857142857,0.0,0.6666666666666666,0.0,,,,,,,0.7456140350877193,0.0,,,455.0,114.0,,,,,,,,,,,,,,0.43602904090566663,0.0,0.43602904090566663,1.6487360486219407,0.3711543794015768,0.3919153633810507,-0.06487466150408983,0.0
yeom,Breast Cancer,BCP,569,2,455,114,RF,dp,2.0,1.0,True,0.5055330634278004,0.0,0.025486793907846583,0.0,0.621978021978022,0.0,0.5964912280701754,0.0,,,,,,,0.7982456140350878,0.0,,,455.0,114.0,,,,,,,,,,,,,,0.34656290238868814,0.0,0.34656290238868814,0.38572619193087704,0.3532248295113289,0.3616757259032658,0.006661927122640743,0.0
yeom,Breast Cancer,BCP,569,2,455,114,RF,dp,4.0,1.0,True,0.5028050896471948,0.0,0.007942934258723722,0.0,0.621978021978022,0.0,0.6140350877192983,0.0,,,,,,,0.7631578947368421,0.0,,,455.0,114.0,,,,,,,,,,,,,,0.3511835866208508,0.0,0.3511835866208508,0.42423302985330424,0.35539124818558304,0.4031756364929336,0.004207661564732235,0.0
yeom,Breast Cancer,BCP,569,2,455,114,RF,dp,8.0,1.0,True,0.5028050896471948,0.0,0.007942934258723722,0.0,0.621978021978022,0.0,0.6140350877192983,0.0,,,,,,,0.7631578947368421,0.0,,,455.0,114.0,,,,,,,,,,,,,,0.3511835866208508,0.0,0.3511835866208508,0.42423302985330424,0.35539124818558304,0.4031756364929336,0.004207661564732235,0.0
yeom,Breast Cancer,BCP,569,2,455,114,RF,dp,10.0,1.0,True,0.5028050896471948,0.0,0.007942934258723722,0.0,0.621978021978022,0.0,0.6140350877192983,0.0,,,,,,,0.7631578947368421,0.0,,,455.0,114.0,,,,,,,,,,,,,,0.3511835866208508,0.0,0.3511835866208508,0.42423302985330424,0.35539124818558304,0.4031756364929336,0.004207661564732235,0.0
yeom,Breast Cancer,BCP,569,2,455,114,GNB,standard,,1.0,True,0.5091767881241565,0.0,0.024002313475997683,0.0,0.945054945054945,0.0,0.9210526315789473,0.0,,,,,,,0.9210526315789473,0.0,,,455.0,114.0,,,,,,,,,,,,,,0.5262777035888937,0.0,0.5262777035888937,2.8019870498160735,0.49986270379016795,1.9325646645544088,-0.026414999798725747,0.0
yeom,Breast Cancer,BCP,569,2,455,114,GNB,dp,0.1,1.0,True,0.49342587237324087,0.0,0.007403123192596894,0.0,0.3758241758241758,0.0,0.3684210526315789,0.0,,,,,,,0.3684210526315789,0.0,,,455.0,114.0,,,,,,,,,,,,,,4.987044529384574,0.0,4.987044529384574,3.8806873325536047,5.003826832944746,3.8540537122506864,0.01678230356017174,0.0
yeom,Breast Cancer,BCP,569,2,455,114,GNB,dp,0.2,1.0,True,0.49645267013688066,0.0,0.0080971659919028,0.0,0.6923076923076923,0.0,0.6842105263157895,0.0,,,,,,,0.6842105263157895,0.0,,,455.0,114.0,,,,,,,,,,,,,,0.7696872379654107,0.0,0.7696872379654107,1.2667973303547304,0.8244024684685034,1.33049169801611,0.05471523050309268,0.0
yeom,Breast Cancer,BCP,569,2,455,114,GNB,dp,0.4,1.0,True,0.4909774436090226,0.0,-0.0007904376325429396,0.0,0.6395604395604395,0.0,0.6403508771929824,0.0,,,,,,,0.6228070175438597,0.0,,,455.0,114.0,,,,,,,,,,,,,,1.5350751070197597,0.0,1.5350751070197597,2.1095843136393273,1.5063932069554526,2.062803210301801,-0.028681900064307042,0.0
yeom,Breast Cancer,BCP,569,2,455,114,GNB,dp,0.8,1.0,True,0.49440909967225755,0.0,-0.005205320994794649,0.0,0.6263736263736264,0.0,0.631578947368421,0.0,,,,,,,0.631578947368421,0.0,,,455.0,114.0,,,,,,,,,,,,,,3.377043256601636,0.0,3.377043256601636,4.44120415369749,3.2878917842247,4.344823132261201,-0.08915147237693599,0.0
yeom,Breast Cancer,BCP,569,2,455,114,GNB,dp,1.0,1.0,True,0.5017351069982648,0.0,-0.005205320994794649,0.0,0.6263736263736264,0.0,0.631578947368421,0.0,,,,,,,0.631578947368421,0.0,,,455.0,114.0,,,,,,,,,,,,,,5.854512594604949,0.0,5.854512594604949,8.017646874552339,5.664446865120502,7.69758504614492,-0.19006572948444678,0.0
yeom,Breast Cancer,BCP,569,2,455,114,GNB,dp,2.0,1.0,True,0.49371505687295164,0.0,0.012377096587622982,0.0,0.643956043956044,0.0,0.631578947368421,0.0,,,,,,,0.631578947368421,0.0,,,455.0,114.0,,,,,,,,,,,,,,2.2191437822650437,0.0,2.2191437822650437,3.090509563150273,2.1782700102914228,2.9717838953423024,-0.040873771973620965,0.0
yeom,Breast Cancer,BCP,569,2,455,114,GNB,dp,4.0,1.0,True,0.49865047233468285,0.0,-0.015828031617505345,0.0,0.7824175824175824,0.0,0.7982456140350878,0.0,,,,,,,0.6929824561403509,0.0,,,455.0,114.0,,,,,,,,,,,,,,4.054270387265036,0.0,4.054270387265036,8.692543093465032,4.0561896919425235,9.192220691674189,0.0019193046774876876,0.0
yeom,Breast Cancer,BCP,569,2,455,114,GNB,dp,8.0,1.0,True,0.5215538847117795,0.0,0.05201465201465205,0.0,0.7186813186813187,0.0,0.6666666666666666,0.0,,,,,,,0.6578947368421053,0.0,,,455.0,114.0,,,,,,,,,,,,,,1.7712590561519377,0.0,1.7712590561519377,2.941268869293753,2.0221813047657893,3.0477148776491583,0.2509222486138516,0.0
yeom,Breast Cancer,BCP,569,2,455,114,GNB,dp,10.0,1.0,True,0.5242336610757663,0.0,-0.013688066319645253,0.0,0.7582417582417582,0.0,0.7719298245614035,0.0,,,,,,,0.7456140350877193,0.0,,,455.0,114.0,,,,,,,,,,,,,,2.0997767047732645,0.0,2.0997767047732645,4.240973151089729,2.0636503311910777,4.042129799957591,-0.036126373582186844,0.0
yeom,Breast Cancer,BCP,569,2,455,114,SVM,standard,,1.0,True,0.5186813186813187,0.0,0.02793522267206483,0.0,0.7384615384615385,0.0,0.7105263157894737,0.0,,,,,,,0.9473684210526315,0.0,,,455.0,114.0,,,,,,,,,,,,,,0.10159313892026502,0.0,0.10159313892026502,0.24218221799701453,0.13008211056427674,0.26916569433959575,0.02848897164401172,0.0
yeom,Breast Cancer,BCP,569,2,455,114,SVM,dp,0.1,1.0,True,0.4980721033352612,0.0,0.005899363794100609,0.0,0.6901098901098901,0.0,0.6842105263157895,0.0,,,,,,,0.5526315789473685,0.0,,,455.0,114.0,,,,,,,,,,,,,,1.502621566872374,0.0,1.502621566872374,2.354244338316435,1.3608598034182477,1.8297491971450683,-0.14176176345412617,0.0
yeom,Breast Cancer,BCP,569,2,455,114,SVM,dp,0.2,1.0,True,0.49920956236745706,0.0,0.03233082706766921,0.0,0.7428571428571429,0.0,0.7105263157894737,0.0,,,,,,,0.6666666666666666,0.0,,,455.0,114.0,,,,,,,,,,,,,,1.1408552193138828,0.0,1.1408552193138828,2.279802951727456,0.9606735270738664,1.5785224928847073,-0.18018169224001634,0.0
yeom,Breast Cancer,BCP,569,2,455,114,SVM,dp,0.4,1.0,True,0.5026026604973973,0.0,0.005205320994794704,0.0,0.37362637362637363,0.0,0.3684210526315789,0.0,,,,,,,0.3684210526315789,0.0,,,455.0,114.0,,,,,,,,,,,,,,21.634178620988006,0.0,21.634178620988006,16.708691548803195,21.813964038890955,16.660690235877077,0.17978541790294855,0.0
yeom,Breast Cancer,BCP,569,2,455,114,SVM,dp,0.8,1.0,True,0.5065741276267591,0.0,-0.0026219394640446536,0.0,0.8043956043956044,0.0,0.8070175438596491,0.0,,,,,,,0.8070175438596491,0.0,,,455.0,114.0,,,,,,,,,,,,,,0.7436956768289342,0.0,0.7436956768289342,1.873625888451721,0.5704517919604748,1.2724048334340656,-0.17324388486845943,0.0
yeom,Breast Cancer,BCP,569,2,455,114,SVM,dp,1.0,1.0,True,0.510140736456526,0.0,-0.0004241372662424636,0.0,0.8065934065934066,0.0,0.8070175438596491,0.0,,,,,,,0.868421052631579,0.0,,,455.0,114.0,,,,,,,,,,,,,,0.45942388125740097,0.0,0.45942388125740097,1.1120886895777928,0.3712872685415978,0.8020231435531884,-0.08813661271580314,0.0
yeom,Breast Cancer,BCP,569,2,455,114,SVM,dp,2.0,1.0,True,0.5095816464237517,0.0,0.010468478889531507,0.0,0.7736263736263737,0.0,0.7631578947368421,0.0,,,,,,,0.8947368421052632,0.0,,,455.0,114.0,,,,,,,,,,,,,,0.23778824553028632,0.0,0.23778824553028632,0.44068002945458545,0.2340539882838102,0.39606208530587367,-0.003734257246476136,0.0
yeom,Breast Cancer,BCP,569,2,455,114,SVM,dp,4.0,1.0,True,0.5133024869866976,0.0,-0.011490264121843063,0.0,0.7604395604395604,0.0,0.7719298245614035,0.0,,,,,,,0.9035087719298246,0.0,,,455.0,114.0,,,,,,,,,,,,,,0.20960266823139273,0.0,0.20960266823139273,0.35489457814095926,0.21795204993194997,0.33601360919354045,0.00834938170055724,0.0
yeom,Breast Cancer,BCP,569,2,455,114,SVM,dp,8.0,1.0,True,0.5179679969153653,0.0,-0.007113938692886124,0.0,0.756043956043956,0.0,0.7631578947368421,0.0,,,,,,,0.9035087719298246,0.0,,,455.0,114.0,,,,,,,,,,,,,,0.20449549573483225,0.0,0.20449549573483225,0.3390361924723608,0.21565799433725244,0.3223276550845006,0.01116249860242019,0.0
yeom,Breast Cancer,BCP,569,2,455,114,SVM,dp,10.0,1.0,True,0.519491035280509,0.0,-0.009311740890688314,0.0,0.7538461538461538,0.0,0.7631578947368421,0.0,,,,,,,0.9035087719298246,0.0,,,455.0,114.0,,,,,,,,,,,,,,0.203773669353544,0.0,0.203773669353544,0.33707593889626,0.21535185704862733,0.32021592069200383,0.011578187695083342,0.0
yeom,Breast Cancer,BCP,569,2,455,114,DNN,standard,,1.0,True,0.5226045883940622,0.0,0.010776942355889663,0.0,0.9142857142857143,0.0,0.9035087719298246,0.0,,,,,,,0.9736842105263158,0.0,,,455.0,114.0,,,,,,,,,,,,,,0.049987684738129125,0.0,0.049987684738129125,0.3224120926636584,0.07189440379724622,0.409878162718084,0.021906719059117098,0.0
yeom,Breast Cancer,BCP,569,2,455,114,DNN,dp,0.1,1.0,True,0.5094274146905726,0.0,-0.005205320994794649,0.0,0.6263736263736264,0.0,0.631578947368421,0.0,,,,,,,0.631578947368421,0.0,,,455.0,114.0,,,,,,,,,,,,,,0.6715414198519554,0.0,0.6715414198519554,0.09564852177803317,0.6720977959452317,0.0950511052745643,0.0005563760932763007,0.0
yeom,Breast Cancer,BCP,569,2,455,114,DNN,dp,0.2,1.0,True,0.5098708309234625,0.0,-0.005205320994794649,0.0,0.6263736263736264,0.0,0.631578947368421,0.0,,,,,,,0.631578947368421,0.0,,,455.0,114.0,,,,,,,,,,,,,,0.6571714515821265,0.0,0.6571714515821265,0.1409200041450022,0.6578730691165505,0.14092624618062907,0.0007016175344239928,0.0
yeom,Breast Cancer,BCP,569,2,455,114,DNN,dp,0.4,1.0,True,0.5093310198573358,0.0,-0.005205320994794649,0.0,0.6263736263736264,0.0,0.631578947368421,0.0,,,,,,,0.631578947368421,0.0,,,455.0,114.0,,,,,,,,,,,,,,0.6362080780881119,0.0,0.6362080780881119,0.2266193935758572,0.6367811397268517,0.2274145460514476,0.0005730616387398246,0.0
yeom,Breast Cancer,BCP,569,2,455,114,DNN,dp,0.8,1.0,True,0.50730672835936,0.0,-0.005205320994794649,0.0,0.6263736263736264,0.0,0.631578947368421,0.0,,,,,,,0.631578947368421,0.0,,,455.0,114.0,,,,,,,,,,,,,,0.616517727631201,0.0,0.616517727631201,0.4046409198393424,0.6177934325123164,0.40722191296197074,0.0012757048811153915,0.0
yeom,Breast Cancer,BCP,569,2,455,114,DNN,dp,1.0,1.0,True,0.5068825910931174,0.0,-0.005205320994794649,0.0,0.6263736263736264,0.0,0.631578947368421,0.0,,,,,,,0.631578947368421,0.0,,,455.0,114.0,,,,,,,,,,,,,,0.619365820616083,0.0,0.619365820616083,0.5023524370387923,0.6213461434418865,0.5060391235945666,0.0019803228258035155,0.0
yeom,Breast Cancer,BCP,569,2,455,114,DNN,dp,2.0,1.0,True,0.5052245999614421,0.0,-0.005205320994794649,0.0,0.6263736263736264,0.0,0.631578947368421,0.0,,,,,,,0.631578947368421,0.0,,,455.0,114.0,,,,,,,,,,,,,,0.6625313111567286,0.0,0.6625313111567286,0.7639921654352058,0.6690793806057158,0.7711624772319962,0.006548069448987226,0.0
yeom,Breast Cancer,BCP,569,2,455,114,DNN,dp,4.0,1.0,True,0.5031231925968768,0.0,-0.005205320994794649,0.0,0.6263736263736264,0.0,0.631578947368421,0.0,,,,,,,0.631578947368421,0.0,,,455.0,114.0,,,,,,,,,,,,,,0.596473656319797,0.0,0.596473656319797,0.7649818636979581,0.6072299032381661,0.7716995814367432,0.010756246918369072,0.0
yeom,Breast Cancer,BCP,569,2,455,114,DNN,dp,8.0,1.0,True,0.5020628494312704,0.0,0.012377096587622982,0.0,0.643956043956044,0.0,0.631578947368421,0.0,,,,,,,0.7631578947368421,0.0,,,455.0,114.0,,,,,,,,,,,,,,0.41307588297317316,0.0,0.41307588297317316,0.6375864098514198,0.42453281484651395,0.6292620029256017,0.011456931873340792,0.0
yeom,Breast Cancer,BCP,569,2,455,114,DNN,dp,10.0,1.0,True,0.5020628494312704,0.0,0.02134181607865815,0.0,0.7318681318681318,0.0,0.7105263157894737,0.0,,,,,,,0.8421052631578947,0.0,,,455.0,114.0,,,,,,,,,,,,,,0.34327507231804555,0.0,0.34327507231804555,0.5945836837010058,0.35368168621378343,0.57168300181182,0.010406613895737882,0.0
yeom,Diabetes,DIABETES,70692,2,56553,14139,LR,standard,,1.0,True,0.5009360415412317,0.0,0.0036235788034011396,0.0,0.645040935052075,0.0,0.6414173562486739,0.0,,,,,,,0.7455265577480727,0.0,,,56553.0,14139.0,,,,,,,,,,,,,,0.5125120481293642,0.0,0.5125120481293642,0.4994457334220408,0.5145783293698782,0.4989263720533222,0.0020662812405140007,0.0
yeom,Diabetes,DIABETES,70692,2,56553,14139,LR,dp,0.1,1.0,True,0.5002750033911522,0.0,0.0014670532690823634,0.0,0.6568882287411808,0.0,0.6554211754720984,0.0,,,,,,,0.7163872975457953,0.0,,,56553.0,14139.0,,,,,,,,,,,,,,0.5681766028226081,0.0,0.5681766028226081,0.6694766637955071,0.5722146817711753,0.6708471522323841,0.004038078948567225,0.0
yeom,Diabetes,DIABETES,70692,2,56553,14139,LR,dp,0.2,1.0,True,0.5006378266275026,0.0,0.0027928376599979376,0.0,0.6505755662829558,0.0,0.6477827286229578,0.0,,,,,,,0.7337152556757903,0.0,,,56553.0,14139.0,,,,,,,,,,,,,,0.5311245346955656,0.0,0.5311245346955656,0.5816674463678126,0.5342630816853822,0.5809966379985003,0.0031385469898165264,0.0
yeom,Diabetes,DIABETES,70692,2,56553,14139,LR,dp,0.4,1.0,True,0.5007826797849638,0.0,0.0020324026677108753,0.0,0.6481884250172405,0.0,0.6461560223495296,0.0,,,,,,,0.7427682297192163,0.0,,,56553.0,14139.0,,,,,,,,,,,,,,0.51836692995087,0.0,0.51836692995087,0.5421876745792625,0.521061821222797,0.541086713591142,0.0026948912719270135,0.0
yeom,Diabetes,DIABETES,70692,2,56553,14139,LR,dp,0.8,1.0,True,0.500712806973965,0.0,0.003341356203516388,0.0,0.6579138153590437,0.0,0.6545724591555273,0.0,,,,,,,0.74000990169036,0.0,,,56553.0,14139.0,,,,,,,,,,,,,,0.5261053315264413,0.0,0.5261053315264413,0.6041876562473885,0.5292803830254508,0.6023706531311679,0.003175051499009429,0.0
yeom,Diabetes,DIABETES,70692,2,56553,14139,LR,dp,1.0,1.0,True,0.5008681959865959,0.0,0.004136548449869437,0.0,0.6488780436051138,0.0,0.6447414951552444,0.0,,,,,,,0.7449607468703586,0.0,,,56553.0,14139.0,,,,,,,,,,,,,,0.5148905840867212,0.0,0.5148905840867212,0.5345921051735424,0.5174409078948237,0.5333006149795657,0.002550323808102495,0.0
yeom,Diabetes,DIABETES,70692,2,56553,14139,LR,dp,2.0,1.0,True,0.5009151718061561,0.0,0.003994964415253932,0.0,0.6464024896999275,0.0,0.6424075252846736,0.0,,,,,,,0.7454558313883585,0.0,,,56553.0,14139.0,,,,,,,,,,,,,,0.5124548337793365,0.0,0.5124548337793365,0.5071019245718434,0.5146582565705548,0.5064425730938825,0.0022034227912182125,0.0
yeom,Diabetes,DIABETES,70692,2,56553,14139,LR,dp,4.0,1.0,True,0.500927321587505,0.0,0.0033053233162055884,0.0,0.6452884904425936,0.0,0.641983167126388,0.0,,,,,,,0.7456680104675012,0.0,,,56553.0,14139.0,,,,,,,,,,,,,,0.5124134407705471,0.0,0.5124134407705471,0.5027345217404071,0.514532039917214,0.5021461758850806,0.0021185991466668996,0.0
yeom,Diabetes,DIABETES,70692,2,56553,14139,LR,dp,8.0,1.0,True,0.5009089605978113,0.0,0.0032522719806605815,0.0,0.6451647127473343,0.0,0.6419124407666738,0.0,,,,,,,0.7456680104675012,0.0,,,56553.0,14139.0,,,,,,,,,,,,,,0.5124466239634529,0.0,0.5124466239634529,0.5013865921225068,0.5145409763656013,0.5008600814081154,0.0020943524021483917,0.0
yeom,Diabetes,DIABETES,70692,2,56553,14139,LR,dp,10.0,1.0,True,0.500909163823696,0.0,0.0035705649864808953,0.0,0.6456244584725832,0.0,0.6420538934861023,0.0,,,,,,,0.7454558313883585,0.0,,,56553.0,14139.0,,,,,,,,,,,,,,0.5124582086670169,0.0,0.5124582086670169,0.5020027607142279,0.5145434563818032,0.5014782416145399,0.0020852477147863535,0.0
yeom,Diabetes,DIABETES,70692,2,56553,14139,RF,standard,,1.0,True,0.500957176407923,0.0,-0.00032176723048193967,0.0,0.6007108376213464,0.0,0.6010326048518283,0.0,,,,,,,0.7373223000212179,0.0,,,56553.0,14139.0,,,,,,,,,,,,,,0.541509875304522,0.0,0.541509875304522,0.3304829889196444,0.5427231034263653,0.3300488863292196,0.0012132281218433238,0.0
yeom,Diabetes,DIABETES,70692,2,56553,14139,RF,dp,0.1,1.0,True,0.49992596137102147,0.0,0.0007594407487285793,0.0,0.6503103283645429,0.0,0.6495508876158144,0.0,,,,,,,0.6757903670698069,0.0,,,56553.0,14139.0,,,,,,,,,,,,,,0.6444186875014192,0.0,0.6444186875014192,1.4844037788701048,0.6383260913494401,1.4271781713163656,-0.006092596151979102,0.0
yeom,Diabetes,DIABETES,70692,2,56553,14139,RF,dp,0.2,1.0,True,0.49976967066077316,0.0,0.0004592917498881244,0.0,0.6585680688911286,0.0,0.6581087771412405,0.0,,,,,,,0.6863285946672325,0.0,,,56553.0,14139.0,,,,,,,,,,,,,,0.6482314528051669,0.0,0.6482314528051669,1.6185580796783923,0.6491733631982531,1.6367728219747493,0.0009419103930862205,0.0
yeom,Diabetes,DIABETES,70692,2,56553,14139,RF,dp,0.4,1.0,True,0.4994955989821382,0.0,-0.0013088372280686267,0.0,0.6591339097837426,0.0,0.6604427470118113,0.0,,,,,,,0.687813848221232,0.0,,,56553.0,14139.0,,,,,,,,,,,,,,0.6477336845539382,0.0,0.6477336845539382,1.6188607285787455,0.6439294540024256,1.5869893981479097,-0.0038042305515125774,0.0
yeom,Diabetes,DIABETES,70692,2,56553,14139,RF,dp,0.8,1.0,True,0.5001066004181798,0.0,-5.347529600596701e-05,0.0,0.6585503863632345,0.0,0.6586038616592405,0.0,,,,,,,0.6876723955018035,0.0,,,56553.0,14139.0,,,,,,,,,,,,,,0.6484648376562997,0.0,0.6484648376562997,1.6208895876233704,0.6449148432470382,1.5886018949563736,-0.0035499944092615143,0.0
yeom,Diabetes,DIABETES,70692,2,56553,14139,RF,dp,1.0,1.0,True,0.5000716474419545,0.0,0.0001233387273484876,0.0,0.6585150213074461,0.0,0.6583916825800976,0.0,,,,,,,0.6876723955018035,0.0,,,56553.0,14139.0,,,,,,,,,,,,,,0.6485754895621807,0.0,0.6485754895621807,1.6208881150061092,0.6449447850716029,1.5885961032075626,-0.003630704490577785,0.0
yeom,Diabetes,DIABETES,70692,2,56553,14139,RF,dp,2.0,1.0,True,0.5001412807590646,0.0,0.00021175136681939044,0.0,0.658603433946917,0.0,0.6583916825800976,0.0,,,,,,,0.6877431218615178,0.0,,,56553.0,14139.0,,,,,,,,,,,,,,0.6484875365461988,0.0,0.6484875365461988,1.620903002842582,0.6449281694835423,1.5885934508215662,-0.003559367062656582,0.0
yeom,Diabetes,DIABETES,70692,2,56553,14139,RF,dp,4.0,1.0,True,0.5001412807590646,0.0,0.00021175136681939044,0.0,0.658603433946917,0.0,0.6583916825800976,0.0,,,,,,,0.6877431218615178,0.0,,,56553.0,14139.0,,,,,,,,,,,,,,0.6484875365461988,0.0,0.6484875365461988,1.620903002842582,0.6449281694835423,1.5885934508215662,-0.003559367062656582,0.0
yeom,Diabetes,DIABETES,70692,2,56553,14139,RF,dp,8.0,1.0,True,0.5001261507482814,0.0,0.00028247772653366976,0.0,0.658603433946917,0.0,0.6583209562203833,0.0,,,,,,,0.6874602164226608,0.0,,,56553.0,14139.0,,,,,,,,,,,,,,0.6486143266739164,0.0,0.6486143266739164,1.6209939883655764,0.6451113180066537,1.5887401215883439,-0.003503008667262719,0.0
yeom,Diabetes,DIABETES,70692,2,56553,14139,RF,dp,10.0,1.0,True,0.5001261507482814,0.0,0.00028247772653366976,0.0,0.658603433946917,0.0,0.6583209562203833,0.0,,,,,,,0.6874602164226608,0.0,,,56553.0,14139.0,,,,,,,,,,,,,,0.6486143266739164,0.0,0.6486143266739164,1.6209939883655764,0.6451113180066537,1.5887401215883439,-0.003503008667262719,0.0
yeom,Diabetes,DIABETES,70692,2,56553,14139,GNB,standard,,1.0,True,0.49947791520362317,0.0,0.003949345519292602,0.0,0.7863950630382119,0.0,0.7824457175189193,0.0,,,,,,,0.7153264021500814,0.0,,,56553.0,14139.0,,,,,,,,,,,,,,1.3516524079819252,0.0,1.3516524079819252,3.542573189315513,1.3933296710207148,3.6165854779178996,0.0416772630387896,0.0
yeom,Diabetes,DIABETES,70692,2,56553,14139,GNB,dp,0.1,1.0,True,0.5009549628090566,0.0,0.0036644741044932205,0.0,0.7493324845719944,0.0,0.7456680104675012,0.0,,,,,,,0.6490558030978145,0.0,,,56553.0,14139.0,,,,,,,,,,,,,,2.7904666127168793,0.0,2.7904666127168793,5.970285200615789,2.8643439808864386,6.07622296231249,0.07387736816955925,0.0
yeom,Diabetes,DIABETES,70692,2,56553,14139,GNB,dp,0.2,1.0,True,0.49926919846824414,0.0,0.003029418852746546,0.0,0.777270878644811,0.0,0.7742414597920645,0.0,,,,,,,0.7004738666100856,0.0,,,56553.0,14139.0,,,,,,,,,,,,,,1.4533770869951275,0.0,1.4533770869951275,3.9904467863712547,1.5109503980809098,4.215256343652296,0.05757331108578234,0.0
yeom,Diabetes,DIABETES,70692,2,56553,14139,GNB,dp,0.4,1.0,True,0.4988448528161668,0.0,0.002606433876130687,0.0,0.803158099481902,0.0,0.8005516656057713,0.0,,,,,,,0.7025249310417992,0.0,,,56553.0,14139.0,,,,,,,,,,,,,,1.8125642209304833,0.0,1.8125642209304833,5.45167305271586,1.8656372955066376,5.613224302668347,0.05307307457615429,0.0
yeom,Diabetes,DIABETES,70692,2,56553,14139,GNB,dp,0.8,1.0,True,0.49932335347667034,0.0,0.003861172999020779,0.0,0.7908333775396531,0.0,0.7869722045406323,0.0,,,,,,,0.7143362331140816,0.0,,,56553.0,14139.0,,,,,,,,,,,,,,1.3880091825257033,0.0,1.3880091825257033,3.6358652214464096,1.4252506555408875,3.707211685846751,0.03724147301518421,0.0
yeom,Diabetes,DIABETES,70692,2,56553,14139,GNB,dp,1.0,1.0,True,0.499913031827586,0.0,0.00456781753885338,0.0,0.7791629091294892,0.0,0.7745950915906358,0.0,,,,,,,0.7071928707829408,0.0,,,56553.0,14139.0,,,,,,,,,,,,,,1.4214250656906238,0.0,1.4214250656906238,3.741032827691324,1.4728861387342271,3.8309091151707317,0.05146107304360337,0.0
yeom,Diabetes,DIABETES,70692,2,56553,14139,GNB,dp,2.0,1.0,True,0.49927172784886975,0.0,0.002676312314923157,0.0,0.7871730942655562,0.0,0.784496781950633,0.0,,,,,,,0.7159629393875098,0.0,,,56553.0,14139.0,,,,,,,,,,,,,,1.3203496104281272,0.0,1.3203496104281272,3.459999934300729,1.3591946455339836,3.535051140296816,0.03884503510585646,0.0
yeom,Diabetes,DIABETES,70692,2,56553,14139,GNB,dp,4.0,1.0,True,0.49943445925638486,0.0,0.0028176224635773073,0.0,0.7844853500256397,0.0,0.7816677275620624,0.0,,,,,,,0.7153971285097956,0.0,,,56553.0,14139.0,,,,,,,,,,,,,,1.332795426888393,0.0,1.332795426888393,3.4699410833041395,1.3731239218476712,3.5375148959063187,0.04032849495927815,0.0
yeom,Diabetes,DIABETES,70692,2,56553,14139,GNB,dp,8.0,1.0,True,0.4994051840987209,0.0,0.0026053608434598585,0.0,0.7829292875709511,0.0,0.7803239267274913,0.0,,,,,,,0.7146191385529387,0.0,,,56553.0,14139.0,,,,,,,,,,,,,,1.3373592469980484,0.0,1.3373592469980484,3.4750855583535873,1.376571059990959,3.5441154429811257,0.039211812992910655,0.0
yeom,Diabetes,DIABETES,70692,2,56553,14139,GNB,dp,10.0,1.0,True,0.49950905691287373,0.0,0.003418914704816811,0.0,0.7867133485403073,0.0,0.7832944338354905,0.0,,,,,,,0.7153264021500814,0.0,,,56553.0,14139.0,,,,,,,,,,,,,,1.3604239702009677,0.0,1.3604239702009677,3.5701890684307194,1.4028881345343154,3.6445413542989753,0.042464164333347654,0.0
yeom,Diabetes,DIABETES,70692,2,56553,14139,SVM,standard,,1.0,True,0.5052325600278269,0.0,0.00854294960900892,0.0,0.7183526957013775,0.0,0.7098097460923686,0.0,,,,,,,0.7475776221797864,0.0,,,56553.0,14139.0,,,,,,,,,,,,,,0.5302491311761495,0.0,0.5302491311761495,0.7297044967937445,0.5487529289133009,0.7457339305220143,0.018503797737151384,0.0
yeom,Diabetes,DIABETES,70692,2,56553,14139,SVM,dp,0.1,1.0,True,0.5000367857610496,0.0,0.0009555393452584937,0.0,0.6804944034799215,0.0,0.679538864134663,0.0,,,,,,,0.7281985996180776,0.0,,,56553.0,14139.0,,,,,,,,,,,,,,0.557409626384879,0.0,0.557409626384879,0.6577018243089164,0.5570626783367375,0.6565185896737644,-0.00034694804814150437,0.0
yeom,Diabetes,DIABETES,70692,2,56553,14139,SVM,dp,0.2,1.0,True,0.5000092721028225,0.0,7.145797289898059e-05,0.0,0.6804590384241331,0.0,0.6803875804512342,0.0,,,,,,,0.7265718933446496,0.0,,,56553.0,14139.0,,,,,,,,,,,,,,0.5599649807455047,0.0,0.5599649807455047,0.6609891301786834,0.5596560368643297,0.6601869523340725,-0.0003089438811749723,0.0
yeom,Diabetes,DIABETES,70692,2,56553,14139,SVM,dp,0.4,1.0,True,0.5000025337577986,0.0,0.0001952581793331909,0.0,0.6810071967888529,0.0,0.6808119386095197,0.0,,,,,,,0.7262889879057924,0.0,,,56553.0,14139.0,,,,,,,,,,,,,,0.5613631749570372,0.0,0.5613631749570372,0.6629581796608316,0.5610726103027038,0.6623247555046398,-0.00029056465433341394,0.0
yeom,Diabetes,DIABETES,70692,2,56553,14139,SVM,dp,0.8,1.0,True,0.5000006584518661,0.0,0.00010686054731212646,0.0,0.681201704595689,0.0,0.6810948440483768,0.0,,,,,,,0.7259353561072212,0.0,,,56553.0,14139.0,,,,,,,,,,,,,,0.5620889870838238,0.0,0.5620889870838238,0.6640127789261467,0.5618077921879502,0.6634592608946637,-0.00028119489587363766,0.0
yeom,Diabetes,DIABETES,70692,2,56553,14139,SVM,dp,1.0,1.0,True,0.4999994953744957,0.0,0.00010686805103710117,0.0,0.6813431648188425,0.0,0.6812362967678054,0.0,,,,,,,0.7260768088266497,0.0,,,56553.0,14139.0,,,,,,,,,,,,,,0.5622361649954305,0.0,0.5622361649954305,0.6642291228315679,0.5619568426852412,0.6636912005020377,-0.00027932231018934495,0.0
yeom,Diabetes,DIABETES,70692,2,56553,14139,SVM,dp,2.0,1.0,True,0.4999962606437228,0.0,7.76635534438519e-07,0.0,0.6813077997630541,0.0,0.6813070231275197,0.0,,,,,,,0.7263597142655067,0.0,,,56553.0,14139.0,,,,,,,,,,,,,,0.5625325148744041,0.0,0.5625325148744041,0.6646674497710435,0.5622569578958033,0.6641603547361628,-0.0002755569786008216,0.0
yeom,Diabetes,DIABETES,70692,2,56553,14139,SVM,dp,4.0,1.0,True,0.4999950512933816,0.0,0.00017759065888889314,0.0,0.6812724347072657,0.0,0.6810948440483768,0.0,,,,,,,0.7262182615460783,0.0,,,56553.0,14139.0,,,,,,,,,,,,,,0.5626816175201704,0.0,0.5626816175201704,0.6648891595458135,0.562407957829589,0.6643973075564841,-0.00027365969058146256,0.0
yeom,Diabetes,DIABETES,70692,2,56553,14139,SVM,dp,8.0,1.0,True,0.4999954558692196,0.0,0.00046049234588341204,0.0,0.681201704595689,0.0,0.6807412122498055,0.0,,,,,,,0.726147535186364,0.0,,,56553.0,14139.0,,,,,,,,,,,,,,0.56275639304799,0.0,0.56275639304799,0.6650005845414675,0.5624836838417938,0.6645162886428855,-0.00027270920619615335,0.0
yeom,Diabetes,DIABETES,70692,2,56553,14139,SVM,dp,10.0,1.0,True,0.49999554653922973,0.0,0.0003190396264549644,0.0,0.681201704595689,0.0,0.680882664969234,0.0,,,,,,,0.7260768088266497,0.0,,,56553.0,14139.0,,,,,,,,,,,,,,0.562771363700427,0.0,0.562771363700427,0.6650229103340355,0.562498845321242,0.6645401229734742,-0.0002725183791850716,0.0
yeom,Diabetes,DIABETES,70692,2,56553,14139,DNN,standard,,1.0,True,0.5030752459770758,0.0,0.006116515087482788,0.0,0.6418757625590155,0.0,0.6357592474715327,0.0,,,,,,,0.7508310347266426,0.0,,,56553.0,14139.0,,,,,,,,,,,,,,0.4943666685106909,0.0,0.4943666685106909,0.49430292993713926,0.5028979405763663,0.501030389969712,0.008531272065675388,0.0
yeom,Diabetes,DIABETES,70692,2,56553,14139,DNN,dp,0.1,1.0,True,0.5004415785817836,0.0,0.001524854462534142,0.0,0.7465563276926069,0.0,0.7450314732300728,0.0,,,,,,,0.7310276540066483,0.0,,,56553.0,14139.0,,,,,,,,,,,,,,0.8423408327350212,0.0,0.8423408327350212,1.5229020949694032,0.8424408593245956,1.5151255232955625,0.0001000265895743091,0.0
yeom,Diabetes,DIABETES,70692,2,56553,14139,DNN,dp,0.2,1.0,True,0.5005826448593762,0.0,0.0010829863620286373,0.0,0.7497922302972433,0.0,0.7487092439352147,0.0,,,,,,,0.7371808473017893,0.0,,,56553.0,14139.0,,,,,,,,,,,,,,0.8196452557895837,0.0,0.8196452557895837,1.5007866817630038,0.8191015696798277,1.4876215957544061,-0.0005436861097559698,0.0
yeom,Diabetes,DIABETES,70692,2,56553,14139,DNN,dp,0.4,1.0,True,0.5008912024073571,0.0,0.0020025115792887682,0.0,0.7513482927519318,0.0,0.749345781172643,0.0,,,,,,,0.74000990169036,0.0,,,56553.0,14139.0,,,,,,,,,,,,,,0.8011196800869029,0.0,0.8011196800869029,1.4801161445543238,0.8016627328419491,1.4651479482455203,0.0005430527550461806,0.0
yeom,Diabetes,DIABETES,70692,2,56553,14139,DNN,dp,0.8,1.0,True,0.5011818935861819,0.0,0.0013130168028774314,0.0,0.7529927678460913,0.0,0.7516797510432138,0.0,,,,,,,0.7437583987552161,0.0,,,56553.0,14139.0,,,,,,,,,,,,,,0.7884455610445367,0.0,0.7884455610445367,1.4682372971337443,0.7900723003705181,1.4536276147674339,0.0016267393259814522,0.0
yeom,Diabetes,DIABETES,70692,2,56553,14139,DNN,dp,1.0,1.0,True,0.5014109866867198,0.0,0.002108741813703463,0.0,0.75400067193606,0.0,0.7518919301223566,0.0,,,,,,,0.7453143786689299,0.0,,,56553.0,14139.0,,,,,,,,,,,,,,0.7877646426326482,0.0,0.7877646426326482,1.469032339444969,0.7899096052320774,1.4548249856024067,0.002144962599429201,0.0
yeom,Diabetes,DIABETES,70692,2,56553,14139,DNN,dp,2.0,1.0,True,0.5019820795615031,0.0,0.0007119796882869567,0.0,0.7555744169186427,0.0,0.7548624372303557,0.0,,,,,,,0.7478605276186435,0.0,,,56553.0,14139.0,,,,,,,,,,,,,,0.7902330074865971,0.0,0.7902330074865971,1.4708985641702548,0.7948194234372021,1.4605921639712136,0.0045864159506050495,0.0
yeom,Diabetes,DIABETES,70692,2,56553,14139,DNN,dp,4.0,1.0,True,0.5021036661690709,0.0,7.54537064460159e-05,0.0,0.755786607253373,0.0,0.755711153546927,0.0,,,,,,,0.7485677912157861,0.0,,,56553.0,14139.0,,,,,,,,,,,,,,0.7931765296810801,0.0,0.7931765296810801,1.464748240697747,0.7994764473453959,1.4595068888081797,0.006299917664315813,0.0
yeom,Diabetes,DIABETES,70692,2,56553,14139,DNN,dp,8.0,1.0,True,0.5019993149924511,0.0,0.0006059220395466802,0.0,0.7561756228670451,0.0,0.7555697008274984,0.0,,,,,,,0.7495579602517859,0.0,,,56553.0,14139.0,,,,,,,,,,,,,,0.790316688549304,0.0,0.790316688549304,1.4492025080160298,0.7976588694711124,1.4463670279738916,0.007342180921808383,0.0
yeom,Diabetes,DIABETES,70692,2,56553,14139,DNN,dp,10.0,1.0,True,0.5020289740907095,0.0,0.0012955181162450646,0.0,0.7564408607854579,0.0,0.7551453426692128,0.0,,,,,,,0.7501237711295,0.0,,,56553.0,14139.0,,,,,,,,,,,,,,0.7890901761659594,0.0,0.7890901761659594,1.4451230458715891,0.7968404920538962,1.4424883186477522,0.007750315887936732,0.0
yeom,Cancer Risk,CANCER_RISK,1500,2,1200,300,LR,standard,,1.0,True,0.4873222222222222,0.0,0.0050000000000000044,0.0,0.695,0.0,0.69,0.0,,,,,,,0.85,0.0,,,1200.0,300.0,,,,,,,,,,,,,,0.3515947513653014,0.0,0.3515947513653014,0.5376496476253849,0.3413770401954008,0.5104502721683335,-0.010217711169900556,0.0
yeom,Cancer Risk,CANCER_RISK,1500,2,1200,300,LR,dp,0.1,1.0,True,0.48291666666666666,0.0,-0.03499999999999992,0.0,0.7283333333333334,0.0,0.7633333333333333,0.0,,,,,,,0.6833333333333333,0.0,,,1200.0,300.0,,,,,,,,,,,,,,1.9193584832432884,0.0,1.9193584832432884,3.423246976782839,1.5479352849195576,3.0038597667865603,-0.37142319832373083,0.0
yeom,Cancer Risk,CANCER_RISK,1500,2,1200,300,LR,dp,0.2,1.0,True,0.48034166666666667,0.0,-0.03916666666666668,0.0,0.7541666666666667,0.0,0.7933333333333333,0.0,,,,,,,0.7433333333333333,0.0,,,1200.0,300.0,,,,,,,,,,,,,,1.1347272116715756,0.0,1.1347272116715756,2.1984833585418655,0.9334396931571344,1.987690563716712,-0.20128751851444127,0.0
yeom,Cancer Risk,CANCER_RISK,1500,2,1200,300,LR,dp,0.4,1.0,True,0.4754027777777778,0.0,-0.03083333333333338,0.0,0.7625,0.0,0.7933333333333333,0.0,,,,,,,0.8033333333333333,0.0,,,1200.0,300.0,,,,,,,,,,,,,,0.6162886170841702,0.0,0.6162886170841702,1.2487029636853413,0.5539554568133451,1.1898455359039617,-0.06233316027082503,0.0
yeom,Cancer Risk,CANCER_RISK,1500,2,1200,300,LR,dp,0.8,1.0,True,0.4753083333333333,0.0,-0.022499999999999964,0.0,0.8041666666666667,0.0,0.8266666666666667,0.0,,,,,,,0.7933333333333333,0.0,,,1200.0,300.0,,,,,,,,,,,,,,1.519041063914762,0.0,1.519041063914762,3.721892384020748,1.3333312346648734,3.5519607484408433,-0.18570982924988866,0.0
yeom,Cancer Risk,CANCER_RISK,1500,2,1200,300,LR,dp,1.0,1.0,True,0.47489722222222225,0.0,-0.018333333333333313,0.0,0.775,0.0,0.7933333333333333,0.0,,,,,,,0.8433333333333334,0.0,,,1200.0,300.0,,,,,,,,,,,,,,0.4516208551006662,0.0,0.4516208551006662,1.007823627234758,0.4381012005778602,0.9865952556886336,-0.013519654522806013,0.0
yeom,Cancer Risk,CANCER_RISK,1500,2,1200,300,LR,dp,2.0,1.0,True,0.4820027777777778,0.0,-0.0024999999999999467,0.0,0.7175,0.0,0.72,0.0,,,,,,,0.8466666666666667,0.0,,,1200.0,300.0,,,,,,,,,,,,,,0.3532915607932342,0.0,0.3532915607932342,0.5943231917196904,0.3440914876042468,0.569635913777009,-0.009200073188987412,0.0
yeom,Cancer Risk,CANCER_RISK,1500,2,1200,300,LR,dp,4.0,1.0,True,0.48516944444444443,0.0,0.0033333333333332993,0.0,0.7066666666666667,0.0,0.7033333333333334,0.0,,,,,,,0.85,0.0,,,1200.0,300.0,,,,,,,,,,,,,,0.3508238158893797,0.0,0.3508238158893797,0.5567399610254268,0.3409984362740146,0.5305107772194416,-0.009825379615365115,0.0
yeom,Cancer Risk,CANCER_RISK,1500,2,1200,300,LR,dp,8.0,1.0,True,0.4862888888888889,0.0,0.0016666666666667052,0.0,0.6983333333333334,0.0,0.6966666666666667,0.0,,,,,,,0.85,0.0,,,1200.0,300.0,,,,,,,,,,,,,,0.3509832699651232,0.0,0.3509832699651232,0.5459839685568103,0.3409140418358865,0.5191391593844148,-0.010069228129236663,0.0
yeom,Cancer Risk,CANCER_RISK,1500,2,1200,300,LR,dp,10.0,1.0,True,0.4866611111111112,0.0,0.0016666666666667052,0.0,0.6983333333333334,0.0,0.6966666666666667,0.0,,,,,,,0.85,0.0,,,1200.0,300.0,,,,,,,,,,,,,,0.3510701506814977,0.0,0.3510701506814977,0.5442255058465764,0.34095723068925204,0.5172669007668038,-0.010112919992245673,0.0
yeom,Cancer Risk,CANCER_RISK,1500,2,1200,300,RF,standard,,1.0,True,0.5207194444444444,0.0,0.050833333333333286,0.0,0.6041666666666666,0.0,0.5533333333333333,0.0,,,,,,,0.85,0.0,,,1200.0,300.0,,,,,,,,,,,,,,0.3947439830956426,0.0,0.3947439830956426,0.2976331287145132,0.4122085060540549,0.30820531972358034,0.017464522958412276,0.0
yeom,Cancer Risk,CANCER_RISK,1500,2,1200,300,RF,dp,0.1,1.0,True,0.5124847222222222,0.0,0.03166666666666662,0.0,0.635,0.0,0.6033333333333334,0.0,,,,,,,0.64,0.0,,,1200.0,300.0,,,,,,,,,,,,,,0.6061266860670285,0.0,0.6061266860670285,0.40935553642631023,0.6338442178817566,0.45385213130239643,0.027717531814728136,0.0
yeom,Cancer Risk,CANCER_RISK,1500,2,1200,300,RF,dp,0.2,1.0,True,0.5005277777777778,0.0,-0.008333333333333304,0.0,0.6216666666666667,0.0,0.63,0.0,,,,,,,0.6666666666666666,0.0,,,1200.0,300.0,,,,,,,,,,,,,,0.5958910491223409,0.0,0.5958910491223409,0.49239485805753624,0.6145162523387101,0.539945565121424,0.01862520321636918,0.0
yeom,Cancer Risk,CANCER_RISK,1500,2,1200,300,RF,dp,0.4,1.0,True,0.5044861111111112,0.0,0.0,0.0,0.6033333333333334,0.0,0.6033333333333334,0.0,,,,,,,0.6866666666666666,0.0,,,1200.0,300.0,,,,,,,,,,,,,,0.5500101258875408,0.0,0.5500101258875408,0.4605959164575126,0.5586498090596922,0.46260730032280534,0.008639683172151358,0.0
yeom,Cancer Risk,CANCER_RISK,1500,2,1200,300,RF,dp,0.8,1.0,True,0.5050805555555556,0.0,0.010000000000000009,0.0,0.6333333333333333,0.0,0.6233333333333333,0.0,,,,,,,0.7333333333333333,0.0,,,1200.0,300.0,,,,,,,,,,,,,,0.5111862940066284,0.0,0.5111862940066284,0.42510701039228826,0.5147046781130474,0.4153004672274369,0.0035183841064190258,0.0
yeom,Cancer Risk,CANCER_RISK,1500,2,1200,300,RF,dp,1.0,1.0,True,0.5035944444444443,0.0,-0.0008333333333332416,0.0,0.6558333333333334,0.0,0.6566666666666666,0.0,,,,,,,0.71,0.0,,,1200.0,300.0,,,,,,,,,,,,,,0.5186543430993775,0.0,0.5186543430993775,0.40942283941348845,0.5237322184680967,0.4123395484423477,0.005077875368719176,0.0
yeom,Cancer Risk,CANCER_RISK,1500,2,1200,300,RF,dp,2.0,1.0,True,0.5066847222222222,0.0,0.030000000000000027,0.0,0.6033333333333334,0.0,0.5733333333333334,0.0,,,,,,,0.7233333333333334,0.0,,,1200.0,300.0,,,,,,,,,,,,,,0.49919428743254507,0.0,0.49919428743254507,0.4092652527993294,0.5079082815856142,0.4120341074180896,0.008713994153069116,0.0
yeom,Cancer Risk,CANCER_RISK,1500,2,1200,300,RF,dp,4.0,1.0,True,0.5084402777777778,0.0,0.043333333333333335,0.0,0.5966666666666667,0.0,0.5533333333333333,0.0,,,,,,,0.7266666666666667,0.0,,,1200.0,300.0,,,,,,,,,,,,,,0.49659133760465846,0.0,0.49659133760465846,0.40748786194716113,0.5055275656179153,0.40480307298213575,0.008936228013256886,0.0
yeom,Cancer Risk,CANCER_RISK,1500,2,1200,300,RF,dp,8.0,1.0,True,0.5084402777777778,0.0,0.043333333333333335,0.0,0.5966666666666667,0.0,0.5533333333333333,0.0,,,,,,,0.7266666666666667,0.0,,,1200.0,300.0,,,,,,,,,,,,,,0.49659133760465846,0.0,0.49659133760465846,0.40748786194716113,0.5055275656179153,0.40480307298213575,0.008936228013256886,0.0
yeom,Cancer Risk,CANCER_RISK,1500,2,1200,300,RF,dp,10.0,1.0,True,0.5084402777777778,0.0,0.043333333333333335,0.0,0.5966666666666667,0.0,0.5533333333333333,0.0,,,,,,,0.7266666666666667,0.0,,,1200.0,300.0,,,,,,,,,,,,,,0.49659133760465846,0.0,0.49659133760465846,0.40748786194716113,0.5055275656179153,0.40480307298213575,0.008936228013256886,0.0
yeom,Cancer Risk,CANCER_RISK,1500,2,1200,300,GNB,standard,,1.0,True,0.4998583333333333,0.0,0.0008333333333332416,0.0,0.8008333333333333,0.0,0.8,0.0,,,,,,,0.83,0.0,,,1200.0,300.0,,,,,,,,,,,,,,0.5279461734284618,0.0,0.5279461734284618,1.3644859176804616,0.49393650616961765,1.2130283851695736,-0.03400966725884419,0.0
yeom,Cancer Risk,CANCER_RISK,1500,2,1200,300,GNB,dp,0.1,1.0,True,0.5052527777777778,0.0,0.0050000000000000044,0.0,0.7216666666666667,0.0,0.7166666666666667,0.0,,,,,,,0.69,0.0,,,1200.0,300.0,,,,,,,,,,,,,,1.5825106605836632,0.0,1.5825106605836632,2.5791506232872647,1.585632966034088,2.611670745178509,0.0031223054504248005,0.0
yeom,Cancer Risk,CANCER_RISK,1500,2,1200,300,GNB,dp,0.2,1.0,True,0.47352500000000003,0.0,-0.04416666666666669,0.0,0.6725,0.0,0.7166666666666667,0.0,,,,,,,0.54,0.0,,,1200.0,300.0,,,,,,,,,,,,,,2.491975399895553,0.0,2.491975399895553,3.2968289372108326,2.1447336789385814,3.070809957361366,-0.3472417209569718,0.0
yeom,Cancer Risk,CANCER_RISK,1500,2,1200,300,GNB,dp,0.4,1.0,True,0.4805138888888889,0.0,0.0008333333333333526,0.0,0.7441666666666666,0.0,0.7433333333333333,0.0,,,,,,,0.73,0.0,,,1200.0,300.0,,,,,,,,,,,,,,0.7801877234087088,0.0,0.7801877234087088,1.7151718471654172,0.7695954073408776,1.7358763212281838,-0.010592316067831176,0.0
yeom,Cancer Risk,CANCER_RISK,1500,2,1200,300,GNB,dp,0.8,1.0,True,0.4966888888888889,0.0,0.0,0.0,0.74,0.0,0.74,0.0,,,,,,,0.8233333333333334,0.0,,,1200.0,300.0,,,,,,,,,,,,,,0.42189446249158147,0.0,0.42189446249158147,0.6959367134831166,0.4019664776555185,0.6381595510458721,-0.01992798483606295,0.0
yeom,Cancer Risk,CANCER_RISK,1500,2,1200,300,GNB,dp,1.0,1.0,True,0.49270833333333336,0.0,-0.007499999999999951,0.0,0.6991666666666667,0.0,0.7066666666666667,0.0,,,,,,,0.71,0.0,,,1200.0,300.0,,,,,,,,,,,,,,0.6585194498794964,0.0,0.6585194498794964,0.9670365384214756,0.6745313133862438,1.0294986497609566,0.016011863506747437,0.0
yeom,Cancer Risk,CANCER_RISK,1500,2,1200,300,GNB,dp,2.0,1.0,True,0.4973722222222222,0.0,0.0008333333333332416,0.0,0.8541666666666666,0.0,0.8533333333333334,0.0,,,,,,,0.78,0.0,,,1200.0,300.0,,,,,,,,,,,,,,1.232425644774571,0.0,1.232425644774571,5.300022548973906,1.2205935074335192,5.209752207131607,-0.011832137341051707,0.0
yeom,Cancer Risk,CANCER_RISK,1500,2,1200,300,GNB,dp,4.0,1.0,True,0.49948888888888887,0.0,0.012500000000000067,0.0,0.8191666666666667,0.0,0.8066666666666666,0.0,,,,,,,0.84,0.0,,,1200.0,300.0,,,,,,,,,,,,,,0.571715223614442,0.0,0.571715223614442,1.6651613843055362,0.5321223261903789,1.4913064765770525,-0.039592897424063134,0.0
yeom,Cancer Risk,CANCER_RISK,1500,2,1200,300,GNB,dp,8.0,1.0,True,0.5020875,0.0,-0.009166666666666656,0.0,0.8475,0.0,0.8566666666666667,0.0,,,,,,,0.8066666666666666,0.0,,,1200.0,300.0,,,,,,,,,,,,,,1.1146153710535045,0.0,1.1146153710535045,4.703097953469611,1.0609774098773164,4.483945221961239,-0.05363796117618813,0.0
yeom,Cancer Risk,CANCER_RISK,1500,2,1200,300,GNB,dp,10.0,1.0,True,0.5000972222222222,0.0,-0.006666666666666599,0.0,0.81,0.0,0.8166666666666667,0.0,,,,,,,0.8233333333333334,0.0,,,1200.0,300.0,,,,,,,,,,,,,,0.6415111028965894,0.0,0.6415111028965894,1.9727444842806403,0.6033360913916215,1.8064001239781926,-0.03817501150496794,0.0
yeom,Cancer Risk,CANCER_RISK,1500,2,1200,300,SVM,standard,,1.0,True,0.5053305555555556,0.0,0.01333333333333342,0.0,0.79,0.0,0.7766666666666666,0.0,,,,,,,0.8833333333333333,0.0,,,1200.0,300.0,,,,,,,,,,,,,,0.2792194806423175,0.0,0.2792194806423175,0.5291262017961708,0.2852874550028615,0.542591144875792,0.006067974360544015,0.0
yeom,Cancer Risk,CANCER_RISK,1500,2,1200,300,SVM,dp,0.1,1.0,True,0.46948055555555557,0.0,-0.010000000000000009,0.0,0.75,0.0,0.76,0.0,,,,,,,0.7266666666666667,0.0,,,1200.0,300.0,,,,,,,,,,,,,,1.0520474406285254,0.0,1.0520474406285254,1.9348593871872788,1.0671974924237082,2.068424148479758,0.015150051795182806,0.0
yeom,Cancer Risk,CANCER_RISK,1500,2,1200,300,SVM,dp,0.2,1.0,True,0.468875,0.0,-0.004166666666666652,0.0,0.7491666666666666,0.0,0.7533333333333333,0.0,,,,,,,0.71,0.0,,,1200.0,300.0,,,,,,,,,,,,,,4.466197128988655,0.0,4.466197128988655,8.469918311694574,4.551962031362484,9.0187187450605,0.08576490237382917,0.0
yeom,Cancer Risk,CANCER_RISK,1500,2,1200,300,SVM,dp,0.4,1.0,True,0.4733138888888889,0.0,-0.01083333333333325,0.0,0.7425,0.0,0.7533333333333333,0.0,,,,,,,0.8133333333333334,0.0,,,1200.0,300.0,,,,,,,,,,,,,,0.3971123639093625,0.0,0.3971123639093625,0.7331844484416054,0.38936269675429286,0.7102255956862132,-0.0077496671550696394,0.0
yeom,Cancer Risk,CANCER_RISK,1500,2,1200,300,SVM,dp,0.8,1.0,True,0.4831944444444445,0.0,0.010000000000000009,0.0,0.7266666666666667,0.0,0.7166666666666667,0.0,,,,,,,0.8433333333333334,0.0,,,1200.0,300.0,,,,,,,,,,,,,,0.36377143340917684,0.0,0.36377143340917684,0.6203476710286826,0.34871428515732217,0.5816023261888038,-0.015057148251854668,0.0
yeom,Cancer Risk,CANCER_RISK,1500,2,1200,300,SVM,dp,1.0,1.0,True,0.48467777777777776,0.0,0.015000000000000013,0.0,0.7283333333333334,0.0,0.7133333333333334,0.0,,,,,,,0.8433333333333334,0.0,,,1200.0,300.0,,,,,,,,,,,,,,0.3619315708175563,0.0,0.3619315708175563,0.6114355282292697,0.34662496828909245,0.5717264980963143,-0.01530660252846383,0.0
yeom,Cancer Risk,CANCER_RISK,1500,2,1200,300,SVM,dp,2.0,1.0,True,0.4872888888888889,0.0,0.008333333333333304,0.0,0.7216666666666667,0.0,0.7133333333333334,0.0,,,,,,,0.8466666666666667,0.0,,,1200.0,300.0,,,,,,,,,,,,,,0.3598743286438481,0.0,0.3598743286438481,0.5987152896786144,0.3445153235267952,0.5579171023737641,-0.015359005117052904,0.0
yeom,Cancer Risk,CANCER_RISK,1500,2,1200,300,SVM,dp,4.0,1.0,True,0.48834999999999995,0.0,0.02083333333333326,0.0,0.7241666666666666,0.0,0.7033333333333334,0.0,,,,,,,0.85,0.0,,,1200.0,300.0,,,,,,,,,,,,,,0.3594989368708093,0.0,0.3594989368708093,0.5944486388518644,0.3442384638214546,0.5534376020880304,-0.015260473049354684,0.0
yeom,Cancer Risk,CANCER_RISK,1500,2,1200,300,SVM,dp,8.0,1.0,True,0.48883888888888893,0.0,0.012499999999999956,0.0,0.7191666666666666,0.0,0.7066666666666667,0.0,,,,,,,0.85,0.0,,,1200.0,300.0,,,,,,,,,,,,,,0.35941295548682756,0.0,0.35941295548682756,0.5926387417703515,0.3442383276006057,0.5516027055669318,-0.01517462788622187,0.0
yeom,Cancer Risk,CANCER_RISK,1500,2,1200,300,SVM,dp,10.0,1.0,True,0.4890111111111111,0.0,0.012499999999999956,0.0,0.7191666666666666,0.0,0.7066666666666667,0.0,,,,,,,0.85,0.0,,,1200.0,300.0,,,,,,,,,,,,,,0.3594035905383956,0.0,0.3594035905383956,0.5923031247351433,0.344249343160108,0.551267163066225,-0.015154247378287578,0.0
yeom,Cancer Risk,CANCER_RISK,1500,2,1200,300,DNN,standard,,1.0,True,0.4944166666666667,0.0,-0.0024999999999999467,0.0,0.7941666666666667,0.0,0.7966666666666666,0.0,,,,,,,0.89,0.0,,,1200.0,300.0,,,,,,,,,,,,,,0.2603458038606693,0.0,0.2603458038606693,0.5630654606272089,0.2733922272313874,0.5651775534636131,0.013046423370718097,0.0
yeom,Cancer Risk,CANCER_RISK,1500,2,1200,300,DNN,dp,0.1,1.0,True,0.47226944444444446,0.0,-0.03916666666666668,0.0,0.5108333333333334,0.0,0.55,0.0,,,,,,,0.59,0.0,,,1200.0,300.0,,,,,,,,,,,,,,0.683991536087893,0.0,0.683991536087893,0.06006248021548154,0.6778360892534586,0.057902694148856126,-0.006155446834434364,0.0
yeom,Cancer Risk,CANCER_RISK,1500,2,1200,300,DNN,dp,0.2,1.0,True,0.4886305555555555,0.0,-0.010000000000000009,0.0,0.5533333333333333,0.0,0.5633333333333334,0.0,,,,,,,0.67,0.0,,,1200.0,300.0,,,,,,,,,,,,,,0.638266422561076,0.0,0.638266422561076,0.13018562184151888,0.6326941236586647,0.12841255982790556,-0.005572298902411288,0.0
yeom,Cancer Risk,CANCER_RISK,1500,2,1200,300,DNN,dp,0.4,1.0,True,0.49425555555555556,0.0,-0.0033333333333332993,0.0,0.6266666666666667,0.0,0.63,0.0,,,,,,,0.6366666666666667,0.0,,,1200.0,300.0,,,,,,,,,,,,,,0.6053843341043312,0.0,0.6053843341043312,0.3840521940240671,0.5990319761704415,0.3778289692110505,-0.006352357933889774,0.0
yeom,Cancer Risk,CANCER_RISK,1500,2,1200,300,DNN,dp,0.8,1.0,True,0.49694166666666667,0.0,-0.0016666666666667052,0.0,0.6283333333333333,0.0,0.63,0.0,,,,,,,0.63,0.0,,,1200.0,300.0,,,,,,,,,,,,,,0.6911632129856665,0.0,0.6911632129856665,0.7972961313859045,0.6813912736519173,0.7813783813983816,-0.009771939333749202,0.0
yeom,Cancer Risk,CANCER_RISK,1500,2,1200,300,DNN,dp,1.0,1.0,True,0.49775277777777777,0.0,-0.0008333333333333526,0.0,0.6291666666666667,0.0,0.63,0.0,,,,,,,0.63,0.0,,,1200.0,300.0,,,,,,,,,,,,,,0.720786949229193,0.0,0.720786949229193,0.887283672649215,0.7105011980016639,0.8694513978657078,-0.01028575122752906,0.0
yeom,Cancer Risk,CANCER_RISK,1500,2,1200,300,DNN,dp,2.0,1.0,True,0.49756666666666666,0.0,0.0025000000000000577,0.0,0.6658333333333334,0.0,0.6633333333333333,0.0,,,,,,,0.6633333333333333,0.0,,,1200.0,300.0,,,,,,,,,,,,,,0.711024395404261,0.0,0.711024395404261,0.9751105718909853,0.7016292350838044,0.9560084623325296,-0.00939516032045662,0.0
yeom,Cancer Risk,CANCER_RISK,1500,2,1200,300,DNN,dp,4.0,1.0,True,0.4975111111111111,0.0,0.015000000000000013,0.0,0.7116666666666667,0.0,0.6966666666666667,0.0,,,,,,,0.7366666666666667,0.0,,,1200.0,300.0,,,,,,,,,,,,,,0.5984728984171079,0.0,0.5984728984171079,0.9635415491901926,0.5899960985043892,0.9456410659861629,-0.008476799912718769,0.0
yeom,Cancer Risk,CANCER_RISK,1500,2,1200,300,DNN,dp,8.0,1.0,True,0.5002597222222221,0.0,0.010000000000000009,0.0,0.78,0.0,0.77,0.0,,,,,,,0.8233333333333334,0.0,,,1200.0,300.0,,,,,,,,,,,,,,0.4883412467998875,0.0,0.4883412467998875,1.0198476498833624,0.4770397828688196,1.0075369944628108,-0.011301463931067901,0.0
yeom,Cancer Risk,CANCER_RISK,1500,2,1200,300,DNN,dp,10.0,1.0,True,0.5001805555555556,0.0,-0.010000000000000009,0.0,0.7866666666666666,0.0,0.7966666666666666,0.0,,,,,,,0.83,0.0,,,1200.0,300.0,,,,,,,,,,,,,,0.47583295703800216,0.0,0.47583295703800216,1.0608527068999858,0.46505134084177446,1.0521257349124,-0.010781616196227695,0.0
yeom,Gallstone,GALLSTONE,319,2,255,64,LR,standard,,1.0,True,0.4776348039215686,0.0,-0.06819852941176474,0.0,0.5411764705882353,0.0,0.609375,0.0,,,,,,,0.765625,0.0,,,255.0,64.0,,,,,,,,,,,,,,0.5803463528523076,0.0,0.5803463528523076,0.18808654571265204,0.5729731580587892,0.20342918537790328,-0.0073731947935183895,0.0
yeom,Gallstone,GALLSTONE,319,2,255,64,LR,dp,0.1,1.0,True,0.5151348039215686,0.0,0.01409313725490191,0.0,0.6078431372549019,0.0,0.59375,0.0,,,,,,,0.484375,0.0,,,255.0,64.0,,,,,,,,,,,,,,9.985275055741,0.0,9.985275055741,12.06306548338814,11.041220440233978,13.480578003948477,1.0559453844929774,0.0
yeom,Gallstone,GALLSTONE,319,2,255,64,LR,dp,0.2,1.0,True,0.5135110294117647,0.0,0.006311274509803955,0.0,0.615686274509804,0.0,0.609375,0.0,,,,,,,0.484375,0.0,,,255.0,64.0,,,,,,,,,,,,,,9.670954755555638,0.0,9.670954755555638,11.674459405618235,10.604590146808885,13.077610439548321,0.9336353912532473,0.0
yeom,Gallstone,GALLSTONE,319,2,255,64,LR,dp,0.4,1.0,True,0.509405637254902,0.0,0.010171568627450944,0.0,0.6039215686274509,0.0,0.59375,0.0,,,,,,,0.5,0.0,,,255.0,64.0,,,,,,,,,,,,,,9.089855295160891,0.0,9.089855295160891,11.111435907827113,9.832194956116439,12.443687586721657,0.7423396609555475,0.0
yeom,Gallstone,GALLSTONE,319,2,255,64,LR,dp,0.8,1.0,True,0.49825367647058827,0.0,0.02555147058823526,0.0,0.5411764705882353,0.0,0.515625,0.0,,,,,,,0.4375,0.0,,,255.0,64.0,,,,,,,,,,,,,,15.798752522222905,0.0,15.798752522222905,16.40857970883966,16.49645843612651,15.989325184449175,0.6977059139036044,0.0
yeom,Gallstone,GALLSTONE,319,2,255,64,LR,dp,1.0,1.0,True,0.4886029411764705,0.0,-0.03676470588235292,0.0,0.5882352941176471,0.0,0.625,0.0,,,,,,,0.515625,0.0,,,255.0,64.0,,,,,,,,,,,,,,12.034237741675458,0.0,12.034237741675458,13.74705081436887,10.812323777932232,13.376991322079343,-1.2219139637432264,0.0
yeom,Gallstone,GALLSTONE,319,2,255,64,LR,dp,2.0,1.0,True,0.4930147058823529,0.0,-0.02469362745098036,0.0,0.6784313725490196,0.0,0.703125,0.0,,,,,,,0.484375,0.0,,,255.0,64.0,,,,,,,,,,,,,,2.4480666245901563,0.0,2.4480666245901563,3.794811942872704,2.6521884128747955,4.6588650248643,0.20412178828463912,0.0
yeom,Gallstone,GALLSTONE,319,2,255,64,LR,dp,4.0,1.0,True,0.49381127450980394,0.0,-0.005085784313725528,0.0,0.6980392156862745,0.0,0.703125,0.0,,,,,,,0.609375,0.0,,,255.0,64.0,,,,,,,,,,,,,,0.9843344177902879,0.0,0.9843344177902879,1.2108464169472988,1.0196221490804285,1.403193861065382,0.03528773129014062,0.0
yeom,Gallstone,GALLSTONE,319,2,255,64,LR,dp,8.0,1.0,True,0.49283088235294115,0.0,-0.04454656862745099,0.0,0.596078431372549,0.0,0.640625,0.0,,,,,,,0.640625,0.0,,,255.0,64.0,,,,,,,,,,,,,,0.67230666582359,0.0,0.67230666582359,0.47334855656477504,0.6760266734132202,0.5026751604321803,0.003720007589630203,0.0
yeom,Gallstone,GALLSTONE,319,2,255,64,LR,dp,10.0,1.0,True,0.4901960784313726,0.0,0.0022671568627451455,0.0,0.5803921568627451,0.0,0.578125,0.0,,,,,,,0.65625,0.0,,,255.0,64.0,,,,,,,,,,,,,,0.6386928649530572,0.0,0.6386928649530572,0.3757845708397754,0.6390749903402511,0.3900096538520161,0.0003821253871938435,0.0
yeom,Gallstone,GALLSTONE,319,2,255,64,RF,standard,,1.0,True,0.6271446078431373,0.0,0.143014705882353,0.0,0.611764705882353,0.0,0.46875,0.0,,,,,,,0.828125,0.0,,,255.0,64.0,,,,,,,,,,,,,,0.3644469633735583,0.0,0.3644469633735583,0.2422896797354569,0.47920976866314974,0.3169350149455023,0.11476280528959143,0.0
yeom,Gallstone,GALLSTONE,319,2,255,64,RF,dp,0.1,1.0,True,0.5339460784313725,0.0,0.04503676470588236,0.0,0.5294117647058824,0.0,0.484375,0.0,,,,,,,0.484375,0.0,,,255.0,64.0,,,,,,,,,,,,,,0.7612125674728136,0.0,0.7612125674728136,0.41468367069043044,0.8118755170675929,0.4406210697665252,0.05066294959477924,0.0
yeom,Gallstone,GALLSTONE,319,2,255,64,RF,dp,0.2,1.0,True,0.5199754901960785,0.0,0.0607843137254902,0.0,0.5607843137254902,0.0,0.5,0.0,,,,,,,0.5,0.0,,,255.0,64.0,,,,,,,,,,,,,,0.7329001291905354,0.0,0.7329001291905354,0.3554738863292118,0.7555221235648482,0.3452675586408438,0.02262199437431278,0.0
yeom,Gallstone,GALLSTONE,319,2,255,64,RF,dp,0.4,1.0,True,0.5351409313725489,0.0,0.04503676470588236,0.0,0.5294117647058824,0.0,0.484375,0.0,,,,,,,0.484375,0.0,,,255.0,64.0,,,,,,,,,,,,,,0.7493822595862761,0.0,0.7493822595862761,0.3430556968446409,0.782043166598384,0.32506078709909636,0.03266090701210789,0.0
yeom,Gallstone,GALLSTONE,319,2,255,64,RF,dp,0.8,1.0,True,0.5011029411764706,0.0,0.021568627450980427,0.0,0.5215686274509804,0.0,0.5,0.0,,,,,,,0.5,0.0,,,255.0,64.0,,,,,,,,,,,,,,0.6924321390896225,0.0,0.6924321390896225,0.33362566238729763,0.6973105547533733,0.336117043863366,0.004878415663750801,0.0
yeom,Gallstone,GALLSTONE,319,2,255,64,RF,dp,1.0,1.0,True,0.5050857843137255,0.0,-0.04062500000000002,0.0,0.6,0.0,0.640625,0.0,,,,,,,0.59375,0.0,,,255.0,64.0,,,,,,,,,,,,,,0.7053099198742361,0.0,0.7053099198742361,0.26371289344829335,0.7072289127065283,0.23015364360910875,0.0019189928322922434,0.0
yeom,Gallstone,GALLSTONE,319,2,255,64,RF,dp,2.0,1.0,True,0.5024203431372549,0.0,0.005759803921568607,0.0,0.4745098039215686,0.0,0.46875,0.0,,,,,,,0.546875,0.0,,,255.0,64.0,,,,,,,,,,,,,,0.6886630699770792,0.0,0.6886630699770792,0.2447390646033709,0.7080700075711953,0.2571272293922426,0.019406937594116158,0.0
yeom,Gallstone,GALLSTONE,319,2,255,64,RF,dp,4.0,1.0,True,0.4954656862745098,0.0,-0.017647058823529405,0.0,0.4823529411764706,0.0,0.5,0.0,,,,,,,0.578125,0.0,,,255.0,64.0,,,,,,,,,,,,,,0.6869296240686482,0.0,0.6869296240686482,0.2333813458050512,0.6985227840292878,0.24007847464068446,0.011593159960639587,0.0
yeom,Gallstone,GALLSTONE,319,2,255,64,RF,dp,8.0,1.0,True,0.5003676470588236,0.0,-0.002083333333333326,0.0,0.4666666666666667,0.0,0.46875,0.0,,,,,,,0.546875,0.0,,,255.0,64.0,,,,,,,,,,,,,,0.6918722177565473,0.0,0.6918722177565473,0.2583117889697375,0.6990975655032743,0.25131515383101893,0.007225347746727007,0.0
yeom,Gallstone,GALLSTONE,319,2,255,64,RF,dp,10.0,1.0,True,0.5003676470588236,0.0,-0.002083333333333326,0.0,0.4666666666666667,0.0,0.46875,0.0,,,,,,,0.546875,0.0,,,255.0,64.0,,,,,,,,,,,,,,0.6918722177565473,0.0,0.6918722177565473,0.2583117889697375,0.6990975655032743,0.25131515383101893,0.007225347746727007,0.0
yeom,Gallstone,GALLSTONE,319,2,255,64,GNB,standard,,1.0,True,0.507843137254902,0.0,0.018014705882352988,0.0,0.611764705882353,0.0,0.59375,0.0,,,,,,,0.546875,0.0,,,255.0,64.0,,,,,,,,,,,,,,4.509296894377592,0.0,4.509296894377592,6.373108485856331,4.88316879052671,7.1535451303669495,0.37387189614911787,0.0
yeom,Gallstone,GALLSTONE,319,2,255,64,GNB,dp,0.1,1.0,True,0.49828431372549015,0.0,0.01795343137254901,0.0,0.596078431372549,0.0,0.578125,0.0,,,,,,,0.53125,0.0,,,255.0,64.0,,,,,,,,,,,,,,8.314703019088787,0.0,8.314703019088787,10.522832658682045,7.70813838951552,9.687771336062216,-0.606564629573267,0.0
yeom,Gallstone,GALLSTONE,319,2,255,64,GNB,dp,0.2,1.0,True,0.5171875,0.0,-0.009436274509803888,0.0,0.5843137254901961,0.0,0.59375,0.0,,,,,,,0.5,0.0,,,255.0,64.0,,,,,,,,,,,,,,12.86494148331002,0.0,12.86494148331002,14.670801361441162,13.2184896900662,15.454556587423054,0.35354820675618015,0.0
yeom,Gallstone,GALLSTONE,319,2,255,64,GNB,dp,0.4,1.0,True,0.5229779411764706,0.0,0.037561274509803955,0.0,0.615686274509804,0.0,0.578125,0.0,,,,,,,0.46875,0.0,,,255.0,64.0,,,,,,,,,,,,,,3.1594509261543107,0.0,3.1594509261543107,5.638555704578723,3.341312461350068,5.160084080351285,0.18186153519575754,0.0
yeom,Gallstone,GALLSTONE,319,2,255,64,GNB,dp,0.8,1.0,True,0.532015931372549,0.0,0.1001838235294118,0.0,0.6470588235294118,0.0,0.546875,0.0,,,,,,,0.453125,0.0,,,255.0,64.0,,,,,,,,,,,,,,7.20809215360037,0.0,7.20809215360037,9.707390594534422,8.276132960441679,10.466552261089216,1.0680408068413083,0.0
yeom,Gallstone,GALLSTONE,319,2,255,64,GNB,dp,1.0,1.0,True,0.5132046568627451,0.0,0.060906862745098045,0.0,0.592156862745098,0.0,0.53125,0.0,,,,,,,0.515625,0.0,,,255.0,64.0,,,,,,,,,,,,,,11.457460405682957,0.0,11.457460405682957,13.659790887510386,11.717109598854707,13.702102608404624,0.25964919317175017,0.0
yeom,Gallstone,GALLSTONE,319,2,255,64,GNB,dp,2.0,1.0,True,0.49828431372549015,0.0,0.010477941176470607,0.0,0.6823529411764706,0.0,0.671875,0.0,,,,,,,0.515625,0.0,,,255.0,64.0,,,,,,,,,,,,,,1.5854883166680074,0.0,1.5854883166680074,2.8417459111927483,1.4645489052976128,1.7745006301778772,-0.12093941137039455,0.0
yeom,Gallstone,GALLSTONE,319,2,255,64,GNB,dp,4.0,1.0,True,0.48060661764705875,0.0,-0.03664215686274508,0.0,0.6196078431372549,0.0,0.65625,0.0,,,,,,,0.53125,0.0,,,255.0,64.0,,,,,,,,,,,,,,8.439508645965754,0.0,8.439508645965754,11.63193486178146,7.125806496064918,10.344243225199461,-1.313702149900836,0.0
yeom,Gallstone,GALLSTONE,319,2,255,64,GNB,dp,8.0,1.0,True,0.5378370098039216,0.0,0.02248774509803919,0.0,0.7568627450980392,0.0,0.734375,0.0,,,,,,,0.46875,0.0,,,255.0,64.0,,,,,,,,,,,,,,5.052638332107266,0.0,5.052638332107266,9.503265033389898,6.539673654610061,11.069867114863516,1.4870353225027948,0.0
yeom,Gallstone,GALLSTONE,319,2,255,64,GNB,dp,10.0,1.0,True,0.5186274509803921,0.0,0.03394607843137254,0.0,0.6901960784313725,0.0,0.65625,0.0,,,,,,,0.578125,0.0,,,255.0,64.0,,,,,,,,,,,,,,1.8168644998108001,0.0,1.8168644998108001,2.9628782031252765,2.1856962336516297,5.065383547697619,0.36883173384082957,0.0
yeom,Gallstone,GALLSTONE,319,2,255,64,SVM,standard,,1.0,True,0.5313112745098041,0.0,0.04564950980392157,0.0,0.6862745098039216,0.0,0.640625,0.0,,,,,,,0.78125,0.0,,,255.0,64.0,,,,,,,,,,,,,,0.40936162666941933,0.0,0.40936162666941933,0.43698708261587155,0.4793847815065436,0.5223117172734713,0.07002315483712429,0.0
yeom,Gallstone,GALLSTONE,319,2,255,64,SVM,dp,0.1,1.0,True,0.5029411764705882,0.0,0.00588235294117645,0.0,0.5058823529411764,0.0,0.5,0.0,,,,,,,0.5,0.0,,,255.0,64.0,,,,,,,,,,,,,,17.066218924544103,0.0,17.066218924544103,17.268193042729013,17.269388197455342,17.269388197455346,0.20316927291123932,0.0
yeom,Gallstone,GALLSTONE,319,2,255,64,SVM,dp,0.2,1.0,True,0.5393995098039216,0.0,0.057046568627450944,0.0,0.6039215686274509,0.0,0.546875,0.0,,,,,,,0.46875,0.0,,,255.0,64.0,,,,,,,,,,,,,,7.793936348179138,0.0,7.793936348179138,9.606210101585313,8.891528742280364,9.545335206064216,1.097592394101226,0.0
yeom,Gallstone,GALLSTONE,319,2,255,64,SVM,dp,0.4,1.0,True,0.5684436274509804,0.0,0.1352941176470588,0.0,0.6352941176470588,0.0,0.5,0.0,,,,,,,0.40625,0.0,,,255.0,64.0,,,,,,,,,,,,,,4.018972430266848,0.0,4.018972430266848,5.472666413518589,5.168965714459341,5.540623406075848,1.149993284192493,0.0
yeom,Gallstone,GALLSTONE,319,2,255,64,SVM,dp,0.8,1.0,True,0.5604166666666667,0.0,0.10772058823529407,0.0,0.5764705882352941,0.0,0.46875,0.0,,,,,,,0.375,0.0,,,255.0,64.0,,,,,,,,,,,,,,14.137106107300237,0.0,14.137106107300237,15.675372582433798,18.052920847209055,16.250775349757454,3.915814739908818,0.0
yeom,Gallstone,GALLSTONE,319,2,255,64,SVM,dp,1.0,1.0,True,0.5795343137254902,0.0,0.11574754901960782,0.0,0.6313725490196078,0.0,0.515625,0.0,,,,,,,0.359375,0.0,,,255.0,64.0,,,,,,,,,,,,,,6.186162573797779,0.0,6.186162573797779,8.467413250356971,8.388211613922365,9.331137887874172,2.202049040124587,0.0
yeom,Gallstone,GALLSTONE,319,2,255,64,SVM,dp,2.0,1.0,True,0.5663602941176471,0.0,0.15888480392156867,0.0,0.6745098039215687,0.0,0.515625,0.0,,,,,,,0.46875,0.0,,,255.0,64.0,,,,,,,,,,,,,,1.1212657062545686,0.0,1.1212657062545686,1.520500105958418,1.4805622738158393,1.7523247893881115,0.3592965675612707,0.0
yeom,Gallstone,GALLSTONE,319,2,255,64,SVM,dp,4.0,1.0,True,0.5405024509803922,0.0,0.10024509803921566,0.0,0.6627450980392157,0.0,0.5625,0.0,,,,,,,0.59375,0.0,,,255.0,64.0,,,,,,,,,,,,,,0.6406868785163123,0.0,0.6406868785163123,0.6047756382272662,0.7217934180767988,0.6163566535505902,0.08110653956048641,0.0
yeom,Gallstone,GALLSTONE,319,2,255,64,SVM,dp,8.0,1.0,True,0.5069240196078431,0.0,-0.07567401960784315,0.0,0.6274509803921569,0.0,0.703125,0.0,,,,,,,0.734375,0.0,,,255.0,64.0,,,,,,,,,,,,,,0.5726294325343969,0.0,0.5726294325343969,0.45331573591217506,0.588184403358047,0.4780941967347553,0.015554970823650094,0.0
yeom,Gallstone,GALLSTONE,319,2,255,64,SVM,dp,10.0,1.0,True,0.5008578431372549,0.0,-0.07573529411764701,0.0,0.611764705882353,0.0,0.6875,0.0,,,,,,,0.75,0.0,,,255.0,64.0,,,,,,,,,,,,,,0.5674908013461282,0.0,0.5674908013461282,0.4414003217210317,0.5732978259157171,0.4622725975488526,0.0058070245695889255,0.0
yeom,Gallstone,GALLSTONE,319,2,255,64,DNN,standard,,1.0,True,0.5581495098039215,0.0,0.0924632352941176,0.0,0.6705882352941176,0.0,0.578125,0.0,,,,,,,0.78125,0.0,,,255.0,64.0,,,,,,,,,,,,,,0.2877286543876914,0.0,0.2877286543876914,0.37330586377484604,0.5492837659683745,0.9014877034310369,0.26155511158068306,0.0
yeom,Gallstone,GALLSTONE,319,2,255,64,DNN,dp,0.1,1.0,True,0.49730392156862746,0.0,0.0019607843137254832,0.0,0.5019607843137255,0.0,0.5,0.0,,,,,,,0.5,0.0,,,255.0,64.0,,,,,,,,,,,,,,0.697850314670258,0.0,0.697850314670258,0.05723999883225834,0.6966157038593311,0.05681306751632206,-0.001234610810926906,0.0
yeom,Gallstone,GALLSTONE,319,2,255,64,DNN,dp,0.2,1.0,True,0.4966911764705882,0.0,-0.0019607843137254832,0.0,0.4980392156862745,0.0,0.5,0.0,,,,,,,0.5,0.0,,,255.0,64.0,,,,,,,,,,,,,,0.6974284560555329,0.0,0.6974284560555329,0.05560157729651238,0.6961481249030266,0.055216409933886955,-0.0012803311525063643,0.0
yeom,Gallstone,GALLSTONE,319,2,255,64,DNN,dp,0.4,1.0,True,0.49485294117647055,0.0,-0.0019607843137254832,0.0,0.4980392156862745,0.0,0.5,0.0,,,,,,,0.5,0.0,,,255.0,64.0,,,,,,,,,,,,,,0.6966005077790178,0.0,0.6966005077790178,0.052410525300297515,0.6952649546577443,0.05211586525201466,-0.001335553121273536,0.0
yeom,Gallstone,GALLSTONE,319,2,255,64,DNN,dp,0.8,1.0,True,0.49607843137254903,0.0,-0.0019607843137254832,0.0,0.4980392156862745,0.0,0.5,0.0,,,,,,,0.5,0.0,,,255.0,64.0,,,,,,,,,,,,,,0.6950839919789037,0.0,0.6950839919789037,0.046615562248251675,0.6937008353322047,0.046529217966146515,-0.0013831566466989687,0.0
yeom,Gallstone,GALLSTONE,319,2,255,64,DNN,dp,1.0,1.0,True,0.4950980392156863,0.0,-0.0019607843137254832,0.0,0.4980392156862745,0.0,0.5,0.0,,,,,,,0.5,0.0,,,255.0,64.0,,,,,,,,,,,,,,0.6943794056073574,0.0,0.6943794056073574,0.04380145803787116,0.6929811782364493,0.04382775244800086,-0.0013982273709081117,0.0
yeom,Gallstone,GALLSTONE,319,2,255,64,DNN,dp,2.0,1.0,True,0.4855392156862745,0.0,-0.009803921568627472,0.0,0.49019607843137253,0.0,0.5,0.0,,,,,,,0.5,0.0,,,255.0,64.0,,,,,,,,,,,,,,0.6914607353206905,0.0,0.6914607353206905,0.03277930721466461,0.6899626240569297,0.032775598408614395,-0.0014981112637608707,0.0
yeom,Gallstone,GALLSTONE,319,2,255,64,DNN,dp,4.0,1.0,True,0.4690563725490196,0.0,-0.0020220588235294046,0.0,0.4823529411764706,0.0,0.484375,0.0,,,,,,,0.6875,0.0,,,255.0,64.0,,,,,,,,,,,,,,0.6868282316596603,0.0,0.6868282316596603,0.019397930336593837,0.6849347794033167,0.01937367223254159,-0.0018934522563436307,0.0
yeom,Gallstone,GALLSTONE,319,2,255,64,DNN,dp,8.0,1.0,True,0.4752450980392157,0.0,-0.005821078431372584,0.0,0.5098039215686274,0.0,0.515625,0.0,,,,,,,0.65625,0.0,,,255.0,64.0,,,,,,,,,,,,,,0.6797639400431232,0.0,0.6797639400431232,0.03345334066194935,0.6772745550162815,0.03303959097459952,-0.002489385026841706,0.0
yeom,Gallstone,GALLSTONE,319,2,255,64,DNN,dp,10.0,1.0,True,0.47922794117647055,0.0,-0.04877450980392162,0.0,0.5137254901960784,0.0,0.5625,0.0,,,,,,,0.65625,0.0,,,255.0,64.0,,,,,,,,,,,,,,0.6766501483092299,0.0,0.6766501483092299,0.04656208828833172,0.6735755149033529,0.04591444939881852,-0.003074633405876992,0.0
yeom,Kidney Stone,KIDNEY_STONE,4000,2,3200,800,LR,standard,,1.0,True,0.521603125,0.0,0.01781250000000001,0.0,0.7890625,0.0,0.77125,0.0,,,,,,,0.9225,0.0,,,3200.0,800.0,,,,,,,,,,,,,,0.1775680078257328,0.0,0.1775680078257328,0.3998043792409883,0.1862793170662057,0.3820354060538382,0.00871130924047292,0.0
yeom,Kidney Stone,KIDNEY_STONE,4000,2,3200,800,LR,dp,0.1,1.0,True,0.49788046875,0.0,-0.024375000000000036,0.0,0.788125,0.0,0.8125,0.0,,,,,,,0.76,0.0,,,3200.0,800.0,,,,,,,,,,,,,,1.883710521038384,0.0,1.883710521038384,4.399002114724385,1.7598382178028948,4.1483002342516615,-0.12387230323548915,0.0
yeom,Kidney Stone,KIDNEY_STONE,4000,2,3200,800,LR,dp,0.2,1.0,True,0.49909394531249995,0.0,-0.00187499999999996,0.0,0.820625,0.0,0.8225,0.0,,,,,,,0.7975,0.0,,,3200.0,800.0,,,,,,,,,,,,,,1.3959314041477484,0.0,1.3959314041477484,3.685373334805542,1.326816135344186,3.4899462306579836,-0.06911526880356234,0.0
yeom,Kidney Stone,KIDNEY_STONE,4000,2,3200,800,LR,dp,0.4,1.0,True,0.501324609375,0.0,-0.004062499999999969,0.0,0.8346875,0.0,0.83875,0.0,,,,,,,0.82875,0.0,,,3200.0,800.0,,,,,,,,,,,,,,0.898864308348578,0.0,0.898864308348578,2.705213934964081,0.860144596753543,2.513889009808218,-0.038719711595034956,0.0
yeom,Kidney Stone,KIDNEY_STONE,4000,2,3200,800,LR,dp,0.8,1.0,True,0.5020412109375,0.0,-0.0050000000000000044,0.0,0.84,0.0,0.845,0.0,,,,,,,0.8175,0.0,,,3200.0,800.0,,,,,,,,,,,,,,2.6025430990735585,0.0,2.6025430990735585,7.062096174714269,2.5402631175082684,6.9751013424769095,-0.06227998156529013,0.0
yeom,Kidney Stone,KIDNEY_STONE,4000,2,3200,800,LR,dp,1.0,1.0,True,0.5043765625,0.0,0.0012499999999999734,0.0,0.85375,0.0,0.8525,0.0,,,,,,,0.84625,0.0,,,3200.0,800.0,,,,,,,,,,,,,,0.7621574470598924,0.0,0.7621574470598924,2.9029785299108832,0.7372291359033073,2.753147891904149,-0.024928311156585115,0.0
yeom,Kidney Stone,KIDNEY_STONE,4000,2,3200,800,LR,dp,2.0,1.0,True,0.51604296875,0.0,0.026250000000000107,0.0,0.81,0.0,0.78375,0.0,,,,,,,0.92,0.0,,,3200.0,800.0,,,,,,,,,,,,,,0.22741875283329754,0.0,0.22741875283329754,0.7032280676442528,0.23243607255331974,0.646296173986826,0.005017319720022201,0.0
yeom,Kidney Stone,KIDNEY_STONE,4000,2,3200,800,LR,dp,4.0,1.0,True,0.5201199218749999,0.0,0.03249999999999997,0.0,0.79875,0.0,0.76625,0.0,,,,,,,0.925,0.0,,,3200.0,800.0,,,,,,,,,,,,,,0.18887170773561665,0.0,0.18887170773561665,0.47378344519443905,0.19678938639608579,0.446170477857481,0.007917678660469135,0.0
yeom,Kidney Stone,KIDNEY_STONE,4000,2,3200,800,LR,dp,8.0,1.0,True,0.5212757812500001,0.0,0.019062499999999982,0.0,0.7940625,0.0,0.775,0.0,,,,,,,0.925,0.0,,,3200.0,800.0,,,,,,,,,,,,,,0.1813718283666946,0.0,0.1813718283666946,0.4256899501868816,0.189714260974997,0.4043235875897305,0.008342432608302391,0.0
yeom,Kidney Stone,KIDNEY_STONE,4000,2,3200,800,LR,dp,10.0,1.0,True,0.52135625,0.0,0.020625000000000004,0.0,0.794375,0.0,0.77375,0.0,,,,,,,0.925,0.0,,,3200.0,800.0,,,,,,,,,,,,,,0.1803839253764162,0.0,0.1803839253764162,0.41908599324035345,0.1888065926983547,0.39865353448313395,0.008422667321938498,0.0
yeom,Kidney Stone,KIDNEY_STONE,4000,2,3200,800,RF,standard,,1.0,True,0.5249072265625001,0.0,0.03281250000000002,0.0,0.7990625,0.0,0.76625,0.0,,,,,,,0.94375,0.0,,,3200.0,800.0,,,,,,,,,,,,,,0.12837261031599695,0.0,0.12837261031599695,0.22134971897774922,0.14567056601968592,0.24661663768098663,0.017297955703688972,0.0
yeom,Kidney Stone,KIDNEY_STONE,4000,2,3200,800,RF,dp,0.1,1.0,True,0.509682421875,0.0,0.011874999999999969,0.0,0.724375,0.0,0.7125,0.0,,,,,,,0.83,0.0,,,3200.0,800.0,,,,,,,,,,,,,,0.45033005293498235,0.0,0.45033005293498235,1.1726486961205278,0.5208421773225388,1.7910313370169737,0.07051212438755644,0.0
yeom,Kidney Stone,KIDNEY_STONE,4000,2,3200,800,RF,dp,0.2,1.0,True,0.5089935546874998,0.0,0.014999999999999902,0.0,0.84625,0.0,0.83125,0.0,,,,,,,0.86125,0.0,,,3200.0,800.0,,,,,,,,,,,,,,0.524027787018761,0.0,0.524027787018761,2.171343391598273,0.5039227048221473,1.8152126227069847,-0.020105082196613666,0.0
yeom,Kidney Stone,KIDNEY_STONE,4000,2,3200,800,RF,dp,0.4,1.0,True,0.5068880859374999,0.0,0.009687500000000071,0.0,0.8971875,0.0,0.8875,0.0,,,,,,,0.88875,0.0,,,3200.0,800.0,,,,,,,,,,,,,,0.6423069028400896,0.0,0.6423069028400896,3.187942133135795,0.5884128926796969,2.7681386859938715,-0.05389401016039275,0.0
yeom,Kidney Stone,KIDNEY_STONE,4000,2,3200,800,RF,dp,0.8,1.0,True,0.5080007812499999,0.0,0.008750000000000036,0.0,0.9,0.0,0.89125,0.0,,,,,,,0.88875,0.0,,,3200.0,800.0,,,,,,,,,,,,,,0.7571281717422729,0.0,0.7571281717422729,3.810055113756899,0.7113678369530568,3.4722041826863377,-0.04576033478921604,0.0
yeom,Kidney Stone,KIDNEY_STONE,4000,2,3200,800,RF,dp,1.0,1.0,True,0.5091322265625,0.0,0.010312500000000058,0.0,0.8928125,0.0,0.8825,0.0,,,,,,,0.88875,0.0,,,3200.0,800.0,,,,,,,,,,,,,,0.563877854143317,0.0,0.563877854143317,2.7765158638974503,0.5845355142610615,2.7798660229863534,0.020657660117744503,0.0
yeom,Kidney Stone,KIDNEY_STONE,4000,2,3200,800,RF,dp,2.0,1.0,True,0.5076544921875,0.0,0.010312499999999947,0.0,0.8953125,0.0,0.885,0.0,,,,,,,0.89,0.0,,,3200.0,800.0,,,,,,,,,,,,,,0.5598825263085364,0.0,0.5598825263085364,2.775261632856398,0.5772633288741242,2.7773991468955814,0.017380802565587827,0.0
yeom,Kidney Stone,KIDNEY_STONE,4000,2,3200,800,RF,dp,4.0,1.0,True,0.50681328125,0.0,0.009374999999999911,0.0,0.898125,0.0,0.88875,0.0,,,,,,,0.89125,0.0,,,3200.0,800.0,,,,,,,,,,,,,,0.5657133994600048,0.0,0.5657133994600048,2.838439039947233,0.5715013294009468,2.776123632220026,0.005787929940942016,0.0
yeom,Kidney Stone,KIDNEY_STONE,4000,2,3200,800,RF,dp,8.0,1.0,True,0.50681328125,0.0,0.009374999999999911,0.0,0.898125,0.0,0.88875,0.0,,,,,,,0.89125,0.0,,,3200.0,800.0,,,,,,,,,,,,,,0.5657133994600048,0.0,0.5657133994600048,2.838439039947233,0.5715013294009468,2.776123632220026,0.005787929940942016,0.0
yeom,Kidney Stone,KIDNEY_STONE,4000,2,3200,800,RF,dp,10.0,1.0,True,0.50681328125,0.0,0.009374999999999911,0.0,0.898125,0.0,0.88875,0.0,,,,,,,0.89125,0.0,,,3200.0,800.0,,,,,,,,,,,,,,0.5657133994600048,0.0,0.5657133994600048,2.838439039947233,0.5715013294009468,2.776123632220026,0.005787929940942016,0.0
yeom,Kidney Stone,KIDNEY_STONE,4000,2,3200,800,GNB,standard,,1.0,True,0.516358203125,0.0,0.00968749999999996,0.0,0.8996875,0.0,0.89,0.0,,,,,,,0.89,0.0,,,3200.0,800.0,,,,,,,,,,,,,,1.8932337032637363,0.0,1.8932337032637363,5.936296081320923,2.052713908768725,6.061791541611739,0.15948020550498865,0.0
yeom,Kidney Stone,KIDNEY_STONE,4000,2,3200,800,GNB,dp,0.1,1.0,True,0.4906681640625,0.0,0.00031250000000004885,0.0,0.8128125,0.0,0.8125,0.0,,,,,,,0.785,0.0,,,3200.0,800.0,,,,,,,,,,,,,,2.1459093593809264,0.0,2.1459093593809264,5.662887813312292,2.1917873274037496,5.734742544693909,0.04587796802282318,0.0
yeom,Kidney Stone,KIDNEY_STONE,4000,2,3200,800,GNB,dp,0.2,1.0,True,0.49308417968749996,0.0,-0.0068750000000000755,0.0,0.793125,0.0,0.8,0.0,,,,,,,0.76625,0.0,,,3200.0,800.0,,,,,,,,,,,,,,3.788342043323007,0.0,3.788342043323007,8.479312454775231,3.9196749150734655,8.864613125192879,0.1313328717504585,0.0
yeom,Kidney Stone,KIDNEY_STONE,4000,2,3200,800,GNB,dp,0.4,1.0,True,0.5088193359375,0.0,0.010937499999999933,0.0,0.8996875,0.0,0.88875,0.0,,,,,,,0.88875,0.0,,,3200.0,800.0,,,,,,,,,,,,,,2.238504695312757,0.0,2.238504695312757,7.0889112771028415,2.4341264897969763,7.318899520621625,0.19562179448421935,0.0
yeom,Kidney Stone,KIDNEY_STONE,4000,2,3200,800,GNB,dp,0.8,1.0,True,0.5088771484375001,0.0,0.008437500000000098,0.0,0.8959375,0.0,0.8875,0.0,,,,,,,0.885,0.0,,,3200.0,800.0,,,,,,,,,,,,,,1.256148202160795,0.0,1.256148202160795,4.28223182999656,1.3651443183301735,4.483816995773372,0.10899611616937843,0.0
yeom,Kidney Stone,KIDNEY_STONE,4000,2,3200,800,GNB,dp,1.0,1.0,True,0.5009873046875,0.0,0.0031249999999999334,0.0,0.840625,0.0,0.8375,0.0,,,,,,,0.8125,0.0,,,3200.0,800.0,,,,,,,,,,,,,,1.8084907571790425,0.0,1.8084907571790425,4.962252447304908,1.8748577950561958,5.0571585017069,0.06636703787715326,0.0
yeom,Kidney Stone,KIDNEY_STONE,4000,2,3200,800,GNB,dp,2.0,1.0,True,0.5182890625,0.0,0.00968749999999996,0.0,0.8996875,0.0,0.89,0.0,,,,,,,0.89,0.0,,,3200.0,800.0,,,,,,,,,,,,,,2.372785244231091,0.0,2.372785244231091,7.492528781752515,2.6530547018921817,7.969405977325156,0.2802694576610909,0.0
yeom,Kidney Stone,KIDNEY_STONE,4000,2,3200,800,GNB,dp,4.0,1.0,True,0.5174505859375,0.0,0.00968749999999996,0.0,0.8996875,0.0,0.89,0.0,,,,,,,0.89,0.0,,,3200.0,800.0,,,,,,,,,,,,,,1.606091310574851,0.0,1.606091310574851,5.058303630712577,1.7603138904656657,5.223696912542092,0.15422257989081456,0.0
yeom,Kidney Stone,KIDNEY_STONE,4000,2,3200,800,GNB,dp,8.0,1.0,True,0.5162396484375,0.0,0.00968749999999996,0.0,0.8996875,0.0,0.89,0.0,,,,,,,0.89,0.0,,,3200.0,800.0,,,,,,,,,,,,,,1.7336863516747558,0.0,1.7336863516747558,5.536240911686361,1.879375938627067,5.631618605098343,0.14568958695231116,0.0
yeom,Kidney Stone,KIDNEY_STONE,4000,2,3200,800,GNB,dp,10.0,1.0,True,0.5163591796875,0.0,0.00968749999999996,0.0,0.8996875,0.0,0.89,0.0,,,,,,,0.89,0.0,,,3200.0,800.0,,,,,,,,,,,,,,1.8177149968109774,0.0,1.8177149968109774,5.739672056029185,1.9643395695932275,5.83477152471837,0.14662457278225016,0.0
yeom,Kidney Stone,KIDNEY_STONE,4000,2,3200,800,SVM,standard,,1.0,True,0.5224359375,0.0,0.05499999999999994,0.0,0.83375,0.0,0.77875,0.0,,,,,,,0.9325,0.0,,,3200.0,800.0,,,,,,,,,,,,,,0.13550555643356796,0.0,0.13550555643356796,0.2703450519421129,0.16679211566736324,0.32715936134755413,0.03128655923379528,0.0
yeom,Kidney Stone,KIDNEY_STONE,4000,2,3200,800,SVM,dp,0.1,1.0,True,0.511473828125,0.0,-0.016874999999999973,0.0,0.818125,0.0,0.835,0.0,,,,,,,0.805,0.0,,,3200.0,800.0,,,,,,,,,,,,,,1.388835028595567,0.0,1.388835028595567,3.614158660134758,1.399169179399741,3.7080426701918516,0.01033415080417388,0.0
yeom,Kidney Stone,KIDNEY_STONE,4000,2,3200,800,SVM,dp,0.2,1.0,True,0.5154226562499999,0.0,0.008125000000000049,0.0,0.843125,0.0,0.835,0.0,,,,,,,0.8825,0.0,,,3200.0,800.0,,,,,,,,,,,,,,0.32511510854019426,0.0,0.32511510854019426,0.9003209972913798,0.3514471621176801,0.9667766453542564,0.02633205357748586,0.0
yeom,Kidney Stone,KIDNEY_STONE,4000,2,3200,800,SVM,dp,0.4,1.0,True,0.51591875,0.0,0.003750000000000031,0.0,0.89,0.0,0.88625,0.0,,,,,,,0.89,0.0,,,3200.0,800.0,,,,,,,,,,,,,,0.27090953693585607,0.0,0.27090953693585607,0.6464677485193501,0.29255487997074847,0.6782489173486684,0.021645343034892406,0.0
yeom,Kidney Stone,KIDNEY_STONE,4000,2,3200,800,SVM,dp,0.8,1.0,True,0.51389921875,0.0,0.00968749999999996,0.0,0.8996875,0.0,0.89,0.0,,,,,,,0.89,0.0,,,3200.0,800.0,,,,,,,,,,,,,,0.2784820756402585,0.0,0.2784820756402585,0.6436549666209056,0.2990942647655645,0.6684916739232561,0.02061218912530599,0.0
yeom,Kidney Stone,KIDNEY_STONE,4000,2,3200,800,SVM,dp,1.0,1.0,True,0.51334296875,0.0,0.00968749999999996,0.0,0.8996875,0.0,0.89,0.0,,,,,,,0.89,0.0,,,3200.0,800.0,,,,,,,,,,,,,,0.28060442726344687,0.0,0.28060442726344687,0.6472524959397216,0.3011086834467497,0.6712401607020292,0.020504256183302816,0.0
yeom,Kidney Stone,KIDNEY_STONE,4000,2,3200,800,SVM,dp,2.0,1.0,True,0.512637890625,0.0,0.00968749999999996,0.0,0.8996875,0.0,0.89,0.0,,,,,,,0.89,0.0,,,3200.0,800.0,,,,,,,,,,,,,,0.2849442593631463,0.0,0.2849442593631463,0.6564696111855218,0.3052977260667144,0.6790990454673632,0.02035346670356808,0.0
yeom,Kidney Stone,KIDNEY_STONE,4000,2,3200,800,SVM,dp,4.0,1.0,True,0.5123667968750001,0.0,0.00968749999999996,0.0,0.8996875,0.0,0.89,0.0,,,,,,,0.89,0.0,,,3200.0,800.0,,,,,,,,,,,,,,0.2870056826458225,0.0,0.2870056826458225,0.6615051849710127,0.3073078347615177,0.6835785873346373,0.020302152115695193,0.0
yeom,Kidney Stone,KIDNEY_STONE,4000,2,3200,800,SVM,dp,8.0,1.0,True,0.512346484375,0.0,0.00968749999999996,0.0,0.8996875,0.0,0.89,0.0,,,,,,,0.89,0.0,,,3200.0,800.0,,,,,,,,,,,,,,0.2880039336183677,0.0,0.2880039336183677,0.664076743469033,0.3082851480500888,0.6858971063471325,0.020281214431721095,0.0
yeom,Kidney Stone,KIDNEY_STONE,4000,2,3200,800,SVM,dp,10.0,1.0,True,0.5123109375,0.0,0.00968749999999996,0.0,0.8996875,0.0,0.89,0.0,,,,,,,0.89,0.0,,,3200.0,800.0,,,,,,,,,,,,,,0.2882033704279643,0.0,0.2882033704279643,0.664596652218815,0.308480161374957,0.6863649725230268,0.020276790946992695,0.0
yeom,Kidney Stone,KIDNEY_STONE,4000,2,3200,800,DNN,standard,,1.0,True,0.5152732421875,0.0,0.028750000000000053,0.0,0.91125,0.0,0.8825,0.0,,,,,,,0.97375,0.0,,,3200.0,800.0,,,,,,,,,,,,,,0.011915167952078188,0.0,0.011915167952078188,0.0800555082893447,0.08187812980433773,0.6012763339793242,0.06996296185225954,0.0
yeom,Kidney Stone,KIDNEY_STONE,4000,2,3200,800,DNN,dp,0.1,1.0,True,0.5051673828125001,0.0,-0.0006249999999999867,0.0,0.608125,0.0,0.60875,0.0,,,,,,,0.60875,0.0,,,3200.0,800.0,,,,,,,,,,,,,,0.5698625079675559,0.0,0.5698625079675559,0.46388849476413535,0.575620144023874,0.472956494877648,0.005757636056318072,0.0
yeom,Kidney Stone,KIDNEY_STONE,4000,2,3200,800,DNN,dp,0.2,1.0,True,0.50430390625,0.0,0.0006249999999999867,0.0,0.605625,0.0,0.605,0.0,,,,,,,0.645,0.0,,,3200.0,800.0,,,,,,,,,,,,,,0.5239441957086208,0.0,0.5239441957086208,0.7386309543336121,0.5425888401076782,0.7710344948572294,0.01864464439905733,0.0
yeom,Kidney Stone,KIDNEY_STONE,4000,2,3200,800,DNN,dp,0.4,1.0,True,0.5038806640625,0.0,0.009375000000000022,0.0,0.899375,0.0,0.89,0.0,,,,,,,0.89,0.0,,,3200.0,800.0,,,,,,,,,,,,,,0.4140021069719262,0.0,0.4140021069719262,1.0466449441741112,0.4508386591513242,1.1036839210161402,0.03683655217939802,0.0
yeom,Kidney Stone,KIDNEY_STONE,4000,2,3200,800,DNN,dp,0.8,1.0,True,0.509660546875,0.0,0.00968749999999996,0.0,0.8996875,0.0,0.89,0.0,,,,,,,0.89,0.0,,,3200.0,800.0,,,,,,,,,,,,,,0.4538240511259224,0.0,0.4538240511259224,1.34131673011306,0.5022069705202079,1.4122542164555907,0.04838291939428552,0.0
yeom,Kidney Stone,KIDNEY_STONE,4000,2,3200,800,DNN,dp,1.0,1.0,True,0.5094517578125001,0.0,0.00968749999999996,0.0,0.8996875,0.0,0.89,0.0,,,,,,,0.89,0.0,,,3200.0,800.0,,,,,,,,,,,,,,0.462710375977516,0.0,0.462710375977516,1.3753361096100796,0.5121572203411562,1.4481628868945164,0.04944684436364016,0.0
yeom,Kidney Stone,KIDNEY_STONE,4000,2,3200,800,DNN,dp,2.0,1.0,True,0.5124240234375,0.0,0.00968749999999996,0.0,0.8996875,0.0,0.89,0.0,,,,,,,0.89,0.0,,,3200.0,800.0,,,,,,,,,,,,,,0.45556204272473705,0.0,0.45556204272473705,1.3657989171395761,0.5038581714614001,1.438224683492179,0.04829612873666306,0.0
yeom,Kidney Stone,KIDNEY_STONE,4000,2,3200,800,DNN,dp,4.0,1.0,True,0.5144373046875,0.0,0.00968749999999996,0.0,0.8996875,0.0,0.89,0.0,,,,,,,0.89,0.0,,,3200.0,800.0,,,,,,,,,,,,,,0.43161224480208543,0.0,0.43161224480208543,1.3079820370783197,0.47737914539127474,1.3784765947184041,0.04576690058918931,0.0
yeom,Kidney Stone,KIDNEY_STONE,4000,2,3200,800,DNN,dp,8.0,1.0,True,0.5152849609375,0.0,0.00968749999999996,0.0,0.8996875,0.0,0.89,0.0,,,,,,,0.89,0.0,,,3200.0,800.0,,,,,,,,,,,,,,0.4025751224647766,0.0,0.4025751224647766,1.2394397671939748,0.44706634721591226,1.3123644275234139,0.04449122475113565,0.0
yeom,Kidney Stone,KIDNEY_STONE,4000,2,3200,800,DNN,dp,10.0,1.0,True,0.5154197265625,0.0,0.00968749999999996,0.0,0.8996875,0.0,0.89,0.0,,,,,,,0.89,0.0,,,3200.0,800.0,,,,,,,,,,,,,,0.39237453340618367,0.0,0.39237453340618367,1.2160985376561317,0.43677353756312776,1.2905919585802292,0.04439900415694409,0.0
yeom,Lung Cancer,LUNG_CANCER,50000,3,40000,10000,LR,standard,,1.0,True,0.49592607874999994,0.0,-0.003450000000000064,0.0,0.70985,0.0,0.7133,0.0,,,,,,,1.0,0.0,,,40000.0,10000.0,,,,,,,,,,,,,,0.008092744975001105,0.0,0.008092744975001105,0.013999340294500279,0.007968670767939199,0.013835817512672639,-0.00012407420706190588,0.0
yeom,Lung Cancer,LUNG_CANCER,50000,3,40000,10000,LR,dp,0.1,1.0,True,0.49509010375,0.0,-0.004225000000000034,0.0,0.872875,0.0,0.8771,0.0,,,,,,,0.8341,0.0,,,40000.0,10000.0,,,,,,,,,,,,,,1.0753510619776414,0.0,1.0753510619776414,2.8435694181889897,1.048266291506671,2.7982437444993558,-0.027084770470970465,0.0
yeom,Lung Cancer,LUNG_CANCER,50000,3,40000,10000,LR,dp,0.2,1.0,True,0.49585499625,0.0,-0.005400000000000071,0.0,0.7725,0.0,0.7779,0.0,,,,,,,0.8781,0.0,,,40000.0,10000.0,,,,,,,,,,,,,,0.38422412865676836,0.0,0.38422412865676836,1.0066081716123911,0.3857544679211498,1.0199461698492973,0.0015303392643814528,0.0
yeom,Lung Cancer,LUNG_CANCER,50000,3,40000,10000,LR,dp,0.4,1.0,True,0.49656758125,0.0,-0.0016000000000000458,0.0,0.7933,0.0,0.7949,0.0,,,,,,,0.944,0.0,,,40000.0,10000.0,,,,,,,,,,,,,,0.2169572544808465,0.0,0.2169572544808465,0.5739355854200391,0.22094706219951163,0.5895137269450033,0.003989807718665139,0.0
yeom,Lung Cancer,LUNG_CANCER,50000,3,40000,10000,LR,dp,0.8,1.0,True,0.49760498875,0.0,0.002175000000000038,0.0,0.765475,0.0,0.7633,0.0,,,,,,,0.9786,0.0,,,40000.0,10000.0,,,,,,,,,,,,,,0.12345847611819813,0.0,0.12345847611819813,0.2956919591938115,0.1266027208891599,0.3106476625882786,0.003144244770961757,0.0
yeom,Lung Cancer,LUNG_CANCER,50000,3,40000,10000,LR,dp,1.0,1.0,True,0.49796314875000003,0.0,0.0034999999999999476,0.0,0.746,0.0,0.7425,0.0,,,,,,,0.9794,0.0,,,40000.0,10000.0,,,,,,,,,,,,,,0.10774085487957398,0.0,0.10774085487957398,0.2477471802212279,0.11042100661919119,0.25943577196067974,0.0026801517396172064,0.0
yeom,Lung Cancer,LUNG_CANCER,50000,3,40000,10000,LR,dp,2.0,1.0,True,0.49869467875,0.0,-0.00045000000000006146,0.0,0.92555,0.0,0.926,0.0,,,,,,,0.9267,0.0,,,40000.0,10000.0,,,,,,,,,,,,,,0.6427355476930432,0.0,0.6427355476930432,3.8481691878011284,0.6715287294275284,3.928119911147592,0.028793181734485196,0.0
yeom,Lung Cancer,LUNG_CANCER,50000,3,40000,10000,LR,dp,4.0,1.0,True,0.49972933625000004,0.0,0.003925000000000067,0.0,0.782425,0.0,0.7785,0.0,,,,,,,1.0,0.0,,,40000.0,10000.0,,,,,,,,,,,,,,0.050569811443734264,0.0,0.050569811443734264,0.09611971924191003,0.051322344274786304,0.09721502297791891,0.0007525328310520399,0.0
yeom,Lung Cancer,LUNG_CANCER,50000,3,40000,10000,LR,dp,8.0,1.0,True,0.49971347875,0.0,0.0041999999999999815,0.0,0.7794,0.0,0.7752,0.0,,,,,,,1.0,0.0,,,40000.0,10000.0,,,,,,,,,,,,,,0.04985493041973991,0.0,0.04985493041973991,0.09512040760114182,0.0501538496778919,0.09498031849432549,0.0002989192581519945,0.0
yeom,Lung Cancer,LUNG_CANCER,50000,3,40000,10000,LR,dp,10.0,1.0,True,0.49972151624999994,0.0,0.0041999999999999815,0.0,0.7794,0.0,0.7752,0.0,,,,,,,1.0,0.0,,,40000.0,10000.0,,,,,,,,,,,,,,0.049997712529522204,0.0,0.049997712529522204,0.09728340879343275,0.05019467039281003,0.09688544137989356,0.00019695786328782772,0.0
yeom,Lung Cancer,LUNG_CANCER,50000,3,40000,10000,RF,standard,,1.0,True,0.5023823125,0.0,-0.0031999999999999806,0.0,0.6571,0.0,0.6603,0.0,,,,,,,1.0,0.0,,,40000.0,10000.0,,,,,,,,,,,,,,0.07307462689270454,0.0,0.07307462689270454,0.07873699232275744,0.07296300655035906,0.07852522696913737,-0.00011162034234547813,0.0
yeom,Lung Cancer,LUNG_CANCER,50000,3,40000,10000,RF,dp,0.1,1.0,True,0.49785449000000004,0.0,0.002074999999999938,0.0,0.817475,0.0,0.8154,0.0,,,,,,,0.8697,0.0,,,40000.0,10000.0,,,,,,,,,,,,,,0.629102727541079,0.0,0.629102727541079,2.747563986699479,0.6980521513676576,3.160057204753847,0.06894942382657865,0.0
yeom,Lung Cancer,LUNG_CANCER,50000,3,40000,10000,RF,dp,0.2,1.0,True,0.4976934075,0.0,-0.005874999999999964,0.0,0.627225,0.0,0.6331,0.0,,,,,,,0.8991,0.0,,,40000.0,10000.0,,,,,,,,,,,,,,0.41270018755603816,0.0,0.41270018755603816,0.41533902550923063,0.41474246204601634,0.42979179200553214,0.0020422744899781797,0.0
yeom,Lung Cancer,LUNG_CANCER,50000,3,40000,10000,RF,dp,0.4,1.0,True,0.49781316375,0.0,-0.00572499999999998,0.0,0.646175,0.0,0.6519,0.0,,,,,,,0.8799,0.0,,,40000.0,10000.0,,,,,,,,,,,,,,0.41406813389342023,0.0,0.41406813389342023,0.4194831539268196,0.41558666581488923,0.43244358148224327,0.0015185319214690018,0.0
yeom,Lung Cancer,LUNG_CANCER,50000,3,40000,10000,RF,dp,0.8,1.0,True,0.49788788625,0.0,-0.00572499999999998,0.0,0.646175,0.0,0.6519,0.0,,,,,,,0.8799,0.0,,,40000.0,10000.0,,,,,,,,,,,,,,0.41343517670112595,0.0,0.41343517670112595,0.41786390999972073,0.4149533496867718,0.4307912021974619,0.001518172985645827,0.0
yeom,Lung Cancer,LUNG_CANCER,50000,3,40000,10000,RF,dp,1.0,1.0,True,0.49788788625,0.0,-0.00572499999999998,0.0,0.646175,0.0,0.6519,0.0,,,,,,,0.8799,0.0,,,40000.0,10000.0,,,,,,,,,,,,,,0.41343517670112595,0.0,0.41343517670112595,0.41786390999972073,0.4149533496867718,0.4307912021974619,0.001518172985645827,0.0
yeom,Lung Cancer,LUNG_CANCER,50000,3,40000,10000,RF,dp,2.0,1.0,True,0.49788788625,0.0,-0.00572499999999998,0.0,0.646175,0.0,0.6519,0.0,,,,,,,0.8799,0.0,,,40000.0,10000.0,,,,,,,,,,,,,,0.41343517670112595,0.0,0.41343517670112595,0.41786390999972073,0.4149533496867718,0.4307912021974619,0.001518172985645827,0.0
yeom,Lung Cancer,LUNG_CANCER,50000,3,40000,10000,RF,dp,4.0,1.0,True,0.49788788625,0.0,-0.00572499999999998,0.0,0.646175,0.0,0.6519,0.0,,,,,,,0.8799,0.0,,,40000.0,10000.0,,,,,,,,,,,,,,0.41343517670112595,0.0,0.41343517670112595,0.41786390999972073,0.4149533496867718,0.4307912021974619,0.001518172985645827,0.0
yeom,Lung Cancer,LUNG_CANCER,50000,3,40000,10000,RF,dp,8.0,1.0,True,0.49788788625,0.0,-0.00572499999999998,0.0,0.646175,0.0,0.6519,0.0,,,,,,,0.8799,0.0,,,40000.0,10000.0,,,,,,,,,,,,,,0.41343517670112595,0.0,0.41343517670112595,0.41786390999972073,0.4149533496867718,0.4307912021974619,0.001518172985645827,0.0
yeom,Lung Cancer,LUNG_CANCER,50000,3,40000,10000,RF,dp,10.0,1.0,True,0.49788788625,0.0,-0.00572499999999998,0.0,0.646175,0.0,0.6519,0.0,,,,,,,0.8799,0.0,,,40000.0,10000.0,,,,,,,,,,,,,,0.41343517670112595,0.0,0.41343517670112595,0.41786390999972073,0.4149533496867718,0.4307912021974619,0.001518172985645827,0.0
yeom,Lung Cancer,LUNG_CANCER,50000,3,40000,10000,GNB,standard,,1.0,True,0.49848167500000007,0.0,-0.002475000000000005,0.0,0.890625,0.0,0.8931,0.0,,,,,,,0.8931,0.0,,,40000.0,10000.0,,,,,,,,,,,,,,0.8059293602634157,0.0,0.8059293602634157,2.7607940602232754,0.7624561965313659,2.660998014139225,-0.04347316373204979,0.0
yeom,Lung Cancer,LUNG_CANCER,50000,3,40000,10000,GNB,dp,0.1,1.0,True,0.5013673562500001,0.0,0.0006500000000000394,0.0,0.72855,0.0,0.7279,0.0,,,,,,,0.6151,0.0,,,40000.0,10000.0,,,,,,,,,,,,,,8.472459166991873,0.0,8.472459166991873,13.413181595076805,8.564706746128254,13.489340519172934,0.09224757913638015,0.0
yeom,Lung Cancer,LUNG_CANCER,50000,3,40000,10000,GNB,dp,0.2,1.0,True,0.49835968625000004,0.0,-0.0011250000000000426,0.0,0.901075,0.0,0.9022,0.0,,,,,,,0.8721,0.0,,,40000.0,10000.0,,,,,,,,,,,,,,1.0838370342988861,0.0,1.0838370342988861,3.9058184422422766,1.0562518400042866,3.8086300113564664,-0.02758519429459949,0.0
yeom,Lung Cancer,LUNG_CANCER,50000,3,40000,10000,GNB,dp,0.4,1.0,True,0.5003045975,0.0,-0.003950000000000009,0.0,0.71715,0.0,0.7211,0.0,,,,,,,0.6782,0.0,,,40000.0,10000.0,,,,,,,,,,,,,,5.318448004748138,0.0,5.318448004748138,9.990602784059192,5.225241849071685,9.868550495493992,-0.09320615567645252,0.0
yeom,Lung Cancer,LUNG_CANCER,50000,3,40000,10000,GNB,dp,0.8,1.0,True,0.498783165,0.0,-0.0009250000000000647,0.0,0.860775,0.0,0.8617,0.0,,,,,,,0.8531,0.0,,,40000.0,10000.0,,,,,,,,,,,,,,1.1424685227772715,0.0,1.1424685227772715,4.003157705839836,1.0686931737036234,3.8122199611762233,-0.07377534907364813,0.0
yeom,Lung Cancer,LUNG_CANCER,50000,3,40000,10000,GNB,dp,1.0,1.0,True,0.4977111137499999,0.0,-0.00462499999999999,0.0,0.910075,0.0,0.9147,0.0,,,,,,,0.9147,0.0,,,40000.0,10000.0,,,,,,,,,,,,,,1.142530771440488,0.0,1.142530771440488,3.9944178506698034,1.0576438813259252,3.81625180039549,-0.08488689011456274,0.0
yeom,Lung Cancer,LUNG_CANCER,50000,3,40000,10000,GNB,dp,2.0,1.0,True,0.4986305175,0.0,-0.002475000000000005,0.0,0.890625,0.0,0.8931,0.0,,,,,,,0.8931,0.0,,,40000.0,10000.0,,,,,,,,,,,,,,0.8943347303127248,0.0,0.8943347303127248,3.2308883705458213,0.840871571150704,3.0974714822189484,-0.053463159162020824,0.0
yeom,Lung Cancer,LUNG_CANCER,50000,3,40000,10000,GNB,dp,4.0,1.0,True,0.49834675125,0.0,-0.003450000000000064,0.0,0.90065,0.0,0.9041,0.0,,,,,,,0.8931,0.0,,,40000.0,10000.0,,,,,,,,,,,,,,0.8243919781059169,0.0,0.8243919781059169,2.8657273638931913,0.7780025446630259,2.7615479314169855,-0.04638943344289104,0.0
yeom,Lung Cancer,LUNG_CANCER,50000,3,40000,10000,GNB,dp,8.0,1.0,True,0.4984844375,0.0,-0.002475000000000005,0.0,0.890625,0.0,0.8931,0.0,,,,,,,0.8931,0.0,,,40000.0,10000.0,,,,,,,,,,,,,,0.8291117348914832,0.0,0.8291117348914832,2.833536975591128,0.7832778655620514,2.7296024491657236,-0.04583386932943179,0.0
yeom,Lung Cancer,LUNG_CANCER,50000,3,40000,10000,GNB,dp,10.0,1.0,True,0.498429925,0.0,-0.002475000000000005,0.0,0.890625,0.0,0.8931,0.0,,,,,,,0.8931,0.0,,,40000.0,10000.0,,,,,,,,,,,,,,0.8117115135775657,0.0,0.8117115135775657,2.791753899000647,0.767957895412256,2.6898155914875788,-0.04375361816530965,0.0
yeom,Lung Cancer,LUNG_CANCER,50000,3,40000,10000,SVM,standard,,1.0,True,0.50095864625,0.0,0.00014999999999998348,0.0,0.55575,0.0,0.5556,0.0,,,,,,,1.0,0.0,,,40000.0,10000.0,,,,,,,,,,,,,,0.3122229613595695,0.0,0.3122229613595695,0.013804389676910583,0.3122741808855802,0.013840423709155447,5.12195260106707e-05,0.0
yeom,Lung Cancer,LUNG_CANCER,50000,3,40000,10000,SVM,dp,0.1,1.0,True,0.49801014,0.0,0.0013499999999999623,0.0,0.82075,0.0,0.8194,0.0,,,,,,,0.9325,0.0,,,40000.0,10000.0,,,,,,,,,,,,,,0.28168707311526986,0.0,0.28168707311526986,0.4819846142054977,0.2807524624960009,0.48032632688961996,-0.0009346106192689718,0.0
yeom,Lung Cancer,LUNG_CANCER,50000,3,40000,10000,SVM,dp,0.2,1.0,True,0.49809164000000006,0.0,-0.0023499999999999632,0.0,0.84225,0.0,0.8446,0.0,,,,,,,0.9336,0.0,,,40000.0,10000.0,,,,,,,,,,,,,,0.27586609488088437,0.0,0.27586609488088437,0.4945025804063941,0.2762592967341182,0.49698694782169606,0.0003932018532338266,0.0
yeom,Lung Cancer,LUNG_CANCER,50000,3,40000,10000,SVM,dp,0.4,1.0,True,0.4981906037499999,0.0,-0.002774999999999972,0.0,0.879525,0.0,0.8823,0.0,,,,,,,0.9422,0.0,,,40000.0,10000.0,,,,,,,,,,,,,,0.273308382726483,0.0,0.273308382726483,0.5028552909388082,0.27413058220866654,0.5065532611357262,0.0008221994821835388,0.0
yeom,Lung Cancer,LUNG_CANCER,50000,3,40000,10000,SVM,dp,0.8,1.0,True,0.4982848225,0.0,-0.0003250000000000197,0.0,0.881875,0.0,0.8822,0.0,,,,,,,0.9512,0.0,,,40000.0,10000.0,,,,,,,,,,,,,,0.27185442470994237,0.0,0.27185442470994237,0.5064666226349821,0.27286191852601904,0.5106930599945702,0.0010074938160766767,0.0
yeom,Lung Cancer,LUNG_CANCER,50000,3,40000,10000,SVM,dp,1.0,1.0,True,0.49828769875000006,0.0,-0.0003250000000000197,0.0,0.881875,0.0,0.8822,0.0,,,,,,,0.9512,0.0,,,40000.0,10000.0,,,,,,,,,,,,,,0.2716070485951644,0.0,0.2716070485951644,0.5072212002072463,0.27265010568317455,0.5115463685045368,0.0010430570880101686,0.0
yeom,Lung Cancer,LUNG_CANCER,50000,3,40000,10000,SVM,dp,2.0,1.0,True,0.49826569249999997,0.0,-0.0003250000000000197,0.0,0.881875,0.0,0.8822,0.0,,,,,,,0.9512,0.0,,,40000.0,10000.0,,,,,,,,,,,,,,0.27113748712888247,0.0,0.27113748712888247,0.5087697187043604,0.27225112306686594,0.5132858480091761,0.0011136359379834704,0.0
yeom,Lung Cancer,LUNG_CANCER,50000,3,40000,10000,SVM,dp,4.0,1.0,True,0.49821489375,0.0,-0.0003250000000000197,0.0,0.881875,0.0,0.8822,0.0,,,,,,,0.9512,0.0,,,40000.0,10000.0,,,,,,,,,,,,,,0.2709168461206525,0.0,0.2709168461206525,0.5095568060374907,0.27206512104006436,0.5141656267218281,0.0011482749194118846,0.0
yeom,Lung Cancer,LUNG_CANCER,50000,3,40000,10000,SVM,dp,8.0,1.0,True,0.49818148124999995,0.0,-0.0003250000000000197,0.0,0.881875,0.0,0.8822,0.0,,,,,,,0.9512,0.0,,,40000.0,10000.0,,,,,,,,,,,,,,0.2708110903558107,0.0,0.2708110903558107,0.5099578316426802,0.27197615364918876,0.5146098512983128,0.0011650632933780658,0.0
yeom,Lung Cancer,LUNG_CANCER,50000,3,40000,10000,SVM,dp,10.0,1.0,True,0.49818359624999997,0.0,-0.0003250000000000197,0.0,0.881875,0.0,0.8822,0.0,,,,,,,0.9512,0.0,,,40000.0,10000.0,,,,,,,,,,,,,,0.27078860760511053,0.0,0.27078860760511053,0.5100494943811033,0.27195711390469407,0.514710545565175,0.0011685062995835382,0.0
yeom,Lung Cancer,LUNG_CANCER,50000,3,40000,10000,DNN,standard,,1.0,True,0.5005190075,0.0,0.0010249999999999426,0.0,0.971725,0.0,0.9707,0.0,,,,,,,1.0,0.0,,,40000.0,10000.0,,,,,,,,,,,,,,7.677080465030826e-09,0.0,7.677080465030826e-09,6.615878497750151e-08,7.689001343892649e-09,6.539583434784569e-08,1.1920878861822935e-11,0.0
yeom,Lung Cancer,LUNG_CANCER,50000,3,40000,10000,DNN,dp,0.1,1.0,True,0.4996897175,0.0,-0.0007499999999999174,0.0,0.94105,0.0,0.9418,0.0,,,,,,,0.9679,0.0,,,40000.0,10000.0,,,,,,,,,,,,,,0.07887956628452443,0.0,0.07887956628452443,0.4662476148767898,0.08604558832685312,0.49940871889219945,0.00716602204232869,0.0
yeom,Lung Cancer,LUNG_CANCER,50000,3,40000,10000,DNN,dp,0.2,1.0,True,0.49949625749999993,0.0,0.0004750000000000032,0.0,0.962175,0.0,0.9617,0.0,,,,,,,0.9886,0.0,,,40000.0,10000.0,,,,,,,,,,,,,,0.018907350265345065,0.0,0.018907350265345065,0.13207494381179605,0.020939025657734714,0.14179519302952584,0.0020316753923896487,0.0
yeom,Lung Cancer,LUNG_CANCER,50000,3,40000,10000,DNN,dp,0.4,1.0,True,0.49846587125,0.0,-0.0010000000000000009,0.0,0.94,0.0,0.941,0.0,,,,,,,1.0,0.0,,,40000.0,10000.0,,,,,,,,,,,,,,0.0004737187296845524,0.0,0.0004737187296845524,0.003743888542425342,0.00048307766350636286,0.0038111009416204908,9.35893382181046e-06,0.0
yeom,Lung Cancer,LUNG_CANCER,50000,3,40000,10000,DNN,dp,0.8,1.0,True,0.49818560999999995,0.0,-0.0006499999999999284,0.0,0.93835,0.0,0.939,0.0,,,,,,,1.0,0.0,,,40000.0,10000.0,,,,,,,,,,,,,,4.5788707201938364e-05,0.0,4.5788707201938364e-05,0.000345226109025783,4.647417378621982e-05,0.0003543834597738145,6.854665842814559e-07,0.0
yeom,Lung Cancer,LUNG_CANCER,50000,3,40000,10000,DNN,dp,1.0,1.0,True,0.49830778625,0.0,-0.0006499999999999284,0.0,0.93835,0.0,0.939,0.0,,,,,,,1.0,0.0,,,40000.0,10000.0,,,,,,,,,,,,,,2.5870051293053143e-05,0.0,2.5870051293053143e-05,0.00018445241705668627,2.6293684311577236e-05,0.00018905550414526816,4.2363301852409293e-07,0.0
yeom,Lung Cancer,LUNG_CANCER,50000,3,40000,10000,DNN,dp,2.0,1.0,True,0.49827539624999995,0.0,2.4999999999941735e-05,0.0,0.930125,0.0,0.9301,0.0,,,,,,,1.0,0.0,,,40000.0,10000.0,,,,,,,,,,,,,,7.0376562447939135e-06,0.0,7.0376562447939135e-06,4.4238188278445195e-05,7.097179991879283e-06,4.488813116250801e-05,5.9523747085369784e-08,0.0
yeom,Lung Cancer,LUNG_CANCER,50000,3,40000,10000,DNN,dp,4.0,1.0,True,0.49837775749999996,0.0,-0.0003750000000000142,0.0,0.929325,0.0,0.9297,0.0,,,,,,,1.0,0.0,,,40000.0,10000.0,,,,,,,,,,,,,,3.165473084323589e-06,0.0,3.165473084323589e-06,1.8885379372428586e-05,3.217799399427479e-06,1.9313265057217138e-05,5.232631510389004e-08,0.0
yeom,Lung Cancer,LUNG_CANCER,50000,3,40000,10000,DNN,dp,8.0,1.0,True,0.49769985625,0.0,0.0008249999999999647,0.0,0.919225,0.0,0.9184,0.0,,,,,,,1.0,0.0,,,40000.0,10000.0,,,,,,,,,,,,,,1.915691879368128e-06,0.0,1.915691879368128e-06,1.1428911459955094e-05,1.946674838009433e-06,1.172134773140561e-05,3.098295864130475e-08,0.0
yeom,Lung Cancer,LUNG_CANCER,50000,3,40000,10000,DNN,dp,10.0,1.0,True,0.49735956875000004,0.0,0.0008249999999999647,0.0,0.919225,0.0,0.9184,0.0,,,,,,,1.0,0.0,,,40000.0,10000.0,,,,,,,,,,,,,,1.6916531907174071e-06,0.0,1.6916531907174071e-06,1.0107606470896545e-05,1.7186956133323554e-06,1.0374147872905731e-05,2.704242261494831e-08,0.0
shokri,Breast Cancer,BCP,569,2,455,114,LR,standard,,30.0,,0.5009555941134889,0.02085851603057744,-0.0022093695777906284,0.0374655362070644,0.49252747252747253,0.024071369416480484,0.49473684210526325,0.04395311678155218,0.49889531521110464,0.018732768103532194,0.7991001166922455,0.012285767975266117,0.9406593406593406,0.0,0.912280701754386,1.1102230246251565e-16,0.028378638904954734,0.0,,,,,,,,,,,,,,,,,,,,,,,
shokri,Breast Cancer,BCP,569,2,455,114,LR,dp,0.1,30.0,,0.5015027954501639,0.024462143673339674,0.0008148576569629121,0.03962820487964485,0.5049084249084249,0.031231139567437834,0.504093567251462,0.043609422660823766,0.5004074288284815,0.01981410243982242,0.7999036811899304,0.012561402123313638,0.6945054945054946,1.1102230246251565e-16,0.6578947368421055,2.220446049250313e-16,0.03661075766338917,0.0,,,,,,,,,,,,,,,,,,,,,,,
shokri,Breast Cancer,BCP,569,2,455,114,LR,dp,0.2,30.0,,0.5024892359102885,0.02912227886863001,0.008953794743268418,0.04561236429029988,0.5162637362637362,0.04376644089331896,0.5073099415204678,0.056535675611719446,0.5044768973716341,0.022806182145149942,0.8024668518916265,0.014757750967856885,0.7054945054945058,2.220446049250313e-16,0.6754385964912283,2.220446049250313e-16,0.03005590900327748,0.0,,,,,,,,,,,,,,,,,,,,,,,
shokri,Breast Cancer,BCP,569,2,455,114,LR,dp,0.4,30.0,,0.5071055844740056,0.03463441977560687,0.01063170747381274,0.06503288517541227,0.5147252747252746,0.04595596862879068,0.504093567251462,0.0655544861173861,0.5053158537369064,0.03251644258770613,0.8028670015288853,0.020280921046640317,0.7340659340659342,2.220446049250313e-16,0.6929824561403506,3.3306690738754696e-16,0.04108347792558309,0.0,,,,,,,,,,,,,,,,,,,,,,,
shokri,Breast Cancer,BCP,569,2,455,114,LR,dp,0.8,30.0,,0.49266756635177683,0.029871913508668826,-0.010354732986311937,0.048722432276423935,0.5115750915750915,0.09708994188621087,0.5219298245614036,0.08293224498736114,0.494822633506844,0.02436121613821196,0.7948510910565183,0.01666265976394307,0.7120879120879123,2.220446049250313e-16,0.6666666666666669,2.220446049250313e-16,0.04542124542124548,0.0,,,,,,,,,,,,,,,,,,,,,,,
shokri,Breast Cancer,BCP,569,2,455,114,LR,dp,1.0,30.0,,0.5055218173639227,0.03485338705259739,0.0027119079750658657,0.054736654632820375,0.5032967032967033,0.04385703134235688,0.5005847953216375,0.06465625712788424,0.501355953987533,0.027368327316410184,0.8006641926296286,0.017391865539150116,0.7516483516483519,2.220446049250313e-16,0.7192982456140349,2.220446049250313e-16,0.03235010603431654,0.0,,,,,,,,,,,,,,,,,,,,,,,
shokri,Breast Cancer,BCP,569,2,455,114,LR,dp,2.0,30.0,,0.4903177816335711,0.02639063463417116,-0.011024998393419444,0.04807416764761949,0.5059340659340659,0.04613779591845167,0.5169590643274854,0.06575762711986245,0.49448750080329035,0.02403708382380975,0.7963983816257407,0.015455471374567683,0.8461538461538463,1.1102230246251565e-16,0.8508771929824559,2.220446049250313e-16,-0.004723346828609976,0.0,,,,,,,,,,,,,,,,,,,,,,,
shokri,Breast Cancer,BCP,569,2,455,114,LR,dp,4.0,30.0,,0.5063180386864597,0.031093634929474492,0.006626180836707152,0.05772895312729993,0.5215384615384615,0.04190508209616652,0.5149122807017543,0.05530027529151301,0.5033130904183536,0.02886447656364997,0.8014691371254135,0.018491287234715433,0.9032967032967034,1.1102230246251565e-16,0.9035087719298248,2.220446049250313e-16,-0.00021206863312128732,0.0,,,,,,,,,,,,,,,,,,,,,,,
shokri,Breast Cancer,BCP,569,2,455,114,LR,dp,8.0,30.0,,0.49558543795385906,0.040779783900194023,-0.0015905147484094884,0.06645352077223654,0.508058608058608,0.02851548952417742,0.5096491228070176,0.0622889377636463,0.4992047426257952,0.033226760386118256,0.7993048933880442,0.02140366404100483,0.9274725274725275,0.0,0.9035087719298248,2.220446049250313e-16,0.023963755542702914,0.0,,,,,,,,,,,,,,,,,,,,,,,
shokri,Breast Cancer,BCP,569,2,455,114,LR,dp,10.0,30.0,,0.498982070561018,0.029390232604705885,8.354218880533559e-05,0.054218218246973704,0.5047619047619047,0.03133099601515472,0.5046783625730994,0.06484639193276778,0.5000417710944026,0.027109109123486855,0.8001339979741678,0.017359702783348648,0.9296703296703297,0.0,0.912280701754386,1.1102230246251565e-16,0.017389627915943784,0.0,,,,,,,,,,,,,,,,,,,,,,,
shokri,Breast Cancer,BCP,569,2,455,114,RF,standard,,30.0,,0.5302525544630806,0.02192826504234474,0.03465587044534412,0.03962885443200113,0.8030769230769231,0.17259824497420634,0.7684210526315789,0.15473777034902125,0.5173279352226722,0.019814427216000553,0.8060758211916549,0.008172645356582122,0.989010989010989,0.0,0.9473684210526313,2.220446049250313e-16,0.041642567958357544,2.0816681711721685e-17,,,,,,,,,,,,,,,,,,,,,,,
shokri,Breast Cancer,BCP,569,2,455,114,RF,dp,0.1,30.0,,0.5005523423944476,0.03217386356472439,0.006506651243493365,0.05382912099567739,0.5336996336996337,0.1706208861886331,0.5271929824561404,0.18517361716202876,0.5032533256217467,0.0269145604978387,0.8031936069743502,0.01900352024403036,0.7406593406593409,2.220446049250313e-16,0.7105263157894736,1.1102230246251565e-16,0.03013302486986702,0.0,,,,,,,,,,,,,,,,,,,,,,,
shokri,Breast Cancer,BCP,569,2,455,114,RF,dp,0.2,30.0,,0.5013183600025706,0.02356092453476622,-0.004963048647259166,0.04277483947944974,0.5368498168498167,0.21032169603259912,0.5418128654970761,0.20730581739396203,0.49751847567637053,0.02138741973972487,0.796618532496119,0.015919392960375374,0.7208791208791211,2.220446049250313e-16,0.7105263157894736,1.1102230246251565e-16,0.010352805089647199,0.0,,,,,,,,,,,,,,,,,,,,,,,
shokri,Breast Cancer,BCP,569,2,455,114,RF,dp,0.4,30.0,,0.5017961570593149,0.024291696417347852,0.0075490007068954425,0.042849576498103524,0.5423443223443223,0.21154435714791575,0.5347953216374269,0.2270160449589125,0.5037745003534477,0.02142478824905176,0.8048967121993306,0.019641868316545845,0.7670329670329673,2.220446049250313e-16,0.7456140350877193,0.0,0.0214189319452478,0.0,,,,,,,,,,,,,,,,,,,,,,,
shokri,Breast Cancer,BCP,569,2,455,114,RF,dp,0.8,30.0,,0.5026682089839984,0.017546209936698205,0.005689865689865694,0.033357222118479926,0.5945787545787545,0.24834953049979241,0.5888888888888889,0.251890699422166,0.5028449328449329,0.016678611059239967,0.80149821598002,0.012358311374910332,0.7846153846153848,2.220446049250313e-16,0.7456140350877193,0.0,0.03900134952766532,0.0,,,,,,,,,,,,,,,,,,,,,,,
shokri,Breast Cancer,BCP,569,2,455,114,RF,dp,1.0,30.0,,0.507228648544438,0.020366592321138695,0.01652335968125442,0.03597641725472583,0.5346520146520145,0.26453842195089355,0.5181286549707601,0.2763824604735979,0.5082616798406272,0.01798820862736291,0.8090687644209142,0.015900786282814237,0.786813186813187,2.220446049250313e-16,0.7456140350877193,0.0,0.04119915172546751,0.0,,,,,,,,,,,,,,,,,,,,,,,
shokri,Breast Cancer,BCP,569,2,455,114,RF,dp,2.0,30.0,,0.5027038750722961,0.01510378971442383,0.009368292526187266,0.03283883900460873,0.5386080586080586,0.24577805782443762,0.5292397660818714,0.2530650656069747,0.5046841462630937,0.016419419502304362,0.804736429266034,0.018849799293204683,0.81978021978022,2.220446049250313e-16,0.798245614035088,2.220446049250313e-16,0.021534605745131996,0.0,,,,,,,,,,,,,,,,,,,,,,,
shokri,Breast Cancer,BCP,569,2,455,114,RF,dp,4.0,30.0,,0.5104116059379217,0.016365317252622493,0.01728937728937729,0.02922313387126606,0.5506227106227107,0.26243496628128,0.5333333333333333,0.2535113013087357,0.5086446886446886,0.014611566935633034,0.8041543805183226,0.011036253360996572,0.7978021978021981,2.220446049250313e-16,0.7631578947368423,1.1102230246251565e-16,0.0346443030653557,6.938893903907228e-18,,,,,,,,,,,,,,,,,,,,,,,
shokri,Breast Cancer,BCP,569,2,455,114,RF,dp,8.0,30.0,,0.5098187777135145,0.012602471550114347,0.025563909774436084,0.0325990448398971,0.5571428571428572,0.26346613149960946,0.531578947368421,0.2708486334670142,0.5127819548872181,0.016299522419948545,0.8110803391310812,0.01564652447037442,0.7978021978021981,2.220446049250313e-16,0.7631578947368423,1.1102230246251565e-16,0.0346443030653557,6.938893903907228e-18,,,,,,,,,,,,,,,,,,,,,,,
shokri,Breast Cancer,BCP,569,2,455,114,RF,dp,10.0,30.0,,0.5094891073838441,0.012592254888945921,0.02497654392391234,0.03313574235666354,0.555970695970696,0.26225314568307556,0.5309941520467837,0.27019569048929903,0.5124882719619562,0.016567871178331767,0.8109656871805763,0.015736592876312114,0.7978021978021981,2.220446049250313e-16,0.7631578947368423,1.1102230246251565e-16,0.0346443030653557,6.938893903907228e-18,,,,,,,,,,,,,,,,,,,,,,,
shokri,Breast Cancer,BCP,569,2,455,114,GNB,standard,,30.0,,0.5009154295996402,0.020179698384429554,0.0027453248505880062,0.032475882394734826,0.5852014652014652,0.2544487611823822,0.5824561403508771,0.24921750938630546,0.501372662425294,0.01623794119736741,0.7991770844431428,0.014033152126817995,0.945054945054945,0.0,0.9210526315789476,2.220446049250313e-16,0.024002313475997683,0.0,,,,,,,,,,,,,,,,,,,,,,,
shokri,Breast Cancer,BCP,569,2,455,114,GNB,dp,0.1,30.0,,0.497794164899428,0.024623615289055267,0.0013887282308334913,0.045334381230464633,0.4999267399267399,0.09690909392764945,0.49853801169590645,0.10514328782341212,0.5006943641154167,0.022667190615232324,0.8000488013491031,0.014585294150623077,0.37362637362637374,1.1102230246251565e-16,0.36842105263157887,5.551115123125783e-17,0.005205320994794704,0.0,,,,,,,,,,,,,,,,,,,,,,,
shokri,Breast Cancer,BCP,569,2,455,114,GNB,dp,0.2,30.0,,0.5021907332433648,0.03543255224849915,0.006506651243493357,0.062044822718176844,0.5003663003663004,0.04121229126365342,0.49385964912280694,0.07995298454313687,0.5032533256217466,0.03102241135908842,0.8025276839074206,0.01968273034490914,0.687912087912088,1.1102230246251565e-16,0.6842105263157898,3.3306690738754696e-16,0.0037015615962984194,0.0,,,,,,,,,,,,,,,,,,,,,,,
shokri,Breast Cancer,BCP,569,2,455,114,GNB,dp,0.4,30.0,,0.4953528050896472,0.026372062301114083,-0.015779834200886845,0.04414910126820495,0.5043956043956044,0.07507727908228981,0.5201754385964913,0.08065565680635217,0.49211008289955666,0.02207455063410247,0.7944447578731988,0.015127505726262215,0.6285714285714287,1.1102230246251565e-16,0.6228070175438597,0.0,0.005764411027568861,0.0,,,,,,,,,,,,,,,,,,,,,,,
shokri,Breast Cancer,BCP,569,2,455,114,GNB,dp,0.8,30.0,,0.5013922627080523,0.020378304677303918,0.0021418931945247745,0.03667971810016842,0.51003663003663,0.06504636448048756,0.5078947368421053,0.06561770950089339,0.5010709465972624,0.018339859050084218,0.8001309712679436,0.011313204679824898,0.6263736263736265,1.1102230246251565e-16,0.631578947368421,0.0,-0.005205320994794649,0.0,,,,,,,,,,,,,,,,,,,,,,,
shokri,Breast Cancer,BCP,569,2,455,114,GNB,dp,1.0,30.0,,0.5031832787095946,0.029172584223910197,0.007106869738448679,0.05043856297383737,0.5073992673992674,0.06473571147491075,0.5002923976608187,0.08372433151702298,0.5035534348692243,0.025219281486918693,0.8024521416342598,0.01656582727805214,0.6263736263736265,1.1102230246251565e-16,0.631578947368421,0.0,-0.005205320994794649,0.0,,,,,,,,,,,,,,,,,,,,,,,
shokri,Breast Cancer,BCP,569,2,455,114,GNB,dp,2.0,30.0,,0.49153556969346446,0.031251166019669166,-0.008265535633956695,0.05224620851294957,0.4975824175824176,0.043811483901414754,0.5058479532163743,0.06371317520451392,0.4958672321830217,0.02612310425647479,0.7971530016310454,0.01743010603755852,0.6307692307692309,1.1102230246251565e-16,0.631578947368421,0.0,-0.0008097165991902688,0.0,,,,,,,,,,,,,,,,,,,,,,,
shokri,Breast Cancer,BCP,569,2,455,114,GNB,dp,4.0,30.0,,0.49960188933873145,0.03239098598139991,-0.00011181800655485352,0.05298487438583649,0.5156776556776557,0.041411645606610085,0.5157894736842106,0.04715133273754677,0.49994409099672255,0.02649243719291825,0.7992395885120206,0.016798042945522514,0.6901098901098902,1.1102230246251565e-16,0.6929824561403506,3.3306690738754696e-16,-0.0028725660304608214,0.0,,,,,,,,,,,,,,,,,,,,,,,
shokri,Breast Cancer,BCP,569,2,455,114,GNB,dp,8.0,30.0,,0.49221129747445536,0.029210543668317563,-0.007595270226849171,0.04905371417314479,0.5032234432234433,0.062249899442043156,0.5108187134502924,0.06063357448344139,0.4962023648865754,0.024526857086572398,0.7965907826972256,0.016570073903772062,0.6857142857142858,1.1102230246251565e-16,0.6578947368421055,2.220446049250313e-16,0.02781954887218041,0.0,,,,,,,,,,,,,,,,,,,,,,,
shokri,Breast Cancer,BCP,569,2,455,114,GNB,dp,10.0,30.0,,0.5088715378189063,0.03496689789167296,0.01120107962213224,0.06144694382203625,0.5076923076923077,0.05089229174694464,0.4964912280701755,0.07200110574484644,0.5056005398110661,0.030723471911018124,0.8033449790813847,0.019307515952236648,0.7362637362637365,2.220446049250313e-16,0.7456140350877193,0.0,-0.009350298823982972,0.0,,,,,,,,,,,,,,,,,,,,,,,
shokri,Breast Cancer,BCP,569,2,455,114,SVM,standard,,30.0,,0.5852834008097166,0.012985597956428823,0.1024715635241951,0.021919950744972324,0.4603663003663004,0.2659199786377657,0.35789473684210527,0.26660895035608295,0.5512357817620974,0.010959975372486157,0.8585186275814922,0.04169126848138943,0.9802197802197802,0.0,0.9473684210526313,2.220446049250313e-16,0.03285135916714865,0.0,,,,,,,,,,,,,,,,,,,,,,,
shokri,Breast Cancer,BCP,569,2,455,114,SVM,dp,0.1,30.0,,0.49515198252040366,0.03022975330580258,-0.007350427350427354,0.049919427072592955,0.4815384615384615,0.05571143182177036,0.48888888888888893,0.07236827337689462,0.4963247863247864,0.024959713536296488,0.7973948119240944,0.016668634237952937,0.5648351648351648,0.0,0.5526315789473685,0.0,0.012203585887796353,0.0,,,,,,,,,,,,,,,,,,,,,,,
shokri,Breast Cancer,BCP,569,2,455,114,SVM,dp,0.2,30.0,,0.5058514876935929,0.02883809267650281,0.008944155259944743,0.05044546288432591,0.5118681318681318,0.03074488833017566,0.5029239766081871,0.04741893198896741,0.5044720776299723,0.025222731442162954,0.802410655950929,0.015480955054503262,0.6791208791208793,1.1102230246251565e-16,0.6666666666666669,2.220446049250313e-16,0.012454212454212521,0.0,,,,,,,,,,,,,,,,,,,,,,,
shokri,Breast Cancer,BCP,569,2,455,114,SVM,dp,0.4,30.0,,0.5001735106998264,0.0025084150887450915,0.0008675534991324581,0.003314917265681229,0.39560439560439564,0.37106425985458663,0.3947368421052631,0.3716028022758706,0.5004337767495662,0.0016574586328406038,0.5069383159968898,0.38572397561271426,0.37362637362637374,1.1102230246251565e-16,0.36842105263157887,5.551115123125783e-17,0.005205320994794704,0.0,,,,,,,,,,,,,,,,,,,,,,,
shokri,Breast Cancer,BCP,569,2,455,114,SVM,dp,0.8,30.0,,0.5016595977122293,0.022881630700675462,0.0021322537112010765,0.04301266346484259,0.5056410256410256,0.029156772866069342,0.5035087719298246,0.0430688950632093,0.5010661268556006,0.021506331732421294,0.8002934551309052,0.014054041851015721,0.7978021978021981,2.220446049250313e-16,0.8070175438596494,3.3306690738754696e-16,-0.009215346057451224,0.0,,,,,,,,,,,,,,,,,,,,,,,
shokri,Breast Cancer,BCP,569,2,455,114,SVM,dp,1.0,30.0,,0.5057676241886768,0.024583524803609008,0.011068054752265277,0.043381328481117025,0.547032967032967,0.06603496553118345,0.5359649122807018,0.07105985090751499,0.5055340273761326,0.02169066424055852,0.8028582795916326,0.013480779210625016,0.8527472527472528,1.1102230246251565e-16,0.868421052631579,0.0,-0.015673799884326267,0.0,,,,,,,,,,,,,,,,,,,,,,,
shokri,Breast Cancer,BCP,569,2,455,114,SVM,dp,2.0,30.0,,0.49948910738384433,0.024203178606524774,0.001598868967290018,0.05121788294683157,0.5290842490842491,0.02921194322471548,0.527485380116959,0.04695145336062935,0.5007994344836451,0.025608941473415785,0.800087173220981,0.015420751080418441,0.9032967032967034,1.1102230246251565e-16,0.8947368421052633,1.1102230246251565e-16,0.008559861191440143,0.0,,,,,,,,,,,,,,,,,,,,,,,
shokri,Breast Cancer,BCP,569,2,455,114,SVM,dp,4.0,30.0,,0.4922556390977444,0.027742003456885093,-0.006764346764346762,0.053805071313666894,0.5154578754578755,0.022866533245303328,0.5222222222222221,0.0474405630698411,0.49661782661782655,0.026902535656833447,0.7975539771117482,0.016570351596222752,0.9208791208791209,1.1102230246251565e-16,0.9035087719298248,2.220446049250313e-16,0.017370348949296233,0.0,,,,,,,,,,,,,,,,,,,,,,,
shokri,Breast Cancer,BCP,569,2,455,114,SVM,dp,8.0,30.0,,0.4982620011567379,0.031548027736925326,-0.0029670329670329733,0.05670030452374414,0.5136996336996337,0.026670691641659278,0.5166666666666667,0.055540933748339405,0.49851648351648353,0.02835015226187207,0.7988544620365304,0.018014932095193815,0.9208791208791209,1.1102230246251565e-16,0.9035087719298248,2.220446049250313e-16,0.017370348949296233,0.0,,,,,,,,,,,,,,,,,,,,,,,
shokri,Breast Cancer,BCP,569,2,455,114,SVM,dp,10.0,30.0,,0.500730672835936,0.027701039474612728,0.0027896664738769933,0.04248765928650399,0.5054212454212454,0.03511664891445693,0.5026315789473684,0.0497840828900446,0.5013948332369386,0.021243829643252003,0.800599343724645,0.01348623991410946,0.9230769230769231,0.0,0.9035087719298248,2.220446049250313e-16,0.019568151147098534,0.0,,,,,,,,,,,,,,,,,,,,,,,
shokri,Breast Cancer,BCP,569,2,455,114,DNN,standard,,5.0,,0.5091575091575091,0.02538869143065588,0.010379795642953538,0.04766541258242292,0.5331868131868132,0.018783174170744172,0.5228070175438596,0.034018806016956685,0.5051898978214767,0.023832706291211477,0.8026180627961844,0.01455681361583253,0.9846153846153847,0.0,0.9736842105263157,1.1102230246251565e-16,0.010931174089068851,0.0,,,,,,,,,,,,,,,,,,,,,,,
shokri,Breast Cancer,BCP,569,2,455,114,DNN,dp,0.1,5.0,,0.5,0.0,0.0,0.0,0.0,0.0,0.0,0.0,0.5,0.0,0.0,0.0,0.6263736263736264,0.0,0.631578947368421,0.0,-0.005205320994794649,0.0,,,,,,,,,,,,,,,,,,,,,,,
shokri,Breast Cancer,BCP,569,2,455,114,DNN,dp,0.2,5.0,,0.5,0.0,0.0,0.0,0.0,0.0,0.0,0.0,0.5,0.0,0.0,0.0,0.6263736263736264,0.0,0.631578947368421,0.0,-0.005205320994794649,0.0,,,,,,,,,,,,,,,,,,,,,,,
shokri,Breast Cancer,BCP,569,2,455,114,DNN,dp,0.4,5.0,,0.5,0.0,0.0,0.0,0.0,0.0,0.0,0.0,0.5,0.0,0.0,0.0,0.6263736263736264,0.0,0.631578947368421,0.0,-0.005205320994794649,0.0,,,,,,,,,,,,,,,,,,,,,,,
shokri,Breast Cancer,BCP,569,2,455,114,DNN,dp,0.8,5.0,,0.5005205320994794,0.0010410641989589298,0.0,0.0,0.0,0.0,0.0,0.0,0.5,0.0,0.0,0.0,0.6263736263736264,0.0,0.631578947368421,0.0,-0.005205320994794649,0.0,,,,,,,,,,,,,,,,,,,,,,,
shokri,Breast Cancer,BCP,569,2,455,114,DNN,dp,1.0,5.0,,0.5010410641989589,0.0012750380384643422,0.0,0.0,0.0,0.0,0.0,0.0,0.5,0.0,0.0,0.0,0.6263736263736264,0.0,0.631578947368421,0.0,-0.005205320994794649,0.0,,,,,,,,,,,,,,,,,,,,,,,
shokri,Breast Cancer,BCP,569,2,455,114,DNN,dp,2.0,5.0,,0.5005205320994794,0.0010410641989589298,0.0,0.0,0.0,0.0,0.0,0.0,0.5,0.0,0.0,0.0,0.6263736263736264,0.0,0.631578947368421,0.0,-0.005205320994794649,0.0,,,,,,,,,,,,,,,,,,,,,,,
shokri,Breast Cancer,BCP,569,2,455,114,DNN,dp,4.0,5.0,,0.5042722190090612,0.00936540054339035,-0.010333526122999802,0.02047356910589276,0.0879120879120879,0.06222536569384225,0.09824561403508772,0.06871282816689873,0.4948332369385001,0.010236784552946354,0.7858645580248014,0.048976322632178916,0.6351648351648351,0.0,0.631578947368421,0.0,0.003585887796414111,0.0,,,,,,,,,,,,,,,,,,,,,,,
shokri,Breast Cancer,BCP,569,2,455,114,DNN,dp,8.0,5.0,,0.5007653749759013,0.021350089975613565,0.006539425486793921,0.04692754159071156,0.181978021978022,0.029922413055151663,0.17543859649122803,0.043330136965713924,0.5032697127433969,0.0234637707953558,0.8049291606738415,0.045126778537377184,0.8065934065934066,0.0,0.7631578947368421,0.0,0.04343551185656447,0.0,,,,,,,,,,,,,,,,,,,,,,,
shokri,Breast Cancer,BCP,569,2,455,114,DNN,dp,10.0,5.0,,0.5066030460767303,0.011184511016192047,0.0092192018507808,0.036047616551898115,0.20395604395604394,0.03860632090118064,0.19473684210526315,0.02443576890734056,0.5046096009253904,0.018023808275949047,0.8038506447758337,0.027745916345144218,0.8373626373626374,0.0,0.8421052631578947,0.0,-0.004742625795257305,0.0,,,,,,,,,,,,,,,,,,,,,,,
shokri,Diabetes,DIABETES,70692,2,56553,14139,LR,standard,,30.0,,0.5007049309391733,0.002244020017175029,0.00017476250494734372,0.004893613859479763,0.3946227432673775,0.01781828912273719,0.39444798076243015,0.018959417164336023,0.5000873812524737,0.0024468069297398937,0.8000755798999736,0.002007125817975292,0.7475995968383639,1.1102230246251565e-16,0.7455265577480726,1.1102230246251565e-16,0.0020730390902912177,0.0,,,,,,,,,,,,,,,,,,,,,,,
shokri,Diabetes,DIABETES,70692,2,56553,14139,LR,dp,0.1,30.0,,0.49882180993980857,0.003723694343379187,-0.0018135495254546219,0.005519356676840771,0.49985323501847834,0.09375447170129703,0.5016667845439329,0.09295121235680312,0.49909322523727273,0.0027596783384203766,0.7993410572912728,0.0019538542055905616,0.7196788852934414,2.220446049250313e-16,0.7163872975457957,3.3306690738754696e-16,0.003291587747646263,0.0,,,,,,,,,,,,,,,,,,,,,,,
shokri,Diabetes,DIABETES,70692,2,56553,14139,LR,dp,0.2,30.0,,0.5003398866836062,0.0026373940558614894,0.0011386772578943216,0.004516679183943343,0.49967699915713276,0.0569625576197367,0.49853832189923847,0.056828757174386305,0.5005693386289471,0.002258339591971678,0.8003526800297209,0.0014517942562479696,0.7388467455307409,1.1102230246251565e-16,0.7337152556757902,1.1102230246251565e-16,0.00513148985495071,0.0,,,,,,,,,,,,,,,,,,,,,,,
shokri,Diabetes,DIABETES,70692,2,56553,14139,LR,dp,0.4,30.0,,0.49997603756299025,0.001894206165197895,-0.00023661658531797986,0.003733246908638918,0.5170819113633819,0.07327887123835108,0.5173185279486998,0.07299397662242287,0.49988169170734087,0.0018666234543194648,0.7998955852642233,0.0011739512159156546,0.745866709104734,3.3306690738754696e-16,0.7427682297192165,2.220446049250313e-16,0.0030984793855173276,0.0,,,,,,,,,,,,,,,,,,,,,,,
shokri,Diabetes,DIABETES,70692,2,56553,14139,LR,dp,0.8,30.0,,0.49980887547684755,0.0014848770451707074,-2.964984366421175e-05,0.002056515760799449,0.5188189250201876,0.13876126711036404,0.5188485748638517,0.13854095788471232,0.4999851750781678,0.001028257880399727,0.7999313297239987,0.0007342770909790619,0.7443283291779392,0.0,0.7400099016903601,1.1102230246251565e-16,0.004318427487579268,0.0,,,,,,,,,,,,,,,,,,,,,,,
shokri,Diabetes,DIABETES,70692,2,56553,14139,LR,dp,1.0,30.0,,0.5007079572331415,0.0019323918919135622,0.000878506730016502,0.004093266900779622,0.5282755409379992,0.06965451353289563,0.5273970342079826,0.07085945638005954,0.5004392533650083,0.0020466334503898105,0.8003123988624952,0.001276781996037771,0.7478294697009884,0.0,0.7449607468703585,1.1102230246251565e-16,0.0028687228306297774,0.0,,,,,,,,,,,,,,,,,,,,,,,
shokri,Diabetes,DIABETES,70692,2,56553,14139,LR,dp,2.0,30.0,,0.500386065315763,0.0023806807316772236,0.0006299568458150607,0.004080724670303088,0.5203909017499808,0.03903131726284244,0.5197609449041657,0.03913413898730682,0.5003149784229075,0.0020403623351515493,0.8001852145706416,0.0012481369286355337,0.7481300726751894,2.220446049250313e-16,0.7454558313883586,1.1102230246251565e-16,0.002674241286831136,0.0,,,,,,,,,,,,,,,,,,,,,,,
shokri,Diabetes,DIABETES,70692,2,56553,14139,LR,dp,4.0,30.0,,0.49935496906699645,0.0023916637248097283,-0.0021485305654863358,0.003724213554916899,0.5070128905628348,0.0252197035132372,0.5091614211283212,0.02578278318536822,0.4989257347172569,0.001862106777458438,0.7993184471466365,0.0012192197497004277,0.7480770250915073,2.220446049250313e-16,0.7456680104675011,1.1102230246251565e-16,0.0024090146240058896,0.0,,,,,,,,,,,,,,,,,,,,,,,
shokri,Diabetes,DIABETES,70692,2,56553,14139,LR,dp,8.0,30.0,,0.5002896865551134,0.0025519538524107163,0.0009243010880800132,0.0043617255427990265,0.4804796680400097,0.018442627196161583,0.47955536695192963,0.01818700694571132,0.50046215054404,0.0021808627713995154,0.8002929147743549,0.0014767742938165836,0.7477764221173057,2.220446049250313e-16,0.7456680104675011,1.1102230246251565e-16,0.0021084116498046868,0.0,,,,,,,,,,,,,,,,,,,,,,,
shokri,Diabetes,DIABETES,70692,2,56553,14139,LR,dp,10.0,30.0,,0.5006350562939307,0.0025583640427522835,0.0007925308001678325,0.004052500455211806,0.4741239780972421,0.020186536652576838,0.4733314472970742,0.020594949898053327,0.500396265400084,0.0020262502276059053,0.8002610369800723,0.001383341556236208,0.7477764221173057,2.220446049250313e-16,0.7454558313883586,1.1102230246251565e-16,0.0023205907289474137,0.0,,,,,,,,,,,,,,,,,,,,,,,
shokri,Diabetes,DIABETES,70692,2,56553,14139,RF,standard,,30.0,,0.5011969168981648,0.002554449644590953,0.0015385805263752347,0.00481789157952195,0.34976452767020905,0.018862861631052292,0.34822594714383387,0.02017853892403555,0.5007692902631876,0.002408945789760979,0.8007236072883757,0.0022006150318964524,0.741021696461726,2.220446049250313e-16,0.7373223000212181,2.220446049250313e-16,0.003699396440508318,0.0,,,,,,,,,,,,,,,,,,,,,,,
shokri,Diabetes,DIABETES,70692,2,56553,14139,RF,dp,0.1,30.0,,0.5000205232297313,0.0019248978584464553,-0.00029427808442312,0.00337999374219077,0.5300473302329968,0.0872372282909411,0.5303416083174198,0.08706975378282045,0.4998528609577884,0.0016899968710953868,0.7998980443659858,0.0011287020982102996,0.6761621841458454,1.1102230246251565e-16,0.6757903670698072,3.3306690738754696e-16,0.00037181707603861636,0.0,,,,,,,,,,,,,,,,,,,,,,,
shokri,Diabetes,DIABETES,70692,2,56553,14139,RF,dp,0.2,30.0,,0.5007508868982915,0.0019717164393768566,0.0011473017892518367,0.0036200468667147026,0.5178222198645518,0.09988049393349802,0.5166749180752999,0.09952533313028983,0.5005736508946259,0.0018100234333573472,0.800344065860039,0.0011613400111833941,0.6859583045992255,0.0,0.6863285946672328,3.3306690738754696e-16,-0.0003702900680070398,0.0,,,,,,,,,,,,,,,,,,,,,,,
shokri,Diabetes,DIABETES,70692,2,56553,14139,RF,dp,0.4,30.0,,0.4995855476132671,0.002190854950187543,-1.6877878453127234e-05,0.004090991295842057,0.5262626798460441,0.0796800551307814,0.5262795577244972,0.0791223406084084,0.4999915610607734,0.0020454956479210302,0.7999543998388122,0.0013429592162548826,0.6859229395434373,2.220446049250313e-16,0.687813848221232,0.0,-0.0018909086777949558,0.0,,,,,,,,,,,,,,,,,,,,,,,
shokri,Diabetes,DIABETES,70692,2,56553,14139,RF,dp,0.8,30.0,,0.5000393166215765,0.0018250386588113026,9.80638054665713e-05,0.00320964113473557,0.5709210828780082,0.0904561966349029,0.5708230190725416,0.08992082681165266,0.5000490319027333,0.0016048205673677802,0.7999948164589836,0.0009069222642924378,0.6862589075734263,3.3306690738754696e-16,0.6876723955018034,1.1102230246251565e-16,-0.001413487928376811,0.0,,,,,,,,,,,,,,,,,,,,,,,
shokri,Diabetes,DIABETES,70692,2,56553,14139,RF,dp,1.0,30.0,,0.4999012094170826,0.0017892285608419837,0.0003482991513586035,0.003512709434781396,0.5216911569678001,0.10018566693820591,0.5213428578164415,0.09857306067606293,0.5001741495756794,0.0017563547173906876,0.8000022241799967,0.001114239800699338,0.6863296376850033,1.1102230246251565e-16,0.6876723955018034,1.1102230246251565e-16,-0.0013427578168000442,0.0,,,,,,,,,,,,,,,,,,,,,,,
shokri,Diabetes,DIABETES,70692,2,56553,14139,RF,dp,2.0,30.0,,0.49979910431378344,0.001633520249972708,-0.0006581367097574453,0.0038240169219206613,0.5483623032082,0.08600280278340718,0.5490204399179573,0.08571016557417031,0.4996709316451212,0.0019120084609603343,0.799769161880883,0.001302925914493419,0.686365002740792,2.220446049250313e-16,0.6877431218615181,3.3306690738754696e-16,-0.0013781191207259402,0.0,,,,,,,,,,,,,,,,,,,,,,,
shokri,Diabetes,DIABETES,70692,2,56553,14139,RF,dp,4.0,30.0,,0.49926794453327034,0.001545207088493832,-0.0006552395215461452,0.0020186344759696856,0.5696467620344339,0.11717716136325343,0.5703020015559799,0.11662835583882822,0.4996723802392269,0.00100931723798484,0.7997577987802447,0.0005976496304058004,0.686365002740792,2.220446049250313e-16,0.6877431218615181,3.3306690738754696e-16,-0.0013781191207259402,0.0,,,,,,,,,,,,,,,,,,,,,,,
shokri,Diabetes,DIABETES,70692,2,56553,14139,RF,dp,8.0,30.0,,0.500173739538797,0.0015227385481971683,0.0005998425215751446,0.0029034722541263353,0.5304534389569666,0.09110818537274179,0.5298535964353914,0.09033471903687472,0.5002999212607876,0.0014517361270631676,0.8001400706798923,0.0009078459006711405,0.6863826852686861,0.0,0.6874602164226608,0.0,-0.0010775311539746868,0.0,,,,,,,,,,,,,,,,,,,,,,,
shokri,Diabetes,DIABETES,70692,2,56553,14139,RF,dp,10.0,30.0,,0.500222436879615,0.001557132875387964,0.0007771551674538931,0.0027977622659408497,0.5287069946186173,0.09495461209754523,0.5279298394511635,0.09419856832606115,0.500388577583727,0.0013988811329704238,0.8001963244501732,0.0008698303578671063,0.6863826852686861,0.0,0.6874602164226608,0.0,-0.0010775311539746868,0.0,,,,,,,,,,,,,,,,,,,,,,,
shokri,Diabetes,DIABETES,70692,2,56553,14139,GNB,standard,,30.0,,0.49998037859294797,0.0028530560225369715,-0.000817727433185896,0.0050644522143878466,0.47309131846822156,0.09430236986232951,0.4739090459014074,0.09725979032272875,0.499591136283407,0.002532226107193919,0.7999433758485343,0.001984607899241909,0.7197142503492302,2.220446049250313e-16,0.7153264021500817,3.3306690738754696e-16,0.004387848199148614,0.0,,,,,,,,,,,,,,,,,,,,,,,
shokri,Diabetes,DIABETES,70692,2,56553,14139,GNB,dp,0.1,30.0,,0.50058419181481,0.0023124163114011413,0.0008866495222308831,0.004105533330114437,0.50400568198563,0.01809309197353685,0.5031190324633991,0.01885537513328,0.5004433247611154,0.0020527666650572247,0.8002793881447255,0.0013011129887730553,0.6502749633087545,2.220446049250313e-16,0.6490558030978142,3.3306690738754696e-16,0.0012191602109401511,0.0,,,,,,,,,,,,,,,,,,,,,,,
shokri,Diabetes,DIABETES,70692,2,56553,14139,GNB,dp,0.2,30.0,,0.4999823367525103,0.002886506395129215,-7.310078841925767e-05,0.004508570467419033,0.49968171449790455,0.024356120327997676,0.4997548152863239,0.025303946906405455,0.4999634496057904,0.0022542852337095183,0.799978980540065,0.0014690276275926427,0.7021731826781955,2.220446049250313e-16,0.7004738666100856,0.0,0.001699316068110135,0.0,,,,,,,,,,,,,,,,,,,,,,,
shokri,Diabetes,DIABETES,70692,2,56553,14139,GNB,dp,0.4,30.0,,0.5002776488293909,0.0025968765508080317,0.00023585645797840615,0.0045936922953334295,0.5019215013645018,0.026955085710276595,0.5016856449065233,0.028838085708457313,0.5001179282289892,0.002296846147666719,0.8000959162393121,0.001452454898177469,0.7035701023818363,2.220446049250313e-16,0.7025249310417995,2.220446049250313e-16,0.001045171340037232,0.0,,,,,,,,,,,,,,,,,,,,,,,
shokri,Diabetes,DIABETES,70692,2,56553,14139,GNB,dp,0.8,30.0,,0.5006259366834745,0.002914944840443673,0.0011463747040316755,0.004650048542505756,0.5003448092939368,0.021686792065982882,0.499198434589905,0.02084453598779927,0.5005731873520158,0.002325024271252882,0.8003415552886046,0.0015010935724970704,0.7202447261860557,2.220446049250313e-16,0.7143362331140817,1.1102230246251565e-16,0.0059084930719739415,0.0,,,,,,,,,,,,,,,,,,,,,,,
shokri,Diabetes,DIABETES,70692,2,56553,14139,GNB,dp,1.0,30.0,,0.5005606298474331,0.0017990578935026553,0.0006802784512777419,0.003271900883395366,0.5023871412657154,0.0194618921842234,0.5017068628144375,0.019415602981210856,0.5003401392256388,0.0016359504416976881,0.8002063222575407,0.0010295218445794806,0.7118278429084224,2.220446049250313e-16,0.7071928707829406,2.220446049250313e-16,0.0046349721254813625,0.0,,,,,,,,,,,,,,,,,,,,,,,
shokri,Diabetes,DIABETES,70692,2,56553,14139,GNB,dp,2.0,30.0,,0.500403177060311,0.0023529037512412805,6.292261080650952e-05,0.0045233649388895765,0.4973281700351882,0.015814138656990075,0.4972652474243817,0.01654965668540803,0.5000314613054032,0.002261682469444779,0.800015365524224,0.0014594412300204154,0.7220129789754743,0.0,0.7159629393875097,1.1102230246251565e-16,0.006050039587964573,0.0,,,,,,,,,,,,,,,,,,,,,,,
shokri,Diabetes,DIABETES,70692,2,56553,14139,GNB,dp,4.0,30.0,,0.4992977879105077,0.00324157758451797,-0.0014052232006316796,0.005010403962290101,0.5087322216917464,0.011694193655820459,0.510137444892378,0.01133703444198844,0.4992973883996842,0.0025052019811450475,0.7995421589555185,0.001572621237148658,0.719784980460807,3.3306690738754696e-16,0.7153971285097958,1.1102230246251565e-16,0.00438785195101099,0.0,,,,,,,,,,,,,,,,,,,,,,,
shokri,Diabetes,DIABETES,70692,2,56553,14139,GNB,dp,8.0,30.0,,0.4990697337215358,0.002869842475932981,-0.001453041063195687,0.004277479160469501,0.5072698766348972,0.01508563978339919,0.5087229176980927,0.015038072751082546,0.4992734794684021,0.0021387395802347476,0.7995292501424539,0.001355986755200558,0.7185118384524252,0.0,0.7146191385529383,3.3306690738754696e-16,0.0038926998994864848,0.0,,,,,,,,,,,,,,,,,,,,,,,
shokri,Diabetes,DIABETES,70692,2,56553,14139,GNB,dp,10.0,30.0,,0.5008072121090414,0.0023091302595273457,0.0009266541311688507,0.0032990503637883024,0.5026170141283398,0.0158229682919751,0.501690359997171,0.01609936199488853,0.5004633270655845,0.0016495251818941514,0.800287797419621,0.0010490925677182684,0.7200679009071139,2.220446049250313e-16,0.7153264021500817,3.3306690738754696e-16,0.004741498757032336,0.0,,,,,,,,,,,,,,,,,,,,,,,
shokri,Diabetes,DIABETES,70692,2,56553,14139,SVM,standard,,30.0,,0.5133010155902805,0.0023369600397411183,0.017343456323550173,0.004283547908053441,0.35883861156790964,0.017899504917647063,0.3414951552443596,0.01854639355799255,0.5086717281617751,0.00214177395402671,0.8078285572183591,0.001986861589655167,0.7545134652449913,1.1102230246251565e-16,0.7475776221797864,0.0,0.006935843065205005,0.0,,,,,,,,,,,,,,,,,,,,,,,
shokri,Diabetes,DIABETES,70692,2,56553,14139,SVM,dp,0.1,30.0,,0.5001630184458389,0.0026079742406412676,9.012611506807507e-05,0.004336457825878812,0.510168632374351,0.03796431043318842,0.5100785062592829,0.038503740293775894,0.5000450630575342,0.0021682289129394015,0.8000299712861264,0.0013479585338496984,0.7273000548158363,2.220446049250313e-16,0.7281985996180779,2.220446049250313e-16,-0.0008985448022411635,0.0,,,,,,,,,,,,,,,,,,,,,,,
shokri,Diabetes,DIABETES,70692,2,56553,14139,SVM,dp,0.2,30.0,,0.5001839838534079,0.00295851489755396,0.0005051876583629155,0.005480216530229973,0.5237977354575943,0.027365552125936162,0.5232925477992314,0.028931773256906563,0.5002525938291814,0.0027401082651149827,0.8001655360553651,0.001664625418700483,0.7258147224727244,3.3306690738754696e-16,0.7265718933446492,3.3306690738754696e-16,-0.0007571708719248393,0.0,,,,,,,,,,,,,,,,,,,,,,,
shokri,Diabetes,DIABETES,70692,2,56553,14139,SVM,dp,0.4,30.0,,0.5003060662487595,0.0023198359606723647,-7.409503197792026e-05,0.0033509033506184953,0.5142715682633989,0.029956972665697516,0.514345663295377,0.02873047349292056,0.49996295248401096,0.0016754516753092624,0.7999445067496007,0.001053682392317945,0.7250543737732749,2.220446049250313e-16,0.7262889879057925,1.1102230246251565e-16,-0.0012346141325177973,0.0,,,,,,,,,,,,,,,,,,,,,,,
shokri,Diabetes,DIABETES,70692,2,56553,14139,SVM,dp,0.8,30.0,,0.5005211360754163,0.0029863394024589375,0.0010411280828986791,0.005101877309889971,0.5162355076948467,0.020874726754935173,0.515194379611948,0.02124042100643271,0.5005205640414493,0.002550938654944984,0.8003150942262275,0.0015947927333011802,0.724789135854862,2.220446049250313e-16,0.7259353561072213,1.1102230246251565e-16,-0.0011462202523593312,0.0,,,,,,,,,,,,,,,,,,,,,,,
shokri,Diabetes,DIABETES,70692,2,56553,14139,SVM,dp,1.0,30.0,,0.5003622620410972,0.0027641619674472952,0.0005150449266710747,0.005313298085081244,0.5540714020476367,0.05570872477763055,0.5535563571209656,0.05538847589414858,0.5002575224633355,0.002656649042540615,0.8001284263344526,0.0015228705108140156,0.7248245009106501,1.1102230246251565e-16,0.7260768088266499,2.220446049250313e-16,-0.0012523079159995065,0.0,,,,,,,,,,,,,,,,,,,,,,,
shokri,Diabetes,DIABETES,70692,2,56553,14139,SVM,dp,2.0,30.0,,0.5000887968093458,0.0029627308657264777,0.0003160167508503916,0.004503326507845965,0.5131033425871896,0.014957374819404406,0.5127873258363391,0.016192909335311492,0.5001580083754252,0.002251663253922972,0.8000981682700318,0.0014061610677474404,0.7247714533269672,3.3306690738754696e-16,0.7263597142655065,2.220446049250313e-16,-0.0015882609385391433,0.0,,,,,,,,,,,,,,,,,,,,,,,
shokri,Diabetes,DIABETES,70692,2,56553,14139,SVM,dp,4.0,30.0,,0.49962849226502326,0.0026267728063818024,-0.00011127098672597165,0.004239930225899944,0.4800971360198986,0.016702377048663293,0.4802084070066248,0.01718761461763428,0.49994436450663693,0.002119965112949974,0.7999563232197736,0.0014069613106943355,0.7248068183827561,1.1102230246251565e-16,0.7262182615460779,3.3306690738754696e-16,-0.0014114431633223123,0.0,,,,,,,,,,,,,,,,,,,,,,,
shokri,Diabetes,DIABETES,70692,2,56553,14139,SVM,dp,8.0,30.0,,0.4994215819472127,0.002441556323273001,-0.0008431207888602983,0.0045944883076961185,0.4610424439611221,0.03183479000212831,0.4618855647499823,0.03135157660705224,0.4995784396055699,0.002297244153848063,0.7996808991478265,0.0016035317238116385,0.7247714533269672,3.3306690738754696e-16,0.726147535186364,0.0,-0.0013760818593964164,0.0,,,,,,,,,,,,,,,,,,,,,,,
shokri,Diabetes,DIABETES,70692,2,56553,14139,SVM,dp,10.0,30.0,,0.5000992421195676,0.002320760203631579,0.0011229220617589427,0.004292968062841699,0.4582155971684379,0.03360593082418429,0.45709267510667906,0.03338969436284107,0.5005614610308794,0.0021464840314208496,0.80037696115235,0.001493262602149129,0.7247714533269672,3.3306690738754696e-16,0.7260768088266499,2.220446049250313e-16,-0.001305355499682137,0.0,,,,,,,,,,,,,,,,,,,,,,,
shokri,Diabetes,DIABETES,70692,2,56553,14139,DNN,standard,,5.0,,0.5018045251706182,0.0018940315950845864,0.00034245274910950086,0.003221647949522534,0.522585892879246,0.03584512873368921,0.5222434401301366,0.036737234745122714,0.5001712263745548,0.0016108239747612497,0.8001109747310642,0.0009808668060241126,0.7571658444291196,0.0,0.7508310347266426,0.0,0.006334809702477018,0.0,,,,,,,,,,,,,,,,,,,,,,,
shokri,Diabetes,DIABETES,70692,2,56553,14139,DNN,dp,0.1,5.0,,0.4998012638441428,0.001425110648106712,0.0002860787641473017,0.005119112114101976,0.3264901950382827,0.006106931795563403,0.32620411627413537,0.006296695950528574,0.5001430393820736,0.0025595560570510264,0.8001221740620277,0.0024911003633050783,0.7327109083514579,0.0,0.7310276540066483,0.0,0.0016832543448096482,0.0,,,,,,,,,,,,,,,,,,,,,,,
shokri,Diabetes,DIABETES,70692,2,56553,14139,DNN,dp,0.2,5.0,,0.49995437335018955,0.0009555180738258825,-0.002391486672846066,0.0031547191304003106,0.3156932435060916,0.015943646578623776,0.3180847301789377,0.013003160007815453,0.498804256663577,0.0015773595652001369,0.7987037731784496,0.0016977695070500112,0.739218078616519,0.0,0.7371808473017893,0.0,0.0020372313147296595,0.0,,,,,,,,,,,,,,,,,,,,,,,
shokri,Diabetes,DIABETES,70692,2,56553,14139,DNN,dp,0.4,5.0,,0.5017009021054448,0.0017684044243207046,0.001961863150748311,0.0038782888551438547,0.3183774512404293,0.015924093345046943,0.31641558808968095,0.014345523624181015,0.5009809315753742,0.0019391444275719573,0.8009351806948132,0.0019193046632502077,0.7431966473927113,0.0,0.74000990169036,0.0,0.0031867457023513346,0.0,,,,,,,,,,,,,,,,,,,,,,,
shokri,Diabetes,DIABETES,70692,2,56553,14139,DNN,dp,0.8,5.0,,0.5014636739665417,0.0005146632376380913,0.0010389439986837833,0.002579850543004008,0.3195055965200785,0.02699013931752404,0.3184666525213947,0.026406665534433407,0.5005194719993418,0.0012899252715020283,0.8004884634510478,0.001187149632930428,0.7463087723020883,0.0,0.7437583987552161,0.0,0.0025503735468721533,0.0,,,,,,,,,,,,,,,,,,,,,,,
shokri,Diabetes,DIABETES,70692,2,56553,14139,DNN,dp,1.0,5.0,,0.5016936438773424,0.0012118445198891267,0.0010097852738189194,0.0014682323873277628,0.3031386487012183,0.015237778649926294,0.3021288634273994,0.016015134215968934,0.5005048926369093,0.0007341161936638882,0.8005466291653015,0.0008001116378404207,0.7474404540873163,0.0,0.7453143786689299,0.0,0.002126075418386386,0.0,,,,,,,,,,,,,,,,,,,,,,,
shokri,Diabetes,DIABETES,70692,2,56553,14139,DNN,dp,2.0,5.0,,0.5026448475703127,0.0017656165232430797,0.003457104162684288,0.004459335239018664,0.3066610082577405,0.02076727678521999,0.30320390409505626,0.023140341983795543,0.5017285520813421,0.0022296676195093616,0.8018952753113586,0.002494158986217263,0.7497038176577724,0.0,0.7478605276186435,0.0,0.0018432900391288642,0.0,,,,,,,,,,,,,,,,,,,,,,,
shokri,Diabetes,DIABETES,70692,2,56553,14139,DNN,dp,4.0,5.0,,0.5022232741694259,0.0007853877314014702,0.002687507872579964,0.0009572831638293946,0.3315650805439146,0.029437210504361086,0.32887757267133455,0.029215791369211874,0.5013437539362899,0.00047864158191469067,0.8012932063951894,0.0004649773273295741,0.7506233091082701,0.0,0.7485677912157861,0.0,0.002055517892484038,0.0,,,,,,,,,,,,,,,,,,,,,,,
shokri,Diabetes,DIABETES,70692,2,56553,14139,DNN,dp,8.0,5.0,,0.501904981913978,0.0013755733667555326,0.002310932684537248,0.003845813612925401,0.29903630222976674,0.02229025716948805,0.29672536954522954,0.02108735088335822,0.5011554663422686,0.0019229068064626923,0.8011811716120023,0.0021330661909963917,0.751365975279826,0.0,0.7495579602517859,0.0,0.0018080150280400664,0.0,,,,,,,,,,,,,,,,,,,,,,,
shokri,Diabetes,DIABETES,70692,2,56553,14139,DNN,dp,10.0,5.0,,0.5024903531267604,0.001274762262565147,0.0029207904278312213,0.0031466151085996564,0.3294078121408236,0.02059641235503368,0.32648702171299243,0.018498987413561357,0.5014603952139156,0.001573307554299809,0.8013529595919302,0.0014955240862586647,0.7516135306703446,0.0,0.7501237711295,0.0,0.0014897595408446263,0.0,,,,,,,,,,,,,,,,,,,,,,,
shokri,Cancer Risk,CANCER_RISK,1500,2,1200,300,LR,standard,,30.0,,0.5027111111111112,0.010443260423431229,0.0014166666666666661,0.023345383793042344,0.4561944444444444,0.029713666993032673,0.45477777777777784,0.037934478925616265,0.5007083333333333,0.011672691896521183,0.8005748307547863,0.008218376007455619,0.8591666666666666,0.0,0.8500000000000002,2.220446049250313e-16,0.009166666666666656,0.0,,,,,,,,,,,,,,,,,,,,,,,
shokri,Cancer Risk,CANCER_RISK,1500,2,1200,300,LR,dp,0.1,30.0,,0.5013859722222221,0.017280825916629498,0.0010833333333333344,0.03361557592016601,0.5088611111111112,0.024781903617631558,0.5077777777777778,0.04314775075321689,0.5005416666666667,0.016807787960083007,0.8005071216433814,0.010528433467643471,0.6683333333333332,1.1102230246251565e-16,0.6833333333333333,0.0,-0.015000000000000013,0.0,,,,,,,,,,,,,,,,,,,,,,,
shokri,Cancer Risk,CANCER_RISK,1500,2,1200,300,LR,dp,0.2,30.0,,0.4968348611111111,0.0195746577984308,-0.006833333333333345,0.03360266193159239,0.49461111111111117,0.02470448802131026,0.5014444444444444,0.04326219231558448,0.4965833333333333,0.016801330965796203,0.7979724783985314,0.010886475572098347,0.7175000000000001,1.1102230246251565e-16,0.7433333333333331,2.220446049250313e-16,-0.025833333333333264,0.0,,,,,,,,,,,,,,,,,,,,,,,
shokri,Cancer Risk,CANCER_RISK,1500,2,1200,300,LR,dp,0.4,30.0,,0.501661712962963,0.015601405266234599,0.009611111111111119,0.022675992090401494,0.5051666666666667,0.02213740759020385,0.49555555555555564,0.029631481423614735,0.5048055555555556,0.011337996045200744,0.8030859402711145,0.007186310611485103,0.7733333333333333,0.0,0.8033333333333336,2.220446049250313e-16,-0.030000000000000027,0.0,,,,,,,,,,,,,,,,,,,,,,,
shokri,Cancer Risk,CANCER_RISK,1500,2,1200,300,LR,dp,0.8,30.0,,0.5024409259259259,0.015520484654022492,5.555555555554574e-05,0.028294035928721848,0.5005,0.03040665740943609,0.5004444444444444,0.030607834065363722,0.5000277777777777,0.014147017964360919,0.7998799159815158,0.009143293437838937,0.7699999999999999,1.1102230246251565e-16,0.7933333333333332,1.1102230246251565e-16,-0.023333333333333317,0.0,,,,,,,,,,,,,,,,,,,,,,,
shokri,Cancer Risk,CANCER_RISK,1500,2,1200,300,LR,dp,1.0,30.0,,0.5022174537037036,0.018803778804009023,0.0004444444444444473,0.033652453912322466,0.5154444444444445,0.03088639078627461,0.515,0.04641000849912536,0.5002222222222223,0.016826226956161233,0.8003077192848177,0.010610062912059732,0.8275000000000001,1.1102230246251565e-16,0.8433333333333335,1.1102230246251565e-16,-0.015833333333333366,0.0,,,,,,,,,,,,,,,,,,,,,,,
shokri,Cancer Risk,CANCER_RISK,1500,2,1200,300,LR,dp,2.0,30.0,,0.494981574074074,0.02160892284554982,-0.007055555555555547,0.03331925628681068,0.5080555555555556,0.02052249593753579,0.5151111111111111,0.034946873259524724,0.4964722222222221,0.016659628143405325,0.7978195774750101,0.01049731682432486,0.8583333333333335,2.220446049250313e-16,0.8466666666666669,2.220446049250313e-16,0.011666666666666603,0.0,,,,,,,,,,,,,,,,,,,,,,,
shokri,Cancer Risk,CANCER_RISK,1500,2,1200,300,LR,dp,4.0,30.0,,0.502782037037037,0.01475479044381212,0.009249999999999998,0.02932129645711332,0.49080555555555555,0.018171614175091746,0.48155555555555557,0.02979850025226019,0.504625,0.014660648228556655,0.8030372199583903,0.009786730990992285,0.8550000000000001,1.1102230246251565e-16,0.8500000000000002,2.220446049250313e-16,0.0050000000000000044,0.0,,,,,,,,,,,,,,,,,,,,,,,
shokri,Cancer Risk,CANCER_RISK,1500,2,1200,300,LR,dp,8.0,30.0,,0.4987139814814815,0.020389025717743176,-0.008083333333333326,0.033246518893239305,0.47069444444444447,0.021688112605643253,0.4787777777777778,0.03825337877435562,0.4959583333333333,0.016623259446619652,0.7973714443766864,0.011372554995260012,0.8541666666666669,2.220446049250313e-16,0.8500000000000002,2.220446049250313e-16,0.004166666666666652,0.0,,,,,,,,,,,,,,,,,,,,,,,
shokri,Cancer Risk,CANCER_RISK,1500,2,1200,300,LR,dp,10.0,30.0,,0.5026918981481481,0.013845018696491185,0.002722222222222215,0.020805462839134755,0.47772222222222216,0.025362130319060098,0.4749999999999999,0.03076493915939834,0.501361111111111,0.010402731419567381,0.8009327695457458,0.006933491308740063,0.8550000000000001,1.1102230246251565e-16,0.8500000000000002,2.220446049250313e-16,0.0050000000000000044,0.0,,,,,,,,,,,,,,,,,,,,,,,
shokri,Cancer Risk,CANCER_RISK,1500,2,1200,300,RF,standard,,30.0,,0.5072407407407407,0.013016836247400205,0.00730555555555556,0.024941304553681747,0.40919444444444436,0.032997954014390075,0.4018888888888889,0.034401586239626636,0.5036527777777777,0.012470652276840863,0.8027489196449167,0.01017665768796542,0.8599999999999999,1.1102230246251565e-16,0.8500000000000002,2.220446049250313e-16,0.010000000000000009,0.0,,,,,,,,,,,,,,,,,,,,,,,
shokri,Cancer Risk,CANCER_RISK,1500,2,1200,300,RF,dp,0.1,30.0,,0.5025952777777778,0.019927144948211645,0.0014444444444444361,0.03367459569262458,0.5074444444444445,0.09850783324120242,0.506,0.09798488167588425,0.5007222222222223,0.01683729784631229,0.8002846218469268,0.01104374692729221,0.6675000000000001,1.1102230246251565e-16,0.6400000000000001,1.1102230246251565e-16,0.02749999999999997,0.0,,,,,,,,,,,,,,,,,,,,,,,
shokri,Cancer Risk,CANCER_RISK,1500,2,1200,300,RF,dp,0.2,30.0,,0.503528425925926,0.012118800432022127,0.004444444444444443,0.021673431992210827,0.4704444444444444,0.1652675627095366,0.4660000000000001,0.17201722566628588,0.5022222222222222,0.010836715996105408,0.8024641555065081,0.008795245444567041,0.6675000000000001,1.1102230246251565e-16,0.6666666666666669,2.220446049250313e-16,0.0008333333333333526,0.0,,,,,,,,,,,,,,,,,,,,,,,
shokri,Cancer Risk,CANCER_RISK,1500,2,1200,300,RF,dp,0.4,30.0,,0.5024833796296296,0.011698530074356962,0.0038611111111111077,0.026062143801041642,0.5756388888888889,0.14804883505697838,0.5717777777777777,0.14827835019247573,0.5019305555555555,0.013031071900520828,0.8011563329105329,0.008011716393310834,0.6883333333333331,2.220446049250313e-16,0.6866666666666669,2.220446049250313e-16,0.0016666666666667052,0.0,,,,,,,,,,,,,,,,,,,,,,,
shokri,Cancer Risk,CANCER_RISK,1500,2,1200,300,RF,dp,0.8,30.0,,0.5017524074074075,0.013696478142008361,0.0029722222222222207,0.026135936779806173,0.5326388888888888,0.1303668405588014,0.5296666666666667,0.13191285001848757,0.501486111111111,0.013067968389903078,0.800970456729185,0.008551140770671197,0.7158333333333331,2.220446049250313e-16,0.7333333333333335,2.220446049250313e-16,-0.01749999999999996,0.0,,,,,,,,,,,,,,,,,,,,,,,
shokri,Cancer Risk,CANCER_RISK,1500,2,1200,300,RF,dp,1.0,30.0,,0.5006869907407407,0.010478564303450153,0.0009722222222222252,0.026828573882023792,0.5331944444444445,0.12604876395689776,0.5322222222222223,0.1199485486406053,0.5004861111111112,0.013414286941011893,0.7996598702745926,0.009272612313480064,0.7124999999999998,2.220446049250313e-16,0.7100000000000002,2.220446049250313e-16,0.0025000000000000577,0.0,,,,,,,,,,,,,,,,,,,,,,,
shokri,Cancer Risk,CANCER_RISK,1500,2,1200,300,RF,dp,2.0,30.0,,0.5011776851851852,0.010789668012483806,0.005611111111111122,0.018226879486145434,0.5243888888888889,0.14504595908508994,0.5187777777777778,0.14798018719568218,0.5028055555555555,0.00911343974307273,0.8022347174419637,0.0069526525082413216,0.7216666666666669,2.220446049250313e-16,0.7233333333333332,2.220446049250313e-16,-0.0016666666666667052,0.0,,,,,,,,,,,,,,,,,,,,,,,
shokri,Cancer Risk,CANCER_RISK,1500,2,1200,300,RF,dp,4.0,30.0,,0.503894212962963,0.012180958833875476,0.014361111111111104,0.022786939214502512,0.5216944444444443,0.1341282697529256,0.5073333333333333,0.1362769511230986,0.5071805555555556,0.011393469607251258,0.8048978344058424,0.008356201483630133,0.7349999999999999,1.1102230246251565e-16,0.7266666666666667,0.0,0.008333333333333304,0.0,,,,,,,,,,,,,,,,,,,,,,,
shokri,Cancer Risk,CANCER_RISK,1500,2,1200,300,RF,dp,8.0,30.0,,0.501627037037037,0.011910349706681984,0.00822222222222223,0.026238518947212124,0.538888888888889,0.12347970543502679,0.5306666666666665,0.12707070064717108,0.5041111111111111,0.013119259473606062,0.8027746415195481,0.008660757264465314,0.7349999999999999,1.1102230246251565e-16,0.7266666666666667,0.0,0.008333333333333304,0.0,,,,,,,,,,,,,,,,,,,,,,,
shokri,Cancer Risk,CANCER_RISK,1500,2,1200,300,RF,dp,10.0,30.0,,0.501627037037037,0.011910349706681984,0.00822222222222223,0.026238518947212124,0.538888888888889,0.12347970543502679,0.5306666666666665,0.12707070064717108,0.5041111111111111,0.013119259473606062,0.8027746415195481,0.008660757264465314,0.7349999999999999,1.1102230246251565e-16,0.7266666666666667,0.0,0.008333333333333304,0.0,,,,,,,,,,,,,,,,,,,,,,,
shokri,Cancer Risk,CANCER_RISK,1500,2,1200,300,GNB,standard,,30.0,,0.49587004629629633,0.014768104057881648,-0.002499999999999991,0.02890517703213837,0.4875,0.022462932429523384,0.49,0.0325007122429078,0.49875,0.014452588516069178,0.7991867068978796,0.00938993962186769,0.8299999999999996,3.3306690738754696e-16,0.8299999999999996,3.3306690738754696e-16,0.0,0.0,,,,,,,,,,,,,,,,,,,,,,,
shokri,Cancer Risk,CANCER_RISK,1500,2,1200,300,GNB,dp,0.1,30.0,,0.5001376851851852,0.017726491937961438,-0.0028055555555555594,0.029326927436052794,0.4925277777777778,0.050810779756919416,0.49533333333333335,0.05497878378671783,0.49859722222222225,0.014663463718026397,0.7990579159148853,0.009520589890441624,0.6766666666666664,2.220446049250313e-16,0.6900000000000002,2.220446049250313e-16,-0.013333333333333308,0.0,,,,,,,,,,,,,,,,,,,,,,,
shokri,Cancer Risk,CANCER_RISK,1500,2,1200,300,GNB,dp,0.2,30.0,,0.4973488425925926,0.020458323716032446,-0.0018611111111111079,0.029533160374880213,0.4961388888888889,0.02912654648042818,0.498,0.04306412101179493,0.4990694444444445,0.01476658018744011,0.7995541450450528,0.00939938626159517,0.49333333333333346,1.1102230246251565e-16,0.5399999999999998,2.220446049250313e-16,-0.046666666666666676,1.3877787807814457e-17,,,,,,,,,,,,,,,,,,,,,,,
shokri,Cancer Risk,CANCER_RISK,1500,2,1200,300,GNB,dp,0.4,30.0,,0.5027752314814814,0.01722747798419438,0.004611111111111112,0.028319223065997566,0.49572222222222234,0.03486132138050796,0.49111111111111116,0.042175412648826155,0.5023055555555556,0.014159611532998783,0.801523879440183,0.009016128550340799,0.7225,0.0,0.7300000000000001,1.1102230246251565e-16,-0.007499999999999951,0.0,,,,,,,,,,,,,,,,,,,,,,,
shokri,Cancer Risk,CANCER_RISK,1500,2,1200,300,GNB,dp,0.8,30.0,,0.5014419444444446,0.01816189819623861,0.002888888888888891,0.03455452838773474,0.5014444444444444,0.02586461666179742,0.4985555555555556,0.03570126394000051,0.5014444444444445,0.017277264193867364,0.8008928366520675,0.011000968514901408,0.8133333333333331,2.220446049250313e-16,0.8233333333333336,2.220446049250313e-16,-0.010000000000000009,0.0,,,,,,,,,,,,,,,,,,,,,,,
shokri,Cancer Risk,CANCER_RISK,1500,2,1200,300,GNB,dp,1.0,30.0,,0.4993707870370371,0.019255617347799396,0.002166666666666665,0.03592082342535532,0.5086111111111111,0.01925743403031928,0.5064444444444445,0.03751477075354931,0.5010833333333333,0.017960411712677656,0.8007642099029483,0.011393565019889881,0.7016666666666669,2.220446049250313e-16,0.7100000000000002,2.220446049250313e-16,-0.008333333333333304,0.0,,,,,,,,,,,,,,,,,,,,,,,
shokri,Cancer Risk,CANCER_RISK,1500,2,1200,300,GNB,dp,2.0,30.0,,0.500317175925926,0.019659911666484363,-0.0026388888888888963,0.03233582703251216,0.5118055555555555,0.043254781010275765,0.5144444444444445,0.05444217682352489,0.49868055555555557,0.016167913516256075,0.799330116390532,0.00999100800747134,0.7958333333333335,2.220446049250313e-16,0.7800000000000001,1.1102230246251565e-16,0.015833333333333255,0.0,,,,,,,,,,,,,,,,,,,,,,,
shokri,Cancer Risk,CANCER_RISK,1500,2,1200,300,GNB,dp,4.0,30.0,,0.49924939814814817,0.019714076756509286,-0.0028611111111111085,0.030200474712154878,0.4999166666666667,0.021893418172118755,0.5027777777777778,0.033456254836044044,0.4985694444444445,0.015100237356077453,0.7991115611459817,0.009809369838286792,0.8324999999999999,1.1102230246251565e-16,0.84,0.0,-0.007499999999999951,0.0,,,,,,,,,,,,,,,,,,,,,,,
shokri,Cancer Risk,CANCER_RISK,1500,2,1200,300,GNB,dp,8.0,30.0,,0.4993239814814815,0.01754964232461389,-0.001111111111111122,0.029560306635673817,0.4953333333333333,0.04471649376700743,0.4964444444444444,0.04009186980787199,0.4994444444444444,0.014780153317836916,0.799332449793965,0.009902691817672485,0.8049999999999999,1.1102230246251565e-16,0.8066666666666663,3.3306690738754696e-16,-0.0016666666666665941,0.0,,,,,,,,,,,,,,,,,,,,,,,
shokri,Cancer Risk,CANCER_RISK,1500,2,1200,300,GNB,dp,10.0,30.0,,0.4945208796296297,0.01788148608719763,-0.013250000000000008,0.03342650173916677,0.48375,0.028151993219348113,0.497,0.036182152342669555,0.493375,0.016713250869583373,0.7955622332667729,0.011014047534094714,0.8183333333333337,3.3306690738754696e-16,0.8233333333333336,2.220446049250313e-16,-0.0050000000000000044,0.0,,,,,,,,,,,,,,,,,,,,,,,
shokri,Cancer Risk,CANCER_RISK,1500,2,1200,300,SVM,standard,,30.0,,0.5228964351851852,0.01570779183205302,0.024000000000000004,0.02962059468730548,0.4580000000000001,0.02149784657605053,0.434,0.020698899595013368,0.512,0.014810297343652735,0.8082648013756412,0.010364521884167114,0.8908333333333334,0.0,0.8833333333333332,1.1102230246251565e-16,0.007500000000000062,0.0,,,,,,,,,,,,,,,,,,,,,,,
shokri,Cancer Risk,CANCER_RISK,1500,2,1200,300,SVM,dp,0.1,30.0,,0.4977606481481481,0.018568229881237935,-0.005527777777777782,0.02851370961138639,0.4933611111111111,0.032252966654630254,0.49888888888888894,0.04001234377440277,0.49723611111111116,0.014256854805693194,0.7982334978285284,0.009534543473882816,0.7100000000000002,2.220446049250313e-16,0.7266666666666667,0.0,-0.01666666666666672,0.0,,,,,,,,,,,,,,,,,,,,,,,
shokri,Cancer Risk,CANCER_RISK,1500,2,1200,300,SVM,dp,0.2,30.0,,0.49791342592592597,0.018344946410754206,-0.0006388888888888851,0.030351858913519162,0.4486944444444445,0.15068895535317808,0.44933333333333336,0.16889049706836676,0.4996805555555556,0.015175929456759583,0.8022432422856369,0.012413375843384011,0.6608333333333333,1.1102230246251565e-16,0.7100000000000002,2.220446049250313e-16,-0.04916666666666658,0.0,,,,,,,,,,,,,,,,,,,,,,,
shokri,Cancer Risk,CANCER_RISK,1500,2,1200,300,SVM,dp,0.4,30.0,,0.500274351851852,0.01719991857280667,-0.001972222222222214,0.03344874695469931,0.4998055555555556,0.021557076836352256,0.5017777777777778,0.02873549016567715,0.4990138888888889,0.016724373477349654,0.7992633376589745,0.010956507838660581,0.8249999999999997,2.220446049250313e-16,0.8133333333333331,2.220446049250313e-16,0.011666666666666603,0.0,,,,,,,,,,,,,,,,,,,,,,,
shokri,Cancer Risk,CANCER_RISK,1500,2,1200,300,SVM,dp,0.8,30.0,,0.5010805555555555,0.019332521468160137,0.0006388888888888814,0.03394418303227218,0.4999722222222222,0.022023223572928873,0.4993333333333333,0.031321510771944526,0.5003194444444444,0.016972091516136094,0.8001326685909631,0.011077518633344828,0.8441666666666665,1.1102230246251565e-16,0.8433333333333335,1.1102230246251565e-16,0.0008333333333332416,0.0,,,,,,,,,,,,,,,,,,,,,,,
shokri,Cancer Risk,CANCER_RISK,1500,2,1200,300,SVM,dp,1.0,30.0,,0.5071139351851851,0.017504502821214834,0.009694444444444448,0.03236831107315293,0.5305833333333333,0.03366030605481335,0.5208888888888888,0.04586561152963792,0.5048472222222223,0.016184155536576466,0.8030304024063796,0.00964762588107047,0.8458333333333337,3.3306690738754696e-16,0.8433333333333335,1.1102230246251565e-16,0.0024999999999999467,0.0,,,,,,,,,,,,,,,,,,,,,,,
shokri,Cancer Risk,CANCER_RISK,1500,2,1200,300,SVM,dp,2.0,30.0,,0.4963188888888889,0.017231212336196868,-0.008166666666666664,0.0300735210220996,0.4963888888888888,0.020618147945229166,0.5045555555555555,0.026935909301089935,0.4959166666666667,0.015036760511049801,0.7972956518462888,0.009683272260472218,0.8449999999999999,1.1102230246251565e-16,0.8466666666666669,2.220446049250313e-16,-0.0016666666666667052,0.0,,,,,,,,,,,,,,,,,,,,,,,
shokri,Cancer Risk,CANCER_RISK,1500,2,1200,300,SVM,dp,4.0,30.0,,0.49529101851851853,0.018374481994648823,-0.00813888888888889,0.03013986173545093,0.4880833333333333,0.032082900429979834,0.4962222222222222,0.04814125306754676,0.4959305555555556,0.015069930867725453,0.7975830045246132,0.009902776601911877,0.8425000000000001,1.1102230246251565e-16,0.8500000000000002,2.220446049250313e-16,-0.007499999999999951,0.0,,,,,,,,,,,,,,,,,,,,,,,
shokri,Cancer Risk,CANCER_RISK,1500,2,1200,300,SVM,dp,8.0,30.0,,0.49961064814814804,0.015016735118973156,-0.003083333333333327,0.028045226371384877,0.4759166666666666,0.038642682935381756,0.47900000000000004,0.03976924179051685,0.49845833333333334,0.014022613185692426,0.7988102560448365,0.009810630822577729,0.8416666666666663,3.3306690738754696e-16,0.8500000000000002,2.220446049250313e-16,-0.008333333333333304,0.0,,,,,,,,,,,,,,,,,,,,,,,
shokri,Cancer Risk,CANCER_RISK,1500,2,1200,300,SVM,dp,10.0,30.0,,0.5065609722222222,0.01938773648261952,0.0035277777777777777,0.035086324320466905,0.47119444444444447,0.03414069699578532,0.4676666666666666,0.033995097685793854,0.5017638888888888,0.017543162160233456,0.8009427938830833,0.012025364231212848,0.8416666666666663,3.3306690738754696e-16,0.8500000000000002,2.220446049250313e-16,-0.008333333333333304,0.0,,,,,,,,,,,,,,,,,,,,,,,
shokri,Cancer Risk,CANCER_RISK,1500,2,1200,300,DNN,standard,,5.0,,0.5041580555555556,0.007960175780520818,0.009666666666666667,0.014931324269616695,0.48633333333333334,0.0262815947427515,0.47666666666666657,0.018012341448141733,0.5048333333333332,0.007465662134808357,0.8030159635876322,0.005091796633378156,0.9033333333333333,0.0,0.89,0.0,0.013333333333333308,0.0,,,,,,,,,,,,,,,,,,,,,,,
shokri,Cancer Risk,CANCER_RISK,1500,2,1200,300,DNN,dp,0.1,5.0,,0.5036138888888889,0.013677305084800738,0.0023333333333333344,0.01593737745050923,0.17766666666666667,0.11075799444434399,0.17533333333333334,0.11060640929791446,0.5011666666666666,0.007968688725254618,0.8018883491699166,0.01757254211645029,0.5666666666666667,0.0,0.59,0.0,-0.023333333333333317,0.0,,,,,,,,,,,,,,,,,,,,,,,
shokri,Cancer Risk,CANCER_RISK,1500,2,1200,300,DNN,dp,0.2,5.0,,0.48997833333333335,0.014690966864281228,-0.0055,0.03980019542107243,0.41583333333333333,0.1128039104917122,0.4213333333333333,0.0769877335106776,0.49725,0.019900097710536212,0.7933552347742432,0.018782142044861175,0.6766666666666666,0.0,0.67,0.0,0.006666666666666599,0.0,,,,,,,,,,,,,,,,,,,,,,,
shokri,Cancer Risk,CANCER_RISK,1500,2,1200,300,DNN,dp,0.4,5.0,,0.49921944444444444,0.0031072778964756,-0.001000000000000012,0.010211649121360251,0.2743333333333333,0.09664856152289307,0.2753333333333333,0.09653093919683069,0.4995,0.005105824560680156,0.7984714614818035,0.008434429374048601,0.6291666666666667,0.0,0.6366666666666667,0.0,-0.007500000000000062,0.0,,,,,,,,,,,,,,,,,,,,,,,
shokri,Cancer Risk,CANCER_RISK,1500,2,1200,300,DNN,dp,0.8,5.0,,0.49577027777777777,0.005668925584619246,-0.0125,0.01576740660702042,0.1635,0.10942450466975952,0.176,0.1244257922529641,0.49375,0.007883703303510224,0.7921722895397709,0.012387933453190402,0.6283333333333333,0.0,0.63,0.0,-0.0016666666666667052,0.0,,,,,,,,,,,,,,,,,,,,,,,
shokri,Cancer Risk,CANCER_RISK,1500,2,1200,300,DNN,dp,1.0,5.0,,0.49198472222222217,0.018285092170372358,-0.013000000000000001,0.02684627017338204,0.23033333333333336,0.05832523753344973,0.24333333333333332,0.051682793182171484,0.49349999999999994,0.013423135086691027,0.7871486315373566,0.024325265777520234,0.6291666666666667,0.0,0.63,0.0,-0.0008333333333333526,0.0,,,,,,,,,,,,,,,,,,,,,,,
shokri,Cancer Risk,CANCER_RISK,1500,2,1200,300,DNN,dp,2.0,5.0,,0.48850305555555557,0.00721060253299886,-0.0225,0.014404860290887929,0.38016666666666665,0.08521443539682698,0.4026666666666666,0.07721254935421946,0.4887499999999999,0.007202430145443971,0.7891758276839365,0.009548968062133385,0.6616666666666666,0.0,0.6633333333333333,0.0,-0.0016666666666667052,0.0,,,,,,,,,,,,,,,,,,,,,,,
shokri,Cancer Risk,CANCER_RISK,1500,2,1200,300,DNN,dp,4.0,5.0,,0.5007647222222222,0.003807010832855784,-0.011666666666666669,0.00912870929175276,0.3263333333333333,0.01550627113281734,0.338,0.014996295838935986,0.49416666666666664,0.004564354645876375,0.794261723751108,0.004539858933215762,0.7375,0.0,0.7366666666666667,0.0,0.0008333333333333526,0.0,,,,,,,,,,,,,,,,,,,,,,,
shokri,Cancer Risk,CANCER_RISK,1500,2,1200,300,DNN,dp,8.0,5.0,,0.5007519444444444,0.01157816386778936,0.005500000000000005,0.011614167593456232,0.36483333333333334,0.009521904571390485,0.35933333333333334,0.013564659966250529,0.50275,0.005807083796728109,0.8024291386535316,0.0051597188239611794,0.8108333333333333,0.0,0.8233333333333335,1.1102230246251565e-16,-0.012500000000000067,0.0,,,,,,,,,,,,,,,,,,,,,,,
shokri,Cancer Risk,CANCER_RISK,1500,2,1200,300,DNN,dp,10.0,5.0,,0.48770444444444444,0.010691404091634436,-0.03266666666666666,0.01734775041451902,0.3853333333333333,0.01493132426961669,0.418,0.01961858529274955,0.4836666666666667,0.008673875207259499,0.7866383835674168,0.007167343348243864,0.8225,0.0,0.8299999999999998,1.1102230246251565e-16,-0.007499999999999951,0.0,,,,,,,,,,,,,,,,,,,,,,,
shokri,Gallstone,GALLSTONE,319,2,255,64,LR,standard,,30.0,,0.48667483660130717,0.02994984017874284,-0.021848447712418295,0.05555246700162589,0.2734640522875817,0.0555418668256788,0.2953125,0.07152883123550019,0.4890757761437908,0.027776233500812948,0.7864032050909967,0.033109262207069584,0.7411764705882355,2.220446049250313e-16,0.765625,0.0,-0.024448529411764675,0.0,,,,,,,,,,,,,,,,,,,,,,,
shokri,Gallstone,GALLSTONE,319,2,255,64,LR,dp,0.1,30.0,,0.4879289215686275,0.04679020161024679,-0.02776960784313725,0.07156359695869231,0.4909803921568628,0.04696504817789958,0.51875,0.06497695905729456,0.4861151960784314,0.03578179847934614,0.7900565685291061,0.02398739994571429,0.42352941176470593,5.551115123125783e-17,0.484375,0.0,-0.06084558823529411,1.3877787807814457e-17,,,,,,,,,,,,,,,,,,,,,,,
shokri,Gallstone,GALLSTONE,319,2,255,64,LR,dp,0.2,30.0,,0.505204248366013,0.038126415082488624,-0.001002859477124185,0.056801500296413086,0.5099346405228757,0.03638803409897887,0.5109375,0.06133683258247037,0.499498570261438,0.028400750148206536,0.7991848610154039,0.01757812338045475,0.41960784313725497,5.551115123125783e-17,0.484375,0.0,-0.06476715686274508,1.3877787807814457e-17,,,,,,,,,,,,,,,,,,,,,,,
shokri,Gallstone,GALLSTONE,319,2,255,64,LR,dp,0.4,30.0,,0.5095322712418301,0.035796635346657044,0.015531045751633983,0.06168052723559071,0.5092810457516339,0.03536279930752611,0.49375,0.05391568456086472,0.507765522875817,0.03084026361779535,0.8040927226081576,0.01946832402594562,0.4352941176470589,5.551115123125783e-17,0.5,0.0,-0.06470588235294117,0.0,,,,,,,,,,,,,,,,,,,,,,,
shokri,Gallstone,GALLSTONE,319,2,255,64,LR,dp,0.8,30.0,,0.5086192810457517,0.024902998254607196,0.014364787581699347,0.03765548273831745,0.5440522875816993,0.14295514723529387,0.5296875,0.12443557465445053,0.5071823937908497,0.018827741369158723,0.802283190365718,0.0110930046715487,0.4745098039215686,0.0,0.4375,0.0,0.037009803921568614,6.938893903907228e-18,,,,,,,,,,,,,,,,,,,,,,,
shokri,Gallstone,GALLSTONE,319,2,255,64,LR,dp,1.0,30.0,,0.49632659313725486,0.0364767696818445,0.006231617647058828,0.054288586685264234,0.49529411764705883,0.0566948162662586,0.4890625,0.08338052049439766,0.5031158088235294,0.02714429334263212,0.8021621424763453,0.01802957586185694,0.4549019607843138,5.551115123125783e-17,0.515625,0.0,-0.060723039215686295,1.3877787807814457e-17,,,,,,,,,,,,,,,,,,,,,,,
shokri,Gallstone,GALLSTONE,319,2,255,64,LR,dp,2.0,30.0,,0.5115104166666666,0.03313214995193177,0.00623161764705882,0.058394998228399685,0.5286274509803921,0.03604715893886449,0.5223958333333333,0.06006768823701216,0.5031158088235295,0.02919749911419984,0.8013333777070558,0.01793961668329663,0.5294117647058824,0.0,0.484375,0.0,0.04503676470588234,2.0816681711721685e-17,,,,,,,,,,,,,,,,,,,,,,,
shokri,Gallstone,GALLSTONE,319,2,255,64,LR,dp,4.0,30.0,,0.5069485294117647,0.04109359319305436,0.01283700980392157,0.07553179483349655,0.5196078431372549,0.03725490196078432,0.5067708333333333,0.07500904170035473,0.5064185049019608,0.03776589741674826,0.8036122448321408,0.023433280436024367,0.5725490196078432,1.1102230246251565e-16,0.609375,0.0,-0.0368259803921569,0.0,,,,,,,,,,,,,,,,,,,,,,,
shokri,Gallstone,GALLSTONE,319,2,255,64,LR,dp,8.0,30.0,,0.4986672794117647,0.03812029345389383,-0.0019240196078431433,0.06544939484758948,0.5074509803921569,0.04315626437953961,0.509375,0.07839536550927824,0.4990379901960784,0.032724697423794746,0.7994101709282259,0.02167812908733737,0.607843137254902,1.1102230246251565e-16,0.640625,0.0,-0.03278186274509809,0.0,,,,,,,,,,,,,,,,,,,,,,,
shokri,Gallstone,GALLSTONE,319,2,255,64,LR,dp,10.0,30.0,,0.48797998366013073,0.045979264431117293,-0.019183006535947723,0.06655886277051848,0.4891503267973857,0.03211432438036192,0.5083333333333333,0.0696126435275151,0.4904084967320261,0.03327943138525923,0.7934776665015477,0.02084853605623602,0.6352941176470589,1.1102230246251565e-16,0.65625,0.0,-0.020955882352941213,0.0,,,,,,,,,,,,,,,,,,,,,,,
shokri,Gallstone,GALLSTONE,319,2,255,64,RF,standard,,30.0,,0.581342933006536,0.02863086192964181,0.10453635620915032,0.05491886676230586,0.5946405228758171,0.039130408367225866,0.4901041666666667,0.04998100767763914,0.5522681781045752,0.027459433381152924,0.8285108349552188,0.015237551344134062,0.9137254901960785,1.1102230246251565e-16,0.828125,0.0,0.08560049019607838,2.7755575615628914e-17,,,,,,,,,,,,,,,,,,,,,,,
shokri,Gallstone,GALLSTONE,319,2,255,64,RF,dp,0.1,30.0,,0.49999387254901956,0.029381626247239855,0.0002736928104575135,0.05469972374723121,0.5367320261437908,0.11996724459326429,0.5364583333333334,0.1280445207947437,0.5001368464052288,0.027349861873615613,0.7996013555528856,0.016643713839443845,0.5098039215686274,0.0,0.484375,0.0,0.025428921568627416,0.0,,,,,,,,,,,,,,,,,,,,,,,
shokri,Gallstone,GALLSTONE,319,2,255,64,RF,dp,0.2,30.0,,0.49588235294117644,0.0366786827207796,-0.006382761437908498,0.06325584244623804,0.4660130718954249,0.11005612182370228,0.47239583333333335,0.11704389349074228,0.4968086192810457,0.03162792122311903,0.7960107112707123,0.026553065605530116,0.5254901960784314,0.0,0.5,0.0,0.025490196078431393,0.0,,,,,,,,,,,,,,,,,,,,,,,
shokri,Gallstone,GALLSTONE,319,2,255,64,RF,dp,0.4,30.0,,0.5078349673202615,0.023894667863323164,0.0077716503267973875,0.03554102599673336,0.48954248366013076,0.1316272366203455,0.4817708333333333,0.1261718078130196,0.5038858251633987,0.017770512998366683,0.8014462532063246,0.014013023793473365,0.5019607843137255,0.0,0.484375,0.0,0.017585784313725483,0.0,,,,,,,,,,,,,,,,,,,,,,,
shokri,Gallstone,GALLSTONE,319,2,255,64,RF,dp,0.8,30.0,,0.4899744689542483,0.04670705172566892,-0.01865808823529412,0.08084521879476113,0.5235294117647059,0.10685464981030202,0.5421875,0.1216444132759495,0.49067095588235304,0.040422609397380564,0.7929619940763437,0.027840364954123693,0.5372549019607843,0.0,0.5,0.0,0.037254901960784285,6.938893903907228e-18,,,,,,,,,,,,,,,,,,,,,,,
shokri,Gallstone,GALLSTONE,319,2,255,64,RF,dp,1.0,30.0,,0.4938899101307189,0.026107657021851277,-0.020167483660130717,0.06153689071328209,0.5037908496732026,0.06614740748075701,0.5239583333333333,0.09415998316989845,0.48991625816993467,0.03076844535664104,0.7936182435461799,0.019444845224670663,0.5411764705882353,0.0,0.59375,0.0,-0.05257352941176476,2.0816681711721685e-17,,,,,,,,,,,,,,,,,,,,,,,
shokri,Gallstone,GALLSTONE,319,2,255,64,RF,dp,2.0,30.0,,0.48578431372549014,0.05171185042538016,-0.030310457516339866,0.1075058173042301,0.5071895424836602,0.07945304072671536,0.5375,0.1228725203208594,0.4848447712418301,0.053752908652115045,0.7905874148853397,0.03508827552858376,0.5686274509803921,0.0,0.546875,0.0,0.021752450980392135,0.0,,,,,,,,,,,,,,,,,,,,,,,
shokri,Gallstone,GALLSTONE,319,2,255,64,RF,dp,4.0,30.0,,0.4985702614379085,0.04427475015842854,-0.005563725490196083,0.08159137943612131,0.5090196078431373,0.1020180834472492,0.5145833333333333,0.13793334491300097,0.497218137254902,0.040795689718060656,0.799278207411826,0.02642683307487876,0.5686274509803921,0.0,0.578125,0.0,-0.009497549019607865,0.0,,,,,,,,,,,,,,,,,,,,,,,
shokri,Gallstone,GALLSTONE,319,2,255,64,RF,dp,8.0,30.0,,0.48573529411764704,0.02904926713643797,-0.047526552287581715,0.05617684905983611,0.4998692810457516,0.11211724394321719,0.5473958333333333,0.12931883677615913,0.4762367238562092,0.02808842452991805,0.7842528646194382,0.01776260382018586,0.5686274509803921,0.0,0.546875,0.0,0.021752450980392135,0.0,,,,,,,,,,,,,,,,,,,,,,,
shokri,Gallstone,GALLSTONE,319,2,255,64,RF,dp,10.0,30.0,,0.4844955065359476,0.029776569522862662,-0.04489379084967322,0.05815125596851131,0.5071895424836601,0.10525757734700866,0.5520833333333334,0.125151817527975,0.4775531045751635,0.029075627984255663,0.785592007457377,0.018505016705350628,0.5686274509803921,0.0,0.546875,0.0,0.021752450980392135,0.0,,,,,,,,,,,,,,,,,,,,,,,
shokri,Gallstone,GALLSTONE,319,2,255,64,GNB,standard,,30.0,,0.5102563316993464,0.019068833016357915,0.017165032679738557,0.03073352820351791,0.4942483660130719,0.19052658658478938,0.47708333333333336,0.18420425238637197,0.5085825163398693,0.015366764101758955,0.8061561353127134,0.013464831432897888,0.5764705882352942,1.1102230246251565e-16,0.546875,0.0,0.029595588235294068,0.0,,,,,,,,,,,,,,,,,,,,,,,
shokri,Gallstone,GALLSTONE,319,2,255,64,GNB,dp,0.1,30.0,,0.5107587826797385,0.04060304513400077,0.017040441176470588,0.06683650464691998,0.49568627450980396,0.04626343060013218,0.4786458333333333,0.06397775560150228,0.5085202205882353,0.03341825232345999,0.8047328741633704,0.022202278800790152,0.5137254901960784,0.0,0.53125,0.0,-0.017524509803921617,0.0,,,,,,,,,,,,,,,,,,,,,,,
shokri,Gallstone,GALLSTONE,319,2,255,64,GNB,dp,0.2,30.0,,0.5093831699346405,0.039554067677616496,0.022457107843137255,0.0730181259682239,0.515686274509804,0.07897686123825784,0.49322916666666666,0.10679115660237144,0.5112285539215686,0.03650906298411195,0.8070625439207793,0.024106698802338934,0.48627450980392156,0.0,0.5,0.0,-0.013725490196078438,0.0,,,,,,,,,,,,,,,,,,,,,,,
shokri,Gallstone,GALLSTONE,319,2,255,64,GNB,dp,0.4,30.0,,0.5016676879084966,0.035154731617193534,0.011597222222222228,0.058633321830772044,0.5022222222222222,0.042126401316725556,0.490625,0.05627892774683375,0.5057986111111111,0.029316660915386022,0.802866919930287,0.01838324113558814,0.4549019607843138,5.551115123125783e-17,0.46875,0.0,-0.01384803921568628,0.0,,,,,,,,,,,,,,,,,,,,,,,
shokri,Gallstone,GALLSTONE,319,2,255,64,GNB,dp,0.8,30.0,,0.49347324346405225,0.04105052731076671,-0.012216094771241836,0.07569006915375774,0.5060130718954248,0.027867674603297855,0.5182291666666666,0.07329699916644307,0.49389195261437907,0.03784503457687888,0.7958604199587219,0.024031457403502363,0.4313725490196079,5.551115123125783e-17,0.453125,0.0,-0.021752450980392135,0.0,,,,,,,,,,,,,,,,,,,,,,,
shokri,Gallstone,GALLSTONE,319,2,255,64,GNB,dp,1.0,30.0,,0.500830269607843,0.03554633668199349,0.015912990196078426,0.05725087051481786,0.4737254901960784,0.06670817623518405,0.4578125,0.07761814751020966,0.5079564950980392,0.028625435257408925,0.804780677282925,0.020327836703075447,0.5137254901960784,0.0,0.515625,0.0,-0.0018995098039216174,0.0,,,,,,,,,,,,,,,,,,,,,,,
shokri,Gallstone,GALLSTONE,319,2,255,64,GNB,dp,2.0,30.0,,0.506437908496732,0.03797459565749712,0.006123366013071885,0.0704887091782025,0.5009150326797386,0.0422721734513103,0.4947916666666667,0.06546773484362779,0.503061683006536,0.035244354589101246,0.8011836454745243,0.023174900769490563,0.5215686274509804,0.0,0.515625,0.0,0.0059436274509804266,0.0,,,,,,,,,,,,,,,,,,,,,,,
shokri,Gallstone,GALLSTONE,319,2,255,64,GNB,dp,4.0,30.0,,0.4880484068627452,0.049994472567238164,-0.009021650326797383,0.0844928384134479,0.49045751633986934,0.052680873826136454,0.49947916666666664,0.07649160549894056,0.49548917483660126,0.042246419206723944,0.7957849412235783,0.028015062793147655,0.5254901960784314,0.0,0.53125,0.0,-0.005759803921568607,0.0,,,,,,,,,,,,,,,,,,,,,,,
shokri,Gallstone,GALLSTONE,319,2,255,64,GNB,dp,8.0,30.0,,0.49788398692810454,0.0322038842372757,0.0026511437908496695,0.05440349738587728,0.5120261437908497,0.04610896869718975,0.509375,0.06046154942054771,0.5013255718954249,0.027201748692938628,0.8000290353538049,0.017569073811459775,0.5568627450980392,0.0,0.46875,0.0,0.0881127450980392,4.163336342344337e-17,,,,,,,,,,,,,,,,,,,,,,,
shokri,Gallstone,GALLSTONE,319,2,255,64,GNB,dp,10.0,30.0,,0.5028931781045752,0.04043079071939576,0.013980800653594774,0.06560651794229207,0.5124183006535947,0.03367884497849981,0.4984375,0.05947770722085712,0.5069904003267973,0.03280325897114603,0.80373874570239,0.02093540673905172,0.5764705882352942,1.1102230246251565e-16,0.578125,0.0,-0.001654411764705932,0.0,,,,,,,,,,,,,,,,,,,,,,,
shokri,Gallstone,GALLSTONE,319,2,255,64,SVM,standard,,30.0,,0.5390594362745098,0.0062493859732178055,0.0863827614379085,0.03707010505978276,0.21398692810457517,0.028363603403568874,0.12760416666666666,0.042136028271210164,0.5431913807189542,0.018535052529891384,0.8717217766616999,0.034665267944450295,0.831372549019608,1.1102230246251565e-16,0.78125,0.0,0.05012254901960791,2.0816681711721685e-17,,,,,,,,,,,,,,,,,,,,,,,
shokri,Gallstone,GALLSTONE,319,2,255,64,SVM,dp,0.1,30.0,,0.5,0.002941176470588225,0.000588235294117645,0.00554940066591563,0.483921568627451,0.15739322067074663,0.48333333333333334,0.15723301886761007,0.5002941176470588,0.0027747003329578147,0.7462542278096524,0.19945276886474483,0.5058823529411764,0.0,0.5,0.0,0.00588235294117645,0.0,,,,,,,,,,,,,,,,,,,,,,,
shokri,Gallstone,GALLSTONE,319,2,255,64,SVM,dp,0.2,30.0,,0.4866493055555556,0.03642270263092697,-0.019319852941176472,0.07345291014514463,0.4874509803921569,0.049253299170458384,0.5067708333333333,0.08362741079816807,0.4903400735294118,0.03672645507257232,0.7934502001973477,0.024166609543606842,0.5137254901960784,0.0,0.46875,0.0,0.04497549019607838,0.0,,,,,,,,,,,,,,,,,,,,,,,
shokri,Gallstone,GALLSTONE,319,2,255,64,SVM,dp,0.4,30.0,,0.4959078839869281,0.03223656627641925,-0.0010437091503267936,0.05805781734082897,0.49947712418300655,0.026855985664205,0.5005208333333333,0.0531377639895165,0.4994781454248366,0.029028908670414473,0.7990668004799331,0.018503037047475277,0.4627450980392157,0.0,0.40625,0.0,0.05649509803921573,2.0816681711721685e-17,,,,,,,,,,,,,,,,,,,,,,,
shokri,Gallstone,GALLSTONE,319,2,255,64,SVM,dp,0.8,30.0,,0.5075500408496733,0.03552103705554937,0.001783088235294115,0.06745907107754379,0.456470588235294,0.17505781619407038,0.4546875,0.20035572206598776,0.500891544117647,0.03372953553877189,0.8031186051184117,0.027313178726032544,0.47843137254901963,0.0,0.375,0.0,0.10343137254901964,1.3877787807814457e-17,,,,,,,,,,,,,,,,,,,,,,,
shokri,Gallstone,GALLSTONE,319,2,255,64,SVM,dp,1.0,30.0,,0.5090573937908497,0.0280284453673046,0.01266748366013071,0.05018139177606897,0.5095424836601308,0.035510351887924695,0.496875,0.06646290475395529,0.5063337418300653,0.025090695888034482,0.8039430741397475,0.01622625998655661,0.4823529411764706,0.0,0.359375,0.0,0.12297794117647061,1.3877787807814457e-17,,,,,,,,,,,,,,,,,,,,,,,
shokri,Gallstone,GALLSTONE,319,2,255,64,SVM,dp,2.0,30.0,,0.5057853349673203,0.03486318861038323,0.006182598039215688,0.06900882512056367,0.516078431372549,0.03288198853181609,0.5098958333333333,0.06635056897625086,0.5030912990196078,0.03450441256028183,0.8014497948098074,0.021246875187708958,0.5647058823529412,0.0,0.46875,0.0,0.09595588235294113,4.163336342344337e-17,,,,,,,,,,,,,,,,,,,,,,,
shokri,Gallstone,GALLSTONE,319,2,255,64,SVM,dp,4.0,30.0,,0.5042238562091502,0.0461588910231761,0.002971813725490191,0.0799181388593678,0.49411764705882355,0.03850333398787004,0.49114583333333334,0.06563533318118799,0.5014859068627452,0.0399590694296839,0.7999987516477105,0.026533403966681798,0.6901960784313727,1.1102230246251565e-16,0.59375,0.0,0.09644607843137258,4.163336342344337e-17,,,,,,,,,,,,,,,,,,,,,,,
shokri,Gallstone,GALLSTONE,319,2,255,64,SVM,dp,8.0,30.0,,0.502235498366013,0.04169628378029552,-0.004291258169934642,0.07866055937311925,0.4681045751633987,0.04027947138785115,0.47239583333333335,0.07053591050053078,0.4978543709150326,0.03933027968655963,0.797770601895522,0.027647253770048657,0.6862745098039217,1.1102230246251565e-16,0.734375,0.0,-0.04810049019607843,0.0,,,,,,,,,,,,,,,,,,,,,,,
shokri,Gallstone,GALLSTONE,319,2,255,64,SVM,dp,10.0,30.0,,0.5028462009803921,0.029786626142967735,-0.007367238562091503,0.06259345322270635,0.44732026143790854,0.03551035188792471,0.4546875,0.05753027961792526,0.4963163807189542,0.03129672661135318,0.7965583251648501,0.02252339957203783,0.6823529411764707,1.1102230246251565e-16,0.75,0.0,-0.0676470588235294,0.0,,,,,,,,,,,,,,,,,,,,,,,
shokri,Gallstone,GALLSTONE,319,2,255,64,DNN,standard,,5.0,,0.5102941176470589,0.006684596887174413,-0.0057720588235294105,0.0365141667548164,0.12235294117647058,0.03869457688954984,0.128125,0.05537514108334172,0.49711397058823525,0.018257083377408206,0.8004672057502248,0.05872342659603563,0.8823529411764707,1.1102230246251565e-16,0.78125,0.0,0.10110294117647056,0.0,,,,,,,,,,,,,,,,,,,,,,,
shokri,Gallstone,GALLSTONE,319,2,255,64,DNN,dp,0.1,5.0,,0.5,0.0,0.0,0.0,0.0,0.0,0.0,0.0,0.5,0.0,0.0,0.0,0.4901960784313725,5.551115123125783e-17,0.5,0.0,-0.009803921568627472,0.0,,,,,,,,,,,,,,,,,,,,,,,
shokri,Gallstone,GALLSTONE,319,2,255,64,DNN,dp,0.2,5.0,,0.5,0.0,0.0,0.0,0.0,0.0,0.0,0.0,0.5,0.0,0.0,0.0,0.4901960784313725,5.551115123125783e-17,0.5,0.0,-0.009803921568627472,0.0,,,,,,,,,,,,,,,,,,,,,,,
shokri,Gallstone,GALLSTONE,319,2,255,64,DNN,dp,0.4,5.0,,0.5,0.0,0.0,0.0,0.0,0.0,0.0,0.0,0.5,0.0,0.0,0.0,0.49411764705882355,0.0,0.5,0.0,-0.00588235294117645,0.0,,,,,,,,,,,,,,,,,,,,,,,
shokri,Gallstone,GALLSTONE,319,2,255,64,DNN,dp,0.8,5.0,,0.5,0.0,0.0,0.0,0.0,0.0,0.0,0.0,0.5,0.0,0.0,0.0,0.49411764705882355,0.0,0.5,0.0,-0.00588235294117645,0.0,,,,,,,,,,,,,,,,,,,,,,,
shokri,Gallstone,GALLSTONE,319,2,255,64,DNN,dp,1.0,5.0,,0.5,0.0,0.0,0.0,0.0,0.0,0.0,0.0,0.5,0.0,0.0,0.0,0.49411764705882355,0.0,0.5,0.0,-0.00588235294117645,0.0,,,,,,,,,,,,,,,,,,,,,,,
shokri,Gallstone,GALLSTONE,319,2,255,64,DNN,dp,2.0,5.0,,0.5,0.0,0.0,0.0,0.0,0.0,0.0,0.0,0.5,0.0,0.0,0.0,0.49411764705882355,0.0,0.5,0.0,-0.00588235294117645,0.0,,,,,,,,,,,,,,,,,,,,,,,
shokri,Gallstone,GALLSTONE,319,2,255,64,DNN,dp,4.0,5.0,,0.5,0.0,0.0,0.0,0.0,0.0,0.0,0.0,0.5,0.0,0.0,0.0,0.6196078431372549,0.0,0.6875,0.0,-0.06789215686274508,0.0,,,,,,,,,,,,,,,,,,,,,,,
shokri,Gallstone,GALLSTONE,319,2,255,64,DNN,dp,8.0,5.0,,0.5,0.0,0.0,0.0,0.0,0.0,0.0,0.0,0.5,0.0,0.0,0.0,0.6392156862745098,0.0,0.65625,0.0,-0.017034313725490247,0.0,,,,,,,,,,,,,,,,,,,,,,,
shokri,Gallstone,GALLSTONE,319,2,255,64,DNN,dp,10.0,5.0,,0.5,0.0,0.0,0.0,0.0,0.0,0.0,0.0,0.5,0.0,0.0,0.0,0.6196078431372549,0.0,0.65625,0.0,-0.03664215686274508,0.0,,,,,,,,,,,,,,,,,,,,,,,
shokri,Kidney Stone,KIDNEY_STONE,4000,2,3200,800,LR,standard,,30.0,,0.5003273111979166,0.008680854014895411,-0.003093749999999995,0.014250673869300597,0.4830729166666667,0.015611886858567809,0.4861666666666666,0.01811402924684499,0.498453125,0.007125336934650301,0.7989625542914659,0.004764415119241231,0.925625,0.0,0.9224999999999999,1.1102230246251565e-16,0.0031250000000000444,0.0,,,,,,,,,,,,,,,,,,,,,,,
shokri,Kidney Stone,KIDNEY_STONE,4000,2,3200,800,LR,dp,0.1,30.0,,0.4977984505208333,0.01276932270046579,-0.0026979166666666757,0.020527782769977597,0.49263541666666666,0.0215814655924489,0.4953333333333333,0.025122477761735394,0.4986510416666668,0.010263891384988802,0.7990965374120066,0.006650245453473942,0.7456250000000001,1.1102230246251565e-16,0.7600000000000003,3.3306690738754696e-16,-0.014375000000000027,0.0,,,,,,,,,,,,,,,,,,,,,,,
shokri,Kidney Stone,KIDNEY_STONE,4000,2,3200,800,LR,dp,0.2,30.0,,0.49818466796875,0.009382502668810487,-0.004593750000000009,0.016528492996312958,0.5007395833333333,0.029189962794621518,0.5053333333333333,0.034021949614264545,0.49770312499999997,0.008264246498156479,0.7985713183351598,0.0053133451506841515,0.7893749999999999,1.1102230246251565e-16,0.7974999999999999,1.1102230246251565e-16,-0.008124999999999938,0.0,,,,,,,,,,,,,,,,,,,,,,,
shokri,Kidney Stone,KIDNEY_STONE,4000,2,3200,800,LR,dp,0.4,30.0,,0.4998587955729166,0.006762356843493537,-0.004197916666666675,0.013448562145624426,0.50984375,0.025749664995798165,0.5140416666666667,0.02921665359383622,0.49790104166666665,0.006724281072812217,0.7987072496785512,0.00426368263389231,0.8237500000000001,1.1102230246251565e-16,0.8287499999999999,1.1102230246251565e-16,-0.0050000000000000044,0.0,,,,,,,,,,,,,,,,,,,,,,,
shokri,Kidney Stone,KIDNEY_STONE,4000,2,3200,800,LR,dp,0.8,30.0,,0.49717872395833335,0.009306248851021435,-0.005760416666666662,0.015610343820729537,0.4739062500000001,0.11242227494427355,0.47966666666666674,0.11001275178612505,0.49711979166666664,0.007805171910364765,0.7977598936417591,0.005688709096492153,0.8128124999999999,1.1102230246251565e-16,0.8174999999999998,2.220446049250313e-16,-0.004687499999999956,0.0,,,,,,,,,,,,,,,,,,,,,,,
shokri,Kidney Stone,KIDNEY_STONE,4000,2,3200,800,LR,dp,1.0,30.0,,0.5005874479166667,0.009766045829595798,-0.0008333333333333285,0.0188513464741617,0.5098333333333334,0.032879567701267334,0.5106666666666666,0.03796343269808753,0.4995833333333333,0.009425673237080856,0.7997856939482024,0.005829556876052427,0.8487499999999998,2.220446049250313e-16,0.8462500000000002,2.220446049250313e-16,0.0025000000000000577,0.0,,,,,,,,,,,,,,,,,,,,,,,
shokri,Kidney Stone,KIDNEY_STONE,4000,2,3200,800,LR,dp,2.0,30.0,,0.5021886653645834,0.010691416839648131,0.0035104166666666734,0.020985747168051683,0.5195520833333334,0.04681521766514305,0.5160416666666667,0.043220707003575144,0.5017552083333333,0.010492873584025841,0.8009077969008539,0.0064923498595721605,0.9162500000000003,3.3306690738754696e-16,0.9200000000000004,3.3306690738754696e-16,-0.003750000000000031,0.0,,,,,,,,,,,,,,,,,,,,,,,
shokri,Kidney Stone,KIDNEY_STONE,4000,2,3200,800,LR,dp,4.0,30.0,,0.49574447265625,0.01149175933366962,-0.007249999999999992,0.017376311401349463,0.510375,0.01925186002918507,0.517625,0.023726633241992014,0.49637500000000007,0.008688155700674752,0.7977372472532999,0.0053181391891988965,0.9224999999999999,1.1102230246251565e-16,0.9250000000000003,2.220446049250313e-16,-0.0025000000000000577,0.0,,,,,,,,,,,,,,,,,,,,,,,
shokri,Kidney Stone,KIDNEY_STONE,4000,2,3200,800,LR,dp,8.0,30.0,,0.5005173763020834,0.011790851433400572,0.0045520833333333255,0.017449458887065488,0.5056770833333333,0.013983128630057086,0.501125,0.020364772484202546,0.5022760416666665,0.008724729443532732,0.8014561981300441,0.005529168328326575,0.9259375,0.0,0.9250000000000003,2.220446049250313e-16,0.0009374999999999245,0.0,,,,,,,,,,,,,,,,,,,,,,,
shokri,Kidney Stone,KIDNEY_STONE,4000,2,3200,800,LR,dp,10.0,30.0,,0.5018381380208334,0.010262794142358724,0.004645833333333336,0.015845061445832958,0.5016458333333333,0.010999210830277283,0.49699999999999994,0.018564639326777484,0.5023229166666666,0.00792253072291649,0.8015084974547703,0.005101997613689063,0.925625,0.0,0.9250000000000003,2.220446049250313e-16,0.0006249999999999867,0.0,,,,,,,,,,,,,,,,,,,,,,,
shokri,Kidney Stone,KIDNEY_STONE,4000,2,3200,800,RF,standard,,30.0,,0.51297419921875,0.010489805976393402,0.015604166666666678,0.016922181982698188,0.7458958333333334,0.08116444747992942,0.7302916666666667,0.0746433766690358,0.5078020833333333,0.00846109099134909,0.8032209932830006,0.0036698325314370116,0.9503124999999998,2.220446049250313e-16,0.9437500000000002,2.220446049250313e-16,0.006562500000000027,0.0,,,,,,,,,,,,,,,,,,,,,,,
shokri,Kidney Stone,KIDNEY_STONE,4000,2,3200,800,RF,dp,0.1,30.0,,0.5022007617187499,0.009324875197590472,0.00451041666666667,0.014245723804053922,0.5434270833333333,0.2379627684919808,0.5389166666666667,0.236273969977416,0.5022552083333334,0.007122861902026957,0.8014906478752232,0.006100767594374529,0.8393750000000001,1.1102230246251565e-16,0.8299999999999996,3.3306690738754696e-16,0.009375000000000022,0.0,,,,,,,,,,,,,,,,,,,,,,,
shokri,Kidney Stone,KIDNEY_STONE,4000,2,3200,800,RF,dp,0.2,30.0,,0.4992670377604167,0.006357622515211735,0.0004687500000000048,0.013948321191544885,0.51046875,0.2837657364166127,0.51,0.2773329076519169,0.500234375,0.0069741605957724506,0.7984398696250357,0.006668353720944916,0.8784375000000001,1.1102230246251565e-16,0.8612499999999996,3.3306690738754696e-16,0.017187500000000022,0.0,,,,,,,,,,,,,,,,,,,,,,,
shokri,Kidney Stone,KIDNEY_STONE,4000,2,3200,800,RF,dp,0.4,30.0,,0.49852022786458333,0.006197761275984621,-0.0004583333333333254,0.0081951035516473,0.5188333333333334,0.2891661743511659,0.5192916666666666,0.2888448046625654,0.49977083333333333,0.004097551775823657,0.799525313717833,0.004716006988649299,0.8971875000000001,1.1102230246251565e-16,0.8887500000000004,3.3306690738754696e-16,0.008437499999999987,0.0,,,,,,,,,,,,,,,,,,,,,,,
shokri,Kidney Stone,KIDNEY_STONE,4000,2,3200,800,RF,dp,0.8,30.0,,0.502484765625,0.007517422909245687,0.00797916666666667,0.011118951227021768,0.6408541666666667,0.2484623144490707,0.6328750000000001,0.24663403852334198,0.5039895833333333,0.005559475613510872,0.8024234383214296,0.004327435745362391,0.8990624999999999,1.1102230246251565e-16,0.8887500000000004,3.3306690738754696e-16,0.010312499999999947,0.0,,,,,,,,,,,,,,,,,,,,,,,
shokri,Kidney Stone,KIDNEY_STONE,4000,2,3200,800,RF,dp,1.0,30.0,,0.50141634765625,0.00893308394180984,0.0011250000000000103,0.01439188320142063,0.6200416666666667,0.2797815918699898,0.6189166666666668,0.2781729328233708,0.5005624999999999,0.0071959416007103165,0.8000941566575341,0.004763517090631107,0.8996874999999999,1.1102230246251565e-16,0.8887500000000004,3.3306690738754696e-16,0.010937499999999933,0.0,,,,,,,,,,,,,,,,,,,,,,,
shokri,Kidney Stone,KIDNEY_STONE,4000,2,3200,800,RF,dp,2.0,30.0,,0.5025755794270834,0.009127182988225107,0.0010000000000000083,0.015589209008156883,0.5809583333333332,0.2777129078768016,0.5799583333333332,0.277597483503043,0.5005000000000001,0.007794604504078436,0.8005121137022307,0.006087632312004572,0.8996874999999999,1.1102230246251565e-16,0.8900000000000001,1.1102230246251565e-16,0.00968749999999996,0.0,,,,,,,,,,,,,,,,,,,,,,,
shokri,Kidney Stone,KIDNEY_STONE,4000,2,3200,800,RF,dp,4.0,30.0,,0.5015557942708334,0.004969876242089694,-0.0016249999999999904,0.01256244817568084,0.6865416666666667,0.2684198181668452,0.6881666666666668,0.2657920030566926,0.49918749999999995,0.006281224087840421,0.7988933126158789,0.006697380577470159,0.8999999999999998,2.220446049250313e-16,0.8912499999999999,1.1102230246251565e-16,0.008750000000000036,0.0,,,,,,,,,,,,,,,,,,,,,,,
shokri,Kidney Stone,KIDNEY_STONE,4000,2,3200,800,RF,dp,8.0,30.0,,0.5013042187500001,0.007079950887973076,0.00136458333333333,0.012738731574142527,0.7016145833333333,0.2508095626973808,0.70025,0.25075996989152793,0.5006822916666666,0.00636936578707126,0.8010669747188529,0.006973752768228957,0.8999999999999998,2.220446049250313e-16,0.8912499999999999,1.1102230246251565e-16,0.008750000000000036,0.0,,,,,,,,,,,,,,,,,,,,,,,
shokri,Kidney Stone,KIDNEY_STONE,4000,2,3200,800,RF,dp,10.0,30.0,,0.5013027473958335,0.007078659393223455,0.0013124999999999962,0.012719018731804753,0.7007291666666667,0.25026661998034994,0.6994166666666667,0.25026875831571327,0.5006562499999999,0.006359509365902375,0.8010586138855178,0.0069737076200283256,0.8999999999999998,2.220446049250313e-16,0.8912499999999999,1.1102230246251565e-16,0.008750000000000036,0.0,,,,,,,,,,,,,,,,,,,,,,,
shokri,Kidney Stone,KIDNEY_STONE,4000,2,3200,800,GNB,standard,,30.0,,0.5016489518229166,0.004737056154442726,0.001427083333333304,0.00640062422357295,0.6546770833333331,0.33799633145018704,0.6532500000000001,0.3350627428805934,0.5007135416666666,0.003200312111786497,0.7462306661998966,0.19949440714053324,0.8996874999999999,1.1102230246251565e-16,0.8900000000000001,1.1102230246251565e-16,0.00968749999999996,0.0,,,,,,,,,,,,,,,,,,,,,,,
shokri,Kidney Stone,KIDNEY_STONE,4000,2,3200,800,GNB,dp,0.1,30.0,,0.49884173177083324,0.010546867293994743,-0.0020312500000000105,0.02080238586827242,0.50709375,0.04592120955483605,0.5091249999999999,0.04606059188720874,0.4989843750000001,0.010401192934136218,0.7992606122287129,0.0064714177590512725,0.7856249999999999,1.1102230246251565e-16,0.785,0.0,0.0006249999999999867,0.0,,,,,,,,,,,,,,,,,,,,,,,
shokri,Kidney Stone,KIDNEY_STONE,4000,2,3200,800,GNB,dp,0.2,30.0,,0.500443828125,0.009836989006734104,0.0025416666666666587,0.019150196728029253,0.4922916666666666,0.06549070253139413,0.48975,0.07383356847216133,0.5012708333333333,0.009575098364014625,0.8011890596159195,0.0063923906184655795,0.7606250000000002,2.220446049250313e-16,0.7662499999999999,1.1102230246251565e-16,-0.005624999999999991,0.0,,,,,,,,,,,,,,,,,,,,,,,
shokri,Kidney Stone,KIDNEY_STONE,4000,2,3200,800,GNB,dp,0.4,30.0,,0.5007968424479167,0.011583227802234987,0.003000000000000001,0.01920805088367897,0.5016666666666667,0.09768193273394468,0.49866666666666676,0.09372273677656287,0.5015000000000001,0.009604025441839484,0.8006336219690501,0.005924062224890189,0.8996874999999999,1.1102230246251565e-16,0.8887500000000004,3.3306690738754696e-16,0.010937499999999933,0.0,,,,,,,,,,,,,,,,,,,,,,,
shokri,Kidney Stone,KIDNEY_STONE,4000,2,3200,800,GNB,dp,0.8,30.0,,0.5003918098958333,0.00811285437860499,-0.0019166666666666702,0.01735050231421428,0.5020833333333333,0.0994414522749721,0.504,0.0980132856640704,0.4990416666666667,0.008675251157107149,0.7991713009239197,0.005991240155954986,0.8928125000000003,3.3306690738754696e-16,0.8850000000000003,3.3306690738754696e-16,0.0078125,0.0,,,,,,,,,,,,,,,,,,,,,,,
shokri,Kidney Stone,KIDNEY_STONE,4000,2,3200,800,GNB,dp,1.0,30.0,,0.4995167057291667,0.011430607591071227,-0.0011145833333333374,0.018601264821279995,0.49446875,0.14589946751923336,0.4955833333333333,0.13829344304372818,0.4994427083333333,0.009300632410639992,0.7987012890087404,0.006697541804989159,0.8178124999999998,2.220446049250313e-16,0.8125,0.0,0.005312500000000053,0.0,,,,,,,,,,,,,,,,,,,,,,,
shokri,Kidney Stone,KIDNEY_STONE,4000,2,3200,800,GNB,dp,2.0,30.0,,0.5000654361979167,0.008665871438170923,0.0031875000000000015,0.018614160716150133,0.5136041666666666,0.1832536829817859,0.5104166666666667,0.1758243481116563,0.50159375,0.00930708035807506,0.7999569810424835,0.006427322462774,0.8996874999999999,1.1102230246251565e-16,0.8900000000000001,1.1102230246251565e-16,0.00968749999999996,0.0,,,,,,,,,,,,,,,,,,,,,,,
shokri,Kidney Stone,KIDNEY_STONE,4000,2,3200,800,GNB,dp,4.0,30.0,,0.5021537304687498,0.012203871583300049,0.0015520833333333391,0.020661974958880117,0.50746875,0.13492031671315913,0.5059166666666667,0.1290877178080428,0.5007760416666666,0.010330987479440064,0.7999151894039048,0.007212248941680809,0.8996874999999999,1.1102230246251565e-16,0.8900000000000001,1.1102230246251565e-16,0.00968749999999996,0.0,,,,,,,,,,,,,,,,,,,,,,,
shokri,Kidney Stone,KIDNEY_STONE,4000,2,3200,800,GNB,dp,8.0,30.0,,0.5030238020833333,0.011136703041722875,0.004624999999999992,0.015474357148736951,0.4960833333333333,0.2016538025339192,0.4914583333333333,0.19814585414257066,0.5023124999999999,0.00773717857436848,0.8006174241661114,0.006345026157077896,0.8996874999999999,1.1102230246251565e-16,0.8900000000000001,1.1102230246251565e-16,0.00968749999999996,0.0,,,,,,,,,,,,,,,,,,,,,,,
shokri,Kidney Stone,KIDNEY_STONE,4000,2,3200,800,GNB,dp,10.0,30.0,,0.50221390625,0.008813796394733498,0.0036874999999999976,0.01648022015174555,0.4856041666666666,0.2004338057900219,0.48191666666666666,0.1939229693861858,0.50184375,0.008240110075872775,0.7990285853700735,0.010266623893572366,0.8996874999999999,1.1102230246251565e-16,0.8900000000000001,1.1102230246251565e-16,0.00968749999999996,0.0,,,,,,,,,,,,,,,,,,,,,,,
shokri,Kidney Stone,KIDNEY_STONE,4000,2,3200,800,SVM,standard,,30.0,,0.5448704817708333,0.010164600126314762,0.05142708333333334,0.021016437535923863,0.4610104166666667,0.09344546661039647,0.4095833333333333,0.08599862725002584,0.5257135416666667,0.010508218767961942,0.8184271800441014,0.006495580267442719,0.9534374999999999,1.1102230246251565e-16,0.9325000000000002,2.220446049250313e-16,0.020937500000000053,0.0,,,,,,,,,,,,,,,,,,,,,,,
shokri,Kidney Stone,KIDNEY_STONE,4000,2,3200,800,SVM,dp,0.1,30.0,,0.49853408203125,0.011380768312682485,-0.00015625000000000778,0.021474116869210236,0.5089270833333333,0.07809839894347849,0.5090833333333333,0.07961426100615113,0.49992187500000007,0.010737058434605116,0.7999056504203088,0.006773732834702518,0.7915625000000002,2.220446049250313e-16,0.8049999999999999,1.1102230246251565e-16,-0.013437500000000102,0.0,,,,,,,,,,,,,,,,,,,,,,,
shokri,Kidney Stone,KIDNEY_STONE,4000,2,3200,800,SVM,dp,0.2,30.0,,0.4959556575520833,0.014267194587632707,-0.00833333333333334,0.02516382951723013,0.5165,0.03499510754496025,0.5248333333333334,0.038992164455040064,0.4958333333333334,0.012581914758615073,0.7973902613639386,0.00767868468410875,0.8893750000000001,1.1102230246251565e-16,0.8825000000000001,1.1102230246251565e-16,0.0068750000000000755,0.0,,,,,,,,,,,,,,,,,,,,,,,
shokri,Kidney Stone,KIDNEY_STONE,4000,2,3200,800,SVM,dp,0.4,30.0,,0.49948157552083333,0.010079153381187518,0.003229166666666672,0.01761168478517097,0.5064375,0.04228519552298022,0.5032083333333334,0.040448891792263256,0.5016145833333334,0.008805842392585472,0.8009265013623453,0.005577492296985047,0.8996874999999999,1.1102230246251565e-16,0.8900000000000001,1.1102230246251565e-16,0.00968749999999996,0.0,,,,,,,,,,,,,,,,,,,,,,,
shokri,Kidney Stone,KIDNEY_STONE,4000,2,3200,800,SVM,dp,0.8,30.0,,0.5004722721354167,0.016831996773424205,-0.00231250000000001,0.0280685312746618,0.5168541666666666,0.04638423182295418,0.5191666666666667,0.05663510150270964,0.49884374999999986,0.014034265637330904,0.7994536585230868,0.008753341881708508,0.8996874999999999,1.1102230246251565e-16,0.8900000000000001,1.1102230246251565e-16,0.00968749999999996,0.0,,,,,,,,,,,,,,,,,,,,,,,
shokri,Kidney Stone,KIDNEY_STONE,4000,2,3200,800,SVM,dp,1.0,30.0,,0.4999588020833334,0.0066765374960476446,-0.003874999999999997,0.012335004813537777,0.5697500000000001,0.11046054749132532,0.573625,0.10962642530430335,0.49806249999999996,0.006167502406768883,0.7987673889375037,0.0035706845435700342,0.8996874999999999,1.1102230246251565e-16,0.8900000000000001,1.1102230246251565e-16,0.00968749999999996,0.0,,,,,,,,,,,,,,,,,,,,,,,
shokri,Kidney Stone,KIDNEY_STONE,4000,2,3200,800,SVM,dp,2.0,30.0,,0.49868033203125,0.00995199815851477,-0.0019895833333333484,0.01954353502528963,0.5349270833333333,0.03533790414863416,0.5369166666666666,0.03776535743538278,0.4990052083333333,0.009771767512644814,0.7993908480765602,0.005850233120524721,0.8996874999999999,1.1102230246251565e-16,0.8900000000000001,1.1102230246251565e-16,0.00968749999999996,0.0,,,,,,,,,,,,,,,,,,,,,,,
shokri,Kidney Stone,KIDNEY_STONE,4000,2,3200,800,SVM,dp,4.0,30.0,,0.5001950911458333,0.009169105353042495,-0.000833333333333334,0.015018290353395383,0.5151666666666667,0.03280016964090616,0.5159999999999999,0.03697183612787803,0.4995833333333333,0.0075091451766977,0.7997899997264654,0.004762805253188202,0.8996874999999999,1.1102230246251565e-16,0.8900000000000001,1.1102230246251565e-16,0.00968749999999996,0.0,,,,,,,,,,,,,,,,,,,,,,,
shokri,Kidney Stone,KIDNEY_STONE,4000,2,3200,800,SVM,dp,8.0,30.0,,0.5022878320312499,0.010355705086129428,0.005145833333333335,0.020353281710547056,0.5031458333333333,0.04661070863784654,0.49799999999999994,0.05499962121081684,0.5025729166666667,0.010176640855273525,0.801815632509551,0.006388009699080727,0.8996874999999999,1.1102230246251565e-16,0.8900000000000001,1.1102230246251565e-16,0.00968749999999996,0.0,,,,,,,,,,,,,,,,,,,,,,,
shokri,Kidney Stone,KIDNEY_STONE,4000,2,3200,800,SVM,dp,10.0,30.0,,0.5016741276041666,0.011399684439048699,0.001010416666666673,0.01844785784857929,0.5103854166666667,0.044588956275084406,0.509375,0.050725722846829226,0.5005052083333333,0.009223928924289646,0.8004236031190348,0.005867426810695609,0.8996874999999999,1.1102230246251565e-16,0.8900000000000001,1.1102230246251565e-16,0.00968749999999996,0.0,,,,,,,,,,,,,,,,,,,,,,,
shokri,Kidney Stone,KIDNEY_STONE,4000,2,3200,800,DNN,standard,,5.0,,0.5174514453125001,0.007746272327981151,0.022625000000000024,0.01330618981902787,0.524375,0.3078767382208341,0.50175,0.30394962576058554,0.5113125000000001,0.006653094909513917,0.8105655124972699,0.007746571887079153,0.9962500000000001,1.1102230246251565e-16,0.9737500000000001,1.1102230246251565e-16,0.022499999999999964,0.0,,,,,,,,,,,,,,,,,,,,,,,
shokri,Kidney Stone,KIDNEY_STONE,4000,2,3200,800,DNN,dp,0.1,5.0,,0.5001249999999999,0.00015309310892391818,0.0,0.0,0.0,0.0,0.0,0.0,0.5,0.0,0.0,0.0,0.608125,0.0,0.60875,0.0,-0.0006249999999999867,0.0,,,,,,,,,,,,,,,,,,,,,,,
shokri,Kidney Stone,KIDNEY_STONE,4000,2,3200,800,DNN,dp,0.2,5.0,,0.4976584375,0.004511757510317821,0.000437499999999999,0.0055501970685733325,0.0489375,0.048694118613031696,0.0485,0.04994622107827578,0.5002187499999999,0.0027750985342866775,0.48444604940054886,0.39595187000256393,0.645,0.0,0.645,0.0,0.0,0.0,,,,,,,,,,,,,,,,,,,,,,,
shokri,Kidney Stone,KIDNEY_STONE,4000,2,3200,800,DNN,dp,0.4,5.0,,0.5014009765624999,0.002507402133724247,0.0009375000000000078,0.011296777748544045,0.33043750000000005,0.043171442383825906,0.3295,0.04887228253314961,0.5004687499999999,0.005648388874272051,0.8008914985367351,0.006071636008899139,0.8996875,0.0,0.89,0.0,0.00968749999999996,0.0,,,,,,,,,,,,,,,,,,,,,,,
shokri,Kidney Stone,KIDNEY_STONE,4000,2,3200,800,DNN,dp,0.8,5.0,,0.5029075390625001,0.00884074149599313,0.002374999999999994,0.01807817226657604,0.541625,0.03461586070719605,0.53925,0.03583468989680251,0.5011875,0.009039086133288009,0.8006828275393054,0.005275348036616809,0.8996875,0.0,0.89,0.0,0.00968749999999996,0.0,,,,,,,,,,,,,,,,,,,,,,,
shokri,Kidney Stone,KIDNEY_STONE,4000,2,3200,800,DNN,dp,1.0,5.0,,0.49963925781250007,0.008124956895919369,6.249999999998756e-05,0.017378371974957844,0.5333125,0.020427654356288665,0.53325,0.029118293219211878,0.5000312499999999,0.008689185987478913,0.800090805057722,0.00518778681111792,0.8996875,0.0,0.89,0.0,0.00968749999999996,0.0,,,,,,,,,,,,,,,,,,,,,,,
shokri,Kidney Stone,KIDNEY_STONE,4000,2,3200,800,DNN,dp,2.0,5.0,,0.51637703125,0.01165287160336947,0.022312499999999978,0.023847333446320618,0.5250625,0.01716122992387202,0.50275,0.03062270399556515,0.51115625,0.011923666723160298,0.8069466445799458,0.00730174962458607,0.8996875,0.0,0.89,0.0,0.00968749999999996,0.0,,,,,,,,,,,,,,,,,,,,,,,
shokri,Kidney Stone,KIDNEY_STONE,4000,2,3200,800,DNN,dp,4.0,5.0,,0.5011448828124999,0.011948984863961265,0.00012499999999999735,0.020814095284205844,0.476875,0.00959532763901264,0.47675,0.018449254727495097,0.5000625,0.010407047642102932,0.8000390912280123,0.006943930083786398,0.8996875,0.0,0.89,0.0,0.00968749999999996,0.0,,,,,,,,,,,,,,,,,,,,,,,
shokri,Kidney Stone,KIDNEY_STONE,4000,2,3200,800,DNN,dp,8.0,5.0,,0.5176117578125,0.00921205050560528,0.018437499999999985,0.017504463716435305,0.5059375,0.013829316685939314,0.4875,0.024147981282086513,0.50921875,0.00875223185821767,0.8059432857469717,0.005710825120845071,0.8996875,0.0,0.89,0.0,0.00968749999999996,0.0,,,,,,,,,,,,,,,,,,,,,,,
shokri,Kidney Stone,KIDNEY_STONE,4000,2,3200,800,DNN,dp,10.0,5.0,,0.5026215625,0.010108936672871563,0.00612499999999998,0.02236557063881897,0.5051249999999999,0.016266337940667515,0.499,0.029878922336657326,0.5030625,0.011182785319409482,0.8020563564563258,0.00715821982889406,0.8996875,0.0,0.89,0.0,0.00968749999999996,0.0,,,,,,,,,,,,,,,,,,,,,,,
shokri,Lung Cancer,LUNG_CANCER,50000,3,40000,10000,LR,standard,,30.0,,0.4996573894583333,0.002972558483528886,-0.0011741666666666725,0.005346418128575031,0.47596249999999996,0.13574748904215503,0.4771366666666666,0.13845901796400104,0.49941291666666665,0.002673209064287514,0.7998518327905707,0.0018355489956758187,1.0,0.0,1.0,0.0,0.0,0.0,,,,,,,,,,,,,,,,,,,,,,,
shokri,Lung Cancer,LUNG_CANCER,50000,3,40000,10000,LR,dp,0.1,30.0,,0.5000973474583333,0.002825816602337343,0.0001325000000000002,0.005047429832763073,0.5075258333333335,0.10495894484736507,0.5073933333333334,0.10496485104812733,0.50006625,0.002523714916381531,0.8000589705429128,0.0016742228414617349,0.8292250000000002,2.220446049250313e-16,0.8340999999999998,1.1102230246251565e-16,-0.004874999999999963,0.0,,,,,,,,,,,,,,,,,,,,,,,
shokri,Lung Cancer,LUNG_CANCER,50000,3,40000,10000,LR,dp,0.2,30.0,,0.5010520521666667,0.002748977087892555,0.0014941666666666502,0.005237630998096591,0.5288141666666666,0.13069758966843606,0.52732,0.1327739994627462,0.5007470833333333,0.002618815499048292,0.8006647617286357,0.0018555590498391954,0.87425,0.0,0.8781,0.0,-0.00385000000000002,0.0,,,,,,,,,,,,,,,,,,,,,,,
shokri,Lung Cancer,LUNG_CANCER,50000,3,40000,10000,LR,dp,0.4,30.0,,0.5000035630833334,0.003201821010507542,0.00022916666666667103,0.005157082845196716,0.5107924999999999,0.1317061443691346,0.5105633333333333,0.13149299723643926,0.5001145833333334,0.0025785414225983566,0.8000060536357031,0.0018627538814782571,0.9433250000000003,3.3306690738754696e-16,0.9439999999999997,2.220446049250313e-16,-0.0006749999999999812,0.0,,,,,,,,,,,,,,,,,,,,,,,
shokri,Lung Cancer,LUNG_CANCER,50000,3,40000,10000,LR,dp,0.8,30.0,,0.5008748104166667,0.003261306366104444,0.0020383333333333455,0.005584057415734755,0.5021083333333334,0.12141130067071827,0.5000699999999999,0.12021666315448952,0.5010191666666667,0.002792028707867364,0.8005837901804543,0.0017327709433503943,0.9814499999999998,2.220446049250313e-16,0.9786,0.0,0.002850000000000019,0.0,,,,,,,,,,,,,,,,,,,,,,,
shokri,Lung Cancer,LUNG_CANCER,50000,3,40000,10000,LR,dp,1.0,30.0,,0.5001426730416668,0.0031912800107757105,0.0009441666666666663,0.0045929868791693956,0.4754675,0.13088303591215833,0.4745233333333333,0.13126640769400558,0.5004720833333334,0.0022964934395846973,0.8003368112055046,0.0015694805452819427,0.9823500000000001,1.1102230246251565e-16,0.9793999999999997,3.3306690738754696e-16,0.002949999999999897,0.0,,,,,,,,,,,,,,,,,,,,,,,
shokri,Lung Cancer,LUNG_CANCER,50000,3,40000,10000,LR,dp,2.0,30.0,,0.5004574930000001,0.0033521325846547815,0.00010916666666666112,0.005077923966106173,0.4605891666666667,0.1502859722167671,0.46048000000000006,0.14898122566283312,0.5000545833333334,0.0025389619830530896,0.799895203444325,0.0017983551533284818,0.9265000000000002,2.220446049250313e-16,0.9267000000000001,1.1102230246251565e-16,-0.00019999999999997797,0.0,,,,,,,,,,,,,,,,,,,,,,,
shokri,Lung Cancer,LUNG_CANCER,50000,3,40000,10000,LR,dp,4.0,30.0,,0.49974923958333334,0.002817913739265268,-0.00018416666666666858,0.005278594680931233,0.5297991666666667,0.11241725021160626,0.5299833333333334,0.11142657098835189,0.4999079166666666,0.002639297340465609,0.799838087736911,0.001699013297965031,1.0,0.0,1.0,0.0,0.0,0.0,,,,,,,,,,,,,,,,,,,,,,,
shokri,Lung Cancer,LUNG_CANCER,50000,3,40000,10000,LR,dp,8.0,30.0,,0.5001970289166666,0.00295576593533952,0.0009683333333333284,0.005379555950282717,0.5549250000000001,0.08043943788134443,0.5539566666666665,0.08174705574038874,0.5004841666666667,0.002689777975141367,0.8003246494391938,0.0015977016631482156,1.0,0.0,1.0,0.0,0.0,0.0,,,,,,,,,,,,,,,,,,,,,,,
shokri,Lung Cancer,LUNG_CANCER,50000,3,40000,10000,LR,dp,10.0,30.0,,0.49983812725,0.0030724874491382015,-0.000800833333333345,0.0051865189165973555,0.5287091666666667,0.08170993449476562,0.52951,0.0816088816653351,0.4995995833333334,0.0025932594582986765,0.7997408593314538,0.0016691753561154364,1.0,0.0,1.0,0.0,0.0,0.0,,,,,,,,,,,,,,,,,,,,,,,
shokri,Lung Cancer,LUNG_CANCER,50000,3,40000,10000,RF,standard,,30.0,,0.49927298354166666,0.0018697346023359273,2.50000000000102e-05,0.0023220142118428005,0.8162149999999999,0.21609526097688184,0.81619,0.2166941582815128,0.5000125,0.0011610071059214063,0.800055160543505,0.0005392103584472097,1.0,0.0,1.0,0.0,0.0,0.0,,,,,,,,,,,,,,,,,,,,,,,
shokri,Lung Cancer,LUNG_CANCER,50000,3,40000,10000,RF,dp,0.1,30.0,,0.500273452625,0.002203281788821313,0.0004291666666666601,0.0036141163242977632,0.46975583333333326,0.20277611809613796,0.4693266666666667,0.2035552340002312,0.5002145833333332,0.00180705816214888,0.8002917964338825,0.0019983963160911935,0.8719499999999997,3.3306690738754696e-16,0.8697000000000004,3.3306690738754696e-16,0.0022499999999999742,0.0,,,,,,,,,,,,,,,,,,,,,,,
shokri,Lung Cancer,LUNG_CANCER,50000,3,40000,10000,RF,dp,0.2,30.0,,0.5000892203333333,0.0024293732130812496,0.00033833333333334694,0.0033910220517648576,0.5020450000000001,0.17481320166108735,0.5017066666666666,0.17488611138554017,0.5001691666666667,0.0016955110258824312,0.8001953698916845,0.001348308828611457,0.9010500000000002,2.220446049250313e-16,0.8991000000000002,2.220446049250313e-16,0.0019500000000000073,0.0,,,,,,,,,,,,,,,,,,,,,,,
shokri,Lung Cancer,LUNG_CANCER,50000,3,40000,10000,RF,dp,0.4,30.0,,0.5003722888750001,0.0029173290335491923,0.0008308333333333297,0.004437457433285669,0.5756308333333333,0.1485490026729863,0.5748,0.15072964539200642,0.5004154166666667,0.002218728716642844,0.8005379385569993,0.0019204292583247546,0.882275,0.0,0.8798999999999998,2.220446049250313e-16,0.002375000000000016,0.0,,,,,,,,,,,,,,,,,,,,,,,
shokri,Lung Cancer,LUNG_CANCER,50000,3,40000,10000,RF,dp,0.8,30.0,,0.5003419460000001,0.0020457779361753234,0.0003866666666666666,0.004131775916264369,0.5630866666666667,0.17198917961765955,0.5627,0.17185528214169038,0.5001933333333333,0.0020658879581321845,0.8000837234396448,0.0012961941528657401,0.882275,0.0,0.8798999999999998,2.220446049250313e-16,0.002375000000000016,0.0,,,,,,,,,,,,,,,,,,,,,,,
shokri,Lung Cancer,LUNG_CANCER,50000,3,40000,10000,RF,dp,1.0,30.0,,0.4996910435833333,0.002649386428600902,-0.000642500000000007,0.004486150679220061,0.5520041666666666,0.20326628430904511,0.5526466666666667,0.20358116110179633,0.49967875,0.0022430753396100248,0.7997664869894349,0.0015751143390236172,0.882275,0.0,0.8798999999999998,2.220446049250313e-16,0.002375000000000016,0.0,,,,,,,,,,,,,,,,,,,,,,,
shokri,Lung Cancer,LUNG_CANCER,50000,3,40000,10000,RF,dp,2.0,30.0,,0.5003567208333334,0.0030122406365912058,0.0007750000000000071,0.00450052774683148,0.6213316666666666,0.16033746507150334,0.6205566666666668,0.16171792867692672,0.5003875000000001,0.002250263873415733,0.800323468429436,0.001333306118554898,0.882275,0.0,0.8798999999999998,2.220446049250313e-16,0.002375000000000016,0.0,,,,,,,,,,,,,,,,,,,,,,,
shokri,Lung Cancer,LUNG_CANCER,50000,3,40000,10000,RF,dp,4.0,30.0,,0.4994440644999999,0.002442464628205072,0.0007416666666666673,0.00396117792525855,0.5866116666666666,0.17499238277866716,0.58587,0.17507325162152365,0.5003708333333333,0.0019805889626292815,0.8002805425539592,0.00150484641289381,0.882275,0.0,0.8798999999999998,2.220446049250313e-16,0.002375000000000016,0.0,,,,,,,,,,,,,,,,,,,,,,,
shokri,Lung Cancer,LUNG_CANCER,50000,3,40000,10000,RF,dp,8.0,30.0,,0.49923708104166664,0.0025369755740853447,-5.91666666666546e-05,0.004360406533671912,0.6276375000000002,0.1757723079429275,0.6276966666666667,0.17721954272094886,0.4999704166666666,0.002180203266835953,0.8001542916469565,0.001541556276362005,0.882275,0.0,0.8798999999999998,2.220446049250313e-16,0.002375000000000016,0.0,,,,,,,,,,,,,,,,,,,,,,,
shokri,Lung Cancer,LUNG_CANCER,50000,3,40000,10000,RF,dp,10.0,30.0,,0.4992524907083333,0.0025445810117503487,-0.00014416666666664893,0.00426812157811318,0.6249991666666668,0.17630060165847108,0.6251433333333333,0.17769197821573776,0.4999279166666666,0.0021340607890565897,0.8001293732412976,0.0015289833470141295,0.882275,0.0,0.8798999999999998,2.220446049250313e-16,0.002375000000000016,0.0,,,,,,,,,,,,,,,,,,,,,,,
shokri,Lung Cancer,LUNG_CANCER,50000,3,40000,10000,GNB,standard,,30.0,,0.49888963066666664,0.0019146877655461614,-0.0013291666666666701,0.003125687146674939,0.6680674999999999,0.16274000444855796,0.6693966666666665,0.1633767210739917,0.4993354166666667,0.0015628435733374714,0.7997134908155178,0.000836918040357893,0.890625,0.0,0.8931000000000001,1.1102230246251565e-16,-0.002475000000000005,0.0,,,,,,,,,,,,,,,,,,,,,,,
shokri,Lung Cancer,LUNG_CANCER,50000,3,40000,10000,GNB,dp,0.1,30.0,,0.5000281905416667,0.0030898346313073116,-0.0007775000000000041,0.0055199613147799,0.5117691666666666,0.1216945877808002,0.5125466666666667,0.12255382690429903,0.49961125000000006,0.0027599806573899485,0.7998336278653286,0.0018604365407309499,0.6176250000000001,1.1102230246251565e-16,0.6150999999999999,1.1102230246251565e-16,0.0025249999999999995,0.0,,,,,,,,,,,,,,,,,,,,,,,
shokri,Lung Cancer,LUNG_CANCER,50000,3,40000,10000,GNB,dp,0.2,30.0,,0.5004872490833333,0.0030105940496837243,0.0008574999999999916,0.005030867842629138,0.5639075000000001,0.15494741489050406,0.56305,0.15576028751471493,0.50042875,0.0025154339213145655,0.8003543115735461,0.0015382161559558715,0.8717000000000001,1.1102230246251565e-16,0.8720999999999999,1.1102230246251565e-16,-0.00039999999999995595,0.0,,,,,,,,,,,,,,,,,,,,,,,
shokri,Lung Cancer,LUNG_CANCER,50000,3,40000,10000,GNB,dp,0.4,30.0,,0.49924163149999995,0.0029085343299838384,-0.0007583333333333239,0.0039024422552493476,0.4766683333333334,0.16691545850785927,0.4774266666666666,0.16780356359611542,0.49962083333333335,0.0019512211276246818,0.7998209001805171,0.0012869392127979147,0.6781499999999998,2.220446049250313e-16,0.6782000000000001,1.1102230246251565e-16,-4.999999999999449e-05,0.0,,,,,,,,,,,,,,,,,,,,,,,
shokri,Lung Cancer,LUNG_CANCER,50000,3,40000,10000,GNB,dp,0.8,30.0,,0.49986975545833334,0.0025842460333040103,-0.0003650000000000079,0.004019979270261655,0.5158683333333333,0.16285003210179466,0.5162333333333333,0.1639436434334135,0.49981749999999997,0.0020099896351308336,0.800028890857049,0.0014208768815995546,0.8507250000000002,2.220446049250313e-16,0.8531000000000002,2.220446049250313e-16,-0.002375000000000016,0.0,,,,,,,,,,,,,,,,,,,,,,,
shokri,Lung Cancer,LUNG_CANCER,50000,3,40000,10000,GNB,dp,1.0,30.0,,0.500455313125,0.0027485582907419174,-0.0002541666666666641,0.00406969021821345,0.46558916666666667,0.1601677626588412,0.46584333333333344,0.16127375831864965,0.4998729166666667,0.0020348451091067306,0.8001005318740719,0.0018754034549520206,0.9100749999999997,2.220446049250313e-16,0.9147,0.0,-0.00462499999999999,0.0,,,,,,,,,,,,,,,,,,,,,,,
shokri,Lung Cancer,LUNG_CANCER,50000,3,40000,10000,GNB,dp,2.0,30.0,,0.5002223280833333,0.002683664505223977,0.0004766666666666655,0.00418210938270257,0.48756,0.1467993215810845,0.48708333333333337,0.14806071070866691,0.5002383333333333,0.0020910546913512924,0.8005135012688108,0.0020025624327242937,0.890625,0.0,0.8931000000000001,1.1102230246251565e-16,-0.002475000000000005,0.0,,,,,,,,,,,,,,,,,,,,,,,
shokri,Lung Cancer,LUNG_CANCER,50000,3,40000,10000,GNB,dp,4.0,30.0,,0.5004705050416667,0.0024468439672607717,0.0005399999999999951,0.0048358065511349925,0.5169733333333332,0.1404175508280769,0.5164333333333333,0.14169302578304818,0.50027,0.0024179032755675014,0.8003026882126427,0.0015216101610546371,0.890625,0.0,0.8931000000000001,1.1102230246251565e-16,-0.002475000000000005,0.0,,,,,,,,,,,,,,,,,,,,,,,
shokri,Lung Cancer,LUNG_CANCER,50000,3,40000,10000,GNB,dp,8.0,30.0,,0.500529197375,0.0025215911871837838,-0.0002724999999999922,0.004617170625321664,0.5029608333333333,0.14085197722007867,0.5032333333333334,0.14245487316651853,0.49986375,0.0023085853126608266,0.8000934172037353,0.0017912689903480494,0.890625,0.0,0.8931000000000001,1.1102230246251565e-16,-0.002475000000000005,0.0,,,,,,,,,,,,,,,,,,,,,,,
shokri,Lung Cancer,LUNG_CANCER,50000,3,40000,10000,GNB,dp,10.0,30.0,,0.49986490833333336,0.002505465290435137,0.0007683333333333172,0.004925769539427882,0.5080016666666667,0.10859728682409867,0.5072333333333333,0.1091536755628911,0.5003841666666666,0.0024628847697139226,0.8003048965474515,0.001586364398493775,0.890625,0.0,0.8931000000000001,1.1102230246251565e-16,-0.002475000000000005,0.0,,,,,,,,,,,,,,,,,,,,,,,
shokri,Lung Cancer,LUNG_CANCER,50000,3,40000,10000,SVM,standard,,30.0,,0.4993610709583333,0.0016049894683031478,-0.0010700000000000015,0.003570354790960331,0.32805666666666666,0.05259710342679422,0.32912666666666657,0.05258199269289398,0.49946500000000005,0.0017851773954801586,0.7994540326703758,0.0019108790310828525,1.0,0.0,1.0,0.0,0.0,0.0,,,,,,,,,,,,,,,,,,,,,,,
shokri,Lung Cancer,LUNG_CANCER,50000,3,40000,10000,SVM,dp,0.1,30.0,,0.5003274422916667,0.001465100602093093,0.0002600000000000019,0.0016272753301147243,0.46730333333333335,0.261428492990382,0.4670433333333334,0.2611209626250298,0.5001300000000001,0.0008136376650573647,0.7732746509038079,0.14359744387989642,0.93225,0.0,0.9325000000000002,2.220446049250313e-16,-0.00024999999999997247,0.0,,,,,,,,,,,,,,,,,,,,,,,
shokri,Lung Cancer,LUNG_CANCER,50000,3,40000,10000,SVM,dp,0.2,30.0,,0.49970495316666674,0.0015553025559984829,-0.0012266666666666713,0.003536099153335816,0.44991333333333333,0.17652232020499717,0.45114000000000004,0.1759593297706414,0.4993866666666667,0.001768049576667906,0.7993366328907497,0.0017231900268809208,0.9331999999999998,2.220446049250313e-16,0.9335999999999997,3.3306690738754696e-16,-0.00039999999999995595,0.0,,,,,,,,,,,,,,,,,,,,,,,
shokri,Lung Cancer,LUNG_CANCER,50000,3,40000,10000,SVM,dp,0.4,30.0,,0.5005968968333334,0.002958661016072111,0.0013483333333333244,0.005298942242456416,0.506895,0.15798846455780668,0.5055466666666667,0.15709646024727048,0.5006741666666666,0.0026494711212282033,0.8002486359680645,0.002116352186879684,0.9425500000000002,2.220446049250313e-16,0.9421999999999999,1.1102230246251565e-16,0.00034999999999996145,0.0,,,,,,,,,,,,,,,,,,,,,,,
shokri,Lung Cancer,LUNG_CANCER,50000,3,40000,10000,SVM,dp,0.8,30.0,,0.4995178879583333,0.002856578244260177,-0.0006591666666666551,0.0047968022479101145,0.48471416666666667,0.1254283564900918,0.4853733333333334,0.12529778910880893,0.49967041666666673,0.002398401123955052,0.799777015749502,0.001837034624830796,0.9512250000000002,2.220446049250313e-16,0.9512,0.0,2.4999999999941735e-05,0.0,,,,,,,,,,,,,,,,,,,,,,,
shokri,Lung Cancer,LUNG_CANCER,50000,3,40000,10000,SVM,dp,1.0,30.0,,0.5002527446666666,0.0026743114904145106,0.0005691666666666576,0.005081894673467982,0.5213858333333333,0.10537299181228663,0.5208166666666666,0.10393379329596747,0.5002845833333333,0.0025409473367340057,0.8000823340078643,0.0015326421889593034,0.9512250000000002,2.220446049250313e-16,0.9512,0.0,2.4999999999941735e-05,0.0,,,,,,,,,,,,,,,,,,,,,,,
shokri,Lung Cancer,LUNG_CANCER,50000,3,40000,10000,SVM,dp,2.0,30.0,,0.4999480263333333,0.0022796314103277755,-0.00016666666666666035,0.0034897846956828443,0.5361033333333334,0.2131741686912892,0.53627,0.21268274832090478,0.4999166666666667,0.0017448923478414176,0.7997199295634577,0.0017024024741908194,0.9512250000000002,2.220446049250313e-16,0.9512,0.0,2.4999999999941735e-05,0.0,,,,,,,,,,,,,,,,,,,,,,,
shokri,Lung Cancer,LUNG_CANCER,50000,3,40000,10000,SVM,dp,4.0,30.0,,0.4996835021666667,0.0037865430683912053,-0.0004841666666666633,0.005778384590196669,0.5260525,0.09232129976112412,0.5265366666666667,0.09216081048302954,0.49975791666666675,0.002889192295098334,0.7998315989675931,0.0018700124872855673,0.9512250000000002,2.220446049250313e-16,0.9512,0.0,2.4999999999941735e-05,0.0,,,,,,,,,,,,,,,,,,,,,,,
shokri,Lung Cancer,LUNG_CANCER,50000,3,40000,10000,SVM,dp,8.0,30.0,,0.5008007899166667,0.002647917179903301,0.0010441666666666774,0.004375174679052517,0.5486041666666668,0.07164310448423412,0.54756,0.07050281129146553,0.5005220833333334,0.0021875873395262612,0.800266859722874,0.0013006948042053271,0.9512250000000002,2.220446049250313e-16,0.9512,0.0,2.4999999999941735e-05,0.0,,,,,,,,,,,,,,,,,,,,,,,
shokri,Lung Cancer,LUNG_CANCER,50000,3,40000,10000,SVM,dp,10.0,30.0,,0.5002770572083333,0.002954696584561457,0.00035833333333334195,0.005274693250691343,0.5301016666666666,0.0949980330790532,0.5297433333333333,0.09540055444749201,0.5001791666666667,0.0026373466253456694,0.8001386096303723,0.0016975501979415552,0.9512250000000002,2.220446049250313e-16,0.9512,0.0,2.4999999999941735e-05,0.0,,,,,,,,,,,,,,,,,,,,,,,
shokri,Lung Cancer,LUNG_CANCER,50000,3,40000,10000,DNN,standard,,5.0,,0.49998993300000005,1.1919217088418387e-05,-4.999999999988347e-06,1.870828693388545e-05,0.6711750000000001,0.3003403015747304,0.67118,0.30032846951296505,0.4999975,9.354143466913053e-06,0.7999962845521303,7.201901395162581e-06,1.0,0.0,1.0,0.0,0.0,0.0,,,,,,,,,,,,,,,,,,,,,,,
shokri,Lung Cancer,LUNG_CANCER,50000,3,40000,10000,DNN,dp,0.1,5.0,,0.500780572,0.002883978135759139,0.0015900000000000137,0.005923124175635693,0.53137,0.05673690685964474,0.5297799999999999,0.055966432796811336,0.500795,0.002961562087817849,0.8004597316596138,0.001733881364425019,0.97055,0.0,0.9679,0.0,0.002650000000000041,0.0,,,,,,,,,,,,,,,,,,,,,,,
shokri,Lung Cancer,LUNG_CANCER,50000,3,40000,10000,DNN,dp,0.2,5.0,,0.5003162187499999,0.0025622916565246354,0.002100000000000024,0.00326936538184403,0.60208,0.17659954515796467,0.59998,0.1760978409861972,0.50105,0.0016346826909220378,0.8005969875946801,0.0010298489683943195,0.9905250000000001,1.1102230246251565e-16,0.9886000000000001,1.1102230246251565e-16,0.0019249999999999545,0.0,,,,,,,,,,,,,,,,,,,,,,,
shokri,Lung Cancer,LUNG_CANCER,50000,3,40000,10000,DNN,dp,0.4,5.0,,0.49821054774999995,0.0032029149326407375,-0.0019050000000000234,0.006248507821872377,0.6277950000000001,0.10626346902863655,0.6296999999999999,0.11033626783610184,0.4990475,0.003124253910936204,0.7996741850638857,0.001672233783766772,1.0,0.0,1.0,0.0,0.0,0.0,,,,,,,,,,,,,,,,,,,,,,,
shokri,Lung Cancer,LUNG_CANCER,50000,3,40000,10000,DNN,dp,0.8,5.0,,0.49827928825,0.0017576087461547685,-0.002650000000000002,0.0023967686580060386,0.5010899999999999,0.15916438954741102,0.50374,0.16101610602669536,0.498675,0.0011983843290030137,0.799353096379987,0.0009109039541890342,1.0,0.0,1.0,0.0,0.0,0.0,,,,,,,,,,,,,,,,,,,,,,,
shokri,Lung Cancer,LUNG_CANCER,50000,3,40000,10000,DNN,dp,1.0,5.0,,0.49945506225,0.0015714798443086438,-0.0016900000000000027,0.0013046647078847901,0.5629299999999999,0.11645124022525481,0.56462,0.11588289606322408,0.499155,0.0006523323539423984,0.7994622213732485,0.00042467697222982515,1.0,0.0,1.0,0.0,0.0,0.0,,,,,,,,,,,,,,,,,,,,,,,
shokri,Lung Cancer,LUNG_CANCER,50000,3,40000,10000,DNN,dp,2.0,5.0,,0.4996172905,0.0012943447035099135,0.0008000000000000007,0.0025816177098865628,0.5181199999999999,0.16571933004329942,0.51732,0.16803328717846353,0.5004000000000001,0.0012908088549432927,0.8005632396043894,0.0010100503762304866,1.0,0.0,1.0,0.0,0.0,0.0,,,,,,,,,,,,,,,,,,,,,,,
shokri,Lung Cancer,LUNG_CANCER,50000,3,40000,10000,DNN,dp,4.0,5.0,,0.502284377,0.0009640346240795402,0.001980000000000004,0.004236313255650495,0.6555799999999999,0.29872559707865676,0.6536000000000001,0.30280975545711863,0.50099,0.0021181566278252496,0.8012400668807425,0.0017002242056353956,1.0,0.0,1.0,0.0,0.0,0.0,,,,,,,,,,,,,,,,,,,,,,,
shokri,Lung Cancer,LUNG_CANCER,50000,3,40000,10000,DNN,dp,8.0,5.0,,0.499992545,0.0005170756244490674,-9.500000000000342e-05,0.002675976457295555,0.5843849999999999,0.3461998724003231,0.5844799999999999,0.34717690821827424,0.4999525,0.0013379882286477572,0.8006393565192745,0.0017576764985149816,1.0,0.0,1.0,0.0,0.0,0.0,,,,,,,,,,,,,,,,,,,,,,,
shokri,Lung Cancer,LUNG_CANCER,50000,3,40000,10000,DNN,dp,10.0,5.0,,0.49985262075000003,0.0025401506003168085,0.0010149999999999805,0.0038772606309094067,0.43825499999999995,0.23856724701852933,0.43723999999999996,0.24011254527825074,0.5005075,0.001938630315454703,0.8017270491098829,0.002683150844640263,1.0,0.0,1.0,0.0,0.0,0.0,,,,,,,,,,,,,,,,,,,,,,,
