attack_auc,advantage,n_members,n_nonmembers,tpr_at_10pct,tpr_at_10pct_interpolated,op_10pct_target_fpr,op_10pct_threshold,op_10pct_tp,op_10pct_fp,op_10pct_tn,op_10pct_fn,op_10pct_tpr,op_10pct_fpr,op_10pct_fpr_resolvable,op_10pct_selection_rule,tpr_at_1pct,tpr_at_1pct_interpolated,op_1pct_target_fpr,op_1pct_threshold,op_1pct_tp,op_1pct_fp,op_1pct_tn,op_1pct_fn,op_1pct_tpr,op_1pct_fpr,op_1pct_fpr_resolvable,op_1pct_selection_rule,tpr_at_0p1pct,tpr_at_0p1pct_interpolated,op_0p1pct_target_fpr,op_0p1pct_threshold,op_0p1pct_tp,op_0p1pct_fp,op_0p1pct_tn,op_0p1pct_fn,op_0p1pct_tpr,op_0p1pct_fpr,op_0p1pct_fpr_resolvable,op_0p1pct_selection_rule,n_shadow_trained,online,balanced,sd_in,sd_out,test_acc,dataset,model,variant,epsilon,run_seed
0.5039153655260717,0.010791392022360013,56553,14139,0.10238183650734708,0.10238183650734708,0.1,0.26138128942237104,5790,1411,12728,50763,0.10238183650734708,0.09979489355682863,True,max_tpr_with_empirical_fpr_le_target,0.010591834208618464,0.010591834208618464,0.01,0.934788652797879,599,141,13998,55954,0.010591834208618464,0.009972416719711436,True,max_tpr_with_empirical_fpr_le_target,0.0014853323431117712,0.0014853323431117712,0.001,1.9254834367717117,84,14,14125,56469,0.0014853323431117712,0.000990169035999717,True,max_tpr_with_empirical_fpr_le_target,32,True,False,0.04135336455985353,0.0413685183792232,0.7455265577480727,DIABETES,LR,standard,,0
0.502083502409453,0.008159246632616246,56553,14139,0.10429154951991937,0.10429154951991937,0.1,0.2873099856044923,5898,1413,12726,50655,0.10429154951991937,0.09993634627625717,True,max_tpr_with_empirical_fpr_le_target,0.009955263204427705,0.009955263204427705,0.01,1.1284406176337272,563,138,14001,55990,0.009955263204427705,0.00976023764056864,True,max_tpr_with_empirical_fpr_le_target,0.0011139992573338284,0.0011139992573338284,0.001,2.5287506498554695,63,14,14125,56490,0.0011139992573338284,0.000990169035999717,True,max_tpr_with_empirical_fpr_le_target,32,True,False,0.04148460241402548,0.04157312090285987,0.7455265577480727,DIABETES,LR,standard,,1
0.4986309109869662,0.0036054535557337175,56553,14139,0.09836790267536646,0.09836790267536646,0.1,0.2736787883609708,5563,1413,12726,50990,0.09836790267536646,0.09993634627625717,True,max_tpr_with_empirical_fpr_le_target,0.011033897405973159,0.011033897405973159,0.01,1.0103081439331916,624,141,13998,55929,0.011033897405973159,0.009972416719711436,True,max_tpr_with_empirical_fpr_le_target,0.0012377769525931427,0.0012377769525931427,0.001,2.376037652016663,70,14,14125,56483,0.0012377769525931427,0.000990169035999717,True,max_tpr_with_empirical_fpr_le_target,32,True,False,0.042250712788802686,0.04223118352577316,0.7455265577480727,DIABETES,LR,standard,,2
0.5035248216537472,0.009233142231842462,56553,14139,0.10033066327162131,0.10033066327162131,0.1,0.2812967463851699,5674,1413,12726,50879,0.10033066327162131,0.09993634627625717,True,max_tpr_with_empirical_fpr_le_target,0.010415008929676587,0.010415008929676587,0.01,1.1031828289542185,589,141,13998,55964,0.010415008929676587,0.009972416719711436,True,max_tpr_with_empirical_fpr_le_target,0.0008133962831326367,0.0008133962831326367,0.001,2.7705847856418875,46,14,14125,56507,0.0008133962831326367,0.000990169035999717,True,max_tpr_with_empirical_fpr_le_target,32,True,False,0.04189662163994904,0.04185629018470078,0.7455265577480727,DIABETES,LR,standard,,3
0.5045519190215709,0.01211209263960783,56553,14139,0.10010079040899687,0.10010079040899687,0.1,0.2818867430365508,5661,1413,12726,50892,0.10010079040899687,0.09993634627625717,True,max_tpr_with_empirical_fpr_le_target,0.010273548706523085,0.010273548706523085,0.01,1.019853286636116,581,141,13998,55972,0.010273548706523085,0.009972416719711436,True,max_tpr_with_empirical_fpr_le_target,0.0012377769525931427,0.0012377769525931427,0.001,2.3166576154938223,70,14,14125,56483,0.0012377769525931427,0.000990169035999717,True,max_tpr_with_empirical_fpr_le_target,32,True,False,0.04218563004758096,0.04234662873956156,0.7455265577480727,DIABETES,LR,standard,,4
0.500258676536236,0.004091511092593425,56553,14139,0.10052517107845738,0.10052517107845738,0.1,0.2889765683454486,5685,1413,12726,50868,0.10052517107845738,0.09993634627625717,True,max_tpr_with_empirical_fpr_le_target,0.009548565062861386,0.009548565062861386,0.01,1.1054754105686597,540,141,13998,56013,0.009548565062861386,0.009972416719711436,True,max_tpr_with_empirical_fpr_le_target,0.0007073011157675101,0.0007073011157675101,0.001,2.8182843666531814,40,14,14125,56513,0.0007073011157675101,0.000990169035999717,True,max_tpr_with_empirical_fpr_le_target,32,True,False,0.042659902565061955,0.04265408185532945,0.7455265577480727,DIABETES,LR,standard,,5
0.49922040362068887,0.0030086785569266583,56553,14139,0.09898679115166305,0.09898679115166305,0.1,0.23031711074881467,5598,1413,12726,50955,0.09898679115166305,0.09993634627625717,True,max_tpr_with_empirical_fpr_le_target,0.010432691457570774,0.010432691457570774,0.01,0.8846909160198302,590,141,13998,55963,0.010432691457570774,0.009972416719711436,True,max_tpr_with_empirical_fpr_le_target,0.0013438721199582693,0.0013438721199582693,0.001,1.9927376173091536,76,14,14125,56477,0.0013438721199582693,0.000990169035999717,True,max_tpr_with_empirical_fpr_le_target,32,True,False,0.04459608611799953,0.044702914950411544,0.7455265577480727,DIABETES,LR,standard,,6
0.4972185173518144,0.0014133078389775289,56553,14139,0.09836790267536646,0.09836790267536646,0.1,0.2902492992058381,5563,1413,12726,50990,0.09836790267536646,0.09993634627625717,True,max_tpr_with_empirical_fpr_le_target,0.008788216363411313,0.008788216363411313,0.01,1.113022460168804,497,141,13998,56056,0.008788216363411313,0.009972416719711436,True,max_tpr_with_empirical_fpr_le_target,0.0006896185878733224,0.0006896185878733224,0.001,2.8013733129011955,39,14,14125,56514,0.0006896185878733224,0.000990169035999717,True,max_tpr_with_empirical_fpr_le_target,32,True,False,0.04258526213573004,0.042580438832834695,0.7455265577480727,DIABETES,LR,standard,,7
0.5031730570320729,0.008213854991092728,56553,14139,0.10363729598783442,0.10363729598783442,0.1,0.26162645969687714,5861,1413,12726,50692,0.10363729598783442,0.09993634627625717,True,max_tpr_with_empirical_fpr_le_target,0.0114052304917511,0.0114052304917511,0.01,0.9412161497176728,645,141,13998,55908,0.0114052304917511,0.009972416719711436,True,max_tpr_with_empirical_fpr_le_target,0.0017505702615245875,0.0017505702615245875,0.001,1.8715206860841465,99,14,14125,56454,0.0017505702615245875,0.000990169035999717,True,max_tpr_with_empirical_fpr_le_target,32,True,False,0.04450223476224811,0.04448009449968399,0.7455265577480727,DIABETES,LR,standard,,8
0.503246839909092,0.008058133938631806,56553,14139,0.10234647145155872,0.10234647145155872,0.1,0.2490922399622324,5788,1413,12726,50765,0.10234647145155872,0.09993634627625717,True,max_tpr_with_empirical_fpr_le_target,0.009088819337612505,0.009088819337612505,0.01,0.9483296549034823,514,141,13998,56039,0.009088819337612505,0.009972416719711436,True,max_tpr_with_empirical_fpr_le_target,0.001007904089968702,0.001007904089968702,0.001,2.217438674376472,57,14,14125,56496,0.001007904089968702,0.000990169035999717,True,max_tpr_with_empirical_fpr_le_target,32,True,False,0.04244804516501537,0.0424674198622473,0.7455265577480727,DIABETES,LR,standard,,9
0.5033508477902944,0.01028532580286512,56553,14139,0.10273548706523085,0.10273548706523085,0.1,0.260583240237811,5810,1413,12726,50743,0.10273548706523085,0.09993634627625717,True,max_tpr_with_empirical_fpr_le_target,0.008593708556575248,0.008593708556575248,0.01,1.0820302167084854,486,141,13998,56067,0.008593708556575248,0.009972416719711436,True,max_tpr_with_empirical_fpr_le_target,0.0009194914504977632,0.0009194914504977632,0.001,2.6857633367286975,52,14,14125,56501,0.0009194914504977632,0.000990169035999717,True,max_tpr_with_empirical_fpr_le_target,32,True,False,0.04269264442443459,0.04261548423024846,0.7455265577480727,DIABETES,LR,standard,,10
0.4970924310105056,0.0024675286713298217,56553,14139,0.09681184022067794,0.09681184022067794,0.1,0.2914514350023216,5475,1412,12727,51078,0.09681184022067794,0.0998656199165429,True,max_tpr_with_empirical_fpr_le_target,0.010185136067052146,0.010185136067052146,0.01,1.0370129128072492,576,141,13998,55977,0.010185136067052146,0.009972416719711436,True,max_tpr_with_empirical_fpr_le_target,0.001078634201545453,0.001078634201545453,0.001,2.5186677405356326,61,12,14127,56492,0.001078634201545453,0.000848716316571186,True,max_tpr_with_empirical_fpr_le_target,32,True,False,0.04313613136892506,0.04309546198705522,0.7455265577480727,DIABETES,LR,standard,,11
0.5013649694680247,0.006268885726744167,56553,14139,0.10211659858893428,0.10211659858893428,0.1,0.2525351969324041,5775,1413,12726,50778,0.10211659858893428,0.09993634627625717,True,max_tpr_with_empirical_fpr_le_target,0.008169327887114742,0.008169327887114742,0.01,1.0318531142859522,462,141,13998,56091,0.008169327887114742,0.009972416719711436,True,max_tpr_with_empirical_fpr_le_target,0.0007249836436616978,0.0007249836436616978,0.001,2.75594150563592,41,14,14125,56512,0.0007249836436616978,0.000990169035999717,True,max_tpr_with_empirical_fpr_le_target,32,True,False,0.04382926886429402,0.04384752002174167,0.7455265577480727,DIABETES,LR,standard,,12
0.5072907711322652,0.012950367522881867,56553,14139,0.10671405584142309,0.10671405584142309,0.1,0.2698784934312002,6035,1412,12727,50518,0.10671405584142309,0.0998656199165429,True,max_tpr_with_empirical_fpr_le_target,0.00991989814863933,0.00991989814863933,0.01,1.0415640952286598,561,141,13998,55992,0.00991989814863933,0.009972416719711436,True,max_tpr_with_empirical_fpr_le_target,0.0007603486994500734,0.0007603486994500734,0.001,2.513011762752354,43,14,14125,56510,0.0007603486994500734,0.000990169035999717,True,max_tpr_with_empirical_fpr_le_target,32,True,False,0.04157147346965605,0.041544273310741,0.7455265577480727,DIABETES,LR,standard,,13
0.49695882093429267,0.0019468489474538178,56553,14139,0.09879228334482698,0.09879228334482698,0.1,0.2456928510764873,5587,1413,12726,50966,0.09879228334482698,0.09993634627625717,True,max_tpr_with_empirical_fpr_le_target,0.010485739041253338,0.010485739041253338,0.01,0.8772382821484206,593,141,13998,55960,0.010485739041253338,0.009972416719711436,True,max_tpr_with_empirical_fpr_le_target,0.0011493643131222039,0.0011493643131222039,0.001,1.8714742644324383,65,14,14125,56488,0.0011493643131222039,0.000990169035999717,True,max_tpr_with_empirical_fpr_le_target,32,True,False,0.0435016971622143,0.04356585259711199,0.7455265577480727,DIABETES,LR,standard,,14
0.5003554670846372,0.005592740077056277,56553,14139,0.1040970417130833,0.1040970417130833,0.1,0.2632486930812854,5887,1412,12727,50666,0.1040970417130833,0.0998656199165429,True,max_tpr_with_empirical_fpr_le_target,0.011228405212809224,0.011228405212809224,0.01,0.9499282119783579,635,141,13998,55918,0.011228405212809224,0.009972416719711436,True,max_tpr_with_empirical_fpr_le_target,0.0011847293689105794,0.0011847293689105794,0.001,2.062715070788338,67,14,14125,56486,0.0011847293689105794,0.000990169035999717,True,max_tpr_with_empirical_fpr_le_target,32,True,False,0.04161182368487904,0.04165190568428249,0.7455265577480727,DIABETES,LR,standard,,15
0.49818619272159265,0.005205123908091247,56553,14139,0.09527346029388362,0.09527346029388362,0.1,0.28391666992811837,5388,1413,12726,51165,0.09527346029388362,0.09993634627625717,True,max_tpr_with_empirical_fpr_le_target,0.011387547963856912,0.011387547963856912,0.01,0.9766833870625482,644,141,13998,55909,0.011387547963856912,0.009972416719711436,True,max_tpr_with_empirical_fpr_le_target,0.0011316817852280161,0.0011316817852280161,0.001,2.1708432224142378,64,14,14125,56489,0.0011316817852280161,0.000990169035999717,True,max_tpr_with_empirical_fpr_le_target,32,True,False,0.042572253632219344,0.04256381122176685,0.7455265577480727,DIABETES,LR,standard,,16
0.4994094086958795,0.005876992434545647,56553,14139,0.10300072498364367,0.10300072498364367,0.1,0.23969187486898091,5825,1413,12726,50728,0.10300072498364367,0.09993634627625717,True,max_tpr_with_empirical_fpr_le_target,0.01046805651335915,0.01046805651335915,0.01,0.8996535453132632,592,141,13998,55961,0.01046805651335915,0.009972416719711436,True,max_tpr_with_empirical_fpr_le_target,0.0009725390341803265,0.0009725390341803265,0.001,2.1033473689738758,55,14,14125,56498,0.0009725390341803265,0.000990169035999717,True,max_tpr_with_empirical_fpr_le_target,32,True,False,0.044095900328490416,0.044079255364550124,0.7455265577480727,DIABETES,LR,standard,,17
0.4967082190314357,0.0007923633420389153,56553,14139,0.09790815695011759,0.09790815695011759,0.1,0.2650234593976051,5537,1413,12726,51016,0.09790815695011759,0.09993634627625717,True,max_tpr_with_empirical_fpr_le_target,0.00889431153077644,0.00889431153077644,0.01,0.9887685416270175,503,141,13998,56050,0.00889431153077644,0.009972416719711436,True,max_tpr_with_empirical_fpr_le_target,0.0006896185878733224,0.0006896185878733224,0.001,2.4252009031492947,39,14,14125,56514,0.0006896185878733224,0.000990169035999717,True,max_tpr_with_empirical_fpr_le_target,32,True,False,0.04223478398080173,0.04218353467422148,0.7455265577480727,DIABETES,LR,standard,,18
0.5007633883333737,0.006183557118236316,56553,14139,0.0997648223790073,0.0997648223790073,0.1,0.2765966106845057,5642,1413,12726,50911,0.0997648223790073,0.09993634627625717,True,max_tpr_with_empirical_fpr_le_target,0.009265644616554382,0.009265644616554382,0.01,1.101269099857996,524,141,13998,56029,0.009265644616554382,0.009972416719711436,True,max_tpr_with_empirical_fpr_le_target,0.0010432691457570775,0.0010432691457570775,0.001,2.5263655599511483,59,14,14125,56494,0.0010432691457570775,0.000990169035999717,True,max_tpr_with_empirical_fpr_le_target,32,True,False,0.04156358585978856,0.041611123181707045,0.7455265577480727,DIABETES,LR,standard,,19
0.4987518360161157,0.0047019241115352495,56553,14139,0.09971177479532474,0.09971177479532474,0.1,0.2679107525757993,5639,1412,12727,50914,0.09971177479532474,0.0998656199165429,True,max_tpr_with_empirical_fpr_le_target,0.009743072869697451,0.009743072869697451,0.01,1.0631760018565637,551,140,13999,56002,0.009743072869697451,0.00990169035999717,True,max_tpr_with_empirical_fpr_le_target,0.0007957137552384489,0.0007957137552384489,0.001,2.7895319043863465,45,13,14126,56508,0.0007957137552384489,0.0009194426762854516,True,max_tpr_with_empirical_fpr_le_target,32,True,False,0.043781636549647604,0.043738452305822746,0.7455265577480727,DIABETES,LR,standard,,20
0.5040800385224231,0.009702567762303937,56553,14139,0.10227574133998196,0.10227574133998196,0.1,0.26391663186451364,5784,1413,12726,50769,0.10227574133998196,0.09993634627625717,True,max_tpr_with_empirical_fpr_le_target,0.010963167294396408,0.010963167294396408,0.01,0.9995979246689588,620,141,13998,55933,0.010963167294396408,0.009972416719711436,True,max_tpr_with_empirical_fpr_le_target,0.0010432691457570775,0.0010432691457570775,0.001,2.379577240103662,59,14,14125,56494,0.0010432691457570775,0.000990169035999717,True,max_tpr_with_empirical_fpr_le_target,32,True,False,0.042122533421931264,0.042037011282007195,0.7455265577480727,DIABETES,LR,standard,,21
0.5024381397071704,0.009254043857749195,56553,14139,0.10872986402136049,0.10872986402136049,0.1,0.22194702222375673,6149,1413,12726,50404,0.10872986402136049,0.09993634627625717,True,max_tpr_with_empirical_fpr_le_target,0.011299135324385975,0.011299135324385975,0.01,0.8349600056651183,639,141,13998,55914,0.011299135324385975,0.009972416719711436,True,max_tpr_with_empirical_fpr_le_target,0.0013792371757466448,0.0013792371757466448,0.001,2.070619287304593,78,14,14125,56475,0.0013792371757466448,0.000990169035999717,True,max_tpr_with_empirical_fpr_le_target,32,True,False,0.04427113394924959,0.04431638132777418,0.7455265577480727,DIABETES,LR,standard,,22
0.4979573153531477,0.001780074908110607,56553,14139,0.09902215620745142,0.09902215620745142,0.1,0.2585969779884303,5600,1413,12726,50953,0.09902215620745142,0.09993634627625717,True,max_tpr_with_empirical_fpr_le_target,0.009778437925485828,0.009778437925485828,0.01,0.9602985647627968,553,141,13998,56000,0.009778437925485828,0.009972416719711436,True,max_tpr_with_empirical_fpr_le_target,0.0007249836436616978,0.0007249836436616978,0.001,2.434205765383244,41,13,14126,56512,0.0007249836436616978,0.0009194426762854516,True,max_tpr_with_empirical_fpr_le_target,32,True,False,0.04262299388599751,0.04262086096174838,0.7455265577480727,DIABETES,LR,standard,,23
0.5005305177326234,0.005915685392358649,56553,14139,0.10167453539157958,0.10167453539157958,0.1,0.2671700979929754,5750,1413,12726,50803,0.10167453539157958,0.09993634627625717,True,max_tpr_with_empirical_fpr_le_target,0.009902215620745142,0.009902215620745142,0.01,1.02681127354567,560,141,13998,55993,0.009902215620745142,0.009972416719711436,True,max_tpr_with_empirical_fpr_le_target,0.0010609516736512653,0.0010609516736512653,0.001,2.4000655032539147,60,14,14125,56493,0.0010609516736512653,0.000990169035999717,True,max_tpr_with_empirical_fpr_le_target,32,True,False,0.04237025882988471,0.04240608913268729,0.7455265577480727,DIABETES,LR,standard,,24
0.49993935176823223,0.005319390631949861,56553,14139,0.1011971071384365,0.1011971071384365,0.1,0.27654165906186856,5723,1413,12726,50830,0.1011971071384365,0.09993634627625717,True,max_tpr_with_empirical_fpr_le_target,0.011193040157020847,0.011193040157020847,0.01,1.0166812373566927,633,141,13998,55920,0.011193040157020847,0.009972416719711436,True,max_tpr_with_empirical_fpr_le_target,0.0014499672873233957,0.0014499672873233957,0.001,2.1378537491801697,82,14,14125,56471,0.0014499672873233957,0.000990169035999717,True,max_tpr_with_empirical_fpr_le_target,32,True,False,0.04222344930785089,0.04217855233468376,0.7455265577480727,DIABETES,LR,standard,,25
0.49667975240013745,0.00266923255041307,56553,14139,0.10107332944317719,0.10107332944317719,0.1,0.27090017635857655,5716,1413,12726,50837,0.10107332944317719,0.09993634627625717,True,max_tpr_with_empirical_fpr_le_target,0.010768659487560341,0.010768659487560341,0.01,1.0201480453500291,609,141,13998,55944,0.010768659487560341,0.009972416719711436,True,max_tpr_with_empirical_fpr_le_target,0.0011670468410163917,0.0011670468410163917,0.001,2.2310654124577547,66,14,14125,56487,0.0011670468410163917,0.000990169035999717,True,max_tpr_with_empirical_fpr_le_target,32,True,False,0.043235196771105495,0.04318992177720249,0.7455265577480727,DIABETES,LR,standard,,26
0.5000709833622945,0.006775612274036558,56553,14139,0.09836790267536646,0.09836790267536646,0.1,0.2689143501289204,5563,1413,12726,50990,0.09836790267536646,0.09993634627625717,True,max_tpr_with_empirical_fpr_le_target,0.009071136809718317,0.009071136809718317,0.01,1.022622671689481,513,141,13998,56040,0.009071136809718317,0.009972416719711436,True,max_tpr_with_empirical_fpr_le_target,0.0009194914504977632,0.0009194914504977632,0.001,2.3725335857965266,52,14,14125,56501,0.0009194914504977632,0.000990169035999717,True,max_tpr_with_empirical_fpr_le_target,32,True,False,0.04401722976570176,0.04409559090913119,0.7455265577480727,DIABETES,LR,standard,,27
0.5010859909785691,0.00747176660635962,56553,14139,0.105104945803052,0.105104945803052,0.1,0.2495193262179476,5944,1413,12726,50609,0.105104945803052,0.09993634627625717,True,max_tpr_with_empirical_fpr_le_target,0.009654660230226514,0.009654660230226514,0.01,1.015858138558491,546,141,13998,56007,0.009654660230226514,0.009972416719711436,True,max_tpr_with_empirical_fpr_le_target,0.0007249836436616978,0.0007249836436616978,0.001,2.59875404065006,41,14,14125,56512,0.0007249836436616978,0.000990169035999717,True,max_tpr_with_empirical_fpr_le_target,32,True,False,0.043244687481798647,0.04321390915740459,0.7455265577480727,DIABETES,LR,standard,,28
0.4999541741262916,0.0056547733713915305,56553,14139,0.09824412498010715,0.09824412498010715,0.1,0.27545228404913313,5556,1412,12727,50997,0.09824412498010715,0.0998656199165429,True,max_tpr_with_empirical_fpr_le_target,0.009583930118649763,0.009583930118649763,0.01,1.00703933925327,542,141,13998,56011,0.009583930118649763,0.009972416719711436,True,max_tpr_with_empirical_fpr_le_target,0.0013792371757466448,0.0013792371757466448,0.001,2.2934362459640867,78,13,14126,56475,0.0013792371757466448,0.0009194426762854516,True,max_tpr_with_empirical_fpr_le_target,32,True,False,0.04267732800824079,0.04262745350972359,0.7455265577480727,DIABETES,LR,standard,,29
0.503014864752855,0.009835972736701004,56553,14139,0.09748377628065709,0.09748377628065709,0.1,0.20688817586851727,5513,1412,12727,51040,0.09748377628065709,0.0998656199165429,True,max_tpr_with_empirical_fpr_le_target,0.009937580676533516,0.009937580676533516,0.01,0.798820863086152,562,141,13998,55991,0.009937580676533516,0.009972416719711436,True,max_tpr_with_empirical_fpr_le_target,0.0010963167294396406,0.0010963167294396406,0.001,1.8608053823779513,62,14,14125,56491,0.0010963167294396406,0.000990169035999717,True,max_tpr_with_empirical_fpr_le_target,32,True,False,1.992095994709783,1.992859565021676,0.7163872975457953,DIABETES,LR,dp,0.1,0
0.5060214210062356,0.011608675235027621,56553,14139,0.10188672572630983,0.10188672572630983,0.1,0.16409091258784425,5762,1413,12726,50791,0.10188672572630983,0.09993634627625717,True,max_tpr_with_empirical_fpr_le_target,0.010061358371792832,0.010061358371792832,0.01,0.7308746970699429,569,140,13999,55984,0.010061358371792832,0.00990169035999717,True,max_tpr_with_empirical_fpr_le_target,0.0015560624546885223,0.0015560624546885223,0.001,1.4641342156842114,88,14,14125,56465,0.0015560624546885223,0.000990169035999717,True,max_tpr_with_empirical_fpr_le_target,32,True,False,2.16434369437124,2.169706662080803,0.7163872975457953,DIABETES,LR,dp,0.1,1
0.49852385659342563,0.0027996698015841925,56553,14139,0.09470761940126961,0.09470761940126961,0.1,0.2039511634741924,5356,1413,12726,51197,0.09470761940126961,0.09993634627625717,True,max_tpr_with_empirical_fpr_le_target,0.010450373985464962,0.010450373985464962,0.01,0.7556498878311171,591,141,13998,55962,0.010450373985464962,0.009972416719711436,True,max_tpr_with_empirical_fpr_le_target,0.0013438721199582693,0.0013438721199582693,0.001,1.6895902673259178,76,14,14125,56477,0.0013438721199582693,0.000990169035999717,True,max_tpr_with_empirical_fpr_le_target,32,True,False,2.367907254968099,2.3757988647142687,0.7163872975457953,DIABETES,LR,dp,0.1,2
0.5022216910085191,0.005565745426473145,56553,14139,0.10298304245574948,0.10298304245574948,0.1,0.2021625768020643,5824,1413,12726,50729,0.10298304245574948,0.09993634627625717,True,max_tpr_with_empirical_fpr_le_target,0.01030891376231146,0.01030891376231146,0.01,0.8604621371962313,583,141,13998,55970,0.01030891376231146,0.009972416719711436,True,max_tpr_with_empirical_fpr_le_target,0.001432284759429208,0.001432284759429208,0.001,1.8238867515038013,81,14,14125,56472,0.001432284759429208,0.000990169035999717,True,max_tpr_with_empirical_fpr_le_target,32,True,False,1.9885300580036414,1.984880807541912,0.7163872975457953,DIABETES,LR,dp,0.1,3
0.4960319508209067,0.0013089047615933574,56553,14139,0.09698866549961982,0.09698866549961982,0.1,0.1825697061477365,5485,1413,12726,51068,0.09698866549961982,0.09993634627625717,True,max_tpr_with_empirical_fpr_le_target,0.010485739041253338,0.010485739041253338,0.01,0.7541979692335543,593,141,13998,55960,0.010485739041253338,0.009972416719711436,True,max_tpr_with_empirical_fpr_le_target,0.001785935317312963,0.001785935317312963,0.001,1.5300864921209447,101,13,14126,56452,0.001785935317312963,0.0009194426762854516,True,max_tpr_with_empirical_fpr_le_target,32,True,False,2.222472879475412,2.226222893177784,0.7163872975457953,DIABETES,LR,dp,0.1,4
0.501595959135049,0.007093181170397145,56553,14139,0.1022403762841936,0.1022403762841936,0.1,0.163367397903732,5782,1413,12726,50771,0.1022403762841936,0.09993634627625717,True,max_tpr_with_empirical_fpr_le_target,0.009866850564956767,0.009866850564956767,0.01,0.6822938342408982,558,141,13998,55995,0.009866850564956767,0.009972416719711436,True,max_tpr_with_empirical_fpr_le_target,0.0011493643131222039,0.0011493643131222039,0.001,1.5298723275988877,65,13,14126,56488,0.0011493643131222039,0.0009194426762854516,True,max_tpr_with_empirical_fpr_le_target,32,True,False,2.4085434032891997,2.413152622904987,0.7163872975457953,DIABETES,LR,dp,0.1,5
0.5036096112446781,0.009905025765746811,56553,14139,0.10460983502201475,0.10460983502201475,0.1,0.15246319755415527,5916,1413,12726,50637,0.10460983502201475,0.09993634627625717,True,max_tpr_with_empirical_fpr_le_target,0.01124608774070341,0.01124608774070341,0.01,0.67244461587629,636,141,13998,55917,0.01124608774070341,0.009972416719711436,True,max_tpr_with_empirical_fpr_le_target,0.0007957137552384489,0.0007957137552384489,0.001,1.6960569769565832,45,14,14125,56508,0.0007957137552384489,0.000990169035999717,True,max_tpr_with_empirical_fpr_le_target,32,True,False,2.4828778534387714,2.4798110778688804,0.7163872975457953,DIABETES,LR,dp,0.1,6
0.502829842905003,0.008541021151691308,56553,14139,0.10137393241737838,0.10137393241737838,0.1,0.18390094158551884,5733,1413,12726,50820,0.10137393241737838,0.09993634627625717,True,max_tpr_with_empirical_fpr_le_target,0.00976075539759164,0.00976075539759164,0.01,0.7145259643072395,552,141,13998,56001,0.00976075539759164,0.009972416719711436,True,max_tpr_with_empirical_fpr_le_target,0.0009371739783919509,0.0009371739783919509,0.001,1.5664497789680651,53,13,14126,56500,0.0009371739783919509,0.0009194426762854516,True,max_tpr_with_empirical_fpr_le_target,32,True,False,2.2159038516834966,2.2137562079194244,0.7163872975457953,DIABETES,LR,dp,0.1,7
0.502955475270951,0.00710221190339988,56553,14139,0.09994164765794918,0.09994164765794918,0.1,0.2087461191518183,5652,1413,12726,50901,0.09994164765794918,0.09993634627625717,True,max_tpr_with_empirical_fpr_le_target,0.009972945732321893,0.009972945732321893,0.01,0.9500294550582269,564,141,13998,55989,0.009972945732321893,0.009972416719711436,True,max_tpr_with_empirical_fpr_le_target,0.0012554594804873305,0.0012554594804873305,0.001,2.2172363459170885,71,13,14126,56482,0.0012554594804873305,0.0009194426762854516,True,max_tpr_with_empirical_fpr_le_target,32,True,False,2.136188605193039,2.137920743077181,0.7163872975457953,DIABETES,LR,dp,0.1,8
0.5011741209777328,0.005533453146060352,56553,14139,0.1011971071384365,0.1011971071384365,0.1,0.20122170675679651,5723,1413,12726,50830,0.1011971071384365,0.09993634627625717,True,max_tpr_with_empirical_fpr_le_target,0.009053454281824129,0.009053454281824129,0.01,0.8663801011004328,512,141,13998,56041,0.009053454281824129,0.009972416719711436,True,max_tpr_with_empirical_fpr_le_target,0.0008664438668151999,0.0008664438668151999,0.001,2.0414016299676536,49,14,14125,56504,0.0008664438668151999,0.000990169035999717,True,max_tpr_with_empirical_fpr_le_target,32,True,False,2.1258939310368445,2.131320403007089,0.7163872975457953,DIABETES,LR,dp,0.1,9
0.49793494299714663,0.003312995874988567,56553,14139,0.09810266475695366,0.09810266475695366,0.1,0.20965900416487715,5548,1413,12726,51005,0.09810266475695366,0.09993634627625717,True,max_tpr_with_empirical_fpr_le_target,0.009654660230226514,0.009654660230226514,0.01,0.915782560055455,546,141,13998,56007,0.009654660230226514,0.009972416719711436,True,max_tpr_with_empirical_fpr_le_target,0.0009725390341803265,0.0009725390341803265,0.001,2.1131465932582425,55,14,14125,56498,0.0009725390341803265,0.000990169035999717,True,max_tpr_with_empirical_fpr_le_target,32,True,False,1.9865161705782455,1.9966233520463816,0.7163872975457953,DIABETES,LR,dp,0.1,10
0.5041590139771222,0.007469759359929828,56553,14139,0.10473361271727406,0.10473361271727406,0.1,0.1745956103857218,5923,1413,12726,50630,0.10473361271727406,0.09993634627625717,True,max_tpr_with_empirical_fpr_le_target,0.011369865435962726,0.011369865435962726,0.01,0.6737243162030344,643,141,13998,55910,0.011369865435962726,0.009972416719711436,True,max_tpr_with_empirical_fpr_le_target,0.0015914275104768978,0.0015914275104768978,0.001,1.3779214799602135,90,14,14125,56463,0.0015914275104768978,0.000990169035999717,True,max_tpr_with_empirical_fpr_le_target,32,True,False,2.1010800733160653,2.100738257114965,0.7163872975457953,DIABETES,LR,dp,0.1,11
0.5008771960793882,0.007891600018487668,56553,14139,0.10731526178982548,0.10731526178982548,0.1,0.16499086995711876,6069,1413,12726,50484,0.10731526178982548,0.09993634627625717,True,max_tpr_with_empirical_fpr_le_target,0.011988753912259297,0.011988753912259297,0.01,0.5869282300841001,678,141,13998,55875,0.011988753912259297,0.009972416719711436,True,max_tpr_with_empirical_fpr_le_target,0.0015383799267943345,0.0015383799267943345,0.001,1.1775613652323598,87,14,14125,56466,0.0015383799267943345,0.000990169035999717,True,max_tpr_with_empirical_fpr_le_target,32,True,False,2.6082071677810497,2.6114442800436892,0.7163872975457953,DIABETES,LR,dp,0.1,12
0.4953356063942177,0.001323533273424382,56553,14139,0.09695330044383145,0.09695330044383145,0.1,0.19010852800838363,5483,1413,12726,51070,0.09695330044383145,0.09993634627625717,True,max_tpr_with_empirical_fpr_le_target,0.010379643873888211,0.010379643873888211,0.01,0.7999679487106444,587,141,13998,55966,0.010379643873888211,0.009972416719711436,True,max_tpr_with_empirical_fpr_le_target,0.0008664438668151999,0.0008664438668151999,0.001,2.305150044416342,49,14,14125,56504,0.0008664438668151999,0.000990169035999717,True,max_tpr_with_empirical_fpr_le_target,32,True,False,2.166028337406238,2.167369171871485,0.7163872975457953,DIABETES,LR,dp,0.1,13
0.4995773220507975,0.0047992736874465924,56553,14139,0.09907520379113398,0.09907520379113398,0.1,0.20426675641059577,5603,1412,12727,50950,0.09907520379113398,0.0998656199165429,True,max_tpr_with_empirical_fpr_le_target,0.009990628260216081,0.009990628260216081,0.01,0.8925572449517372,565,141,13998,55988,0.009990628260216081,0.009972416719711436,True,max_tpr_with_empirical_fpr_le_target,0.0008133962831326367,0.0008133962831326367,0.001,2.460629084886614,46,14,14125,56507,0.0008133962831326367,0.000990169035999717,True,max_tpr_with_empirical_fpr_le_target,32,True,False,2.1577429953684386,2.1598252842838237,0.7163872975457953,DIABETES,LR,dp,0.1,14
0.49520478395183143,0.0018240017140909032,56553,14139,0.09766060155959896,0.09766060155959896,0.1,0.1798680610424923,5523,1413,12726,51030,0.09766060155959896,0.09993634627625717,True,max_tpr_with_empirical_fpr_le_target,0.009495517479178824,0.009495517479178824,0.01,0.7413496385051619,537,141,13998,56016,0.009495517479178824,0.009972416719711436,True,max_tpr_with_empirical_fpr_le_target,0.0007073011157675101,0.0007073011157675101,0.001,1.86078765360923,40,14,14125,56513,0.0007073011157675101,0.000990169035999717,True,max_tpr_with_empirical_fpr_le_target,32,True,False,2.2802344310094593,2.2842530471519122,0.7163872975457953,DIABETES,LR,dp,0.1,15
0.5038377620024217,0.00813415417631308,56553,14139,0.10199282089367497,0.10199282089367497,0.1,0.1761632135223561,5768,1413,12726,50785,0.10199282089367497,0.09993634627625717,True,max_tpr_with_empirical_fpr_le_target,0.010025993316004456,0.010025993316004456,0.01,0.7999208712568042,567,141,13998,55986,0.010025993316004456,0.009972416719711436,True,max_tpr_with_empirical_fpr_le_target,0.0011316817852280161,0.0011316817852280161,0.001,1.9116108110753598,64,14,14125,56489,0.0011316817852280161,0.000990169035999717,True,max_tpr_with_empirical_fpr_le_target,32,True,False,2.2149212692523483,2.209339843680954,0.7163872975457953,DIABETES,LR,dp,0.1,16
0.49805993754647204,0.0030265524298076496,56553,14139,0.10102028185949463,0.10102028185949463,0.1,0.17820464803041536,5713,1412,12727,50840,0.10102028185949463,0.0998656199165429,True,max_tpr_with_empirical_fpr_le_target,0.009088819337612505,0.009088819337612505,0.01,0.7155142521905558,514,140,13999,56039,0.009088819337612505,0.00990169035999717,True,max_tpr_with_empirical_fpr_le_target,0.0007249836436616978,0.0007249836436616978,0.001,1.6682892893164611,41,13,14126,56512,0.0007249836436616978,0.0009194426762854516,True,max_tpr_with_empirical_fpr_le_target,32,True,False,2.430878948011498,2.435673981328156,0.7163872975457953,DIABETES,LR,dp,0.1,17
0.5013878445735989,0.0060006463183429615,56553,14139,0.10126783725001326,0.10126783725001326,0.1,0.17150028522799898,5727,1413,12726,50826,0.10126783725001326,0.09993634627625717,True,max_tpr_with_empirical_fpr_le_target,0.010733294431771966,0.010733294431771966,0.01,0.6537481488432837,607,140,13999,55946,0.010733294431771966,0.00990169035999717,True,max_tpr_with_empirical_fpr_le_target,0.0014676498152175834,0.0014676498152175834,0.001,1.2638243104426516,83,14,14125,56470,0.0014676498152175834,0.000990169035999717,True,max_tpr_with_empirical_fpr_le_target,32,True,False,2.3980344328914605,2.400065139211415,0.7163872975457953,DIABETES,LR,dp,0.1,18
0.505099339520002,0.011448346895434558,56553,14139,0.10418545435255425,0.10418545435255425,0.1,0.1936693343119571,5892,1413,12726,50661,0.10418545435255425,0.09993634627625717,True,max_tpr_with_empirical_fpr_le_target,0.010680246848089403,0.010680246848089403,0.01,0.7797003655663506,604,139,14000,55949,0.010680246848089403,0.009830964000282905,True,max_tpr_with_empirical_fpr_le_target,0.0009194914504977632,0.0009194914504977632,0.001,1.9029616199830184,52,14,14125,56501,0.0009194914504977632,0.000990169035999717,True,max_tpr_with_empirical_fpr_le_target,32,True,False,2.2728366182781876,2.2705344009079775,0.7163872975457953,DIABETES,LR,dp,0.1,19
0.50134613887021,0.007220721983729472,56553,14139,0.0997648223790073,0.0997648223790073,0.1,0.18793961534817072,5642,1413,12726,50911,0.0997648223790073,0.09993634627625717,True,max_tpr_with_empirical_fpr_le_target,0.010485739041253338,0.010485739041253338,0.01,0.8159696588219605,593,141,13998,55960,0.010485739041253338,0.009972416719711436,True,max_tpr_with_empirical_fpr_le_target,0.0010963167294396406,0.0010963167294396406,0.001,1.9260046162974522,62,14,14125,56491,0.0010963167294396406,0.000990169035999717,True,max_tpr_with_empirical_fpr_le_target,32,True,False,2.2102632643417817,2.206932095583808,0.7163872975457953,DIABETES,LR,dp,0.1,20
0.500306770410817,0.004442186423526118,56553,14139,0.10082577405265856,0.10082577405265856,0.1,0.17809797120750948,5702,1413,12726,50851,0.10082577405265856,0.09993634627625717,True,max_tpr_with_empirical_fpr_le_target,0.009336374728131133,0.009336374728131133,0.01,0.7850934668782186,528,141,13998,56025,0.009336374728131133,0.009972416719711436,True,max_tpr_with_empirical_fpr_le_target,0.0009194914504977632,0.0009194914504977632,0.001,1.877106449995305,52,14,14125,56501,0.0009194914504977632,0.000990169035999717,True,max_tpr_with_empirical_fpr_le_target,32,True,False,2.145819496702386,2.1455798027462123,0.7163872975457953,DIABETES,LR,dp,0.1,21
0.5018948024857445,0.007110814924079056,56553,14139,0.1001892030484678,0.1001892030484678,0.1,0.1745506864587565,5666,1413,12726,50887,0.1001892030484678,0.09993634627625717,True,max_tpr_with_empirical_fpr_le_target,0.010043675843898644,0.010043675843898644,0.01,0.7489461082714943,568,141,13998,55985,0.010043675843898644,0.009972416719711436,True,max_tpr_with_empirical_fpr_le_target,0.0010963167294396406,0.0010963167294396406,0.001,1.763385809456849,62,13,14126,56491,0.0010963167294396406,0.0009194426762854516,True,max_tpr_with_empirical_fpr_le_target,32,True,False,2.0939611309724633,2.0877855393411417,0.7163872975457953,DIABETES,LR,dp,0.1,22
0.5014398766531686,0.006264942519271899,56553,14139,0.09880996587272116,0.09880996587272116,0.1,0.17048562230518582,5588,1413,12726,50965,0.09880996587272116,0.09993634627625717,True,max_tpr_with_empirical_fpr_le_target,0.009071136809718317,0.009071136809718317,0.01,0.6661103917003381,513,140,13999,56040,0.009071136809718317,0.00990169035999717,True,max_tpr_with_empirical_fpr_le_target,0.0011316817852280161,0.0011316817852280161,0.001,1.4603822140606828,64,14,14125,56489,0.0011316817852280161,0.000990169035999717,True,max_tpr_with_empirical_fpr_le_target,32,True,False,2.368333543517032,2.370248058046433,0.7163872975457953,DIABETES,LR,dp,0.1,23
0.49986065019949455,0.004229894788508798,56553,14139,0.10273548706523085,0.10273548706523085,0.1,0.16272676728837188,5810,1413,12726,50743,0.10273548706523085,0.09993634627625717,True,max_tpr_with_empirical_fpr_le_target,0.010644881792301027,0.010644881792301027,0.01,0.6309017832155988,602,141,13998,55951,0.010644881792301027,0.009972416719711436,True,max_tpr_with_empirical_fpr_le_target,0.0007249836436616978,0.0007249836436616978,0.001,1.4939105856733423,41,14,14125,56512,0.0007249836436616978,0.000990169035999717,True,max_tpr_with_empirical_fpr_le_target,32,True,False,2.6097335897945584,2.615299477009425,0.7163872975457953,DIABETES,LR,dp,0.1,24
0.5011406756249162,0.00472078472424986,56553,14139,0.0978904744222234,0.0978904744222234,0.1,0.18517772567998225,5536,1413,12726,51017,0.0978904744222234,0.09993634627625717,True,max_tpr_with_empirical_fpr_le_target,0.010025993316004456,0.010025993316004456,0.01,0.728329674618263,567,141,13998,55986,0.010025993316004456,0.009972416719711436,True,max_tpr_with_empirical_fpr_le_target,0.0013085070641698938,0.0013085070641698938,0.001,1.802267934724998,74,14,14125,56479,0.0013085070641698938,0.000990169035999717,True,max_tpr_with_empirical_fpr_le_target,32,True,False,2.127361546598267,2.1298160468692746,0.7163872975457953,DIABETES,LR,dp,0.1,25
0.49445539069083905,0.002151963269536372,56553,14139,0.09997701271373756,0.09997701271373756,0.1,0.18513204104572178,5654,1413,12726,50899,0.09997701271373756,0.09993634627625717,True,max_tpr_with_empirical_fpr_le_target,0.009000406698141566,0.009000406698141566,0.01,0.7961371444399492,509,140,13999,56044,0.009000406698141566,0.00990169035999717,True,max_tpr_with_empirical_fpr_le_target,0.001503014871005959,0.001503014871005959,0.001,1.7434680558549651,85,14,14125,56468,0.001503014871005959,0.000990169035999717,True,max_tpr_with_empirical_fpr_le_target,32,True,False,2.422542568750246,2.4269809963824542,0.7163872975457953,DIABETES,LR,dp,0.1,26
0.5024882858505308,0.010331166058712982,56553,14139,0.10110869449896558,0.10110869449896558,0.1,0.18333814589555386,5718,1413,12726,50835,0.10110869449896558,0.09993634627625717,True,max_tpr_with_empirical_fpr_le_target,0.010025993316004456,0.010025993316004456,0.01,0.7566891557530626,567,141,13998,55986,0.010025993316004456,0.009972416719711436,True,max_tpr_with_empirical_fpr_le_target,0.0011493643131222039,0.0011493643131222039,0.001,1.7101016040235502,65,14,14125,56488,0.0011493643131222039,0.000990169035999717,True,max_tpr_with_empirical_fpr_le_target,32,True,False,2.235431766798235,2.2349233648007005,0.7163872975457953,DIABETES,LR,dp,0.1,27
0.5013394067782901,0.006819805462253248,56553,14139,0.09824412498010715,0.09824412498010715,0.1,0.1743660368631028,5556,1413,12726,50997,0.09824412498010715,0.09993634627625717,True,max_tpr_with_empirical_fpr_le_target,0.010132088483369583,0.010132088483369583,0.01,0.7272437151176141,573,141,13998,55980,0.010132088483369583,0.009972416719711436,True,max_tpr_with_empirical_fpr_le_target,0.0015206973989001467,0.0015206973989001467,0.001,1.5287697152951902,86,14,14125,56467,0.0015206973989001467,0.000990169035999717,True,max_tpr_with_empirical_fpr_le_target,32,True,False,2.326014721390433,2.3200945869249945,0.7163872975457953,DIABETES,LR,dp,0.1,28
0.5027246957082259,0.008794962212160251,56553,14139,0.10029529821583294,0.10029529821583294,0.1,0.18693251546561584,5672,1413,12726,50881,0.10029529821583294,0.09993634627625717,True,max_tpr_with_empirical_fpr_le_target,0.009177231977083445,0.009177231977083445,0.01,1.0949827213461543,519,141,13998,56034,0.009177231977083445,0.009972416719711436,True,max_tpr_with_empirical_fpr_le_target,0.0007426661715558856,0.0007426661715558856,0.001,2.5724604679062937,42,13,14126,56511,0.0007426661715558856,0.0009194426762854516,True,max_tpr_with_empirical_fpr_le_target,32,True,False,2.1556851423665235,2.1531688911364677,0.7163872975457953,DIABETES,LR,dp,0.1,29
0.5020744066441672,0.007907736779037888,56553,14139,0.09753682386433965,0.09753682386433965,0.1,0.24462966395773522,5516,1413,12726,51037,0.09753682386433965,0.09993634627625717,True,max_tpr_with_empirical_fpr_le_target,0.010361961345994023,0.010361961345994023,0.01,0.9923289113380058,586,141,13998,55967,0.010361961345994023,0.009972416719711436,True,max_tpr_with_empirical_fpr_le_target,0.0011670468410163917,0.0011670468410163917,0.001,2.7656960679318736,66,14,14125,56487,0.0011670468410163917,0.000990169035999717,True,max_tpr_with_empirical_fpr_le_target,32,True,False,0.8959405021839507,0.8961936675494063,0.7337152556757903,DIABETES,LR,dp,0.2,0
0.5071045099191722,0.015278338165338301,56553,14139,0.10201050342156914,0.10201050342156914,0.1,0.15489255855496897,5769,1413,12726,50784,0.10201050342156914,0.09993634627625717,True,max_tpr_with_empirical_fpr_le_target,0.009566247590755575,0.009566247590755575,0.01,0.876961759677275,541,141,13998,56012,0.009566247590755575,0.009972416719711436,True,max_tpr_with_empirical_fpr_le_target,0.0009902215620745142,0.0009902215620745142,0.001,2.5110710990296496,56,14,14125,56497,0.0009902215620745142,0.000990169035999717,True,max_tpr_with_empirical_fpr_le_target,32,True,False,1.0931810461201326,1.0957109304982737,0.7337152556757903,DIABETES,LR,dp,0.2,1
0.49984733233829187,0.004219847300772628,56553,14139,0.09912825137481654,0.09912825137481654,0.1,0.19659215922219397,5606,1413,12726,50947,0.09912825137481654,0.09993634627625717,True,max_tpr_with_empirical_fpr_le_target,0.009548565062861386,0.009548565062861386,0.01,0.9424172102568891,540,141,13998,56013,0.009548565062861386,0.009972416719711436,True,max_tpr_with_empirical_fpr_le_target,0.0014146022315350202,0.0014146022315350202,0.001,2.5666700727362652,80,14,14125,56473,0.0014146022315350202,0.000990169035999717,True,max_tpr_with_empirical_fpr_le_target,32,True,False,1.1995912581918895,1.2010445383502666,0.7337152556757903,DIABETES,LR,dp,0.2,2
0.503282784002324,0.008989740153095283,56553,14139,0.10054285360635157,0.10054285360635157,0.1,0.18657260924263408,5686,1413,12726,50867,0.10054285360635157,0.09993634627625717,True,max_tpr_with_empirical_fpr_le_target,0.009636977702332326,0.009636977702332326,0.01,0.9095860149561485,545,141,13998,56008,0.009636977702332326,0.009972416719711436,True,max_tpr_with_empirical_fpr_le_target,0.0012731420083815182,0.0012731420083815182,0.001,2.841379134399064,72,13,14126,56481,0.0012731420083815182,0.0009194426762854516,True,max_tpr_with_empirical_fpr_le_target,32,True,False,1.0218270065998385,1.0176338978515074,0.7337152556757903,DIABETES,LR,dp,0.2,3
0.4978950544458215,0.003676487568171849,56553,14139,0.09562711085176737,0.09562711085176737,0.1,0.1724902091533702,5408,1413,12726,51145,0.09562711085176737,0.09993634627625717,True,max_tpr_with_empirical_fpr_le_target,0.011475960603327852,0.011475960603327852,0.01,0.8516327048497647,649,141,13998,55904,0.011475960603327852,0.009972416719711436,True,max_tpr_with_empirical_fpr_le_target,0.0015206973989001467,0.0015206973989001467,0.001,2.4814868854804226,86,14,14125,56467,0.0015206973989001467,0.000990169035999717,True,max_tpr_with_empirical_fpr_le_target,32,True,False,1.205433890881137,1.205533406433914,0.7337152556757903,DIABETES,LR,dp,0.2,4
0.5016700309054795,0.008212853243809104,56553,14139,0.1013562498894842,0.1013562498894842,0.1,0.1618712607661945,5732,1412,12727,50821,0.1013562498894842,0.0998656199165429,True,max_tpr_with_empirical_fpr_le_target,0.00983148550916839,0.00983148550916839,0.01,0.776155954636844,556,141,13998,55997,0.00983148550916839,0.009972416719711436,True,max_tpr_with_empirical_fpr_le_target,0.0013438721199582693,0.0013438721199582693,0.001,1.9430611127030475,76,12,14127,56477,0.0013438721199582693,0.000848716316571186,True,max_tpr_with_empirical_fpr_le_target,32,True,False,1.156937706634455,1.159514658543296,0.7337152556757903,DIABETES,LR,dp,0.2,5
0.5052611023216854,0.011105858128445112,56553,14139,0.10388485137835304,0.10388485137835304,0.1,0.15269214505132211,5875,1413,12726,50678,0.10388485137835304,0.09993634627625717,True,max_tpr_with_empirical_fpr_le_target,0.011369865435962726,0.011369865435962726,0.01,0.7193750929435097,643,141,13998,55910,0.011369865435962726,0.009972416719711436,True,max_tpr_with_empirical_fpr_le_target,0.0007603486994500734,0.0007603486994500734,0.001,2.400205739320838,43,13,14126,56510,0.0007603486994500734,0.0009194426762854516,True,max_tpr_with_empirical_fpr_le_target,32,True,False,1.26192904597017,1.2614092110463235,0.7337152556757903,DIABETES,LR,dp,0.2,6
0.5023787427215415,0.007635858064025669,56553,14139,0.09806729970116528,0.09806729970116528,0.1,0.17073788867833595,5546,1413,12726,51007,0.09806729970116528,0.09993634627625717,True,max_tpr_with_empirical_fpr_le_target,0.009619295174438137,0.009619295174438137,0.01,0.8127309616135121,544,141,13998,56009,0.009619295174438137,0.009972416719711436,True,max_tpr_with_empirical_fpr_le_target,0.0011139992573338284,0.0011139992573338284,0.001,2.6832152996906076,63,14,14125,56490,0.0011139992573338284,0.000990169035999717,True,max_tpr_with_empirical_fpr_le_target,32,True,False,1.0776371802703186,1.074929878393405,0.7337152556757903,DIABETES,LR,dp,0.2,7
0.5000369652251384,0.006550031542095436,56553,14139,0.0983148550916839,0.0983148550916839,0.1,0.18540027066724107,5560,1413,12726,50993,0.0983148550916839,0.09993634627625717,True,max_tpr_with_empirical_fpr_le_target,0.009690025286014889,0.009690025286014889,0.01,0.9567968735309973,548,141,13998,56005,0.009690025286014889,0.009972416719711436,True,max_tpr_with_empirical_fpr_le_target,0.0009902215620745142,0.0009902215620745142,0.001,2.6181769077837083,56,14,14125,56497,0.0009902215620745142,0.000990169035999717,True,max_tpr_with_empirical_fpr_le_target,32,True,False,1.1276082672181067,1.124755261374455,0.7337152556757903,DIABETES,LR,dp,0.2,8
0.49934233414898443,0.0034805427980037495,56553,14139,0.09725390341803264,0.09725390341803264,0.1,0.19225435532283042,5500,1413,12726,51053,0.09725390341803264,0.09993634627625717,True,max_tpr_with_empirical_fpr_le_target,0.01014977101126377,0.01014977101126377,0.01,0.9259465619788703,574,140,13999,55979,0.01014977101126377,0.00990169035999717,True,max_tpr_with_empirical_fpr_le_target,0.0007957137552384489,0.0007957137552384489,0.001,3.105772148945993,45,14,14125,56508,0.0007957137552384489,0.000990169035999717,True,max_tpr_with_empirical_fpr_le_target,32,True,False,1.1171084595415057,1.118714685956843,0.7337152556757903,DIABETES,LR,dp,0.2,9
0.4982915450201856,0.003722909362704918,56553,14139,0.09592771382596856,0.09592771382596856,0.1,0.2603299274131621,5425,1413,12726,51128,0.09592771382596856,0.09993634627625717,True,max_tpr_with_empirical_fpr_le_target,0.00960161264654395,0.00960161264654395,0.01,1.1326565176677816,543,141,13998,56010,0.00960161264654395,0.009972416719711436,True,max_tpr_with_empirical_fpr_le_target,0.001007904089968702,0.001007904089968702,0.001,3.195753449903139,57,14,14125,56496,0.001007904089968702,0.000990169035999717,True,max_tpr_with_empirical_fpr_le_target,32,True,False,0.8860795908460759,0.8900591426838893,0.7337152556757903,DIABETES,LR,dp,0.2,10
0.5012988791597217,0.00534793855360205,56553,14139,0.0978904744222234,0.0978904744222234,0.1,0.17200348207481753,5536,1413,12726,51017,0.0978904744222234,0.09993634627625717,True,max_tpr_with_empirical_fpr_le_target,0.011422913019645289,0.011422913019645289,0.01,0.71975432049563,646,141,13998,55907,0.011422913019645289,0.009972416719711436,True,max_tpr_with_empirical_fpr_le_target,0.0022987286262444078,0.0022987286262444078,0.001,1.4746050765701093,130,14,14125,56423,0.0022987286262444078,0.000990169035999717,True,max_tpr_with_empirical_fpr_le_target,32,True,False,0.9942394428653729,0.9920004450144333,0.7337152556757903,DIABETES,LR,dp,0.2,11
0.4993262186489884,0.0037997625138579405,56553,14139,0.10160380528000283,0.10160380528000283,0.1,0.1463338301480559,5746,1413,12726,50807,0.10160380528000283,0.09993634627625717,True,max_tpr_with_empirical_fpr_le_target,0.010503421569147525,0.010503421569147525,0.01,0.6714201703184133,594,141,13998,55959,0.010503421569147525,0.009972416719711436,True,max_tpr_with_empirical_fpr_le_target,0.0015914275104768978,0.0015914275104768978,0.001,1.5815104069367198,90,14,14125,56463,0.0015914275104768978,0.000990169035999717,True,max_tpr_with_empirical_fpr_le_target,32,True,False,1.3715159188984567,1.3732108317363427,0.7337152556757903,DIABETES,LR,dp,0.2,12
0.4934754417282498,0.0008614688971594342,56553,14139,0.09571552349123831,0.09571552349123831,0.1,0.19003673330125204,5413,1413,12726,51140,0.09571552349123831,0.09993634627625717,True,max_tpr_with_empirical_fpr_le_target,0.00991989814863933,0.00991989814863933,0.01,0.8640186672111863,561,141,13998,55992,0.00991989814863933,0.009972416719711436,True,max_tpr_with_empirical_fpr_le_target,0.0006542535320849469,0.0006542535320849469,0.001,3.6420536958820526,37,12,14127,56516,0.0006542535320849469,0.000848716316571186,True,max_tpr_with_empirical_fpr_le_target,32,True,False,1.0654431781276232,1.0641013458957869,0.7337152556757903,DIABETES,LR,dp,0.2,13
0.5016098322718996,0.006579341091832225,56553,14139,0.0991812989584991,0.0991812989584991,0.1,0.18895085860328908,5609,1413,12726,50944,0.0991812989584991,0.09993634627625717,True,max_tpr_with_empirical_fpr_le_target,0.010450373985464962,0.010450373985464962,0.01,0.870373181036082,591,141,13998,55962,0.010450373985464962,0.009972416719711436,True,max_tpr_with_empirical_fpr_le_target,0.0011316817852280161,0.0011316817852280161,0.001,2.7381557923222792,64,14,14125,56489,0.0011316817852280161,0.000990169035999717,True,max_tpr_with_empirical_fpr_le_target,32,True,False,1.0738108820065286,1.0740897603908375,0.7337152556757903,DIABETES,LR,dp,0.2,14
0.49523806922518204,0.0005864986474591952,56553,14139,0.09566247590755575,0.09566247590755575,0.1,0.1830968363627956,5410,1413,12726,51143,0.09566247590755575,0.09993634627625717,True,max_tpr_with_empirical_fpr_le_target,0.009902215620745142,0.009902215620745142,0.01,0.8316522260005696,560,140,13999,55993,0.009902215620745142,0.00990169035999717,True,max_tpr_with_empirical_fpr_le_target,0.0007426661715558856,0.0007426661715558856,0.001,2.8559790481070517,42,13,14126,56511,0.0007426661715558856,0.0009194426762854516,True,max_tpr_with_empirical_fpr_le_target,32,True,False,1.1194490441771814,1.1261766907152972,0.7337152556757903,DIABETES,LR,dp,0.2,15
0.504489234153784,0.014247739059194742,56553,14139,0.10218732870051102,0.10218732870051102,0.1,0.16316382551023967,5779,1413,12726,50774,0.10218732870051102,0.09993634627625717,True,max_tpr_with_empirical_fpr_le_target,0.010061358371792832,0.010061358371792832,0.01,0.8993051225474633,569,141,13998,55984,0.010061358371792832,0.009972416719711436,True,max_tpr_with_empirical_fpr_le_target,0.0013085070641698938,0.0013085070641698938,0.001,2.6587792080478003,74,14,14125,56479,0.0013085070641698938,0.000990169035999717,True,max_tpr_with_empirical_fpr_le_target,32,True,False,1.1626912145161346,1.1608679629333591,0.7337152556757903,DIABETES,LR,dp,0.2,16
0.49704991490481987,0.002156142844345288,56553,14139,0.09912825137481654,0.09912825137481654,0.1,0.1701488272484697,5606,1413,12726,50947,0.09912825137481654,0.09993634627625717,True,max_tpr_with_empirical_fpr_le_target,0.009513200007073012,0.009513200007073012,0.01,0.9331371762115039,538,141,13998,56015,0.009513200007073012,0.009972416719711436,True,max_tpr_with_empirical_fpr_le_target,0.001007904089968702,0.001007904089968702,0.001,2.9873520521062784,57,14,14125,56496,0.001007904089968702,0.000990169035999717,True,max_tpr_with_empirical_fpr_le_target,32,True,False,1.1522983478824933,1.1515006326029384,0.7337152556757903,DIABETES,LR,dp,0.2,17
0.501239452159193,0.0066091646467295595,56553,14139,0.10033066327162131,0.10033066327162131,0.1,0.16372128123729013,5674,1411,12728,50879,0.10033066327162131,0.09979489355682863,True,max_tpr_with_empirical_fpr_le_target,0.01195338885647092,0.01195338885647092,0.01,0.6605659415806877,676,141,13998,55877,0.01195338885647092,0.009972416719711436,True,max_tpr_with_empirical_fpr_le_target,0.0010963167294396406,0.0010963167294396406,0.001,1.8840677657069484,62,13,14126,56491,0.0010963167294396406,0.0009194426762854516,True,max_tpr_with_empirical_fpr_le_target,32,True,False,1.105863092635416,1.1061361592106813,0.7337152556757903,DIABETES,LR,dp,0.2,18
0.5062792064751314,0.012738267232851264,56553,14139,0.10075504394108181,0.10075504394108181,0.1,0.1971515675471256,5698,1413,12726,50855,0.10075504394108181,0.09993634627625717,True,max_tpr_with_empirical_fpr_le_target,0.009619295174438137,0.009619295174438137,0.01,0.9822200941999486,544,141,13998,56009,0.009619295174438137,0.009972416719711436,True,max_tpr_with_empirical_fpr_le_target,0.0009902215620745142,0.0009902215620745142,0.001,2.9283378539182,56,14,14125,56497,0.0009902215620745142,0.000990169035999717,True,max_tpr_with_empirical_fpr_le_target,32,True,False,1.0844767666678525,1.0864860705322996,0.7337152556757903,DIABETES,LR,dp,0.2,19
0.5009933987642894,0.009584204004611241,56553,14139,0.09827949003589553,0.09827949003589553,0.1,0.16502624917438102,5558,1413,12726,50995,0.09827949003589553,0.09993634627625717,True,max_tpr_with_empirical_fpr_le_target,0.00991989814863933,0.00991989814863933,0.01,1.1629845056540398,561,141,13998,55992,0.00991989814863933,0.009972416719711436,True,max_tpr_with_empirical_fpr_le_target,0.0009194914504977632,0.0009194914504977632,0.001,4.229392511358819,52,14,14125,56501,0.0009194914504977632,0.000990169035999717,True,max_tpr_with_empirical_fpr_le_target,32,True,False,1.2529481305783188,1.2581078705990645,0.7337152556757903,DIABETES,LR,dp,0.2,20
0.5010762674016276,0.008426919509782138,56553,14139,0.10183367814262727,0.10183367814262727,0.1,0.16961764275264768,5759,1413,12726,50794,0.10183367814262727,0.09993634627625717,True,max_tpr_with_empirical_fpr_le_target,0.012006436440153484,0.012006436440153484,0.01,0.7336413840042537,679,141,13998,55874,0.012006436440153484,0.009972416719711436,True,max_tpr_with_empirical_fpr_le_target,0.0013792371757466448,0.0013792371757466448,0.001,2.1857259869237105,78,13,14126,56475,0.0013792371757466448,0.0009194426762854516,True,max_tpr_with_empirical_fpr_le_target,32,True,False,1.0672549837832848,1.0663995589926467,0.7337152556757903,DIABETES,LR,dp,0.2,21
0.5009972381702328,0.005177570229997652,56553,14139,0.09868618817746184,0.09868618817746184,0.1,0.1700033048187819,5581,1413,12726,50972,0.09868618817746184,0.09993634627625717,True,max_tpr_with_empirical_fpr_le_target,0.009583930118649763,0.009583930118649763,0.01,0.8059562080737241,542,140,13999,56011,0.009583930118649763,0.00990169035999717,True,max_tpr_with_empirical_fpr_le_target,0.001078634201545453,0.001078634201545453,0.001,2.320847822973495,61,14,14125,56492,0.001078634201545453,0.000990169035999717,True,max_tpr_with_empirical_fpr_le_target,32,True,False,1.053069285387831,1.0496622373911642,0.7337152556757903,DIABETES,LR,dp,0.2,22
0.5031420916603593,0.009582733274516864,56553,14139,0.10064894877371669,0.10064894877371669,0.1,0.16864071676164083,5692,1413,12726,50861,0.10064894877371669,0.09993634627625717,True,max_tpr_with_empirical_fpr_le_target,0.009566247590755575,0.009566247590755575,0.01,0.9464201347390082,541,140,13999,56012,0.009566247590755575,0.00990169035999717,True,max_tpr_with_empirical_fpr_le_target,0.0012377769525931427,0.0012377769525931427,0.001,3.086746753584542,70,14,14125,56483,0.0012377769525931427,0.000990169035999717,True,max_tpr_with_empirical_fpr_le_target,32,True,False,1.1782151189994592,1.1814907450007093,0.7337152556757903,DIABETES,LR,dp,0.2,23
0.5005827686708382,0.005369725619055354,56553,14139,0.09969409226743055,0.09969409226743055,0.1,0.16423943470681968,5638,1413,12726,50915,0.09969409226743055,0.09993634627625717,True,max_tpr_with_empirical_fpr_le_target,0.010485739041253338,0.010485739041253338,0.01,0.7205814557007666,593,141,13998,55960,0.010485739041253338,0.009972416719711436,True,max_tpr_with_empirical_fpr_le_target,0.0009548565062861387,0.0009548565062861387,0.001,2.2113138765276847,54,14,14125,56499,0.0009548565062861387,0.000990169035999717,True,max_tpr_with_empirical_fpr_le_target,32,True,False,1.2228113885615883,1.224729638809207,0.7337152556757903,DIABETES,LR,dp,0.2,24
0.5025952939711008,0.009854495681791975,56553,14139,0.10052517107845738,0.10052517107845738,0.1,0.18341238007700478,5685,1413,12726,50868,0.10052517107845738,0.09993634627625717,True,max_tpr_with_empirical_fpr_le_target,0.009884533092850954,0.009884533092850954,0.01,0.8757973760276561,559,141,13998,55994,0.009884533092850954,0.009972416719711436,True,max_tpr_with_empirical_fpr_le_target,0.0009902215620745142,0.0009902215620745142,0.001,2.9254255678843086,56,14,14125,56497,0.0009902215620745142,0.000990169035999717,True,max_tpr_with_empirical_fpr_le_target,32,True,False,1.0240262050254698,1.0252441836166253,0.7337152556757903,DIABETES,LR,dp,0.2,25
0.49739394818853244,0.002638118354820765,56553,14139,0.09902215620745142,0.09902215620745142,0.1,0.1923577044991287,5600,1411,12728,50953,0.09902215620745142,0.09979489355682863,True,max_tpr_with_empirical_fpr_le_target,0.009513200007073012,0.009513200007073012,0.01,0.9384281584342478,538,141,13998,56015,0.009513200007073012,0.009972416719711436,True,max_tpr_with_empirical_fpr_le_target,0.0013792371757466448,0.0013792371757466448,0.001,2.694514118768634,78,12,14127,56475,0.0013792371757466448,0.000848716316571186,True,max_tpr_with_empirical_fpr_le_target,32,True,False,1.1450387122354178,1.1488788473215668,0.7337152556757903,DIABETES,LR,dp,0.2,26
0.5027158738289017,0.008770496316892196,56553,14139,0.0993404417095468,0.0993404417095468,0.1,0.15369157598929362,5618,1413,12726,50935,0.0993404417095468,0.09993634627625717,True,max_tpr_with_empirical_fpr_le_target,0.008593708556575248,0.008593708556575248,0.01,0.9751297950632458,486,140,13999,56067,0.008593708556575248,0.00990169035999717,True,max_tpr_with_empirical_fpr_le_target,0.0009018089226035754,0.0009018089226035754,0.001,3.317632046680039,51,14,14125,56502,0.0009018089226035754,0.000990169035999717,True,max_tpr_with_empirical_fpr_le_target,32,True,False,1.1756060475031347,1.1747769467025522,0.7337152556757903,DIABETES,LR,dp,0.2,27
0.5024508297567172,0.009054531066357452,56553,14139,0.09965872721164218,0.09965872721164218,0.1,0.1717238261161096,5636,1413,12726,50917,0.09965872721164218,0.09993634627625717,True,max_tpr_with_empirical_fpr_le_target,0.01110462751754991,0.01110462751754991,0.01,0.7524265444054772,628,141,13998,55925,0.01110462751754991,0.009972416719711436,True,max_tpr_with_empirical_fpr_le_target,0.0016091100383710856,0.0016091100383710856,0.001,2.071228925546799,91,14,14125,56462,0.0016091100383710856,0.000990169035999717,True,max_tpr_with_empirical_fpr_le_target,32,True,False,1.1310337170045002,1.1279883122970438,0.7337152556757903,DIABETES,LR,dp,0.2,28
0.5025756117005018,0.01104062074354728,56553,14139,0.09820875992431878,0.09820875992431878,0.1,0.17648826834147302,5554,1412,12727,50999,0.09820875992431878,0.0998656199165429,True,max_tpr_with_empirical_fpr_le_target,0.008752851307622938,0.008752851307622938,0.01,1.2244982462940515,495,140,13999,56058,0.008752851307622938,0.00990169035999717,True,max_tpr_with_empirical_fpr_le_target,0.0009548565062861387,0.0009548565062861387,0.001,3.181689527977162,54,13,14126,56499,0.0009548565062861387,0.0009194426762854516,True,max_tpr_with_empirical_fpr_le_target,32,True,False,1.1706882330360249,1.1701397036801764,0.7337152556757903,DIABETES,LR,dp,0.2,29
0.5006389190447963,0.007950020269249514,56553,14139,0.09812034728484784,0.09812034728484784,0.1,0.2807128755163024,5549,1413,12726,51004,0.09812034728484784,0.09993634627625717,True,max_tpr_with_empirical_fpr_le_target,0.010202818594946334,0.010202818594946334,0.01,1.2346489794739912,577,141,13998,55976,0.010202818594946334,0.009972416719711436,True,max_tpr_with_empirical_fpr_le_target,0.001078634201545453,0.001078634201545453,0.001,3.8836711107127293,61,13,14126,56492,0.001078634201545453,0.0009194426762854516,True,max_tpr_with_empirical_fpr_le_target,32,True,False,0.4594392615982931,0.4594026806905302,0.7427682297192163,DIABETES,LR,dp,0.4,0
0.5051661551883855,0.01219930468308339,56553,14139,0.1022403762841936,0.1022403762841936,0.1,0.1538452685751437,5782,1413,12726,50771,0.1022403762841936,0.09993634627625717,True,max_tpr_with_empirical_fpr_le_target,0.008982724170247378,0.008982724170247378,0.01,0.9372583824183971,508,141,13998,56045,0.008982724170247378,0.009972416719711436,True,max_tpr_with_empirical_fpr_le_target,0.0008664438668151999,0.0008664438668151999,0.001,3.351214658975244,49,12,14127,56504,0.0008664438668151999,0.000848716316571186,True,max_tpr_with_empirical_fpr_le_target,32,True,False,0.599142678811757,0.6004270085798272,0.7427682297192163,DIABETES,LR,dp,0.4,1
0.5009110716457699,0.00815106382053521,56553,14139,0.09822644245221297,0.09822644245221297,0.1,0.1974949654270754,5555,1410,12729,50998,0.09822644245221297,0.09972416719711437,True,max_tpr_with_empirical_fpr_le_target,0.00864675614025781,0.00864675614025781,0.01,1.1482381630081826,489,141,13998,56064,0.00864675614025781,0.009972416719711436,True,max_tpr_with_empirical_fpr_le_target,0.0018920304846780896,0.0018920304846780896,0.001,3.2552126702229014,107,14,14125,56446,0.0018920304846780896,0.000990169035999717,True,max_tpr_with_empirical_fpr_le_target,32,True,False,0.6444219435700345,0.6421392651055235,0.7427682297192163,DIABETES,LR,dp,0.4,2
0.5025472376151447,0.006684119355464979,56553,14139,0.10160380528000283,0.10160380528000283,0.1,0.1552855745478976,5746,1413,12726,50807,0.10160380528000283,0.09993634627625717,True,max_tpr_with_empirical_fpr_le_target,0.010061358371792832,0.010061358371792832,0.01,0.923673057359685,569,141,13998,55984,0.010061358371792832,0.009972416719711436,True,max_tpr_with_empirical_fpr_le_target,0.0012731420083815182,0.0012731420083815182,0.001,3.756116474563765,72,14,14125,56481,0.0012731420083815182,0.000990169035999717,True,max_tpr_with_empirical_fpr_le_target,32,True,False,0.5990359260521725,0.594102728978218,0.7427682297192163,DIABETES,LR,dp,0.4,3
0.4983726577858806,0.007957992977031147,56553,14139,0.09654660230226514,0.09654660230226514,0.1,0.16042492475957038,5460,1413,12726,51093,0.09654660230226514,0.09993634627625717,True,max_tpr_with_empirical_fpr_le_target,0.010927802238608031,0.010927802238608031,0.01,1.0548846721157001,618,141,13998,55935,0.010927802238608031,0.009972416719711436,True,max_tpr_with_empirical_fpr_le_target,0.001361554647852457,0.001361554647852457,0.001,4.01988812732959,77,14,14125,56476,0.001361554647852457,0.000990169035999717,True,max_tpr_with_empirical_fpr_le_target,32,True,False,0.6760378227596299,0.6778225666588241,0.7427682297192163,DIABETES,LR,dp,0.4,4
0.4998133742309355,0.005426701402760248,56553,14139,0.09914593390271073,0.09914593390271073,0.1,0.14430767474707273,5607,1412,12727,50946,0.09914593390271073,0.0998656199165429,True,max_tpr_with_empirical_fpr_le_target,0.009849168037062579,0.009849168037062579,0.01,0.7056963840195587,557,141,13998,55996,0.009849168037062579,0.009972416719711436,True,max_tpr_with_empirical_fpr_le_target,0.001644475094159461,0.001644475094159461,0.001,2.0721333008209477,93,14,14125,56460,0.001644475094159461,0.000990169035999717,True,max_tpr_with_empirical_fpr_le_target,32,True,False,0.6615088565306156,0.666432800957539,0.7427682297192163,DIABETES,LR,dp,0.4,5
0.5044151461252827,0.01314110470791996,56553,14139,0.10142698000106096,0.10142698000106096,0.1,0.14339462312101903,5736,1412,12727,50817,0.10142698000106096,0.0998656199165429,True,max_tpr_with_empirical_fpr_le_target,0.010008310788110267,0.010008310788110267,0.01,0.7888436537491657,566,140,13999,55987,0.010008310788110267,0.00990169035999717,True,max_tpr_with_empirical_fpr_le_target,0.0008487613389210122,0.0008487613389210122,0.001,3.151384295054226,48,14,14125,56505,0.0008487613389210122,0.000990169035999717,True,max_tpr_with_empirical_fpr_le_target,32,True,False,0.715307722948613,0.715645061544431,0.7427682297192163,DIABETES,LR,dp,0.4,6
0.5029711392968279,0.009339927741904841,56553,14139,0.09946421940480611,0.09946421940480611,0.1,0.12978028704994604,5625,1413,12726,50928,0.09946421940480611,0.09993634627625717,True,max_tpr_with_empirical_fpr_le_target,0.009955263204427705,0.009955263204427705,0.01,0.8712481428022605,563,141,13998,55990,0.009955263204427705,0.009972416719711436,True,max_tpr_with_empirical_fpr_le_target,0.0008664438668151999,0.0008664438668151999,0.001,4.527495797037146,49,14,14125,56504,0.0008664438668151999,0.000990169035999717,True,max_tpr_with_empirical_fpr_le_target,32,True,False,0.6565601552634018,0.6550331088911628,0.7427682297192163,DIABETES,LR,dp,0.4,7
0.49812876671438944,0.0038793132541381503,56553,14139,0.09861545806588509,0.09861545806588509,0.1,0.230974140559018,5577,1413,12726,50976,0.09861545806588509,0.09993634627625717,True,max_tpr_with_empirical_fpr_le_target,0.009690025286014889,0.009690025286014889,0.01,1.1968713315642399,548,140,13999,56005,0.009690025286014889,0.00990169035999717,True,max_tpr_with_empirical_fpr_le_target,0.0009548565062861387,0.0009548565062861387,0.001,4.089643243873287,54,14,14125,56499,0.0009548565062861387,0.000990169035999717,True,max_tpr_with_empirical_fpr_le_target,32,True,False,0.5558639012426159,0.5508081475960303,0.7427682297192163,DIABETES,LR,dp,0.4,8
0.49834998778212236,0.0027126491030953215,56553,14139,0.09592771382596856,0.09592771382596856,0.1,0.16650631225448498,5425,1413,12726,51128,0.09592771382596856,0.09993634627625717,True,max_tpr_with_empirical_fpr_le_target,0.009583930118649763,0.009583930118649763,0.01,0.9812176284371142,542,141,13998,56011,0.009583930118649763,0.009972416719711436,True,max_tpr_with_empirical_fpr_le_target,0.0005835234205081958,0.0005835234205081958,0.001,4.558801729660268,33,12,14127,56520,0.0005835234205081958,0.000848716316571186,True,max_tpr_with_empirical_fpr_le_target,32,True,False,0.6651402196386529,0.666157521267038,0.7427682297192163,DIABETES,LR,dp,0.4,9
0.49825411518940943,0.004897159779693516,56553,14139,0.09339911233709972,0.09339911233709972,0.1,0.30941927729312535,5282,1413,12726,51271,0.09339911233709972,0.09993634627625717,True,max_tpr_with_empirical_fpr_le_target,0.009778437925485828,0.009778437925485828,0.01,1.3899846039186894,553,141,13998,56000,0.009778437925485828,0.009972416719711436,True,max_tpr_with_empirical_fpr_le_target,0.001078634201545453,0.001078634201545453,0.001,4.286716031011631,61,14,14125,56492,0.001078634201545453,0.000990169035999717,True,max_tpr_with_empirical_fpr_le_target,32,True,False,0.4461522764027276,0.4481512015913271,0.7427682297192163,DIABETES,LR,dp,0.4,10
0.4989977393365199,0.007069499414388614,56553,14139,0.09553869821229644,0.09553869821229644,0.1,0.16519481644798084,5403,1413,12726,51150,0.09553869821229644,0.09993634627625717,True,max_tpr_with_empirical_fpr_le_target,0.010892437182819657,0.010892437182819657,0.01,0.7664592783326176,616,141,13998,55937,0.010892437182819657,0.009972416719711436,True,max_tpr_with_empirical_fpr_le_target,0.00228104609835022,0.00228104609835022,0.001,1.7974024145890408,129,14,14125,56424,0.00228104609835022,0.000990169035999717,True,max_tpr_with_empirical_fpr_le_target,32,True,False,0.5467762016636679,0.5443030273967926,0.7427682297192163,DIABETES,LR,dp,0.4,11
0.49843369058355314,0.0021559777623958443,56553,14139,0.09815571234063622,0.09815571234063622,0.1,0.1430091103676937,5551,1413,12726,51002,0.09815571234063622,0.09993634627625717,True,max_tpr_with_empirical_fpr_le_target,0.010432691457570774,0.010432691457570774,0.01,0.7541436276953932,590,141,13998,55963,0.010432691457570774,0.009972416719711436,True,max_tpr_with_empirical_fpr_le_target,0.001361554647852457,0.001361554647852457,0.001,2.3624502341731244,77,14,14125,56476,0.001361554647852457,0.000990169035999717,True,max_tpr_with_empirical_fpr_le_target,32,True,False,0.7228067814534156,0.7220012254444904,0.7427682297192163,DIABETES,LR,dp,0.4,12
0.49435559990307043,0.0011330512150352252,56553,14139,0.09582161865860343,0.09582161865860343,0.1,0.18061697159907453,5419,1413,12726,51134,0.09582161865860343,0.09993634627625717,True,max_tpr_with_empirical_fpr_le_target,0.008717486251834562,0.008717486251834562,0.01,0.9869732276485959,493,140,13999,56060,0.008717486251834562,0.00990169035999717,True,max_tpr_with_empirical_fpr_le_target,0.0009371739783919509,0.0009371739783919509,0.001,4.007575864768217,53,14,14125,56500,0.0009371739783919509,0.000990169035999717,True,max_tpr_with_empirical_fpr_le_target,32,True,False,0.5866086043114419,0.5839160032339115,0.7427682297192163,DIABETES,LR,dp,0.4,13
0.5017126458102107,0.007520623359645873,56553,14139,0.09907520379113398,0.09907520379113398,0.1,0.15258866319279973,5603,1412,12727,50950,0.09907520379113398,0.0998656199165429,True,max_tpr_with_empirical_fpr_le_target,0.01094548476650222,0.01094548476650222,0.01,0.7961942088756215,619,141,13998,55934,0.01094548476650222,0.009972416719711436,True,max_tpr_with_empirical_fpr_le_target,0.0006719360599791347,0.0006719360599791347,0.001,3.989664814506207,38,12,14127,56515,0.0006719360599791347,0.000848716316571186,True,max_tpr_with_empirical_fpr_le_target,32,True,False,0.6435133781649327,0.6427531322580778,0.7427682297192163,DIABETES,LR,dp,0.4,14
0.4944174293462107,0.0022326808390495945,56553,14139,0.09285095397237988,0.09285095397237988,0.1,0.15837534601213776,5251,1412,12727,51302,0.09285095397237988,0.0998656199165429,True,max_tpr_with_empirical_fpr_le_target,0.008805898891305501,0.008805898891305501,0.01,0.9168467166685517,498,141,13998,56055,0.008805898891305501,0.009972416719711436,True,max_tpr_with_empirical_fpr_le_target,0.0010255866178628897,0.0010255866178628897,0.001,3.363646566593303,58,13,14126,56495,0.0010255866178628897,0.0009194426762854516,True,max_tpr_with_empirical_fpr_le_target,32,True,False,0.6788222002662202,0.6879976672962788,0.7427682297192163,DIABETES,LR,dp,0.4,15
0.5032838407769241,0.011629295471248025,56553,14139,0.10040139338319806,0.10040139338319806,0.1,0.13391282029067497,5678,1413,12726,50875,0.10040139338319806,0.09993634627625717,True,max_tpr_with_empirical_fpr_le_target,0.009937580676533516,0.009937580676533516,0.01,0.9763965065649454,562,141,13998,55991,0.009937580676533516,0.009972416719711436,True,max_tpr_with_empirical_fpr_le_target,0.0010255866178628897,0.0010255866178628897,0.001,4.351920316281165,58,14,14125,56495,0.0010255866178628897,0.000990169035999717,True,max_tpr_with_empirical_fpr_le_target,32,True,False,0.7014948971776922,0.7028437748789914,0.7427682297192163,DIABETES,LR,dp,0.4,16
0.4969488509850478,0.0035150449254205407,56553,14139,0.09838558520326066,0.09838558520326066,0.1,0.14217634792588096,5564,1412,12727,50989,0.09838558520326066,0.0998656199165429,True,max_tpr_with_empirical_fpr_le_target,0.010556469152830088,0.010556469152830088,0.01,1.045867819933282,597,141,13998,55956,0.010556469152830088,0.009972416719711436,True,max_tpr_with_empirical_fpr_le_target,0.0013085070641698938,0.0013085070641698938,0.001,4.751060759583582,74,14,14125,56479,0.0013085070641698938,0.000990169035999717,True,max_tpr_with_empirical_fpr_le_target,32,True,False,0.6653600829028298,0.6648840480824726,0.7427682297192163,DIABETES,LR,dp,0.4,17
0.49883862034726795,0.002553318758923395,56553,14139,0.096157586688593,0.096157586688593,0.1,0.16459353644941588,5438,1412,12727,51115,0.096157586688593,0.0998656199165429,True,max_tpr_with_empirical_fpr_le_target,0.010025993316004456,0.010025993316004456,0.01,0.7614685062071642,567,140,13999,55986,0.010025993316004456,0.00990169035999717,True,max_tpr_with_empirical_fpr_le_target,0.0011847293689105794,0.0011847293689105794,0.001,2.3163518353687174,67,14,14125,56486,0.0011847293689105794,0.000990169035999717,True,max_tpr_with_empirical_fpr_le_target,32,True,False,0.5845104542398087,0.5848986243608372,0.7427682297192163,DIABETES,LR,dp,0.4,18
0.5045507121724715,0.010640034385969721,56553,14139,0.0997648223790073,0.0997648223790073,0.1,0.16789362411342257,5642,1413,12726,50911,0.0997648223790073,0.09993634627625717,True,max_tpr_with_empirical_fpr_le_target,0.009583930118649763,0.009583930118649763,0.01,1.0157990653434132,542,141,13998,56011,0.009583930118649763,0.009972416719711436,True,max_tpr_with_empirical_fpr_le_target,0.0010609516736512653,0.0010609516736512653,0.001,3.919326891532596,60,14,14125,56493,0.0010609516736512653,0.000990169035999717,True,max_tpr_with_empirical_fpr_le_target,32,True,False,0.6482785640673818,0.6523767404632226,0.7427682297192163,DIABETES,LR,dp,0.4,19
0.5023884125217876,0.01230294613238303,56553,14139,0.09785510936643503,0.09785510936643503,0.1,0.1377211224297774,5534,1413,12726,51019,0.09785510936643503,0.09993634627625717,True,max_tpr_with_empirical_fpr_le_target,0.010344278818099836,0.010344278818099836,0.01,1.4241013612612774,585,140,13999,55968,0.010344278818099836,0.00990169035999717,True,max_tpr_with_empirical_fpr_le_target,0.0013261895920640815,0.0013261895920640815,0.001,6.141061489411926,75,14,14125,56478,0.0013261895920640815,0.000990169035999717,True,max_tpr_with_empirical_fpr_le_target,32,True,False,0.724888908941636,0.7245921953651382,0.7427682297192163,DIABETES,LR,dp,0.4,20
0.5010772854069819,0.011292513287099015,56553,14139,0.10146234505684933,0.10146234505684933,0.1,0.14841035205715314,5738,1412,12727,50815,0.10146234505684933,0.0998656199165429,True,max_tpr_with_empirical_fpr_le_target,0.011811928633317419,0.011811928633317419,0.01,0.73240142669091,668,141,13998,55885,0.011811928633317419,0.009972416719711436,True,max_tpr_with_empirical_fpr_le_target,0.0012024118968047672,0.0012024118968047672,0.001,2.746433259796767,68,14,14125,56485,0.0012024118968047672,0.000990169035999717,True,max_tpr_with_empirical_fpr_le_target,32,True,False,0.6200050680995532,0.6187999595461053,0.7427682297192163,DIABETES,LR,dp,0.4,21
0.49976567930439897,0.004398781126431328,56553,14139,0.09969409226743055,0.09969409226743055,0.1,0.16200602079557103,5638,1412,12727,50915,0.09969409226743055,0.0998656199165429,True,max_tpr_with_empirical_fpr_le_target,0.009159549449189256,0.009159549449189256,0.01,0.8646800959732716,518,141,13998,56035,0.009159549449189256,0.009972416719711436,True,max_tpr_with_empirical_fpr_le_target,0.0010255866178628897,0.0010255866178628897,0.001,2.8077952088187192,58,14,14125,56495,0.0010255866178628897,0.000990169035999717,True,max_tpr_with_empirical_fpr_le_target,32,True,False,0.5825618722690764,0.579779263554032,0.7427682297192163,DIABETES,LR,dp,0.4,22
0.5036396711669119,0.012377611947707035,56553,14139,0.1035135182925751,0.1035135182925751,0.1,0.1377225085595506,5854,1413,12726,50699,0.1035135182925751,0.09993634627625717,True,max_tpr_with_empirical_fpr_le_target,0.009743072869697451,0.009743072869697451,0.01,1.2155445399166585,551,140,13999,56002,0.009743072869697451,0.00990169035999717,True,max_tpr_with_empirical_fpr_le_target,0.0007426661715558856,0.0007426661715558856,0.001,5.008177630180434,42,14,14125,56511,0.0007426661715558856,0.000990169035999717,True,max_tpr_with_empirical_fpr_le_target,32,True,False,0.7095159744026921,0.7136773249984482,0.7427682297192163,DIABETES,LR,dp,0.4,23
0.5005008755177462,0.007763353855008148,56553,14139,0.09734231605750358,0.09734231605750358,0.1,0.16944972915468948,5505,1412,12727,51048,0.09734231605750358,0.0998656199165429,True,max_tpr_with_empirical_fpr_le_target,0.010574151680724276,0.010574151680724276,0.01,0.8193154767633171,598,141,13998,55955,0.010574151680724276,0.009972416719711436,True,max_tpr_with_empirical_fpr_le_target,0.0012731420083815182,0.0012731420083815182,0.001,2.742128651380777,72,14,14125,56481,0.0012731420083815182,0.000990169035999717,True,max_tpr_with_empirical_fpr_le_target,32,True,False,0.6542249941024547,0.6545658349791774,0.7427682297192163,DIABETES,LR,dp,0.4,24
0.5030911351147018,0.008866705326608104,56553,14139,0.10041907591109225,0.10041907591109225,0.1,0.17185453882114798,5679,1412,12727,50874,0.10041907591109225,0.0998656199165429,True,max_tpr_with_empirical_fpr_le_target,0.010167453539157958,0.010167453539157958,0.01,0.9251513835809273,575,141,13998,55978,0.010167453539157958,0.009972416719711436,True,max_tpr_with_empirical_fpr_le_target,0.0009194914504977632,0.0009194914504977632,0.001,3.6471764356267506,52,14,14125,56501,0.0009194914504977632,0.000990169035999717,True,max_tpr_with_empirical_fpr_le_target,32,True,False,0.5794491388254894,0.5814310096579005,0.7427682297192163,DIABETES,LR,dp,0.4,25
0.49878390443540016,0.002626288732403892,56553,14139,0.10084345658055276,0.10084345658055276,0.1,0.16224540074096783,5703,1412,12727,50850,0.10084345658055276,0.0998656199165429,True,max_tpr_with_empirical_fpr_le_target,0.009778437925485828,0.009778437925485828,0.01,0.8884031622724038,553,140,13999,56000,0.009778437925485828,0.00990169035999717,True,max_tpr_with_empirical_fpr_le_target,0.0014499672873233957,0.0014499672873233957,0.001,3.017834244709862,82,13,14126,56471,0.0014499672873233957,0.0009194426762854516,True,max_tpr_with_empirical_fpr_le_target,32,True,False,0.6881000762851404,0.6912251319067901,0.7427682297192163,DIABETES,LR,dp,0.4,26
0.5032590372140324,0.01143634093548096,56553,14139,0.09951726698848867,0.09951726698848867,0.1,0.11338678202392649,5628,1413,12726,50925,0.09951726698848867,0.09993634627625717,True,max_tpr_with_empirical_fpr_le_target,0.008611391084469436,0.008611391084469436,0.01,1.2428792802614503,487,141,13998,56066,0.008611391084469436,0.009972416719711436,True,max_tpr_with_empirical_fpr_le_target,0.0009194914504977632,0.0009194914504977632,0.001,5.0017539095627574,52,13,14126,56501,0.0009194914504977632,0.0009194426762854516,True,max_tpr_with_empirical_fpr_le_target,32,True,False,0.7305353461613772,0.7321894503923625,0.7427682297192163,DIABETES,LR,dp,0.4,27
0.5030223472172718,0.010516613117646623,56553,14139,0.10190440825420402,0.10190440825420402,0.1,0.15860787708548396,5763,1413,12726,50790,0.10190440825420402,0.09993634627625717,True,max_tpr_with_empirical_fpr_le_target,0.010821707071242906,0.010821707071242906,0.01,0.8171757003564357,612,141,13998,55941,0.010821707071242906,0.009972416719711436,True,max_tpr_with_empirical_fpr_le_target,0.0015383799267943345,0.0015383799267943345,0.001,2.7695941214423945,87,14,14125,56466,0.0015383799267943345,0.000990169035999717,True,max_tpr_with_empirical_fpr_le_target,32,True,False,0.6246682040046664,0.621751925023658,0.7427682297192163,DIABETES,LR,dp,0.4,28
0.5032693886026299,0.012200546549566038,56553,14139,0.0997648223790073,0.0997648223790073,0.1,0.17805584013126785,5642,1413,12726,50911,0.0997648223790073,0.09993634627625717,True,max_tpr_with_empirical_fpr_le_target,0.008929676586564815,0.008929676586564815,0.01,1.154048503914806,505,141,13998,56048,0.008929676586564815,0.009972416719711436,True,max_tpr_with_empirical_fpr_le_target,0.0009902215620745142,0.0009902215620745142,0.001,4.148285331846424,56,14,14125,56497,0.0009902215620745142,0.000990169035999717,True,max_tpr_with_empirical_fpr_le_target,32,True,False,0.625580502681018,0.6233479077889621,0.7427682297192163,DIABETES,LR,dp,0.4,29
0.5007144052673839,0.006724939619307313,56553,14139,0.09387654059024278,0.09387654059024278,0.1,0.20513820860523913,5309,1413,12726,51244,0.09387654059024278,0.09993634627625717,True,max_tpr_with_empirical_fpr_le_target,0.010556469152830088,0.010556469152830088,0.01,0.9537091206371275,597,141,13998,55956,0.010556469152830088,0.009972416719711436,True,max_tpr_with_empirical_fpr_le_target,0.0012377769525931427,0.0012377769525931427,0.001,3.246339785034996,70,14,14125,56483,0.0012377769525931427,0.000990169035999717,True,max_tpr_with_empirical_fpr_le_target,32,True,False,0.646610156144259,0.646869404871667,0.74000990169036,DIABETES,LR,dp,0.8,0
0.5048655284523886,0.012248803004854647,56553,14139,0.10172758297526215,0.10172758297526215,0.1,0.10491738015708507,5753,1413,12726,50800,0.10172758297526215,0.09993634627625717,True,max_tpr_with_empirical_fpr_le_target,0.009937580676533516,0.009937580676533516,0.01,1.115820581548714,562,141,13998,55991,0.009937580676533516,0.009972416719711436,True,max_tpr_with_empirical_fpr_le_target,0.0013792371757466448,0.0013792371757466448,0.001,4.240880075998916,78,14,14125,56475,0.0013792371757466448,0.000990169035999717,True,max_tpr_with_empirical_fpr_le_target,32,True,False,0.9092207877024956,0.9135268026375788,0.74000990169036,DIABETES,LR,dp,0.8,1
0.5028716048863291,0.008310604269006538,56553,14139,0.10183367814262727,0.10183367814262727,0.1,0.16584531967490812,5759,1413,12726,50794,0.10183367814262727,0.09993634627625717,True,max_tpr_with_empirical_fpr_le_target,0.00864675614025781,0.00864675614025781,0.01,1.29354020053665,489,140,13999,56064,0.00864675614025781,0.00990169035999717,True,max_tpr_with_empirical_fpr_le_target,0.0015383799267943345,0.0015383799267943345,0.001,4.082940353785881,87,14,14125,56466,0.0015383799267943345,0.000990169035999717,True,max_tpr_with_empirical_fpr_le_target,32,True,False,0.8977117603791555,0.8971226505612306,0.74000990169036,DIABETES,LR,dp,0.8,2
0.5015108969087776,0.008756036638873144,56553,14139,0.09873923576114442,0.09873923576114442,0.1,0.11019356269423797,5584,1410,12729,50969,0.09873923576114442,0.09972416719711437,True,max_tpr_with_empirical_fpr_le_target,0.007921772496596114,0.007921772496596114,0.01,1.5430360521076025,448,140,13999,56105,0.007921772496596114,0.00990169035999717,True,max_tpr_with_empirical_fpr_le_target,0.0010609516736512653,0.0010609516736512653,0.001,6.2672590502587155,60,14,14125,56493,0.0010609516736512653,0.000990169035999717,True,max_tpr_with_empirical_fpr_le_target,32,True,False,0.8686114068185622,0.8638794014426414,0.74000990169036,DIABETES,LR,dp,0.8,3
0.49941463378970097,0.00691126461406244,56553,14139,0.09697098297172564,0.09697098297172564,0.1,0.12195644993144028,5484,1413,12726,51069,0.09697098297172564,0.09993634627625717,True,max_tpr_with_empirical_fpr_le_target,0.009813802981274202,0.009813802981274202,0.01,1.4177481610865499,555,141,13998,55998,0.009813802981274202,0.009972416719711436,True,max_tpr_with_empirical_fpr_le_target,0.0007603486994500734,0.0007603486994500734,0.001,6.6700356339191575,43,13,14126,56510,0.0007603486994500734,0.0009194426762854516,True,max_tpr_with_empirical_fpr_le_target,32,True,False,0.9629028115697822,0.962807131052428,0.74000990169036,DIABETES,LR,dp,0.8,4
0.5011282782206432,0.008285440527316279,56553,14139,0.09780206178275246,0.09780206178275246,0.1,0.1429970281243127,5531,1413,12726,51022,0.09780206178275246,0.09993634627625717,True,max_tpr_with_empirical_fpr_le_target,0.009460152423390447,0.009460152423390447,0.01,0.7709653588344327,535,140,13999,56018,0.009460152423390447,0.00990169035999717,True,max_tpr_with_empirical_fpr_le_target,0.00157374498258271,0.00157374498258271,0.001,2.4874480542864172,89,14,14125,56464,0.00157374498258271,0.000990169035999717,True,max_tpr_with_empirical_fpr_le_target,32,True,False,0.8052076123874436,0.8080902539325713,0.74000990169036,DIABETES,LR,dp,0.8,5
0.5047072023567419,0.016765283809318743,56553,14139,0.1013562498894842,0.1013562498894842,0.1,0.11935643394442341,5732,1413,12726,50821,0.1013562498894842,0.09993634627625717,True,max_tpr_with_empirical_fpr_le_target,0.009141866921295068,0.009141866921295068,0.01,0.8302555064974249,517,141,13998,56036,0.009141866921295068,0.009972416719711436,True,max_tpr_with_empirical_fpr_le_target,0.0005658408926140081,0.0005658408926140081,0.001,4.349431208397082,32,14,14125,56521,0.0005658408926140081,0.000990169035999717,True,max_tpr_with_empirical_fpr_le_target,32,True,False,0.9736218475788401,0.9713927638089755,0.74000990169036,DIABETES,LR,dp,0.8,6
0.5022274988916466,0.008366927228638854,56553,14139,0.0984739978427316,0.0984739978427316,0.1,0.09640263170386765,5569,1413,12726,50984,0.0984739978427316,0.09993634627625717,True,max_tpr_with_empirical_fpr_le_target,0.010132088483369583,0.010132088483369583,0.01,1.3042924716843376,573,141,13998,55980,0.010132088483369583,0.009972416719711436,True,max_tpr_with_empirical_fpr_le_target,0.001078634201545453,0.001078634201545453,0.001,6.632295423987066,61,14,14125,56492,0.001078634201545453,0.000990169035999717,True,max_tpr_with_empirical_fpr_le_target,32,True,False,0.9143302887898581,0.9112100048784089,0.74000990169036,DIABETES,LR,dp,0.8,7
0.4988386528634095,0.005474950354323771,56553,14139,0.09656428483015932,0.09656428483015932,0.1,0.18363438789529885,5461,1413,12726,51092,0.09656428483015932,0.09993634627625717,True,max_tpr_with_empirical_fpr_le_target,0.010079040899687019,0.010079040899687019,0.01,1.078050486703338,570,141,13998,55983,0.010079040899687019,0.009972416719711436,True,max_tpr_with_empirical_fpr_le_target,0.0008133962831326367,0.0008133962831326367,0.001,4.6925004494439815,46,14,14125,56507,0.0008133962831326367,0.000990169035999717,True,max_tpr_with_empirical_fpr_le_target,32,True,False,0.7647719297328843,0.7531509830378059,0.74000990169036,DIABETES,LR,dp,0.8,8
0.5002773758188639,0.005934977469259084,56553,14139,0.09748377628065709,0.09748377628065709,0.1,0.10157303202462065,5513,1411,12728,51040,0.09748377628065709,0.09979489355682863,True,max_tpr_with_empirical_fpr_le_target,0.008682121196046187,0.008682121196046187,0.01,0.9761044213460179,491,141,13998,56062,0.008682121196046187,0.009972416719711436,True,max_tpr_with_empirical_fpr_le_target,0.0008133962831326367,0.0008133962831326367,0.001,3.4295697780213716,46,13,14126,56507,0.0008133962831326367,0.0009194426762854516,True,max_tpr_with_empirical_fpr_le_target,32,True,False,1.1260688666655523,1.1264835604311811,0.74000990169036,DIABETES,LR,dp,0.8,9
0.4985388815520592,0.0054760121314072485,56553,14139,0.0927094937492264,0.0927094937492264,0.1,0.2786579406596229,5243,1413,12726,51310,0.0927094937492264,0.09993634627625717,True,max_tpr_with_empirical_fpr_le_target,0.010379643873888211,0.010379643873888211,0.01,1.287624466491474,587,141,13998,55966,0.010379643873888211,0.009972416719711436,True,max_tpr_with_empirical_fpr_le_target,0.0011316817852280161,0.0011316817852280161,0.001,4.41325848868906,64,14,14125,56489,0.0011316817852280161,0.000990169035999717,True,max_tpr_with_empirical_fpr_le_target,32,True,False,0.5633163143217537,0.5658406315378958,0.74000990169036,DIABETES,LR,dp,0.8,10
0.4974918617944375,0.003942081913520745,56553,14139,0.09244425583081357,0.09244425583081357,0.1,0.11599097081106646,5228,1413,12726,51325,0.09244425583081357,0.09993634627625717,True,max_tpr_with_empirical_fpr_le_target,0.010415008929676587,0.010415008929676587,0.01,0.7656572621769987,589,140,13999,55964,0.010415008929676587,0.00990169035999717,True,max_tpr_with_empirical_fpr_le_target,0.0013085070641698938,0.0013085070641698938,0.001,3.0155611148509553,74,13,14126,56479,0.0013085070641698938,0.0009194426762854516,True,max_tpr_with_empirical_fpr_le_target,32,True,False,0.7900635003490445,0.7864693914514459,0.74000990169036,DIABETES,LR,dp,0.8,11
0.4981566630625901,0.0023157095558538066,56553,14139,0.09921666401428748,0.09921666401428748,0.1,0.08990940039542972,5611,1412,12727,50942,0.09921666401428748,0.0998656199165429,True,max_tpr_with_empirical_fpr_le_target,0.010521104097041713,0.010521104097041713,0.01,0.8008906155603759,595,140,13999,55958,0.010521104097041713,0.00990169035999717,True,max_tpr_with_empirical_fpr_le_target,0.0010609516736512653,0.0010609516736512653,0.001,3.7657246786725382,60,13,14126,56493,0.0010609516736512653,0.0009194426762854516,True,max_tpr_with_empirical_fpr_le_target,32,True,False,1.1812412593322428,1.1835445944687952,0.74000990169036,DIABETES,LR,dp,0.8,12
0.4937143315670478,0.00045962941751176434,56553,14139,0.09338142980920552,0.09338142980920552,0.1,0.12518739425171255,5281,1412,12727,51272,0.09338142980920552,0.0998656199165429,True,max_tpr_with_empirical_fpr_le_target,0.007833359857125174,0.007833359857125174,0.01,0.9678920417320431,443,140,13999,56110,0.007833359857125174,0.00990169035999717,True,max_tpr_with_empirical_fpr_le_target,0.0007603486994500734,0.0007603486994500734,0.001,4.274065299425322,43,13,14126,56510,0.0007603486994500734,0.0009194426762854516,True,max_tpr_with_empirical_fpr_le_target,32,True,False,0.8765863090789395,0.8761618428939942,0.74000990169036,DIABETES,LR,dp,0.8,13
0.501561743399802,0.006233070447457467,56553,14139,0.09879228334482698,0.09879228334482698,0.1,0.11897231128991215,5587,1411,12728,50966,0.09879228334482698,0.09979489355682863,True,max_tpr_with_empirical_fpr_le_target,0.010361961345994023,0.010361961345994023,0.01,0.9836349240332563,586,141,13998,55967,0.010361961345994023,0.009972416719711436,True,max_tpr_with_empirical_fpr_le_target,0.0009548565062861387,0.0009548565062861387,0.001,4.8112177341382765,54,12,14127,56499,0.0009548565062861387,0.000848716316571186,True,max_tpr_with_empirical_fpr_le_target,32,True,False,0.8855422870927179,0.8867644740180238,0.74000990169036,DIABETES,LR,dp,0.8,14
0.4950550421175516,0.0029928269379253525,56553,14139,0.09525577776598942,0.09525577776598942,0.1,0.1399261228871621,5387,1413,12726,51166,0.09525577776598942,0.09993634627625717,True,max_tpr_with_empirical_fpr_le_target,0.009071136809718317,0.009071136809718317,0.01,1.0947322932864219,513,141,13998,56040,0.009071136809718317,0.009972416719711436,True,max_tpr_with_empirical_fpr_le_target,0.0009194914504977632,0.0009194914504977632,0.001,4.545404758056059,52,13,14126,56501,0.0009194914504977632,0.0009194426762854516,True,max_tpr_with_empirical_fpr_le_target,32,True,False,0.8975104463522457,0.9036444265275098,0.74000990169036,DIABETES,LR,dp,0.8,15
0.5030631049500727,0.010183477743833547,56553,14139,0.10027761568793875,0.10027761568793875,0.1,0.09982263375883615,5671,1413,12726,50882,0.10027761568793875,0.09993634627625717,True,max_tpr_with_empirical_fpr_le_target,0.01069792937598359,0.01069792937598359,0.01,1.2509701351451556,605,141,13998,55948,0.01069792937598359,0.009972416719711436,True,max_tpr_with_empirical_fpr_le_target,0.0010255866178628897,0.0010255866178628897,0.001,7.40492905150831,58,13,14126,56495,0.0010255866178628897,0.0009194426762854516,True,max_tpr_with_empirical_fpr_le_target,32,True,False,1.0056957229479537,1.007172960219371,0.74000990169036,DIABETES,LR,dp,0.8,16
0.4966757329047946,0.002085367710418673,56553,14139,0.0980496171732711,0.0980496171732711,0.1,0.10689771872737142,5545,1413,12726,51008,0.0980496171732711,0.09993634627625717,True,max_tpr_with_empirical_fpr_le_target,0.009866850564956767,0.009866850564956767,0.01,1.3962931730903527,558,141,13998,55995,0.009866850564956767,0.009972416719711436,True,max_tpr_with_empirical_fpr_le_target,0.001220094424698955,0.001220094424698955,0.001,7.200459072266982,69,13,14126,56484,0.001220094424698955,0.0009194426762854516,True,max_tpr_with_empirical_fpr_le_target,32,True,False,0.8956665091784842,0.888130228348852,0.74000990169036,DIABETES,LR,dp,0.8,17
0.49766652349934615,0.0014382727319560695,56553,14139,0.0940003182855021,0.0940003182855021,0.1,0.09411287654085199,5316,1413,12726,51237,0.0940003182855021,0.09993634627625717,True,max_tpr_with_empirical_fpr_le_target,0.008469930861315934,0.008469930861315934,0.01,1.3224711712162407,479,138,14001,56074,0.008469930861315934,0.00976023764056864,True,max_tpr_with_empirical_fpr_le_target,0.0008841263947093876,0.0008841263947093876,0.001,5.9483095376220145,50,14,14125,56503,0.0008841263947093876,0.000990169035999717,True,max_tpr_with_empirical_fpr_le_target,32,True,False,0.9336121693091943,0.9330438427585312,0.74000990169036,DIABETES,LR,dp,0.8,18
0.5043317472247133,0.013663649107451326,56553,14139,0.09900447367955723,0.09900447367955723,0.1,0.12721584296060673,5599,1412,12727,50954,0.09900447367955723,0.0998656199165429,True,max_tpr_with_empirical_fpr_le_target,0.009477834951284635,0.009477834951284635,0.01,1.3573706756403754,536,141,13998,56017,0.009477834951284635,0.009972416719711436,True,max_tpr_with_empirical_fpr_le_target,0.0007603486994500734,0.0007603486994500734,0.001,6.702262639160173,43,13,14126,56510,0.0007603486994500734,0.0009194426762854516,True,max_tpr_with_empirical_fpr_le_target,32,True,False,0.9233444051213571,0.9261307958031195,0.74000990169036,DIABETES,LR,dp,0.8,19
0.502098269740196,0.011084933991363455,56553,14139,0.09654660230226514,0.09654660230226514,0.1,0.1152996275045457,5460,1413,12726,51093,0.09654660230226514,0.09993634627625717,True,max_tpr_with_empirical_fpr_le_target,0.008805898891305501,0.008805898891305501,0.01,1.9073779988717958,498,141,13998,56055,0.008805898891305501,0.009972416719711436,True,max_tpr_with_empirical_fpr_le_target,0.0015383799267943345,0.0015383799267943345,0.001,7.246491307804732,87,14,14125,56466,0.0015383799267943345,0.000990169035999717,True,max_tpr_with_empirical_fpr_le_target,32,True,False,1.0345393506461136,1.036618087993489,0.74000990169036,DIABETES,LR,dp,0.8,20
0.5006543066834701,0.007332486215310241,56553,14139,0.10133856736159001,0.10133856736159001,0.1,0.0929803309217534,5731,1413,12726,50822,0.10133856736159001,0.09993634627625717,True,max_tpr_with_empirical_fpr_le_target,0.011157675101232473,0.011157675101232473,0.01,0.8103262609129993,631,140,13999,55922,0.011157675101232473,0.00990169035999717,True,max_tpr_with_empirical_fpr_le_target,0.0017328877336303997,0.0017328877336303997,0.001,3.5499009343785097,98,14,14125,56455,0.0017328877336303997,0.000990169035999717,True,max_tpr_with_empirical_fpr_le_target,32,True,False,0.9502317735743084,0.9480730915609663,0.74000990169036,DIABETES,LR,dp,0.8,21
0.4983761157524714,0.003109648680136634,56553,14139,0.09780206178275246,0.09780206178275246,0.1,0.11353475908174027,5531,1413,12726,51022,0.09780206178275246,0.09993634627625717,True,max_tpr_with_empirical_fpr_le_target,0.009159549449189256,0.009159549449189256,0.01,0.9156644463818602,518,139,14000,56035,0.009159549449189256,0.009830964000282905,True,max_tpr_with_empirical_fpr_le_target,0.0011316817852280161,0.0011316817852280161,0.001,3.6995063651335247,64,14,14125,56489,0.0011316817852280161,0.000990169035999717,True,max_tpr_with_empirical_fpr_le_target,32,True,False,0.8518800398330107,0.8495493885452703,0.74000990169036,DIABETES,LR,dp,0.8,22
0.5026562242178655,0.007589023564619102,56553,14139,0.10209891606104009,0.10209891606104009,0.1,0.10922545813770701,5774,1413,12726,50779,0.10209891606104009,0.09993634627625717,True,max_tpr_with_empirical_fpr_le_target,0.009177231977083445,0.009177231977083445,0.01,1.6811920498440673,519,141,13998,56034,0.009177231977083445,0.009972416719711436,True,max_tpr_with_empirical_fpr_le_target,0.0008841263947093876,0.0008841263947093876,0.001,7.320486996724199,50,14,14125,56503,0.0008841263947093876,0.000990169035999717,True,max_tpr_with_empirical_fpr_le_target,32,True,False,1.0037230748398263,1.0105653168912725,0.74000990169036,DIABETES,LR,dp,0.8,23
0.5020703433770954,0.008839549345938003,56553,14139,0.09861545806588509,0.09861545806588509,0.1,0.111489254113883,5577,1413,12726,50976,0.09861545806588509,0.09993634627625717,True,max_tpr_with_empirical_fpr_le_target,0.009690025286014889,0.009690025286014889,0.01,1.1155363870639194,548,141,13998,56005,0.009690025286014889,0.009972416719711436,True,max_tpr_with_empirical_fpr_le_target,0.0010255866178628897,0.0010255866178628897,0.001,4.685478445804259,58,13,14126,56495,0.0010255866178628897,0.0009194426762854516,True,max_tpr_with_empirical_fpr_le_target,32,True,False,1.0290997814845755,1.0307919976228295,0.74000990169036,DIABETES,LR,dp,0.8,24
0.5044690803991327,0.009150492453149306,56553,14139,0.1026470744257599,0.1026470744257599,0.1,0.12789334453573753,5805,1413,12726,50748,0.1026470744257599,0.09993634627625717,True,max_tpr_with_empirical_fpr_le_target,0.010061358371792832,0.010061358371792832,0.01,0.9190234672683728,569,141,13998,55984,0.010061358371792832,0.009972416719711436,True,max_tpr_with_empirical_fpr_le_target,0.0007603486994500734,0.0007603486994500734,0.001,4.549247644234997,43,14,14125,56510,0.0007603486994500734,0.000990169035999717,True,max_tpr_with_empirical_fpr_le_target,32,True,False,0.8124187556980694,0.8123262154656331,0.74000990169036,DIABETES,LR,dp,0.8,25
0.5001582416787408,0.00560680205765185,56553,14139,0.09829717256378973,0.09829717256378973,0.1,0.14462187617867617,5559,1413,12726,50994,0.09829717256378973,0.09993634627625717,True,max_tpr_with_empirical_fpr_le_target,0.008911994058670627,0.008911994058670627,0.01,0.964295350631228,504,140,13999,56049,0.008911994058670627,0.00990169035999717,True,max_tpr_with_empirical_fpr_le_target,0.0007957137552384489,0.0007957137552384489,0.001,4.567402195947603,45,14,14125,56508,0.0007957137552384489,0.000990169035999717,True,max_tpr_with_empirical_fpr_le_target,32,True,False,0.92217886218956,0.9243528913334166,0.74000990169036,DIABETES,LR,dp,0.8,26
0.5040770470374014,0.011630657397330157,56553,14139,0.09944653687691192,0.09944653687691192,0.1,0.09278500857546879,5624,1412,12727,50929,0.09944653687691192,0.0998656199165429,True,max_tpr_with_empirical_fpr_le_target,0.008222375470797304,0.008222375470797304,0.01,1.5382928814973496,465,141,13998,56088,0.008222375470797304,0.009972416719711436,True,max_tpr_with_empirical_fpr_le_target,0.0007426661715558856,0.0007426661715558856,0.001,6.607896926309449,42,14,14125,56511,0.0007426661715558856,0.000990169035999717,True,max_tpr_with_empirical_fpr_le_target,32,True,False,0.9758432797008191,0.9742961813409201,0.74000990169036,DIABETES,LR,dp,0.8,27
0.504447347110375,0.014125867310078144,56553,14139,0.100489806022669,0.100489806022669,0.1,0.1066258406706494,5683,1413,12726,50870,0.100489806022669,0.09993634627625717,True,max_tpr_with_empirical_fpr_le_target,0.010415008929676587,0.010415008929676587,0.01,0.9317739446877773,589,139,14000,55964,0.010415008929676587,0.009830964000282905,True,max_tpr_with_empirical_fpr_le_target,0.0012731420083815182,0.0012731420083815182,0.001,4.159043967855468,72,14,14125,56481,0.0012731420083815182,0.000990169035999717,True,max_tpr_with_empirical_fpr_le_target,32,True,False,0.9370454586254289,0.9324286911754037,0.74000990169036,DIABETES,LR,dp,0.8,28
0.5033818456781496,0.01318968382338237,56553,14139,0.09852704542641416,0.09852704542641416,0.1,0.12269282959695649,5572,1413,12726,50981,0.09852704542641416,0.09993634627625717,True,max_tpr_with_empirical_fpr_le_target,0.009707707813909077,0.009707707813909077,0.01,1.3684352006566216,549,141,13998,56004,0.009707707813909077,0.009972416719711436,True,max_tpr_with_empirical_fpr_le_target,0.0009194914504977632,0.0009194914504977632,0.001,5.959216607314717,52,14,14125,56501,0.0009194914504977632,0.000990169035999717,True,max_tpr_with_empirical_fpr_le_target,32,True,False,0.9832589815738121,0.9858114894722961,0.74000990169036,DIABETES,LR,dp,0.8,29
0.501319922105782,0.008139267964880958,56553,14139,0.09594539635386275,0.09594539635386275,0.1,0.3017074954101072,5426,1413,12726,51127,0.09594539635386275,0.09993634627625717,True,max_tpr_with_empirical_fpr_le_target,0.010415008929676587,0.010415008929676587,0.01,1.4037799896852696,589,140,13999,55964,0.010415008929676587,0.00990169035999717,True,max_tpr_with_empirical_fpr_le_target,0.0011847293689105794,0.0011847293689105794,0.001,4.641188251868882,67,14,14125,56486,0.0011847293689105794,0.000990169035999717,True,max_tpr_with_empirical_fpr_le_target,32,True,False,0.2586149057562384,0.2584711922345799,0.7449607468703586,DIABETES,LR,dp,1.0,0
0.5042855142739252,0.010017502851199733,56553,14139,0.10193977330999239,0.10193977330999239,0.1,0.18520827657128058,5765,1413,12726,50788,0.10193977330999239,0.09993634627625717,True,max_tpr_with_empirical_fpr_le_target,0.007957137552384488,0.007957137552384488,0.01,1.0751425316995193,450,140,13999,56103,0.007957137552384488,0.00990169035999717,True,max_tpr_with_empirical_fpr_le_target,0.001078634201545453,0.001078634201545453,0.001,3.409311358857842,61,14,14125,56492,0.001078634201545453,0.000990169035999717,True,max_tpr_with_empirical_fpr_le_target,32,True,False,0.30253243214429865,0.3035794398180385,0.7449607468703586,DIABETES,LR,dp,1.0,1
0.5005857213866143,0.007707372314861849,56553,14139,0.10041907591109225,0.10041907591109225,0.1,0.20423851908818602,5679,1413,12726,50874,0.10041907591109225,0.09993634627625717,True,max_tpr_with_empirical_fpr_le_target,0.008010185136067053,0.008010185136067053,0.01,1.3522202939542785,453,141,13998,56100,0.008010185136067053,0.009972416719711436,True,max_tpr_with_empirical_fpr_le_target,0.0017505702615245875,0.0017505702615245875,0.001,3.8875645313458973,99,14,14125,56454,0.0017505702615245875,0.000990169035999717,True,max_tpr_with_empirical_fpr_le_target,32,True,False,0.3687618509784571,0.3663822840503806,0.7449607468703586,DIABETES,LR,dp,1.0,2
0.5019970269816454,0.006366888126728032,56553,14139,0.10209891606104009,0.10209891606104009,0.1,0.16193187260003417,5774,1413,12726,50779,0.10209891606104009,0.09993634627625717,True,max_tpr_with_empirical_fpr_le_target,0.010627199264406839,0.010627199264406839,0.01,0.9303267470561545,601,140,13999,55952,0.010627199264406839,0.00990169035999717,True,max_tpr_with_empirical_fpr_le_target,0.001290824536275706,0.001290824536275706,0.001,3.7251546072560995,73,13,14126,56480,0.001290824536275706,0.0009194426762854516,True,max_tpr_with_empirical_fpr_le_target,32,True,False,0.335301607202275,0.332773652391168,0.7449607468703586,DIABETES,LR,dp,1.0,3
0.4995459152099313,0.007000603963567276,56553,14139,0.0993227591816526,0.0993227591816526,0.1,0.1311447403718955,5617,1413,12726,50936,0.0993227591816526,0.09993634627625717,True,max_tpr_with_empirical_fpr_le_target,0.010998532350184782,0.010998532350184782,0.01,1.0706987301024866,622,141,13998,55931,0.010998532350184782,0.009972416719711436,True,max_tpr_with_empirical_fpr_le_target,0.0010963167294396406,0.0010963167294396406,0.001,4.112204320345955,62,14,14125,56491,0.0010963167294396406,0.000990169035999717,True,max_tpr_with_empirical_fpr_le_target,32,True,False,0.44038894034598175,0.44327271596279766,0.7449607468703586,DIABETES,LR,dp,1.0,4
0.49871019534500993,0.0023074254434857777,56553,14139,0.09663501494173607,0.09663501494173607,0.1,0.09168748630073631,5465,1413,12726,51088,0.09663501494173607,0.09993634627625717,True,max_tpr_with_empirical_fpr_le_target,0.00983148550916839,0.00983148550916839,0.01,0.569192082857524,556,141,13998,55997,0.00983148550916839,0.009972416719711436,True,max_tpr_with_empirical_fpr_le_target,0.0015206973989001467,0.0015206973989001467,0.001,2.849237702098962,86,14,14125,56467,0.0015206973989001467,0.000990169035999717,True,max_tpr_with_empirical_fpr_le_target,32,True,False,0.5011998802403066,0.5059945105471071,0.7449607468703586,DIABETES,LR,dp,1.0,5
0.5049082496598902,0.013012888559340352,56553,14139,0.10080809152476439,0.10080809152476439,0.1,0.1137233738026654,5701,1413,12726,50852,0.10080809152476439,0.09993634627625717,True,max_tpr_with_empirical_fpr_le_target,0.009460152423390447,0.009460152423390447,0.01,0.7968410208984393,535,141,13998,56018,0.009460152423390447,0.009972416719711436,True,max_tpr_with_empirical_fpr_le_target,0.0005304758368256326,0.0005304758368256326,0.001,4.031052116698897,30,14,14125,56523,0.0005304758368256326,0.000990169035999717,True,max_tpr_with_empirical_fpr_le_target,32,True,False,0.48306518139188226,0.4845343495100601,0.7449607468703586,DIABETES,LR,dp,1.0,6
0.5018637758336102,0.009129845953891436,56553,14139,0.10052517107845738,0.10052517107845738,0.1,0.07815224373918306,5685,1413,12726,50868,0.10052517107845738,0.09993634627625717,True,max_tpr_with_empirical_fpr_le_target,0.009619295174438137,0.009619295174438137,0.01,0.9073526075632095,544,141,13998,56009,0.009619295174438137,0.009972416719711436,True,max_tpr_with_empirical_fpr_le_target,0.0008664438668151999,0.0008664438668151999,0.001,5.357682248520977,49,14,14125,56504,0.0008664438668151999,0.000990169035999717,True,max_tpr_with_empirical_fpr_le_target,32,True,False,0.4816466340113336,0.481332863165559,0.7449607468703586,DIABETES,LR,dp,1.0,7
0.4981939540744543,0.0019234260699567685,56553,14139,0.09695330044383145,0.09695330044383145,0.1,0.2790658218539752,5483,1412,12727,51070,0.09695330044383145,0.0998656199165429,True,max_tpr_with_empirical_fpr_le_target,0.009495517479178824,0.009495517479178824,0.01,1.456960325347845,537,141,13998,56016,0.009495517479178824,0.009972416719711436,True,max_tpr_with_empirical_fpr_le_target,0.0009725390341803265,0.0009725390341803265,0.001,5.250353671407746,55,14,14125,56498,0.0009725390341803265,0.000990169035999717,True,max_tpr_with_empirical_fpr_le_target,32,True,False,0.29942441755493493,0.29764578230858724,0.7449607468703586,DIABETES,LR,dp,1.0,8
0.49769110570235114,0.0015432798592004415,56553,14139,0.09569784096334412,0.09569784096334412,0.1,0.12010965345857394,5412,1413,12726,51141,0.09569784096334412,0.09993634627625717,True,max_tpr_with_empirical_fpr_le_target,0.00912418439340088,0.00912418439340088,0.01,0.9680991436634588,516,141,13998,56037,0.00912418439340088,0.009972416719711436,True,max_tpr_with_empirical_fpr_le_target,0.0008133962831326367,0.0008133962831326367,0.001,3.6834413278418117,46,14,14125,56507,0.0008133962831326367,0.000990169035999717,True,max_tpr_with_empirical_fpr_le_target,32,True,False,0.4685228098288729,0.4700679885169016,0.7449607468703586,DIABETES,LR,dp,1.0,9
0.4986980293055903,0.003821778442922974,56553,14139,0.09247962088660194,0.09247962088660194,0.1,0.31475054328543295,5230,1412,12727,51323,0.09247962088660194,0.0998656199165429,True,max_tpr_with_empirical_fpr_le_target,0.010167453539157958,0.010167453539157958,0.01,1.4896422242485057,575,141,13998,55978,0.010167453539157958,0.009972416719711436,True,max_tpr_with_empirical_fpr_le_target,0.0010609516736512653,0.0010609516736512653,0.001,5.232261913908172,60,14,14125,56493,0.0010609516736512653,0.000990169035999717,True,max_tpr_with_empirical_fpr_le_target,32,True,False,0.25721100307833844,0.2585462905947545,0.7449607468703586,DIABETES,LR,dp,1.0,10
0.4964611201175195,0.0033756144598716675,56553,14139,0.0940003182855021,0.0940003182855021,0.1,0.18265089054126116,5316,1413,12726,51237,0.0940003182855021,0.09993634627625717,True,max_tpr_with_empirical_fpr_le_target,0.011139992573338284,0.011139992573338284,0.01,0.8647424819532448,630,140,13999,55923,0.011139992573338284,0.00990169035999717,True,max_tpr_with_empirical_fpr_le_target,0.002104220819408343,0.002104220819408343,0.001,2.134376354496429,119,14,14125,56434,0.002104220819408343,0.000990169035999717,True,max_tpr_with_empirical_fpr_le_target,32,True,False,0.29620706317887974,0.2949685341509957,0.7449607468703586,DIABETES,LR,dp,1.0,11
0.49795043568797015,0.0036719290552518213,56553,14139,0.09716549077856171,0.09716549077856171,0.1,0.15389204901477893,5495,1413,12726,51058,0.09716549077856171,0.09993634627625717,True,max_tpr_with_empirical_fpr_le_target,0.010910119710713843,0.010910119710713843,0.01,0.8311646480907767,617,141,13998,55936,0.010910119710713843,0.009972416719711436,True,max_tpr_with_empirical_fpr_le_target,0.001432284759429208,0.001432284759429208,0.001,2.6836143381428395,81,14,14125,56472,0.001432284759429208,0.000990169035999717,True,max_tpr_with_empirical_fpr_le_target,32,True,False,0.39027989633946625,0.38980830528351007,0.7449607468703586,DIABETES,LR,dp,1.0,12
0.4956394422232606,0.0007261917433820306,56553,14139,0.09474298445705798,0.09474298445705798,0.1,0.19026773582788192,5358,1413,12726,51195,0.09474298445705798,0.09993634627625717,True,max_tpr_with_empirical_fpr_le_target,0.009354057256025321,0.009354057256025321,0.01,1.13512123738467,529,141,13998,56024,0.009354057256025321,0.009972416719711436,True,max_tpr_with_empirical_fpr_le_target,0.0006719360599791347,0.0006719360599791347,0.001,5.585653470044933,38,13,14126,56515,0.0006719360599791347,0.0009194426762854516,True,max_tpr_with_empirical_fpr_le_target,32,True,False,0.33510753306463437,0.33362475518697154,0.7449607468703586,DIABETES,LR,dp,1.0,13
0.5007630731769249,0.005956997150186605,56553,14139,0.09877460081693279,0.09877460081693279,0.1,0.10932935401828825,5586,1413,12726,50967,0.09877460081693279,0.09993634627625717,True,max_tpr_with_empirical_fpr_le_target,0.010415008929676587,0.010415008929676587,0.01,0.7176234659226437,589,141,13998,55964,0.010415008929676587,0.009972416719711436,True,max_tpr_with_empirical_fpr_le_target,0.0011493643131222039,0.0011493643131222039,0.001,3.565712308547561,65,13,14126,56488,0.0011493643131222039,0.0009194426762854516,True,max_tpr_with_empirical_fpr_le_target,32,True,False,0.4369127512898736,0.43440380125012834,0.7449607468703586,DIABETES,LR,dp,1.0,14
0.4945820873351121,0.001516341486554551,56553,14139,0.09417714356444397,0.09417714356444397,0.1,0.10558288613147382,5326,1413,12726,51227,0.09417714356444397,0.09993634627625717,True,max_tpr_with_empirical_fpr_le_target,0.008505295917104309,0.008505295917104309,0.01,0.9362457218989262,481,141,13998,56072,0.008505295917104309,0.009972416719711436,True,max_tpr_with_empirical_fpr_le_target,0.0009902215620745142,0.0009902215620745142,0.001,4.509901402069778,56,11,14128,56497,0.0009902215620745142,0.0007779899568569206,True,max_tpr_with_empirical_fpr_le_target,32,True,False,0.5241795130393924,0.535779673365864,0.7449607468703586,DIABETES,LR,dp,1.0,15
0.5032658606012727,0.010482174771892061,56553,14139,0.10033066327162131,0.10033066327162131,0.1,0.09382173745116018,5674,1412,12727,50879,0.10033066327162131,0.0998656199165429,True,max_tpr_with_empirical_fpr_le_target,0.009937580676533516,0.009937580676533516,0.01,0.9525014783341976,562,141,13998,55991,0.009937580676533516,0.009972416719711436,True,max_tpr_with_empirical_fpr_le_target,0.001007904089968702,0.001007904089968702,0.001,4.779868931972812,57,14,14125,56496,0.001007904089968702,0.000990169035999717,True,max_tpr_with_empirical_fpr_le_target,32,True,False,0.4983921356079651,0.5010994132214307,0.7449607468703586,DIABETES,LR,dp,1.0,16
0.49705534510045724,0.0034454366207269382,56553,14139,0.09912825137481654,0.09912825137481654,0.1,0.09844908459813329,5606,1411,12728,50947,0.09912825137481654,0.09979489355682863,True,max_tpr_with_empirical_fpr_le_target,0.01046805651335915,0.01046805651335915,0.01,1.0833718300919142,592,141,13998,55961,0.01046805651335915,0.009972416719711436,True,max_tpr_with_empirical_fpr_le_target,0.0014146022315350202,0.0014146022315350202,0.001,5.37180298446618,80,14,14125,56473,0.0014146022315350202,0.000990169035999717,True,max_tpr_with_empirical_fpr_le_target,32,True,False,0.44479822028022586,0.4418330718811397,0.7449607468703586,DIABETES,LR,dp,1.0,17
0.49659217642600073,0.0014432552053367242,56553,14139,0.09621063427227557,0.09621063427227557,0.1,0.16734275674558696,5441,1413,12726,51112,0.09621063427227557,0.09993634627625717,True,max_tpr_with_empirical_fpr_le_target,0.01022050112284052,0.01022050112284052,0.01,0.8536898020696969,578,141,13998,55975,0.01022050112284052,0.009972416719711436,True,max_tpr_with_empirical_fpr_le_target,0.001503014871005959,0.001503014871005959,0.001,2.421192503503816,85,13,14126,56468,0.001503014871005959,0.0009194426762854516,True,max_tpr_with_empirical_fpr_le_target,32,True,False,0.3282578971578243,0.32878895853797685,0.7449607468703586,DIABETES,LR,dp,1.0,18
0.503714008068958,0.011468753275493238,56553,14139,0.09850936289851997,0.09850936289851997,0.1,0.12578647282675115,5571,1413,12726,50982,0.09850936289851997,0.09993634627625717,True,max_tpr_with_empirical_fpr_le_target,0.008876629002882252,0.008876629002882252,0.01,1.0235702045762978,502,141,13998,56051,0.008876629002882252,0.009972416719711436,True,max_tpr_with_empirical_fpr_le_target,0.0008841263947093876,0.0008841263947093876,0.001,4.763368197914653,50,14,14125,56503,0.0008841263947093876,0.000990169035999717,True,max_tpr_with_empirical_fpr_le_target,32,True,False,0.4484666522606618,0.45348621854752796,0.7449607468703586,DIABETES,LR,dp,1.0,19
0.501761786454425,0.010891334135248898,56553,14139,0.09658196735805351,0.09658196735805351,0.1,0.0986436063648648,5462,1413,12726,51091,0.09658196735805351,0.09993634627625717,True,max_tpr_with_empirical_fpr_le_target,0.010804024543348717,0.010804024543348717,0.01,1.2793950606335867,611,141,13998,55942,0.010804024543348717,0.009972416719711436,True,max_tpr_with_empirical_fpr_le_target,0.0012554594804873305,0.0012554594804873305,0.001,6.185955560186269,71,14,14125,56482,0.0012554594804873305,0.000990169035999717,True,max_tpr_with_empirical_fpr_le_target,32,True,False,0.5086145977017266,0.5087574069842034,0.7449607468703586,DIABETES,LR,dp,1.0,20
0.5006766152578089,0.007843745012485082,56553,14139,0.10144466252895513,0.10144466252895513,0.1,0.11997067037150799,5737,1412,12727,50816,0.10144466252895513,0.0998656199165429,True,max_tpr_with_empirical_fpr_le_target,0.012236309302777925,0.012236309302777925,0.01,0.6675568617995161,692,140,13999,55861,0.012236309302777925,0.00990169035999717,True,max_tpr_with_empirical_fpr_le_target,0.0015914275104768978,0.0015914275104768978,0.001,2.284477083535609,90,14,14125,56463,0.0015914275104768978,0.000990169035999717,True,max_tpr_with_empirical_fpr_le_target,32,True,False,0.4057035393082805,0.40633352006148804,0.7449607468703586,DIABETES,LR,dp,1.0,21
0.4988703373420996,0.0034998311230417523,56553,14139,0.09893374356798047,0.09893374356798047,0.1,0.15434981896639566,5595,1413,12726,50958,0.09893374356798047,0.09993634627625717,True,max_tpr_with_empirical_fpr_le_target,0.009636977702332326,0.009636977702332326,0.01,0.8932372891150235,545,141,13998,56008,0.009636977702332326,0.009972416719711436,True,max_tpr_with_empirical_fpr_le_target,0.0009371739783919509,0.0009371739783919509,0.001,3.084331221203182,53,13,14126,56500,0.0009371739783919509,0.0009194426762854516,True,max_tpr_with_empirical_fpr_le_target,32,True,False,0.34384550203538866,0.34158688898717404,0.7449607468703586,DIABETES,LR,dp,1.0,22
0.5029424838217845,0.01062695539334535,56553,14139,0.10195745583788658,0.10195745583788658,0.1,0.10667154125989997,5766,1413,12726,50787,0.10195745583788658,0.09993634627625717,True,max_tpr_with_empirical_fpr_le_target,0.01014977101126377,0.01014977101126377,0.01,1.2286377075329842,574,141,13998,55979,0.01014977101126377,0.009972416719711436,True,max_tpr_with_empirical_fpr_le_target,0.0008310788110268244,0.0008310788110268244,0.001,5.547500214191126,47,14,14125,56506,0.0008310788110268244,0.000990169035999717,True,max_tpr_with_empirical_fpr_le_target,32,True,False,0.49695335505677823,0.502659302285021,0.7449607468703586,DIABETES,LR,dp,1.0,23
0.499158337810212,0.003980290881073101,56553,14139,0.09529114282177781,0.09529114282177781,0.1,0.17541940632350617,5389,1413,12726,51164,0.09529114282177781,0.09993634627625717,True,max_tpr_with_empirical_fpr_le_target,0.010167453539157958,0.010167453539157958,0.01,0.9351508535470314,575,141,13998,55978,0.010167453539157958,0.009972416719711436,True,max_tpr_with_empirical_fpr_le_target,0.0010963167294396406,0.0010963167294396406,0.001,3.5800257985568305,62,13,14126,56491,0.0010963167294396406,0.0009194426762854516,True,max_tpr_with_empirical_fpr_le_target,32,True,False,0.3846284559267481,0.3845771608183381,0.7449607468703586,DIABETES,LR,dp,1.0,24
0.502855927103623,0.007628376850229601,56553,14139,0.1009318692200237,0.1009318692200237,0.1,0.1824850699619538,5708,1413,12726,50845,0.1009318692200237,0.09993634627625717,True,max_tpr_with_empirical_fpr_le_target,0.010273548706523085,0.010273548706523085,0.01,1.0434088249970275,581,141,13998,55972,0.010273548706523085,0.009972416719711436,True,max_tpr_with_empirical_fpr_le_target,0.0009725390341803265,0.0009725390341803265,0.001,4.0772760143810896,55,14,14125,56498,0.0009725390341803265,0.000990169035999717,True,max_tpr_with_empirical_fpr_le_target,32,True,False,0.32262206942862903,0.3235873902850691,0.7449607468703586,DIABETES,LR,dp,1.0,25
0.49870686494174365,0.003146668307281053,56553,14139,0.09937580676533517,0.09937580676533517,0.1,0.11677276181692775,5620,1413,12726,50933,0.09937580676533517,0.09993634627625717,True,max_tpr_with_empirical_fpr_le_target,0.009619295174438137,0.009619295174438137,0.01,0.7734688154015448,544,141,13998,56009,0.009619295174438137,0.009972416719711436,True,max_tpr_with_empirical_fpr_le_target,0.0009725390341803265,0.0009725390341803265,0.001,3.502861759671786,55,14,14125,56498,0.0009725390341803265,0.000990169035999717,True,max_tpr_with_empirical_fpr_le_target,32,True,False,0.4948704701434583,0.4967253264957006,0.7449607468703586,DIABETES,LR,dp,1.0,26
0.503024139356919,0.0115486379315346,56553,14139,0.09656428483015932,0.09656428483015932,0.1,0.09502828124523588,5461,1411,12728,51092,0.09656428483015932,0.09979489355682863,True,max_tpr_with_empirical_fpr_le_target,0.00864675614025781,0.00864675614025781,0.01,1.2688810286019234,489,141,13998,56064,0.00864675614025781,0.009972416719711436,True,max_tpr_with_empirical_fpr_le_target,0.0010432691457570775,0.0010432691457570775,0.001,4.985763489119351,59,14,14125,56494,0.0010432691457570775,0.000990169035999717,True,max_tpr_with_empirical_fpr_le_target,32,True,False,0.4655997764427167,0.46693171788762644,0.7449607468703586,DIABETES,LR,dp,1.0,27
0.5026443045507489,0.008702178652893688,56553,14139,0.10229342386787615,0.10229342386787615,0.1,0.14939416906547098,5785,1413,12726,50768,0.10229342386787615,0.09993634627625717,True,max_tpr_with_empirical_fpr_le_target,0.010998532350184782,0.010998532350184782,0.01,0.8470268711584302,622,141,13998,55931,0.010998532350184782,0.009972416719711436,True,max_tpr_with_empirical_fpr_le_target,0.001503014871005959,0.001503014871005959,0.001,2.986182711763915,85,14,14125,56468,0.001503014871005959,0.000990169035999717,True,max_tpr_with_empirical_fpr_le_target,32,True,False,0.3720649160683988,0.36984890701490986,0.7449607468703586,DIABETES,LR,dp,1.0,28
0.5028229107137506,0.009976558775895428,56553,14139,0.09972945732321893,0.09972945732321893,0.1,0.22217351823965115,5640,1413,12726,50913,0.09972945732321893,0.09993634627625717,True,max_tpr_with_empirical_fpr_le_target,0.008805898891305501,0.008805898891305501,0.01,1.320270879577487,498,141,13998,56055,0.008805898891305501,0.009972416719711436,True,max_tpr_with_empirical_fpr_le_target,0.0010432691457570775,0.0010432691457570775,0.001,4.450125936460261,59,14,14125,56494,0.0010432691457570775,0.000990169035999717,True,max_tpr_with_empirical_fpr_le_target,32,True,False,0.32326450742269836,0.32277520223937656,0.7449607468703586,DIABETES,LR,dp,1.0,29
0.5018480317680002,0.008819848316026668,56553,14139,0.09762523650381058,0.09762523650381058,0.1,0.3542783020997069,5521,1413,12726,51032,0.09762523650381058,0.09993634627625717,True,max_tpr_with_empirical_fpr_le_target,0.009513200007073012,0.009513200007073012,0.01,1.6273336229359412,538,141,13998,56015,0.009513200007073012,0.009972416719711436,True,max_tpr_with_empirical_fpr_le_target,0.0012554594804873305,0.0012554594804873305,0.001,4.686038080502032,71,14,14125,56482,0.0012554594804873305,0.000990169035999717,True,max_tpr_with_empirical_fpr_le_target,32,True,False,0.08322689607532999,0.08318206228004901,0.7454558313883585,DIABETES,LR,dp,2.0,0
0.503895244287562,0.010011983861483498,56553,14139,0.10114405955475395,0.10114405955475395,0.1,0.2872796075652142,5720,1412,12727,50833,0.10114405955475395,0.0998656199165429,True,max_tpr_with_empirical_fpr_le_target,0.009018089226035754,0.009018089226035754,0.01,1.354135069888853,510,140,13999,56043,0.009018089226035754,0.00990169035999717,True,max_tpr_with_empirical_fpr_le_target,0.0007957137552384489,0.0007957137552384489,0.001,4.911754673494325,45,14,14125,56508,0.0007957137552384489,0.000990169035999717,True,max_tpr_with_empirical_fpr_le_target,32,True,False,0.08564798244996721,0.08579263389873246,0.7454558313883585,DIABETES,LR,dp,2.0,1
0.49946423966486353,0.005161628566296761,56553,14139,0.09886301345640373,0.09886301345640373,0.1,0.3562462865163636,5591,1413,12726,50962,0.09886301345640373,0.09993634627625717,True,max_tpr_with_empirical_fpr_le_target,0.008911994058670627,0.008911994058670627,0.01,1.789570305710369,504,141,13998,56049,0.008911994058670627,0.009972416719711436,True,max_tpr_with_empirical_fpr_le_target,0.0011493643131222039,0.0011493643131222039,0.001,5.843734950210321,65,14,14125,56488,0.0011493643131222039,0.000990169035999717,True,max_tpr_with_empirical_fpr_le_target,32,True,False,0.09201691683365508,0.09213639438967974,0.7454558313883585,DIABETES,LR,dp,2.0,2
0.5025381243411675,0.006897645353240112,56553,14139,0.10068431382950506,0.10068431382950506,0.1,0.2889454330298524,5694,1413,12726,50859,0.10068431382950506,0.09993634627625717,True,max_tpr_with_empirical_fpr_le_target,0.010768659487560341,0.010768659487560341,0.01,1.2873669839828437,609,141,13998,55944,0.010768659487560341,0.009972416719711436,True,max_tpr_with_empirical_fpr_le_target,0.001220094424698955,0.001220094424698955,0.001,3.98581116822794,69,14,14125,56484,0.001220094424698955,0.000990169035999717,True,max_tpr_with_empirical_fpr_le_target,32,True,False,0.0868726703190894,0.08679619674498312,0.7454558313883585,DIABETES,LR,dp,2.0,3
0.5007827416906948,0.0071474143426251135,56553,14139,0.09925202907007585,0.09925202907007585,0.1,0.27886127941874994,5613,1413,12726,50940,0.09925202907007585,0.09993634627625717,True,max_tpr_with_empirical_fpr_le_target,0.012342404470143052,0.012342404470143052,0.01,1.2836339844104985,698,141,13998,55855,0.012342404470143052,0.009972416719711436,True,max_tpr_with_empirical_fpr_le_target,0.0021219033473025306,0.0021219033473025306,0.001,3.6767432579852244,120,13,14126,56433,0.0021219033473025306,0.0009194426762854516,True,max_tpr_with_empirical_fpr_le_target,32,True,False,0.09879031710262454,0.09908205463810899,0.7454558313883585,DIABETES,LR,dp,2.0,4
0.4980984954372356,0.002187662241086019,56553,14139,0.09690025286014889,0.09690025286014889,0.1,0.28345219030778535,5480,1413,12726,51073,0.09690025286014889,0.09993634627625717,True,max_tpr_with_empirical_fpr_le_target,0.00976075539759164,0.00976075539759164,0.01,1.4191984484025464,552,141,13998,56001,0.00976075539759164,0.009972416719711436,True,max_tpr_with_empirical_fpr_le_target,0.0008664438668151999,0.0008664438668151999,0.001,4.548463493494869,49,14,14125,56504,0.0008664438668151999,0.000990169035999717,True,max_tpr_with_empirical_fpr_le_target,32,True,False,0.0955007094832595,0.095840767587515,0.7454558313883585,DIABETES,LR,dp,2.0,5
0.5030394194422017,0.007225948328171805,56553,14139,0.10132088483369582,0.10132088483369582,0.1,0.26670993662376086,5730,1411,12728,50823,0.10132088483369582,0.09979489355682863,True,max_tpr_with_empirical_fpr_le_target,0.009636977702332326,0.009636977702332326,0.01,1.3453427566248668,545,141,13998,56008,0.009636977702332326,0.009972416719711436,True,max_tpr_with_empirical_fpr_le_target,0.001007904089968702,0.001007904089968702,0.001,4.580769901047935,57,14,14125,56496,0.001007904089968702,0.000990169035999717,True,max_tpr_with_empirical_fpr_le_target,32,True,False,0.10265642868495564,0.10294430151416814,0.7454558313883585,DIABETES,LR,dp,2.0,6
0.5020649707100162,0.009613783688446897,56553,14139,0.10050748855056318,0.10050748855056318,0.1,0.2683852617678153,5684,1411,12728,50869,0.10050748855056318,0.09979489355682863,True,max_tpr_with_empirical_fpr_le_target,0.010008310788110267,0.010008310788110267,0.01,1.2164037151184082,566,141,13998,55987,0.010008310788110267,0.009972416719711436,True,max_tpr_with_empirical_fpr_le_target,0.0010609516736512653,0.0010609516736512653,0.001,3.7036391803497892,60,13,14126,56493,0.0010609516736512653,0.0009194426762854516,True,max_tpr_with_empirical_fpr_le_target,32,True,False,0.09151282768427366,0.09149605219715204,0.7454558313883585,DIABETES,LR,dp,2.0,7
0.49892039594200205,0.003013263332883931,56553,14139,0.0996233621558538,0.0996233621558538,0.1,0.3439662542062336,5634,1413,12726,50919,0.0996233621558538,0.09993634627625717,True,max_tpr_with_empirical_fpr_le_target,0.009690025286014889,0.009690025286014889,0.01,1.670135359523488,548,141,13998,56005,0.009690025286014889,0.009972416719711436,True,max_tpr_with_empirical_fpr_le_target,0.0010609516736512653,0.0010609516736512653,0.001,5.11926863263627,60,14,14125,56493,0.0010609516736512653,0.000990169035999717,True,max_tpr_with_empirical_fpr_le_target,32,True,False,0.09215128229517298,0.09195250220447203,0.7454558313883585,DIABETES,LR,dp,2.0,8
0.49778549881062395,0.0035684676953515737,56553,14139,0.09681184022067794,0.09681184022067794,0.1,0.26863275415681764,5475,1413,12726,51078,0.09681184022067794,0.09993634627625717,True,max_tpr_with_empirical_fpr_le_target,0.009654660230226514,0.009654660230226514,0.01,1.375824867745631,546,141,13998,56007,0.009654660230226514,0.009972416719711436,True,max_tpr_with_empirical_fpr_le_target,0.0008664438668151999,0.0008664438668151999,0.001,5.474115484280004,49,14,14125,56504,0.0008664438668151999,0.000990169035999717,True,max_tpr_with_empirical_fpr_le_target,32,True,False,0.09978773984484339,0.09964895245213815,0.7454558313883585,DIABETES,LR,dp,2.0,9
0.4993875716055931,0.0059692882516890755,56553,14139,0.09293936661185083,0.09293936661185083,0.1,0.3711576382236461,5256,1413,12726,51297,0.09293936661185083,0.09993634627625717,True,max_tpr_with_empirical_fpr_le_target,0.009389422311813696,0.009389422311813696,0.01,1.649246188061481,531,141,13998,56022,0.009389422311813696,0.009972416719711436,True,max_tpr_with_empirical_fpr_le_target,0.0009194914504977632,0.0009194914504977632,0.001,6.173692594857313,52,14,14125,56501,0.0009194914504977632,0.000990169035999717,True,max_tpr_with_empirical_fpr_le_target,32,True,False,0.08078274409360153,0.08110547982471172,0.7454558313883585,DIABETES,LR,dp,2.0,10
0.49440387011518805,0.0025274046447358867,56553,14139,0.09299241419553339,0.09299241419553339,0.1,0.29895617973802047,5259,1413,12726,51294,0.09299241419553339,0.09993634627625717,True,max_tpr_with_empirical_fpr_le_target,0.011086944989655722,0.011086944989655722,0.01,1.2575355625656484,627,141,13998,55926,0.011086944989655722,0.009972416719711436,True,max_tpr_with_empirical_fpr_le_target,0.0017682527894187752,0.0017682527894187752,0.001,3.2467741158713253,100,14,14125,56453,0.0017682527894187752,0.000990169035999717,True,max_tpr_with_empirical_fpr_le_target,32,True,False,0.08411395575245394,0.08390180933445229,0.7454558313883585,DIABETES,LR,dp,2.0,11
0.4979799303295895,0.0045222961913167214,56553,14139,0.09723622089013845,0.09723622089013845,0.1,0.2612835657062482,5499,1413,12726,51054,0.09723622089013845,0.09993634627625717,True,max_tpr_with_empirical_fpr_le_target,0.009955263204427705,0.009955263204427705,0.01,1.3228496809522179,563,141,13998,55990,0.009955263204427705,0.009972416719711436,True,max_tpr_with_empirical_fpr_le_target,0.001361554647852457,0.001361554647852457,0.001,4.040057455069072,77,14,14125,56476,0.001361554647852457,0.000990169035999717,True,max_tpr_with_empirical_fpr_le_target,32,True,False,0.10282496642949254,0.10269481398705178,0.7454558313883585,DIABETES,LR,dp,2.0,12
0.4973391835024523,0.0035158328165424413,56553,14139,0.09603380899333369,0.09603380899333369,0.1,0.3000524787170624,5431,1412,12727,51122,0.09603380899333369,0.0998656199165429,True,max_tpr_with_empirical_fpr_le_target,0.009088819337612505,0.009088819337612505,0.01,1.6574286850301498,514,141,13998,56039,0.009088819337612505,0.009972416719711436,True,max_tpr_with_empirical_fpr_le_target,0.0006365710041907591,0.0006365710041907591,0.001,7.335913739401651,36,14,14125,56517,0.0006365710041907591,0.000990169035999717,True,max_tpr_with_empirical_fpr_le_target,32,True,False,0.0923538125297083,0.09228771227616327,0.7454558313883585,DIABETES,LR,dp,2.0,13
0.4990398077199491,0.0040029108599981544,56553,14139,0.0999062826021608,0.0999062826021608,0.1,0.268429397352308,5650,1413,12726,50903,0.0999062826021608,0.09993634627625717,True,max_tpr_with_empirical_fpr_le_target,0.010591834208618464,0.010591834208618464,0.01,1.2784605873472112,599,141,13998,55954,0.010591834208618464,0.009972416719711436,True,max_tpr_with_empirical_fpr_le_target,0.0009548565062861387,0.0009548565062861387,0.001,4.7065579894241925,54,14,14125,56499,0.0009548565062861387,0.000990169035999717,True,max_tpr_with_empirical_fpr_le_target,32,True,False,0.09453589290690077,0.09489847130200083,0.7454558313883585,DIABETES,LR,dp,2.0,14
0.4960329150495654,0.0015172231742386355,56553,14139,0.09585698371439182,0.09585698371439182,0.1,0.25086491954928913,5421,1413,12726,51132,0.09585698371439182,0.09993634627625717,True,max_tpr_with_empirical_fpr_le_target,0.009813802981274202,0.009813802981274202,0.01,1.2480997078542848,555,141,13998,55998,0.009813802981274202,0.009972416719711436,True,max_tpr_with_empirical_fpr_le_target,0.0007249836436616978,0.0007249836436616978,0.001,5.413744001009025,41,14,14125,56512,0.0007249836436616978,0.000990169035999717,True,max_tpr_with_empirical_fpr_le_target,32,True,False,0.10400441157448037,0.10464924077119879,0.7454558313883585,DIABETES,LR,dp,2.0,15
0.5023522895897771,0.007842413101302737,56553,14139,0.09995933018584337,0.09995933018584337,0.1,0.27547957359376296,5653,1413,12726,50900,0.09995933018584337,0.09993634627625717,True,max_tpr_with_empirical_fpr_le_target,0.009265644616554382,0.009265644616554382,0.01,1.3347907863433304,524,141,13998,56029,0.009265644616554382,0.009972416719711436,True,max_tpr_with_empirical_fpr_le_target,0.0015560624546885223,0.0015560624546885223,0.001,3.4368795415134574,88,14,14125,56465,0.0015560624546885223,0.000990169035999717,True,max_tpr_with_empirical_fpr_le_target,32,True,False,0.09484623138198145,0.09501196704515376,0.7454558313883585,DIABETES,LR,dp,2.0,16
0.4957641904002828,0.0016647351515811856,56553,14139,0.09905752126323979,0.09905752126323979,0.1,0.2776791501773992,5602,1412,12727,50951,0.09905752126323979,0.0998656199165429,True,max_tpr_with_empirical_fpr_le_target,0.0096723427581207,0.0096723427581207,0.01,1.2201024049644844,547,141,13998,56006,0.0096723427581207,0.009972416719711436,True,max_tpr_with_empirical_fpr_le_target,0.0010963167294396406,0.0010963167294396406,0.001,3.82625823163977,62,13,14126,56491,0.0010963167294396406,0.0009194426762854516,True,max_tpr_with_empirical_fpr_le_target,32,True,False,0.09223730906071716,0.09222370531756023,0.7454558313883585,DIABETES,LR,dp,2.0,17
0.49475515950094756,0.0026432884213258845,56553,14139,0.09580393613070924,0.09580393613070924,0.1,0.2650390584737632,5418,1412,12727,51135,0.09580393613070924,0.0998656199165429,True,max_tpr_with_empirical_fpr_le_target,0.009194914504977631,0.009194914504977631,0.01,1.3218978621282225,520,141,13998,56033,0.009194914504977631,0.009972416719711436,True,max_tpr_with_empirical_fpr_le_target,0.0015383799267943345,0.0015383799267943345,0.001,3.4708836931562788,87,14,14125,56466,0.0015383799267943345,0.000990169035999717,True,max_tpr_with_empirical_fpr_le_target,32,True,False,0.09175912616531094,0.09185684820653606,0.7454558313883585,DIABETES,LR,dp,2.0,18
0.5015853238555235,0.008430783928142116,56553,14139,0.10056053613424575,0.10056053613424575,0.1,0.3142896629351244,5687,1413,12726,50866,0.10056053613424575,0.09993634627625717,True,max_tpr_with_empirical_fpr_le_target,0.010892437182819657,0.010892437182819657,0.01,1.4925928001590822,616,141,13998,55937,0.010892437182819657,0.009972416719711436,True,max_tpr_with_empirical_fpr_le_target,0.0010963167294396406,0.0010963167294396406,0.001,5.151498392984415,62,14,14125,56491,0.0010963167294396406,0.000990169035999717,True,max_tpr_with_empirical_fpr_le_target,32,True,False,0.09196153753856245,0.09215462879707324,0.7454558313883585,DIABETES,LR,dp,2.0,19
0.500760535667264,0.0058871787411938215,56553,14139,0.09806729970116528,0.09806729970116528,0.1,0.2825023744579336,5546,1413,12726,51007,0.09806729970116528,0.09993634627625717,True,max_tpr_with_empirical_fpr_le_target,0.009566247590755575,0.009566247590755575,0.01,1.4368172716921523,541,141,13998,56012,0.009566247590755575,0.009972416719711436,True,max_tpr_with_empirical_fpr_le_target,0.0013792371757466448,0.0013792371757466448,0.001,4.508607022463523,78,14,14125,56475,0.0013792371757466448,0.000990169035999717,True,max_tpr_with_empirical_fpr_le_target,32,True,False,0.09894785946479301,0.098865006929023,0.7454558313883585,DIABETES,LR,dp,2.0,20
0.5005705188398231,0.0059983014042894744,56553,14139,0.10110869449896558,0.10110869449896558,0.1,0.2674367619369762,5718,1413,12726,50835,0.10110869449896558,0.09993634627625717,True,max_tpr_with_empirical_fpr_le_target,0.011299135324385975,0.011299135324385975,0.01,1.2884049575857648,639,141,13998,55914,0.011299135324385975,0.009972416719711436,True,max_tpr_with_empirical_fpr_le_target,0.0011670468410163917,0.0011670468410163917,0.001,4.312559786558634,66,14,14125,56487,0.0011670468410163917,0.000990169035999717,True,max_tpr_with_empirical_fpr_le_target,32,True,False,0.09439856019480855,0.0943766459672669,0.7454558313883585,DIABETES,LR,dp,2.0,21
0.5004485370360735,0.004613391412464751,56553,14139,0.09808498222905947,0.09808498222905947,0.1,0.28259758211351915,5547,1413,12726,51006,0.09808498222905947,0.09993634627625717,True,max_tpr_with_empirical_fpr_le_target,0.010025993316004456,0.010025993316004456,0.01,1.4127807970033477,567,141,13998,55986,0.010025993316004456,0.009972416719711436,True,max_tpr_with_empirical_fpr_le_target,0.001432284759429208,0.001432284759429208,0.001,3.6942076571582314,81,14,14125,56472,0.001432284759429208,0.000990169035999717,True,max_tpr_with_empirical_fpr_le_target,32,True,False,0.08977730698052391,0.08966597395773536,0.7454558313883585,DIABETES,LR,dp,2.0,22
0.5016545857382475,0.009533043607758862,56553,14139,0.10038371085530387,0.10038371085530387,0.1,0.2506482837321342,5677,1413,12726,50876,0.10038371085530387,0.09993634627625717,True,max_tpr_with_empirical_fpr_le_target,0.010556469152830088,0.010556469152830088,0.01,1.2504345845496725,597,141,13998,55956,0.010556469152830088,0.009972416719711436,True,max_tpr_with_empirical_fpr_le_target,0.0016621576220536489,0.0016621576220536489,0.001,3.8943411034354014,94,14,14125,56459,0.0016621576220536489,0.000990169035999717,True,max_tpr_with_empirical_fpr_le_target,32,True,False,0.10437376757106817,0.10470982152647354,0.7454558313883585,DIABETES,LR,dp,2.0,23
0.4997802803025717,0.009084133261368033,56553,14139,0.09476066698495217,0.09476066698495217,0.1,0.2755781190517992,5359,1413,12726,51194,0.09476066698495217,0.09993634627625717,True,max_tpr_with_empirical_fpr_le_target,0.009902215620745142,0.009902215620745142,0.01,1.3752031672673781,560,141,13998,55993,0.009902215620745142,0.009972416719711436,True,max_tpr_with_empirical_fpr_le_target,0.0008487613389210122,0.0008487613389210122,0.001,5.212375436444716,48,14,14125,56505,0.0008487613389210122,0.000990169035999717,True,max_tpr_with_empirical_fpr_le_target,32,True,False,0.10437230906838497,0.10435006645991024,0.7454558313883585,DIABETES,LR,dp,2.0,24
0.5012107228975206,0.00530883289091566,56553,14139,0.10169221791947376,0.10169221791947376,0.1,0.27861245607821283,5751,1413,12726,50802,0.10169221791947376,0.09993634627625717,True,max_tpr_with_empirical_fpr_le_target,0.010238183650734709,0.010238183650734709,0.01,1.493880109410719,579,141,13998,55974,0.010238183650734709,0.009972416719711436,True,max_tpr_with_empirical_fpr_le_target,0.0007780312273442611,0.0007780312273442611,0.001,6.173292614713349,44,14,14125,56509,0.0007780312273442611,0.000990169035999717,True,max_tpr_with_empirical_fpr_le_target,32,True,False,0.09081337082410862,0.09096977510214839,0.7454558313883585,DIABETES,LR,dp,2.0,25
0.4974552898895497,0.002224606830980691,56553,14139,0.09866850564956767,0.09866850564956767,0.1,0.30965946395602395,5580,1413,12726,50973,0.09866850564956767,0.09993634627625717,True,max_tpr_with_empirical_fpr_le_target,0.008911994058670627,0.008911994058670627,0.01,1.7858952775586663,504,141,13998,56049,0.008911994058670627,0.009972416719711436,True,max_tpr_with_empirical_fpr_le_target,0.0010432691457570775,0.0010432691457570775,0.001,5.512087139064024,59,14,14125,56494,0.0010432691457570775,0.000990169035999717,True,max_tpr_with_empirical_fpr_le_target,32,True,False,0.10249234895627607,0.10270721402908284,0.7454558313883585,DIABETES,LR,dp,2.0,26
0.503274878828067,0.012244923579044609,56553,14139,0.09980018743479568,0.09980018743479568,0.1,0.24860321572541322,5644,1413,12726,50909,0.09980018743479568,0.09993634627625717,True,max_tpr_with_empirical_fpr_le_target,0.010503421569147525,0.010503421569147525,0.01,1.2231579422558847,594,141,13998,55959,0.010503421569147525,0.009972416719711436,True,max_tpr_with_empirical_fpr_le_target,0.0009018089226035754,0.0009018089226035754,0.001,4.917436174735899,51,14,14125,56502,0.0009018089226035754,0.000990169035999717,True,max_tpr_with_empirical_fpr_le_target,32,True,False,0.0950504968747791,0.09493867472294025,0.7454558313883585,DIABETES,LR,dp,2.0,27
0.5019389556540947,0.008185217024740843,56553,14139,0.10181599561473308,0.10181599561473308,0.1,0.26074353860803834,5758,1413,12726,50795,0.10181599561473308,0.09993634627625717,True,max_tpr_with_empirical_fpr_le_target,0.011122310045444096,0.011122310045444096,0.01,1.3680756603012616,629,141,13998,55924,0.011122310045444096,0.009972416719711436,True,max_tpr_with_empirical_fpr_le_target,0.0014146022315350202,0.0014146022315350202,0.001,3.8831677110568106,80,14,14125,56473,0.0014146022315350202,0.000990169035999717,True,max_tpr_with_empirical_fpr_le_target,32,True,False,0.09819372133599268,0.0978329859772694,0.7454558313883585,DIABETES,LR,dp,2.0,28
0.5030825746151308,0.01002673993663905,56553,14139,0.10010079040899687,0.10010079040899687,0.1,0.3344929923343558,5661,1411,12728,50892,0.10010079040899687,0.09979489355682863,True,max_tpr_with_empirical_fpr_le_target,0.009000406698141566,0.009000406698141566,0.01,1.704228395544121,509,141,13998,56044,0.009000406698141566,0.009972416719711436,True,max_tpr_with_empirical_fpr_le_target,0.0011670468410163917,0.0011670468410163917,0.001,5.179238053683861,66,14,14125,56487,0.0011670468410163917,0.000990169035999717,True,max_tpr_with_empirical_fpr_le_target,32,True,False,0.08848186385231901,0.08832007275177518,0.7454558313883585,DIABETES,LR,dp,2.0,29
0.5017839311974353,0.00654070816381902,56553,14139,0.10139161494527257,0.10139161494527257,0.1,0.35116557328040243,5734,1413,12726,50819,0.10139161494527257,0.09993634627625717,True,max_tpr_with_empirical_fpr_le_target,0.010344278818099836,0.010344278818099836,0.01,1.3997120263428933,585,140,13999,55968,0.010344278818099836,0.00990169035999717,True,max_tpr_with_empirical_fpr_le_target,0.0013261895920640815,0.0013261895920640815,0.001,3.7224487887209894,75,14,14125,56478,0.0013261895920640815,0.000990169035999717,True,max_tpr_with_empirical_fpr_le_target,32,True,False,0.05118080490376695,0.051187685386880025,0.7456680104675012,DIABETES,LR,dp,4.0,0
0.5035984131857796,0.009028223006609104,56553,14139,0.10584761197460789,0.10584761197460789,0.1,0.3219471749259244,5986,1412,12727,50567,0.10584761197460789,0.0998656199165429,True,max_tpr_with_empirical_fpr_le_target,0.009265644616554382,0.009265644616554382,0.01,1.410219685968141,524,141,13998,56029,0.009265644616554382,0.009972416719711436,True,max_tpr_with_empirical_fpr_le_target,0.0008664438668151999,0.0008664438668151999,0.001,4.301308238010385,49,14,14125,56504,0.0008664438668151999,0.000990169035999717,True,max_tpr_with_empirical_fpr_le_target,32,True,False,0.05119442965730226,0.05126773511575321,0.7456680104675012,DIABETES,LR,dp,4.0,1
0.49941417731309856,0.0055611418912033805,56553,14139,0.09856241048220253,0.09856241048220253,0.1,0.35848970899083676,5574,1413,12726,50979,0.09856241048220253,0.09993634627625717,True,max_tpr_with_empirical_fpr_le_target,0.008611391084469436,0.008611391084469436,0.01,1.6439143881054803,487,140,13999,56066,0.008611391084469436,0.00990169035999717,True,max_tpr_with_empirical_fpr_le_target,0.0010963167294396406,0.0010963167294396406,0.001,4.76450386241123,62,13,14126,56491,0.0010963167294396406,0.0009194426762854516,True,max_tpr_with_empirical_fpr_le_target,32,True,False,0.053578845926254524,0.0536509985499902,0.7456680104675012,DIABETES,LR,dp,4.0,2
0.5035148729650566,0.008761176690478267,56553,14139,0.10061358371792832,0.10061358371792832,0.1,0.3190852929143455,5690,1413,12726,50863,0.10061358371792832,0.09993634627625717,True,max_tpr_with_empirical_fpr_le_target,0.010361961345994023,0.010361961345994023,0.01,1.296682855779388,586,141,13998,55967,0.010361961345994023,0.009972416719711436,True,max_tpr_with_empirical_fpr_le_target,0.0009371739783919509,0.0009371739783919509,0.001,3.8555638261839946,53,14,14125,56500,0.0009371739783919509,0.000990169035999717,True,max_tpr_with_empirical_fpr_le_target,32,True,False,0.052049301431619746,0.051993141999975435,0.7456680104675012,DIABETES,LR,dp,4.0,3
0.501827293973422,0.008260134214851389,56553,14139,0.10004774282531431,0.10004774282531431,0.1,0.316504878120911,5658,1413,12726,50895,0.10004774282531431,0.09993634627625717,True,max_tpr_with_empirical_fpr_le_target,0.012890562834862873,0.012890562834862873,0.01,1.2638141923322987,729,141,13998,55824,0.012890562834862873,0.009972416719711436,True,max_tpr_with_empirical_fpr_le_target,0.0019804431241490284,0.0019804431241490284,0.001,3.3809956623378317,112,14,14125,56441,0.0019804431241490284,0.000990169035999717,True,max_tpr_with_empirical_fpr_le_target,32,True,False,0.05575388282032715,0.055990503709669646,0.7456680104675012,DIABETES,LR,dp,4.0,4
0.49880268876024425,0.0037456231381921556,56553,14139,0.09965872721164218,0.09965872721164218,0.1,0.3201101576967669,5636,1411,12728,50917,0.09965872721164218,0.09979489355682863,True,max_tpr_with_empirical_fpr_le_target,0.00983148550916839,0.00983148550916839,0.01,1.4028554151378914,556,140,13999,55997,0.00983148550916839,0.00990169035999717,True,max_tpr_with_empirical_fpr_le_target,0.0012377769525931427,0.0012377769525931427,0.001,3.6538360970927393,70,14,14125,56483,0.0012377769525931427,0.000990169035999717,True,max_tpr_with_empirical_fpr_le_target,32,True,False,0.055799130263288726,0.055922077517363104,0.7456680104675012,DIABETES,LR,dp,4.0,5
0.4999867365408034,0.004746462471100665,56553,14139,0.10248793167471222,0.10248793167471222,0.1,0.28660252134915476,5796,1412,12727,50757,0.10248793167471222,0.0998656199165429,True,max_tpr_with_empirical_fpr_le_target,0.010025993316004456,0.010025993316004456,0.01,1.2870608734040954,567,141,13998,55986,0.010025993316004456,0.009972416719711436,True,max_tpr_with_empirical_fpr_le_target,0.0007957137552384489,0.0007957137552384489,0.001,4.525792429456905,45,14,14125,56508,0.0007957137552384489,0.000990169035999717,True,max_tpr_with_empirical_fpr_le_target,32,True,False,0.05805679021606789,0.05823785308434875,0.7456680104675012,DIABETES,LR,dp,4.0,6
0.4992228410806836,0.0029334874808547573,56553,14139,0.0980496171732711,0.0980496171732711,0.1,0.31939630324552315,5545,1413,12726,51008,0.0980496171732711,0.09993634627625717,True,max_tpr_with_empirical_fpr_le_target,0.010291231234417272,0.010291231234417272,0.01,1.2459331940285787,582,141,13998,55971,0.010291231234417272,0.009972416719711436,True,max_tpr_with_empirical_fpr_le_target,0.0011847293689105794,0.0011847293689105794,0.001,3.3949899313662826,67,13,14126,56486,0.0011847293689105794,0.0009194426762854516,True,max_tpr_with_empirical_fpr_le_target,32,True,False,0.05436860306399477,0.054341617133904375,0.7456680104675012,DIABETES,LR,dp,4.0,7
0.5000221528720457,0.0043808509756131375,56553,14139,0.0989160610400863,0.0989160610400863,0.1,0.3404339029829433,5594,1413,12726,50959,0.0989160610400863,0.09993634627625717,True,max_tpr_with_empirical_fpr_le_target,0.009849168037062579,0.009849168037062579,0.01,1.4161295155357174,557,141,13998,55996,0.009849168037062579,0.009972416719711436,True,max_tpr_with_empirical_fpr_le_target,0.0011670468410163917,0.0011670468410163917,0.001,4.001822276183759,66,14,14125,56487,0.0011670468410163917,0.000990169035999717,True,max_tpr_with_empirical_fpr_le_target,32,True,False,0.05706730694861929,0.056989963966136814,0.7456680104675012,DIABETES,LR,dp,4.0,8
0.49805649583795203,0.0049793143125386186,56553,14139,0.09771364914328153,0.09771364914328153,0.1,0.3116545684278704,5526,1412,12727,51027,0.09771364914328153,0.0998656199165429,True,max_tpr_with_empirical_fpr_le_target,0.009265644616554382,0.009265644616554382,0.01,1.3839783066996303,524,140,13999,56029,0.009265644616554382,0.00990169035999717,True,max_tpr_with_empirical_fpr_le_target,0.0011670468410163917,0.0011670468410163917,0.001,4.185809957438844,66,14,14125,56487,0.0011670468410163917,0.000990169035999717,True,max_tpr_with_empirical_fpr_le_target,32,True,False,0.05451668728815396,0.054505087247382296,0.7456680104675012,DIABETES,LR,dp,4.0,9
0.5003705308125165,0.0036600431548978185,56553,14139,0.09967640973953637,0.09967640973953637,0.1,0.3529215056720987,5637,1413,12726,50916,0.09967640973953637,0.09993634627625717,True,max_tpr_with_empirical_fpr_le_target,0.009743072869697451,0.009743072869697451,0.01,1.4687421428332883,551,141,13998,56002,0.009743072869697451,0.009972416719711436,True,max_tpr_with_empirical_fpr_le_target,0.0013261895920640815,0.0013261895920640815,0.001,3.9428379974836503,75,14,14125,56478,0.0013261895920640815,0.000990169035999717,True,max_tpr_with_empirical_fpr_le_target,32,True,False,0.05016780304350718,0.0502044901738562,0.7456680104675012,DIABETES,LR,dp,4.0,10
0.4942636092374091,0.0019262174556460288,56553,14139,0.09751914133644546,0.09751914133644546,0.1,0.3304897702149949,5515,1413,12726,51038,0.09751914133644546,0.09993634627625717,True,max_tpr_with_empirical_fpr_le_target,0.010768659487560341,0.010768659487560341,0.01,1.2263215449261677,609,141,13998,55944,0.010768659487560341,0.009972416719711436,True,max_tpr_with_empirical_fpr_le_target,0.0016621576220536489,0.0016621576220536489,0.001,3.003973537947264,94,14,14125,56459,0.0016621576220536489,0.000990169035999717,True,max_tpr_with_empirical_fpr_le_target,32,True,False,0.0517168916194362,0.05166912421123846,0.7456680104675012,DIABETES,LR,dp,4.0,11
0.4989947866207438,0.006680562589828742,56553,14139,0.09967640973953637,0.09967640973953637,0.1,0.29268041888927554,5637,1413,12726,50916,0.09967640973953637,0.09993634627625717,True,max_tpr_with_empirical_fpr_le_target,0.009460152423390447,0.009460152423390447,0.01,1.3204976595767708,535,141,13998,56018,0.009460152423390447,0.009972416719711436,True,max_tpr_with_empirical_fpr_le_target,0.0011493643131222039,0.0011493643131222039,0.001,3.753472021231035,65,14,14125,56488,0.0011493643131222039,0.000990169035999717,True,max_tpr_with_empirical_fpr_le_target,32,True,False,0.05765725404579881,0.05760429333607093,0.7456680104675012,DIABETES,LR,dp,4.0,12
0.5012466307227486,0.005761243725005305,56553,14139,0.1011971071384365,0.1011971071384365,0.1,0.33213764045607785,5723,1413,12726,50830,0.1011971071384365,0.09993634627625717,True,max_tpr_with_empirical_fpr_le_target,0.008947359114459003,0.008947359114459003,0.01,1.5300762808318633,506,141,13998,56047,0.008947359114459003,0.009972416719711436,True,max_tpr_with_empirical_fpr_le_target,0.0007249836436616978,0.0007249836436616978,0.001,5.45815259411857,41,13,14126,56512,0.0007249836436616978,0.0009194426762854516,True,max_tpr_with_empirical_fpr_le_target,32,True,False,0.052986690214700496,0.052900735366683396,0.7456680104675012,DIABETES,LR,dp,4.0,13
0.49723354481168963,0.0018899969752109724,56553,14139,0.09905752126323979,0.09905752126323979,0.1,0.3087437584277697,5602,1413,12726,50951,0.09905752126323979,0.09993634627625717,True,max_tpr_with_empirical_fpr_le_target,0.010379643873888211,0.010379643873888211,0.01,1.2537286450685712,587,141,13998,55966,0.010379643873888211,0.009972416719711436,True,max_tpr_with_empirical_fpr_le_target,0.0011670468410163917,0.0011670468410163917,0.001,3.442195380694131,66,14,14125,56487,0.0011670468410163917,0.000990169035999717,True,max_tpr_with_empirical_fpr_le_target,32,True,False,0.055272145837714066,0.05547908569955433,0.7456680104675012,DIABETES,LR,dp,4.0,14
0.4986357383833643,0.0016414811078959701,56553,14139,0.09827949003589553,0.09827949003589553,0.1,0.3071348711132853,5558,1413,12726,50995,0.09827949003589553,0.09993634627625717,True,max_tpr_with_empirical_fpr_le_target,0.008911994058670627,0.008911994058670627,0.01,1.4111214904473797,504,141,13998,56049,0.008911994058670627,0.009972416719711436,True,max_tpr_with_empirical_fpr_le_target,0.0007426661715558856,0.0007426661715558856,0.001,4.901602336824515,42,14,14125,56511,0.0007426661715558856,0.000990169035999717,True,max_tpr_with_empirical_fpr_le_target,32,True,False,0.05590371362871348,0.05603184711290099,0.7456680104675012,DIABETES,LR,dp,4.0,15
0.5014163662322136,0.005902283739560477,56553,14139,0.09988860007426661,0.09988860007426661,0.1,0.3153437044206684,5649,1413,12726,50904,0.09988860007426661,0.09993634627625717,True,max_tpr_with_empirical_fpr_le_target,0.010025993316004456,0.010025993316004456,0.01,1.280627119466041,567,141,13998,55986,0.010025993316004456,0.009972416719711436,True,max_tpr_with_empirical_fpr_le_target,0.0012554594804873305,0.0012554594804873305,0.001,3.558828724531493,71,14,14125,56482,0.0012554594804873305,0.000990169035999717,True,max_tpr_with_empirical_fpr_le_target,32,True,False,0.054732320312538336,0.05478620620596677,0.7456680104675012,DIABETES,LR,dp,4.0,16
0.49637512367748926,0.0037052380903981885,56553,14139,0.09942885434901774,0.09942885434901774,0.1,0.2885355472107298,5623,1413,12726,50930,0.09942885434901774,0.09993634627625717,True,max_tpr_with_empirical_fpr_le_target,0.009141866921295068,0.009141866921295068,0.01,1.1729408666639465,517,141,13998,56036,0.009141866921295068,0.009972416719711436,True,max_tpr_with_empirical_fpr_le_target,0.0011139992573338284,0.0011139992573338284,0.001,3.4266888466067704,63,14,14125,56490,0.0011139992573338284,0.000990169035999717,True,max_tpr_with_empirical_fpr_le_target,32,True,False,0.05596219918009228,0.05594184290322191,0.7456680104675012,DIABETES,LR,dp,4.0,17
0.4948877990953976,0.0008593903653424384,56553,14139,0.0976075539759164,0.0976075539759164,0.1,0.29438360202893676,5520,1412,12727,51033,0.0976075539759164,0.0998656199165429,True,max_tpr_with_empirical_fpr_le_target,0.00882358141919969,0.00882358141919969,0.01,1.2688522842926986,499,140,13999,56054,0.00882358141919969,0.00990169035999717,True,max_tpr_with_empirical_fpr_le_target,0.0008310788110268244,0.0008310788110268244,0.001,3.881141353593118,47,14,14125,56506,0.0008310788110268244,0.000990169035999717,True,max_tpr_with_empirical_fpr_le_target,32,True,False,0.054226298431475514,0.054268049832236376,0.7456680104675012,DIABETES,LR,dp,4.0,18
0.5009781324358358,0.005777886986990999,56553,14139,0.09987091754637242,0.09987091754637242,0.1,0.3381430296294705,5648,1413,12726,50905,0.09987091754637242,0.09993634627625717,True,max_tpr_with_empirical_fpr_le_target,0.011299135324385975,0.011299135324385975,0.01,1.3498570630301547,639,141,13998,55914,0.011299135324385975,0.009972416719711436,True,max_tpr_with_empirical_fpr_le_target,0.0008133962831326367,0.0008133962831326367,0.001,4.9939406484692075,46,12,14127,56507,0.0008133962831326367,0.000848716316571186,True,max_tpr_with_empirical_fpr_le_target,32,True,False,0.05363692845051021,0.05372173284288418,0.7456680104675012,DIABETES,LR,dp,4.0,19
0.4985703709339001,0.003817786461238426,56553,14139,0.09939348929322936,0.09939348929322936,0.1,0.32349714795726014,5621,1413,12726,50932,0.09939348929322936,0.09993634627625717,True,max_tpr_with_empirical_fpr_le_target,0.009495517479178824,0.009495517479178824,0.01,1.4223082316265265,537,141,13998,56016,0.009495517479178824,0.009972416719711436,True,max_tpr_with_empirical_fpr_le_target,0.001361554647852457,0.001361554647852457,0.001,4.0112723546023155,77,14,14125,56476,0.001361554647852457,0.000990169035999717,True,max_tpr_with_empirical_fpr_le_target,32,True,False,0.05641673389158264,0.05637112481962891,0.7456680104675012,DIABETES,LR,dp,4.0,20
0.5026594020453906,0.008155975008528826,56553,14139,0.10259402684207734,0.10259402684207734,0.1,0.3113031723918174,5802,1413,12726,50751,0.10259402684207734,0.09993634627625717,True,max_tpr_with_empirical_fpr_le_target,0.011617420826481354,0.011617420826481354,0.01,1.2922252352361667,657,140,13999,55896,0.011617420826481354,0.00990169035999717,True,max_tpr_with_empirical_fpr_le_target,0.0010963167294396406,0.0010963167294396406,0.001,3.8155435234430426,62,14,14125,56491,0.0010963167294396406,0.000990169035999717,True,max_tpr_with_empirical_fpr_le_target,32,True,False,0.05428286474510473,0.054169344821796375,0.7456680104675012,DIABETES,LR,dp,4.0,21
0.5021683832957042,0.0076465996463216945,56553,14139,0.10310682015100879,0.10310682015100879,0.1,0.2949554500083944,5831,1412,12727,50722,0.10310682015100879,0.0998656199165429,True,max_tpr_with_empirical_fpr_le_target,0.010591834208618464,0.010591834208618464,0.01,1.2175759038650225,599,141,13998,55954,0.010591834208618464,0.009972416719711436,True,max_tpr_with_empirical_fpr_le_target,0.0015914275104768978,0.0015914275104768978,0.001,2.886115780041989,90,13,14126,56463,0.0015914275104768978,0.0009194426762854516,True,max_tpr_with_empirical_fpr_le_target,32,True,False,0.05358419275153614,0.053588686795236366,0.7456680104675012,DIABETES,LR,dp,4.0,22
0.5012408616088666,0.004944230646436648,56553,14139,0.1001892030484678,0.1001892030484678,0.1,0.2966156485239242,5666,1413,12726,50887,0.1001892030484678,0.09993634627625717,True,max_tpr_with_empirical_fpr_le_target,0.010291231234417272,0.010291231234417272,0.01,1.3286857434472776,582,141,13998,55971,0.010291231234417272,0.009972416719711436,True,max_tpr_with_empirical_fpr_le_target,0.001078634201545453,0.001078634201545453,0.001,4.825567853864704,61,14,14125,56492,0.001078634201545453,0.000990169035999717,True,max_tpr_with_empirical_fpr_le_target,32,True,False,0.05707823030319402,0.05720751525896329,0.7456680104675012,DIABETES,LR,dp,4.0,23
0.4994739619911843,0.007989099668898492,56553,14139,0.09829717256378973,0.09829717256378973,0.1,0.3027662083994873,5559,1413,12726,50994,0.09829717256378973,0.09993634627625717,True,max_tpr_with_empirical_fpr_le_target,0.009230279560766008,0.009230279560766008,0.01,1.3943061918286734,522,141,13998,56031,0.009230279560766008,0.009972416719711436,True,max_tpr_with_empirical_fpr_le_target,0.0010609516736512653,0.0010609516736512653,0.001,4.273672222604189,60,14,14125,56493,0.0010609516736512653,0.000990169035999717,True,max_tpr_with_empirical_fpr_le_target,32,True,False,0.05852729741017273,0.05846952565464955,0.7456680104675012,DIABETES,LR,dp,4.0,24
0.5013001335324127,0.007223153190620085,56553,14139,0.10292999487206692,0.10292999487206692,0.1,0.31997282848981445,5821,1413,12726,50732,0.10292999487206692,0.09993634627625717,True,max_tpr_with_empirical_fpr_le_target,0.012218626774883737,0.012218626774883737,0.01,1.3286696085240068,691,141,13998,55862,0.012218626774883737,0.009972416719711436,True,max_tpr_with_empirical_fpr_le_target,0.0012024118968047672,0.0012024118968047672,0.001,4.0140558283475904,68,14,14125,56485,0.0012024118968047672,0.000990169035999717,True,max_tpr_with_empirical_fpr_le_target,32,True,False,0.052992600059163515,0.05303411472126607,0.7456680104675012,DIABETES,LR,dp,4.0,25
0.49444088599047004,0.003639182799478391,56553,14139,0.09852704542641416,0.09852704542641416,0.1,0.33375395305638156,5572,1413,12726,50981,0.09852704542641416,0.09993634627625717,True,max_tpr_with_empirical_fpr_le_target,0.009548565062861386,0.009548565062861386,0.01,1.6001990911145096,540,139,14000,56013,0.009548565062861386,0.009830964000282905,True,max_tpr_with_empirical_fpr_le_target,0.0009902215620745142,0.0009902215620745142,0.001,4.813771413400762,56,14,14125,56497,0.0009902215620745142,0.000990169035999717,True,max_tpr_with_empirical_fpr_le_target,32,True,False,0.05894425893099112,0.059034137038673225,0.7456680104675012,DIABETES,LR,dp,4.0,26
0.4988895581336128,0.002780156364797004,56553,14139,0.09815571234063622,0.09815571234063622,0.1,0.2920265055867619,5551,1413,12726,51002,0.09815571234063622,0.09993634627625717,True,max_tpr_with_empirical_fpr_le_target,0.010238183650734709,0.010238183650734709,0.01,1.2161764736412066,579,140,13999,55974,0.010238183650734709,0.00990169035999717,True,max_tpr_with_empirical_fpr_le_target,0.0012024118968047672,0.0012024118968047672,0.001,3.65375701956156,68,14,14125,56485,0.0012024118968047672,0.000990169035999717,True,max_tpr_with_empirical_fpr_le_target,32,True,False,0.054554843558072545,0.05455842859027304,0.7456680104675012,DIABETES,LR,dp,4.0,27
0.5026184429626364,0.00823223161354672,56553,14139,0.10080809152476439,0.10080809152476439,0.1,0.296684724130158,5701,1413,12726,50852,0.10080809152476439,0.09993634627625717,True,max_tpr_with_empirical_fpr_le_target,0.01022050112284052,0.01022050112284052,0.01,1.3422877576081342,578,141,13998,55975,0.01022050112284052,0.009972416719711436,True,max_tpr_with_empirical_fpr_le_target,0.0015206973989001467,0.0015206973989001467,0.001,3.3080234488136706,86,14,14125,56467,0.0015206973989001467,0.000990169035999717,True,max_tpr_with_empirical_fpr_le_target,32,True,False,0.05687440871585564,0.056732871473258346,0.7456680104675012,DIABETES,LR,dp,4.0,28
0.5045611598588728,0.011259444371151783,56553,14139,0.10031298074372712,0.10031298074372712,0.1,0.35247567749764386,5673,1413,12726,50880,0.10031298074372712,0.09993634627625717,True,max_tpr_with_empirical_fpr_le_target,0.009955263204427705,0.009955263204427705,0.01,1.4358682196611237,563,141,13998,55990,0.009955263204427705,0.009972416719711436,True,max_tpr_with_empirical_fpr_le_target,0.0009194914504977632,0.0009194914504977632,0.001,4.765649494206701,52,14,14125,56501,0.0009194914504977632,0.000990169035999717,True,max_tpr_with_empirical_fpr_le_target,32,True,False,0.05296981907744322,0.05289224382419203,0.7456680104675012,DIABETES,LR,dp,4.0,29
0.5017928118559385,0.008774840973650444,56553,14139,0.10160380528000283,0.10160380528000283,0.1,0.3355140370323375,5746,1413,12726,50807,0.10160380528000283,0.09993634627625717,True,max_tpr_with_empirical_fpr_le_target,0.010980849822290594,0.010980849822290594,0.01,1.230472280445018,621,141,13998,55932,0.010980849822290594,0.009972416719711436,True,max_tpr_with_empirical_fpr_le_target,0.0012731420083815182,0.0012731420083815182,0.001,2.9544564384967478,72,14,14125,56481,0.0012731420083815182,0.000990169035999717,True,max_tpr_with_empirical_fpr_le_target,32,True,False,0.04378650575824444,0.043812815810074984,0.7456680104675012,DIABETES,LR,dp,8.0,0
0.5037637352543409,0.00953954558544623,56553,14139,0.10620126253249164,0.10620126253249164,0.1,0.32903078617668235,6006,1413,12726,50547,0.10620126253249164,0.09993634627625717,True,max_tpr_with_empirical_fpr_le_target,0.009619295174438137,0.009619295174438137,0.01,1.3475494486330268,544,140,13999,56009,0.009619295174438137,0.00990169035999717,True,max_tpr_with_empirical_fpr_le_target,0.0007780312273442611,0.0007780312273442611,0.001,3.8832640023733593,44,12,14127,56509,0.0007780312273442611,0.000848716316571186,True,max_tpr_with_empirical_fpr_le_target,32,True,False,0.043689267816923144,0.0437514318064615,0.7456680104675012,DIABETES,LR,dp,8.0,1
0.49959335751106054,0.00529255731145345,56553,14139,0.09751914133644546,0.09751914133644546,0.1,0.341787670319351,5515,1413,12726,51038,0.09751914133644546,0.09993634627625717,True,max_tpr_with_empirical_fpr_le_target,0.009990628260216081,0.009990628260216081,0.01,1.3563765737529696,565,141,13998,55988,0.009990628260216081,0.009972416719711436,True,max_tpr_with_empirical_fpr_le_target,0.001220094424698955,0.001220094424698955,0.001,3.465807880030092,69,14,14125,56484,0.001220094424698955,0.000990169035999717,True,max_tpr_with_empirical_fpr_le_target,32,True,False,0.04491597137900198,0.04492505850108208,0.7456680104675012,DIABETES,LR,dp,8.0,2
0.5039365160255235,0.009196595339371116,56553,14139,0.10156844022421445,0.10156844022421445,0.1,0.3214913055797093,5744,1412,12727,50809,0.10156844022421445,0.0998656199165429,True,max_tpr_with_empirical_fpr_le_target,0.010768659487560341,0.010768659487560341,0.01,1.2449124619355558,609,141,13998,55944,0.010768659487560341,0.009972416719711436,True,max_tpr_with_empirical_fpr_le_target,0.0008664438668151999,0.0008664438668151999,0.001,3.4417814338045147,49,13,14126,56504,0.0008664438668151999,0.0009194426762854516,True,max_tpr_with_empirical_fpr_le_target,32,True,False,0.04424573604016223,0.04420042056159679,0.7456680104675012,DIABETES,LR,dp,8.0,3
0.5032503554042409,0.00916850889680465,56553,14139,0.10361961345994024,0.10361961345994024,0.1,0.317754465913882,5860,1413,12726,50693,0.10361961345994024,0.09993634627625717,True,max_tpr_with_empirical_fpr_le_target,0.012342404470143052,0.012342404470143052,0.01,1.1822923909485303,698,141,13998,55855,0.012342404470143052,0.009972416719711436,True,max_tpr_with_empirical_fpr_le_target,0.0017328877336303997,0.0017328877336303997,0.001,2.7858751185578385,98,14,14125,56455,0.0017328877336303997,0.000990169035999717,True,max_tpr_with_empirical_fpr_le_target,32,True,False,0.04537533520148509,0.045563695459736715,0.7456680104675012,DIABETES,LR,dp,8.0,4
0.4998677187084173,0.0031022312480027403,56553,14139,0.10170990044736795,0.10170990044736795,0.1,0.3361934936724842,5752,1413,12726,50801,0.10170990044736795,0.09993634627625717,True,max_tpr_with_empirical_fpr_le_target,0.010132088483369583,0.010132088483369583,0.01,1.3898714477150662,573,141,13998,55980,0.010132088483369583,0.009972416719711436,True,max_tpr_with_empirical_fpr_le_target,0.0010963167294396406,0.0010963167294396406,0.001,3.3490894565328237,62,14,14125,56491,0.0010963167294396406,0.000990169035999717,True,max_tpr_with_empirical_fpr_le_target,32,True,False,0.045952630791595235,0.04599366682713196,0.7456680104675012,DIABETES,LR,dp,8.0,5
0.5000297066218498,0.004060216807601824,56553,14139,0.10165685286368539,0.10165685286368539,0.1,0.2832482195896271,5749,1413,12726,50804,0.10165685286368539,0.09993634627625717,True,max_tpr_with_empirical_fpr_le_target,0.009902215620745142,0.009902215620745142,0.01,1.2348960143598977,560,141,13998,55993,0.009902215620745142,0.009972416719711436,True,max_tpr_with_empirical_fpr_le_target,0.0012554594804873305,0.0012554594804873305,0.001,3.0620774179434695,71,14,14125,56482,0.0012554594804873305,0.000990169035999717,True,max_tpr_with_empirical_fpr_le_target,32,True,False,0.048020835396964154,0.04817160324094791,0.7456680104675012,DIABETES,LR,dp,8.0,6
0.4977494484146216,0.0023320189020782367,56553,14139,0.09739536364118614,0.09739536364118614,0.1,0.32983334219493665,5508,1413,12726,51045,0.09739536364118614,0.09993634627625717,True,max_tpr_with_empirical_fpr_le_target,0.00928332714444857,0.00928332714444857,0.01,1.2588059134227545,525,139,14000,56028,0.00928332714444857,0.009830964000282905,True,max_tpr_with_empirical_fpr_le_target,0.0013438721199582693,0.0013438721199582693,0.001,2.830659760735001,76,14,14125,56477,0.0013438721199582693,0.000990169035999717,True,max_tpr_with_empirical_fpr_le_target,32,True,False,0.04571948968983605,0.04569745503105118,0.7456680104675012,DIABETES,LR,dp,8.0,7
0.5019905212520955,0.008687400066563322,56553,14139,0.09840326773115485,0.09840326773115485,0.1,0.32667988172219964,5565,1413,12726,50988,0.09840326773115485,0.09993634627625717,True,max_tpr_with_empirical_fpr_le_target,0.009972945732321893,0.009972945732321893,0.01,1.2539448312965236,564,141,13998,55989,0.009972945732321893,0.009972416719711436,True,max_tpr_with_empirical_fpr_le_target,0.001007904089968702,0.001007904089968702,0.001,3.42309371743565,57,14,14125,56496,0.001007904089968702,0.000990169035999717,True,max_tpr_with_empirical_fpr_le_target,32,True,False,0.0479616668573195,0.047942839915143066,0.7456680104675012,DIABETES,LR,dp,8.0,8
0.49982090296832316,0.00641272838257595,56553,14139,0.10243488409102966,0.10243488409102966,0.1,0.31076549768220096,5793,1413,12726,50760,0.10243488409102966,0.09993634627625717,True,max_tpr_with_empirical_fpr_le_target,0.010185136067052146,0.010185136067052146,0.01,1.2179853742295017,576,141,13998,55977,0.010185136067052146,0.009972416719711436,True,max_tpr_with_empirical_fpr_le_target,0.0012377769525931427,0.0012377769525931427,0.001,3.1769992997871452,70,14,14125,56483,0.0012377769525931427,0.000990169035999717,True,max_tpr_with_empirical_fpr_le_target,32,True,False,0.044684086781073974,0.04470821660035589,0.7456680104675012,DIABETES,LR,dp,8.0,9
0.5005400774782365,0.0034880465229747415,56553,14139,0.100489806022669,0.100489806022669,0.1,0.3329506941614375,5683,1413,12726,50870,0.100489806022669,0.09993634627625717,True,max_tpr_with_empirical_fpr_le_target,0.009018089226035754,0.009018089226035754,0.01,1.3738334056102235,510,141,13998,56043,0.009018089226035754,0.009972416719711436,True,max_tpr_with_empirical_fpr_le_target,0.0009548565062861387,0.0009548565062861387,0.001,3.5817180234464265,54,14,14125,56499,0.0009548565062861387,0.000990169035999717,True,max_tpr_with_empirical_fpr_le_target,32,True,False,0.04374037351635612,0.04369717626701299,0.7456680104675012,DIABETES,LR,dp,8.0,10
0.495574486228049,0.0011070695673230935,56553,14139,0.09820875992431878,0.09820875992431878,0.1,0.34312517599092174,5554,1413,12726,50999,0.09820875992431878,0.09993634627625717,True,max_tpr_with_empirical_fpr_le_target,0.0096723427581207,0.0096723427581207,0.01,1.2769487987184234,547,141,13998,56006,0.0096723427581207,0.009972416719711436,True,max_tpr_with_empirical_fpr_le_target,0.0011493643131222039,0.0011493643131222039,0.001,3.177260940851467,65,14,14125,56488,0.0011493643131222039,0.000990169035999717,True,max_tpr_with_empirical_fpr_le_target,32,True,False,0.04481538894283031,0.04478776335747088,0.7456680104675012,DIABETES,LR,dp,8.0,11
0.5003290777345349,0.007576998845353067,56553,14139,0.09921666401428748,0.09921666401428748,0.1,0.3029177354876713,5611,1413,12726,50942,0.09921666401428748,0.09993634627625717,True,max_tpr_with_empirical_fpr_le_target,0.009778437925485828,0.009778437925485828,0.01,1.2166301309581273,553,141,13998,56000,0.009778437925485828,0.009972416719711436,True,max_tpr_with_empirical_fpr_le_target,0.0009725390341803265,0.0009725390341803265,0.001,3.446215795182809,55,14,14125,56498,0.0009725390341803265,0.000990169035999717,True,max_tpr_with_empirical_fpr_le_target,32,True,False,0.046740542021488765,0.046724636013270794,0.7456680104675012,DIABETES,LR,dp,8.0,12
0.5046169600589989,0.009876440325469638,56553,14139,0.10326596290205647,0.10326596290205647,0.1,0.33259410300625936,5840,1413,12726,50713,0.10326596290205647,0.09993634627625717,True,max_tpr_with_empirical_fpr_le_target,0.009477834951284635,0.009477834951284635,0.01,1.3848948185348107,536,141,13998,56017,0.009477834951284635,0.009972416719711436,True,max_tpr_with_empirical_fpr_le_target,0.0011847293689105794,0.0011847293689105794,0.001,3.4090696857019633,67,14,14125,56486,0.0011847293689105794,0.000990169035999717,True,max_tpr_with_empirical_fpr_le_target,32,True,False,0.04444723231683436,0.04438546193272042,0.7456680104675012,DIABETES,LR,dp,8.0,13
0.4944929705961147,0.002295224386682948,56553,14139,0.09773133167117572,0.09773133167117572,0.1,0.30952622422292886,5527,1413,12726,51026,0.09773133167117572,0.09993634627625717,True,max_tpr_with_empirical_fpr_le_target,0.010644881792301027,0.010644881792301027,0.01,1.1375341968564596,602,140,13999,55951,0.010644881792301027,0.00990169035999717,True,max_tpr_with_empirical_fpr_le_target,0.0010432691457570775,0.0010432691457570775,0.001,2.7426847174378386,59,14,14125,56494,0.0010432691457570775,0.000990169035999717,True,max_tpr_with_empirical_fpr_le_target,32,True,False,0.04633247722037945,0.04647074855362267,0.7456680104675012,DIABETES,LR,dp,8.0,14
0.4990170801876327,0.0048894834690481614,56553,14139,0.10239951903524128,0.10239951903524128,0.1,0.31554346258530575,5791,1409,12730,50762,0.10239951903524128,0.0996534408374001,True,max_tpr_with_empirical_fpr_le_target,0.009972945732321893,0.009972945732321893,0.01,1.2846164238032332,564,141,13998,55989,0.009972945732321893,0.009972416719711436,True,max_tpr_with_empirical_fpr_le_target,0.0010963167294396406,0.0010963167294396406,0.001,3.2863789127895964,62,14,14125,56491,0.0010963167294396406,0.000990169035999717,True,max_tpr_with_empirical_fpr_le_target,32,True,False,0.04507695765605922,0.04513247427677411,0.7456680104675012,DIABETES,LR,dp,8.0,15
0.49872932859306524,0.0038810991406813544,56553,14139,0.10107332944317719,0.10107332944317719,0.1,0.31918487024262965,5716,1413,12726,50837,0.10107332944317719,0.09993634627625717,True,max_tpr_with_empirical_fpr_le_target,0.010627199264406839,0.010627199264406839,0.01,1.1857092794706905,601,141,13998,55952,0.010627199264406839,0.009972416719711436,True,max_tpr_with_empirical_fpr_le_target,0.0013085070641698938,0.0013085070641698938,0.001,2.9425039002334876,74,13,14126,56479,0.0013085070641698938,0.0009194426762854516,True,max_tpr_with_empirical_fpr_le_target,32,True,False,0.04555950133152794,0.045571269636391784,0.7456680104675012,DIABETES,LR,dp,8.0,16
0.49833369844583114,0.0049248935471863375,56553,14139,0.10117942461054233,0.10117942461054233,0.1,0.2835870059397432,5722,1413,12726,50831,0.10117942461054233,0.09993634627625717,True,max_tpr_with_empirical_fpr_le_target,0.010680246848089403,0.010680246848089403,0.01,1.0584133892497964,604,141,13998,55949,0.010680246848089403,0.009972416719711436,True,max_tpr_with_empirical_fpr_le_target,0.0010963167294396406,0.0010963167294396406,0.001,2.823198543429954,62,14,14125,56491,0.0010963167294396406,0.000990169035999717,True,max_tpr_with_empirical_fpr_le_target,32,True,False,0.04707438801959107,0.04705863389143147,0.7456680104675012,DIABETES,LR,dp,8.0,17
0.49513760560340764,0.000300002676203448,56553,14139,0.09668806252541863,0.09668806252541863,0.1,0.314166607970108,5468,1413,12726,51085,0.09668806252541863,0.09993634627625717,True,max_tpr_with_empirical_fpr_le_target,0.009778437925485828,0.009778437925485828,0.01,1.2022516655022253,553,141,13998,56000,0.009778437925485828,0.009972416719711436,True,max_tpr_with_empirical_fpr_le_target,0.0008841263947093876,0.0008841263947093876,0.001,3.341393759172096,50,14,14125,56503,0.0008841263947093876,0.000990169035999717,True,max_tpr_with_empirical_fpr_le_target,32,True,False,0.045675918247774186,0.04567555807154572,0.7456680104675012,DIABETES,LR,dp,8.0,18
0.5003337325452586,0.005549747484834833,56553,14139,0.09925202907007585,0.09925202907007585,0.1,0.3423029930145072,5613,1413,12726,50940,0.09925202907007585,0.09993634627625717,True,max_tpr_with_empirical_fpr_le_target,0.009778437925485828,0.009778437925485828,0.01,1.4236966475569148,553,140,13999,56000,0.009778437925485828,0.00990169035999717,True,max_tpr_with_empirical_fpr_le_target,0.0009194914504977632,0.0009194914504977632,0.001,4.287186354695596,52,14,14125,56501,0.0009194914504977632,0.000990169035999717,True,max_tpr_with_empirical_fpr_le_target,32,True,False,0.04461386705010536,0.044669230028053585,0.7456680104675012,DIABETES,LR,dp,8.0,19
0.49980129823621555,0.004311419008456441,56553,14139,0.10172758297526215,0.10172758297526215,0.1,0.32488579453430466,5753,1413,12726,50800,0.10172758297526215,0.09993634627625717,True,max_tpr_with_empirical_fpr_le_target,0.01014977101126377,0.01014977101126377,0.01,1.279583989395779,574,141,13998,55979,0.01014977101126377,0.009972416719711436,True,max_tpr_with_empirical_fpr_le_target,0.001007904089968702,0.001007904089968702,0.001,3.4458177181520284,57,14,14125,56496,0.001007904089968702,0.000990169035999717,True,max_tpr_with_empirical_fpr_le_target,32,True,False,0.046593048984093395,0.04654320847010872,0.7456680104675012,DIABETES,LR,dp,8.0,20
0.5027041655167052,0.006396062609415276,56553,14139,0.10241720156313547,0.10241720156313547,0.1,0.31943687252268216,5792,1413,12726,50761,0.10241720156313547,0.09993634627625717,True,max_tpr_with_empirical_fpr_le_target,0.011157675101232473,0.011157675101232473,0.01,1.240610375379772,631,141,13998,55922,0.011157675101232473,0.009972416719711436,True,max_tpr_with_empirical_fpr_le_target,0.0012731420083815182,0.0012731420083815182,0.001,3.0076181480529183,72,14,14125,56481,0.0012731420083815182,0.000990169035999717,True,max_tpr_with_empirical_fpr_le_target,32,True,False,0.0446690604110777,0.0445567466021449,0.7456680104675012,DIABETES,LR,dp,8.0,21
0.5020536876089015,0.00791080580255099,56553,14139,0.10689088112036496,0.10689088112036496,0.1,0.28703689290803647,6045,1413,12726,50508,0.10689088112036496,0.09993634627625717,True,max_tpr_with_empirical_fpr_le_target,0.010892437182819657,0.010892437182819657,0.01,1.1141715017816791,616,139,14000,55937,0.010892437182819657,0.009830964000282905,True,max_tpr_with_empirical_fpr_le_target,0.0018213003731013385,0.0018213003731013385,0.001,2.3003663342414233,103,14,14125,56450,0.0018213003731013385,0.000990169035999717,True,max_tpr_with_empirical_fpr_le_target,32,True,False,0.04573915593695857,0.045765702666005624,0.7456680104675012,DIABETES,LR,dp,8.0,22
0.49893884384984327,0.004075858322303866,56553,14139,0.09926971159797005,0.09926971159797005,0.1,0.30841847740259043,5614,1413,12726,50939,0.09926971159797005,0.09993634627625717,True,max_tpr_with_empirical_fpr_le_target,0.010025993316004456,0.010025993316004456,0.01,1.2388773525563876,567,140,13999,55986,0.010025993316004456,0.00990169035999717,True,max_tpr_with_empirical_fpr_le_target,0.0009725390341803265,0.0009725390341803265,0.001,3.6645636797057612,55,13,14126,56498,0.0009725390341803265,0.0009194426762854516,True,max_tpr_with_empirical_fpr_le_target,32,True,False,0.046313978191730984,0.046367824556988235,0.7456680104675012,DIABETES,LR,dp,8.0,23
0.49925883769999035,0.004691235055313991,56553,14139,0.0978904744222234,0.0978904744222234,0.1,0.329986147413146,5536,1413,12726,51017,0.0978904744222234,0.09993634627625717,True,max_tpr_with_empirical_fpr_le_target,0.009354057256025321,0.009354057256025321,0.01,1.4217941682964177,529,141,13998,56024,0.009354057256025321,0.009972416719711436,True,max_tpr_with_empirical_fpr_le_target,0.0009548565062861387,0.0009548565062861387,0.001,3.804566863585638,54,13,14126,56499,0.0009548565062861387,0.0009194426762854516,True,max_tpr_with_empirical_fpr_le_target,32,True,False,0.04636136474105242,0.04634140235076054,0.7456680104675012,DIABETES,LR,dp,8.0,24
0.4993721739619525,0.0048539795943478015,56553,14139,0.10144466252895513,0.10144466252895513,0.1,0.33153303975225223,5737,1413,12726,50816,0.10144466252895513,0.09993634627625717,True,max_tpr_with_empirical_fpr_le_target,0.011935706328576733,0.011935706328576733,0.01,1.2508106384170414,675,141,13998,55878,0.011935706328576733,0.009972416719711436,True,max_tpr_with_empirical_fpr_le_target,0.0014676498152175834,0.0014676498152175834,0.001,2.874046272288362,83,14,14125,56470,0.0014676498152175834,0.000990169035999717,True,max_tpr_with_empirical_fpr_le_target,32,True,False,0.044326648539530854,0.0443071491966841,0.7456680104675012,DIABETES,LR,dp,8.0,25
0.4942839605901513,0.0044892160197820274,56553,14139,0.10052517107845738,0.10052517107845738,0.1,0.33036893245641186,5685,1413,12726,50868,0.10052517107845738,0.09993634627625717,True,max_tpr_with_empirical_fpr_le_target,0.010025993316004456,0.010025993316004456,0.01,1.3859010418448063,567,141,13998,55986,0.010025993316004456,0.009972416719711436,True,max_tpr_with_empirical_fpr_le_target,0.0011493643131222039,0.0011493643131222039,0.001,3.5383274251792987,65,14,14125,56488,0.0011493643131222039,0.000990169035999717,True,max_tpr_with_empirical_fpr_le_target,32,True,False,0.04739197836095491,0.04740356664625353,0.7456680104675012,DIABETES,LR,dp,8.0,26
0.49913935963913947,0.0026720839659020723,56553,14139,0.09734231605750358,0.09734231605750358,0.1,0.32490774259006705,5505,1413,12726,51048,0.09734231605750358,0.09993634627625717,True,max_tpr_with_empirical_fpr_le_target,0.00976075539759164,0.00976075539759164,0.01,1.2756472621194312,552,141,13998,56001,0.00976075539759164,0.009972416719711436,True,max_tpr_with_empirical_fpr_le_target,0.0011316817852280161,0.0011316817852280161,0.001,3.2325614343699165,64,14,14125,56489,0.0011316817852280161,0.000990169035999717,True,max_tpr_with_empirical_fpr_le_target,32,True,False,0.04552549883052271,0.0455497792482605,0.7456680104675012,DIABETES,LR,dp,8.0,27
0.5032842472286934,0.011497353723220194,56553,14139,0.10430923204781356,0.10430923204781356,0.1,0.2986017439074322,5899,1413,12726,50654,0.10430923204781356,0.09993634627625717,True,max_tpr_with_empirical_fpr_le_target,0.009194914504977631,0.009194914504977631,0.01,1.310698533465064,520,141,13998,56033,0.009194914504977631,0.009972416719711436,True,max_tpr_with_empirical_fpr_le_target,0.0009018089226035754,0.0009018089226035754,0.001,3.260916479107456,51,13,14126,56502,0.0009018089226035754,0.0009194426762854516,True,max_tpr_with_empirical_fpr_le_target,32,True,False,0.046728278835410315,0.04666599580690495,0.7456680104675012,DIABETES,LR,dp,8.0,28
0.5014318901885578,0.005667649763441918,56553,14139,0.1028062171768076,0.1028062171768076,0.1,0.34166830476932253,5814,1412,12727,50739,0.1028062171768076,0.0998656199165429,True,max_tpr_with_empirical_fpr_le_target,0.009424787367602072,0.009424787367602072,0.01,1.3645814310095088,533,141,13998,56020,0.009424787367602072,0.009972416719711436,True,max_tpr_with_empirical_fpr_le_target,0.0009548565062861387,0.0009548565062861387,0.001,3.830783753223134,54,14,14125,56499,0.0009548565062861387,0.000990169035999717,True,max_tpr_with_empirical_fpr_le_target,32,True,False,0.04445220908730531,0.04439401332891299,0.7456680104675012,DIABETES,LR,dp,8.0,29
0.5019467407687521,0.0061670714344750355,56553,14139,0.100772726468976,0.100772726468976,0.1,0.33249542462607606,5699,1412,12727,50854,0.100772726468976,0.0998656199165429,True,max_tpr_with_empirical_fpr_le_target,0.011299135324385975,0.011299135324385975,0.01,1.2613067948702827,639,141,13998,55914,0.011299135324385975,0.009972416719711436,True,max_tpr_with_empirical_fpr_le_target,0.001644475094159461,0.001644475094159461,0.001,2.9275602620069177,93,14,14125,56460,0.001644475094159461,0.000990169035999717,True,max_tpr_with_empirical_fpr_le_target,32,True,False,0.0431320917521706,0.043153887198748596,0.7454558313883585,DIABETES,LR,dp,10.0,0
0.5036872347782615,0.00783459797174546,56553,14139,0.10475129524516825,0.10475129524516825,0.1,0.3361583130093597,5924,1412,12727,50629,0.10475129524516825,0.0998656199165429,True,max_tpr_with_empirical_fpr_le_target,0.009796120453380016,0.009796120453380016,0.01,1.359663619892764,554,141,13998,55999,0.009796120453380016,0.009972416719711436,True,max_tpr_with_empirical_fpr_le_target,0.0008664438668151999,0.0008664438668151999,0.001,3.7224932554446557,49,13,14126,56504,0.0008664438668151999,0.0009194426762854516,True,max_tpr_with_empirical_fpr_le_target,32,True,False,0.04301555535907189,0.043080084910452725,0.7454558313883585,DIABETES,LR,dp,10.0,1
0.49964165398621563,0.00544378363265674,56553,14139,0.09585698371439182,0.09585698371439182,0.1,0.34330938874551253,5421,1412,12727,51132,0.09585698371439182,0.0998656199165429,True,max_tpr_with_empirical_fpr_le_target,0.009566247590755575,0.009566247590755575,0.01,1.3751029390797358,541,141,13998,56012,0.009566247590755575,0.009972416719711436,True,max_tpr_with_empirical_fpr_le_target,0.0012554594804873305,0.0012554594804873305,0.001,3.3355472012876097,71,14,14125,56482,0.0012554594804873305,0.000990169035999717,True,max_tpr_with_empirical_fpr_le_target,32,True,False,0.043810047152371266,0.0438142021174856,0.7454558313883585,DIABETES,LR,dp,10.0,2
0.5036783241048584,0.009243692469151743,56553,14139,0.10167453539157958,0.10167453539157958,0.1,0.3225744431351383,5750,1413,12726,50803,0.10167453539157958,0.09993634627625717,True,max_tpr_with_empirical_fpr_le_target,0.01085707212703128,0.01085707212703128,0.01,1.252705073051867,614,141,13998,55939,0.01085707212703128,0.009972416719711436,True,max_tpr_with_empirical_fpr_le_target,0.0007603486994500734,0.0007603486994500734,0.001,3.350384582889285,43,14,14125,56510,0.0007603486994500734,0.000990169035999717,True,max_tpr_with_empirical_fpr_le_target,32,True,False,0.04361580560902456,0.04357496567375277,0.7454558313883585,DIABETES,LR,dp,10.0,3
0.5032019826412153,0.011530032445468963,56553,14139,0.10429154951991937,0.10429154951991937,0.1,0.3212251051262336,5898,1413,12726,50655,0.10429154951991937,0.09993634627625717,True,max_tpr_with_empirical_fpr_le_target,0.01101621487807897,0.01101621487807897,0.01,1.2769628897315175,623,141,13998,55930,0.01101621487807897,0.009972416719711436,True,max_tpr_with_empirical_fpr_le_target,0.001644475094159461,0.001644475094159461,0.001,2.832488611097086,93,14,14125,56460,0.001644475094159461,0.000990169035999717,True,max_tpr_with_empirical_fpr_le_target,32,True,False,0.04413446937200824,0.044325840812898254,0.7454558313883585,DIABETES,LR,dp,10.0,4
0.49997254449564144,0.00660322169655253,56553,14139,0.10162148780789702,0.10162148780789702,0.1,0.332435571055155,5747,1413,12726,50806,0.10162148780789702,0.09993634627625717,True,max_tpr_with_empirical_fpr_le_target,0.009530882534967198,0.009530882534967198,0.01,1.415193003068036,539,141,13998,56014,0.009530882534967198,0.009972416719711436,True,max_tpr_with_empirical_fpr_le_target,0.0011670468410163917,0.0011670468410163917,0.001,3.233937252979093,66,14,14125,56487,0.0011670468410163917,0.000990169035999717,True,max_tpr_with_empirical_fpr_le_target,32,True,False,0.04484393229251058,0.04486895136562531,0.7454558313883585,DIABETES,LR,dp,10.0,5
0.4986162299490604,0.002952074207607902,56553,14139,0.09877460081693279,0.09877460081693279,0.1,0.2911612716628724,5586,1413,12726,50967,0.09877460081693279,0.09993634627625717,True,max_tpr_with_empirical_fpr_le_target,0.00983148550916839,0.00983148550916839,0.01,1.248309561967603,556,141,13998,55997,0.00983148550916839,0.009972416719711436,True,max_tpr_with_empirical_fpr_le_target,0.001220094424698955,0.001220094424698955,0.001,3.0158227327003906,69,14,14125,56484,0.001220094424698955,0.000990169035999717,True,max_tpr_with_empirical_fpr_le_target,32,True,False,0.046600683461477055,0.04674771294628204,0.7454558313883585,DIABETES,LR,dp,10.0,6
0.497966822572686,0.003130381472231547,56553,14139,0.0984739978427316,0.0984739978427316,0.1,0.32944611232134147,5569,1413,12726,50984,0.0984739978427316,0.09993634627625717,True,max_tpr_with_empirical_fpr_le_target,0.008752851307622938,0.008752851307622938,0.01,1.2810794212813037,495,141,13998,56058,0.008752851307622938,0.009972416719711436,True,max_tpr_with_empirical_fpr_le_target,0.0012377769525931427,0.0012377769525931427,0.001,2.7439109840983553,70,14,14125,56483,0.0012377769525931427,0.000990169035999717,True,max_tpr_with_empirical_fpr_le_target,32,True,False,0.04475751093393462,0.044730344261484284,0.7454558313883585,DIABETES,LR,dp,10.0,7
0.5017571904228803,0.006469816722155408,56553,14139,0.09960567962795962,0.09960567962795962,0.1,0.32612567937267123,5633,1412,12727,50920,0.09960567962795962,0.0998656199165429,True,max_tpr_with_empirical_fpr_le_target,0.009247962088660196,0.009247962088660196,0.01,1.2832925534034372,523,141,13998,56030,0.009247962088660196,0.009972416719711436,True,max_tpr_with_empirical_fpr_le_target,0.0014146022315350202,0.0014146022315350202,0.001,2.7502381892408025,80,13,14126,56473,0.0014146022315350202,0.0009194426762854516,True,max_tpr_with_empirical_fpr_le_target,32,True,False,0.04666197665761352,0.04664066442508052,0.7454558313883585,DIABETES,LR,dp,10.0,8
0.49998968050223364,0.004321335181005553,56553,14139,0.10211659858893428,0.10211659858893428,0.1,0.3047027999423788,5775,1413,12726,50778,0.10211659858893428,0.09993634627625717,True,max_tpr_with_empirical_fpr_le_target,0.010238183650734709,0.010238183650734709,0.01,1.174986552053848,579,141,13998,55974,0.010238183650734709,0.009972416719711436,True,max_tpr_with_empirical_fpr_le_target,0.0009018089226035754,0.0009018089226035754,0.001,3.588658889075157,51,14,14125,56502,0.0009018089226035754,0.000990169035999717,True,max_tpr_with_empirical_fpr_le_target,32,True,False,0.04371503631794459,0.04372123875055598,0.7454558313883585,DIABETES,LR,dp,10.0,9
0.5009779235821574,0.004659952025909964,56553,14139,0.1003483457995155,0.1003483457995155,0.1,0.3273380161627517,5675,1412,12727,50878,0.1003483457995155,0.0998656199165429,True,max_tpr_with_empirical_fpr_le_target,0.008911994058670627,0.008911994058670627,0.01,1.4184837585571068,504,141,13998,56049,0.008911994058670627,0.009972416719711436,True,max_tpr_with_empirical_fpr_le_target,0.001078634201545453,0.001078634201545453,0.001,3.265275967925596,61,14,14125,56492,0.001078634201545453,0.000990169035999717,True,max_tpr_with_empirical_fpr_le_target,32,True,False,0.043299641772270345,0.04324253220179673,0.7454558313883585,DIABETES,LR,dp,10.0,10
0.4958145016255927,0.0016199116504668765,56553,14139,0.09794352200590596,0.09794352200590596,0.1,0.34602288363562606,5539,1410,12729,51014,0.09794352200590596,0.09972416719711437,True,max_tpr_with_empirical_fpr_le_target,0.009407104839707884,0.009407104839707884,0.01,1.2908940001655642,532,141,13998,56021,0.009407104839707884,0.009972416719711436,True,max_tpr_with_empirical_fpr_le_target,0.0011493643131222039,0.0011493643131222039,0.001,3.087378105568835,65,14,14125,56488,0.0011493643131222039,0.000990169035999717,True,max_tpr_with_empirical_fpr_le_target,32,True,False,0.04418111506980881,0.04416635209358695,0.7454558313883585,DIABETES,LR,dp,10.0,11
0.5003073569519856,0.00515496525852252,56553,14139,0.09925202907007585,0.09925202907007585,0.1,0.30018065301217045,5613,1413,12726,50940,0.09925202907007585,0.09993634627625717,True,max_tpr_with_empirical_fpr_le_target,0.009690025286014889,0.009690025286014889,0.01,1.2323073438741687,548,141,13998,56005,0.009690025286014889,0.009972416719711436,True,max_tpr_with_empirical_fpr_le_target,0.0009194914504977632,0.0009194914504977632,0.001,3.2084943351565407,52,13,14126,56501,0.0009194914504977632,0.0009194426762854516,True,max_tpr_with_empirical_fpr_le_target,32,True,False,0.04567461006097506,0.04567081506104521,0.7454558313883585,DIABETES,LR,dp,10.0,12
0.5057255266194537,0.012612347224112697,56553,14139,0.10301840751153785,0.10301840751153785,0.1,0.3341174525708406,5826,1413,12726,50727,0.10301840751153785,0.09993634627625717,True,max_tpr_with_empirical_fpr_le_target,0.010185136067052146,0.010185136067052146,0.01,1.3462669770999542,576,141,13998,55977,0.010185136067052146,0.009972416719711436,True,max_tpr_with_empirical_fpr_le_target,0.0009194914504977632,0.0009194914504977632,0.001,3.5681936434996913,52,14,14125,56501,0.0009194914504977632,0.000990169035999717,True,max_tpr_with_empirical_fpr_le_target,32,True,False,0.043233678790888214,0.043189454587404516,0.7454558313883585,DIABETES,LR,dp,10.0,13
0.4944545490230215,0.0026315676029210477,56553,14139,0.09721853836224427,0.09721853836224427,0.1,0.3116837958684866,5498,1413,12726,51055,0.09721853836224427,0.09993634627625717,True,max_tpr_with_empirical_fpr_le_target,0.01101621487807897,0.01101621487807897,0.01,1.1516390882977938,623,141,13998,55930,0.01101621487807897,0.009972416719711436,True,max_tpr_with_empirical_fpr_le_target,0.0010255866178628897,0.0010255866178628897,0.001,2.7062755431984047,58,14,14125,56495,0.0010255866178628897,0.000990169035999717,True,max_tpr_with_empirical_fpr_le_target,32,True,False,0.04543556694093236,0.04556960731946088,0.7454558313883585,DIABETES,LR,dp,10.0,14
0.49903017793956955,0.004037060312341273,56553,14139,0.10365497851572861,0.10365497851572861,0.1,0.3165546374358019,5862,1413,12726,50691,0.10365497851572861,0.09993634627625717,True,max_tpr_with_empirical_fpr_le_target,0.010910119710713843,0.010910119710713843,0.01,1.225292786963887,617,141,13998,55936,0.010910119710713843,0.009972416719711436,True,max_tpr_with_empirical_fpr_le_target,0.0009902215620745142,0.0009902215620745142,0.001,3.2079561987212135,56,13,14126,56497,0.0009902215620745142,0.0009194426762854516,True,max_tpr_with_empirical_fpr_le_target,32,True,False,0.04364259146771909,0.043673880395925395,0.7454558313883585,DIABETES,LR,dp,10.0,15
0.49851113777959977,0.0030044764709428184,56553,14139,0.10160380528000283,0.10160380528000283,0.1,0.31803183627079923,5746,1413,12726,50807,0.10160380528000283,0.09993634627625717,True,max_tpr_with_empirical_fpr_le_target,0.010361961345994023,0.010361961345994023,0.01,1.2130821712632907,586,140,13999,55967,0.010361961345994023,0.00990169035999717,True,max_tpr_with_empirical_fpr_le_target,0.0011139992573338284,0.0011139992573338284,0.001,3.211027791124704,63,14,14125,56490,0.0011139992573338284,0.000990169035999717,True,max_tpr_with_empirical_fpr_le_target,32,True,False,0.04476201326551354,0.04475844878490641,0.7454558313883585,DIABETES,LR,dp,10.0,16
0.49885704824517596,0.007580259213852969,56553,14139,0.10300072498364367,0.10300072498364367,0.1,0.2912236571755584,5825,1413,12726,50728,0.10300072498364367,0.09993634627625717,True,max_tpr_with_empirical_fpr_le_target,0.010485739041253338,0.010485739041253338,0.01,1.130856293864369,593,141,13998,55960,0.010485739041253338,0.009972416719711436,True,max_tpr_with_empirical_fpr_le_target,0.0009902215620745142,0.0009902215620745142,0.001,2.99253152884157,56,13,14126,56497,0.0009902215620745142,0.0009194426762854516,True,max_tpr_with_empirical_fpr_le_target,32,True,False,0.04588358547102055,0.045879142768464824,0.7454558313883585,DIABETES,LR,dp,10.0,17
0.495341999567893,0.0021021647987663483,56553,14139,0.09636977702332325,0.09636977702332325,0.1,0.32000844448521537,5450,1413,12726,51103,0.09636977702332325,0.09993634627625717,True,max_tpr_with_empirical_fpr_le_target,0.009937580676533516,0.009937580676533516,0.01,1.225891655321058,562,141,13998,55991,0.009937580676533516,0.009972416719711436,True,max_tpr_with_empirical_fpr_le_target,0.0007957137552384489,0.0007957137552384489,0.001,3.4112179612273827,45,14,14125,56508,0.0007957137552384489,0.000990169035999717,True,max_tpr_with_empirical_fpr_le_target,32,True,False,0.044464666722829956,0.04444236372746723,0.7454558313883585,DIABETES,LR,dp,10.0,18
0.5015916082251867,0.005852714132401959,56553,14139,0.09826180750800134,0.09826180750800134,0.1,0.34580343049203366,5557,1413,12726,50996,0.09826180750800134,0.09993634627625717,True,max_tpr_with_empirical_fpr_le_target,0.009707707813909077,0.009707707813909077,0.01,1.4746622164150014,549,141,13998,56004,0.009707707813909077,0.009972416719711436,True,max_tpr_with_empirical_fpr_le_target,0.0009548565062861387,0.0009548565062861387,0.001,4.120493031989941,54,14,14125,56499,0.0009548565062861387,0.000990169035999717,True,max_tpr_with_empirical_fpr_le_target,32,True,False,0.04340305600815389,0.04345837633710925,0.7454558313883585,DIABETES,LR,dp,10.0,19
0.4996810948152841,0.004701616458811397,56553,14139,0.100772726468976,0.100772726468976,0.1,0.32789917912262023,5699,1412,12727,50854,0.100772726468976,0.0998656199165429,True,max_tpr_with_empirical_fpr_le_target,0.009654660230226514,0.009654660230226514,0.01,1.3094364951271988,546,141,13998,56007,0.009654660230226514,0.009972416719711436,True,max_tpr_with_empirical_fpr_le_target,0.0010432691457570775,0.0010432691457570775,0.001,3.288967821553576,59,14,14125,56494,0.0010432691457570775,0.000990169035999717,True,max_tpr_with_empirical_fpr_le_target,32,True,False,0.04581129064106592,0.045771239033551216,0.7454558313883585,DIABETES,LR,dp,10.0,20
0.5025613045982238,0.007507705697108236,56553,14139,0.10075504394108181,0.10075504394108181,0.1,0.32941840747135287,5698,1413,12726,50855,0.10075504394108181,0.09993634627625717,True,max_tpr_with_empirical_fpr_le_target,0.010485739041253338,0.010485739041253338,0.01,1.3198447282854278,593,141,13998,55960,0.010485739041253338,0.009972416719711436,True,max_tpr_with_empirical_fpr_le_target,0.0014853323431117712,0.0014853323431117712,0.001,2.9620334523036327,84,14,14125,56469,0.0014853323431117712,0.000990169035999717,True,max_tpr_with_empirical_fpr_le_target,32,True,False,0.04379129502656377,0.0436755001158919,0.7454558313883585,DIABETES,LR,dp,10.0,21
0.5022713256479607,0.00928859475937821,56553,14139,0.1088536417166198,0.1088536417166198,0.1,0.27484525476084265,6156,1413,12726,50397,0.1088536417166198,0.09993634627625717,True,max_tpr_with_empirical_fpr_le_target,0.011617420826481354,0.011617420826481354,0.01,1.0917169649721512,657,141,13998,55896,0.011617420826481354,0.009972416719711436,True,max_tpr_with_empirical_fpr_le_target,0.0018036178452071508,0.0018036178452071508,0.001,2.2791434945771654,102,14,14125,56451,0.0018036178452071508,0.000990169035999717,True,max_tpr_with_empirical_fpr_le_target,32,True,False,0.045071088897139074,0.04510181702119117,0.7454558313883585,DIABETES,LR,dp,10.0,22
0.4977369597150282,0.0032819267017460685,56553,14139,0.09780206178275246,0.09780206178275246,0.1,0.31426314590084314,5531,1412,12727,51022,0.09780206178275246,0.0998656199165429,True,max_tpr_with_empirical_fpr_le_target,0.01014977101126377,0.01014977101126377,0.01,1.1954897895194179,574,141,13998,55979,0.01014977101126377,0.009972416719711436,True,max_tpr_with_empirical_fpr_le_target,0.0007957137552384489,0.0007957137552384489,0.001,3.5264819093150144,45,14,14125,56508,0.0007957137552384489,0.000990169035999717,True,max_tpr_with_empirical_fpr_le_target,32,True,False,0.044763091346709305,0.04480816697080243,0.7454558313883585,DIABETES,LR,dp,10.0,23
0.49915706092634615,0.0044807780810520725,56553,14139,0.09819107739642459,0.09819107739642459,0.1,0.3249101406403776,5553,1412,12727,51000,0.09819107739642459,0.0998656199165429,True,max_tpr_with_empirical_fpr_le_target,0.008947359114459003,0.008947359114459003,0.01,1.423539776719378,506,141,13998,56047,0.008947359114459003,0.009972416719711436,True,max_tpr_with_empirical_fpr_le_target,0.0009194914504977632,0.0009194914504977632,0.001,3.650999504061534,52,13,14126,56501,0.0009194914504977632,0.0009194426762854516,True,max_tpr_with_empirical_fpr_le_target,32,True,False,0.045256294883567486,0.04523203609781639,0.7454558313883585,DIABETES,LR,dp,10.0,24
0.4995317894476734,0.005493086857578766,56553,14139,0.10006542535320849,0.10006542535320849,0.1,0.3305097631715861,5659,1413,12726,50894,0.10006542535320849,0.09993634627625717,True,max_tpr_with_empirical_fpr_le_target,0.011086944989655722,0.011086944989655722,0.01,1.3048611366717298,627,141,13998,55926,0.011086944989655722,0.009972416719711436,True,max_tpr_with_empirical_fpr_le_target,0.001078634201545453,0.001078634201545453,0.001,3.2838521576154927,61,12,14127,56492,0.001078634201545453,0.000848716316571186,True,max_tpr_with_empirical_fpr_le_target,32,True,False,0.04372163929429398,0.0437040618463112,0.7454558313883585,DIABETES,LR,dp,10.0,25
0.49403009081506954,0.005213471802121505,56553,14139,0.09873923576114442,0.09873923576114442,0.1,0.3343945007918465,5584,1413,12726,50969,0.09873923576114442,0.09993634627625717,True,max_tpr_with_empirical_fpr_le_target,0.010662564320195215,0.010662564320195215,0.01,1.38153927284967,603,140,13999,55950,0.010662564320195215,0.00990169035999717,True,max_tpr_with_empirical_fpr_le_target,0.0011316817852280161,0.0011316817852280161,0.001,3.539473707939441,64,14,14125,56489,0.0011316817852280161,0.000990169035999717,True,max_tpr_with_empirical_fpr_le_target,32,True,False,0.04629692191561933,0.046303374530154554,0.7454558313883585,DIABETES,LR,dp,10.0,26
0.500215849025964,0.00564439947161921,56553,14139,0.09865082312167348,0.09865082312167348,0.1,0.3182227989216362,5579,1413,12726,50974,0.09865082312167348,0.09993634627625717,True,max_tpr_with_empirical_fpr_le_target,0.009636977702332326,0.009636977702332326,0.01,1.256621448814605,545,141,13998,56008,0.009636977702332326,0.009972416719711436,True,max_tpr_with_empirical_fpr_le_target,0.001007904089968702,0.001007904089968702,0.001,3.1136720162641613,57,14,14125,56496,0.001007904089968702,0.000990169035999717,True,max_tpr_with_empirical_fpr_le_target,32,True,False,0.04483484057646697,0.04488206179370256,0.7454558313883585,DIABETES,LR,dp,10.0,27
0.5022327952708554,0.0071282385734617315,56553,14139,0.10544091383304158,0.10544091383304158,0.1,0.30045542690484406,5963,1413,12726,50590,0.10544091383304158,0.09993634627625717,True,max_tpr_with_empirical_fpr_le_target,0.009035771753929943,0.009035771753929943,0.01,1.3225328935491318,511,141,13998,56042,0.009035771753929943,0.009972416719711436,True,max_tpr_with_empirical_fpr_le_target,0.0007780312273442611,0.0007780312273442611,0.001,3.336358135614711,44,14,14125,56509,0.0007780312273442611,0.000990169035999717,True,max_tpr_with_empirical_fpr_le_target,32,True,False,0.045543355388846386,0.04549528489796412,0.7454558313883585,DIABETES,LR,dp,10.0,28
0.5005678550174583,0.0053533975135184875,56553,14139,0.10172758297526215,0.10172758297526215,0.1,0.34676329456860855,5753,1413,12726,50800,0.10172758297526215,0.09993634627625717,True,max_tpr_with_empirical_fpr_le_target,0.009937580676533516,0.009937580676533516,0.01,1.345580695783548,562,141,13998,55991,0.009937580676533516,0.009972416719711436,True,max_tpr_with_empirical_fpr_le_target,0.0009018089226035754,0.0009018089226035754,0.001,3.7387384152443026,51,14,14125,56502,0.0009018089226035754,0.000990169035999717,True,max_tpr_with_empirical_fpr_le_target,32,True,False,0.04326196189604495,0.043209283355748695,0.7454558313883585,DIABETES,LR,dp,10.0,29
0.5020593454175296,0.008423133880534284,56553,14139,0.09728926847382102,0.09728926847382102,0.1,0.37940007588200375,5502,1413,12726,51051,0.09728926847382102,0.09993634627625717,True,max_tpr_with_empirical_fpr_le_target,0.010096723427581207,0.010096723427581207,0.01,1.2093214180765133,571,141,13998,55982,0.010096723427581207,0.009972416719711436,True,max_tpr_with_empirical_fpr_le_target,0.001007904089968702,0.001007904089968702,0.001,2.164236459948523,57,13,14126,56496,0.001007904089968702,0.0009194426762854516,True,max_tpr_with_empirical_fpr_le_target,32,True,False,0.13199811112325485,0.13242941417375367,0.7373223000212179,DIABETES,RF,standard,,0
0.49645381399063937,0.0032848944249721512,56553,14139,0.0980496171732711,0.0980496171732711,0.1,0.3944546575683212,5545,1413,12726,51008,0.0980496171732711,0.09993634627625717,True,max_tpr_with_empirical_fpr_le_target,0.011458278075433663,0.011458278075433663,0.01,1.2067381774075292,648,141,13998,55905,0.011458278075433663,0.009972416719711436,True,max_tpr_with_empirical_fpr_le_target,0.0013438721199582693,0.0013438721199582693,0.001,1.9983286963947529,76,13,14126,56477,0.0013438721199582693,0.0009194426762854516,True,max_tpr_with_empirical_fpr_le_target,32,True,False,0.13021773546213283,0.13044690971647038,0.7373223000212179,DIABETES,RF,standard,,1
0.5019093447047382,0.006761996765076661,56553,14139,0.09750145880855127,0.09750145880855127,0.1,0.36709094575831536,5514,1413,12726,51039,0.09750145880855127,0.09993634627625717,True,max_tpr_with_empirical_fpr_le_target,0.009548565062861386,0.009548565062861386,0.01,1.2140844102787454,540,140,13999,56013,0.009548565062861386,0.00990169035999717,True,max_tpr_with_empirical_fpr_le_target,0.0009018089226035754,0.0009018089226035754,0.001,2.113009126677863,51,14,14125,56502,0.0009018089226035754,0.000990169035999717,True,max_tpr_with_empirical_fpr_le_target,32,True,False,0.13359923072551927,0.13384879774080807,0.7373223000212179,DIABETES,RF,standard,,2
0.49693646108449985,0.0037369300728132687,56553,14139,0.10234647145155872,0.10234647145155872,0.1,0.3881469643706901,5788,1413,12726,50765,0.10234647145155872,0.09993634627625717,True,max_tpr_with_empirical_fpr_le_target,0.009796120453380016,0.009796120453380016,0.01,1.2644557806206906,554,141,13998,55999,0.009796120453380016,0.009972416719711436,True,max_tpr_with_empirical_fpr_le_target,0.0011493643131222039,0.0011493643131222039,0.001,2.1378086937887972,65,14,14125,56488,0.0011493643131222039,0.000990169035999717,True,max_tpr_with_empirical_fpr_le_target,32,True,False,0.1269629497703147,0.12693926525037183,0.7373223000212179,DIABETES,RF,standard,,3
0.4969157332948882,0.0017794483470755518,56553,14139,0.09700634802751401,0.09700634802751401,0.1,0.3914736238759442,5486,1413,12726,51067,0.09700634802751401,0.09993634627625717,True,max_tpr_with_empirical_fpr_le_target,0.00983148550916839,0.00983148550916839,0.01,1.2628308433783384,556,141,13998,55997,0.00983148550916839,0.009972416719711436,True,max_tpr_with_empirical_fpr_le_target,0.0008841263947093876,0.0008841263947093876,0.001,2.273657353761205,50,14,14125,56503,0.0008841263947093876,0.000990169035999717,True,max_tpr_with_empirical_fpr_le_target,32,True,False,0.12979846203886203,0.12985312923183223,0.7373223000212179,DIABETES,RF,standard,,4
0.5034304923271367,0.0074410913786781,56553,14139,0.10107332944317719,0.10107332944317719,0.1,0.38983623124626754,5716,1413,12726,50837,0.10107332944317719,0.09993634627625717,True,max_tpr_with_empirical_fpr_le_target,0.00944246989549626,0.00944246989549626,0.01,1.2813288135200525,534,141,13998,56019,0.00944246989549626,0.009972416719711436,True,max_tpr_with_empirical_fpr_le_target,0.001290824536275706,0.001290824536275706,0.001,2.174320710786242,73,14,14125,56480,0.001290824536275706,0.000990169035999717,True,max_tpr_with_empirical_fpr_le_target,32,True,False,0.13048602111830318,0.13074840580711916,0.7373223000212179,DIABETES,RF,standard,,5
0.5017697291473068,0.007555414380474024,56553,14139,0.10047212349477481,0.10047212349477481,0.1,0.3477742026544568,5682,1412,12727,50871,0.10047212349477481,0.0998656199165429,True,max_tpr_with_empirical_fpr_le_target,0.010132088483369583,0.010132088483369583,0.01,1.1432650087676448,573,141,13998,55980,0.010132088483369583,0.009972416719711436,True,max_tpr_with_empirical_fpr_le_target,0.0010432691457570775,0.0010432691457570775,0.001,1.9583258263720684,59,14,14125,56494,0.0010432691457570775,0.000990169035999717,True,max_tpr_with_empirical_fpr_le_target,32,True,False,0.1302088034289853,0.13044912716419785,0.7373223000212179,DIABETES,RF,standard,,6
0.5014460734793739,0.009141067774585676,56553,14139,0.0970417130833024,0.0970417130833024,0.1,0.3729638486525464,5488,1412,12727,51065,0.0970417130833024,0.0998656199165429,True,max_tpr_with_empirical_fpr_le_target,0.008664438668151999,0.008664438668151999,0.01,1.1916113888462792,490,140,13999,56063,0.008664438668151999,0.00990169035999717,True,max_tpr_with_empirical_fpr_le_target,0.0009194914504977632,0.0009194914504977632,0.001,2.0576494904773237,52,14,14125,56501,0.0009194914504977632,0.000990169035999717,True,max_tpr_with_empirical_fpr_le_target,32,True,False,0.13349647343073784,0.13360607350977985,0.7373223000212179,DIABETES,RF,standard,,7
0.4998919232239321,0.005733472438887555,56553,14139,0.09444238148285679,0.09444238148285679,0.1,0.36775314706220885,5341,1413,12726,51212,0.09444238148285679,0.09993634627625717,True,max_tpr_with_empirical_fpr_le_target,0.009177231977083445,0.009177231977083445,0.01,1.1661134918214078,519,141,13998,56034,0.009177231977083445,0.009972416719711436,True,max_tpr_with_empirical_fpr_le_target,0.0005835234205081958,0.0005835234205081958,0.001,2.211546958699556,33,14,14125,56520,0.0005835234205081958,0.000990169035999717,True,max_tpr_with_empirical_fpr_le_target,32,True,False,0.134861328708741,0.13487578567502972,0.7373223000212179,DIABETES,RF,standard,,8
0.49452758903126837,0.0027199802423919506,56553,14139,0.09430092125970328,0.09430092125970328,0.1,0.3901463330360784,5333,1413,12726,51220,0.09430092125970328,0.09993634627625717,True,max_tpr_with_empirical_fpr_le_target,0.00960161264654395,0.00960161264654395,0.01,1.1982309535342095,543,141,13998,56010,0.00960161264654395,0.009972416719711436,True,max_tpr_with_empirical_fpr_le_target,0.0012377769525931427,0.0012377769525931427,0.001,1.980257381155572,70,14,14125,56483,0.0012377769525931427,0.000990169035999717,True,max_tpr_with_empirical_fpr_le_target,32,True,False,0.1316740900089598,0.1319498528982647,0.7373223000212179,DIABETES,RF,standard,,9
0.49996178165279137,0.004587469794552379,56553,14139,0.09843863278694322,0.09843863278694322,0.1,0.40827592378171396,5567,1412,12727,50986,0.09843863278694322,0.0998656199165429,True,max_tpr_with_empirical_fpr_le_target,0.00857602602868106,0.00857602602868106,0.01,1.3821387693515432,485,141,13998,56068,0.00857602602868106,0.009972416719711436,True,max_tpr_with_empirical_fpr_le_target,0.0012731420083815182,0.0012731420083815182,0.001,2.255822194659298,72,14,14125,56481,0.0012731420083815182,0.000990169035999717,True,max_tpr_with_empirical_fpr_le_target,32,True,False,0.12802078236924186,0.12828471058934252,0.7373223000212179,DIABETES,RF,standard,,10
0.4983169813972166,0.005217546324780664,56553,14139,0.09417714356444397,0.09417714356444397,0.1,0.39870903547331826,5326,1413,12726,51227,0.09417714356444397,0.09993634627625717,True,max_tpr_with_empirical_fpr_le_target,0.009725390341803265,0.009725390341803265,0.01,1.2916394507429865,550,141,13998,56003,0.009725390341803265,0.009972416719711436,True,max_tpr_with_empirical_fpr_le_target,0.0007073011157675101,0.0007073011157675101,0.001,2.362785278751273,40,12,14127,56513,0.0007073011157675101,0.000848716316571186,True,max_tpr_with_empirical_fpr_le_target,32,True,False,0.12998641874274333,0.13002150562500447,0.7373223000212179,DIABETES,RF,standard,,11
0.5011579429466954,0.005916180638206731,56553,14139,0.10003006029742012,0.10003006029742012,0.1,0.3726036331340157,5657,1412,12727,50896,0.10003006029742012,0.0998656199165429,True,max_tpr_with_empirical_fpr_le_target,0.00976075539759164,0.00976075539759164,0.01,1.2546822739925902,552,141,13998,56001,0.00976075539759164,0.009972416719711436,True,max_tpr_with_empirical_fpr_le_target,0.001361554647852457,0.001361554647852457,0.001,2.1590903947069573,77,14,14125,56476,0.001361554647852457,0.000990169035999717,True,max_tpr_with_empirical_fpr_le_target,32,True,False,0.12839988700308835,0.12868103208314868,0.7373223000212179,DIABETES,RF,standard,,12
0.5028742274382065,0.01009559036511054,56553,14139,0.09969409226743055,0.09969409226743055,0.1,0.3822517673738721,5638,1413,12726,50915,0.09969409226743055,0.09993634627625717,True,max_tpr_with_empirical_fpr_le_target,0.012271674358566301,0.012271674358566301,0.01,1.1884472555801013,694,141,13998,55859,0.012271674358566301,0.009972416719711436,True,max_tpr_with_empirical_fpr_le_target,0.0012731420083815182,0.0012731420083815182,0.001,2.1937363754032497,72,14,14125,56481,0.0012731420083815182,0.000990169035999717,True,max_tpr_with_empirical_fpr_le_target,32,True,False,0.1319525285609035,0.1323481957963567,0.7373223000212179,DIABETES,RF,standard,,13
0.5030554423962564,0.009129984772803468,56553,14139,0.10167453539157958,0.10167453539157958,0.1,0.3803186927154214,5750,1413,12726,50803,0.10167453539157958,0.09993634627625717,True,max_tpr_with_empirical_fpr_le_target,0.010980849822290594,0.010980849822290594,0.01,1.264728657067463,621,141,13998,55932,0.010980849822290594,0.009972416719711436,True,max_tpr_with_empirical_fpr_le_target,0.001503014871005959,0.001503014871005959,0.001,2.147593260037656,85,14,14125,56468,0.001503014871005959,0.000990169035999717,True,max_tpr_with_empirical_fpr_le_target,32,True,False,0.1270820611442804,0.1273474786282956,0.7373223000212179,DIABETES,RF,standard,,14
0.49665471497115077,0.002175787596319364,56553,14139,0.100772726468976,0.100772726468976,0.1,0.3609325004603574,5699,1413,12726,50854,0.100772726468976,0.09993634627625717,True,max_tpr_with_empirical_fpr_le_target,0.010892437182819657,0.010892437182819657,0.01,1.0962995270785125,616,141,13998,55937,0.010892437182819657,0.009972416719711436,True,max_tpr_with_empirical_fpr_le_target,0.0010609516736512653,0.0010609516736512653,0.001,1.9784522613997897,60,14,14125,56493,0.0010609516736512653,0.000990169035999717,True,max_tpr_with_empirical_fpr_le_target,32,True,False,0.13286738016802982,0.13302178724536198,0.7373223000212179,DIABETES,RF,standard,,15
0.5086463077926908,0.017021524761491436,56553,14139,0.10257634431418315,0.10257634431418315,0.1,0.38398720279570075,5801,1413,12726,50752,0.10257634431418315,0.09993634627625717,True,max_tpr_with_empirical_fpr_le_target,0.01101621487807897,0.01101621487807897,0.01,1.2148485603041617,623,141,13998,55930,0.01101621487807897,0.009972416719711436,True,max_tpr_with_empirical_fpr_le_target,0.0011493643131222039,0.0011493643131222039,0.001,2.131522224280645,65,14,14125,56488,0.0011493643131222039,0.000990169035999717,True,max_tpr_with_empirical_fpr_le_target,32,True,False,0.1308619209082305,0.1310730427199123,0.7373223000212179,DIABETES,RF,standard,,16
0.500224921029454,0.00965708768525464,56553,14139,0.09935812423744099,0.09935812423744099,0.1,0.37620965239653636,5619,1413,12726,50934,0.09935812423744099,0.09993634627625717,True,max_tpr_with_empirical_fpr_le_target,0.010238183650734709,0.010238183650734709,0.01,1.2960804673195678,579,141,13998,55974,0.010238183650734709,0.009972416719711436,True,max_tpr_with_empirical_fpr_le_target,0.0009725390341803265,0.0009725390341803265,0.001,2.345669725018702,55,14,14125,56498,0.0009725390341803265,0.000990169035999717,True,max_tpr_with_empirical_fpr_le_target,32,True,False,0.13025448350580163,0.1304292715299718,0.7373223000212179,DIABETES,RF,standard,,17
0.4992206049706422,0.0037458332424913365,56553,14139,0.09955263204427706,0.09955263204427706,0.1,0.3770485200597078,5630,1413,12726,50923,0.09955263204427706,0.09993634627625717,True,max_tpr_with_empirical_fpr_le_target,0.00991989814863933,0.00991989814863933,0.01,1.211035919294416,561,139,14000,55992,0.00991989814863933,0.009830964000282905,True,max_tpr_with_empirical_fpr_le_target,0.0009018089226035754,0.0009018089226035754,0.001,2.0983041775927758,51,14,14125,56502,0.0009018089226035754,0.000990169035999717,True,max_tpr_with_empirical_fpr_le_target,32,True,False,0.12676138637936174,0.12683470192090754,0.7373223000212179,DIABETES,RF,standard,,18
0.4994643859875004,0.004906704517856575,56553,14139,0.10033066327162131,0.10033066327162131,0.1,0.3927850662919905,5674,1413,12726,50879,0.10033066327162131,0.09993634627625717,True,max_tpr_with_empirical_fpr_le_target,0.010043675843898644,0.010043675843898644,0.01,1.2653039023843395,568,140,13999,55985,0.010043675843898644,0.00990169035999717,True,max_tpr_with_empirical_fpr_le_target,0.0011139992573338284,0.0011139992573338284,0.001,2.19055173550512,63,14,14125,56490,0.0011139992573338284,0.000990169035999717,True,max_tpr_with_empirical_fpr_le_target,32,True,False,0.12561792486545104,0.12562991995165235,0.7373223000212179,DIABETES,RF,standard,,19
0.4992056337887042,0.003150660288965712,56553,14139,0.09916361643060492,0.09916361643060492,0.1,0.375005032675668,5608,1413,12726,50945,0.09916361643060492,0.09993634627625717,True,max_tpr_with_empirical_fpr_le_target,0.008876629002882252,0.008876629002882252,0.01,1.2200968068552243,502,141,13998,56051,0.008876629002882252,0.009972416719711436,True,max_tpr_with_empirical_fpr_le_target,0.0005481583647198203,0.0005481583647198203,0.001,2.312784791068882,31,11,14128,56522,0.0005481583647198203,0.0007779899568569206,True,max_tpr_with_empirical_fpr_le_target,32,True,False,0.12652814817926883,0.1267626798391719,0.7373223000212179,DIABETES,RF,standard,,20
0.499426761059875,0.004364252735977181,56553,14139,0.09912825137481654,0.09912825137481654,0.1,0.3841646485052923,5606,1413,12726,50947,0.09912825137481654,0.09993634627625717,True,max_tpr_with_empirical_fpr_le_target,0.011086944989655722,0.011086944989655722,0.01,1.1952602740663747,627,141,13998,55926,0.011086944989655722,0.009972416719711436,True,max_tpr_with_empirical_fpr_le_target,0.001078634201545453,0.001078634201545453,0.001,2.1070215569545745,61,14,14125,56492,0.001078634201545453,0.000990169035999717,True,max_tpr_with_empirical_fpr_le_target,32,True,False,0.1306573764970584,0.13073712240172886,0.7373223000212179,DIABETES,RF,standard,,21
0.5004214685988613,0.008510653576733529,56553,14139,0.09835022014747229,0.09835022014747229,0.1,0.3623796000716515,5562,1413,12726,50991,0.09835022014747229,0.09993634627625717,True,max_tpr_with_empirical_fpr_le_target,0.010627199264406839,0.010627199264406839,0.01,1.1559311013931262,601,140,13999,55952,0.010627199264406839,0.00990169035999717,True,max_tpr_with_empirical_fpr_le_target,0.0013969197036408324,0.0013969197036408324,0.001,1.9594930258507046,79,14,14125,56474,0.0013969197036408324,0.000990169035999717,True,max_tpr_with_empirical_fpr_le_target,32,True,False,0.13328206247960322,0.13334806507731833,0.7373223000212179,DIABETES,RF,standard,,22
0.4987194424354159,0.008105141023712736,56553,14139,0.09909288631902817,0.09909288631902817,0.1,0.3722477237551143,5604,1413,12726,50949,0.09909288631902817,0.09993634627625717,True,max_tpr_with_empirical_fpr_le_target,0.009106501865506694,0.009106501865506694,0.01,1.206463642988569,515,140,13999,56038,0.009106501865506694,0.00990169035999717,True,max_tpr_with_empirical_fpr_le_target,0.0009018089226035754,0.0009018089226035754,0.001,2.2139666052380003,51,14,14125,56502,0.0009018089226035754,0.000990169035999717,True,max_tpr_with_empirical_fpr_le_target,32,True,False,0.12652872148509017,0.12659796724977254,0.7373223000212179,DIABETES,RF,standard,,23
0.5048809361009957,0.013133503434524352,56553,14139,0.10202818594946333,0.10202818594946333,0.1,0.3719666086891724,5770,1413,12726,50783,0.10202818594946333,0.09993634627625717,True,max_tpr_with_empirical_fpr_le_target,0.010768659487560341,0.010768659487560341,0.01,1.185783043128437,609,141,13998,55944,0.010768659487560341,0.009972416719711436,True,max_tpr_with_empirical_fpr_le_target,0.001290824536275706,0.001290824536275706,0.001,2.03279008074261,73,14,14125,56480,0.001290824536275706,0.000990169035999717,True,max_tpr_with_empirical_fpr_le_target,32,True,False,0.1305686712687281,0.13055835333112475,0.7373223000212179,DIABETES,RF,standard,,24
0.4987914581852043,0.0035854148581986323,56553,14139,0.10165685286368539,0.10165685286368539,0.1,0.3821222352924494,5749,1412,12727,50804,0.10165685286368539,0.0998656199165429,True,max_tpr_with_empirical_fpr_le_target,0.00983148550916839,0.00983148550916839,0.01,1.2736727068417841,556,141,13998,55997,0.00983148550916839,0.009972416719711436,True,max_tpr_with_empirical_fpr_le_target,0.0009371739783919509,0.0009371739783919509,0.001,2.2303785297879886,53,14,14125,56500,0.0009371739783919509,0.000990169035999717,True,max_tpr_with_empirical_fpr_le_target,32,True,False,0.13390226031955507,0.13401975759231083,0.7373223000212179,DIABETES,RF,standard,,25
0.5015175702215184,0.007678156561687244,56553,14139,0.10229342386787615,0.10229342386787615,0.1,0.3539537260294219,5785,1413,12726,50768,0.10229342386787615,0.09993634627625717,True,max_tpr_with_empirical_fpr_le_target,0.009849168037062579,0.009849168037062579,0.01,1.2049594810353206,557,141,13998,55996,0.009849168037062579,0.009972416719711436,True,max_tpr_with_empirical_fpr_le_target,0.0011493643131222039,0.0011493643131222039,0.001,2.1145069446595106,65,13,14126,56488,0.0011493643131222039,0.0009194426762854516,True,max_tpr_with_empirical_fpr_le_target,32,True,False,0.13020783292173035,0.13029987100588003,0.7373223000212179,DIABETES,RF,standard,,26
0.5027374407850892,0.00796981884758552,56553,14139,0.09916361643060492,0.09916361643060492,0.1,0.38070884462185584,5608,1413,12726,50945,0.09916361643060492,0.09993634627625717,True,max_tpr_with_empirical_fpr_le_target,0.008699803723940374,0.008699803723940374,0.01,1.269641645284155,492,141,13998,56061,0.008699803723940374,0.009972416719711436,True,max_tpr_with_empirical_fpr_le_target,0.0007780312273442611,0.0007780312273442611,0.001,2.2943381468384585,44,14,14125,56509,0.0007780312273442611,0.000990169035999717,True,max_tpr_with_empirical_fpr_le_target,32,True,False,0.12883480524486304,0.12878454935645048,0.7373223000212179,DIABETES,RF,standard,,27
0.5010532934970079,0.006645966665849823,56553,14139,0.09613990416069881,0.09613990416069881,0.1,0.35558344946067866,5437,1413,12726,51116,0.09613990416069881,0.09993634627625717,True,max_tpr_with_empirical_fpr_le_target,0.0096723427581207,0.0096723427581207,0.01,1.178825630573545,547,141,13998,56006,0.0096723427581207,0.009972416719711436,True,max_tpr_with_empirical_fpr_le_target,0.0011316817852280161,0.0011316817852280161,0.001,2.164978620454442,64,13,14126,56489,0.0011316817852280161,0.0009194426762854516,True,max_tpr_with_empirical_fpr_le_target,32,True,False,0.13523311167951974,0.13535290221447535,0.7373223000212179,DIABETES,RF,standard,,28
0.5043243698124459,0.010572879799341628,56553,14139,0.10040139338319806,0.10040139338319806,0.1,0.3734657611417387,5678,1413,12726,50875,0.10040139338319806,0.09993634627625717,True,max_tpr_with_empirical_fpr_le_target,0.008947359114459003,0.008947359114459003,0.01,1.24850550959709,506,141,13998,56047,0.008947359114459003,0.009972416719711436,True,max_tpr_with_empirical_fpr_le_target,0.0012731420083815182,0.0012731420083815182,0.001,2.0365142583548863,72,14,14125,56481,0.0012731420083815182,0.000990169035999717,True,max_tpr_with_empirical_fpr_le_target,32,True,False,0.13019532694065541,0.1301775592057692,0.7373223000212179,DIABETES,RF,standard,,29
0.4977423805310093,0.0050626844488290135,56553,14139,0.10471593018937987,0.10471593018937987,0.1,0.06371169413125943,5922,1413,12726,50631,0.10471593018937987,0.09993634627625717,True,max_tpr_with_empirical_fpr_le_target,0.009159549449189256,0.009159549449189256,0.01,3.168264327886355,518,141,13998,56035,0.009159549449189256,0.009972416719711436,True,max_tpr_with_empirical_fpr_le_target,0.0004951107810372571,0.0004951107810372571,0.001,10.05737437745263,28,13,14126,56525,0.0004951107810372571,0.0009194426762854516,True,max_tpr_with_empirical_fpr_le_target,32,True,False,1.6380510690254653,1.6335536427749469,0.6757903670698069,DIABETES,RF,dp,0.1,0
0.49787917843971413,0.0016989258744116026,56553,14139,0.09935812423744099,0.09935812423744099,0.1,0.08675646740915055,5619,1413,12726,50934,0.09935812423744099,0.09993634627625717,True,max_tpr_with_empirical_fpr_le_target,0.01101621487807897,0.01101621487807897,0.01,2.2663399441255696,623,141,13998,55930,0.01101621487807897,0.009972416719711436,True,max_tpr_with_empirical_fpr_le_target,0.0009018089226035754,0.0009018089226035754,0.001,7.954166594306791,51,14,14125,56502,0.0009018089226035754,0.000990169035999717,True,max_tpr_with_empirical_fpr_le_target,32,True,False,1.751706876046509,1.7569760926905302,0.6757903670698069,DIABETES,RF,dp,0.1,1
0.5021420502235393,0.007822933431277934,56553,14139,0.10491043799621594,0.10491043799621594,0.1,0.07020648153381925,5933,1413,12726,50620,0.10491043799621594,0.09993634627625717,True,max_tpr_with_empirical_fpr_le_target,0.010839389599137092,0.010839389599137092,0.01,2.4662673428693624,613,141,13998,55940,0.010839389599137092,0.009972416719711436,True,max_tpr_with_empirical_fpr_le_target,0.0010963167294396406,0.0010963167294396406,0.001,7.48925062742885,62,14,14125,56491,0.0010963167294396406,0.000990169035999717,True,max_tpr_with_empirical_fpr_le_target,32,True,False,1.7358595772393708,1.7355234238015238,0.6757903670698069,DIABETES,RF,dp,0.1,2
0.4970692795177284,0.0027412157840599645,56553,14139,0.09888069598429791,0.09888069598429791,0.1,0.07900602734541717,5592,1413,12726,50961,0.09888069598429791,0.09993634627625717,True,max_tpr_with_empirical_fpr_le_target,0.011971071384365109,0.011971071384365109,0.01,2.1337758876911224,677,141,13998,55876,0.011971071384365109,0.009972416719711436,True,max_tpr_with_empirical_fpr_le_target,0.0010963167294396406,0.0010963167294396406,0.001,7.40491441042926,62,13,14126,56491,0.0010963167294396406,0.0009194426762854516,True,max_tpr_with_empirical_fpr_le_target,32,True,False,1.7316639462988557,1.733146460285813,0.6757903670698069,DIABETES,RF,dp,0.1,3
0.4979237436876274,0.00412843692317566,56553,14139,0.10015383799267943,0.10015383799267943,0.1,0.07868034464895435,5664,1413,12726,50889,0.10015383799267943,0.09993634627625717,True,max_tpr_with_empirical_fpr_le_target,0.009354057256025321,0.009354057256025321,0.01,2.511199245064325,529,141,13998,56024,0.009354057256025321,0.009972416719711436,True,max_tpr_with_empirical_fpr_le_target,0.0010255866178628897,0.0010255866178628897,0.001,7.547900380511791,58,14,14125,56495,0.0010255866178628897,0.000990169035999717,True,max_tpr_with_empirical_fpr_le_target,32,True,False,1.7234983217172672,1.7241514734604115,0.6757903670698069,DIABETES,RF,dp,0.1,4
0.5051491042240097,0.011725106783540329,56553,14139,0.10340742312520998,0.10340742312520998,0.1,0.07803051805120131,5848,1413,12726,50705,0.10340742312520998,0.09993634627625717,True,max_tpr_with_empirical_fpr_le_target,0.01046805651335915,0.01046805651335915,0.01,2.345451099360865,592,141,13998,55961,0.01046805651335915,0.009972416719711436,True,max_tpr_with_empirical_fpr_le_target,0.0005304758368256326,0.0005304758368256326,0.001,8.17806806421181,30,14,14125,56523,0.0005304758368256326,0.000990169035999717,True,max_tpr_with_empirical_fpr_le_target,32,True,False,1.7643868436065433,1.7635948589798285,0.6757903670698069,DIABETES,RF,dp,0.1,5
0.49693375036385407,0.0018783249310185407,56553,14139,0.0978904744222234,0.0978904744222234,0.1,0.08117511245761522,5536,1411,12728,51017,0.0978904744222234,0.09979489355682863,True,max_tpr_with_empirical_fpr_le_target,0.00873516877972875,0.00873516877972875,0.01,2.596278833430289,494,141,13998,56059,0.00873516877972875,0.009972416719711436,True,max_tpr_with_empirical_fpr_le_target,0.0014676498152175834,0.0014676498152175834,0.001,6.64399645686398,83,14,14125,56470,0.0014676498152175834,0.000990169035999717,True,max_tpr_with_empirical_fpr_le_target,32,True,False,1.81004005186124,1.8008971118874446,0.6757903670698069,DIABETES,RF,dp,0.1,6
0.501759821103793,0.007986492124471,56553,14139,0.10103796438738882,0.10103796438738882,0.1,0.07448507862888065,5714,1413,12726,50839,0.10103796438738882,0.09993634627625717,True,max_tpr_with_empirical_fpr_le_target,0.010591834208618464,0.010591834208618464,0.01,2.3929734164845806,599,141,13998,55954,0.010591834208618464,0.009972416719711436,True,max_tpr_with_empirical_fpr_le_target,0.0014853323431117712,0.0014853323431117712,0.001,6.700032340732841,84,12,14127,56469,0.0014853323431117712,0.000848716316571186,True,max_tpr_with_empirical_fpr_le_target,32,True,False,1.7384701480905151,1.7356758820713927,0.6757903670698069,DIABETES,RF,dp,0.1,7
0.4980902913646006,0.004524389730583556,56553,14139,0.09585698371439182,0.09585698371439182,0.1,0.089215279652608,5421,1413,12726,51132,0.09585698371439182,0.09993634627625717,True,max_tpr_with_empirical_fpr_le_target,0.010980849822290594,0.010980849822290594,0.01,2.2152723106475043,621,141,13998,55932,0.010980849822290594,0.009972416719711436,True,max_tpr_with_empirical_fpr_le_target,0.0011847293689105794,0.0011847293689105794,0.001,6.781538905438955,67,14,14125,56486,0.0011847293689105794,0.000990169035999717,True,max_tpr_with_empirical_fpr_le_target,32,True,False,1.770851530009137,1.7635437543190138,0.6757903670698069,DIABETES,RF,dp,0.1,8
0.49792911760532743,0.003237966129003386,56553,14139,0.09987091754637242,0.09987091754637242,0.1,0.09709335031067612,5648,1413,12726,50905,0.09987091754637242,0.09993634627625717,True,max_tpr_with_empirical_fpr_le_target,0.008982724170247378,0.008982724170247378,0.01,2.5528084334412586,508,141,13998,56045,0.008982724170247378,0.009972416719711436,True,max_tpr_with_empirical_fpr_le_target,0.0008841263947093876,0.0008841263947093876,0.001,6.504051410210538,50,14,14125,56503,0.0008841263947093876,0.000990169035999717,True,max_tpr_with_empirical_fpr_le_target,32,True,False,1.9043802998600032,1.9103107236129606,0.6757903670698069,DIABETES,RF,dp,0.1,9
0.49938350708790047,0.0037566498620370814,56553,14139,0.09898679115166305,0.09898679115166305,0.1,0.07877003427274865,5598,1413,12726,50955,0.09898679115166305,0.09993634627625717,True,max_tpr_with_empirical_fpr_le_target,0.012360086998037239,0.012360086998037239,0.01,2.1219794208144918,699,141,13998,55854,0.012360086998037239,0.009972416719711436,True,max_tpr_with_empirical_fpr_le_target,0.00157374498258271,0.00157374498258271,0.001,6.252426906662107,89,14,14125,56464,0.00157374498258271,0.000990169035999717,True,max_tpr_with_empirical_fpr_le_target,32,True,False,1.7920992063818946,1.7944057750302782,0.6757903670698069,DIABETES,RF,dp,0.1,10
0.4986119953469351,0.006070284637936407,56553,14139,0.09562711085176737,0.09562711085176737,0.1,0.08226868933199838,5408,1413,12726,51145,0.09562711085176737,0.09993634627625717,True,max_tpr_with_empirical_fpr_le_target,0.010750976959666154,0.010750976959666154,0.01,2.5396356307105905,608,140,13999,55945,0.010750976959666154,0.00990169035999717,True,max_tpr_with_empirical_fpr_le_target,0.0008841263947093876,0.0008841263947093876,0.001,8.151195359627502,50,13,14126,56503,0.0008841263947093876,0.0009194426762854516,True,max_tpr_with_empirical_fpr_le_target,32,True,False,1.6898657818144265,1.6921774420385043,0.6757903670698069,DIABETES,RF,dp,0.1,11
0.4954970208980004,0.0012030947357771285,56553,14139,0.09721853836224427,0.09721853836224427,0.1,0.08215265782716052,5498,1413,12726,51055,0.09721853836224427,0.09993634627625717,True,max_tpr_with_empirical_fpr_le_target,0.010291231234417272,0.010291231234417272,0.01,2.3278370117755043,582,140,13999,55971,0.010291231234417272,0.00990169035999717,True,max_tpr_with_empirical_fpr_le_target,0.0012024118968047672,0.0012024118968047672,0.001,7.151589223642091,68,14,14125,56485,0.0012024118968047672,0.000990169035999717,True,max_tpr_with_empirical_fpr_le_target,32,True,False,1.7211001485972417,1.730545660556311,0.6757903670698069,DIABETES,RF,dp,0.1,12
0.4949679476324339,0.0013795448284704562,56553,14139,0.0968648878043605,0.0968648878043605,0.1,0.07607010914095325,5478,1413,12726,51075,0.0968648878043605,0.09993634627625717,True,max_tpr_with_empirical_fpr_le_target,0.010273548706523085,0.010273548706523085,0.01,2.555580778186515,581,141,13998,55972,0.010273548706523085,0.009972416719711436,True,max_tpr_with_empirical_fpr_le_target,0.0013261895920640815,0.0013261895920640815,0.001,7.665256146406785,75,14,14125,56478,0.0013261895920640815,0.000990169035999717,True,max_tpr_with_empirical_fpr_le_target,32,True,False,1.7266876788667769,1.722871935448798,0.6757903670698069,DIABETES,RF,dp,0.1,13
0.4996387600496185,0.006959067093990301,56553,14139,0.10186904319841565,0.10186904319841565,0.1,0.08289008629642369,5761,1413,12726,50792,0.10186904319841565,0.09993634627625717,True,max_tpr_with_empirical_fpr_le_target,0.01133450038017435,0.01133450038017435,0.01,2.427066958303051,641,141,13998,55912,0.01133450038017435,0.009972416719711436,True,max_tpr_with_empirical_fpr_le_target,0.0010963167294396406,0.0010963167294396406,0.001,7.104535980481228,62,14,14125,56491,0.0010963167294396406,0.000990169035999717,True,max_tpr_with_empirical_fpr_le_target,32,True,False,1.799668166702182,1.8020868187216124,0.6757903670698069,DIABETES,RF,dp,0.1,14
0.501091941432471,0.0066524798991246525,56553,14139,0.10033066327162131,0.10033066327162131,0.1,0.07786556143343981,5674,1412,12727,50879,0.10033066327162131,0.0998656199165429,True,max_tpr_with_empirical_fpr_le_target,0.00928332714444857,0.00928332714444857,0.01,2.616932323988351,525,141,13998,56028,0.00928332714444857,0.009972416719711436,True,max_tpr_with_empirical_fpr_le_target,0.0013085070641698938,0.0013085070641698938,0.001,6.234740780106433,74,14,14125,56479,0.0013085070641698938,0.000990169035999717,True,max_tpr_with_empirical_fpr_le_target,32,True,False,1.8459995705220364,1.8495051626284735,0.6757903670698069,DIABETES,RF,dp,0.1,15
0.5020081756410211,0.0069805765216196525,56553,14139,0.10347815323678673,0.10347815323678673,0.1,0.06903603977933614,5852,1410,12729,50701,0.10347815323678673,0.09972416719711437,True,max_tpr_with_empirical_fpr_le_target,0.009707707813909077,0.009707707813909077,0.01,2.761397286598136,549,141,13998,56004,0.009707707813909077,0.009972416719711436,True,max_tpr_with_empirical_fpr_le_target,0.0012024118968047672,0.0012024118968047672,0.001,7.745179793727367,68,13,14126,56485,0.0012024118968047672,0.0009194426762854516,True,max_tpr_with_empirical_fpr_le_target,32,True,False,1.7893072128770637,1.7785447868515976,0.6757903670698069,DIABETES,RF,dp,0.1,16
0.5018918253828621,0.006661570661927074,56553,14139,0.09935812423744099,0.09935812423744099,0.1,0.07440486573544036,5619,1413,12726,50934,0.09935812423744099,0.09993634627625717,True,max_tpr_with_empirical_fpr_le_target,0.009566247590755575,0.009566247590755575,0.01,2.6293198298733405,541,141,13998,56012,0.009566247590755575,0.009972416719711436,True,max_tpr_with_empirical_fpr_le_target,0.0009371739783919509,0.0009371739783919509,0.001,7.522382314695788,53,14,14125,56500,0.0009371739783919509,0.000990169035999717,True,max_tpr_with_empirical_fpr_le_target,32,True,False,1.7725318743168363,1.774910324682531,0.6757903670698069,DIABETES,RF,dp,0.1,17
0.49876032397967873,0.005108006947653898,56553,14139,0.09928739412586424,0.09928739412586424,0.1,0.08476495862780808,5615,1413,12726,50938,0.09928739412586424,0.09993634627625717,True,max_tpr_with_empirical_fpr_le_target,0.009796120453380016,0.009796120453380016,0.01,2.447806986276264,554,141,13998,55999,0.009796120453380016,0.009972416719711436,True,max_tpr_with_empirical_fpr_le_target,0.001078634201545453,0.001078634201545453,0.001,7.003592820012325,61,14,14125,56492,0.001078634201545453,0.000990169035999717,True,max_tpr_with_empirical_fpr_le_target,32,True,False,1.768917120554833,1.7793329609102597,0.6757903670698069,DIABETES,RF,dp,0.1,18
0.4960870212837794,0.0006540021572984944,56553,14139,0.09905752126323979,0.09905752126323979,0.1,0.07248047246420053,5602,1413,12726,50951,0.09905752126323979,0.09993634627625717,True,max_tpr_with_empirical_fpr_le_target,0.009743072869697451,0.009743072869697451,0.01,2.9166473820089114,551,141,13998,56002,0.009743072869697451,0.009972416719711436,True,max_tpr_with_empirical_fpr_le_target,0.0007249836436616978,0.0007249836436616978,0.001,10.056740061430384,41,13,14126,56512,0.0007249836436616978,0.0009194426762854516,True,max_tpr_with_empirical_fpr_le_target,32,True,False,1.588271816398258,1.5829943031837854,0.6757903670698069,DIABETES,RF,dp,0.1,19
0.5006949549869486,0.007485618482656095,56553,14139,0.10551164394461832,0.10551164394461832,0.1,0.07388698907633073,5967,1413,12726,50586,0.10551164394461832,0.09993634627625717,True,max_tpr_with_empirical_fpr_le_target,0.011864976216999982,0.011864976216999982,0.01,2.188438800669191,671,141,13998,55882,0.011864976216999982,0.009972416719711436,True,max_tpr_with_empirical_fpr_le_target,0.0009548565062861387,0.0009548565062861387,0.001,7.445154663829252,54,14,14125,56499,0.0009548565062861387,0.000990169035999717,True,max_tpr_with_empirical_fpr_le_target,32,True,False,1.7840405851137684,1.7845188203532671,0.6757903670698069,DIABETES,RF,dp,0.1,20
0.5004582975063294,0.004903492923569008,56553,14139,0.1003483457995155,0.1003483457995155,0.1,0.07463218774074898,5675,1412,12727,50878,0.1003483457995155,0.0998656199165429,True,max_tpr_with_empirical_fpr_le_target,0.011387547963856912,0.011387547963856912,0.01,2.319159811690195,644,141,13998,55909,0.011387547963856912,0.009972416719711436,True,max_tpr_with_empirical_fpr_le_target,0.0011316817852280161,0.0011316817852280161,0.001,8.61548731953779,64,14,14125,56489,0.0011316817852280161,0.000990169035999717,True,max_tpr_with_empirical_fpr_le_target,32,True,False,1.6283022306913046,1.6288772989612708,0.6757903670698069,DIABETES,RF,dp,0.1,21
0.4990046321332162,0.004021388782739388,56553,14139,0.09946421940480611,0.09946421940480611,0.1,0.07212726764789723,5625,1408,12731,50928,0.09946421940480611,0.09958271447768584,True,max_tpr_with_empirical_fpr_le_target,0.010291231234417272,0.010291231234417272,0.01,2.6051335566215856,582,141,13998,55971,0.010291231234417272,0.009972416719711436,True,max_tpr_with_empirical_fpr_le_target,0.0010432691457570775,0.0010432691457570775,0.001,7.571218583002019,59,14,14125,56494,0.0010432691457570775,0.000990169035999717,True,max_tpr_with_empirical_fpr_le_target,32,True,False,1.6873382196941629,1.6931776051894751,0.6757903670698069,DIABETES,RF,dp,0.1,22
0.5044232188827307,0.010620832353768983,56553,14139,0.10254097925839478,0.10254097925839478,0.1,0.0748892657128657,5799,1413,12726,50754,0.10254097925839478,0.09993634627625717,True,max_tpr_with_empirical_fpr_le_target,0.011299135324385975,0.011299135324385975,0.01,2.1700603222960186,639,141,13998,55914,0.011299135324385975,0.009972416719711436,True,max_tpr_with_empirical_fpr_le_target,0.001503014871005959,0.001503014871005959,0.001,6.32044406778388,85,14,14125,56468,0.001503014871005959,0.000990169035999717,True,max_tpr_with_empirical_fpr_le_target,32,True,False,1.8112811436140903,1.813974304038518,0.6757903670698069,DIABETES,RF,dp,0.1,23
0.5004978021170602,0.004378449783622396,56553,14139,0.10050748855056318,0.10050748855056318,0.1,0.07685404093296078,5684,1413,12726,50869,0.10050748855056318,0.09993634627625717,True,max_tpr_with_empirical_fpr_le_target,0.01156437324279879,0.01156437324279879,0.01,2.3529829908359012,654,141,13998,55899,0.01156437324279879,0.009972416719711436,True,max_tpr_with_empirical_fpr_le_target,0.0013085070641698938,0.0013085070641698938,0.001,6.927472231306892,74,14,14125,56479,0.0013085070641698938,0.000990169035999717,True,max_tpr_with_empirical_fpr_le_target,32,True,False,1.765824873814545,1.7693756196926778,0.6757903670698069,DIABETES,RF,dp,0.1,24
0.5012151369637348,0.0073224574868864245,56553,14139,0.10165685286368539,0.10165685286368539,0.1,0.08044832796347445,5749,1412,12727,50804,0.10165685286368539,0.0998656199165429,True,max_tpr_with_empirical_fpr_le_target,0.009743072869697451,0.009743072869697451,0.01,2.7652122711254954,551,141,13998,56002,0.009743072869697451,0.009972416719711436,True,max_tpr_with_empirical_fpr_le_target,0.0008487613389210122,0.0008487613389210122,0.001,8.243598535960523,48,14,14125,56505,0.0008487613389210122,0.000990169035999717,True,max_tpr_with_empirical_fpr_le_target,32,True,False,1.7160018327608917,1.7217040788169402,0.6757903670698069,DIABETES,RF,dp,0.1,25
0.4996134875039161,0.0041332993369569415,56553,14139,0.09987091754637242,0.09987091754637242,0.1,0.07565739883749112,5648,1413,12726,50905,0.09987091754637242,0.09993634627625717,True,max_tpr_with_empirical_fpr_le_target,0.009194914504977631,0.009194914504977631,0.01,2.6214721963914958,520,140,13999,56033,0.009194914504977631,0.00990169035999717,True,max_tpr_with_empirical_fpr_le_target,0.0006188884762965714,0.0006188884762965714,0.001,9.210538327588687,35,14,14125,56518,0.0006188884762965714,0.000990169035999717,True,max_tpr_with_empirical_fpr_le_target,32,True,False,1.6480261291718346,1.6505746532920391,0.6757903670698069,DIABETES,RF,dp,0.1,26
0.5023184709266432,0.008189786793248222,56553,14139,0.10008310788110268,0.10008310788110268,0.1,0.08004936547063579,5660,1413,12726,50893,0.10008310788110268,0.09993634627625717,True,max_tpr_with_empirical_fpr_le_target,0.010998532350184782,0.010998532350184782,0.01,2.4353924138082435,622,141,13998,55931,0.010998532350184782,0.009972416719711436,True,max_tpr_with_empirical_fpr_le_target,0.0015206973989001467,0.0015206973989001467,0.001,6.344623736259544,86,14,14125,56467,0.0015206973989001467,0.000990169035999717,True,max_tpr_with_empirical_fpr_le_target,32,True,False,1.813723651472798,1.8183891482104644,0.6757903670698069,DIABETES,RF,dp,0.1,27
0.5006162240286214,0.0046775895314542515,56553,14139,0.10262939189786571,0.10262939189786571,0.1,0.0869729583895329,5804,1413,12726,50749,0.10262939189786571,0.09993634627625717,True,max_tpr_with_empirical_fpr_le_target,0.009778437925485828,0.009778437925485828,0.01,2.380745072264073,553,141,13998,56000,0.009778437925485828,0.009972416719711436,True,max_tpr_with_empirical_fpr_le_target,0.0010963167294396406,0.0010963167294396406,0.001,6.434842143033561,62,14,14125,56491,0.0010963167294396406,0.000990169035999717,True,max_tpr_with_empirical_fpr_le_target,32,True,False,1.8448334183446538,1.8561284660557273,0.6757903670698069,DIABETES,RF,dp,0.1,28
0.49928034462637816,0.005706248924692736,56553,14139,0.09824412498010715,0.09824412498010715,0.1,0.08957535070307787,5556,1412,12727,50997,0.09824412498010715,0.0998656199165429,True,max_tpr_with_empirical_fpr_le_target,0.010503421569147525,0.010503421569147525,0.01,2.262542935386307,594,141,13998,55959,0.010503421569147525,0.009972416719711436,True,max_tpr_with_empirical_fpr_le_target,0.0009902215620745142,0.0009902215620745142,0.001,7.075063936800026,56,14,14125,56497,0.0009902215620745142,0.000990169035999717,True,max_tpr_with_empirical_fpr_le_target,32,True,False,1.7720176737049662,1.7781035567710917,0.6757903670698069,DIABETES,RF,dp,0.1,29
0.49625027420018,0.004213525412484556,56553,14139,0.1028062171768076,0.1028062171768076,0.1,0.06638728750135181,5814,1413,12726,50739,0.1028062171768076,0.09993634627625717,True,max_tpr_with_empirical_fpr_le_target,0.009477834951284635,0.009477834951284635,0.01,2.9000460647530324,536,141,13998,56017,0.009477834951284635,0.009972416719711436,True,max_tpr_with_empirical_fpr_le_target,0.0007073011157675101,0.0007073011157675101,0.001,8.24814014316657,40,14,14125,56513,0.0007073011157675101,0.000990169035999717,True,max_tpr_with_empirical_fpr_le_target,32,True,False,1.7436247894846126,1.7367323955432294,0.6863285946672325,DIABETES,RF,dp,0.2,0
0.4970101582939922,0.0020957566176410536,56553,14139,0.09949958446059448,0.09949958446059448,0.1,0.08609333656137674,5627,1410,12729,50926,0.09949958446059448,0.09972416719711437,True,max_tpr_with_empirical_fpr_le_target,0.010804024543348717,0.010804024543348717,0.01,2.4819635189324174,611,141,13998,55942,0.010804024543348717,0.009972416719711436,True,max_tpr_with_empirical_fpr_le_target,0.0010432691457570775,0.0010432691457570775,0.001,7.027185060301305,59,14,14125,56494,0.0010432691457570775,0.000990169035999717,True,max_tpr_with_empirical_fpr_le_target,32,True,False,1.8460205254963389,1.8517815494924095,0.6863285946672325,DIABETES,RF,dp,0.2,1
0.5043182680334237,0.008019621070218114,56553,14139,0.10384948632256467,0.10384948632256467,0.1,0.0719800461142519,5873,1413,12726,50680,0.10384948632256467,0.09993634627625717,True,max_tpr_with_empirical_fpr_le_target,0.010061358371792832,0.010061358371792832,0.01,2.5366062292205536,569,141,13998,55984,0.010061358371792832,0.009972416719711436,True,max_tpr_with_empirical_fpr_le_target,0.0011847293689105794,0.0011847293689105794,0.001,6.651593549408863,67,14,14125,56486,0.0011847293689105794,0.000990169035999717,True,max_tpr_with_empirical_fpr_le_target,32,True,False,1.8572961025662875,1.8531109045134977,0.6863285946672325,DIABETES,RF,dp,0.2,2
0.49613679786868503,0.0021930761786525723,56553,14139,0.09812034728484784,0.09812034728484784,0.1,0.08341940684483906,5549,1413,12726,51004,0.09812034728484784,0.09993634627625717,True,max_tpr_with_empirical_fpr_le_target,0.011582055770692979,0.011582055770692979,0.01,2.3355921921260308,655,141,13998,55898,0.011582055770692979,0.009972416719711436,True,max_tpr_with_empirical_fpr_le_target,0.0010963167294396406,0.0010963167294396406,0.001,6.87238193783498,62,14,14125,56491,0.0010963167294396406,0.000990169035999717,True,max_tpr_with_empirical_fpr_le_target,32,True,False,1.8234912725048584,1.8221793083718767,0.6863285946672325,DIABETES,RF,dp,0.2,3
0.49804381454275104,0.004187975228958196,56553,14139,0.09907520379113398,0.09907520379113398,0.1,0.07724113919692677,5603,1413,12726,50950,0.09907520379113398,0.09993634627625717,True,max_tpr_with_empirical_fpr_le_target,0.01030891376231146,0.01030891376231146,0.01,2.388957508297022,583,141,13998,55970,0.01030891376231146,0.009972416719711436,True,max_tpr_with_empirical_fpr_le_target,0.0009902215620745142,0.0009902215620745142,0.001,7.089057451006971,56,14,14125,56497,0.0009902215620745142,0.000990169035999717,True,max_tpr_with_empirical_fpr_le_target,32,True,False,1.804255814889561,1.8049961878691965,0.6863285946672325,DIABETES,RF,dp,0.2,4
0.5020252103473261,0.005513200592363543,56553,14139,0.10227574133998196,0.10227574133998196,0.1,0.07899947815313269,5784,1413,12726,50769,0.10227574133998196,0.09993634627625717,True,max_tpr_with_empirical_fpr_le_target,0.010326596290205648,0.010326596290205648,0.01,2.443694684377813,584,141,13998,55969,0.010326596290205648,0.009972416719711436,True,max_tpr_with_empirical_fpr_le_target,0.0009018089226035754,0.0009018089226035754,0.001,6.912441417499807,51,11,14128,56502,0.0009018089226035754,0.0007779899568569206,True,max_tpr_with_empirical_fpr_le_target,32,True,False,1.8534300323332957,1.852103117263496,0.6863285946672325,DIABETES,RF,dp,0.2,5
0.4984992199884146,0.0025561326557874686,56553,14139,0.09820875992431878,0.09820875992431878,0.1,0.08948528972406367,5554,1413,12726,50999,0.09820875992431878,0.09993634627625717,True,max_tpr_with_empirical_fpr_le_target,0.010043675843898644,0.010043675843898644,0.01,2.407642764656878,568,141,13998,55985,0.010043675843898644,0.009972416719711436,True,max_tpr_with_empirical_fpr_le_target,0.0019273955404664651,0.0019273955404664651,0.001,5.571167855175956,109,14,14125,56444,0.0019273955404664651,0.000990169035999717,True,max_tpr_with_empirical_fpr_le_target,32,True,False,1.8859810518180609,1.8780552608693741,0.6863285946672325,DIABETES,RF,dp,0.2,6
0.4984035568746904,0.004852077400067656,56553,14139,0.10123247219422489,0.10123247219422489,0.1,0.08328705360066291,5725,1411,12728,50828,0.10123247219422489,0.09979489355682863,True,max_tpr_with_empirical_fpr_le_target,0.010273548706523085,0.010273548706523085,0.01,2.3058900618279994,581,141,13998,55972,0.010273548706523085,0.009972416719711436,True,max_tpr_with_empirical_fpr_le_target,0.0009018089226035754,0.0009018089226035754,0.001,6.923886111116466,51,14,14125,56502,0.0009018089226035754,0.000990169035999717,True,max_tpr_with_empirical_fpr_le_target,32,True,False,1.8540976333563421,1.8602468375485677,0.6863285946672325,DIABETES,RF,dp,0.2,7
0.49738345422916047,0.0014259741267286241,56553,14139,0.0984739978427316,0.0984739978427316,0.1,0.09016854396588725,5569,1413,12726,50984,0.0984739978427316,0.09993634627625717,True,max_tpr_with_empirical_fpr_le_target,0.010715611903877778,0.010715611903877778,0.01,2.2641877497333986,606,140,13999,55947,0.010715611903877778,0.00990169035999717,True,max_tpr_with_empirical_fpr_le_target,0.0009194914504977632,0.0009194914504977632,0.001,6.469555847629623,52,14,14125,56501,0.0009194914504977632,0.000990169035999717,True,max_tpr_with_empirical_fpr_le_target,32,True,False,1.9307104269256874,1.9188926405376532,0.6863285946672325,DIABETES,RF,dp,0.2,8
0.49894784081608345,0.0029760486088902804,56553,14139,0.0988983785121921,0.0988983785121921,0.1,0.10710482118000941,5593,1413,12726,50960,0.0988983785121921,0.09993634627625717,True,max_tpr_with_empirical_fpr_le_target,0.009301009672342759,0.009301009672342759,0.01,2.5096603950833676,526,141,13998,56027,0.009301009672342759,0.009972416719711436,True,max_tpr_with_empirical_fpr_le_target,0.0005658408926140081,0.0005658408926140081,0.001,6.515688717023108,32,14,14125,56521,0.0005658408926140081,0.000990169035999717,True,max_tpr_with_empirical_fpr_le_target,32,True,False,1.9995009406590891,2.0031559579182976,0.6863285946672325,DIABETES,RF,dp,0.2,9
0.4969298159107276,0.0030600903285655685,56553,14139,0.09935812423744099,0.09935812423744099,0.1,0.07447769309794428,5619,1412,12727,50934,0.09935812423744099,0.0998656199165429,True,max_tpr_with_empirical_fpr_le_target,0.01195338885647092,0.01195338885647092,0.01,2.250516376001019,676,141,13998,55877,0.01195338885647092,0.009972416719711436,True,max_tpr_with_empirical_fpr_le_target,0.001432284759429208,0.001432284759429208,0.001,6.596727530000717,81,13,14126,56472,0.001432284759429208,0.0009194426762854516,True,max_tpr_with_empirical_fpr_le_target,32,True,False,1.847922885861407,1.8455538010166634,0.6863285946672325,DIABETES,RF,dp,0.2,10
0.5001649406292087,0.006908251868486537,56553,14139,0.10041907591109225,0.10041907591109225,0.1,0.08155061584403511,5679,1413,12726,50874,0.10041907591109225,0.09993634627625717,True,max_tpr_with_empirical_fpr_le_target,0.010379643873888211,0.010379643873888211,0.01,2.4510761734397732,587,141,13998,55966,0.010379643873888211,0.009972416719711436,True,max_tpr_with_empirical_fpr_le_target,0.001078634201545453,0.001078634201545453,0.001,6.841856374487487,61,14,14125,56492,0.001078634201545453,0.000990169035999717,True,max_tpr_with_empirical_fpr_le_target,32,True,False,1.8107087545465854,1.8141650013662152,0.6863285946672325,DIABETES,RF,dp,0.2,11
0.4955990615526395,0.0016594187624392465,56553,14139,0.09879228334482698,0.09879228334482698,0.1,0.08036068479945624,5587,1413,12726,50966,0.09879228334482698,0.09993634627625717,True,max_tpr_with_empirical_fpr_le_target,0.009707707813909077,0.009707707813909077,0.01,2.4184668084846455,549,141,13998,56004,0.009707707813909077,0.009972416719711436,True,max_tpr_with_empirical_fpr_le_target,0.0012554594804873305,0.0012554594804873305,0.001,7.115000479256441,71,13,14126,56482,0.0012554594804873305,0.0009194426762854516,True,max_tpr_with_empirical_fpr_le_target,32,True,False,1.8188031134921598,1.8257241605014818,0.6863285946672325,DIABETES,RF,dp,0.2,12
0.4955667029893228,0.0008488176168582947,56553,14139,0.09980018743479568,0.09980018743479568,0.1,0.07803992648936964,5644,1413,12726,50909,0.09980018743479568,0.09993634627625717,True,max_tpr_with_empirical_fpr_le_target,0.009796120453380016,0.009796120453380016,0.01,2.5663432449559513,554,141,13998,55999,0.009796120453380016,0.009972416719711436,True,max_tpr_with_empirical_fpr_le_target,0.0018389829009955263,0.0018389829009955263,0.001,6.2944994488251655,104,14,14125,56449,0.0018389829009955263,0.000990169035999717,True,max_tpr_with_empirical_fpr_le_target,32,True,False,1.7930732666136537,1.7969535868750641,0.6863285946672325,DIABETES,RF,dp,0.2,13
0.49884499351101,0.0035970456319036614,56553,14139,0.10114405955475395,0.10114405955475395,0.1,0.08272370625699255,5720,1413,12726,50833,0.10114405955475395,0.09993634627625717,True,max_tpr_with_empirical_fpr_le_target,0.012059484023836048,0.012059484023836048,0.01,2.2015279834117933,682,140,13999,55871,0.012059484023836048,0.00990169035999717,True,max_tpr_with_empirical_fpr_le_target,0.0013969197036408324,0.0013969197036408324,0.001,6.53508602861831,79,14,14125,56474,0.0013969197036408324,0.000990169035999717,True,max_tpr_with_empirical_fpr_le_target,32,True,False,1.857631986952103,1.8634152689324472,0.6863285946672325,DIABETES,RF,dp,0.2,14
0.502810189398683,0.007450842469277963,56553,14139,0.10317755026258554,0.10317755026258554,0.1,0.08556312926428467,5835,1412,12727,50718,0.10317755026258554,0.0998656199165429,True,max_tpr_with_empirical_fpr_le_target,0.009849168037062579,0.009849168037062579,0.01,2.386502020662741,557,141,13998,55996,0.009849168037062579,0.009972416719711436,True,max_tpr_with_empirical_fpr_le_target,0.001078634201545453,0.001078634201545453,0.001,5.920760189459194,61,14,14125,56492,0.001078634201545453,0.000990169035999717,True,max_tpr_with_empirical_fpr_le_target,32,True,False,1.952469852298238,1.964716807007045,0.6863285946672325,DIABETES,RF,dp,0.2,15
0.49969429261688725,0.005498016804884709,56553,14139,0.10089650416423532,0.10089650416423532,0.1,0.08088099924359171,5706,1413,12726,50847,0.10089650416423532,0.09993634627625717,True,max_tpr_with_empirical_fpr_le_target,0.00991989814863933,0.00991989814863933,0.01,2.5493488085734994,561,141,13998,55992,0.00991989814863933,0.009972416719711436,True,max_tpr_with_empirical_fpr_le_target,0.0011493643131222039,0.0011493643131222039,0.001,6.712588779677371,65,14,14125,56488,0.0011493643131222039,0.000990169035999717,True,max_tpr_with_empirical_fpr_le_target,32,True,False,1.9270166041253907,1.9190743872585405,0.6863285946672325,DIABETES,RF,dp,0.2,16
0.5003216327887429,0.005565501555411578,56553,14139,0.10068431382950506,0.10068431382950506,0.1,0.07605468417511241,5694,1413,12726,50859,0.10068431382950506,0.09993634627625717,True,max_tpr_with_empirical_fpr_le_target,0.009354057256025321,0.009354057256025321,0.01,2.5772824454522603,529,141,13998,56024,0.009354057256025321,0.009972416719711436,True,max_tpr_with_empirical_fpr_le_target,0.0013085070641698938,0.0013085070641698938,0.001,6.197783701883228,74,14,14125,56479,0.0013085070641698938,0.000990169035999717,True,max_tpr_with_empirical_fpr_le_target,32,True,False,1.8679711071369403,1.8657099625887956,0.6863285946672325,DIABETES,RF,dp,0.2,17
0.49782203444750783,0.002534762047070052,56553,14139,0.100772726468976,0.100772726468976,0.1,0.0831761674927014,5699,1412,12727,50854,0.100772726468976,0.0998656199165429,True,max_tpr_with_empirical_fpr_le_target,0.009583930118649763,0.009583930118649763,0.01,2.520978990327041,542,141,13998,56011,0.009583930118649763,0.009972416719711436,True,max_tpr_with_empirical_fpr_le_target,0.0007957137552384489,0.0007957137552384489,0.001,7.242216154495475,45,14,14125,56508,0.0007957137552384489,0.000990169035999717,True,max_tpr_with_empirical_fpr_le_target,32,True,False,1.8369381980040127,1.8466045043283696,0.6863285946672325,DIABETES,RF,dp,0.2,18
0.5009755699137581,0.00710271840483534,56553,14139,0.10123247219422489,0.10123247219422489,0.1,0.07024404318601452,5725,1413,12726,50828,0.10123247219422489,0.09993634627625717,True,max_tpr_with_empirical_fpr_le_target,0.010485739041253338,0.010485739041253338,0.01,2.7829330706858197,593,140,13999,55960,0.010485739041253338,0.00990169035999717,True,max_tpr_with_empirical_fpr_le_target,0.0007426661715558856,0.0007426661715558856,0.001,8.5628172505835,42,14,14125,56511,0.0007426661715558856,0.000990169035999717,True,max_tpr_with_empirical_fpr_le_target,32,True,False,1.6966795343216003,1.6936512867348688,0.6863285946672325,DIABETES,RF,dp,0.2,19
0.5037845412077543,0.010081584662452181,56553,14139,0.10439764468728449,0.10439764468728449,0.1,0.08360328873494405,5904,1413,12726,50649,0.10439764468728449,0.09993634627625717,True,max_tpr_with_empirical_fpr_le_target,0.011228405212809224,0.011228405212809224,0.01,2.3774432050069834,635,141,13998,55918,0.011228405212809224,0.009972416719711436,True,max_tpr_with_empirical_fpr_le_target,0.0012024118968047672,0.0012024118968047672,0.001,6.1311454715951434,68,14,14125,56485,0.0012024118968047672,0.000990169035999717,True,max_tpr_with_empirical_fpr_le_target,32,True,False,1.901215132013433,1.8995388910648459,0.6863285946672325,DIABETES,RF,dp,0.2,20
0.49804588181898046,0.002640256916437489,56553,14139,0.10107332944317719,0.10107332944317719,0.1,0.07185303311727109,5716,1413,12726,50837,0.10107332944317719,0.09993634627625717,True,max_tpr_with_empirical_fpr_le_target,0.0096723427581207,0.0096723427581207,0.01,2.4982763217890342,547,140,13999,56006,0.0096723427581207,0.00990169035999717,True,max_tpr_with_empirical_fpr_le_target,0.0012377769525931427,0.0012377769525931427,0.001,7.23529938144263,70,14,14125,56483,0.0012377769525931427,0.000990169035999717,True,max_tpr_with_empirical_fpr_le_target,32,True,False,1.7615242923935528,1.7612030854782885,0.6863285946672325,DIABETES,RF,dp,0.2,21
0.5004834437393282,0.006307267279970885,56553,14139,0.1006312662458225,0.1006312662458225,0.1,0.06898315638894048,5691,1413,12726,50862,0.1006312662458225,0.09993634627625717,True,max_tpr_with_empirical_fpr_le_target,0.011758881049634856,0.011758881049634856,0.01,2.413320595144328,665,141,13998,55888,0.011758881049634856,0.009972416719711436,True,max_tpr_with_empirical_fpr_le_target,0.0015206973989001467,0.0015206973989001467,0.001,6.49830686085256,86,14,14125,56467,0.0015206973989001467,0.000990169035999717,True,max_tpr_with_empirical_fpr_le_target,32,True,False,1.8263803141755097,1.8251589109368163,0.6863285946672325,DIABETES,RF,dp,0.2,22
0.5012103589668595,0.007581804981196982,56553,14139,0.09812034728484784,0.09812034728484784,0.1,0.07679175436074281,5549,1413,12726,51004,0.09812034728484784,0.09993634627625717,True,max_tpr_with_empirical_fpr_le_target,0.011139992573338284,0.011139992573338284,0.01,2.3264826309739224,630,141,13998,55923,0.011139992573338284,0.009972416719711436,True,max_tpr_with_empirical_fpr_le_target,0.001715205205736212,0.001715205205736212,0.001,5.835368113353599,97,14,14125,56456,0.001715205205736212,0.000990169035999717,True,max_tpr_with_empirical_fpr_le_target,32,True,False,1.8533457292986588,1.8516621491882135,0.6863285946672325,DIABETES,RF,dp,0.2,23
0.49960846063349595,0.005709756916116693,56553,14139,0.09939348929322936,0.09939348929322936,0.1,0.08322605399692229,5621,1413,12726,50932,0.09939348929322936,0.09993634627625717,True,max_tpr_with_empirical_fpr_le_target,0.010892437182819657,0.010892437182819657,0.01,2.3853493364532863,616,141,13998,55937,0.010892437182819657,0.009972416719711436,True,max_tpr_with_empirical_fpr_le_target,0.0014676498152175834,0.0014676498152175834,0.001,6.205437666213559,83,14,14125,56470,0.0014676498152175834,0.000990169035999717,True,max_tpr_with_empirical_fpr_le_target,32,True,False,1.8161290968626733,1.8178013699647353,0.6863285946672325,DIABETES,RF,dp,0.2,24
0.5001727613865597,0.004583053852406871,56553,14139,0.10091418669212951,0.10091418669212951,0.1,0.07663965145821372,5707,1413,12726,50846,0.10091418669212951,0.09993634627625717,True,max_tpr_with_empirical_fpr_le_target,0.009513200007073012,0.009513200007073012,0.01,2.7143581597726545,538,141,13998,56015,0.009513200007073012,0.009972416719711436,True,max_tpr_with_empirical_fpr_le_target,0.0010963167294396406,0.0010963167294396406,0.001,6.9304816780203335,62,13,14126,56491,0.0010963167294396406,0.0009194426762854516,True,max_tpr_with_empirical_fpr_le_target,32,True,False,1.8000847839734178,1.8044597086105374,0.6863285946672325,DIABETES,RF,dp,0.2,25
0.5024822384735146,0.010215694986996593,56553,14139,0.10155075769632027,0.10155075769632027,0.1,0.06689123191683444,5743,1412,12727,50810,0.10155075769632027,0.0998656199165429,True,max_tpr_with_empirical_fpr_le_target,0.011210722684915035,0.011210722684915035,0.01,2.445592423137044,634,141,13998,55919,0.011210722684915035,0.009972416719711436,True,max_tpr_with_empirical_fpr_le_target,0.0011316817852280161,0.0011316817852280161,0.001,7.612306302229446,64,14,14125,56489,0.0011316817852280161,0.000990169035999717,True,max_tpr_with_empirical_fpr_le_target,32,True,False,1.7506740989843543,1.7477027134768595,0.6863285946672325,DIABETES,RF,dp,0.2,26
0.501685318494487,0.005852016285979644,56553,14139,0.10103796438738882,0.10103796438738882,0.1,0.08572593029961828,5714,1413,12726,50839,0.10103796438738882,0.09993634627625717,True,max_tpr_with_empirical_fpr_le_target,0.011758881049634856,0.011758881049634856,0.01,2.2626618472562727,665,141,13998,55888,0.011758881049634856,0.009972416719711436,True,max_tpr_with_empirical_fpr_le_target,0.0019097130125722774,0.0019097130125722774,0.001,5.381896882131983,108,14,14125,56445,0.0019097130125722774,0.000990169035999717,True,max_tpr_with_empirical_fpr_le_target,32,True,False,1.9500520311929386,1.9561565764642588,0.6863285946672325,DIABETES,RF,dp,0.2,27
0.4965865129895789,0.0018961537815496698,56553,14139,0.09953494951638286,0.09953494951638286,0.1,0.10008301355009874,5629,1413,12726,50924,0.09953494951638286,0.09993634627625717,True,max_tpr_with_empirical_fpr_le_target,0.010185136067052146,0.010185136067052146,0.01,2.454157203623957,576,141,13998,55977,0.010185136067052146,0.009972416719711436,True,max_tpr_with_empirical_fpr_le_target,0.0011670468410163917,0.0011670468410163917,0.001,6.4186924306794655,66,14,14125,56487,0.0011670468410163917,0.000990169035999717,True,max_tpr_with_empirical_fpr_le_target,32,True,False,1.9246078697221427,1.9344091479026868,0.6863285946672325,DIABETES,RF,dp,0.2,28
0.49947758503972445,0.0035131014606529787,56553,14139,0.10017152052057363,0.10017152052057363,0.1,0.08596641907768343,5665,1413,12726,50888,0.10017152052057363,0.09993634627625717,True,max_tpr_with_empirical_fpr_le_target,0.009424787367602072,0.009424787367602072,0.01,2.497477693934959,533,141,13998,56020,0.009424787367602072,0.009972416719711436,True,max_tpr_with_empirical_fpr_le_target,0.0010432691457570775,0.0010432691457570775,0.001,6.485275366833749,59,14,14125,56494,0.0010432691457570775,0.000990169035999717,True,max_tpr_with_empirical_fpr_le_target,32,True,False,1.8202798729977179,1.8264653172244474,0.6863285946672325,DIABETES,RF,dp,0.2,29
0.49527367627610075,0.0023395789049865945,56553,14139,0.1016391703357912,0.1016391703357912,0.1,0.07166205613598087,5748,1412,12727,50805,0.1016391703357912,0.0998656199165429,True,max_tpr_with_empirical_fpr_le_target,0.008858946474988064,0.008858946474988064,0.01,2.9132441731604755,501,140,13999,56052,0.008858946474988064,0.00990169035999717,True,max_tpr_with_empirical_fpr_le_target,0.0009371739783919509,0.0009371739783919509,0.001,7.451849765860759,53,14,14125,56500,0.0009371739783919509,0.000990169035999717,True,max_tpr_with_empirical_fpr_le_target,32,True,False,1.7914461058644504,1.788716135727196,0.687813848221232,DIABETES,RF,dp,0.4,0
0.497510778059779,0.00189603372195013,56553,14139,0.10137393241737838,0.10137393241737838,0.1,0.084925346055861,5733,1413,12726,50820,0.10137393241737838,0.09993634627625717,True,max_tpr_with_empirical_fpr_le_target,0.00976075539759164,0.00976075539759164,0.01,2.5589104045408746,552,141,13998,56001,0.00976075539759164,0.009972416719711436,True,max_tpr_with_empirical_fpr_le_target,0.0008133962831326367,0.0008133962831326367,0.001,6.611519124179843,46,12,14127,56507,0.0008133962831326367,0.000848716316571186,True,max_tpr_with_empirical_fpr_le_target,32,True,False,1.8788370419869234,1.8845210347975863,0.687813848221232,DIABETES,RF,dp,0.4,1
0.5070836783280318,0.013331031490661227,56553,14139,0.10376107368309373,0.10376107368309373,0.1,0.0753403934431256,5868,1413,12726,50685,0.10376107368309373,0.09993634627625717,True,max_tpr_with_empirical_fpr_le_target,0.009743072869697451,0.009743072869697451,0.01,2.488893969667453,551,140,13999,56002,0.009743072869697451,0.00990169035999717,True,max_tpr_with_empirical_fpr_le_target,0.001361554647852457,0.001361554647852457,0.001,6.150226567125172,77,14,14125,56476,0.001361554647852457,0.000990169035999717,True,max_tpr_with_empirical_fpr_le_target,32,True,False,1.9081295816201769,1.9010304462113765,0.687813848221232,DIABETES,RF,dp,0.4,2
0.496007242305198,0.0016095640137318307,56553,14139,0.09594539635386275,0.09594539635386275,0.1,0.09307417803379181,5426,1413,12726,51127,0.09594539635386275,0.09993634627625717,True,max_tpr_with_empirical_fpr_le_target,0.011529008187010414,0.011529008187010414,0.01,2.27218180025595,652,141,13998,55901,0.011529008187010414,0.009972416719711436,True,max_tpr_with_empirical_fpr_le_target,0.00157374498258271,0.00157374498258271,0.001,5.847977726922616,89,14,14125,56464,0.00157374498258271,0.000990169035999717,True,max_tpr_with_empirical_fpr_le_target,32,True,False,1.869080385027879,1.8695716559570068,0.687813848221232,DIABETES,RF,dp,0.4,3
0.49838063487083517,0.004599689610667701,56553,14139,0.09928739412586424,0.09928739412586424,0.1,0.07760423763701008,5615,1413,12726,50938,0.09928739412586424,0.09993634627625717,True,max_tpr_with_empirical_fpr_le_target,0.008469930861315934,0.008469930861315934,0.01,2.5772973408201327,479,141,13998,56074,0.008469930861315934,0.009972416719711436,True,max_tpr_with_empirical_fpr_le_target,0.0007073011157675101,0.0007073011157675101,0.001,7.157377929306986,40,13,14126,56513,0.0007073011157675101,0.0009194426762854516,True,max_tpr_with_empirical_fpr_le_target,32,True,False,1.8458997982915033,1.8462790040623807,0.687813848221232,DIABETES,RF,dp,0.4,4
0.5017318991178655,0.0068168865132396395,56553,14139,0.10245256661892384,0.10245256661892384,0.1,0.08076493511020622,5794,1413,12726,50759,0.10245256661892384,0.09993634627625717,True,max_tpr_with_empirical_fpr_le_target,0.009530882534967198,0.009530882534967198,0.01,2.604509634018565,539,141,13998,56014,0.009530882534967198,0.009972416719711436,True,max_tpr_with_empirical_fpr_le_target,0.0009018089226035754,0.0009018089226035754,0.001,7.149514617075695,51,14,14125,56502,0.0009018089226035754,0.000990169035999717,True,max_tpr_with_empirical_fpr_le_target,32,True,False,1.8398328977003477,1.8419157787683482,0.687813848221232,DIABETES,RF,dp,0.4,5
0.49682438732426404,0.001829832108393381,56553,14139,0.09792583947801177,0.09792583947801177,0.1,0.09649850799255999,5538,1413,12726,51015,0.09792583947801177,0.09993634627625717,True,max_tpr_with_empirical_fpr_le_target,0.009690025286014889,0.009690025286014889,0.01,2.4682915955118254,548,141,13998,56005,0.009690025286014889,0.009972416719711436,True,max_tpr_with_empirical_fpr_le_target,0.0012024118968047672,0.0012024118968047672,0.001,6.098165711669006,68,14,14125,56485,0.0012024118968047672,0.000990169035999717,True,max_tpr_with_empirical_fpr_le_target,32,True,False,1.9459611008736037,1.9419225357118555,0.687813848221232,DIABETES,RF,dp,0.4,6
0.49945059038914125,0.0037123216067708187,56553,14139,0.10004774282531431,0.10004774282531431,0.1,0.08265825055889775,5658,1413,12726,50895,0.10004774282531431,0.09993634627625717,True,max_tpr_with_empirical_fpr_le_target,0.009796120453380016,0.009796120453380016,0.01,2.4140666772723343,554,141,13998,55999,0.009796120453380016,0.009972416719711436,True,max_tpr_with_empirical_fpr_le_target,0.0014499672873233957,0.0014499672873233957,0.001,6.289844675279167,82,14,14125,56471,0.0014499672873233957,0.000990169035999717,True,max_tpr_with_empirical_fpr_le_target,32,True,False,1.8669930471797023,1.8695300574690172,0.687813848221232,DIABETES,RF,dp,0.4,7
0.4969123065938182,0.0013903351849787748,56553,14139,0.09840326773115485,0.09840326773115485,0.1,0.09240530949528392,5565,1413,12726,50988,0.09840326773115485,0.09993634627625717,True,max_tpr_with_empirical_fpr_le_target,0.010079040899687019,0.010079040899687019,0.01,2.3698501140059824,570,140,13999,55983,0.010079040899687019,0.00990169035999717,True,max_tpr_with_empirical_fpr_le_target,0.0009725390341803265,0.0009725390341803265,0.001,5.969477227840107,55,14,14125,56498,0.0009725390341803265,0.000990169035999717,True,max_tpr_with_empirical_fpr_le_target,32,True,False,1.9515742044104276,1.9398417714460312,0.687813848221232,DIABETES,RF,dp,0.4,8
0.498333911051372,0.0037401754338632076,56553,14139,0.09957031457217123,0.09957031457217123,0.1,0.10803098371342701,5631,1410,12729,50922,0.09957031457217123,0.09972416719711437,True,max_tpr_with_empirical_fpr_le_target,0.010503421569147525,0.010503421569147525,0.01,2.2129108073069226,594,141,13998,55959,0.010503421569147525,0.009972416719711436,True,max_tpr_with_empirical_fpr_le_target,0.0011493643131222039,0.0011493643131222039,0.001,5.59085831731594,65,14,14125,56488,0.0011493643131222039,0.000990169035999717,True,max_tpr_with_empirical_fpr_le_target,32,True,False,2.0303317538622965,2.034308664212073,0.687813848221232,DIABETES,RF,dp,0.4,9
0.49677638537031404,0.0021588216741599067,56553,14139,0.10008310788110268,0.10008310788110268,0.1,0.08201745507463443,5660,1413,12726,50893,0.10008310788110268,0.09993634627625717,True,max_tpr_with_empirical_fpr_le_target,0.01149364313122204,0.01149364313122204,0.01,2.233653308099117,650,140,13999,55903,0.01149364313122204,0.00990169035999717,True,max_tpr_with_empirical_fpr_le_target,0.001503014871005959,0.001503014871005959,0.001,5.95121925426966,85,14,14125,56468,0.001503014871005959,0.000990169035999717,True,max_tpr_with_empirical_fpr_le_target,32,True,False,1.92169148531274,1.9175390879664407,0.687813848221232,DIABETES,RF,dp,0.4,10
0.5025128023959424,0.007985006386926785,56553,14139,0.10188672572630983,0.10188672572630983,0.1,0.0797204669731002,5762,1413,12726,50791,0.10188672572630983,0.09993634627625717,True,max_tpr_with_empirical_fpr_le_target,0.010238183650734709,0.010238183650734709,0.01,2.401871941527171,579,141,13998,55974,0.010238183650734709,0.009972416719711436,True,max_tpr_with_empirical_fpr_le_target,0.0007249836436616978,0.0007249836436616978,0.001,7.049846045801175,41,14,14125,56512,0.0007249836436616978,0.000990169035999717,True,max_tpr_with_empirical_fpr_le_target,32,True,False,1.8349327628272132,1.834683700386769,0.687813848221232,DIABETES,RF,dp,0.4,11
0.4971011365820928,0.001483302585507107,56553,14139,0.09843863278694322,0.09843863278694322,0.1,0.0858539263204201,5567,1413,12726,50986,0.09843863278694322,0.09993634627625717,True,max_tpr_with_empirical_fpr_le_target,0.009955263204427705,0.009955263204427705,0.01,2.2994341344025298,563,141,13998,55990,0.009955263204427705,0.009972416719711436,True,max_tpr_with_empirical_fpr_le_target,0.0007249836436616978,0.0007249836436616978,0.001,7.4539670425348845,41,14,14125,56512,0.0007249836436616978,0.000990169035999717,True,max_tpr_with_empirical_fpr_le_target,32,True,False,1.8403696093063042,1.8489671709025728,0.687813848221232,DIABETES,RF,dp,0.4,12
0.49483998973705534,0.0018082664028266915,56553,14139,0.10056053613424575,0.10056053613424575,0.1,0.08037936964054548,5687,1412,12727,50866,0.10056053613424575,0.0998656199165429,True,max_tpr_with_empirical_fpr_le_target,0.010043675843898644,0.010043675843898644,0.01,2.543634746720204,568,141,13998,55985,0.010043675843898644,0.009972416719711436,True,max_tpr_with_empirical_fpr_le_target,0.0011493643131222039,0.0011493643131222039,0.001,6.867591094946109,65,13,14126,56488,0.0011493643131222039,0.0009194426762854516,True,max_tpr_with_empirical_fpr_le_target,32,True,False,1.8330889865264002,1.8349960091715027,0.687813848221232,DIABETES,RF,dp,0.4,13
0.498665663863859,0.0036813499819529777,56553,14139,0.09997701271373756,0.09997701271373756,0.1,0.08911765855824871,5654,1412,12727,50899,0.09997701271373756,0.0998656199165429,True,max_tpr_with_empirical_fpr_le_target,0.011918023800682546,0.011918023800682546,0.01,2.1994182641867925,674,141,13998,55879,0.011918023800682546,0.009972416719711436,True,max_tpr_with_empirical_fpr_le_target,0.0010609516736512653,0.0010609516736512653,0.001,6.358977138575175,60,13,14126,56493,0.0010609516736512653,0.0009194426762854516,True,max_tpr_with_empirical_fpr_le_target,32,True,False,1.938569926903645,1.9419897701660507,0.687813848221232,DIABETES,RF,dp,0.4,14
0.5000602236459966,0.0048451927324068,56553,14139,0.1028062171768076,0.1028062171768076,0.1,0.0932758087190293,5814,1413,12726,50739,0.1028062171768076,0.09993634627625717,True,max_tpr_with_empirical_fpr_le_target,0.010680246848089403,0.010680246848089403,0.01,2.257465330954296,604,141,13998,55949,0.010680246848089403,0.009972416719711436,True,max_tpr_with_empirical_fpr_le_target,0.0009902215620745142,0.0009902215620745142,0.001,5.7472188294402855,56,14,14125,56497,0.0009902215620745142,0.000990169035999717,True,max_tpr_with_empirical_fpr_le_target,32,True,False,2.0218685132649283,2.0331592800264136,0.687813848221232,DIABETES,RF,dp,0.4,15
0.5018232557187667,0.005866168311274955,56553,14139,0.10239951903524128,0.10239951903524128,0.1,0.08010387641071737,5791,1413,12726,50762,0.10239951903524128,0.09993634627625717,True,max_tpr_with_empirical_fpr_le_target,0.010379643873888211,0.010379643873888211,0.01,2.559830374232467,587,141,13998,55966,0.010379643873888211,0.009972416719711436,True,max_tpr_with_empirical_fpr_le_target,0.0007780312273442611,0.0007780312273442611,0.001,7.281992026077896,44,14,14125,56509,0.0007780312273442611,0.000990169035999717,True,max_tpr_with_empirical_fpr_le_target,32,True,False,1.927996688334041,1.9234770012971358,0.687813848221232,DIABETES,RF,dp,0.4,16
0.5004655911270013,0.005017677106452956,56553,14139,0.09665269746963026,0.09665269746963026,0.1,0.08661914801076609,5466,1413,12726,51087,0.09665269746963026,0.09993634627625717,True,max_tpr_with_empirical_fpr_le_target,0.009318692200236945,0.009318692200236945,0.01,2.551830205851762,527,141,13998,56026,0.009318692200236945,0.009972416719711436,True,max_tpr_with_empirical_fpr_le_target,0.0012377769525931427,0.0012377769525931427,0.001,6.296599207656158,70,14,14125,56483,0.0012377769525931427,0.000990169035999717,True,max_tpr_with_empirical_fpr_le_target,32,True,False,1.8945138344297168,1.895299106746184,0.687813848221232,DIABETES,RF,dp,0.4,17
0.5006336952015956,0.00641120887826932,56553,14139,0.10425618446413099,0.10425618446413099,0.1,0.0799059394366397,5896,1413,12726,50657,0.10425618446413099,0.09993634627625717,True,max_tpr_with_empirical_fpr_le_target,0.01022050112284052,0.01022050112284052,0.01,2.4145661627049133,578,141,13998,55975,0.01022050112284052,0.009972416719711436,True,max_tpr_with_empirical_fpr_le_target,0.0009018089226035754,0.0009018089226035754,0.001,6.386372453561544,51,13,14126,56502,0.0009018089226035754,0.0009194426762854516,True,max_tpr_with_empirical_fpr_le_target,32,True,False,1.9145928953452342,1.9247024268078405,0.687813848221232,DIABETES,RF,dp,0.4,18
0.50226613181966,0.0075626892418334535,56553,14139,0.10356656587625766,0.10356656587625766,0.1,0.06486339389460483,5857,1413,12726,50696,0.10356656587625766,0.09993634627625717,True,max_tpr_with_empirical_fpr_le_target,0.010768659487560341,0.010768659487560341,0.01,2.6436690430573817,609,141,13998,55944,0.010768659487560341,0.009972416719711436,True,max_tpr_with_empirical_fpr_le_target,0.0007603486994500734,0.0007603486994500734,0.001,8.497395502726906,43,14,14125,56510,0.0007603486994500734,0.000990169035999717,True,max_tpr_with_empirical_fpr_le_target,32,True,False,1.713571031155072,1.7047912636608147,0.687813848221232,DIABETES,RF,dp,0.4,19
0.5038523742561818,0.007740748883532933,56553,14139,0.10514031085884037,0.10514031085884037,0.1,0.0823329171415157,5946,1413,12726,50607,0.10514031085884037,0.09993634627625717,True,max_tpr_with_empirical_fpr_le_target,0.010538786624935901,0.010538786624935901,0.01,2.4272208698223183,596,141,13998,55957,0.010538786624935901,0.009972416719711436,True,max_tpr_with_empirical_fpr_le_target,0.0008133962831326367,0.0008133962831326367,0.001,6.746706239366253,46,14,14125,56507,0.0008133962831326367,0.000990169035999717,True,max_tpr_with_empirical_fpr_le_target,32,True,False,1.9015595308587951,1.9001109855401106,0.687813848221232,DIABETES,RF,dp,0.4,20
0.49714993455620016,0.003631626548432576,56553,14139,0.10022456810425619,0.10022456810425619,0.1,0.07040852953191234,5668,1413,12726,50885,0.10022456810425619,0.09993634627625717,True,max_tpr_with_empirical_fpr_le_target,0.009513200007073012,0.009513200007073012,0.01,2.684485225742069,538,141,13998,56015,0.009513200007073012,0.009972416719711436,True,max_tpr_with_empirical_fpr_le_target,0.0009902215620745142,0.0009902215620745142,0.001,7.700473343039354,56,14,14125,56497,0.0009902215620745142,0.000990169035999717,True,max_tpr_with_empirical_fpr_le_target,32,True,False,1.743224285553831,1.7375580135600845,0.687813848221232,DIABETES,RF,dp,0.4,21
0.4989341446420802,0.0025912088181644366,56553,14139,0.09843863278694322,0.09843863278694322,0.1,0.07573918195142149,5567,1411,12728,50986,0.09843863278694322,0.09979489355682863,True,max_tpr_with_empirical_fpr_le_target,0.010963167294396408,0.010963167294396408,0.01,2.386310659108287,620,141,13998,55933,0.010963167294396408,0.009972416719711436,True,max_tpr_with_empirical_fpr_le_target,0.0011670468410163917,0.0011670468410163917,0.001,6.570126954188103,66,14,14125,56487,0.0011670468410163917,0.000990169035999717,True,max_tpr_with_empirical_fpr_le_target,32,True,False,1.8884944488492637,1.8887187032265882,0.687813848221232,DIABETES,RF,dp,0.4,22
0.5027855309078075,0.008850264665196672,56553,14139,0.10003006029742012,0.10003006029742012,0.1,0.08038707740514717,5657,1412,12727,50896,0.10003006029742012,0.0998656199165429,True,max_tpr_with_empirical_fpr_le_target,0.010609516736512652,0.010609516736512652,0.01,2.4223678726534423,600,141,13998,55953,0.010609516736512652,0.009972416719711436,True,max_tpr_with_empirical_fpr_le_target,0.0012731420083815182,0.0012731420083815182,0.001,6.241077312672989,72,14,14125,56481,0.0012731420083815182,0.000990169035999717,True,max_tpr_with_empirical_fpr_le_target,32,True,False,1.9100953913907806,1.9096504079475274,0.687813848221232,DIABETES,RF,dp,0.4,23
0.49999700601373653,0.005818718506420739,56553,14139,0.09997701271373756,0.09997701271373756,0.1,0.08627679181463344,5654,1413,12726,50899,0.09997701271373756,0.09993634627625717,True,max_tpr_with_empirical_fpr_le_target,0.010839389599137092,0.010839389599137092,0.01,2.3733565089782216,613,140,13999,55940,0.010839389599137092,0.00990169035999717,True,max_tpr_with_empirical_fpr_le_target,0.0018213003731013385,0.0018213003731013385,0.001,5.576582969768854,103,14,14125,56450,0.0018213003731013385,0.000990169035999717,True,max_tpr_with_empirical_fpr_le_target,32,True,False,1.8691980850956158,1.871661318163359,0.687813848221232,DIABETES,RF,dp,0.4,24
0.5007508433558431,0.007205992171611442,56553,14139,0.10213428111682846,0.10213428111682846,0.1,0.07995410873681719,5776,1413,12726,50777,0.10213428111682846,0.09993634627625717,True,max_tpr_with_empirical_fpr_le_target,0.008841263947093876,0.008841263947093876,0.01,2.742757753893854,500,141,13998,56053,0.008841263947093876,0.009972416719711436,True,max_tpr_with_empirical_fpr_le_target,0.0008310788110268244,0.0008310788110268244,0.001,6.820426266460404,47,14,14125,56506,0.0008310788110268244,0.000990169035999717,True,max_tpr_with_empirical_fpr_le_target,32,True,False,1.8624888461785623,1.867700949807726,0.687813848221232,DIABETES,RF,dp,0.4,25
0.5034102441506129,0.007619244816939874,56553,14139,0.10315986773469135,0.10315986773469135,0.1,0.06662359516412741,5834,1413,12726,50719,0.10315986773469135,0.09993634627625717,True,max_tpr_with_empirical_fpr_le_target,0.0103973264017824,0.0103973264017824,0.01,2.4631860124392944,588,141,13998,55965,0.0103973264017824,0.009972416719711436,True,max_tpr_with_empirical_fpr_le_target,0.0010255866178628897,0.0010255866178628897,0.001,7.30909532632605,58,14,14125,56495,0.0010255866178628897,0.000990169035999717,True,max_tpr_with_empirical_fpr_le_target,32,True,False,1.7869288340040852,1.7857175086240011,0.687813848221232,DIABETES,RF,dp,0.4,26
0.5003036988860621,0.006293738063848031,56553,14139,0.09995933018584337,0.09995933018584337,0.1,0.08931688341619282,5653,1413,12726,50900,0.09995933018584337,0.09993634627625717,True,max_tpr_with_empirical_fpr_le_target,0.010839389599137092,0.010839389599137092,0.01,2.434125209429717,613,141,13998,55940,0.010839389599137092,0.009972416719711436,True,max_tpr_with_empirical_fpr_le_target,0.0018036178452071508,0.0018036178452071508,0.001,5.117099087535269,102,14,14125,56451,0.0018036178452071508,0.000990169035999717,True,max_tpr_with_empirical_fpr_le_target,32,True,False,1.9627254919058819,1.9719075721466048,0.687813848221232,DIABETES,RF,dp,0.4,27
0.4990927977750735,0.0036340802664980854,56553,14139,0.1013562498894842,0.1013562498894842,0.1,0.103490671935212,5732,1413,12726,50821,0.1013562498894842,0.09993634627625717,True,max_tpr_with_empirical_fpr_le_target,0.009990628260216081,0.009990628260216081,0.01,2.485477091044464,565,141,13998,55988,0.009990628260216081,0.009972416719711436,True,max_tpr_with_empirical_fpr_le_target,0.0016267925662652733,0.0016267925662652733,0.001,5.54155410160555,92,14,14125,56461,0.0016267925662652733,0.000990169035999717,True,max_tpr_with_empirical_fpr_le_target,32,True,False,2.0124627549062444,2.0193976501304163,0.687813848221232,DIABETES,RF,dp,0.4,28
0.49880696338223607,0.004428184472730301,56553,14139,0.09642282460700581,0.09642282460700581,0.1,0.08656662111033953,5453,1413,12726,51100,0.09642282460700581,0.09993634627625717,True,max_tpr_with_empirical_fpr_le_target,0.009407104839707884,0.009407104839707884,0.01,2.559245177168483,532,141,13998,56021,0.009407104839707884,0.009972416719711436,True,max_tpr_with_empirical_fpr_le_target,0.0012024118968047672,0.0012024118968047672,0.001,6.526432276700897,68,14,14125,56485,0.0012024118968047672,0.000990169035999717,True,max_tpr_with_empirical_fpr_le_target,32,True,False,1.8191221309525614,1.8219621104524055,0.687813848221232,DIABETES,RF,dp,0.4,29
0.49661274851331916,0.003913462706481269,56553,14139,0.1029476773999611,0.1029476773999611,0.1,0.07157280263224464,5822,1413,12726,50731,0.1029476773999611,0.09993634627625717,True,max_tpr_with_empirical_fpr_le_target,0.010291231234417272,0.010291231234417272,0.01,2.648526241124298,582,141,13998,55971,0.010291231234417272,0.009972416719711436,True,max_tpr_with_empirical_fpr_le_target,0.0010432691457570775,0.0010432691457570775,0.001,7.422568745474826,59,14,14125,56494,0.0010432691457570775,0.000990169035999717,True,max_tpr_with_empirical_fpr_le_target,32,True,False,1.8107913678650582,1.807247763981923,0.6876723955018035,DIABETES,RF,dp,0.8,0
0.4982375450887422,0.002098285372956199,56553,14139,0.100772726468976,0.100772726468976,0.1,0.08834095349409554,5699,1413,12726,50854,0.100772726468976,0.09993634627625717,True,max_tpr_with_empirical_fpr_le_target,0.010379643873888211,0.010379643873888211,0.01,2.4689500732033385,587,141,13998,55966,0.010379643873888211,0.009972416719711436,True,max_tpr_with_empirical_fpr_le_target,0.0008664438668151999,0.0008664438668151999,0.001,6.727386325454733,49,14,14125,56504,0.0008664438668151999,0.000990169035999717,True,max_tpr_with_empirical_fpr_le_target,32,True,False,1.8865977020197733,1.8937509231008212,0.6876723955018035,DIABETES,RF,dp,0.8,1
0.5060394493307889,0.011807231301485532,56553,14139,0.1041147242409775,0.1041147242409775,0.1,0.07194190298841718,5888,1413,12726,50665,0.1041147242409775,0.09993634627625717,True,max_tpr_with_empirical_fpr_le_target,0.01022050112284052,0.01022050112284052,0.01,2.5263742641790925,578,140,13999,55975,0.01022050112284052,0.00990169035999717,True,max_tpr_with_empirical_fpr_le_target,0.0011670468410163917,0.0011670468410163917,0.001,6.439206391281992,66,14,14125,56487,0.0011670468410163917,0.000990169035999717,True,max_tpr_with_empirical_fpr_le_target,32,True,False,1.8910703033396596,1.8830832969962992,0.6876723955018035,DIABETES,RF,dp,0.8,2
0.4963994476272932,0.001191546503046731,56553,14139,0.09868618817746184,0.09868618817746184,0.1,0.08884705044991326,5581,1413,12726,50972,0.09868618817746184,0.09993634627625717,True,max_tpr_with_empirical_fpr_le_target,0.0103973264017824,0.0103973264017824,0.01,2.3885328266882064,588,141,13998,55965,0.0103973264017824,0.009972416719711436,True,max_tpr_with_empirical_fpr_le_target,0.001290824536275706,0.001290824536275706,0.001,6.216769579065621,73,14,14125,56480,0.001290824536275706,0.000990169035999717,True,max_tpr_with_empirical_fpr_le_target,32,True,False,1.8782782212579703,1.876493599949537,0.6876723955018035,DIABETES,RF,dp,0.8,3
0.49999588795871586,0.00836245125669366,56553,14139,0.10001237776952593,0.10001237776952593,0.1,0.07671325531347906,5656,1413,12726,50897,0.10001237776952593,0.09993634627625717,True,max_tpr_with_empirical_fpr_le_target,0.008911994058670627,0.008911994058670627,0.01,2.5943412977250584,504,140,13999,56049,0.008911994058670627,0.00990169035999717,True,max_tpr_with_empirical_fpr_le_target,0.0008487613389210122,0.0008487613389210122,0.001,7.1964130145620935,48,14,14125,56505,0.0008487613389210122,0.000990169035999717,True,max_tpr_with_empirical_fpr_le_target,32,True,False,1.8419085062315321,1.8412666736618823,0.6876723955018035,DIABETES,RF,dp,0.8,4
0.5044616379545823,0.009840114792885102,56553,14139,0.10377875621098792,0.10377875621098792,0.1,0.08257323772540981,5869,1413,12726,50684,0.10377875621098792,0.09993634627625717,True,max_tpr_with_empirical_fpr_le_target,0.01022050112284052,0.01022050112284052,0.01,2.4358899930465525,578,140,13999,55975,0.01022050112284052,0.00990169035999717,True,max_tpr_with_empirical_fpr_le_target,0.0009725390341803265,0.0009725390341803265,0.001,6.602158708648126,55,14,14125,56498,0.0009725390341803265,0.000990169035999717,True,max_tpr_with_empirical_fpr_le_target,32,True,False,1.9292524095872055,1.9293627337570067,0.6876723955018035,DIABETES,RF,dp,0.8,5
0.49712205571669116,0.0021514567681008845,56553,14139,0.09781974431064665,0.09781974431064665,0.1,0.09982675176955258,5532,1413,12726,51021,0.09781974431064665,0.09993634627625717,True,max_tpr_with_empirical_fpr_le_target,0.010043675843898644,0.010043675843898644,0.01,2.441589812376912,568,141,13998,55985,0.010043675843898644,0.009972416719711436,True,max_tpr_with_empirical_fpr_le_target,0.0012377769525931427,0.0012377769525931427,0.001,5.899106349488638,70,14,14125,56483,0.0012377769525931427,0.000990169035999717,True,max_tpr_with_empirical_fpr_le_target,32,True,False,1.9809358324682649,1.9740735164831908,0.6876723955018035,DIABETES,RF,dp,0.8,6
0.5008239365154752,0.0061634696464888394,56553,14139,0.09935812423744099,0.09935812423744099,0.1,0.08912827515685207,5619,1413,12726,50934,0.09935812423744099,0.09993634627625717,True,max_tpr_with_empirical_fpr_le_target,0.009548565062861386,0.009548565062861386,0.01,2.493505336392811,540,141,13998,56013,0.009548565062861386,0.009972416719711436,True,max_tpr_with_empirical_fpr_le_target,0.0014146022315350202,0.0014146022315350202,0.001,6.180564171835142,80,14,14125,56473,0.0014146022315350202,0.000990169035999717,True,max_tpr_with_empirical_fpr_le_target,32,True,False,1.878452700306789,1.881723321185232,0.6876723955018035,DIABETES,RF,dp,0.8,7
0.4962070070966867,0.0016447452282584178,56553,14139,0.09815571234063622,0.09815571234063622,0.1,0.09356761966872118,5551,1413,12726,51002,0.09815571234063622,0.09993634627625717,True,max_tpr_with_empirical_fpr_le_target,0.010238183650734709,0.010238183650734709,0.01,2.380678872540612,579,141,13998,55974,0.010238183650734709,0.009972416719711436,True,max_tpr_with_empirical_fpr_le_target,0.0007957137552384489,0.0007957137552384489,0.001,6.314878793951374,45,14,14125,56508,0.0007957137552384489,0.000990169035999717,True,max_tpr_with_empirical_fpr_le_target,32,True,False,1.9482037685791185,1.9356261434807784,0.6876723955018035,DIABETES,RF,dp,0.8,8
0.4970326100644159,0.0025713464581662293,56553,14139,0.09942885434901774,0.09942885434901774,0.1,0.1115486088936013,5623,1413,12726,50930,0.09942885434901774,0.09993634627625717,True,max_tpr_with_empirical_fpr_le_target,0.010980849822290594,0.010980849822290594,0.01,2.168525131784243,621,141,13998,55932,0.010980849822290594,0.009972416719711436,True,max_tpr_with_empirical_fpr_le_target,0.0008841263947093876,0.0008841263947093876,0.001,5.954354772565888,50,14,14125,56503,0.0008841263947093876,0.000990169035999717,True,max_tpr_with_empirical_fpr_le_target,32,True,False,2.0229149355284157,2.028813734112025,0.6876723955018035,DIABETES,RF,dp,0.8,9
0.4977481671535828,0.0035580337657793865,56553,14139,0.1011971071384365,0.1011971071384365,0.1,0.08244504495948779,5723,1413,12726,50830,0.1011971071384365,0.09993634627625717,True,max_tpr_with_empirical_fpr_le_target,0.011458278075433663,0.011458278075433663,0.01,2.234765781881973,648,141,13998,55905,0.011458278075433663,0.009972416719711436,True,max_tpr_with_empirical_fpr_le_target,0.0014676498152175834,0.0014676498152175834,0.001,5.942628226164142,83,14,14125,56470,0.0014676498152175834,0.000990169035999717,True,max_tpr_with_empirical_fpr_le_target,32,True,False,1.9294425276482163,1.926350728614142,0.6876723955018035,DIABETES,RF,dp,0.8,10
0.5019068784804646,0.008906996577839887,56553,14139,0.1017983130868389,0.1017983130868389,0.1,0.0852315701644153,5757,1413,12726,50796,0.1017983130868389,0.09993634627625717,True,max_tpr_with_empirical_fpr_le_target,0.011316817852280161,0.011316817852280161,0.01,2.2069313484335122,640,141,13998,55913,0.011316817852280161,0.009972416719711436,True,max_tpr_with_empirical_fpr_le_target,0.0005127933089314449,0.0005127933089314449,0.001,7.23842913080602,29,14,14125,56524,0.0005127933089314449,0.000990169035999717,True,max_tpr_with_empirical_fpr_le_target,32,True,False,1.8692661603904204,1.8698444539231156,0.6876723955018035,DIABETES,RF,dp,0.8,11
0.49676451135085786,0.001982048921292827,56553,14139,0.09865082312167348,0.09865082312167348,0.1,0.08410903897103061,5579,1413,12726,50974,0.09865082312167348,0.09993634627625717,True,max_tpr_with_empirical_fpr_le_target,0.009972945732321893,0.009972945732321893,0.01,2.3106099140116183,564,141,13998,55989,0.009972945732321893,0.009972416719711436,True,max_tpr_with_empirical_fpr_le_target,0.0009725390341803265,0.0009725390341803265,0.001,6.8777480166439116,55,14,14125,56498,0.0009725390341803265,0.000990169035999717,True,max_tpr_with_empirical_fpr_le_target,32,True,False,1.8471134974883183,1.8544884348764346,0.6876723955018035,DIABETES,RF,dp,0.8,12
0.4952218424199322,0.0015063277655806562,56553,14139,0.09937580676533517,0.09937580676533517,0.1,0.08227752707852876,5620,1413,12726,50933,0.09937580676533517,0.09993634627625717,True,max_tpr_with_empirical_fpr_le_target,0.00937173978391951,0.00937173978391951,0.01,2.6175881060090207,530,141,13998,56023,0.00937173978391951,0.009972416719711436,True,max_tpr_with_empirical_fpr_le_target,0.0009902215620745142,0.0009902215620745142,0.001,7.172807983831094,56,14,14125,56497,0.0009902215620745142,0.000990169035999717,True,max_tpr_with_empirical_fpr_le_target,32,True,False,1.831846748048947,1.8359555311768125,0.6876723955018035,DIABETES,RF,dp,0.8,13
0.5006692516023707,0.003986338883399748,56553,14139,0.10102028185949463,0.10102028185949463,0.1,0.08484173352505753,5713,1413,12726,50840,0.10102028185949463,0.09993634627625717,True,max_tpr_with_empirical_fpr_le_target,0.012625324916450055,0.012625324916450055,0.01,2.103674894383463,714,140,13999,55839,0.012625324916450055,0.00990169035999717,True,max_tpr_with_empirical_fpr_le_target,0.001361554647852457,0.001361554647852457,0.001,5.8478682658183825,77,14,14125,56476,0.001361554647852457,0.000990169035999717,True,max_tpr_with_empirical_fpr_le_target,32,True,False,1.9295507589610545,1.9335050384938053,0.6876723955018035,DIABETES,RF,dp,0.8,14
0.499455230192415,0.0027383456092585634,56553,14139,0.1016391703357912,0.1016391703357912,0.1,0.09737352958704348,5748,1413,12726,50805,0.1016391703357912,0.09993634627625717,True,max_tpr_with_empirical_fpr_le_target,0.011299135324385975,0.011299135324385975,0.01,2.2214123323327586,639,141,13998,55914,0.011299135324385975,0.009972416719711436,True,max_tpr_with_empirical_fpr_le_target,0.0011139992573338284,0.0011139992573338284,0.001,5.612928283709543,63,14,14125,56490,0.0011139992573338284,0.000990169035999717,True,max_tpr_with_empirical_fpr_le_target,32,True,False,2.0386926175954643,2.0472705947591967,0.6876723955018035,DIABETES,RF,dp,0.8,15
0.5022562894337396,0.006997711277590968,56553,14139,0.10292999487206692,0.10292999487206692,0.1,0.08411398481786558,5821,1413,12726,50732,0.10292999487206692,0.09993634627625717,True,max_tpr_with_empirical_fpr_le_target,0.01101621487807897,0.01101621487807897,0.01,2.3562442764566702,623,141,13998,55930,0.01101621487807897,0.009972416719711436,True,max_tpr_with_empirical_fpr_le_target,0.0009194914504977632,0.0009194914504977632,0.001,6.895929693280388,52,14,14125,56501,0.0009194914504977632,0.000990169035999717,True,max_tpr_with_empirical_fpr_le_target,32,True,False,1.942257683762486,1.9413116773877859,0.6876723955018035,DIABETES,RF,dp,0.8,16
0.501814236866662,0.00820047584946948,56553,14139,0.09631672943964069,0.09631672943964069,0.1,0.08586873800402972,5447,1413,12726,51106,0.09631672943964069,0.09993634627625717,True,max_tpr_with_empirical_fpr_le_target,0.01022050112284052,0.01022050112284052,0.01,2.4713756612824183,578,141,13998,55975,0.01022050112284052,0.009972416719711436,True,max_tpr_with_empirical_fpr_le_target,0.0013792371757466448,0.0013792371757466448,0.001,6.238483766199408,78,14,14125,56475,0.0013792371757466448,0.000990169035999717,True,max_tpr_with_empirical_fpr_le_target,32,True,False,1.9009496759818418,1.8995677254343277,0.6876723955018035,DIABETES,RF,dp,0.8,17
0.4995426060672191,0.005172929176103097,56553,14139,0.10268243948154829,0.10268243948154829,0.1,0.0867021488050066,5807,1413,12726,50746,0.10268243948154829,0.09993634627625717,True,max_tpr_with_empirical_fpr_le_target,0.010043675843898644,0.010043675843898644,0.01,2.43676690653896,568,141,13998,55985,0.010043675843898644,0.009972416719711436,True,max_tpr_with_empirical_fpr_le_target,0.0011670468410163917,0.0011670468410163917,0.001,5.889006526644174,66,14,14125,56487,0.0011670468410163917,0.000990169035999717,True,max_tpr_with_empirical_fpr_le_target,32,True,False,1.9363011025925436,1.9440379678218076,0.6876723955018035,DIABETES,RF,dp,0.8,18
0.501083767374736,0.004786157176197348,56553,14139,0.10126783725001326,0.10126783725001326,0.1,0.07129442802490837,5727,1411,12728,50826,0.10126783725001326,0.09979489355682863,True,max_tpr_with_empirical_fpr_le_target,0.009778437925485828,0.009778437925485828,0.01,2.802978145851241,553,141,13998,56000,0.009778437925485828,0.009972416719711436,True,max_tpr_with_empirical_fpr_le_target,0.0006542535320849469,0.0006542535320849469,0.001,8.384874733797885,37,14,14125,56516,0.0006542535320849469,0.000990169035999717,True,max_tpr_with_empirical_fpr_le_target,32,True,False,1.737083112725551,1.7301589323680977,0.6876723955018035,DIABETES,RF,dp,0.8,19
0.5036910547995821,0.008243322119053889,56553,14139,0.10432691457570774,0.10432691457570774,0.1,0.0859000160529444,5900,1413,12726,50653,0.10432691457570774,0.09993634627625717,True,max_tpr_with_empirical_fpr_le_target,0.011281452796491787,0.011281452796491787,0.01,2.244921179423648,638,141,13998,55915,0.011281452796491787,0.009972416719711436,True,max_tpr_with_empirical_fpr_le_target,0.0010255866178628897,0.0010255866178628897,0.001,5.906382624975444,58,14,14125,56495,0.0010255866178628897,0.000990169035999717,True,max_tpr_with_empirical_fpr_le_target,32,True,False,1.9577928099062714,1.9563296236933005,0.6876723955018035,DIABETES,RF,dp,0.8,20
0.498261103658599,0.003490263873703714,56553,14139,0.10091418669212951,0.10091418669212951,0.1,0.07328183918329456,5707,1412,12727,50846,0.10091418669212951,0.0998656199165429,True,max_tpr_with_empirical_fpr_le_target,0.010450373985464962,0.010450373985464962,0.01,2.4415075368627264,591,141,13998,55962,0.010450373985464962,0.009972416719711436,True,max_tpr_with_empirical_fpr_le_target,0.0011139992573338284,0.0011139992573338284,0.001,7.143843714448521,63,14,14125,56490,0.0011139992573338284,0.000990169035999717,True,max_tpr_with_empirical_fpr_le_target,32,True,False,1.7664634830569543,1.7639955227772555,0.6876723955018035,DIABETES,RF,dp,0.8,21
0.5002451998461881,0.005409803014125525,56553,14139,0.10094955174791788,0.10094955174791788,0.1,0.07018651148678479,5709,1413,12726,50844,0.10094955174791788,0.09993634627625717,True,max_tpr_with_empirical_fpr_le_target,0.01069792937598359,0.01069792937598359,0.01,2.5332638732662502,605,140,13999,55948,0.01069792937598359,0.00990169035999717,True,max_tpr_with_empirical_fpr_le_target,0.001432284759429208,0.001432284759429208,0.001,6.3919899440032655,81,14,14125,56472,0.001432284759429208,0.000990169035999717,True,max_tpr_with_empirical_fpr_le_target,32,True,False,1.882507244309679,1.881044202411888,0.6876723955018035,DIABETES,RF,dp,0.8,22
0.5057478502012425,0.014232420204666418,56553,14139,0.10146234505684933,0.10146234505684933,0.1,0.08311776839163842,5738,1413,12726,50815,0.10146234505684933,0.09993634627625717,True,max_tpr_with_empirical_fpr_le_target,0.010096723427581207,0.010096723427581207,0.01,2.3425204561018553,571,141,13998,55982,0.010096723427581207,0.009972416719711436,True,max_tpr_with_empirical_fpr_le_target,0.0011847293689105794,0.0011847293689105794,0.001,6.032890126648368,67,13,14126,56486,0.0011847293689105794,0.0009194426762854516,True,max_tpr_with_empirical_fpr_le_target,32,True,False,1.9568968812854037,1.9559237886967782,0.6876723955018035,DIABETES,RF,dp,0.8,23
0.49781101022490454,0.002348891027675548,56553,14139,0.09895142609587466,0.09895142609587466,0.1,0.0874448486987145,5596,1413,12726,50957,0.09895142609587466,0.09993634627625717,True,max_tpr_with_empirical_fpr_le_target,0.010963167294396408,0.010963167294396408,0.01,2.376392672439443,620,141,13998,55933,0.010963167294396408,0.009972416719711436,True,max_tpr_with_empirical_fpr_le_target,0.0014853323431117712,0.0014853323431117712,0.001,5.932744492887387,84,14,14125,56469,0.0014853323431117712,0.000990169035999717,True,max_tpr_with_empirical_fpr_le_target,32,True,False,1.859079467049484,1.8624225062080448,0.6876723955018035,DIABETES,RF,dp,0.8,24
0.4996547292269776,0.003932113214896726,56553,14139,0.10086113910844695,0.10086113910844695,0.1,0.08626735231188776,5704,1413,12726,50849,0.10086113910844695,0.09993634627625717,True,max_tpr_with_empirical_fpr_le_target,0.009354057256025321,0.009354057256025321,0.01,2.5475746015484324,529,140,13999,56024,0.009354057256025321,0.00990169035999717,True,max_tpr_with_empirical_fpr_le_target,0.0008841263947093876,0.0008841263947093876,0.001,6.378890604370598,50,14,14125,56503,0.0008841263947093876,0.000990169035999717,True,max_tpr_with_empirical_fpr_le_target,32,True,False,1.8887537313295824,1.8964737330256078,0.6876723955018035,DIABETES,RF,dp,0.8,25
0.5010548473933873,0.00583688127271309,56553,14139,0.10238183650734708,0.10238183650734708,0.1,0.07200450067167363,5790,1413,12726,50763,0.10238183650734708,0.09993634627625717,True,max_tpr_with_empirical_fpr_le_target,0.011440595547539477,0.011440595547539477,0.01,2.2978735807459114,647,141,13998,55906,0.011440595547539477,0.009972416719711436,True,max_tpr_with_empirical_fpr_le_target,0.0014676498152175834,0.0014701076865948756,0.001,6.363417177966623,83,14,14125,56470,0.0014676498152175834,0.000990169035999717,True,max_tpr_with_empirical_fpr_le_target,32,True,False,1.8147393327039256,1.8151583990189186,0.6876723955018035,DIABETES,RF,dp,0.8,26
0.5019492638962737,0.005987841211679945,56553,14139,0.10195745583788658,0.10195745583788658,0.1,0.08612460231560415,5766,1412,12727,50787,0.10195745583788658,0.0998656199165429,True,max_tpr_with_empirical_fpr_le_target,0.010821707071242906,0.010821707071242906,0.01,2.4140110764766955,612,141,13998,55941,0.010821707071242906,0.009972416719711436,True,max_tpr_with_empirical_fpr_le_target,0.0017328877336303997,0.0017328877336303997,0.001,5.484013446687069,98,14,14125,56455,0.0017328877336303997,0.000990169035999717,True,max_tpr_with_empirical_fpr_le_target,32,True,False,1.971484950704078,1.9794576339463543,0.6876723955018035,DIABETES,RF,dp,0.8,27
0.4990376378928116,0.005155366707808473,56553,14139,0.10406167665729493,0.10406167665729493,0.1,0.10024841946169483,5885,1413,12726,50668,0.10406167665729493,0.09993634627625717,True,max_tpr_with_empirical_fpr_le_target,0.009778437925485828,0.009778437925485828,0.01,2.463408127147423,553,141,13998,56000,0.009778437925485828,0.009972416719711436,True,max_tpr_with_empirical_fpr_le_target,0.00157374498258271,0.00157374498258271,0.001,5.532123495658453,89,14,14125,56464,0.00157374498258271,0.000990169035999717,True,max_tpr_with_empirical_fpr_le_target,32,True,False,2.025950194804137,2.0333802361496165,0.6876723955018035,DIABETES,RF,dp,0.8,28
0.4970229927902447,0.003696905203817824,56553,14139,0.09553869821229644,0.09553869821229644,0.1,0.09093664468216822,5403,1413,12726,51150,0.09553869821229644,0.09993634627625717,True,max_tpr_with_empirical_fpr_le_target,0.01046805651335915,0.01046805651335915,0.01,2.459230838893318,592,141,13998,55961,0.01046805651335915,0.009972416719711436,True,max_tpr_with_empirical_fpr_le_target,0.0012024118968047672,0.0012024118968047672,0.001,6.390422660891039,68,14,14125,56485,0.0012024118968047672,0.000990169035999717,True,max_tpr_with_empirical_fpr_le_target,32,True,False,1.838896644790184,1.843577352499814,0.6876723955018035,DIABETES,RF,dp,0.8,29
0.4964549032813811,0.004196476949350408,56553,14139,0.10277085212101922,0.10277085212101922,0.1,0.0734541365402328,5812,1413,12726,50741,0.10277085212101922,0.09993634627625717,True,max_tpr_with_empirical_fpr_le_target,0.010326596290205648,0.010326596290205648,0.01,2.6453114901345502,584,141,13998,55969,0.010326596290205648,0.009972416719711436,True,max_tpr_with_empirical_fpr_le_target,0.001078634201545453,0.001078634201545453,0.001,7.408881992166552,61,14,14125,56492,0.001078634201545453,0.000990169035999717,True,max_tpr_with_empirical_fpr_le_target,32,True,False,1.8099290638876029,1.8084085003577024,0.6876723955018035,DIABETES,RF,dp,1.0,0
0.49784608138479824,0.0015619228638908828,56553,14139,0.10125015472211907,0.10125015472211907,0.1,0.08881280004621361,5726,1413,12726,50827,0.10125015472211907,0.09993634627625717,True,max_tpr_with_empirical_fpr_le_target,0.010008310788110267,0.010008310788110267,0.01,2.5103018148447234,566,141,13998,55987,0.010008310788110267,0.009972416719711436,True,max_tpr_with_empirical_fpr_le_target,0.0007957137552384489,0.0007957137552384489,0.001,6.757777008705375,45,14,14125,56508,0.0007957137552384489,0.000990169035999717,True,max_tpr_with_empirical_fpr_le_target,32,True,False,1.8858474910935101,1.8939510294841044,0.6876723955018035,DIABETES,RF,dp,1.0,1
0.5059516369893156,0.011256810563686992,56553,14139,0.10429154951991937,0.10429154951991937,0.1,0.07244017108900436,5898,1413,12726,50655,0.10429154951991937,0.09993634627625717,True,max_tpr_with_empirical_fpr_le_target,0.010008310788110267,0.010008310788110267,0.01,2.54501197310162,566,141,13998,55987,0.010008310788110267,0.009972416719711436,True,max_tpr_with_empirical_fpr_le_target,0.0013792371757466448,0.0013792371757466448,0.001,6.356306330971281,78,14,14125,56475,0.0013792371757466448,0.000990169035999717,True,max_tpr_with_empirical_fpr_le_target,32,True,False,1.8899572264352962,1.8837069479722977,0.6876723955018035,DIABETES,RF,dp,1.0,2
0.4965716293510989,0.00123805459041707,56553,14139,0.0983325376195781,0.0983325376195781,0.1,0.0903636799655212,5561,1413,12726,50992,0.0983325376195781,0.09993634627625717,True,max_tpr_with_empirical_fpr_le_target,0.010556469152830088,0.010556469152830088,0.01,2.3699509109462755,597,141,13998,55956,0.010556469152830088,0.009972416719711436,True,max_tpr_with_empirical_fpr_le_target,0.0012554594804873305,0.0012554594804873305,0.001,6.2014422174250825,71,14,14125,56482,0.0012554594804873305,0.000990169035999717,True,max_tpr_with_empirical_fpr_le_target,32,True,False,1.8861521576830407,1.8840571100714782,0.6876723955018035,DIABETES,RF,dp,1.0,3
0.4987207574632171,0.0059052927332737815,56553,14139,0.09877460081693279,0.09877460081693279,0.1,0.07950655939930718,5586,1413,12726,50967,0.09877460081693279,0.09993634627625717,True,max_tpr_with_empirical_fpr_le_target,0.008310788110268244,0.008310788110268244,0.01,2.6625718602027018,470,141,13998,56083,0.008310788110268244,0.009972416719711436,True,max_tpr_with_empirical_fpr_le_target,0.0008310788110268244,0.0008310788110268244,0.001,7.145897129607513,47,14,14125,56506,0.0008310788110268244,0.000990169035999717,True,max_tpr_with_empirical_fpr_le_target,32,True,False,1.8462540800722795,1.8473356218402615,0.6876723955018035,DIABETES,RF,dp,1.0,4
0.504029912388996,0.008229095056508817,56553,14139,0.10400862907361236,0.10400862907361236,0.1,0.082798759066395,5882,1413,12726,50671,0.10400862907361236,0.09993634627625717,True,max_tpr_with_empirical_fpr_le_target,0.010591834208618464,0.010591834208618464,0.01,2.3844325258440766,599,141,13998,55954,0.010591834208618464,0.009972416719711436,True,max_tpr_with_empirical_fpr_le_target,0.0009371739783919509,0.0009371739783919509,0.001,6.582559552873548,53,14,14125,56500,0.0009371739783919509,0.000990169035999717,True,max_tpr_with_empirical_fpr_le_target,32,True,False,1.9326908487285546,1.9349835383004041,0.6876723955018035,DIABETES,RF,dp,1.0,5
0.497393130907821,0.00166472014413125,56553,14139,0.09868618817746184,0.09868618817746184,0.1,0.09695474751015531,5581,1413,12726,50972,0.09868618817746184,0.09993634627625717,True,max_tpr_with_empirical_fpr_le_target,0.009743072869697451,0.009743072869697451,0.01,2.4868442278355185,551,141,13998,56002,0.009743072869697451,0.009972416719711436,True,max_tpr_with_empirical_fpr_le_target,0.0012024118968047672,0.0012024118968047672,0.001,5.936352818577079,68,14,14125,56485,0.0012024118968047672,0.000990169035999717,True,max_tpr_with_empirical_fpr_le_target,32,True,False,1.977003507530364,1.9709945246822014,0.6876723955018035,DIABETES,RF,dp,1.0,6
0.5018821549573058,0.007612172556154706,56553,14139,0.09946421940480611,0.09946421940480611,0.1,0.08865485161317732,5625,1413,12726,50928,0.09946421940480611,0.09993634627625717,True,max_tpr_with_empirical_fpr_le_target,0.00960161264654395,0.00960161264654395,0.01,2.478982848297594,543,139,14000,56010,0.00960161264654395,0.009830964000282905,True,max_tpr_with_empirical_fpr_le_target,0.001644475094159461,0.001644475094159461,0.001,5.880291454619961,93,14,14125,56460,0.001644475094159461,0.000990169035999717,True,max_tpr_with_empirical_fpr_le_target,32,True,False,1.87840979077922,1.8831876632901063,0.6876723955018035,DIABETES,RF,dp,1.0,7
0.4973720823339669,0.0019376868992642127,56553,14139,0.0988983785121921,0.0988983785121921,0.1,0.09004953865176013,5593,1413,12726,50960,0.0988983785121921,0.09993634627625717,True,max_tpr_with_empirical_fpr_le_target,0.010750976959666154,0.010750976959666154,0.01,2.3120855246557017,608,141,13998,55945,0.010750976959666154,0.009972416719711436,True,max_tpr_with_empirical_fpr_le_target,0.0008310788110268244,0.0008310788110268244,0.001,6.3690399357397816,47,14,14125,56506,0.0008310788110268244,0.000990169035999717,True,max_tpr_with_empirical_fpr_le_target,32,True,False,1.9593941206023453,1.9460792959845052,0.6876723955018035,DIABETES,RF,dp,1.0,8
0.4966358724924382,0.0031906626467861354,56553,14139,0.09879228334482698,0.09879228334482698,0.1,0.11285944431610506,5587,1412,12727,50966,0.09879228334482698,0.0998656199165429,True,max_tpr_with_empirical_fpr_le_target,0.011193040157020847,0.011193040157020847,0.01,2.1572888761335247,633,141,13998,55920,0.011193040157020847,0.009972416719711436,True,max_tpr_with_empirical_fpr_le_target,0.0009371739783919509,0.0009371739783919509,0.001,5.900142392717641,53,14,14125,56500,0.0009371739783919509,0.000990169035999717,True,max_tpr_with_empirical_fpr_le_target,32,True,False,2.028201812557111,2.0340922854386663,0.6876723955018035,DIABETES,RF,dp,1.0,9
0.49703154453547005,0.0030629980219918362,56553,14139,0.10073736141318763,0.10073736141318763,0.1,0.08219761556091987,5697,1412,12727,50856,0.10073736141318763,0.0998656199165429,True,max_tpr_with_empirical_fpr_le_target,0.011546690714904603,0.011546690714904603,0.01,2.216828210834852,653,141,13998,55900,0.011546690714904603,0.009972416719711436,True,max_tpr_with_empirical_fpr_le_target,0.0013792371757466448,0.0013792371757466448,0.001,5.962219951690406,78,14,14125,56475,0.0013792371757466448,0.000990169035999717,True,max_tpr_with_empirical_fpr_le_target,32,True,False,1.9265858078799007,1.9230223597415295,0.6876723955018035,DIABETES,RF,dp,1.0,10
0.5012678818971769,0.00821535948794938,56553,14139,0.10218732870051102,0.10218732870051102,0.1,0.08569071001739559,5779,1413,12726,50774,0.10218732870051102,0.09993634627625717,True,max_tpr_with_empirical_fpr_le_target,0.010839389599137092,0.010839389599137092,0.01,2.272509352006597,613,141,13998,55940,0.010839389599137092,0.009972416719711436,True,max_tpr_with_empirical_fpr_le_target,0.0005304758368256326,0.0005304758368256326,0.001,7.1948116327034075,30,14,14125,56523,0.0005304758368256326,0.000990169035999717,True,max_tpr_with_empirical_fpr_le_target,32,True,False,1.8724055132480408,1.874292515328121,0.6876723955018035,DIABETES,RF,dp,1.0,11
0.4960157352712444,0.0024379827542564403,56553,14139,0.09845631531483741,0.09845631531483741,0.1,0.082752306025625,5568,1413,12726,50985,0.09845631531483741,0.09993634627625717,True,max_tpr_with_empirical_fpr_le_target,0.009884533092850954,0.009884533092850954,0.01,2.3454262297555095,559,141,13998,55994,0.009884533092850954,0.009972416719711436,True,max_tpr_with_empirical_fpr_le_target,0.0009902215620745142,0.0009902215620745142,0.001,6.926181378306071,56,14,14125,56497,0.0009902215620745142,0.000990169035999717,True,max_tpr_with_empirical_fpr_le_target,32,True,False,1.8452954647606172,1.8514662230819217,0.6876723955018035,DIABETES,RF,dp,1.0,12
0.4956809984774604,0.000710396402318049,56553,14139,0.09893374356798047,0.09893374356798047,0.1,0.08491376034481557,5595,1413,12726,50958,0.09893374356798047,0.09993634627625717,True,max_tpr_with_empirical_fpr_le_target,0.009071136809718317,0.009071136809718317,0.01,2.7203309572832435,513,141,13998,56040,0.009071136809718317,0.009972416719711436,True,max_tpr_with_empirical_fpr_le_target,0.0011139992573338284,0.0011139992573338284,0.001,6.930891787843905,63,14,14125,56490,0.0011139992573338284,0.000990169035999717,True,max_tpr_with_empirical_fpr_le_target,32,True,False,1.8430557521241382,1.8466467684004055,0.6876723955018035,DIABETES,RF,dp,1.0,13
0.5007208928629316,0.0049826834850505985,56553,14139,0.10190440825420402,0.10190440825420402,0.1,0.08319835148183685,5763,1413,12726,50790,0.10190440825420402,0.09993634627625717,True,max_tpr_with_empirical_fpr_le_target,0.012855197779074496,0.012855197779074496,0.01,2.0954342501373144,727,141,13998,55826,0.012855197779074496,0.009972416719711436,True,max_tpr_with_empirical_fpr_le_target,0.0014499672873233957,0.0014499672873233957,0.001,5.823799389502659,82,14,14125,56471,0.0014499672873233957,0.000990169035999717,True,max_tpr_with_empirical_fpr_le_target,32,True,False,1.9347655000340664,1.9370663520648101,0.6876723955018035,DIABETES,RF,dp,1.0,14
0.49967364174045664,0.0027776351132068333,56553,14139,0.1011971071384365,0.1011971071384365,0.1,0.10087601225416609,5723,1413,12726,50830,0.1011971071384365,0.09993634627625717,True,max_tpr_with_empirical_fpr_le_target,0.010733294431771966,0.010733294431771966,0.01,2.294771729999945,607,141,13998,55946,0.010733294431771966,0.009972416719711436,True,max_tpr_with_empirical_fpr_le_target,0.0010609516736512653,0.0010609516736512653,0.001,5.637374640750119,60,14,14125,56493,0.0010609516736512653,0.000990169035999717,True,max_tpr_with_empirical_fpr_le_target,32,True,False,2.0438323099696505,2.053268629779374,0.6876723955018035,DIABETES,RF,dp,1.0,15
0.5026157972742736,0.007933549592938127,56553,14139,0.10273548706523085,0.10273548706523085,0.1,0.08336043333189425,5810,1413,12726,50743,0.10273548706523085,0.09993634627625717,True,max_tpr_with_empirical_fpr_le_target,0.01085707212703128,0.01085707212703128,0.01,2.3672517530312094,614,141,13998,55939,0.01085707212703128,0.009972416719711436,True,max_tpr_with_empirical_fpr_le_target,0.0009371739783919509,0.0009371739783919509,0.001,6.876544011125732,53,14,14125,56500,0.0009371739783919509,0.000990169035999717,True,max_tpr_with_empirical_fpr_le_target,32,True,False,1.9424188330768715,1.9405139240719496,0.6876723955018035,DIABETES,RF,dp,1.0,16
0.5016481075223559,0.007739679602724592,56553,14139,0.09840326773115485,0.09840326773115485,0.1,0.08276152912091739,5565,1413,12726,50988,0.09840326773115485,0.09993634627625717,True,max_tpr_with_empirical_fpr_le_target,0.0096723427581207,0.0096723427581207,0.01,2.509873663708195,547,141,13998,56006,0.0096723427581207,0.009972416719711436,True,max_tpr_with_empirical_fpr_le_target,0.001361554647852457,0.001361554647852457,0.001,6.148550122675144,77,14,14125,56476,0.001361554647852457,0.000990169035999717,True,max_tpr_with_empirical_fpr_le_target,32,True,False,1.9030502600792687,1.9015994132545813,0.6876723955018035,DIABETES,RF,dp,1.0,17
0.4995952065539555,0.005580636568678021,56553,14139,0.10255866178628897,0.10255866178628897,0.1,0.08691133668416207,5800,1413,12726,50753,0.10255866178628897,0.09993634627625717,True,max_tpr_with_empirical_fpr_le_target,0.00991989814863933,0.00991989814863933,0.01,2.428659341211171,561,141,13998,55992,0.00991989814863933,0.009972416719711436,True,max_tpr_with_empirical_fpr_le_target,0.0009548565062861387,0.0009548565062861387,0.001,6.2224565875039435,54,14,14125,56499,0.0009548565062861387,0.000990169035999717,True,max_tpr_with_empirical_fpr_le_target,32,True,False,1.9382556639330035,1.9461411484761537,0.6876723955018035,DIABETES,RF,dp,1.0,18
0.5001714582396564,0.005831167186147734,56553,14139,0.10043675843898643,0.10043675843898643,0.1,0.0729121354408564,5680,1413,12726,50873,0.10043675843898643,0.09993634627625717,True,max_tpr_with_empirical_fpr_le_target,0.009902215620745142,0.009909111806623875,0.01,2.7542071838736817,560,141,13998,55993,0.009902215620745142,0.009972416719711436,True,max_tpr_with_empirical_fpr_le_target,0.0006896185878733224,0.0006896185878733224,0.001,8.476406103982935,39,13,14126,56514,0.0006896185878733224,0.0009194426762854516,True,max_tpr_with_empirical_fpr_le_target,32,True,False,1.7577612927856276,1.750753900100761,0.6876723955018035,DIABETES,RF,dp,1.0,19
0.5032050622950055,0.007076177729612873,56553,14139,0.10278853464891341,0.10278853464891341,0.1,0.08721745540549541,5813,1413,12726,50740,0.10278853464891341,0.09993634627625717,True,max_tpr_with_empirical_fpr_le_target,0.011352182908068538,0.011352182908068538,0.01,2.288202627292724,642,141,13998,55911,0.011352182908068538,0.009972416719711436,True,max_tpr_with_empirical_fpr_le_target,0.0010609516736512653,0.0010609516736512653,0.001,5.956926931502238,60,14,14125,56493,0.0010609516736512653,0.000990169035999717,True,max_tpr_with_empirical_fpr_le_target,32,True,False,1.9406593929097908,1.9398831716382983,0.6876723955018035,DIABETES,RF,dp,1.0,20
0.4985252235219912,0.0022927706686173277,56553,14139,0.10170990044736795,0.10170990044736795,0.1,0.07264725721285092,5752,1413,12726,50801,0.10170990044736795,0.09993634627625717,True,max_tpr_with_empirical_fpr_le_target,0.010326596290205648,0.010326596290205648,0.01,2.4705719413600145,584,141,13998,55969,0.010326596290205648,0.009972416719711436,True,max_tpr_with_empirical_fpr_le_target,0.0011139992573338284,0.0011139992573338284,0.001,7.364331198961736,63,14,14125,56490,0.0011139992573338284,0.000990169035999717,True,max_tpr_with_empirical_fpr_le_target,32,True,False,1.7419483302320158,1.7422680517314049,0.6876723955018035,DIABETES,RF,dp,1.0,21
0.5000052325975464,0.005937847644060468,56553,14139,0.10126783725001326,0.10126783725001326,0.1,0.07051415995937149,5727,1413,12726,50826,0.10126783725001326,0.09993634627625717,True,max_tpr_with_empirical_fpr_le_target,0.01094548476650222,0.01094548476650222,0.01,2.4601364015465457,619,141,13998,55934,0.01094548476650222,0.009972416719711436,True,max_tpr_with_empirical_fpr_le_target,0.001361554647852457,0.001361554647852457,0.001,6.350077659968437,77,13,14126,56476,0.001361554647852457,0.0009194426762854516,True,max_tpr_with_empirical_fpr_le_target,32,True,False,1.8835804299374794,1.881397999634643,0.6876723955018035,DIABETES,RF,dp,1.0,22
0.5055260519719973,0.01096222557691251,56553,14139,0.10132088483369582,0.10132088483369582,0.1,0.08290144100372743,5730,1413,12726,50823,0.10132088483369582,0.09993634627625717,True,max_tpr_with_empirical_fpr_le_target,0.010096723427581207,0.010096723427581207,0.01,2.303034352993315,571,141,13998,55982,0.010096723427581207,0.009972416719711436,True,max_tpr_with_empirical_fpr_le_target,0.0011493643131222039,0.0011493643131222039,0.001,5.871404160640259,65,14,14125,56488,0.0011493643131222039,0.000990169035999717,True,max_tpr_with_empirical_fpr_le_target,32,True,False,1.9633255650425716,1.962519650331331,0.6876723955018035,DIABETES,RF,dp,1.0,23
0.4971364634939459,0.00217182938139715,56553,14139,0.09829717256378973,0.09829717256378973,0.1,0.08909972580548997,5559,1412,12727,50994,0.09829717256378973,0.0998656199165429,True,max_tpr_with_empirical_fpr_le_target,0.01110462751754991,0.01110462751754991,0.01,2.3475380234806504,628,139,14000,55925,0.01110462751754991,0.009830964000282905,True,max_tpr_with_empirical_fpr_le_target,0.0017505702615245875,0.0017505702615245875,0.001,5.658357321180937,99,14,14125,56454,0.0017505702615245875,0.000990169035999717,True,max_tpr_with_empirical_fpr_le_target,32,True,False,1.8621860904580463,1.8662638560092653,0.6876723955018035,DIABETES,RF,dp,1.0,24
0.49962122134311954,0.003064367451799055,56553,14139,0.10036602832740969,0.10036602832740969,0.1,0.0867271784052337,5676,1413,12726,50877,0.10036602832740969,0.09993634627625717,True,max_tpr_with_empirical_fpr_le_target,0.009866850564956767,0.009866850564956767,0.01,2.525441084188153,558,141,13998,55995,0.009866850564956767,0.009972416719711436,True,max_tpr_with_empirical_fpr_le_target,0.0008310788110268244,0.0008310788110268244,0.001,6.5002175943150124,47,14,14125,56506,0.0008310788110268244,0.000990169035999717,True,max_tpr_with_empirical_fpr_le_target,32,True,False,1.8836142014582966,1.8923068069076536,0.6876723955018035,DIABETES,RF,dp,1.0,25
0.5018696224859834,0.007603727113699832,56553,14139,0.10241720156313547,0.10241720156313547,0.1,0.06833597328214625,5792,1413,12726,50761,0.10241720156313547,0.09993634627625717,True,max_tpr_with_empirical_fpr_le_target,0.010874754654925468,0.010874754654925468,0.01,2.4233177459672692,615,141,13998,55938,0.010874754654925468,0.009972416719711436,True,max_tpr_with_empirical_fpr_le_target,0.0011139992573338284,0.0011139992573338284,0.001,7.0270903750820795,63,14,14125,56490,0.0011139992573338284,0.000990169035999717,True,max_tpr_with_empirical_fpr_le_target,32,True,False,1.8083742850322428,1.808074606976304,0.6876723955018035,DIABETES,RF,dp,1.0,26
0.5000602023854424,0.00478038681169457,56553,14139,0.10139161494527257,0.10139161494527257,0.1,0.08888494812396175,5734,1413,12726,50819,0.10139161494527257,0.09993634627625717,True,max_tpr_with_empirical_fpr_le_target,0.01094548476650222,0.01094548476650222,0.01,2.3949666720075777,619,141,13998,55934,0.01094548476650222,0.009972416719711436,True,max_tpr_with_empirical_fpr_le_target,0.0016798401499478366,0.0016798401499478366,0.001,5.413378207737203,95,14,14125,56458,0.0016798401499478366,0.000990169035999717,True,max_tpr_with_empirical_fpr_le_target,32,True,False,1.974804311125045,1.982744263508168,0.6876723955018035,DIABETES,RF,dp,1.0,27
0.4990232807657004,0.005402201740729917,56553,14139,0.10321291531837391,0.10321291531837391,0.1,0.10411145827537927,5837,1410,12729,50716,0.10321291531837391,0.09972416719711437,True,max_tpr_with_empirical_fpr_le_target,0.009424787367602072,0.009424787367602072,0.01,2.510876899860725,533,141,13998,56020,0.009424787367602072,0.009972416719711436,True,max_tpr_with_empirical_fpr_le_target,0.001503014871005959,0.001503014871005959,0.001,5.522580285293407,85,14,14125,56468,0.001503014871005959,0.000990169035999717,True,max_tpr_with_empirical_fpr_le_target,32,True,False,2.033100368121143,2.0393460657993345,0.6876723955018035,DIABETES,RF,dp,1.0,28
0.4966505122598567,0.0029887186485038075,56553,14139,0.09667037999752445,0.09667037999752445,0.1,0.09170969379275107,5467,1410,12729,51086,0.09667037999752445,0.09972416719711437,True,max_tpr_with_empirical_fpr_le_target,0.010361961345994023,0.010361961345994023,0.01,2.461371011644169,586,141,13998,55967,0.010361961345994023,0.009972416719711436,True,max_tpr_with_empirical_fpr_le_target,0.0011847293689105794,0.0011847293689105794,0.001,6.4381181449600255,67,14,14125,56486,0.0011847293689105794,0.000990169035999717,True,max_tpr_with_empirical_fpr_le_target,32,True,False,1.8326505074338142,1.839161398103524,0.6876723955018035,DIABETES,RF,dp,1.0,29
0.4964930172017505,0.00465623768204923,56553,14139,0.10330132795784486,0.10330132795784486,0.1,0.07224660056592258,5842,1413,12726,50711,0.10330132795784486,0.09993634627625717,True,max_tpr_with_empirical_fpr_le_target,0.010415008929676587,0.010415008929676587,0.01,2.6373226935385095,589,141,13998,55964,0.010415008929676587,0.009972416719711436,True,max_tpr_with_empirical_fpr_le_target,0.0010432691457570775,0.0010432691457570775,0.001,7.393061906208857,59,13,14126,56494,0.0010432691457570775,0.0009194426762854516,True,max_tpr_with_empirical_fpr_le_target,32,True,False,1.814475223365508,1.8108646675563358,0.6877431218615178,DIABETES,RF,dp,2.0,0
0.49933787255917883,0.0029937198811969684,56553,14139,0.10248793167471222,0.10248793167471222,0.1,0.08869894132626621,5796,1413,12726,50757,0.10248793167471222,0.09993634627625717,True,max_tpr_with_empirical_fpr_le_target,0.009619295174438137,0.009619295174438137,0.01,2.556163465259216,544,141,13998,56009,0.009619295174438137,0.009972416719711436,True,max_tpr_with_empirical_fpr_le_target,0.0006365710041907591,0.0006365710041907591,0.001,6.973848615335482,36,14,14125,56517,0.0006365710041907591,0.000990169035999717,True,max_tpr_with_empirical_fpr_le_target,32,True,False,1.8799301359475813,1.8890812940303479,0.6877431218615178,DIABETES,RF,dp,2.0,1
0.5066459572861937,0.012508912127249805,56553,14139,0.10478666030095662,0.10478666030095662,0.1,0.07124387964186152,5926,1412,12727,50627,0.10478666030095662,0.0998656199165429,True,max_tpr_with_empirical_fpr_le_target,0.010291231234417272,0.010291231234417272,0.01,2.5179428418291003,582,141,13998,55971,0.010291231234417272,0.009972416719711436,True,max_tpr_with_empirical_fpr_le_target,0.0009371739783919509,0.0009371739783919509,0.001,6.754862195497166,53,14,14125,56500,0.0009371739783919509,0.000990169035999717,True,max_tpr_with_empirical_fpr_le_target,32,True,False,1.8905680153519115,1.8840251463358904,0.6877431218615178,DIABETES,RF,dp,2.0,2
0.4961667439844234,0.0012734196462054455,56553,14139,0.09806729970116528,0.09806729970116528,0.1,0.08972648483654755,5546,1413,12726,51007,0.09806729970116528,0.09993634627625717,True,max_tpr_with_empirical_fpr_le_target,0.010910119710713843,0.010910119710713843,0.01,2.3410849660463775,617,141,13998,55936,0.010910119710713843,0.009972416719711436,True,max_tpr_with_empirical_fpr_le_target,0.0012377769525931427,0.0012377769525931427,0.001,6.277002293116561,70,11,14128,56483,0.0012377769525931427,0.0007779899568569206,True,max_tpr_with_empirical_fpr_le_target,32,True,False,1.885408830771243,1.8827294583069958,0.6877431218615178,DIABETES,RF,dp,2.0,3
0.4992320456499814,0.004809099815296203,56553,14139,0.10008310788110268,0.10008310788110268,0.1,0.07840080373561009,5660,1412,12727,50893,0.10008310788110268,0.0998656199165429,True,max_tpr_with_empirical_fpr_le_target,0.00857602602868106,0.00857602602868106,0.01,2.602618683087706,485,141,13998,56068,0.00857602602868106,0.009972416719711436,True,max_tpr_with_empirical_fpr_le_target,0.0007957137552384489,0.0007957137552384489,0.001,7.141842318478688,45,13,14126,56508,0.0007957137552384489,0.0009194426762854516,True,max_tpr_with_empirical_fpr_le_target,32,True,False,1.8544412293653023,1.8552350183526811,0.6877431218615178,DIABETES,RF,dp,2.0,4
0.5041890288770063,0.008901894044859693,56553,14139,0.10487507294042757,0.10487507294042757,0.1,0.0807031575989341,5931,1413,12726,50622,0.10487507294042757,0.09993634627625717,True,max_tpr_with_empirical_fpr_le_target,0.010786342015454529,0.010786342015454529,0.01,2.3616686819628594,610,140,13999,55943,0.010786342015454529,0.00990169035999717,True,max_tpr_with_empirical_fpr_le_target,0.0011139992573338284,0.0011139992573338284,0.001,6.3802367387513375,63,12,14127,56490,0.0011139992573338284,0.000848716316571186,True,max_tpr_with_empirical_fpr_le_target,32,True,False,1.9351544965424052,1.9351445745707074,0.6877431218615178,DIABETES,RF,dp,2.0,5
0.49703032705609346,0.00220145783944517,56553,14139,0.09781974431064665,0.09781974431064665,0.1,0.1001270393234821,5532,1412,12727,51021,0.09781974431064665,0.0998656199165429,True,max_tpr_with_empirical_fpr_le_target,0.009866850564956767,0.009880642936714234,0.01,2.454371644665943,558,141,13998,55995,0.009866850564956767,0.009972416719711436,True,max_tpr_with_empirical_fpr_le_target,0.0013085070641698938,0.0013085070641698938,0.001,5.773378849874357,74,13,14126,56479,0.0013085070641698938,0.0009194426762854516,True,max_tpr_with_empirical_fpr_le_target,32,True,False,1.968992111107776,1.9634250480844455,0.6877431218615178,DIABETES,RF,dp,2.0,6
0.501550148894101,0.00736753236278731,56553,14139,0.09981786996268986,0.09981786996268986,0.1,0.08811958256472696,5645,1413,12726,50908,0.09981786996268986,0.09993634627625717,True,max_tpr_with_empirical_fpr_le_target,0.009301009672342759,0.009301009672342759,0.01,2.5064376590861257,526,140,13999,56027,0.009301009672342759,0.00990169035999717,True,max_tpr_with_empirical_fpr_le_target,0.0013438721199582693,0.0013438721199582693,0.001,6.188805447701528,76,14,14125,56477,0.0013438721199582693,0.000990169035999717,True,max_tpr_with_empirical_fpr_le_target,32,True,False,1.8806135927159802,1.8842899822934056,0.6877431218615178,DIABETES,RF,dp,2.0,7
0.49744682881433433,0.002212638389652022,56553,14139,0.09879228334482698,0.09879228334482698,0.1,0.09513713710199401,5587,1411,12728,50966,0.09879228334482698,0.09979489355682863,True,max_tpr_with_empirical_fpr_le_target,0.010450373985464962,0.010450373985464962,0.01,2.316102402295047,591,141,13998,55962,0.010450373985464962,0.009972416719711436,True,max_tpr_with_empirical_fpr_le_target,0.0009548565062861387,0.0009548565062861387,0.001,6.146041308840628,54,14,14125,56499,0.0009548565062861387,0.000990169035999717,True,max_tpr_with_empirical_fpr_le_target,32,True,False,1.9722579560134053,1.9604062451602258,0.6877431218615178,DIABETES,RF,dp,2.0,8
0.4967276274160733,0.0022296943565111096,56553,14139,0.09951726698848867,0.09951726698848867,0.1,0.11040228963339427,5628,1413,12726,50925,0.09951726698848867,0.09993634627625717,True,max_tpr_with_empirical_fpr_le_target,0.011122310045444096,0.011122310045444096,0.01,2.177647184009641,629,141,13998,55924,0.011122310045444096,0.009972416719711436,True,max_tpr_with_empirical_fpr_le_target,0.0008664438668151999,0.0008664438668151999,0.001,5.909803427911351,49,14,14125,56504,0.0008664438668151999,0.000990169035999717,True,max_tpr_with_empirical_fpr_le_target,32,True,False,2.0298511999163624,2.033528072541904,0.6877431218615178,DIABETES,RF,dp,2.0,9
0.4986291957604999,0.003169059422594586,56553,14139,0.1012147896663307,0.1012147896663307,0.1,0.08240203905544985,5724,1411,12728,50829,0.1012147896663307,0.09979489355682863,True,max_tpr_with_empirical_fpr_le_target,0.011758881049634856,0.011758881049634856,0.01,2.209685670569074,665,141,13998,55888,0.011758881049634856,0.009972416719711436,True,max_tpr_with_empirical_fpr_le_target,0.0014146022315350202,0.0014146022315350202,0.001,5.931305488991313,80,14,14125,56473,0.0014146022315350202,0.000990169035999717,True,max_tpr_with_empirical_fpr_le_target,32,True,False,1.9380485502993212,1.9327933948893423,0.6877431218615178,DIABETES,RF,dp,2.0,10
0.5024550068302844,0.00920719059903019,56553,14139,0.10333669301363323,0.10333669301363323,0.1,0.0819335174758935,5844,1413,12726,50709,0.10333669301363323,0.09993634627625717,True,max_tpr_with_empirical_fpr_le_target,0.010574151680724276,0.010574151680724276,0.01,2.3411731067987516,598,141,13998,55955,0.010574151680724276,0.009972416719711436,True,max_tpr_with_empirical_fpr_le_target,0.0006542535320849469,0.0006542535320849469,0.001,6.986710031264453,37,14,14125,56516,0.0006542535320849469,0.000990169035999717,True,max_tpr_with_empirical_fpr_le_target,32,True,False,1.8762873029280405,1.875999319843159,0.6877431218615178,DIABETES,RF,dp,2.0,11
0.49616705851556187,0.0019608358907997614,56553,14139,0.09858009301009672,0.09858009301009672,0.1,0.08175957918098997,5575,1413,12726,50978,0.09858009301009672,0.09993634627625717,True,max_tpr_with_empirical_fpr_le_target,0.010185136067052146,0.010185136067052146,0.01,2.3135384259470397,576,141,13998,55977,0.010185136067052146,0.009972416719711436,True,max_tpr_with_empirical_fpr_le_target,0.0009194914504977632,0.0009194914504977632,0.001,7.075063981489638,52,14,14125,56501,0.0009194914504977632,0.000990169035999717,True,max_tpr_with_empirical_fpr_le_target,32,True,False,1.8498241683361045,1.856353650370057,0.6877431218615178,DIABETES,RF,dp,2.0,12
0.4954121762797531,0.0006019037948246878,56553,14139,0.09797888706169434,0.09797888706169434,0.1,0.08649913782225771,5541,1413,12726,51012,0.09797888706169434,0.09993634627625717,True,max_tpr_with_empirical_fpr_le_target,0.009018089226035754,0.009018089226035754,0.01,2.754563826389411,510,141,13998,56043,0.009018089226035754,0.009972416719711436,True,max_tpr_with_empirical_fpr_le_target,0.0011493643131222039,0.0011493643131222039,0.001,6.868198087096359,65,14,14125,56488,0.0011493643131222039,0.000990169035999717,True,max_tpr_with_empirical_fpr_le_target,32,True,False,1.8452795247914466,1.8491217322751605,0.6877431218615178,DIABETES,RF,dp,2.0,13
0.5006489246367347,0.00469777830348872,56553,14139,0.10220501122840521,0.10220501122840521,0.1,0.08260940441629705,5780,1413,12726,50773,0.10220501122840521,0.09993634627625717,True,max_tpr_with_empirical_fpr_le_target,0.012660689972238431,0.012660689972238431,0.01,2.104161226172331,716,141,13998,55837,0.012660689972238431,0.009972416719711436,True,max_tpr_with_empirical_fpr_le_target,0.0014146022315350202,0.0014146022315350202,0.001,5.8635631389752305,80,14,14125,56473,0.0014146022315350202,0.000990169035999717,True,max_tpr_with_empirical_fpr_le_target,32,True,False,1.931499751115043,1.9332926928157605,0.6877431218615178,DIABETES,RF,dp,2.0,14
0.5000309578679888,0.003247293259142303,56553,14139,0.10073736141318763,0.10073736141318763,0.1,0.10292336707127037,5697,1412,12727,50856,0.10073736141318763,0.0998656199165429,True,max_tpr_with_empirical_fpr_le_target,0.011582055770692979,0.011582055770692979,0.01,2.1814278246112417,655,141,13998,55898,0.011582055770692979,0.009972416719711436,True,max_tpr_with_empirical_fpr_le_target,0.001007904089968702,0.001007904089968702,0.001,5.640433800547392,57,14,14125,56496,0.001007904089968702,0.000990169035999717,True,max_tpr_with_empirical_fpr_le_target,32,True,False,2.0452504251140757,2.054323458037256,0.6877431218615178,DIABETES,RF,dp,2.0,15
0.5023522451927376,0.008658506973562408,56553,14139,0.10261170936997153,0.10261170936997153,0.1,0.08415437757498845,5803,1413,12726,50750,0.10261170936997153,0.09993634627625717,True,max_tpr_with_empirical_fpr_le_target,0.010538786624935901,0.010538786624935901,0.01,2.4733451935164172,596,141,13998,55957,0.010538786624935901,0.009972416719711436,True,max_tpr_with_empirical_fpr_le_target,0.001361554647852457,0.001361554647852457,0.001,6.030055222269322,77,14,14125,56476,0.001361554647852457,0.000990169035999717,True,max_tpr_with_empirical_fpr_le_target,32,True,False,1.9446369207579886,1.9428621155263242,0.6877431218615178,DIABETES,RF,dp,2.0,16
0.49978348501844483,0.0042941154186731945,56553,14139,0.09720085583435008,0.09720085583435008,0.1,0.08580389992241644,5497,1413,12726,51056,0.09720085583435008,0.09993634627625717,True,max_tpr_with_empirical_fpr_le_target,0.009177231977083445,0.009177231977083445,0.01,2.6170354104926865,519,141,13998,56034,0.009177231977083445,0.009972416719711436,True,max_tpr_with_empirical_fpr_le_target,0.0012731420083815182,0.0012731420083815182,0.001,6.1998182700561255,72,14,14125,56481,0.0012731420083815182,0.000990169035999717,True,max_tpr_with_empirical_fpr_le_target,32,True,False,1.910311596568272,1.9073538498783151,0.6877431218615178,DIABETES,RF,dp,2.0,17
0.49896026573401475,0.0037081833024493194,56553,14139,0.10255866178628897,0.10255866178628897,0.1,0.08777365930688807,5800,1413,12726,50753,0.10255866178628897,0.09993634627625717,True,max_tpr_with_empirical_fpr_le_target,0.009813802981274202,0.009813802981274202,0.01,2.4300362643318767,555,141,13998,55998,0.009813802981274202,0.009972416719711436,True,max_tpr_with_empirical_fpr_le_target,0.0011493643131222039,0.0011493643131222039,0.001,5.928707130046286,65,14,14125,56488,0.0011493643131222039,0.000990169035999717,True,max_tpr_with_empirical_fpr_le_target,32,True,False,1.9454737800840252,1.9540486611868704,0.6877431218615178,DIABETES,RF,dp,2.0,18
0.4999636219413406,0.003231738037277443,56553,14139,0.1013562498894842,0.1013562498894842,0.1,0.07232304484700491,5732,1413,12726,50821,0.1013562498894842,0.09993634627625717,True,max_tpr_with_empirical_fpr_le_target,0.009937580676533516,0.009937580676533516,0.01,2.780564371659012,562,141,13998,55991,0.009937580676533516,0.009972416719711436,True,max_tpr_with_empirical_fpr_le_target,0.0007073011157675101,0.0007073011157675101,0.001,8.449332673722399,40,14,14125,56513,0.0007073011157675101,0.000990169035999717,True,max_tpr_with_empirical_fpr_le_target,32,True,False,1.7471526302925788,1.7417787754098573,0.6877431218615178,DIABETES,RF,dp,2.0,19
0.5034967677273223,0.007924627663947581,56553,14139,0.1022403762841936,0.1022403762841936,0.1,0.08709328285978257,5782,1413,12726,50771,0.1022403762841936,0.09993634627625717,True,max_tpr_with_empirical_fpr_le_target,0.011546690714904603,0.011546690714904603,0.01,2.258833800298142,653,141,13998,55900,0.011546690714904603,0.009972416719711436,True,max_tpr_with_empirical_fpr_le_target,0.0010963167294396406,0.0010963167294396406,0.001,5.952295266516455,62,14,14125,56491,0.0010963167294396406,0.000990169035999717,True,max_tpr_with_empirical_fpr_le_target,32,True,False,1.9429026048400249,1.9410610998864006,0.6877431218615178,DIABETES,RF,dp,2.0,20
0.499209697055776,0.0057542877719571894,56553,14139,0.10094955174791788,0.10094955174791788,0.1,0.07258442564584788,5709,1413,12726,50844,0.10094955174791788,0.09993634627625717,True,max_tpr_with_empirical_fpr_le_target,0.010503421569147525,0.010503421569147525,0.01,2.437505952041826,594,141,13998,55959,0.010503421569147525,0.009972416719711436,True,max_tpr_with_empirical_fpr_le_target,0.0012554594804873305,0.0012554594804873305,0.001,7.183413414259394,71,14,14125,56482,0.0012554594804873305,0.000990169035999717,True,max_tpr_with_empirical_fpr_le_target,32,True,False,1.7419518764261541,1.741012574989007,0.6877431218615178,DIABETES,RF,dp,2.0,21
0.5000542900754756,0.004540882918069866,56553,14139,0.10123247219422489,0.10123247219422489,0.1,0.07151466448969312,5725,1413,12726,50828,0.10123247219422489,0.09993634627625717,True,max_tpr_with_empirical_fpr_le_target,0.010609516736512652,0.010609516736512652,0.01,2.530351257015157,600,141,13998,55953,0.010609516736512652,0.009972416719711436,True,max_tpr_with_empirical_fpr_le_target,0.0013792371757466448,0.0013792371757466448,0.001,6.299208925533057,78,14,14125,56475,0.0013792371757466448,0.000990169035999717,True,max_tpr_with_empirical_fpr_le_target,32,True,False,1.8881381164044961,1.8862357631356939,0.6877431218615178,DIABETES,RF,dp,2.0,22
0.5049855893025457,0.01051822266665281,56553,14139,0.1007904089968702,0.1007904089968702,0.1,0.08378397386176273,5700,1413,12726,50853,0.1007904089968702,0.09993634627625717,True,max_tpr_with_empirical_fpr_le_target,0.010061358371792832,0.010061358371792832,0.01,2.3231071129802427,569,140,13999,55984,0.010061358371792832,0.00990169035999717,True,max_tpr_with_empirical_fpr_le_target,0.0012024118968047672,0.0012024118968047672,0.001,5.934490918194553,68,13,14126,56485,0.0012024118968047672,0.0009194426762854516,True,max_tpr_with_empirical_fpr_le_target,32,True,False,1.9686270982298433,1.967402392565004,0.6877431218615178,DIABETES,RF,dp,2.0,23
0.4980801313209899,0.004406952682924792,56553,14139,0.09785510936643503,0.09785510936643503,0.1,0.08894846769814335,5534,1413,12726,51019,0.09785510936643503,0.09993634627625717,True,max_tpr_with_empirical_fpr_le_target,0.011688150938058105,0.011688150938058105,0.01,2.271576980621273,661,141,13998,55892,0.011688150938058105,0.009972416719711436,True,max_tpr_with_empirical_fpr_le_target,0.0013792371757466448,0.0013792371757466448,0.001,6.240223256569475,78,14,14125,56475,0.0013792371757466448,0.000990169035999717,True,max_tpr_with_empirical_fpr_le_target,32,True,False,1.8585621402016144,1.8604213386667674,0.6877431218615178,DIABETES,RF,dp,2.0,24
0.49960336435361974,0.0032597044202443692,56553,14139,0.09965872721164218,0.09965872721164218,0.1,0.08666604883333706,5636,1413,12726,50917,0.09965872721164218,0.09993634627625717,True,max_tpr_with_empirical_fpr_le_target,0.009566247590755575,0.009566247590755575,0.01,2.593698726545863,541,141,13998,56012,0.009566247590755575,0.009972416719711436,True,max_tpr_with_empirical_fpr_le_target,0.0007603486994500734,0.0007603486994500734,0.001,6.692187341671846,43,14,14125,56510,0.0007603486994500734,0.000990169035999717,True,max_tpr_with_empirical_fpr_le_target,32,True,False,1.8833019553042167,1.8930014495485517,0.6877431218615178,DIABETES,RF,dp,2.0,25
0.5017148312701085,0.007443788967805176,56553,14139,0.10245256661892384,0.10245256661892384,0.1,0.06904950528846032,5794,1413,12726,50759,0.10245256661892384,0.09993634627625717,True,max_tpr_with_empirical_fpr_le_target,0.010750976959666154,0.010750976959666154,0.01,2.437241365567303,608,141,13998,55945,0.010750976959666154,0.009972416719711436,True,max_tpr_with_empirical_fpr_le_target,0.0011847293689105794,0.0011847293689105794,0.001,6.96237988366475,67,14,14125,56486,0.0011847293689105794,0.000990169035999717,True,max_tpr_with_empirical_fpr_le_target,32,True,False,1.8103168950273383,1.8102393898788443,0.6877431218615178,DIABETES,RF,dp,2.0,26
0.5001610174316696,0.0042467481547937,56553,14139,0.10151539264053189,0.10151539264053189,0.1,0.08908130663648506,5741,1413,12726,50812,0.10151539264053189,0.09993634627625717,True,max_tpr_with_empirical_fpr_le_target,0.01085707212703128,0.01085707212703128,0.01,2.4277231940610715,614,141,13998,55939,0.01085707212703128,0.009972416719711436,True,max_tpr_with_empirical_fpr_le_target,0.001644475094159461,0.001644475094159461,0.001,5.452854972973654,93,14,14125,56460,0.001644475094159461,0.000990169035999717,True,max_tpr_with_empirical_fpr_le_target,32,True,False,1.9786691167396793,1.9860127170507151,0.6877431218615178,DIABETES,RF,dp,2.0,27
0.49887994773785616,0.0048540171129726195,56553,14139,0.10392021643414143,0.10392021643414143,0.1,0.1035272307098678,5877,1412,12727,50676,0.10392021643414143,0.0998656199165429,True,max_tpr_with_empirical_fpr_le_target,0.009849168037062579,0.009849168037062579,0.01,2.4603348561008636,557,140,13999,55996,0.009849168037062579,0.00990169035999717,True,max_tpr_with_empirical_fpr_le_target,0.001290824536275706,0.001290824536275706,0.001,5.644884629751488,73,14,14125,56480,0.001290824536275706,0.000990169035999717,True,max_tpr_with_empirical_fpr_le_target,32,True,False,2.038309632714168,2.0447748952161153,0.6877431218615178,DIABETES,RF,dp,2.0,28
0.49706187334118196,0.0021231977398600277,56553,14139,0.09622831680016976,0.09622831680016976,0.1,0.09180770333096411,5442,1413,12726,51111,0.09622831680016976,0.09993634627625717,True,max_tpr_with_empirical_fpr_le_target,0.009389422311813696,0.009389422311813696,0.01,2.64164244117093,531,141,13998,56022,0.009389422311813696,0.009972416719711436,True,max_tpr_with_empirical_fpr_le_target,0.001220094424698955,0.001220094424698955,0.001,6.388874384112414,69,14,14125,56484,0.001220094424698955,0.000990169035999717,True,max_tpr_with_empirical_fpr_le_target,32,True,False,1.843633653126612,1.8495531159345517,0.6877431218615178,DIABETES,RF,dp,2.0,29
0.49607442503079463,0.003241958110687962,56553,14139,0.10193977330999239,0.10193977330999239,0.1,0.0749202691093076,5765,1412,12727,50788,0.10193977330999239,0.0998656199165429,True,max_tpr_with_empirical_fpr_le_target,0.010361961345994023,0.010361961345994023,0.01,2.6192537847998683,586,141,13998,55967,0.010361961345994023,0.009972416719711436,True,max_tpr_with_empirical_fpr_le_target,0.0010432691457570775,0.0010432691457570775,0.001,7.327494180751763,59,14,14125,56494,0.0010432691457570775,0.000990169035999717,True,max_tpr_with_empirical_fpr_le_target,32,True,False,1.8212676513598185,1.818685912633203,0.6877431218615178,DIABETES,RF,dp,4.0,0
0.499280564735644,0.00301140240909116,56553,14139,0.10248793167471222,0.10248793167471222,0.1,0.08895830356763756,5796,1413,12726,50757,0.10248793167471222,0.09993634627625717,True,max_tpr_with_empirical_fpr_le_target,0.009884533092850954,0.009884533092850954,0.01,2.5073754378127573,559,141,13998,55994,0.009884533092850954,0.009972416719711436,True,max_tpr_with_empirical_fpr_le_target,0.0006365710041907591,0.0006365710041907591,0.001,6.970846799945601,36,14,14125,56517,0.0006365710041907591,0.000990169035999717,True,max_tpr_with_empirical_fpr_le_target,32,True,False,1.8802735293222712,1.8894733107220327,0.6877431218615178,DIABETES,RF,dp,4.0,1
0.5069506003909814,0.013039984510210656,56553,14139,0.10522872349831132,0.10522872349831132,0.1,0.06989894134733743,5951,1412,12727,50602,0.10522872349831132,0.0998656199165429,True,max_tpr_with_empirical_fpr_le_target,0.010202818594946334,0.010202818594946334,0.01,2.514739647727088,577,141,13998,55976,0.010202818594946334,0.009972416719711436,True,max_tpr_with_empirical_fpr_le_target,0.0009194914504977632,0.0009194914504977632,0.001,6.7543231494449145,52,14,14125,56501,0.0009194914504977632,0.000990169035999717,True,max_tpr_with_empirical_fpr_le_target,32,True,False,1.8924980572171302,1.8852743851023388,0.6877431218615178,DIABETES,RF,dp,4.0,2
0.4956353120479744,0.0011142806470202408,56553,14139,0.09691793538804308,0.09691793538804308,0.1,0.09309494510859873,5481,1413,12726,51072,0.09691793538804308,0.09993634627625717,True,max_tpr_with_empirical_fpr_le_target,0.010574151680724276,0.010574151680724276,0.01,2.381903623535587,598,141,13998,55955,0.010574151680724276,0.009972416719711436,True,max_tpr_with_empirical_fpr_le_target,0.0012554594804873305,0.0012554594804873305,0.001,6.2052296640367635,71,14,14125,56482,0.0012554594804873305,0.000990169035999717,True,max_tpr_with_empirical_fpr_le_target,32,True,False,1.8891136668086288,1.8863159622413903,0.6877431218615178,DIABETES,RF,dp,4.0,3
0.4990517961712111,0.0067837012895552995,56553,14139,0.09995933018584337,0.09995933018584337,0.1,0.07936925367332837,5653,1413,12726,50900,0.09995933018584337,0.09993634627625717,True,max_tpr_with_empirical_fpr_le_target,0.008682121196046187,0.008682121196046187,0.01,2.537983494221387,491,141,13998,56062,0.008682121196046187,0.009972416719711436,True,max_tpr_with_empirical_fpr_le_target,0.0009018089226035754,0.0009018089226035754,0.001,6.9338367240156344,51,14,14125,56502,0.0009018089226035754,0.000990169035999717,True,max_tpr_with_empirical_fpr_le_target,32,True,False,1.8557463976225954,1.8571436909862689,0.6877431218615178,DIABETES,RF,dp,4.0,4
0.5038502957243649,0.007457314432065432,56553,14139,0.10457446996622637,0.10457446996622637,0.1,0.08165045364939161,5914,1413,12726,50639,0.10457446996622637,0.09993634627625717,True,max_tpr_with_empirical_fpr_le_target,0.01085707212703128,0.01085707212703128,0.01,2.3499589037756223,614,141,13998,55939,0.01085707212703128,0.009972416719711436,True,max_tpr_with_empirical_fpr_le_target,0.001220094424698955,0.001220094424698955,0.001,6.1970489777889455,69,14,14125,56484,0.001220094424698955,0.000990169035999717,True,max_tpr_with_empirical_fpr_le_target,32,True,False,1.9369497240795397,1.9376389974253598,0.6877431218615178,DIABETES,RF,dp,4.0,5
0.4972620233238858,0.002325205519804613,56553,14139,0.09776669672696409,0.09776669672696409,0.1,0.10067425901749294,5529,1413,12726,51024,0.09776669672696409,0.09993634627625717,True,max_tpr_with_empirical_fpr_le_target,0.009778437925485828,0.009778437925485828,0.01,2.463127452055301,553,141,13998,56000,0.009778437925485828,0.009972416719711436,True,max_tpr_with_empirical_fpr_le_target,0.001290824536275706,0.001290824536275706,0.001,5.774128956910134,73,13,14126,56480,0.001290824536275706,0.0009194426762854516,True,max_tpr_with_empirical_fpr_le_target,32,True,False,1.968745825697916,1.9632841619079973,0.6877431218615178,DIABETES,RF,dp,4.0,6
0.5016417906365511,0.007524506537318398,56553,14139,0.10066663130161088,0.10066663130161088,0.1,0.08659041886393104,5693,1413,12726,50860,0.10066663130161088,0.09993634627625717,True,max_tpr_with_empirical_fpr_le_target,0.009159549449189256,0.009159549449189256,0.01,2.5143689887159457,518,141,13998,56035,0.009159549449189256,0.009972416719711436,True,max_tpr_with_empirical_fpr_le_target,0.0013261895920640815,0.0013261895920640815,0.001,6.176266992978071,75,14,14125,56478,0.0013261895920640815,0.000990169035999717,True,max_tpr_with_empirical_fpr_le_target,32,True,False,1.8826144786266719,1.886228463739567,0.6877431218615178,DIABETES,RF,dp,4.0,7
0.49784102012230524,0.0027110320503641594,56553,14139,0.09895142609587466,0.09895142609587466,0.1,0.0948101717040517,5596,1413,12726,50957,0.09895142609587466,0.09993634627625717,True,max_tpr_with_empirical_fpr_le_target,0.0103973264017824,0.0103973264017824,0.01,2.3279355086766347,588,140,13999,55965,0.0103973264017824,0.00990169035999717,True,max_tpr_with_empirical_fpr_le_target,0.0008841263947093876,0.0008841263947093876,0.001,6.2445112822332405,50,13,14126,56503,0.0008841263947093876,0.0009194426762854516,True,max_tpr_with_empirical_fpr_le_target,32,True,False,1.973569285093979,1.9614675430195143,0.6877431218615178,DIABETES,RF,dp,4.0,8
0.49647057731222466,0.0019774904083729172,56553,14139,0.09919898148639329,0.09919898148639329,0.1,0.11150853136604555,5610,1413,12726,50943,0.09919898148639329,0.09993634627625717,True,max_tpr_with_empirical_fpr_le_target,0.011033897405973159,0.011033897405973159,0.01,2.1927452364846474,624,141,13998,55929,0.011033897405973159,0.009972416719711436,True,max_tpr_with_empirical_fpr_le_target,0.0008841263947093876,0.0008841263947093876,0.001,5.830527415412515,50,14,14125,56503,0.0008841263947093876,0.000990169035999717,True,max_tpr_with_empirical_fpr_le_target,32,True,False,2.0277854931822485,2.0323899048764855,0.6877431218615178,DIABETES,RF,dp,4.0,9
0.4983763746309829,0.0029922566548276214,56553,14139,0.10096723427581207,0.10096723427581207,0.1,0.08346506772488649,5710,1412,12727,50843,0.10096723427581207,0.0998656199165429,True,max_tpr_with_empirical_fpr_le_target,0.012253991830672113,0.012253991830672113,0.01,2.153465499666386,693,141,13998,55860,0.012253991830672113,0.009972416719711436,True,max_tpr_with_empirical_fpr_le_target,0.001432284759429208,0.001432284759429208,0.001,5.918986300385319,81,14,14125,56472,0.001432284759429208,0.000990169035999717,True,max_tpr_with_empirical_fpr_le_target,32,True,False,1.9390602372031043,1.9345643593014774,0.6877431218615178,DIABETES,RF,dp,4.0,10
0.5023653260612934,0.008623685937834469,56553,14139,0.10333669301363323,0.10333669301363323,0.1,0.08201605882738106,5844,1411,12728,50709,0.10333669301363323,0.09979489355682863,True,max_tpr_with_empirical_fpr_le_target,0.01069792937598359,0.01069792937598359,0.01,2.3192975861087817,605,141,13998,55948,0.01069792937598359,0.009972416719711436,True,max_tpr_with_empirical_fpr_le_target,0.0006188884762965714,0.0006188884762965714,0.001,7.082116838424382,35,14,14125,56518,0.0006188884762965714,0.000990169035999717,True,max_tpr_with_empirical_fpr_le_target,32,True,False,1.877062524150821,1.8771508027219321,0.6877431218615178,DIABETES,RF,dp,4.0,11
0.4965307134147632,0.0024028765769794624,56553,14139,0.09896910862376886,0.09896910862376886,0.1,0.08099414405200767,5597,1412,12727,50956,0.09896910862376886,0.0998656199165429,True,max_tpr_with_empirical_fpr_le_target,0.009937580676533516,0.009937580676533516,0.01,2.360795544764704,562,141,13998,55991,0.009937580676533516,0.009972416719711436,True,max_tpr_with_empirical_fpr_le_target,0.0009548565062861387,0.0009548565062861387,0.001,7.072373583266991,54,14,14125,56499,0.0009548565062861387,0.000990169035999717,True,max_tpr_with_empirical_fpr_le_target,32,True,False,1.8497730511718278,1.856574619670871,0.6877431218615178,DIABETES,RF,dp,4.0,12
0.49503931055814987,0.0004017306756354255,56553,14139,0.09849168037062578,0.09849168037062578,0.1,0.08545759892629712,5570,1413,12726,50983,0.09849168037062578,0.09993634627625717,True,max_tpr_with_empirical_fpr_le_target,0.008929676586564815,0.008929676586564815,0.01,2.7706244491805627,505,141,13998,56048,0.008929676586564815,0.009972416719711436,True,max_tpr_with_empirical_fpr_le_target,0.0011139992573338284,0.0011139992573338284,0.001,6.878969631468156,63,14,14125,56490,0.0011139992573338284,0.000990169035999717,True,max_tpr_with_empirical_fpr_le_target,32,True,False,1.843642442129461,1.8476052269151098,0.6877431218615178,DIABETES,RF,dp,4.0,13
0.5003758365713815,0.00400021327087112,56553,14139,0.10116174208264814,0.10116174208264814,0.1,0.08464255771566509,5721,1413,12726,50832,0.10116174208264814,0.09993634627625717,True,max_tpr_with_empirical_fpr_le_target,0.01220094424698955,0.01220094424698955,0.01,2.1452535473567593,690,141,13998,55863,0.01220094424698955,0.009972416719711436,True,max_tpr_with_empirical_fpr_le_target,0.0014146022315350202,0.0014146022315350202,0.001,5.825000393943473,80,14,14125,56473,0.0014146022315350202,0.000990169035999717,True,max_tpr_with_empirical_fpr_le_target,32,True,False,1.93557546598688,1.9373236213259086,0.6877431218615178,DIABETES,RF,dp,4.0,14
0.5003974116566043,0.0032343343261174162,56553,14139,0.1020812335331459,0.1020812335331459,0.1,0.09942460521206886,5773,1413,12726,50780,0.1020812335331459,0.09993634627625717,True,max_tpr_with_empirical_fpr_le_target,0.011741198521740668,0.011741198521740668,0.01,2.1754594692235325,664,141,13998,55889,0.011741198521740668,0.009972416719711436,True,max_tpr_with_empirical_fpr_le_target,0.0008664438668151999,0.0008664438668151999,0.001,5.868139854675832,49,14,14125,56504,0.0008664438668151999,0.000990169035999717,True,max_tpr_with_empirical_fpr_le_target,32,True,False,2.046198197608914,2.0548082021001473,0.6877431218615178,DIABETES,RF,dp,4.0,15
0.5020511338411697,0.006891664884438153,56553,14139,0.10245256661892384,0.10245256661892384,0.1,0.08460468948363475,5794,1413,12726,50759,0.10245256661892384,0.09993634627625717,True,max_tpr_with_empirical_fpr_le_target,0.010609516736512652,0.010609516736512652,0.01,2.4777361448494974,600,140,13999,55953,0.010609516736512652,0.00990169035999717,True,max_tpr_with_empirical_fpr_le_target,0.001007904089968702,0.001007904089968702,0.001,6.522955378375071,57,13,14126,56496,0.001007904089968702,0.0009194426762854516,True,max_tpr_with_empirical_fpr_le_target,32,True,False,1.9439093049689213,1.9417844833799398,0.6877431218615178,DIABETES,RF,dp,4.0,16
0.4993435428740152,0.0034772411590164864,56553,14139,0.09781974431064665,0.09781974431064665,0.1,0.08427560288969604,5532,1413,12726,51021,0.09781974431064665,0.09993634627625717,True,max_tpr_with_empirical_fpr_le_target,0.009159549449189256,0.009159549449189256,0.01,2.584216788390817,518,141,13998,56035,0.009159549449189256,0.009972416719711436,True,max_tpr_with_empirical_fpr_le_target,0.0011847293689105794,0.0011847293689105794,0.001,6.301329255102621,67,14,14125,56486,0.0011847293689105794,0.000990169035999717,True,max_tpr_with_empirical_fpr_le_target,32,True,False,1.9103943421846907,1.907151224771302,0.6877431218615178,DIABETES,RF,dp,4.0,17
0.4988254600642896,0.003920373637179592,56553,14139,0.10275316959312503,0.10275316959312503,0.1,0.08774684474918493,5811,1413,12726,50742,0.10275316959312503,0.09993634627625717,True,max_tpr_with_empirical_fpr_le_target,0.009849168037062579,0.009849168037062579,0.01,2.4301904102409493,557,141,13998,55996,0.009849168037062579,0.009972416719711436,True,max_tpr_with_empirical_fpr_le_target,0.0011316817852280161,0.0011316817852280161,0.001,5.929012111639182,64,14,14125,56489,0.0011316817852280161,0.000990169035999717,True,max_tpr_with_empirical_fpr_le_target,32,True,False,1.9454042206832038,1.9539859369452675,0.6877431218615178,DIABETES,RF,dp,4.0,18
0.500001760248816,0.005087412974471017,56553,14139,0.1003483457995155,0.1003483457995155,0.1,0.07362942998206523,5675,1413,12726,50878,0.1003483457995155,0.09993634627625717,True,max_tpr_with_empirical_fpr_le_target,0.010167453539157958,0.010167453539157958,0.01,2.7489717971545087,575,141,13998,55978,0.010167453539157958,0.009972416719711436,True,max_tpr_with_empirical_fpr_le_target,0.0008133962831326367,0.0008133962831326367,0.001,8.262995966319203,46,14,14125,56507,0.0008133962831326367,0.000990169035999717,True,max_tpr_with_empirical_fpr_le_target,32,True,False,1.753109257940465,1.746834137370607,0.6877431218615178,DIABETES,RF,dp,4.0,19
0.5035411460074217,0.008649363684685274,56553,14139,0.10229342386787615,0.10229342386787615,0.1,0.08694529540343399,5785,1413,12726,50768,0.10229342386787615,0.09993634627625717,True,max_tpr_with_empirical_fpr_le_target,0.011387547963856912,0.011387547963856912,0.01,2.2727704039980288,644,141,13998,55909,0.011387547963856912,0.009972416719711436,True,max_tpr_with_empirical_fpr_le_target,0.0011139992573338284,0.0011139992573338284,0.001,5.9263503955379715,63,14,14125,56490,0.0011139992573338284,0.000990169035999717,True,max_tpr_with_empirical_fpr_le_target,32,True,False,1.9435100846273037,1.9414427441577105,0.6877431218615178,DIABETES,RF,dp,4.0,20
0.49915813083246485,0.005028343651499179,56553,14139,0.1009318692200237,0.1009318692200237,0.1,0.07287824169842372,5708,1413,12726,50845,0.1009318692200237,0.09993634627625717,True,max_tpr_with_empirical_fpr_le_target,0.010361961345994023,0.010361961345994023,0.01,2.4668420611992286,586,141,13998,55967,0.010361961345994023,0.009972416719711436,True,max_tpr_with_empirical_fpr_le_target,0.0012377769525931427,0.0012377769525931427,0.001,7.1558023297153,70,14,14125,56483,0.0012377769525931427,0.000990169035999717,True,max_tpr_with_empirical_fpr_le_target,32,True,False,1.743960946578843,1.7434405004712852,0.6877431218615178,DIABETES,RF,dp,4.0,21
0.5002639991784822,0.0037251117059838856,56553,14139,0.10125015472211907,0.10125015472211907,0.1,0.07215028677897495,5726,1413,12726,50827,0.10125015472211907,0.09993634627625717,True,max_tpr_with_empirical_fpr_le_target,0.010485739041253338,0.010485739041253338,0.01,2.542808722405809,593,141,13998,55960,0.010485739041253338,0.009972416719711436,True,max_tpr_with_empirical_fpr_le_target,0.0014499672873233957,0.0014499672873233957,0.001,6.215658409727187,82,14,14125,56471,0.0014499672873233957,0.000990169035999717,True,max_tpr_with_empirical_fpr_le_target,32,True,False,1.8906936312534917,1.888962278467706,0.6877431218615178,DIABETES,RF,dp,4.0,22
0.5050336950580244,0.010891919425796592,56553,14139,0.100772726468976,0.100772726468976,0.1,0.08305776521897412,5699,1413,12726,50854,0.100772726468976,0.09993634627625717,True,max_tpr_with_empirical_fpr_le_target,0.00983148550916839,0.00983148550916839,0.01,2.3334787435694686,556,141,13998,55997,0.00983148550916839,0.009972416719711436,True,max_tpr_with_empirical_fpr_le_target,0.0011670468410163917,0.0011670468410163917,0.001,5.982493937655521,66,14,14125,56487,0.0011670468410163917,0.000990169035999717,True,max_tpr_with_empirical_fpr_le_target,32,True,False,1.9684830770450148,1.9672294413355251,0.6877431218615178,DIABETES,RF,dp,4.0,23
0.49814167749851257,0.00463678052319938,56553,14139,0.09822644245221297,0.09822644245221297,0.1,0.08934448146138574,5555,1413,12726,50998,0.09822644245221297,0.09993634627625717,True,max_tpr_with_empirical_fpr_le_target,0.01179424610542323,0.01179424610542323,0.01,2.268148727334358,667,141,13998,55886,0.01179424610542323,0.009972416719711436,True,max_tpr_with_empirical_fpr_le_target,0.0013969197036408324,0.0013969197036408324,0.001,6.221090349597292,79,14,14125,56474,0.0013969197036408324,0.000990169035999717,True,max_tpr_with_empirical_fpr_le_target,32,True,False,1.860544420264564,1.8627970264963165,0.6877431218615178,DIABETES,RF,dp,4.0,24
0.49999394699519006,0.004121559759239779,56553,14139,0.09942885434901774,0.09942885434901774,0.1,0.0876393644814848,5623,1413,12726,50930,0.09942885434901774,0.09993634627625717,True,max_tpr_with_empirical_fpr_le_target,0.009389422311813696,0.009389422311813696,0.01,2.6176119124674155,531,141,13998,56022,0.009389422311813696,0.009972416719711436,True,max_tpr_with_empirical_fpr_le_target,0.0007957137552384489,0.0007957137552384489,0.001,6.655076951453239,45,14,14125,56508,0.0007957137552384489,0.000990169035999717,True,max_tpr_with_empirical_fpr_le_target,32,True,False,1.8838576092082944,1.8942815298799596,0.6877431218615178,DIABETES,RF,dp,4.0,25
0.5018975094545277,0.008275531858491947,56553,14139,0.10278853464891341,0.10278853464891341,0.1,0.06866877914990166,5813,1413,12726,50740,0.10278853464891341,0.09993634627625717,True,max_tpr_with_empirical_fpr_le_target,0.010786342015454529,0.010786342015454529,0.01,2.4474122349341627,610,141,13998,55943,0.010786342015454529,0.009972416719711436,True,max_tpr_with_empirical_fpr_le_target,0.001220094424698955,0.001220094424698955,0.001,6.94528451412731,69,14,14125,56484,0.001220094424698955,0.000990169035999717,True,max_tpr_with_empirical_fpr_le_target,32,True,False,1.8124957914223083,1.8124526508265533,0.6877431218615178,DIABETES,RF,dp,4.0,26
0.4999401815551519,0.003972183106241922,56553,14139,0.10105564691528302,0.10105564691528302,0.1,0.08962133842745468,5715,1413,12726,50838,0.10105564691528302,0.09993634627625717,True,max_tpr_with_empirical_fpr_le_target,0.010892437182819657,0.010892437182819657,0.01,2.421508744892397,616,141,13998,55937,0.010892437182819657,0.009972416719711436,True,max_tpr_with_empirical_fpr_le_target,0.0016091100383710856,0.0016091100383710856,0.001,5.445442483314851,91,14,14125,56462,0.0016091100383710856,0.000990169035999717,True,max_tpr_with_empirical_fpr_le_target,32,True,False,1.9791779088800694,1.9872295923170467,0.6877431218615178,DIABETES,RF,dp,4.0,27
0.498810718996584,0.005260670232189124,56553,14139,0.1032482803741623,0.1032482803741623,0.1,0.10603887804132262,5839,1413,12726,50714,0.1032482803741623,0.09993634627625717,True,max_tpr_with_empirical_fpr_le_target,0.0096723427581207,0.0096723427581207,0.01,2.484724085092509,547,141,13998,56006,0.0096723427581207,0.009972416719711436,True,max_tpr_with_empirical_fpr_le_target,0.0012554594804873305,0.0012554594804873305,0.001,5.715562966352023,71,14,14125,56482,0.0012554594804873305,0.000990169035999717,True,max_tpr_with_empirical_fpr_le_target,32,True,False,2.0404044264585903,2.0472744002145244,0.6877431218615178,DIABETES,RF,dp,4.0,28
0.49732302110417514,0.003643039714113505,56553,14139,0.09711244319487913,0.09711244319487913,0.1,0.09139022835191146,5492,1413,12726,51061,0.09711244319487913,0.09993634627625717,True,max_tpr_with_empirical_fpr_le_target,0.009619295174438137,0.009619295174438137,0.01,2.6196109273096355,544,139,14000,56009,0.009619295174438137,0.009830964000282905,True,max_tpr_with_empirical_fpr_le_target,0.0012554594804873305,0.0012554594804873305,0.001,6.297450028901803,71,14,14125,56482,0.0012554594804873305,0.000990169035999717,True,max_tpr_with_empirical_fpr_le_target,32,True,False,1.8364265693577309,1.8432131595279,0.6877431218615178,DIABETES,RF,dp,4.0,29
0.4961582541449292,0.0032419618625504493,56553,14139,0.10204586847735753,0.10204586847735753,0.1,0.07467461210253079,5771,1413,12726,50782,0.10204586847735753,0.09993634627625717,True,max_tpr_with_empirical_fpr_le_target,0.010361961345994023,0.010361961345994023,0.01,2.6181236629426907,586,141,13998,55967,0.010361961345994023,0.009972416719711436,True,max_tpr_with_empirical_fpr_le_target,0.0010432691457570775,0.0010432691457570775,0.001,7.324285027192326,59,14,14125,56494,0.0010432691457570775,0.000990169035999717,True,max_tpr_with_empirical_fpr_le_target,32,True,False,1.821702519541212,1.819091411490752,0.6874602164226608,DIABETES,RF,dp,8.0,0
0.4994589776777276,0.003135168848763012,56553,14139,0.10255866178628897,0.10255866178628897,0.1,0.08860960308170851,5800,1413,12726,50753,0.10255866178628897,0.09993634627625717,True,max_tpr_with_empirical_fpr_le_target,0.00960161264654395,0.00960161264654395,0.01,2.5519159856507976,543,141,13998,56010,0.00960161264654395,0.009972416719711436,True,max_tpr_with_empirical_fpr_le_target,0.0006365710041907591,0.0006365710041907591,0.001,6.9742771335313405,36,14,14125,56517,0.0006365710041907591,0.000990169035999717,True,max_tpr_with_empirical_fpr_le_target,32,True,False,1.879782469481658,1.8890013879924612,0.6874602164226608,DIABETES,RF,dp,8.0,1
0.5068649628791289,0.013517371492866359,56553,14139,0.10528177108199388,0.10528177108199388,0.1,0.06989504810606006,5954,1413,12726,50599,0.10528177108199388,0.09993634627625717,True,max_tpr_with_empirical_fpr_le_target,0.01022050112284052,0.01022050112284052,0.01,2.5137107223861292,578,141,13998,55975,0.01022050112284052,0.009972416719711436,True,max_tpr_with_empirical_fpr_le_target,0.0009194914504977632,0.0009194914504977632,0.001,6.749564926742757,52,14,14125,56501,0.0009194914504977632,0.000990169035999717,True,max_tpr_with_empirical_fpr_le_target,32,True,False,1.892724171443182,1.8856597016874679,0.6874602164226608,DIABETES,RF,dp,8.0,2
0.4958669783008669,0.001131963174914429,56553,14139,0.09697098297172564,0.09697098297172564,0.1,0.09306027917956561,5484,1413,12726,51069,0.09697098297172564,0.09993634627625717,True,max_tpr_with_empirical_fpr_le_target,0.010450373985464962,0.010450373985464962,0.01,2.4062004740359555,591,141,13998,55962,0.010450373985464962,0.009972416719711436,True,max_tpr_with_empirical_fpr_le_target,0.0012554594804873305,0.0012554594804873305,0.001,6.202747588662454,71,14,14125,56482,0.0012554594804873305,0.000990169035999717,True,max_tpr_with_empirical_fpr_le_target,32,True,False,1.8891538684796343,1.8865966327632795,0.6874602164226608,DIABETES,RF,dp,8.0,3
0.49909116696551314,0.006518324552230448,56553,14139,0.09965872721164218,0.09965872721164218,0.1,0.07984688975424525,5636,1412,12727,50917,0.09965872721164218,0.0998656199165429,True,max_tpr_with_empirical_fpr_le_target,0.008682121196046187,0.008682121196046187,0.01,2.538074565575636,491,141,13998,56062,0.008682121196046187,0.009972416719711436,True,max_tpr_with_empirical_fpr_le_target,0.0009018089226035754,0.0009018089226035754,0.001,6.933720326682108,51,14,14125,56502,0.0009018089226035754,0.000990169035999717,True,max_tpr_with_empirical_fpr_le_target,32,True,False,1.8559958962318783,1.857179714942043,0.6874602164226608,DIABETES,RF,dp,8.0,4
0.5039691153333495,0.007846626442873927,56553,14139,0.104539104910438,0.104539104910438,0.1,0.0814279170539789,5912,1413,12726,50641,0.104539104910438,0.09993634627625717,True,max_tpr_with_empirical_fpr_le_target,0.010892437182819657,0.010892437182819657,0.01,2.351601447296458,616,141,13998,55937,0.010892437182819657,0.009972416719711436,True,max_tpr_with_empirical_fpr_le_target,0.0012377769525931427,0.0012377769525931427,0.001,6.198570688779428,70,14,14125,56483,0.0012377769525931427,0.000990169035999717,True,max_tpr_with_empirical_fpr_le_target,32,True,False,1.9369780177535463,1.9375040851513052,0.6874602164226608,DIABETES,RF,dp,8.0,5
0.49731252151700955,0.0024312969353072755,56553,14139,0.0978904744222234,0.0978904744222234,0.1,0.10032686853140138,5536,1413,12726,51017,0.0978904744222234,0.09993634627625717,True,max_tpr_with_empirical_fpr_le_target,0.009813802981274202,0.00982759535303167,0.01,2.4541786949640034,555,141,13998,55998,0.009813802981274202,0.009972416719711436,True,max_tpr_with_empirical_fpr_le_target,0.001290824536275706,0.001290824536275706,0.001,5.774005495846287,73,13,14126,56480,0.001290824536275706,0.0009194426762854516,True,max_tpr_with_empirical_fpr_le_target,32,True,False,1.9687294683839218,1.963300906549253,0.6874602164226608,DIABETES,RF,dp,8.0,6
0.5015382955098885,0.007188549762916163,56553,14139,0.10059590119003413,0.10059590119003413,0.1,0.08664688491728434,5689,1413,12726,50864,0.10059590119003413,0.09993634627625717,True,max_tpr_with_empirical_fpr_le_target,0.009159549449189256,0.009159549449189256,0.01,2.514020669715798,518,141,13998,56035,0.009159549449189256,0.009972416719711436,True,max_tpr_with_empirical_fpr_le_target,0.0013085070641698938,0.0013085070641698938,0.001,6.191348805340336,74,14,14125,56479,0.0013085070641698938,0.000990169035999717,True,max_tpr_with_empirical_fpr_le_target,32,True,False,1.8826882406175376,1.8863188642354598,0.6874602164226608,DIABETES,RF,dp,8.0,7
0.49789509634161927,0.0027994446898350622,56553,14139,0.0988983785121921,0.0988983785121921,0.1,0.09464482560266507,5593,1413,12726,50960,0.0988983785121921,0.09993634627625717,True,max_tpr_with_empirical_fpr_le_target,0.0103973264017824,0.0103973264017824,0.01,2.32827618319827,588,141,13998,55965,0.0103973264017824,0.009972416719711436,True,max_tpr_with_empirical_fpr_le_target,0.0008841263947093876,0.0008841263947093876,0.001,6.245896465440882,50,13,14126,56503,0.0008841263947093876,0.0009194426762854516,True,max_tpr_with_empirical_fpr_le_target,32,True,False,1.9735566304391847,1.9613036454110173,0.6874602164226608,DIABETES,RF,dp,8.0,8
0.4968603770651563,0.002341995104427258,56553,14139,0.10003006029742012,0.10003006029742012,0.1,0.11165766549295131,5657,1413,12726,50896,0.10003006029742012,0.09993634627625717,True,max_tpr_with_empirical_fpr_le_target,0.01110462751754991,0.01110462751754991,0.01,2.175308261072674,628,141,13998,55925,0.01110462751754991,0.009972416719711436,True,max_tpr_with_empirical_fpr_le_target,0.0008841263947093876,0.0008841263947093876,0.001,5.784311544719949,50,14,14125,56503,0.0008841263947093876,0.000990169035999717,True,max_tpr_with_empirical_fpr_le_target,32,True,False,2.035639611697465,2.04046943198097,0.6874602164226608,DIABETES,RF,dp,8.0,9
0.49819880835920016,0.0029215265432508686,56553,14139,0.1009318692200237,0.1009318692200237,0.1,0.08355239765222966,5708,1413,12726,50845,0.1009318692200237,0.09993634627625717,True,max_tpr_with_empirical_fpr_le_target,0.011741198521740668,0.011741198521740668,0.01,2.2046529728233364,664,141,13998,55889,0.011741198521740668,0.009972416719711436,True,max_tpr_with_empirical_fpr_le_target,0.0014499672873233957,0.0014499672873233957,0.001,5.915398827605704,82,14,14125,56471,0.0014499672873233957,0.000990169035999717,True,max_tpr_with_empirical_fpr_le_target,32,True,False,1.9396405621910655,1.9351489160106101,0.6874602164226608,DIABETES,RF,dp,8.0,10
0.5022432717215357,0.008287740419019807,56553,14139,0.10298304245574948,0.10298304245574948,0.1,0.08256488386998528,5824,1413,12726,50729,0.10298304245574948,0.09993634627625717,True,max_tpr_with_empirical_fpr_le_target,0.010768659487560341,0.010768659487560341,0.01,2.3060421407219436,609,140,13999,55944,0.010768659487560341,0.00990169035999717,True,max_tpr_with_empirical_fpr_le_target,0.0006365710041907591,0.0006365710041907591,0.001,7.07698842535506,36,14,14125,56517,0.0006365710041907591,0.000990169035999717,True,max_tpr_with_empirical_fpr_le_target,32,True,False,1.878215947500166,1.8778336374621998,0.6874602164226608,DIABETES,RF,dp,8.0,11
0.4964177504631184,0.0023498364970220287,56553,14139,0.09882764840061535,0.09882764840061535,0.1,0.0811226002778711,5589,1413,12726,50964,0.09882764840061535,0.09993634627625717,True,max_tpr_with_empirical_fpr_le_target,0.009778437925485828,0.009778437925485828,0.01,2.3819863649742583,553,141,13998,56000,0.009778437925485828,0.009972416719711436,True,max_tpr_with_empirical_fpr_le_target,0.0009548565062861387,0.0009548565062861387,0.001,7.074864047213779,54,14,14125,56499,0.0009548565062861387,0.000990169035999717,True,max_tpr_with_empirical_fpr_le_target,32,True,False,1.8493470552580267,1.8562005451790498,0.6874602164226608,DIABETES,RF,dp,8.0,12
0.49492027459176174,0.0003898372715564584,56553,14139,0.09849168037062578,0.09849168037062578,0.1,0.08541290875195706,5570,1413,12726,50983,0.09849168037062578,0.09993634627625717,True,max_tpr_with_empirical_fpr_le_target,0.008947359114459003,0.008947359114459003,0.01,2.770004224061866,506,141,13998,56047,0.008947359114459003,0.009972416719711436,True,max_tpr_with_empirical_fpr_le_target,0.0011139992573338284,0.0011139992573338284,0.001,6.877057062164525,63,14,14125,56490,0.0011139992573338284,0.000990169035999717,True,max_tpr_with_empirical_fpr_le_target,32,True,False,1.8439564442372405,1.8478825961205334,0.6874602164226608,DIABETES,RF,dp,8.0,13
0.5003453376812368,0.0039825269911144545,56553,14139,0.1009318692200237,0.1009318692200237,0.1,0.08476191355362794,5708,1413,12726,50845,0.1009318692200237,0.09993634627625717,True,max_tpr_with_empirical_fpr_le_target,0.012006436440153484,0.012006436440153484,0.01,2.1592550747786445,679,141,13998,55874,0.012006436440153484,0.009972416719711436,True,max_tpr_with_empirical_fpr_le_target,0.0013969197036408324,0.0013969197036408324,0.001,5.838809997942805,79,14,14125,56474,0.0013969197036408324,0.000990169035999717,True,max_tpr_with_empirical_fpr_le_target,32,True,False,1.9359002993206338,1.9375492786341528,0.6874602164226608,DIABETES,RF,dp,8.0,14
0.5003284793124685,0.0032696993819057996,56553,14139,0.10231110639577035,0.10231110639577035,0.1,0.09863110674725672,5786,1413,12726,50767,0.10231110639577035,0.09993634627625717,True,max_tpr_with_empirical_fpr_le_target,0.011776563577529044,0.011776563577529044,0.01,2.1740899422512343,666,141,13998,55887,0.011776563577529044,0.009972416719711436,True,max_tpr_with_empirical_fpr_le_target,0.0008664438668151999,0.0008664438668151999,0.001,5.867011280004675,49,14,14125,56504,0.0008664438668151999,0.000990169035999717,True,max_tpr_with_empirical_fpr_le_target,32,True,False,2.046414979458396,2.0550089983813584,0.6874602164226608,DIABETES,RF,dp,8.0,15
0.5020318142506109,0.006803286011729637,56553,14139,0.10215196364472265,0.10215196364472265,0.1,0.08487927040181598,5777,1413,12726,50776,0.10215196364472265,0.09993634627625717,True,max_tpr_with_empirical_fpr_le_target,0.010556469152830088,0.010556469152830088,0.01,2.479538623478006,597,140,13999,55956,0.010556469152830088,0.00990169035999717,True,max_tpr_with_empirical_fpr_le_target,0.001007904089968702,0.001007904089968702,0.001,6.52337438293535,57,13,14126,56496,0.001007904089968702,0.0009194426762854516,True,max_tpr_with_empirical_fpr_le_target,32,True,False,1.9431352386892071,1.9413356981588126,0.6874602164226608,DIABETES,RF,dp,8.0,16
0.49948146634146573,0.0035338229971604296,56553,14139,0.09780206178275246,0.09780206178275246,0.1,0.08423833164609218,5531,1413,12726,51022,0.09780206178275246,0.09993634627625717,True,max_tpr_with_empirical_fpr_le_target,0.008876629002882252,0.008876629002882252,0.01,2.6377226458033807,502,141,13998,56051,0.008876629002882252,0.009972416719711436,True,max_tpr_with_empirical_fpr_le_target,0.0012024118968047672,0.0012024118968047672,0.001,6.299519252922073,68,14,14125,56485,0.0012024118968047672,0.000990169035999717,True,max_tpr_with_empirical_fpr_le_target,32,True,False,1.910526391110028,1.907366645229937,0.6874602164226608,DIABETES,RF,dp,8.0,17
0.49889965064369884,0.0035844168627774675,56553,14139,0.10289462981627853,0.10289462981627853,0.1,0.08781811267261164,5819,1413,12726,50734,0.10289462981627853,0.09993634627625717,True,max_tpr_with_empirical_fpr_le_target,0.00976075539759164,0.00976075539759164,0.01,2.4435015186062454,552,141,13998,56001,0.00976075539759164,0.009972416719711436,True,max_tpr_with_empirical_fpr_le_target,0.0011493643131222039,0.0011493643131222039,0.001,5.929088843104182,65,14,14125,56488,0.0011493643131222039,0.000990169035999717,True,max_tpr_with_empirical_fpr_le_target,32,True,False,1.9451015883008569,1.953788257982058,0.6874602164226608,DIABETES,RF,dp,8.0,18
0.5001230279480726,0.005193511893698655,56553,14139,0.10025993316004456,0.10025993316004456,0.1,0.07362239189829856,5670,1413,12726,50883,0.10025993316004456,0.09993634627625717,True,max_tpr_with_empirical_fpr_le_target,0.010167453539157958,0.010167453539157958,0.01,2.7488961523209436,575,141,13998,55978,0.010167453539157958,0.009972416719711436,True,max_tpr_with_empirical_fpr_le_target,0.0008133962831326367,0.0008133962831326367,0.001,8.262680630727631,46,14,14125,56507,0.0008133962831326367,0.000990169035999717,True,max_tpr_with_empirical_fpr_le_target,32,True,False,1.753149945952389,1.7468675276184886,0.6874602164226608,DIABETES,RF,dp,8.0,19
0.5036015391125405,0.00815449677470953,56553,14139,0.10227574133998196,0.10227574133998196,0.1,0.08745386718564374,5784,1413,12726,50769,0.10227574133998196,0.09993634627625717,True,max_tpr_with_empirical_fpr_le_target,0.011369865435962726,0.011369865435962726,0.01,2.268541411067206,643,141,13998,55910,0.011369865435962726,0.009972416719711436,True,max_tpr_with_empirical_fpr_le_target,0.0011139992573338284,0.0011139992573338284,0.001,5.934167315891905,63,14,14125,56490,0.0011139992573338284,0.000990169035999717,True,max_tpr_with_empirical_fpr_le_target,32,True,False,1.9445895213375695,1.9433158293583987,0.6874602164226608,DIABETES,RF,dp,8.0,20
0.4992540634549775,0.005046014923805908,56553,14139,0.10105564691528302,0.10105564691528302,0.1,0.07261885242915,5715,1413,12726,50838,0.10105564691528302,0.09993634627625717,True,max_tpr_with_empirical_fpr_le_target,0.010556469152830088,0.010556469152830088,0.01,2.4467141603829656,597,141,13998,55956,0.010556469152830088,0.009972416719711436,True,max_tpr_with_empirical_fpr_le_target,0.0012377769525931427,0.0012377769525931427,0.001,7.1559745006041755,70,14,14125,56483,0.0012377769525931427,0.000990169035999717,True,max_tpr_with_empirical_fpr_le_target,32,True,False,1.7438882538440517,1.7433962869041857,0.6874602164226608,DIABETES,RF,dp,8.0,21
0.500284192953,0.003783198040984481,56553,14139,0.10107332944317719,0.10107332944317719,0.1,0.07259826868895747,5716,1412,12727,50837,0.10107332944317719,0.0998656199165429,True,max_tpr_with_empirical_fpr_le_target,0.010485739041253338,0.010485739041253338,0.01,2.544239612486705,593,141,13998,55960,0.010485739041253338,0.009972416719711436,True,max_tpr_with_empirical_fpr_le_target,0.0014499672873233957,0.0014499672873233957,0.001,6.21661706890997,82,14,14125,56471,0.0014499672873233957,0.000990169035999717,True,max_tpr_with_empirical_fpr_le_target,32,True,False,1.8904208480873892,1.8888138957062677,0.6874602164226608,DIABETES,RF,dp,8.0,22
0.5052274318571196,0.010873471517955369,56553,14139,0.10096723427581207,0.10096723427581207,0.1,0.08259246663549002,5710,1413,12726,50843,0.10096723427581207,0.09993634627625717,True,max_tpr_with_empirical_fpr_le_target,0.00983148550916839,0.00983148550916839,0.01,2.3330080211132653,556,141,13998,55997,0.00983148550916839,0.009972416719711436,True,max_tpr_with_empirical_fpr_le_target,0.0011670468410163917,0.0011670468410163917,0.001,5.98337456849727,66,14,14125,56487,0.0011670468410163917,0.000990169035999717,True,max_tpr_with_empirical_fpr_le_target,32,True,False,1.9682097346094738,1.9670417314795123,0.6874602164226608,DIABETES,RF,dp,8.0,23
0.49812651434627736,0.0050081061052523745,56553,14139,0.09812034728484784,0.09812034728484784,0.1,0.08957642993190573,5549,1413,12726,51004,0.09812034728484784,0.09993634627625717,True,max_tpr_with_empirical_fpr_le_target,0.01179424610542323,0.01179424610542323,0.01,2.2681238549583886,667,141,13998,55886,0.01179424610542323,0.009972416719711436,True,max_tpr_with_empirical_fpr_le_target,0.0013792371757466448,0.0013792371757466448,0.001,6.220125542340552,78,14,14125,56475,0.0013792371757466448,0.000990169035999717,True,max_tpr_with_empirical_fpr_le_target,32,True,False,1.86046050649011,1.8628152228790313,0.6874602164226608,DIABETES,RF,dp,8.0,24
0.49990212016085733,0.004444880260790762,56553,14139,0.09939348929322936,0.09939348929322936,0.1,0.08769395654669676,5621,1413,12726,50932,0.09939348929322936,0.09993634627625717,True,max_tpr_with_empirical_fpr_le_target,0.009389422311813696,0.009389422311813696,0.01,2.6179327058402992,531,141,13998,56022,0.009389422311813696,0.009972416719711436,True,max_tpr_with_empirical_fpr_le_target,0.0007957137552384489,0.0007957137552384489,0.001,6.656680795082007,45,14,14125,56508,0.0007957137552384489,0.000990169035999717,True,max_tpr_with_empirical_fpr_le_target,32,True,False,1.8837887695760713,1.8941560978034622,0.6874602164226608,DIABETES,RF,dp,8.0,25
0.5018289579244343,0.008081031555380869,56553,14139,0.10278853464891341,0.10278853464891341,0.1,0.06855501080541293,5813,1412,12727,50740,0.10278853464891341,0.0998656199165429,True,max_tpr_with_empirical_fpr_le_target,0.010821707071242906,0.010821707071242906,0.01,2.447326581234123,612,141,13998,55941,0.010821707071242906,0.009972416719711436,True,max_tpr_with_empirical_fpr_le_target,0.001220094424698955,0.001220094424698955,0.001,6.916942577207476,69,14,14125,56484,0.001220094424698955,0.000990169035999717,True,max_tpr_with_empirical_fpr_le_target,32,True,False,1.8126873515410529,1.8125484524826754,0.6874602164226608,DIABETES,RF,dp,8.0,26
0.5000336085588347,0.004105284179777714,56553,14139,0.10123247219422489,0.10123247219422489,0.1,0.08934538279762716,5725,1413,12726,50828,0.10123247219422489,0.09993634627625717,True,max_tpr_with_empirical_fpr_le_target,0.010892437182819657,0.010892437182819657,0.01,2.4209944118453284,616,141,13998,55937,0.010892437182819657,0.009972416719711436,True,max_tpr_with_empirical_fpr_le_target,0.0016091100383710856,0.0016091100383710856,0.001,5.4444303925425706,91,14,14125,56462,0.0016091100383710856,0.000990169035999717,True,max_tpr_with_empirical_fpr_le_target,32,True,False,1.979208833109124,1.9873729293239313,0.6874602164226608,DIABETES,RF,dp,8.0,27
0.49870184119787553,0.00563199581424223,56553,14139,0.10277085212101922,0.10277085212101922,0.1,0.10747731964254426,5812,1412,12727,50741,0.10277085212101922,0.0998656199165429,True,max_tpr_with_empirical_fpr_le_target,0.009707707813909077,0.009707707813909077,0.01,2.4830635257995413,549,141,13998,56004,0.009707707813909077,0.009972416719711436,True,max_tpr_with_empirical_fpr_le_target,0.0012731420083815182,0.0012731420083815182,0.001,5.71277586773009,72,14,14125,56481,0.0012731420083815182,0.000990169035999717,True,max_tpr_with_empirical_fpr_le_target,32,True,False,2.0407749384552334,2.0477444875823516,0.6874602164226608,DIABETES,RF,dp,8.0,28
0.49745968269520974,0.003749386256265197,56553,14139,0.09727158594592683,0.09727158594592683,0.1,0.09141790060387467,5501,1413,12726,51052,0.09727158594592683,0.09993634627625717,True,max_tpr_with_empirical_fpr_le_target,0.009566247590755575,0.009566247590755575,0.01,2.62056965295669,541,140,13999,56012,0.009566247590755575,0.00990169035999717,True,max_tpr_with_empirical_fpr_le_target,0.001290824536275706,0.001290824536275706,0.001,6.253148019824308,73,13,14126,56480,0.001290824536275706,0.0009194426762854516,True,max_tpr_with_empirical_fpr_le_target,32,True,False,1.8361200616772564,1.8428779415741638,0.6874602164226608,DIABETES,RF,dp,8.0,29
0.4961582541449292,0.0032419618625504493,56553,14139,0.10204586847735753,0.10204586847735753,0.1,0.07467461210253079,5771,1413,12726,50782,0.10204586847735753,0.09993634627625717,True,max_tpr_with_empirical_fpr_le_target,0.010361961345994023,0.010361961345994023,0.01,2.6181236629426907,586,141,13998,55967,0.010361961345994023,0.009972416719711436,True,max_tpr_with_empirical_fpr_le_target,0.0010432691457570775,0.0010432691457570775,0.001,7.324285027192326,59,14,14125,56494,0.0010432691457570775,0.000990169035999717,True,max_tpr_with_empirical_fpr_le_target,32,True,False,1.821702519541212,1.819091411490752,0.6874602164226608,DIABETES,RF,dp,10.0,0
0.4994589776777276,0.003135168848763012,56553,14139,0.10255866178628897,0.10255866178628897,0.1,0.08860960308170851,5800,1413,12726,50753,0.10255866178628897,0.09993634627625717,True,max_tpr_with_empirical_fpr_le_target,0.00960161264654395,0.00960161264654395,0.01,2.5519159856507976,543,141,13998,56010,0.00960161264654395,0.009972416719711436,True,max_tpr_with_empirical_fpr_le_target,0.0006365710041907591,0.0006365710041907591,0.001,6.9742771335313405,36,14,14125,56517,0.0006365710041907591,0.000990169035999717,True,max_tpr_with_empirical_fpr_le_target,32,True,False,1.879782469481658,1.8890013879924612,0.6874602164226608,DIABETES,RF,dp,10.0,1
0.5068649628791289,0.013517371492866359,56553,14139,0.10528177108199388,0.10528177108199388,0.1,0.06989504810606006,5954,1413,12726,50599,0.10528177108199388,0.09993634627625717,True,max_tpr_with_empirical_fpr_le_target,0.01022050112284052,0.01022050112284052,0.01,2.5137107223861292,578,141,13998,55975,0.01022050112284052,0.009972416719711436,True,max_tpr_with_empirical_fpr_le_target,0.0009194914504977632,0.0009194914504977632,0.001,6.749564926742757,52,14,14125,56501,0.0009194914504977632,0.000990169035999717,True,max_tpr_with_empirical_fpr_le_target,32,True,False,1.892724171443182,1.8856597016874679,0.6874602164226608,DIABETES,RF,dp,10.0,2
0.49584695085891933,0.001131963174914429,56553,14139,0.09693561791593726,0.09693561791593726,0.1,0.09310902529028642,5482,1413,12726,51071,0.09693561791593726,0.09993634627625717,True,max_tpr_with_empirical_fpr_le_target,0.010450373985464962,0.010450373985464962,0.01,2.406327244255543,591,141,13998,55962,0.010450373985464962,0.009972416719711436,True,max_tpr_with_empirical_fpr_le_target,0.0012554594804873305,0.0012554594804873305,0.001,6.202983856663297,71,14,14125,56482,0.0012554594804873305,0.000990169035999717,True,max_tpr_with_empirical_fpr_le_target,32,True,False,1.8891568016556413,1.8865718449124005,0.6874602164226608,DIABETES,RF,dp,10.0,3
0.49909116696551314,0.006518324552230448,56553,14139,0.09965872721164218,0.09965872721164218,0.1,0.07984688975424525,5636,1412,12727,50917,0.09965872721164218,0.0998656199165429,True,max_tpr_with_empirical_fpr_le_target,0.008682121196046187,0.008682121196046187,0.01,2.538074565575636,491,141,13998,56062,0.008682121196046187,0.009972416719711436,True,max_tpr_with_empirical_fpr_le_target,0.0009018089226035754,0.0009018089226035754,0.001,6.933720326682108,51,14,14125,56502,0.0009018089226035754,0.000990169035999717,True,max_tpr_with_empirical_fpr_le_target,32,True,False,1.8559958962318783,1.857179714942043,0.6874602164226608,DIABETES,RF,dp,10.0,4
0.5039691153333495,0.007846626442873927,56553,14139,0.104539104910438,0.104539104910438,0.1,0.0814279170539789,5912,1413,12726,50641,0.104539104910438,0.09993634627625717,True,max_tpr_with_empirical_fpr_le_target,0.010892437182819657,0.010892437182819657,0.01,2.351601447296458,616,141,13998,55937,0.010892437182819657,0.009972416719711436,True,max_tpr_with_empirical_fpr_le_target,0.0012377769525931427,0.0012377769525931427,0.001,6.198570688779428,70,14,14125,56483,0.0012377769525931427,0.000990169035999717,True,max_tpr_with_empirical_fpr_le_target,32,True,False,1.9369780177535463,1.9375040851513052,0.6874602164226608,DIABETES,RF,dp,10.0,5
0.49731252151700955,0.0024312969353072755,56553,14139,0.0978904744222234,0.0978904744222234,0.1,0.10032686853140138,5536,1413,12726,51017,0.0978904744222234,0.09993634627625717,True,max_tpr_with_empirical_fpr_le_target,0.009813802981274202,0.00982759535303167,0.01,2.4541786949640034,555,141,13998,55998,0.009813802981274202,0.009972416719711436,True,max_tpr_with_empirical_fpr_le_target,0.001290824536275706,0.001290824536275706,0.001,5.774005495846287,73,13,14126,56480,0.001290824536275706,0.0009194426762854516,True,max_tpr_with_empirical_fpr_le_target,32,True,False,1.9687294683839218,1.963300906549253,0.6874602164226608,DIABETES,RF,dp,10.0,6
0.5015382955098885,0.007188549762916163,56553,14139,0.10059590119003413,0.10059590119003413,0.1,0.08664688491728434,5689,1413,12726,50864,0.10059590119003413,0.09993634627625717,True,max_tpr_with_empirical_fpr_le_target,0.009159549449189256,0.009159549449189256,0.01,2.514020669715798,518,141,13998,56035,0.009159549449189256,0.009972416719711436,True,max_tpr_with_empirical_fpr_le_target,0.0013085070641698938,0.0013085070641698938,0.001,6.191348805340336,74,14,14125,56479,0.0013085070641698938,0.000990169035999717,True,max_tpr_with_empirical_fpr_le_target,32,True,False,1.8826882406175376,1.8863188642354598,0.6874602164226608,DIABETES,RF,dp,10.0,7
0.49789509634161927,0.0027994446898350622,56553,14139,0.0988983785121921,0.0988983785121921,0.1,0.09464482560266507,5593,1413,12726,50960,0.0988983785121921,0.09993634627625717,True,max_tpr_with_empirical_fpr_le_target,0.0103973264017824,0.0103973264017824,0.01,2.32827618319827,588,141,13998,55965,0.0103973264017824,0.009972416719711436,True,max_tpr_with_empirical_fpr_le_target,0.0008841263947093876,0.0008841263947093876,0.001,6.245896465440882,50,13,14126,56503,0.0008841263947093876,0.0009194426762854516,True,max_tpr_with_empirical_fpr_le_target,32,True,False,1.9735566304391847,1.9613036454110173,0.6874602164226608,DIABETES,RF,dp,10.0,8
0.4968603770651563,0.002341995104427258,56553,14139,0.10003006029742012,0.10003006029742012,0.1,0.11165766549295131,5657,1413,12726,50896,0.10003006029742012,0.09993634627625717,True,max_tpr_with_empirical_fpr_le_target,0.01110462751754991,0.01110462751754991,0.01,2.175308261072674,628,141,13998,55925,0.01110462751754991,0.009972416719711436,True,max_tpr_with_empirical_fpr_le_target,0.0008841263947093876,0.0008841263947093876,0.001,5.784311544719949,50,14,14125,56503,0.0008841263947093876,0.000990169035999717,True,max_tpr_with_empirical_fpr_le_target,32,True,False,2.035639611697465,2.04046943198097,0.6874602164226608,DIABETES,RF,dp,10.0,9
0.49819880835920016,0.0029215265432508686,56553,14139,0.1009318692200237,0.1009318692200237,0.1,0.08355239765222966,5708,1413,12726,50845,0.1009318692200237,0.09993634627625717,True,max_tpr_with_empirical_fpr_le_target,0.011741198521740668,0.011741198521740668,0.01,2.2046529728233364,664,141,13998,55889,0.011741198521740668,0.009972416719711436,True,max_tpr_with_empirical_fpr_le_target,0.0014499672873233957,0.0014499672873233957,0.001,5.915398827605704,82,14,14125,56471,0.0014499672873233957,0.000990169035999717,True,max_tpr_with_empirical_fpr_le_target,32,True,False,1.9396405621910655,1.9351489160106101,0.6874602164226608,DIABETES,RF,dp,10.0,10
0.5022322249877575,0.00832310547480819,56553,14139,0.10298304245574948,0.10298304245574948,0.1,0.08255884698908567,5824,1413,12726,50729,0.10298304245574948,0.09993634627625717,True,max_tpr_with_empirical_fpr_le_target,0.010768659487560341,0.010768659487560341,0.01,2.305986238737888,609,140,13999,55944,0.010768659487560341,0.00990169035999717,True,max_tpr_with_empirical_fpr_le_target,0.0006365710041907591,0.0006365710041907591,0.001,7.076809660402176,36,14,14125,56517,0.0006365710041907591,0.000990169035999717,True,max_tpr_with_empirical_fpr_le_target,32,True,False,1.8782483410113515,1.8778574054865502,0.6874602164226608,DIABETES,RF,dp,10.0,11
0.4964177504631184,0.0023498364970220287,56553,14139,0.09882764840061535,0.09882764840061535,0.1,0.0811226002778711,5589,1413,12726,50964,0.09882764840061535,0.09993634627625717,True,max_tpr_with_empirical_fpr_le_target,0.009778437925485828,0.009778437925485828,0.01,2.3819863649742583,553,141,13998,56000,0.009778437925485828,0.009972416719711436,True,max_tpr_with_empirical_fpr_le_target,0.0009548565062861387,0.0009548565062861387,0.001,7.074864047213779,54,14,14125,56499,0.0009548565062861387,0.000990169035999717,True,max_tpr_with_empirical_fpr_le_target,32,True,False,1.8493470552580267,1.8562005451790498,0.6874602164226608,DIABETES,RF,dp,10.0,12
0.49498768493034934,0.0003898372715564584,56553,14139,0.09854472795430835,0.09854472795430835,0.1,0.08534626966434056,5573,1413,12726,50980,0.09854472795430835,0.09993634627625717,True,max_tpr_with_empirical_fpr_le_target,0.008947359114459003,0.008947359114459003,0.01,2.7701632226376125,506,141,13998,56047,0.008947359114459003,0.009972416719711436,True,max_tpr_with_empirical_fpr_le_target,0.0011139992573338284,0.0011139992573338284,0.001,6.877432321630365,63,14,14125,56490,0.0011139992573338284,0.000990169035999717,True,max_tpr_with_empirical_fpr_le_target,32,True,False,1.8439091653686237,1.8478332440226608,0.6874602164226608,DIABETES,RF,dp,10.0,13
0.50033983307366,0.004000209519008646,56553,14139,0.1009318692200237,0.1009318692200237,0.1,0.08476248787743645,5708,1413,12726,50845,0.1009318692200237,0.09993634627625717,True,max_tpr_with_empirical_fpr_le_target,0.012006436440153484,0.012006436440153484,0.01,2.1592546361320375,679,141,13998,55874,0.012006436440153484,0.009972416719711436,True,max_tpr_with_empirical_fpr_le_target,0.0013969197036408324,0.0013969197036408324,0.001,5.838810238106868,79,14,14125,56474,0.0013969197036408324,0.000990169035999717,True,max_tpr_with_empirical_fpr_le_target,32,True,False,1.935897987599484,1.9375480498628876,0.6874602164226608,DIABETES,RF,dp,10.0,14
0.5003284793124685,0.0032696993819057996,56553,14139,0.10231110639577035,0.10231110639577035,0.1,0.09863110674725672,5786,1413,12726,50767,0.10231110639577035,0.09993634627625717,True,max_tpr_with_empirical_fpr_le_target,0.011776563577529044,0.011776563577529044,0.01,2.1740899422512343,666,141,13998,55887,0.011776563577529044,0.009972416719711436,True,max_tpr_with_empirical_fpr_le_target,0.0008664438668151999,0.0008664438668151999,0.001,5.867011280004675,49,14,14125,56504,0.0008664438668151999,0.000990169035999717,True,max_tpr_with_empirical_fpr_le_target,32,True,False,2.046414979458396,2.0550089983813584,0.6874602164226608,DIABETES,RF,dp,10.0,15
0.5020367066792921,0.006803286011729637,56553,14139,0.10215196364472265,0.10215196364472265,0.1,0.08487273388816119,5777,1413,12726,50776,0.10215196364472265,0.09993634627625717,True,max_tpr_with_empirical_fpr_le_target,0.010556469152830088,0.010556469152830088,0.01,2.479638330246172,597,140,13999,55956,0.010556469152830088,0.00990169035999717,True,max_tpr_with_empirical_fpr_le_target,0.001007904089968702,0.001007904089968702,0.001,6.523698370940707,57,13,14126,56496,0.001007904089968702,0.0009194426762854516,True,max_tpr_with_empirical_fpr_le_target,32,True,False,1.9431374918259992,1.941314925864697,0.6874602164226608,DIABETES,RF,dp,10.0,16
0.49948146634146573,0.0035338229971604296,56553,14139,0.09780206178275246,0.09780206178275246,0.1,0.08423833164609218,5531,1413,12726,51022,0.09780206178275246,0.09993634627625717,True,max_tpr_with_empirical_fpr_le_target,0.008876629002882252,0.008876629002882252,0.01,2.6377226458033807,502,141,13998,56051,0.008876629002882252,0.009972416719711436,True,max_tpr_with_empirical_fpr_le_target,0.0012024118968047672,0.0012024118968047672,0.001,6.299519252922073,68,14,14125,56485,0.0012024118968047672,0.000990169035999717,True,max_tpr_with_empirical_fpr_le_target,32,True,False,1.910526391110028,1.907366645229937,0.6874602164226608,DIABETES,RF,dp,10.0,17
0.49889965064369884,0.0035844168627774675,56553,14139,0.10289462981627853,0.10289462981627853,0.1,0.08781811267261164,5819,1413,12726,50734,0.10289462981627853,0.09993634627625717,True,max_tpr_with_empirical_fpr_le_target,0.00976075539759164,0.00976075539759164,0.01,2.4435015186062454,552,141,13998,56001,0.00976075539759164,0.009972416719711436,True,max_tpr_with_empirical_fpr_le_target,0.0011493643131222039,0.0011493643131222039,0.001,5.929088843104182,65,14,14125,56488,0.0011493643131222039,0.000990169035999717,True,max_tpr_with_empirical_fpr_le_target,32,True,False,1.9451015883008569,1.953788257982058,0.6874602164226608,DIABETES,RF,dp,10.0,18
0.5001230279480726,0.005193511893698655,56553,14139,0.10025993316004456,0.10025993316004456,0.1,0.07362239189829856,5670,1413,12726,50883,0.10025993316004456,0.09993634627625717,True,max_tpr_with_empirical_fpr_le_target,0.010167453539157958,0.010167453539157958,0.01,2.7488961523209436,575,141,13998,55978,0.010167453539157958,0.009972416719711436,True,max_tpr_with_empirical_fpr_le_target,0.0008133962831326367,0.0008133962831326367,0.001,8.262680630727631,46,14,14125,56507,0.0008133962831326367,0.000990169035999717,True,max_tpr_with_empirical_fpr_le_target,32,True,False,1.753149945952389,1.7468675276184886,0.6874602164226608,DIABETES,RF,dp,10.0,19
0.5036015391125405,0.00815449677470953,56553,14139,0.10227574133998196,0.10227574133998196,0.1,0.08745386718564374,5784,1413,12726,50769,0.10227574133998196,0.09993634627625717,True,max_tpr_with_empirical_fpr_le_target,0.011369865435962726,0.011369865435962726,0.01,2.268541411067206,643,141,13998,55910,0.011369865435962726,0.009972416719711436,True,max_tpr_with_empirical_fpr_le_target,0.0011139992573338284,0.0011139992573338284,0.001,5.934167315891905,63,14,14125,56490,0.0011139992573338284,0.000990169035999717,True,max_tpr_with_empirical_fpr_le_target,32,True,False,1.9445895213375695,1.9433158293583987,0.6874602164226608,DIABETES,RF,dp,10.0,20
0.4992697618729274,0.005152106339308571,56553,14139,0.10105564691528302,0.10105564691528302,0.1,0.07261848977994934,5715,1413,12726,50838,0.10105564691528302,0.09993634627625717,True,max_tpr_with_empirical_fpr_le_target,0.010556469152830088,0.010556469152830088,0.01,2.446716998397614,597,141,13998,55956,0.010556469152830088,0.009972416719711436,True,max_tpr_with_empirical_fpr_le_target,0.0012377769525931427,0.0012377769525931427,0.001,7.155981667416354,70,14,14125,56483,0.0012377769525931427,0.000990169035999717,True,max_tpr_with_empirical_fpr_le_target,32,True,False,1.7438887209470881,1.7433960163012923,0.6874602164226608,DIABETES,RF,dp,10.0,21
0.500284192953,0.003783198040984481,56553,14139,0.10107332944317719,0.10107332944317719,0.1,0.07259826868895747,5716,1412,12727,50837,0.10107332944317719,0.0998656199165429,True,max_tpr_with_empirical_fpr_le_target,0.010485739041253338,0.010485739041253338,0.01,2.544239612486705,593,141,13998,55960,0.010485739041253338,0.009972416719711436,True,max_tpr_with_empirical_fpr_le_target,0.0014499672873233957,0.0014499672873233957,0.001,6.21661706890997,82,14,14125,56471,0.0014499672873233957,0.000990169035999717,True,max_tpr_with_empirical_fpr_le_target,32,True,False,1.8904208480873892,1.8888138957062677,0.6874602164226608,DIABETES,RF,dp,10.0,22
0.5052274318571196,0.010873471517955369,56553,14139,0.10096723427581207,0.10096723427581207,0.1,0.08259246663549002,5710,1413,12726,50843,0.10096723427581207,0.09993634627625717,True,max_tpr_with_empirical_fpr_le_target,0.00983148550916839,0.00983148550916839,0.01,2.3330080211132653,556,141,13998,55997,0.00983148550916839,0.009972416719711436,True,max_tpr_with_empirical_fpr_le_target,0.0011670468410163917,0.0011670468410163917,0.001,5.98337456849727,66,14,14125,56487,0.0011670468410163917,0.000990169035999717,True,max_tpr_with_empirical_fpr_le_target,32,True,False,1.9682097346094738,1.9670417314795123,0.6874602164226608,DIABETES,RF,dp,10.0,23
0.49812651434627736,0.0050081061052523745,56553,14139,0.09812034728484784,0.09812034728484784,0.1,0.08957642993190573,5549,1413,12726,51004,0.09812034728484784,0.09993634627625717,True,max_tpr_with_empirical_fpr_le_target,0.01179424610542323,0.01179424610542323,0.01,2.2681238549583886,667,141,13998,55886,0.01179424610542323,0.009972416719711436,True,max_tpr_with_empirical_fpr_le_target,0.0013792371757466448,0.0013792371757466448,0.001,6.220125542340552,78,14,14125,56475,0.0013792371757466448,0.000990169035999717,True,max_tpr_with_empirical_fpr_le_target,32,True,False,1.86046050649011,1.8628152228790313,0.6874602164226608,DIABETES,RF,dp,10.0,24
0.49990212016085733,0.004444880260790762,56553,14139,0.09939348929322936,0.09939348929322936,0.1,0.08769395654669676,5621,1413,12726,50932,0.09939348929322936,0.09993634627625717,True,max_tpr_with_empirical_fpr_le_target,0.009389422311813696,0.009389422311813696,0.01,2.6179327058402992,531,141,13998,56022,0.009389422311813696,0.009972416719711436,True,max_tpr_with_empirical_fpr_le_target,0.0007957137552384489,0.0007957137552384489,0.001,6.656680795082007,45,14,14125,56508,0.0007957137552384489,0.000990169035999717,True,max_tpr_with_empirical_fpr_le_target,32,True,False,1.8837887695760713,1.8941560978034622,0.6874602164226608,DIABETES,RF,dp,10.0,25
0.5018289579244343,0.008081031555380869,56553,14139,0.10278853464891341,0.10278853464891341,0.1,0.06855501080541293,5813,1412,12727,50740,0.10278853464891341,0.0998656199165429,True,max_tpr_with_empirical_fpr_le_target,0.010821707071242906,0.010821707071242906,0.01,2.447326581234123,612,141,13998,55941,0.010821707071242906,0.009972416719711436,True,max_tpr_with_empirical_fpr_le_target,0.001220094424698955,0.001220094424698955,0.001,6.916942577207476,69,14,14125,56484,0.001220094424698955,0.000990169035999717,True,max_tpr_with_empirical_fpr_le_target,32,True,False,1.8126873515410529,1.8125484524826754,0.6874602164226608,DIABETES,RF,dp,10.0,26
0.5000336085588347,0.004105284179777714,56553,14139,0.10123247219422489,0.10123247219422489,0.1,0.08934538279762716,5725,1413,12726,50828,0.10123247219422489,0.09993634627625717,True,max_tpr_with_empirical_fpr_le_target,0.010892437182819657,0.010892437182819657,0.01,2.4209944118453284,616,141,13998,55937,0.010892437182819657,0.009972416719711436,True,max_tpr_with_empirical_fpr_le_target,0.0016091100383710856,0.0016091100383710856,0.001,5.4444303925425706,91,14,14125,56462,0.0016091100383710856,0.000990169035999717,True,max_tpr_with_empirical_fpr_le_target,32,True,False,1.979208833109124,1.9873729293239313,0.6874602164226608,DIABETES,RF,dp,10.0,27
0.49870184119787553,0.00563199581424223,56553,14139,0.10277085212101922,0.10277085212101922,0.1,0.10747731964254426,5812,1412,12727,50741,0.10277085212101922,0.0998656199165429,True,max_tpr_with_empirical_fpr_le_target,0.009707707813909077,0.009707707813909077,0.01,2.4830635257995413,549,141,13998,56004,0.009707707813909077,0.009972416719711436,True,max_tpr_with_empirical_fpr_le_target,0.0012731420083815182,0.0012731420083815182,0.001,5.71277586773009,72,14,14125,56481,0.0012731420083815182,0.000990169035999717,True,max_tpr_with_empirical_fpr_le_target,32,True,False,2.0407749384552334,2.0477444875823516,0.6874602164226608,DIABETES,RF,dp,10.0,28
0.49745968269520974,0.003749386256265197,56553,14139,0.09727158594592683,0.09727158594592683,0.1,0.09141790060387467,5501,1413,12726,51052,0.09727158594592683,0.09993634627625717,True,max_tpr_with_empirical_fpr_le_target,0.009566247590755575,0.009566247590755575,0.01,2.62056965295669,541,140,13999,56012,0.009566247590755575,0.00990169035999717,True,max_tpr_with_empirical_fpr_le_target,0.001290824536275706,0.001290824536275706,0.001,6.253148019824308,73,13,14126,56480,0.001290824536275706,0.0009194426762854516,True,max_tpr_with_empirical_fpr_le_target,32,True,False,1.8361200616772564,1.8428779415741638,0.6874602164226608,DIABETES,RF,dp,10.0,29
0.4979126919513659,0.0022848767499479145,56553,14139,0.10043675843898643,0.10043675843898643,0.1,0.09409712717470486,5680,1413,12726,50873,0.10043675843898643,0.09993634627625717,True,max_tpr_with_empirical_fpr_le_target,0.011263770268597598,0.011263770268597598,0.01,1.17374172407476,637,140,13999,55916,0.011263770268597598,0.00990169035999717,True,max_tpr_with_empirical_fpr_le_target,0.0008487613389210122,0.0008487613389210122,0.001,3.3747749763875934,48,14,14125,56505,0.0008487613389210122,0.000990169035999717,True,max_tpr_with_empirical_fpr_le_target,32,True,False,0.1520376653727782,0.15296587737960132,0.7153264021500814,DIABETES,GNB,standard,,0
0.5014581544765772,0.008453583996466563,56553,14139,0.09971177479532474,0.09971177479532474,0.1,0.0787584289285782,5639,1413,12726,50914,0.09971177479532474,0.09993634627625717,True,max_tpr_with_empirical_fpr_le_target,0.009955263204427705,0.009955263204427705,0.01,1.8719365506949948,563,141,13998,55990,0.009955263204427705,0.009972416719711436,True,max_tpr_with_empirical_fpr_le_target,0.0008841263947093876,0.0008841263947093876,0.001,5.466845914004642,50,14,14125,56503,0.0008841263947093876,0.000990169035999717,True,max_tpr_with_empirical_fpr_le_target,32,True,False,0.15874775918605694,0.15930691671735478,0.7153264021500814,DIABETES,GNB,standard,,1
0.5023667042454464,0.006371315324460891,56553,14139,0.09792583947801177,0.09792583947801177,0.1,0.0986570458315904,5538,1413,12726,51015,0.09792583947801177,0.09993634627625717,True,max_tpr_with_empirical_fpr_le_target,0.010450373985464962,0.010450373985464962,0.01,1.9256354292902425,591,140,13999,55962,0.010450373985464962,0.00990169035999717,True,max_tpr_with_empirical_fpr_le_target,0.0011139992573338284,0.0011139992573338284,0.001,5.397476526470456,63,14,14125,56490,0.0011139992573338284,0.000990169035999717,True,max_tpr_with_empirical_fpr_le_target,32,True,False,0.1579919781673833,0.15823787884144144,0.7153264021500814,DIABETES,GNB,standard,,2
0.4982718302334452,0.003782845365910892,56553,14139,0.09764291903170477,0.09764291903170477,0.1,0.10933677576931533,5522,1413,12726,51031,0.09764291903170477,0.09993634627625717,True,max_tpr_with_empirical_fpr_le_target,0.008381518221844995,0.008381518221844995,0.01,1.938163374916291,474,141,13998,56079,0.008381518221844995,0.009972416719711436,True,max_tpr_with_empirical_fpr_le_target,0.0007603486994500734,0.0007603486994500734,0.001,5.179229052266279,43,14,14125,56510,0.0007603486994500734,0.000990169035999717,True,max_tpr_with_empirical_fpr_le_target,32,True,False,0.15968291633866577,0.15894330443262844,0.7153264021500814,DIABETES,GNB,standard,,3
0.5014733782839225,0.006264248424712071,56553,14139,0.10404399412940074,0.10404399412940074,0.1,0.09565526206064823,5884,1413,12726,50669,0.10404399412940074,0.09993634627625717,True,max_tpr_with_empirical_fpr_le_target,0.009690025286014889,0.009690025286014889,0.01,2.0021108524050595,548,141,13998,56005,0.009690025286014889,0.009972416719711436,True,max_tpr_with_empirical_fpr_le_target,0.0010963167294396406,0.0010963167294396406,0.001,4.675545098492778,62,14,14125,56491,0.0010963167294396406,0.000990169035999717,True,max_tpr_with_empirical_fpr_le_target,32,True,False,0.1476343583583657,0.14761158140556926,0.7153264021500814,DIABETES,GNB,standard,,4
0.49439902771134014,0.0022954419947071036,56553,14139,0.09728926847382102,0.09728926847382102,0.1,0.08552316885555533,5502,1413,12726,51051,0.09728926847382102,0.09993634627625717,True,max_tpr_with_empirical_fpr_le_target,0.009707707813909077,0.009707707813909077,0.01,1.665544805465934,549,141,13998,56004,0.009707707813909077,0.009972416719711436,True,max_tpr_with_empirical_fpr_le_target,0.0010963167294396406,0.0010963167294396406,0.001,5.105267792798139,62,14,14125,56491,0.0010963167294396406,0.000990169035999717,True,max_tpr_with_empirical_fpr_le_target,32,True,False,0.16646654467309174,0.16458681461169947,0.7153264021500814,DIABETES,GNB,standard,,5
0.4987816970896379,0.005706106353918328,56553,14139,0.10116174208264814,0.10116174208264814,0.1,0.07367547367643312,5721,1413,12726,50832,0.10116174208264814,0.09993634627625717,True,max_tpr_with_empirical_fpr_le_target,0.010202818594946334,0.010202818594946334,0.01,1.4048712040954139,577,140,13999,55976,0.010202818594946334,0.00990169035999717,True,max_tpr_with_empirical_fpr_le_target,0.0011493643131222039,0.0011493643131222039,0.001,3.5347587153706312,65,13,14126,56488,0.0011493643131222039,0.0009194426762854516,True,max_tpr_with_empirical_fpr_le_target,32,True,False,0.16435717374325004,0.16440652357140656,0.7153264021500814,DIABETES,GNB,standard,,6
0.5003661836545166,0.006813821241588913,56553,14139,0.09944653687691192,0.09944653687691192,0.1,0.11352321910003049,5624,1413,12726,50929,0.09944653687691192,0.09993634627625717,True,max_tpr_with_empirical_fpr_le_target,0.010733294431771966,0.010733294431771966,0.01,1.904879368465213,607,141,13998,55946,0.010733294431771966,0.009972416719711436,True,max_tpr_with_empirical_fpr_le_target,0.0012024118968047672,0.0012024118968047672,0.001,5.1270493424767345,68,14,14125,56485,0.0012024118968047672,0.000990169035999717,True,max_tpr_with_empirical_fpr_le_target,32,True,False,0.16808563886893682,0.16808239695860927,0.7153264021500814,DIABETES,GNB,standard,,7
0.5017837060856861,0.0067212740496589984,56553,14139,0.10326596290205647,0.10326596290205647,0.1,0.08822006431323037,5840,1413,12726,50713,0.10326596290205647,0.09993634627625717,True,max_tpr_with_empirical_fpr_le_target,0.009972945732321893,0.009972945732321893,0.01,1.814482244036945,564,141,13998,55989,0.009972945732321893,0.009972416719711436,True,max_tpr_with_empirical_fpr_le_target,0.0014146022315350202,0.0014146022315350202,0.001,4.705192344644409,80,14,14125,56473,0.0014146022315350202,0.000990169035999717,True,max_tpr_with_empirical_fpr_le_target,32,True,False,0.17041940308565756,0.1710691752379453,0.7153264021500814,DIABETES,GNB,standard,,8
0.5003874373301866,0.005521218322495081,56553,14139,0.09785510936643503,0.09785510936643503,0.1,0.06489000124620359,5534,1413,12726,51019,0.09785510936643503,0.09993634627625717,True,max_tpr_with_empirical_fpr_le_target,0.010644881792301027,0.010644881792301027,0.01,0.8657596550324553,602,141,13998,55951,0.010644881792301027,0.009972416719711436,True,max_tpr_with_empirical_fpr_le_target,0.0008841263947093876,0.0008841263947093876,0.001,3.1991780942339654,50,12,14127,56503,0.0008841263947093876,0.000848716316571186,True,max_tpr_with_empirical_fpr_le_target,32,True,False,0.16526699242408507,0.16539876542453633,0.7153264021500814,DIABETES,GNB,standard,,9
0.4985045269979004,0.004150163958829389,56553,14139,0.09697098297172564,0.09697098297172564,0.1,0.10291271867207563,5484,1413,12726,51069,0.09697098297172564,0.09993634627625717,True,max_tpr_with_empirical_fpr_le_target,0.011387547963856912,0.011387547963856912,0.01,2.0277856211594454,644,141,13998,55909,0.011387547963856912,0.009972416719711436,True,max_tpr_with_empirical_fpr_le_target,0.001290824536275706,0.001290824536275706,0.001,4.989702063711114,73,14,14125,56480,0.001290824536275706,0.000990169035999717,True,max_tpr_with_empirical_fpr_le_target,32,True,False,0.16019046070198112,0.15932674330877963,0.7153264021500814,DIABETES,GNB,standard,,10
0.5017388031701493,0.006485803408206148,56553,14139,0.10183367814262727,0.10183367814262727,0.1,0.07529165699371942,5759,1413,12726,50794,0.10183367814262727,0.09993634627625717,True,max_tpr_with_empirical_fpr_le_target,0.008487613389210122,0.008487613389210122,0.01,2.074825157139186,480,141,13998,56073,0.008487613389210122,0.009972416719711436,True,max_tpr_with_empirical_fpr_le_target,0.0010963167294396406,0.0010963167294396406,0.001,4.828269745177903,62,14,14125,56491,0.0010963167294396406,0.000990169035999717,True,max_tpr_with_empirical_fpr_le_target,32,True,False,0.17353046407180678,0.17346254789652765,0.7153264021500814,DIABETES,GNB,standard,,11
0.4996463963403973,0.006705017229509225,56553,14139,0.10006542535320849,0.10006542535320849,0.1,0.08887499952904965,5659,1412,12727,50894,0.10006542535320849,0.0998656199165429,True,max_tpr_with_empirical_fpr_le_target,0.010185136067052146,0.010185136067052146,0.01,1.6409574465609926,576,141,13998,55977,0.010185136067052146,0.009972416719711436,True,max_tpr_with_empirical_fpr_le_target,0.0009548565062861387,0.0009548565062861387,0.001,4.029171326577371,54,14,14125,56499,0.0009548565062861387,0.000990169035999717,True,max_tpr_with_empirical_fpr_le_target,32,True,False,0.16284193250196233,0.1628653964408611,0.7153264021500814,DIABETES,GNB,standard,,12
0.5011912069594918,0.006884123640842288,56553,14139,0.0993404417095468,0.0993404417095468,0.1,0.05459942132874007,5618,1413,12726,50935,0.0993404417095468,0.09993634627625717,True,max_tpr_with_empirical_fpr_le_target,0.010910119710713843,0.010910119710713843,0.01,1.1384718308483794,617,141,13998,55936,0.010910119710713843,0.009972416719711436,True,max_tpr_with_empirical_fpr_le_target,0.0006542535320849469,0.0006542535320849469,0.001,3.9961391832007687,37,14,14125,56516,0.0006542535320849469,0.000990169035999717,True,max_tpr_with_empirical_fpr_le_target,32,True,False,0.17316123191407215,0.17323807534126023,0.7153264021500814,DIABETES,GNB,standard,,13
0.5009893673880487,0.006528912308164547,56553,14139,0.09665269746963026,0.09665269746963026,0.1,0.09693545792993397,5466,1411,12728,51087,0.09665269746963026,0.09979489355682863,True,max_tpr_with_empirical_fpr_le_target,0.010238183650734709,0.010238183650734709,0.01,1.6178349669603171,579,141,13998,55974,0.010238183650734709,0.009972416719711436,True,max_tpr_with_empirical_fpr_le_target,0.0007426661715558856,0.0007426661715558856,0.001,5.461884777175003,42,14,14125,56511,0.0007426661715558856,0.000990169035999717,True,max_tpr_with_empirical_fpr_le_target,32,True,False,0.14859671872051491,0.14804492261762636,0.7153264021500814,DIABETES,GNB,standard,,14
0.5031744702336091,0.008934606533870793,56553,14139,0.09921666401428748,0.09921666401428748,0.1,0.06245473549554814,5611,1412,12727,50942,0.09921666401428748,0.0998656199165429,True,max_tpr_with_empirical_fpr_le_target,0.00818701041500893,0.00818701041500893,0.01,1.3262254463952385,463,140,13999,56090,0.00818701041500893,0.00990169035999717,True,max_tpr_with_empirical_fpr_le_target,0.0013085070641698938,0.0013085070641698938,0.001,3.644089776875832,74,14,14125,56479,0.0013085070641698938,0.000990169035999717,True,max_tpr_with_empirical_fpr_le_target,32,True,False,0.1730444199893467,0.17325818875895727,0.7153264021500814,DIABETES,GNB,standard,,15
0.4988000524515378,0.004330159561571456,56553,14139,0.09822644245221297,0.09822644245221297,0.1,0.08561663494579752,5555,1413,12726,50998,0.09822644245221297,0.09993634627625717,True,max_tpr_with_empirical_fpr_le_target,0.01179424610542323,0.01179424610542323,0.01,1.1953790601096226,667,140,13999,55886,0.01179424610542323,0.00990169035999717,True,max_tpr_with_empirical_fpr_le_target,0.0012554594804873305,0.0012554594804873305,0.001,3.1954780802824194,71,14,14125,56482,0.0012554594804873305,0.000990169035999717,True,max_tpr_with_empirical_fpr_le_target,32,True,False,0.16650942840911823,0.1667471040998968,0.7153264021500814,DIABETES,GNB,standard,,16
0.4988261303970537,0.004812982992968673,56553,14139,0.0983148550916839,0.0983148550916839,0.1,0.08392908427159673,5560,1413,12726,50993,0.0983148550916839,0.09993634627625717,True,max_tpr_with_empirical_fpr_le_target,0.010609516736512652,0.010609516736512652,0.01,1.1943535931995402,600,141,13998,55953,0.010609516736512652,0.009972416719711436,True,max_tpr_with_empirical_fpr_le_target,0.0010963167294396406,0.0010963167294396406,0.001,3.573285893508981,62,14,14125,56491,0.0010963167294396406,0.000990169035999717,True,max_tpr_with_empirical_fpr_le_target,32,True,False,0.17041937890867412,0.17118786249085047,0.7153264021500814,DIABETES,GNB,standard,,17
0.4969768148667731,0.0033746239681754497,56553,14139,0.10006542535320849,0.10006542535320849,0.1,0.0739438450493698,5659,1413,12726,50894,0.10006542535320849,0.09993634627625717,True,max_tpr_with_empirical_fpr_le_target,0.01094548476650222,0.01094548476650222,0.01,1.3570750590625271,619,141,13998,55934,0.01094548476650222,0.009972416719711436,True,max_tpr_with_empirical_fpr_le_target,0.0010432691457570775,0.0010432691457570775,0.001,4.349967650927603,59,13,14126,56494,0.0010432691457570775,0.0009194426762854516,True,max_tpr_with_empirical_fpr_le_target,32,True,False,0.15708332492464264,0.15660463133659142,0.7153264021500814,DIABETES,GNB,standard,,18
0.5002518981713456,0.006623087808413253,56553,14139,0.10165685286368539,0.10165685286368539,0.1,0.07407637944426226,5749,1411,12728,50804,0.10165685286368539,0.09979489355682863,True,max_tpr_with_empirical_fpr_le_target,0.009636977702332326,0.009636977702332326,0.01,1.7577663052866388,545,141,13998,56008,0.009636977702332326,0.009972416719711436,True,max_tpr_with_empirical_fpr_le_target,0.0017328877336303997,0.0017328877336303997,0.001,4.4546425629952076,98,14,14125,56455,0.0017328877336303997,0.000990169035999717,True,max_tpr_with_empirical_fpr_le_target,32,True,False,0.16264086746335354,0.16205185003797778,0.7153264021500814,DIABETES,GNB,standard,,19
0.5014540636958471,0.006240990629164389,56553,14139,0.09822644245221297,0.09822644245221297,0.1,0.09117226860270766,5555,1412,12727,50998,0.09822644245221297,0.0998656199165429,True,max_tpr_with_empirical_fpr_le_target,0.009902215620745142,0.009902215620745142,0.01,1.964336983575546,560,141,13998,55993,0.009902215620745142,0.009972416719711436,True,max_tpr_with_empirical_fpr_le_target,0.00157374498258271,0.00157374498258271,0.001,4.546290429849737,89,13,14126,56464,0.00157374498258271,0.0009194426762854516,True,max_tpr_with_empirical_fpr_le_target,32,True,False,0.17972814970661122,0.17985222590233488,0.7153264021500814,DIABETES,GNB,standard,,20
0.505869613146347,0.01294286379791082,56553,14139,0.1039555814899298,0.1039555814899298,0.1,0.07518897191513085,5879,1412,12727,50674,0.1039555814899298,0.0998656199165429,True,max_tpr_with_empirical_fpr_le_target,0.010521104097041713,0.010521104097041713,0.01,1.274539122256149,595,141,13998,55958,0.010521104097041713,0.009972416719711436,True,max_tpr_with_empirical_fpr_le_target,0.0005835234205081958,0.0005835234205081958,0.001,4.347539504337027,33,14,14125,56520,0.0005835234205081958,0.000990169035999717,True,max_tpr_with_empirical_fpr_le_target,32,True,False,0.15755325477007537,0.1567696157402454,0.7153264021500814,DIABETES,GNB,standard,,21
0.5052619940143361,0.011569700887528234,56553,14139,0.10370802609941117,0.10370802609941117,0.1,0.07474012359021054,5865,1413,12726,50688,0.10370802609941117,0.09993634627625717,True,max_tpr_with_empirical_fpr_le_target,0.009460152423390447,0.009460152423390447,0.01,2.0464156575512367,535,141,13998,56018,0.009460152423390447,0.009972416719711436,True,max_tpr_with_empirical_fpr_le_target,0.001007904089968702,0.001007904089968702,0.001,4.905556513863834,57,14,14125,56496,0.001007904089968702,0.000990169035999717,True,max_tpr_with_empirical_fpr_le_target,32,True,False,0.16190562275109652,0.16199665788822457,0.7153264021500814,DIABETES,GNB,standard,,22
0.4995316324947594,0.0028254413449970706,56553,14139,0.09919898148639329,0.09919898148639329,0.1,0.06679364372151775,5610,1413,12726,50943,0.09919898148639329,0.09993634627625717,True,max_tpr_with_empirical_fpr_le_target,0.00921259703287182,0.00921259703287182,0.01,1.5908888437196842,521,140,13999,56032,0.00921259703287182,0.00990169035999717,True,max_tpr_with_empirical_fpr_le_target,0.0006896185878733224,0.0006896185878733224,0.001,5.534589175825321,39,12,14127,56514,0.0006896185878733224,0.000848716316571186,True,max_tpr_with_empirical_fpr_le_target,32,True,False,0.17557417797422914,0.17407763589642483,0.7153264021500814,DIABETES,GNB,standard,,23
0.4995191788125492,0.005873574487821331,56553,14139,0.0987569182890386,0.0987569182890386,0.1,0.11090280336023262,5585,1413,12726,50968,0.0987569182890386,0.09993634627625717,True,max_tpr_with_empirical_fpr_le_target,0.009424787367602072,0.009424787367602072,0.01,1.812550186242344,533,141,13998,56020,0.009424787367602072,0.009972416719711436,True,max_tpr_with_empirical_fpr_le_target,0.0008664438668151999,0.0008664438668151999,0.001,6.304491462010535,49,14,14125,56504,0.0008664438668151999,0.000990169035999717,True,max_tpr_with_empirical_fpr_le_target,32,True,False,0.14700720067665457,0.1476695220734085,0.7153264021500814,DIABETES,GNB,standard,,24
0.5014407977354088,0.00717998426086186,56553,14139,0.10054285360635157,0.10054285360635157,0.1,0.0820886847052058,5686,1412,12727,50867,0.10054285360635157,0.0998656199165429,True,max_tpr_with_empirical_fpr_le_target,0.009424787367602072,0.009424787367602072,0.01,1.6110153561047942,533,141,13998,56020,0.009424787367602072,0.009972416719711436,True,max_tpr_with_empirical_fpr_le_target,0.0005304758368256326,0.0005304758368256326,0.001,4.933488760716853,30,12,14127,56523,0.0005304758368256326,0.000848716316571186,True,max_tpr_with_empirical_fpr_le_target,32,True,False,0.16273095601676368,0.16304068965348062,0.7153264021500814,DIABETES,GNB,standard,,25
0.4968693258824946,0.0020641734392380373,56553,14139,0.0950082223754708,0.0950082223754708,0.1,0.0693499692985663,5373,1413,12726,51180,0.0950082223754708,0.09993634627625717,True,max_tpr_with_empirical_fpr_le_target,0.008151645359220553,0.008151645359220553,0.01,1.6690096249501045,461,141,13998,56092,0.008151645359220553,0.009972416719711436,True,max_tpr_with_empirical_fpr_le_target,0.0006896185878733224,0.0006896185878733224,0.001,5.667818777456692,39,13,14126,56514,0.0006896185878733224,0.0009194426762854516,True,max_tpr_with_empirical_fpr_le_target,32,True,False,0.1957798096031232,0.1954030249009233,0.7153264021500814,DIABETES,GNB,standard,,26
0.49966559962321894,0.008185986156550418,56553,14139,0.09994164765794918,0.09994164765794918,0.1,0.09122980170399586,5652,1413,12726,50901,0.09994164765794918,0.09993634627625717,True,max_tpr_with_empirical_fpr_le_target,0.011193040157020847,0.011193040157020847,0.01,1.5625260181801814,633,141,13998,55920,0.011193040157020847,0.009972416719711436,True,max_tpr_with_empirical_fpr_le_target,0.0010609516736512653,0.0010609516736512653,0.001,4.4604004784741536,60,13,14126,56493,0.0010609516736512653,0.0009194426762854516,True,max_tpr_with_empirical_fpr_le_target,32,True,False,0.17410890818464594,0.17440668874497944,0.7153264021500814,DIABETES,GNB,standard,,27
0.5010546673039881,0.005794466467314463,56553,14139,0.10045444096688062,0.10045444096688062,0.1,0.06953249842364628,5681,1413,12726,50872,0.10045444096688062,0.09993634627625717,True,max_tpr_with_empirical_fpr_le_target,0.010079040899687019,0.010079040899687019,0.01,1.608366252813243,570,141,13998,55983,0.010079040899687019,0.009972416719711436,True,max_tpr_with_empirical_fpr_le_target,0.0006896185878733224,0.0006896185878733224,0.001,5.048880884750347,39,14,14125,56514,0.0006896185878733224,0.000990169035999717,True,max_tpr_with_empirical_fpr_le_target,32,True,False,0.17124667866747315,0.17202785162167472,0.7153264021500814,DIABETES,GNB,standard,,28
0.4969969436090078,0.0005834483832585224,56553,14139,0.095874666242286,0.095874666242286,0.1,0.11001909020131584,5422,1413,12726,51131,0.095874666242286,0.09993634627625717,True,max_tpr_with_empirical_fpr_le_target,0.008293105582374055,0.008293105582374055,0.01,1.4512832477529596,469,141,13998,56084,0.008293105582374055,0.009972416719711436,True,max_tpr_with_empirical_fpr_le_target,0.0011316817852280161,0.0011316817852280161,0.001,3.678177451615008,64,14,14125,56489,0.0011316817852280161,0.000990169035999717,True,max_tpr_with_empirical_fpr_le_target,32,True,False,0.16674649445515005,0.16800843811719396,0.7153264021500814,DIABETES,GNB,standard,,29
0.49872714125723605,0.004177931493084541,56553,14139,0.09898679115166305,0.09898679115166305,0.1,0.39694796289362255,5598,1413,12726,50955,0.09898679115166305,0.09993634627625717,True,max_tpr_with_empirical_fpr_le_target,0.011122310045444096,0.011122310045444096,0.01,1.6078751616150715,629,141,13998,55924,0.011122310045444096,0.009972416719711436,True,max_tpr_with_empirical_fpr_le_target,0.0011316817852280161,0.0011316817852280161,0.001,3.473079648426104,64,14,14125,56489,0.0011316817852280161,0.000990169035999717,True,max_tpr_with_empirical_fpr_le_target,32,True,False,5.587207072121662,5.576774749177075,0.6490558030978145,DIABETES,GNB,dp,0.1,0
0.5047630951028094,0.009896831698078423,56553,14139,0.10084345658055276,0.10084345658055276,0.1,0.4016689830817608,5703,1413,12726,50850,0.10084345658055276,0.09993634627625717,True,max_tpr_with_empirical_fpr_le_target,0.010361961345994023,0.010361961345994023,0.01,1.679951283195411,586,141,13998,55967,0.010361961345994023,0.009972416719711436,True,max_tpr_with_empirical_fpr_le_target,0.0017505702615245875,0.0017505702615245875,0.001,3.2347798574638267,99,14,14125,56454,0.0017505702615245875,0.000990169035999717,True,max_tpr_with_empirical_fpr_le_target,32,True,False,5.466202831370437,5.475477813705341,0.6490558030978145,DIABETES,GNB,dp,0.1,1
0.4942645196893723,0.0009368137995933168,56553,14139,0.0944246989549626,0.0944246989549626,0.1,0.3503942488644203,5340,1413,12726,51213,0.0944246989549626,0.09993634627625717,True,max_tpr_with_empirical_fpr_le_target,0.009707707813909077,0.009707707813909077,0.01,1.3664188700256243,549,140,13999,56004,0.009707707813909077,0.00990169035999717,True,max_tpr_with_empirical_fpr_le_target,0.0009902215620745142,0.0009902215620745142,0.001,2.9837999015812766,56,14,14125,56497,0.0009902215620745142,0.000990169035999717,True,max_tpr_with_empirical_fpr_le_target,32,True,False,6.435058172964945,6.435084211367242,0.6490558030978145,DIABETES,GNB,dp,0.1,2
0.496820978757196,0.0026330120699780135,56553,14139,0.09658196735805351,0.09658196735805351,0.1,0.359042918189755,5462,1413,12726,51091,0.09658196735805351,0.09993634627625717,True,max_tpr_with_empirical_fpr_le_target,0.00889431153077644,0.00889431153077644,0.01,1.4658642779035906,503,140,13999,56050,0.00889431153077644,0.00990169035999717,True,max_tpr_with_empirical_fpr_le_target,0.0014853323431117712,0.0014853323431117712,0.001,2.842549911762089,84,14,14125,56469,0.0014853323431117712,0.000990169035999717,True,max_tpr_with_empirical_fpr_le_target,32,True,False,5.8363584293529565,5.832002992189195,0.6490558030978145,DIABETES,GNB,dp,0.1,3
0.5004572663694564,0.007866440028659882,56553,14139,0.10011847293689106,0.10011847293689106,0.1,0.3773135942339225,5662,1412,12727,50891,0.10011847293689106,0.0998656199165429,True,max_tpr_with_empirical_fpr_le_target,0.00937173978391951,0.00937173978391951,0.01,1.7513141425220535,530,140,13999,56023,0.00937173978391951,0.00990169035999717,True,max_tpr_with_empirical_fpr_le_target,0.0010963167294396406,0.0010963167294396406,0.001,3.396444996344763,62,14,14125,56491,0.0010963167294396406,0.000990169035999717,True,max_tpr_with_empirical_fpr_le_target,32,True,False,5.247939352147802,5.246388917275118,0.6490558030978145,DIABETES,GNB,dp,0.1,4
0.4955877453100728,0.0032327435364235546,56553,14139,0.09377044542287766,0.09377044542287766,0.1,0.3638050266768489,5303,1413,12726,51250,0.09377044542287766,0.09993634627625717,True,max_tpr_with_empirical_fpr_le_target,0.010361961345994023,0.010361961345994023,0.01,1.4829987147457322,586,140,13999,55967,0.010361961345994023,0.00990169035999717,True,max_tpr_with_empirical_fpr_le_target,0.0007780312273442611,0.0007780312273442611,0.001,3.42940247744776,44,12,14127,56509,0.0007780312273442611,0.000848716316571186,True,max_tpr_with_empirical_fpr_le_target,32,True,False,5.880209804752718,5.88599010862285,0.6490558030978145,DIABETES,GNB,dp,0.1,5
0.49972188506422643,0.005355115866536697,56553,14139,0.10025993316004456,0.10025993316004456,0.1,0.30595691311603,5670,1411,12728,50883,0.10025993316004456,0.09979489355682863,True,max_tpr_with_empirical_fpr_le_target,0.010185136067052146,0.010185136067052146,0.01,1.1444316461692994,576,139,14000,55977,0.010185136067052146,0.009830964000282905,True,max_tpr_with_empirical_fpr_le_target,0.0010432691457570775,0.0010432691457570775,0.001,2.370195323266274,59,14,14125,56494,0.0010432691457570775,0.000990169035999717,True,max_tpr_with_empirical_fpr_le_target,32,True,False,6.728157232830766,6.712400878971158,0.6490558030978145,DIABETES,GNB,dp,0.1,6
0.5009923244809977,0.006915886908644642,56553,14139,0.10218732870051102,0.10218732870051102,0.1,0.41866610668744375,5779,1413,12726,50774,0.10218732870051102,0.09993634627625717,True,max_tpr_with_empirical_fpr_le_target,0.009247962088660196,0.009247962088660196,0.01,1.7786342711270438,523,141,13998,56030,0.009247962088660196,0.009972416719711436,True,max_tpr_with_empirical_fpr_le_target,0.0005835234205081958,0.0005835234205081958,0.001,3.8841662113353963,33,14,14125,56520,0.0005835234205081958,0.000990169035999717,True,max_tpr_with_empirical_fpr_le_target,32,True,False,5.524975711105587,5.536458301421203,0.6490558030978145,DIABETES,GNB,dp,0.1,7
0.5018836294392626,0.008230779642764752,56553,14139,0.09852704542641416,0.09852704542641416,0.1,0.3554950822332774,5572,1413,12726,50981,0.09852704542641416,0.09993634627625717,True,max_tpr_with_empirical_fpr_le_target,0.00937173978391951,0.00937173978391951,0.01,1.3084864420249236,530,141,13998,56023,0.00937173978391951,0.009972416719711436,True,max_tpr_with_empirical_fpr_le_target,0.0009194914504977632,0.0009194914504977632,0.001,2.647684166204015,52,14,14125,56501,0.0009194914504977632,0.000990169035999717,True,max_tpr_with_empirical_fpr_le_target,32,True,False,6.5425796114476515,6.540822363132173,0.6490558030978145,DIABETES,GNB,dp,0.1,8
0.4995057490207824,0.008103651534305922,56553,14139,0.09859777553799091,0.09859777553799091,0.1,0.3045562241072588,5576,1412,12727,50977,0.09859777553799091,0.0998656199165429,True,max_tpr_with_empirical_fpr_le_target,0.00834615316605662,0.00834615316605662,0.01,1.1228807116318897,472,141,13998,56081,0.00834615316605662,0.009972416719711436,True,max_tpr_with_empirical_fpr_le_target,0.0008133962831326367,0.0008133962831326367,0.001,2.437060789237967,46,14,14125,56507,0.0008133962831326367,0.000990169035999717,True,max_tpr_with_empirical_fpr_le_target,32,True,False,7.037643137636843,7.034301491369247,0.6490558030978145,DIABETES,GNB,dp,0.1,9
0.4989567464870033,0.003445973137062297,56553,14139,0.09767828408749314,0.09767828408749314,0.1,0.3908559150563935,5524,1413,12726,51029,0.09767828408749314,0.09993634627625717,True,max_tpr_with_empirical_fpr_le_target,0.01101621487807897,0.01101621487807897,0.01,1.5739550361645538,623,140,13999,55930,0.01101621487807897,0.00990169035999717,True,max_tpr_with_empirical_fpr_le_target,0.0011847293689105794,0.0011847293689105794,0.001,3.4340726889786843,67,14,14125,56486,0.0011847293689105794,0.000990169035999717,True,max_tpr_with_empirical_fpr_le_target,32,True,False,5.4515543801334045,5.46449705765636,0.6490558030978145,DIABETES,GNB,dp,0.1,10
0.49944676223878526,0.004343392380557809,56553,14139,0.10006542535320849,0.10006542535320849,0.1,0.4151644139771773,5659,1412,12727,50894,0.10006542535320849,0.0998656199165429,True,max_tpr_with_empirical_fpr_le_target,0.010432691457570774,0.010432691457570774,0.01,1.739287290847428,590,141,13998,55963,0.010432691457570774,0.009972416719711436,True,max_tpr_with_empirical_fpr_le_target,0.0010255866178628897,0.0010255866178628897,0.001,3.5895775514496338,58,14,14125,56495,0.0010255866178628897,0.000990169035999717,True,max_tpr_with_empirical_fpr_le_target,32,True,False,5.826251391054855,5.830826156692094,0.6490558030978145,DIABETES,GNB,dp,0.1,11
0.5013373557601314,0.006250632915752119,56553,14139,0.09880996587272116,0.09880996587272116,0.1,0.334949421572893,5588,1413,12726,50965,0.09880996587272116,0.09993634627625717,True,max_tpr_with_empirical_fpr_le_target,0.010574151680724276,0.010574151680724276,0.01,1.3151625737072203,598,141,13998,55955,0.010574151680724276,0.009972416719711436,True,max_tpr_with_empirical_fpr_le_target,0.0012377769525931427,0.0012377769525931427,0.001,2.7576072453895915,70,14,14125,56483,0.0012377769525931427,0.000990169035999717,True,max_tpr_with_empirical_fpr_le_target,32,True,False,6.239244009598505,6.2383904526655884,0.6490558030978145,DIABETES,GNB,dp,0.1,12
0.49940318435601605,0.005402655716090554,56553,14139,0.09714780825066752,0.09714780825066752,0.1,0.3659097214143987,5494,1413,12726,51059,0.09714780825066752,0.09993634627625717,True,max_tpr_with_empirical_fpr_le_target,0.010061358371792832,0.010061358371792832,0.01,1.4130080753775474,569,141,13998,55984,0.010061358371792832,0.009972416719711436,True,max_tpr_with_empirical_fpr_le_target,0.0010255866178628897,0.0010255866178628897,0.001,2.867522416422509,58,14,14125,56495,0.0010255866178628897,0.000990169035999717,True,max_tpr_with_empirical_fpr_le_target,32,True,False,6.222622595258204,6.222941181419197,0.6490558030978145,DIABETES,GNB,dp,0.1,13
0.49826749933351605,0.004285681231805782,56553,14139,0.09283327144448571,0.09283327144448571,0.1,0.360725680856425,5250,1413,12726,51303,0.09283327144448571,0.09993634627625717,True,max_tpr_with_empirical_fpr_le_target,0.00928332714444857,0.00928332714444857,0.01,1.4518267264941525,525,141,13998,56028,0.00928332714444857,0.009972416719711436,True,max_tpr_with_empirical_fpr_le_target,0.0007249836436616978,0.0007249836436616978,0.001,2.9344069950186986,41,14,14125,56512,0.0007249836436616978,0.000990169035999717,True,max_tpr_with_empirical_fpr_le_target,32,True,False,6.111774462479058,6.136840952122357,0.6490558030978145,DIABETES,GNB,dp,0.1,14
0.4980095863012957,0.0018450984368468815,56553,14139,0.09493749226389404,0.09493749226389404,0.1,0.4085379977947925,5369,1413,12726,51184,0.09493749226389404,0.09993634627625717,True,max_tpr_with_empirical_fpr_le_target,0.008416883277633371,0.008416883277633371,0.01,1.8839851366390876,476,139,14000,56077,0.008416883277633371,0.009830964000282905,True,max_tpr_with_empirical_fpr_le_target,0.0009725390341803265,0.0009725390341803265,0.001,3.9773065861162387,55,13,14126,56498,0.0009725390341803265,0.0009194426762854516,True,max_tpr_with_empirical_fpr_le_target,32,True,False,5.31519375252158,5.313230146495419,0.6490558030978145,DIABETES,GNB,dp,0.1,15
0.5015256804975914,0.006879006100412033,56553,14139,0.10103796438738882,0.10103796438738882,0.1,0.3374032478526794,5714,1413,12726,50839,0.10103796438738882,0.09993634627625717,True,max_tpr_with_empirical_fpr_le_target,0.010644881792301027,0.010644881792301027,0.01,1.478179190807428,602,141,13998,55951,0.010644881792301027,0.009972416719711436,True,max_tpr_with_empirical_fpr_le_target,0.0008487613389210122,0.0008487613389210122,0.001,3.534603779384063,48,14,14125,56505,0.0008487613389210122,0.000990169035999717,True,max_tpr_with_empirical_fpr_le_target,32,True,False,5.909238399083809,5.912624029460435,0.6490558030978145,DIABETES,GNB,dp,0.1,16
0.4984721834420336,0.0035652148305765907,56553,14139,0.09555638074019061,0.09555638074019061,0.1,0.35879498441555224,5404,1413,12726,51149,0.09555638074019061,0.09993634627625717,True,max_tpr_with_empirical_fpr_le_target,0.009707707813909077,0.009707707813909077,0.01,1.5326872357093038,549,141,13998,56004,0.009707707813909077,0.009972416719711436,True,max_tpr_with_empirical_fpr_le_target,0.0013261895920640815,0.0013261895920640815,0.001,3.214844983783385,75,14,14125,56478,0.0013261895920640815,0.000990169035999717,True,max_tpr_with_empirical_fpr_le_target,32,True,False,6.071185108094426,6.066445777437001,0.6490558030978145,DIABETES,GNB,dp,0.1,17
0.5014624991333354,0.008726419436412614,56553,14139,0.09840326773115485,0.09840326773115485,0.1,0.38422609614532144,5565,1413,12726,50988,0.09840326773115485,0.09993634627625717,True,max_tpr_with_empirical_fpr_le_target,0.00976075539759164,0.00976075539759164,0.01,1.698436275046447,552,141,13998,56001,0.00976075539759164,0.009972416719711436,True,max_tpr_with_empirical_fpr_le_target,0.0006188884762965714,0.0006188884762965714,0.001,4.047112666061287,35,14,14125,56518,0.0006188884762965714,0.000990169035999717,True,max_tpr_with_empirical_fpr_le_target,32,True,False,5.618831569870445,5.621625637177488,0.6490558030978145,DIABETES,GNB,dp,0.1,18
0.5049420326803306,0.012800570661285482,56553,14139,0.10112637702685975,0.10112637702685975,0.1,0.3814493624222375,5719,1413,12726,50834,0.10112637702685975,0.09993634627625717,True,max_tpr_with_empirical_fpr_le_target,0.009813802981274202,0.009813802981274202,0.01,1.526842162980791,555,141,13998,55998,0.009813802981274202,0.009972416719711436,True,max_tpr_with_empirical_fpr_le_target,0.001361554647852457,0.001361554647852457,0.001,3.029592059577345,77,14,14125,56476,0.001361554647852457,0.000990169035999717,True,max_tpr_with_empirical_fpr_le_target,32,True,False,5.693737162890629,5.682715383144625,0.6490558030978145,DIABETES,GNB,dp,0.1,19
0.5027260926516912,0.01141740903737909,56553,14139,0.09813802981274203,0.09813802981274203,0.1,0.3955079261994472,5550,1412,12727,51003,0.09813802981274203,0.0998656199165429,True,max_tpr_with_empirical_fpr_le_target,0.00944246989549626,0.00944246989549626,0.01,1.650948086881578,534,141,13998,56019,0.00944246989549626,0.009972416719711436,True,max_tpr_with_empirical_fpr_le_target,0.0007073011157675101,0.0007073011157675101,0.001,3.48389614062308,40,13,14126,56513,0.0007073011157675101,0.0009194426762854516,True,max_tpr_with_empirical_fpr_le_target,32,True,False,5.64975328754195,5.641506286938472,0.6490558030978145,DIABETES,GNB,dp,0.1,20
0.4978521556501623,0.0026330570923278618,56553,14139,0.0983148550916839,0.0983148550916839,0.1,0.30398214953009717,5560,1413,12726,50993,0.0983148550916839,0.09993634627625717,True,max_tpr_with_empirical_fpr_le_target,0.00802786766396124,0.00802786766396124,0.01,1.2633546172205876,454,141,13998,56099,0.00802786766396124,0.009972416719711436,True,max_tpr_with_empirical_fpr_le_target,0.0006719360599791347,0.0006719360599791347,0.001,2.98147413869373,38,12,14127,56515,0.0006719360599791347,0.000848716316571186,True,max_tpr_with_empirical_fpr_le_target,32,True,False,6.518215124114956,6.509645799097935,0.6490558030978145,DIABETES,GNB,dp,0.1,21
0.4991632489982055,0.003935962625806866,56553,14139,0.10011847293689106,0.10011847293689106,0.1,0.3164570570058425,5662,1413,12726,50891,0.10011847293689106,0.09993634627625717,True,max_tpr_with_empirical_fpr_le_target,0.010361961345994023,0.010361961345994023,0.01,1.1475276998060453,586,141,13998,55967,0.010361961345994023,0.009972416719711436,True,max_tpr_with_empirical_fpr_le_target,0.0014146022315350202,0.0014146022315350202,0.001,2.240208374014803,80,14,14125,56473,0.0014146022315350202,0.000990169035999717,True,max_tpr_with_empirical_fpr_le_target,32,True,False,6.374886927204223,6.365577891637411,0.6490558030978145,DIABETES,GNB,dp,0.1,22
0.49980563288800717,0.00435837731932498,56553,14139,0.10282389970470178,0.10282389970470178,0.1,0.3749138483453214,5815,1413,12726,50738,0.10282389970470178,0.09993634627625717,True,max_tpr_with_empirical_fpr_le_target,0.010538786624935901,0.010538786624935901,0.01,1.669447584432017,596,141,13998,55957,0.010538786624935901,0.009972416719711436,True,max_tpr_with_empirical_fpr_le_target,0.0011493643131222039,0.0011493643131222039,0.001,3.577205094572263,65,14,14125,56488,0.0011493643131222039,0.000990169035999717,True,max_tpr_with_empirical_fpr_le_target,32,True,False,5.555012584700025,5.565255808305739,0.6490558030978145,DIABETES,GNB,dp,0.1,23
0.502239638668029,0.007743836666358583,56553,14139,0.0980496171732711,0.0980496171732711,0.1,0.35871726764078016,5545,1413,12726,51008,0.0980496171732711,0.09993634627625717,True,max_tpr_with_empirical_fpr_le_target,0.010025993316004456,0.010025993316004456,0.01,1.4884382025793856,567,141,13998,55986,0.010025993316004456,0.009972416719711436,True,max_tpr_with_empirical_fpr_le_target,0.0011670468410163917,0.0011670468410163917,0.001,3.23806115231136,66,14,14125,56487,0.0011670468410163917,0.000990169035999717,True,max_tpr_with_empirical_fpr_le_target,32,True,False,6.041872337978656,6.031839595841937,0.6490558030978145,DIABETES,GNB,dp,0.1,24
0.4971305761963957,0.005066871527362848,56553,14139,0.09713012572277333,0.09713012572277333,0.1,0.3660969691746119,5493,1413,12726,51060,0.09713012572277333,0.09993634627625717,True,max_tpr_with_empirical_fpr_le_target,0.009937580676533516,0.009937580676533516,0.01,1.4851178800788452,562,141,13998,55991,0.009937580676533516,0.009972416719711436,True,max_tpr_with_empirical_fpr_le_target,0.0013261895920640815,0.0013261895920640815,0.001,3.0046274039525978,75,14,14125,56478,0.0013261895920640815,0.000990169035999717,True,max_tpr_with_empirical_fpr_le_target,32,True,False,5.602594163877967,5.611998098508402,0.6490558030978145,DIABETES,GNB,dp,0.1,25
0.506254080252066,0.012899075810842486,56553,14139,0.10054285360635157,0.10054285360635157,0.1,0.3829734836485392,5686,1412,12727,50867,0.10054285360635157,0.0998656199165429,True,max_tpr_with_empirical_fpr_le_target,0.009690025286014889,0.009690025286014889,0.01,1.5740130990852323,548,141,13998,56005,0.009690025286014889,0.009972416719711436,True,max_tpr_with_empirical_fpr_le_target,0.0011847293689105794,0.0011847293689105794,0.001,2.9450088715775395,67,14,14125,56486,0.0011847293689105794,0.000990169035999717,True,max_tpr_with_empirical_fpr_le_target,32,True,False,5.99375611084435,5.9956041768908985,0.6490558030978145,DIABETES,GNB,dp,0.1,26
0.49855788723678995,0.0042755474512324865,56553,14139,0.09778437925485828,0.09778437925485828,0.1,0.31295363762087636,5530,1413,12726,51023,0.09778437925485828,0.09993634627625717,True,max_tpr_with_empirical_fpr_le_target,0.008611391084469436,0.008611391084469436,0.01,1.349939556937783,487,140,13999,56066,0.008611391084469436,0.00990169035999717,True,max_tpr_with_empirical_fpr_le_target,0.0007426661715558856,0.0007426661715558856,0.001,3.217145724109215,42,13,14126,56511,0.0007426661715558856,0.0009194426762854516,True,max_tpr_with_empirical_fpr_le_target,32,True,False,6.495861023056942,6.496937441728314,0.6490558030978145,DIABETES,GNB,dp,0.1,27
0.5013150746994508,0.00794781792597049,56553,14139,0.09667037999752445,0.09667037999752445,0.1,0.3793575712998756,5467,1413,12726,51086,0.09667037999752445,0.09993634627625717,True,max_tpr_with_empirical_fpr_le_target,0.008965041642353191,0.008965041642353191,0.01,1.4889177938024263,507,141,13998,56046,0.008965041642353191,0.009972416719711436,True,max_tpr_with_empirical_fpr_le_target,0.0009371739783919509,0.0009371739783919509,0.001,3.01077195619193,53,14,14125,56500,0.0009371739783919509,0.000990169035999717,True,max_tpr_with_empirical_fpr_le_target,32,True,False,6.191310240323915,6.187330088888237,0.6490558030978145,DIABETES,GNB,dp,0.1,28
0.5018095364082781,0.0076497362033595695,56553,14139,0.10004774282531431,0.10004774282531431,0.1,0.3629723218095249,5658,1413,12726,50895,0.10004774282531431,0.09993634627625717,True,max_tpr_with_empirical_fpr_le_target,0.008929676586564815,0.008929676586564815,0.01,1.6183946315755087,505,141,13998,56048,0.008929676586564815,0.009972416719711436,True,max_tpr_with_empirical_fpr_le_target,0.0009194914504977632,0.0009194914504977632,0.001,3.3539218769348933,52,14,14125,56501,0.0009194914504977632,0.000990169035999717,True,max_tpr_with_empirical_fpr_le_target,32,True,False,5.7380146131189695,5.740020125777586,0.6490558030978145,DIABETES,GNB,dp,0.1,29
0.4985736775753707,0.0037739684592701384,56553,14139,0.09569784096334412,0.09569784096334412,0.1,0.14516331321134546,5412,1411,12728,51141,0.09569784096334412,0.09979489355682863,True,max_tpr_with_empirical_fpr_le_target,0.008487613389210122,0.008487613389210122,0.01,1.1953620671498988,480,141,13998,56073,0.008487613389210122,0.009972416719711436,True,max_tpr_with_empirical_fpr_le_target,0.0006012059484023836,0.0006012059484023836,0.001,2.6148562246889324,34,14,14125,56519,0.0006012059484023836,0.000990169035999717,True,max_tpr_with_empirical_fpr_le_target,32,True,False,4.724058903065229,4.740825603721513,0.7004738666100856,DIABETES,GNB,dp,0.2,0
0.4983990408828787,0.00653445005719322,56553,14139,0.09826180750800134,0.09826180750800134,0.1,0.16451418681951235,5557,1412,12727,50996,0.09826180750800134,0.0998656199165429,True,max_tpr_with_empirical_fpr_le_target,0.009884533092850954,0.009884533092850954,0.01,0.9855421831984144,559,141,13998,55994,0.009884533092850954,0.009972416719711436,True,max_tpr_with_empirical_fpr_le_target,0.0006188884762965714,0.0006188884762965714,0.001,2.4546819995589177,35,14,14125,56518,0.0006188884762965714,0.000990169035999717,True,max_tpr_with_empirical_fpr_le_target,32,True,False,4.493830947252851,4.496501914200626,0.7004738666100856,DIABETES,GNB,dp,0.2,1
0.49745068385303826,0.003022500418323304,56553,14139,0.09431860378759747,0.09431860378759747,0.1,0.1499756121965743,5334,1413,12726,51219,0.09431860378759747,0.09993634627625717,True,max_tpr_with_empirical_fpr_le_target,0.009725390341803265,0.009725390341803265,0.01,0.9120843865941644,550,141,13998,56003,0.009725390341803265,0.009972416719711436,True,max_tpr_with_empirical_fpr_le_target,0.00031828550209537956,0.00031828550209537956,0.001,2.5466697888746133,18,13,14126,56535,0.00031828550209537956,0.0009194426762854516,True,max_tpr_with_empirical_fpr_le_target,32,True,False,5.019260178319714,5.017628698959286,0.7004738666100856,DIABETES,GNB,dp,0.2,2
0.5027211414438313,0.010072460132887429,56553,14139,0.09895142609587466,0.09895142609587466,0.1,0.14568614777020805,5596,1413,12726,50957,0.09895142609587466,0.09993634627625717,True,max_tpr_with_empirical_fpr_le_target,0.008682121196046187,0.008682121196046187,0.01,1.2431126995553194,491,141,13998,56062,0.008682121196046187,0.009972416719711436,True,max_tpr_with_empirical_fpr_le_target,0.0009194914504977632,0.0009194914504977632,0.001,2.5585529841576635,52,14,14125,56501,0.0009194914504977632,0.000990169035999717,True,max_tpr_with_empirical_fpr_le_target,32,True,False,5.031501194651474,5.025489344298843,0.7004738666100856,DIABETES,GNB,dp,0.2,3
0.4977651649665733,0.0030916997700058957,56553,14139,0.09700634802751401,0.09700634802751401,0.1,0.09584050995902693,5486,1413,12726,51067,0.09700634802751401,0.09993634627625717,True,max_tpr_with_empirical_fpr_le_target,0.010025993316004456,0.010025993316004456,0.01,1.4013899403494747,567,141,13998,55986,0.010025993316004456,0.009972416719711436,True,max_tpr_with_empirical_fpr_le_target,0.0014676498152175834,0.0014676498152175834,0.001,2.6574184956779403,83,14,14125,56470,0.0014676498152175834,0.000990169035999717,True,max_tpr_with_empirical_fpr_le_target,32,True,False,4.331093388555535,4.348761451101811,0.7004738666100856,DIABETES,GNB,dp,0.2,4
0.5025886775616076,0.00867808419201177,56553,14139,0.09674111010910119,0.09674111010910119,0.1,0.1364238453980624,5471,1413,12726,51082,0.09674111010910119,0.09993634627625717,True,max_tpr_with_empirical_fpr_le_target,0.008982724170247378,0.008982724170247378,0.01,1.4460311696499923,508,141,13998,56045,0.008982724170247378,0.009972416719711436,True,max_tpr_with_empirical_fpr_le_target,0.0006719360599791347,0.0006719360599791347,0.001,3.2519290517856754,38,13,14126,56515,0.0006719360599791347,0.0009194426762854516,True,max_tpr_with_empirical_fpr_le_target,32,True,False,4.348345908173416,4.350945432441481,0.7004738666100856,DIABETES,GNB,dp,0.2,5
0.5046551265054431,0.011299079046448668,56553,14139,0.09953494951638286,0.09953494951638286,0.1,0.16680881757254395,5629,1413,12726,50924,0.09953494951638286,0.09993634627625717,True,max_tpr_with_empirical_fpr_le_target,0.010432691457570774,0.010432691457570774,0.01,1.3791749430398417,590,141,13998,55963,0.010432691457570774,0.009972416719711436,True,max_tpr_with_empirical_fpr_le_target,0.0009194914504977632,0.0009194914504977632,0.001,3.5344545722699334,52,12,14127,56501,0.0009194914504977632,0.000848716316571186,True,max_tpr_with_empirical_fpr_le_target,32,True,False,3.7941773148782123,3.7983913220384413,0.7004738666100856,DIABETES,GNB,dp,0.2,6
0.4991262118623694,0.0036570604242217586,56553,14139,0.09430092125970328,0.09430092125970328,0.1,0.11966895416417067,5333,1413,12726,51220,0.09430092125970328,0.09993634627625717,True,max_tpr_with_empirical_fpr_le_target,0.00755043941081817,0.00755043941081817,0.01,1.1742648705976295,427,139,14000,56126,0.00755043941081817,0.009830964000282905,True,max_tpr_with_empirical_fpr_le_target,0.0010963167294396406,0.0010963167294396406,0.001,2.577874113117515,62,14,14125,56491,0.0010963167294396406,0.000990169035999717,True,max_tpr_with_empirical_fpr_le_target,32,True,False,4.6690356140820315,4.658975784691252,0.7004738666100856,DIABETES,GNB,dp,0.2,7
0.5014490449544624,0.007818558759619787,56553,14139,0.09562711085176737,0.09562711085176737,0.1,0.1140781319515245,5408,1412,12727,51145,0.09562711085176737,0.0998656199165429,True,max_tpr_with_empirical_fpr_le_target,0.00802786766396124,0.00802786766396124,0.01,0.8585518003917967,454,141,13998,56099,0.00802786766396124,0.009972416719711436,True,max_tpr_with_empirical_fpr_le_target,0.0009725390341803265,0.0009725390341803265,0.001,2.025205632371727,55,14,14125,56498,0.0009725390341803265,0.000990169035999717,True,max_tpr_with_empirical_fpr_le_target,32,True,False,5.378325090461785,5.368608639525378,0.7004738666100856,DIABETES,GNB,dp,0.2,8
0.49978540659734777,0.0056207739935479895,56553,14139,0.09909288631902817,0.09909288631902817,0.1,0.12940405205622074,5604,1413,12726,50949,0.09909288631902817,0.09993634627625717,True,max_tpr_with_empirical_fpr_le_target,0.010379643873888211,0.010379643873888211,0.01,1.2486044664652192,587,141,13998,55966,0.010379643873888211,0.009972416719711436,True,max_tpr_with_empirical_fpr_le_target,0.0009725390341803265,0.0009725390341803265,0.001,3.290876408635894,55,14,14125,56498,0.0009725390341803265,0.000990169035999717,True,max_tpr_with_empirical_fpr_le_target,32,True,False,3.8521544753294172,3.865115690082066,0.7004738666100856,DIABETES,GNB,dp,0.2,9
0.4994391059380731,0.0044752966099607105,56553,14139,0.09470761940126961,0.09470761940126961,0.1,0.15922783018006648,5356,1413,12726,51197,0.09470761940126961,0.09993634627625717,True,max_tpr_with_empirical_fpr_le_target,0.009513200007073012,0.009513200007073012,0.01,1.2130071964301754,538,141,13998,56015,0.009513200007073012,0.009972416719711436,True,max_tpr_with_empirical_fpr_le_target,0.0012024118968047672,0.0012024118968047672,0.001,2.5767749979703476,68,14,14125,56485,0.0012024118968047672,0.000990169035999717,True,max_tpr_with_empirical_fpr_le_target,32,True,False,4.446194518037084,4.463119212833485,0.7004738666100856,DIABETES,GNB,dp,0.2,10
0.5009689891469586,0.007602725366416152,56553,14139,0.09923434654218168,0.09923434654218168,0.1,0.1590248559771239,5612,1413,12726,50941,0.09923434654218168,0.09993634627625717,True,max_tpr_with_empirical_fpr_le_target,0.008805898891305501,0.008805898891305501,0.01,1.09628115918844,498,141,13998,56055,0.008805898891305501,0.009972416719711436,True,max_tpr_with_empirical_fpr_le_target,0.00047742825314306934,0.00047742825314306934,0.001,2.9528697322470294,27,14,14125,56526,0.00047742825314306934,0.000990169035999717,True,max_tpr_with_empirical_fpr_le_target,32,True,False,4.428303075829097,4.424876615461672,0.7004738666100856,DIABETES,GNB,dp,0.2,11
0.5005277688680423,0.007219401328134589,56553,14139,0.09838558520326066,0.09838558520326066,0.1,0.1297010175373292,5564,1413,12726,50989,0.09838558520326066,0.09993634627625717,True,max_tpr_with_empirical_fpr_le_target,0.009513200007073012,0.009513200007073012,0.01,1.6244843891470824,538,141,13998,56015,0.009513200007073012,0.009972416719711436,True,max_tpr_with_empirical_fpr_le_target,0.0007426661715558856,0.0007426661715558856,0.001,3.634251390536618,42,13,14126,56511,0.0007426661715558856,0.0009194426762854516,True,max_tpr_with_empirical_fpr_le_target,32,True,False,3.996163227592773,4.0051911174000905,0.7004738666100856,DIABETES,GNB,dp,0.2,12
0.4982875055149096,0.003208555278979508,56553,14139,0.09698866549961982,0.09698866549961982,0.1,0.13324469022857377,5485,1413,12726,51068,0.09698866549961982,0.09993634627625717,True,max_tpr_with_empirical_fpr_le_target,0.008947359114459003,0.008947359114459003,0.01,0.9950135977204253,506,141,13998,56047,0.008947359114459003,0.009972416719711436,True,max_tpr_with_empirical_fpr_le_target,0.0006542535320849469,0.0006542535320849469,0.001,2.50172620681007,37,14,14125,56516,0.0006542535320849469,0.000990169035999717,True,max_tpr_with_empirical_fpr_le_target,32,True,False,4.992553603408033,4.9852314299815985,0.7004738666100856,DIABETES,GNB,dp,0.2,13
0.4996187988905748,0.0057585348802907665,56553,14139,0.09882764840061535,0.09882764840061535,0.1,0.12168735844030643,5589,1413,12726,50964,0.09882764840061535,0.09993634627625717,True,max_tpr_with_empirical_fpr_le_target,0.010185136067052146,0.010185136067052146,0.01,1.1357830018270283,576,141,13998,55977,0.010185136067052146,0.009972416719711436,True,max_tpr_with_empirical_fpr_le_target,0.0005481583647198203,0.0005481583647198203,0.001,2.9129521276272285,31,14,14125,56522,0.0005481583647198203,0.000990169035999717,True,max_tpr_with_empirical_fpr_le_target,32,True,False,4.9783822293594575,4.972620201546455,0.7004738666100856,DIABETES,GNB,dp,0.2,14
0.5030129725635414,0.008192446863750424,56553,14139,0.09902215620745142,0.09902215620745142,0.1,0.14147192181430102,5600,1413,12726,50953,0.09902215620745142,0.09993634627625717,True,max_tpr_with_empirical_fpr_le_target,0.011617420826481354,0.011617420826481354,0.01,1.114521553940266,657,141,13998,55896,0.011617420826481354,0.009972416719711436,True,max_tpr_with_empirical_fpr_le_target,0.0011316817852280161,0.0011316817852280161,0.001,2.931308253141103,64,14,14125,56489,0.0011316817852280161,0.000990169035999717,True,max_tpr_with_empirical_fpr_le_target,32,True,False,3.904020194940336,3.9015579531031315,0.7004738666100856,DIABETES,GNB,dp,0.2,15
0.5029042986160278,0.008071070360481825,56553,14139,0.10047212349477481,0.10047212349477481,0.1,0.15116127681513847,5682,1413,12726,50871,0.10047212349477481,0.09993634627625717,True,max_tpr_with_empirical_fpr_le_target,0.009301009672342759,0.009301009672342759,0.01,1.2353601152879667,526,141,13998,56027,0.009301009672342759,0.009972416719711436,True,max_tpr_with_empirical_fpr_le_target,0.0013969197036408324,0.0013969197036408324,0.001,2.3670441960268787,79,14,14125,56474,0.0013969197036408324,0.000990169035999717,True,max_tpr_with_empirical_fpr_le_target,32,True,False,4.323540535414138,4.331841755494121,0.7004738666100856,DIABETES,GNB,dp,0.2,16
0.49425242993782315,0.0026310611014854768,56553,14139,0.09424787367602072,0.09424787367602072,0.1,0.15504436619473205,5330,1413,12726,51223,0.09424787367602072,0.09993634627625717,True,max_tpr_with_empirical_fpr_le_target,0.009354057256025321,0.009354057256025321,0.01,0.9864628903878594,529,141,13998,56024,0.009354057256025321,0.009972416719711436,True,max_tpr_with_empirical_fpr_le_target,0.0010432691457570775,0.0010432691457570775,0.001,1.9899151651478961,59,14,14125,56494,0.0010432691457570775,0.000990169035999717,True,max_tpr_with_empirical_fpr_le_target,32,True,False,4.721343393166886,4.7301191829725235,0.7004738666100856,DIABETES,GNB,dp,0.2,17
0.5007696426881371,0.006798554913135413,56553,14139,0.09670574505331282,0.09670574505331282,0.1,0.15533076610853014,5469,1413,12726,51084,0.09670574505331282,0.09993634627625717,True,max_tpr_with_empirical_fpr_le_target,0.009707707813909077,0.009707707813909077,0.01,1.5974803669485764,549,141,13998,56004,0.009707707813909077,0.009972416719711436,True,max_tpr_with_empirical_fpr_le_target,0.0010609516736512653,0.0010609516736512653,0.001,3.272610409524159,60,14,14125,56493,0.0010609516736512653,0.000990169035999717,True,max_tpr_with_empirical_fpr_le_target,32,True,False,4.444955175020994,4.440335432019641,0.7004738666100856,DIABETES,GNB,dp,0.2,18
0.5029311169290742,0.00830009905404705,56553,14139,0.09907520379113398,0.09907520379113398,0.1,0.13141865993265478,5603,1413,12726,50950,0.09907520379113398,0.09993634627625717,True,max_tpr_with_empirical_fpr_le_target,0.009495517479178824,0.009495517479178824,0.01,1.1163429285909547,537,140,13999,56016,0.009495517479178824,0.00990169035999717,True,max_tpr_with_empirical_fpr_le_target,0.0009371739783919509,0.0009371739783919509,0.001,2.66079568073944,53,14,14125,56500,0.0009371739783919509,0.000990169035999717,True,max_tpr_with_empirical_fpr_le_target,32,True,False,4.5216806257921345,4.522827109239015,0.7004738666100856,DIABETES,GNB,dp,0.2,19
0.4969400191007569,0.0030148578744402244,56553,14139,0.09350520750446484,0.09350520750446484,0.1,0.10432101295080631,5288,1413,12726,51265,0.09350520750446484,0.09993634627625717,True,max_tpr_with_empirical_fpr_le_target,0.008080915247643802,0.008080915247643802,0.01,1.0750672087201325,457,141,13998,56096,0.008080915247643802,0.009972416719711436,True,max_tpr_with_empirical_fpr_le_target,0.0005127933089314449,0.0005127933089314449,0.001,2.307268492521444,29,13,14126,56524,0.0005127933089314449,0.0009194426762854516,True,max_tpr_with_empirical_fpr_le_target,32,True,False,4.815862133050077,4.8222149178736,0.7004738666100856,DIABETES,GNB,dp,0.2,20
0.5010613687556975,0.008453077495030992,56553,14139,0.10045444096688062,0.10045444096688062,0.1,0.13070686830267375,5681,1413,12726,50872,0.10045444096688062,0.09993634627625717,True,max_tpr_with_empirical_fpr_le_target,0.009796120453380016,0.009796120453380016,0.01,1.0551135686563846,554,141,13998,55999,0.009796120453380016,0.009972416719711436,True,max_tpr_with_empirical_fpr_le_target,0.0011139992573338284,0.0011139992573338284,0.001,2.2600006164114155,63,14,14125,56490,0.0011139992573338284,0.000990169035999717,True,max_tpr_with_empirical_fpr_le_target,32,True,False,4.808428458859714,4.823177605778759,0.7004738666100856,DIABETES,GNB,dp,0.2,21
0.49846250113557933,0.004453505792644918,56553,14139,0.09790815695011759,0.09790815695011759,0.1,0.13071258422350107,5537,1412,12727,51016,0.09790815695011759,0.0998656199165429,True,max_tpr_with_empirical_fpr_le_target,0.009778437925485828,0.009778437925485828,0.01,1.3890385307881292,553,140,13999,56000,0.009778437925485828,0.00990169035999717,True,max_tpr_with_empirical_fpr_le_target,0.0009548565062861387,0.0009548565062861387,0.001,3.082025312616663,54,14,14125,56499,0.0009548565062861387,0.000990169035999717,True,max_tpr_with_empirical_fpr_le_target,32,True,False,4.305210686352449,4.305491631475672,0.7004738666100856,DIABETES,GNB,dp,0.2,22
0.5036700456202842,0.00995234425541397,56553,14139,0.09884533092850954,0.09884533092850954,0.1,0.1816505988233228,5590,1413,12726,50963,0.09884533092850954,0.09993634627625717,True,max_tpr_with_empirical_fpr_le_target,0.009354057256025321,0.009354057256025321,0.01,1.1359659353747387,529,141,13998,56024,0.009354057256025321,0.009972416719711436,True,max_tpr_with_empirical_fpr_le_target,0.0010432691457570775,0.0010432691457570775,0.001,2.6222037666464244,59,12,14127,56494,0.0010432691457570775,0.000848716316571186,True,max_tpr_with_empirical_fpr_le_target,32,True,False,4.287834339527831,4.284558132551464,0.7004738666100856,DIABETES,GNB,dp,0.2,23
0.4986373466817497,0.0026169165799151406,56553,14139,0.09520273018230686,0.09520273018230686,0.1,0.1543722560112828,5384,1413,12726,51169,0.09520273018230686,0.09993634627625717,True,max_tpr_with_empirical_fpr_le_target,0.009495517479178824,0.009495517479178824,0.01,1.2574425847206658,537,141,13998,56016,0.009495517479178824,0.009972416719711436,True,max_tpr_with_empirical_fpr_le_target,0.0008841263947093876,0.0008841263947093876,0.001,2.791054808420596,50,14,14125,56503,0.0008841263947093876,0.000990169035999717,True,max_tpr_with_empirical_fpr_le_target,32,True,False,4.325398219555244,4.315318869050145,0.7004738666100856,DIABETES,GNB,dp,0.2,24
0.5022232642895214,0.011164150815882401,56553,14139,0.09626368185595813,0.09626368185595813,0.1,0.10363612059642602,5444,1413,12726,51109,0.09626368185595813,0.09993634627625717,True,max_tpr_with_empirical_fpr_le_target,0.009778437925485828,0.009778437925485828,0.01,0.8424820312674477,553,141,13998,56000,0.009778437925485828,0.009972416719711436,True,max_tpr_with_empirical_fpr_le_target,0.0009194914504977632,0.0009194914504977632,0.001,1.7396784966439442,52,14,14125,56501,0.0009194914504977632,0.000990169035999717,True,max_tpr_with_empirical_fpr_le_target,32,True,False,6.095515550701151,6.089819643849327,0.7004738666100856,DIABETES,GNB,dp,0.2,25
0.5022240965776827,0.008321124491415754,56553,14139,0.0960161264654395,0.0960161264654395,0.1,0.1054388343164332,5430,1412,12727,51123,0.0960161264654395,0.0998656199165429,True,max_tpr_with_empirical_fpr_le_target,0.0096723427581207,0.0096723427581207,0.01,0.9077266625550435,547,141,13998,56006,0.0096723427581207,0.009972416719711436,True,max_tpr_with_empirical_fpr_le_target,0.0011670468410163917,0.0011670468410163917,0.001,2.181319173743342,66,13,14126,56487,0.0011670468410163917,0.0009194426762854516,True,max_tpr_with_empirical_fpr_le_target,32,True,False,5.170160921438097,5.179122788860328,0.7004738666100856,DIABETES,GNB,dp,0.2,26
0.49515516932232306,0.004700648478290215,56553,14139,0.0962990469117465,0.0962990469117465,0.1,0.17940954443413304,5446,1413,12726,51107,0.0962990469117465,0.09993634627625717,True,max_tpr_with_empirical_fpr_le_target,0.00889431153077644,0.00889431153077644,0.01,1.5722828536125597,503,141,13998,56050,0.00889431153077644,0.009972416719711436,True,max_tpr_with_empirical_fpr_le_target,0.00038901561367213057,0.00038901561367213057,0.001,3.5925820586120456,22,13,14126,56531,0.00038901561367213057,0.0009194426762854516,True,max_tpr_with_empirical_fpr_le_target,32,True,False,4.386317748385265,4.38602000405816,0.7004738666100856,DIABETES,GNB,dp,0.2,27
0.5033420721839408,0.009614635361231083,56553,14139,0.09937580676533517,0.09937580676533517,0.1,0.15039223798542656,5620,1410,12729,50933,0.09937580676533517,0.09972416719711437,True,max_tpr_with_empirical_fpr_le_target,0.007851042385019363,0.007851042385019363,0.01,1.8595239649104878,444,141,13998,56109,0.007851042385019363,0.009972416719711436,True,max_tpr_with_empirical_fpr_le_target,0.0011316817852280161,0.0011316817852280161,0.001,3.3732565589794836,64,14,14125,56489,0.0011316817852280161,0.000990169035999717,True,max_tpr_with_empirical_fpr_le_target,32,True,False,4.073344017813428,4.0778261362490715,0.7004738666100856,DIABETES,GNB,dp,0.2,28
0.5012945670191049,0.009319663932620681,56553,14139,0.09440701642706842,0.09440701642706842,0.1,0.14435347534864285,5339,1413,12726,51214,0.09440701642706842,0.09993634627625717,True,max_tpr_with_empirical_fpr_le_target,0.008717486251834562,0.008717486251834562,0.01,0.820740484036973,493,141,13998,56060,0.008717486251834562,0.009972416719711436,True,max_tpr_with_empirical_fpr_le_target,0.0007426661715558856,0.0007426661715558856,0.001,1.822946949840822,42,14,14125,56511,0.0007426661715558856,0.000990169035999717,True,max_tpr_with_empirical_fpr_le_target,32,True,False,5.378729572243789,5.3839490141110184,0.7004738666100856,DIABETES,GNB,dp,0.2,29
0.5000006090523434,0.005699322986544519,56553,14139,0.09626368185595813,0.09626368185595813,0.1,0.09944351149834052,5444,1413,12726,51109,0.09626368185595813,0.09993634627625717,True,max_tpr_with_empirical_fpr_le_target,0.008858946474988064,0.008858946474988064,0.01,0.6868144402417382,501,141,13998,56052,0.008858946474988064,0.009972416719711436,True,max_tpr_with_empirical_fpr_le_target,0.0012024118968047672,0.0012024118968047672,0.001,2.1585243834247674,68,14,14125,56485,0.0012024118968047672,0.000990169035999717,True,max_tpr_with_empirical_fpr_le_target,32,True,False,4.627756715200094,4.627797656607565,0.7025249310417992,DIABETES,GNB,dp,0.4,0
0.5003930332330837,0.006817824478860923,56553,14139,0.09893374356798047,0.09893374356798047,0.1,0.12094754225848625,5595,1413,12726,50958,0.09893374356798047,0.09993634627625717,True,max_tpr_with_empirical_fpr_le_target,0.010521104097041713,0.010521104097041713,0.01,1.483079875895898,595,141,13998,55958,0.010521104097041713,0.009972416719711436,True,max_tpr_with_empirical_fpr_le_target,0.0010432691457570775,0.0010432691457570775,0.001,3.752645018467989,59,14,14125,56494,0.0010432691457570775,0.000990169035999717,True,max_tpr_with_empirical_fpr_le_target,32,True,False,3.4602482568717985,3.464275131720573,0.7025249310417992,DIABETES,GNB,dp,0.4,1
0.497638463319817,0.0023646863687396547,56553,14139,0.09739536364118614,0.09739536364118614,0.1,0.11383804663108776,5508,1413,12726,51045,0.09739536364118614,0.09993634627625717,True,max_tpr_with_empirical_fpr_le_target,0.010609516736512652,0.010609516736512652,0.01,1.410874498362774,600,141,13998,55953,0.010609516736512652,0.009972416719711436,True,max_tpr_with_empirical_fpr_le_target,0.0012731420083815182,0.0012731420083815182,0.001,3.852204215686231,72,14,14125,56481,0.0012731420083815182,0.000990169035999717,True,max_tpr_with_empirical_fpr_le_target,32,True,False,3.374475797766241,3.3816887993285127,0.7025249310417992,DIABETES,GNB,dp,0.4,2
0.5005225312680126,0.009199506784659861,56553,14139,0.09679415769278377,0.09679415769278377,0.1,0.13643280176400063,5474,1412,12727,51079,0.09679415769278377,0.0998656199165429,True,max_tpr_with_empirical_fpr_le_target,0.009530882534967198,0.009530882534967198,0.01,1.6365480882143792,539,141,13998,56014,0.009530882534967198,0.009972416719711436,True,max_tpr_with_empirical_fpr_le_target,0.0009725390341803265,0.0009725390341803265,0.001,4.121778396684486,55,14,14125,56498,0.0009725390341803265,0.000990169035999717,True,max_tpr_with_empirical_fpr_le_target,32,True,False,3.572568315658629,3.580034508886913,0.7025249310417992,DIABETES,GNB,dp,0.4,3
0.49783998335763846,0.0014214381249836316,56553,14139,0.09591003129807438,0.09591003129807438,0.1,0.11113485154003655,5424,1413,12726,51129,0.09591003129807438,0.09993634627625717,True,max_tpr_with_empirical_fpr_le_target,0.010963167294396408,0.010963167294396408,0.01,1.397130686400628,620,141,13998,55933,0.010963167294396408,0.009972416719711436,True,max_tpr_with_empirical_fpr_le_target,0.0008310788110268244,0.0008310788110268244,0.001,4.441927657945288,47,14,14125,56506,0.0008310788110268244,0.000990169035999717,True,max_tpr_with_empirical_fpr_le_target,32,True,False,3.822504524735618,3.8169511878558313,0.7025249310417992,DIABETES,GNB,dp,0.4,4
0.4980497449867197,0.0036097194233797314,56553,14139,0.0941417785086556,0.0941417785086556,0.1,0.1628924178824156,5324,1413,12726,51229,0.0941417785086556,0.09993634627625717,True,max_tpr_with_empirical_fpr_le_target,0.010804024543348717,0.010804024543348717,0.01,2.007521471755324,611,141,13998,55942,0.010804024543348717,0.009972416719711436,True,max_tpr_with_empirical_fpr_le_target,0.0014146022315350202,0.0014146022315350202,0.001,5.246244804675216,80,14,14125,56473,0.0014146022315350202,0.000990169035999717,True,max_tpr_with_empirical_fpr_le_target,32,True,False,3.2248713844749455,3.2239587421287927,0.7025249310417992,DIABETES,GNB,dp,0.4,5
0.5035974201928418,0.011356167386028182,56553,14139,0.09709476066698496,0.09709476066698496,0.1,0.1325259368212386,5491,1413,12726,51062,0.09709476066698496,0.09993634627625717,True,max_tpr_with_empirical_fpr_le_target,0.00960161264654395,0.00960161264654395,0.01,1.2736712935907413,543,141,13998,56010,0.00960161264654395,0.009972416719711436,True,max_tpr_with_empirical_fpr_le_target,0.0011139992573338284,0.0011139992573338284,0.001,4.368401984599485,63,14,14125,56490,0.0011139992573338284,0.000990169035999717,True,max_tpr_with_empirical_fpr_le_target,32,True,False,3.228975162692413,3.2282641895645203,0.7025249310417992,DIABETES,GNB,dp,0.4,6
0.5011038711045541,0.004703481134466725,56553,14139,0.09589234877018019,0.09589234877018019,0.1,0.11242859813695727,5423,1413,12726,51130,0.09589234877018019,0.09993634627625717,True,max_tpr_with_empirical_fpr_le_target,0.009690025286014889,0.009690025286014889,0.01,1.9001139834083727,548,141,13998,56005,0.009690025286014889,0.009972416719711436,True,max_tpr_with_empirical_fpr_le_target,0.0011493643131222039,0.0011493643131222039,0.001,5.223367482565294,65,14,14125,56488,0.0011493643131222039,0.000990169035999717,True,max_tpr_with_empirical_fpr_le_target,32,True,False,3.2611926251251138,3.270391157160522,0.7025249310417992,DIABETES,GNB,dp,0.4,7
0.5028979060676629,0.009274213870471337,56553,14139,0.09766060155959896,0.09766060155959896,0.1,0.12136796093820301,5523,1413,12726,51030,0.09766060155959896,0.09993634627625717,True,max_tpr_with_empirical_fpr_le_target,0.01022050112284052,0.01022050112284052,0.01,1.2734280704372338,578,141,13998,55975,0.01022050112284052,0.009972416719711436,True,max_tpr_with_empirical_fpr_le_target,0.0010963167294396406,0.0010963167294396406,0.001,3.4865129438026576,62,14,14125,56491,0.0010963167294396406,0.000990169035999717,True,max_tpr_with_empirical_fpr_le_target,32,True,False,3.959174054448382,3.960270138714395,0.7025249310417992,DIABETES,GNB,dp,0.4,8
0.5022211607452878,0.0061846263990447126,56553,14139,0.10197513836578077,0.10197513836578077,0.1,0.12078969275577967,5767,1413,12726,50786,0.10197513836578077,0.09993634627625717,True,max_tpr_with_empirical_fpr_le_target,0.009301009672342759,0.009301009672342759,0.01,2.2600698713817162,526,141,13998,56027,0.009301009672342759,0.009972416719711436,True,max_tpr_with_empirical_fpr_le_target,0.0009371739783919509,0.0009371739783919509,0.001,5.746115873134755,53,14,14125,56500,0.0009371739783919509,0.000990169035999717,True,max_tpr_with_empirical_fpr_le_target,32,True,False,3.083926985374147,3.0932465554244635,0.7025249310417992,DIABETES,GNB,dp,0.4,9
0.4981833481845182,0.004023662411405504,56553,14139,0.09925202907007585,0.09925202907007585,0.1,0.08906894372595753,5613,1413,12726,50940,0.09925202907007585,0.09993634627625717,True,max_tpr_with_empirical_fpr_le_target,0.00889431153077644,0.00889431153077644,0.01,1.8091758475232513,503,141,13998,56050,0.00889431153077644,0.009972416719711436,True,max_tpr_with_empirical_fpr_le_target,0.001220094424698955,0.001220094424698955,0.001,4.52460946386063,69,14,14125,56484,0.001220094424698955,0.000990169035999717,True,max_tpr_with_empirical_fpr_le_target,32,True,False,3.397838177427723,3.4012701933184752,0.7025249310417992,DIABETES,GNB,dp,0.4,10
0.49799862335911305,0.0056985951252224165,56553,14139,0.09713012572277333,0.09713012572277333,0.1,0.11866387383050059,5493,1412,12727,51060,0.09713012572277333,0.0998656199165429,True,max_tpr_with_empirical_fpr_le_target,0.009035771753929943,0.009035771753929943,0.01,0.8065797050329078,511,141,13998,56042,0.009035771753929943,0.009972416719711436,True,max_tpr_with_empirical_fpr_le_target,0.0011316817852280161,0.0011316817852280161,0.001,2.4156185663222383,64,13,14126,56489,0.0011316817852280161,0.0009194426762854516,True,max_tpr_with_empirical_fpr_le_target,32,True,False,4.629346488550169,4.619115955417188,0.7025249310417992,DIABETES,GNB,dp,0.4,11
0.4996291665372431,0.006234301058352765,56553,14139,0.09873923576114442,0.09873923576114442,0.1,0.1187321599292086,5584,1413,12726,50969,0.09873923576114442,0.09993634627625717,True,max_tpr_with_empirical_fpr_le_target,0.010008310788110267,0.010008310788110267,0.01,1.3757058130686435,566,141,13998,55987,0.010008310788110267,0.009972416719711436,True,max_tpr_with_empirical_fpr_le_target,0.001503014871005959,0.001503014871005959,0.001,3.12991753999032,85,14,14125,56468,0.001503014871005959,0.000990169035999717,True,max_tpr_with_empirical_fpr_le_target,32,True,False,4.056819237686388,4.06043561437558,0.7025249310417992,DIABETES,GNB,dp,0.4,12
0.4971299008611484,0.005476916330266257,56553,14139,0.09845631531483741,0.09845631531483741,0.1,0.15390348309039492,5568,1413,12726,50985,0.09845631531483741,0.09993634627625717,True,max_tpr_with_empirical_fpr_le_target,0.00921259703287182,0.00921259703287182,0.01,1.9136849554713549,521,141,13998,56032,0.00921259703287182,0.009972416719711436,True,max_tpr_with_empirical_fpr_le_target,0.0005304758368256326,0.0005304758368256326,0.001,5.5314182082876835,30,14,14125,56523,0.0005304758368256326,0.000990169035999717,True,max_tpr_with_empirical_fpr_le_target,32,True,False,3.4774457882737826,3.4857539310409,0.7025249310417992,DIABETES,GNB,dp,0.4,13
0.49592384215400764,0.001483756560867855,56553,14139,0.09339911233709972,0.09339911233709972,0.1,0.11670580875952163,5282,1413,12726,51271,0.09339911233709972,0.09993634627625717,True,max_tpr_with_empirical_fpr_le_target,0.008434565805527558,0.008434565805527558,0.01,2.012556153356186,477,141,13998,56076,0.008434565805527558,0.009972416719711436,True,max_tpr_with_empirical_fpr_le_target,0.0006188884762965714,0.0006188884762965714,0.001,6.044037417471037,35,14,14125,56518,0.0006188884762965714,0.000990169035999717,True,max_tpr_with_empirical_fpr_le_target,32,True,False,3.3288349467834037,3.3339803129034453,0.7025249310417992,DIABETES,GNB,dp,0.4,14
0.5006361589246278,0.008029458453655103,56553,14139,0.0976075539759164,0.0976075539759164,0.1,0.11355369340389121,5520,1413,12726,51033,0.0976075539759164,0.09993634627625717,True,max_tpr_with_empirical_fpr_le_target,0.01094548476650222,0.01094548476650222,0.01,0.9712007432984904,619,141,13998,55934,0.01094548476650222,0.009972416719711436,True,max_tpr_with_empirical_fpr_le_target,0.0008310788110268244,0.0008310788110268244,0.001,3.378511565403711,47,14,14125,56506,0.0008310788110268244,0.000990169035999717,True,max_tpr_with_empirical_fpr_le_target,32,True,False,3.780334217512536,3.7835544388374984,0.7025249310417992,DIABETES,GNB,dp,0.4,15
0.5050694884514465,0.008734054476570607,56553,14139,0.10591834208618464,0.10591834208618464,0.1,0.12542285303363254,5990,1412,12727,50563,0.10591834208618464,0.0998656199165429,True,max_tpr_with_empirical_fpr_le_target,0.00912418439340088,0.00912418439340088,0.01,1.1483975712440184,516,141,13998,56037,0.00912418439340088,0.009972416719711436,True,max_tpr_with_empirical_fpr_le_target,0.0009371739783919509,0.0009371739783919509,0.001,2.9359521923872345,53,13,14126,56500,0.0009371739783919509,0.0009194426762854516,True,max_tpr_with_empirical_fpr_le_target,32,True,False,4.360711368409417,4.366411469334095,0.7025249310417992,DIABETES,GNB,dp,0.4,16
0.498118505995802,0.004059541472354433,56553,14139,0.0977490141990699,0.0977490141990699,0.1,0.09102685505191577,5528,1413,12726,51025,0.0977490141990699,0.09993634627625717,True,max_tpr_with_empirical_fpr_le_target,0.01022050112284052,0.01022050112284052,0.01,1.864782457420442,578,141,13998,55975,0.01022050112284052,0.009972416719711436,True,max_tpr_with_empirical_fpr_le_target,0.0012377769525931427,0.0012377769525931427,0.001,4.4707403891301505,70,14,14125,56483,0.0012377769525931427,0.000990169035999717,True,max_tpr_with_empirical_fpr_le_target,32,True,False,3.2757933310315277,3.273288041438233,0.7025249310417992,DIABETES,GNB,dp,0.4,17
0.5002437034783669,0.004998535104051904,56553,14139,0.09974713985111311,0.09974713985111311,0.1,0.15428690506417553,5641,1413,12726,50912,0.09974713985111311,0.09993634627625717,True,max_tpr_with_empirical_fpr_le_target,0.01069792937598359,0.01069792937598359,0.01,1.6974071531172066,605,141,13998,55948,0.01069792937598359,0.009972416719711436,True,max_tpr_with_empirical_fpr_le_target,0.0014146022315350202,0.0014146022315350202,0.001,4.294051558592695,80,14,14125,56473,0.0014146022315350202,0.000990169035999717,True,max_tpr_with_empirical_fpr_le_target,32,True,False,3.404772841344064,3.398542485235947,0.7025249310417992,DIABETES,GNB,dp,0.4,18
0.49880130682422874,0.005366990511303404,56553,14139,0.09507895248704755,0.09507895248704755,0.1,0.09684801156150735,5377,1413,12726,51176,0.09507895248704755,0.09993634627625717,True,max_tpr_with_empirical_fpr_le_target,0.009247962088660196,0.009247962088660196,0.01,1.7923166779843878,523,140,13999,56030,0.009247962088660196,0.00990169035999717,True,max_tpr_with_empirical_fpr_le_target,0.0015914275104768978,0.0015914275104768978,0.001,3.9686980974890815,90,14,14125,56463,0.0015914275104768978,0.000990169035999717,True,max_tpr_with_empirical_fpr_le_target,32,True,False,3.181099141838196,3.1806883355100424,0.7025249310417992,DIABETES,GNB,dp,0.4,19
0.4982288488968112,0.005522358888690682,56553,14139,0.09923434654218168,0.09923434654218168,0.1,0.10692077701011726,5612,1413,12726,50941,0.09923434654218168,0.09993634627625717,True,max_tpr_with_empirical_fpr_le_target,0.009902215620745142,0.009902215620745142,0.01,2.00966798843434,560,140,13999,55993,0.009902215620745142,0.00990169035999717,True,max_tpr_with_empirical_fpr_le_target,0.0009018089226035754,0.0009018089226035754,0.001,5.534335725695523,51,14,14125,56502,0.0009018089226035754,0.000990169035999717,True,max_tpr_with_empirical_fpr_le_target,32,True,False,3.453323746191335,3.459338377743294,0.7025249310417992,DIABETES,GNB,dp,0.4,20
0.4984153552315865,0.002894152954556639,56553,14139,0.09836790267536646,0.09836790267536646,0.1,0.11838882449694488,5563,1413,12726,50990,0.09836790267536646,0.09993634627625717,True,max_tpr_with_empirical_fpr_le_target,0.00991989814863933,0.00991989814863933,0.01,1.2735615101419624,561,141,13998,55992,0.00991989814863933,0.009972416719711436,True,max_tpr_with_empirical_fpr_le_target,0.0011139992573338284,0.0011139992573338284,0.001,3.324867839548645,63,14,14125,56490,0.0011139992573338284,0.000990169035999717,True,max_tpr_with_empirical_fpr_le_target,32,True,False,4.227067666290605,4.227818403307945,0.7025249310417992,DIABETES,GNB,dp,0.4,21
0.4998428219742739,0.006712393391155813,56553,14139,0.09835022014747229,0.09835022014747229,0.1,0.11429749713719062,5562,1413,12726,50991,0.09835022014747229,0.09993634627625717,True,max_tpr_with_empirical_fpr_le_target,0.010114405955475395,0.010114405955475395,0.01,1.092118246648261,572,139,14000,55981,0.010114405955475395,0.009830964000282905,True,max_tpr_with_empirical_fpr_le_target,0.001007904089968702,0.001007904089968702,0.001,3.2696005625743307,57,14,14125,56496,0.001007904089968702,0.000990169035999717,True,max_tpr_with_empirical_fpr_le_target,32,True,False,3.784652626301946,3.799996491230788,0.7025249310417992,DIABETES,GNB,dp,0.4,22
0.5023373459214973,0.008956806304197484,56553,14139,0.10234647145155872,0.10234647145155872,0.1,0.13414105113976138,5788,1413,12726,50765,0.10234647145155872,0.09993634627625717,True,max_tpr_with_empirical_fpr_le_target,0.010132088483369583,0.010132088483369583,0.01,1.6074891397077007,573,140,13999,55980,0.010132088483369583,0.00990169035999717,True,max_tpr_with_empirical_fpr_le_target,0.001007904089968702,0.001007904089968702,0.001,4.476410308459932,57,14,14125,56496,0.001007904089968702,0.000990169035999717,True,max_tpr_with_empirical_fpr_le_target,32,True,False,3.331458596513522,3.3419125884385585,0.7025249310417992,DIABETES,GNB,dp,0.4,23
0.5000976603551873,0.005949530943840431,56553,14139,0.0974660937527629,0.0974660937527629,0.1,0.1167003702452587,5512,1413,12726,51041,0.0974660937527629,0.09993634627625717,True,max_tpr_with_empirical_fpr_le_target,0.010291231234417272,0.010291231234417272,0.01,1.2941383819184313,582,141,13998,55971,0.010291231234417272,0.009972416719711436,True,max_tpr_with_empirical_fpr_le_target,0.0008133962831326367,0.0008133962831326367,0.001,3.8566250137693316,46,14,14125,56507,0.0008133962831326367,0.000990169035999717,True,max_tpr_with_empirical_fpr_le_target,32,True,False,3.639475823375678,3.64826671573283,0.7025249310417992,DIABETES,GNB,dp,0.4,24
0.49743295880403593,0.002752981624814521,56553,14139,0.09470761940126961,0.09470761940126961,0.1,0.12411171940647714,5356,1413,12726,51197,0.09470761940126961,0.09993634627625717,True,max_tpr_with_empirical_fpr_le_target,0.010061358371792832,0.010061358371792832,0.01,1.6441827980985124,569,139,14000,55984,0.010061358371792832,0.009830964000282905,True,max_tpr_with_empirical_fpr_le_target,0.0014676498152175834,0.0014676498152175834,0.001,4.556965925123401,83,14,14125,56470,0.0014676498152175834,0.000990169035999717,True,max_tpr_with_empirical_fpr_le_target,32,True,False,3.2269007018004103,3.2269999383076633,0.7025249310417992,DIABETES,GNB,dp,0.4,25
0.4985240072932355,0.004182171097693144,56553,14139,0.09854472795430835,0.09854472795430835,0.1,0.14719223064430986,5573,1413,12726,50980,0.09854472795430835,0.09993634627625717,True,max_tpr_with_empirical_fpr_le_target,0.008151645359220553,0.008151645359220553,0.01,1.2118153318547424,461,140,13999,56092,0.008151645359220553,0.00990169035999717,True,max_tpr_with_empirical_fpr_le_target,0.0012554594804873305,0.0012554594804873305,0.001,3.2757853053980552,71,14,14125,56482,0.0012554594804873305,0.000990169035999717,True,max_tpr_with_empirical_fpr_le_target,32,True,False,4.165703213666051,4.162970646163336,0.7025249310417992,DIABETES,GNB,dp,0.4,26
0.5024732321276182,0.01430582164233285,56553,14139,0.0980319346453769,0.0980319346453769,0.1,0.14643746495258014,5544,1412,12727,51009,0.0980319346453769,0.0998656199165429,True,max_tpr_with_empirical_fpr_le_target,0.009566247590755575,0.009566247590755575,0.01,1.4803652953782471,541,141,13998,56012,0.009566247590755575,0.009972416719711436,True,max_tpr_with_empirical_fpr_le_target,0.0011847293689105794,0.0011847293689105794,0.001,3.854747637588872,67,13,14126,56486,0.0011847293689105794,0.0009194426762854516,True,max_tpr_with_empirical_fpr_le_target,32,True,False,3.5620805788145713,3.56444523430722,0.7025249310417992,DIABETES,GNB,dp,0.4,27
0.49623462330582163,0.002858949228855212,56553,14139,0.09392958817392534,0.09392958817392534,0.1,0.1274334213978583,5312,1413,12726,51241,0.09392958817392534,0.09993634627625717,True,max_tpr_with_empirical_fpr_le_target,0.009495517479178824,0.009495517479178824,0.01,0.9370854566026345,537,141,13998,56016,0.009495517479178824,0.009972416719711436,True,max_tpr_with_empirical_fpr_le_target,0.0009725390341803265,0.0009725390341803265,0.001,2.670465199257049,55,14,14125,56498,0.0009725390341803265,0.000990169035999717,True,max_tpr_with_empirical_fpr_le_target,32,True,False,4.509774384285341,4.507059202690199,0.7025249310417992,DIABETES,GNB,dp,0.4,28
0.5030316193200943,0.008193996382956925,56553,14139,0.10158612275210864,0.10158612275210864,0.1,0.13357576496027423,5745,1412,12727,50808,0.10158612275210864,0.0998656199165429,True,max_tpr_with_empirical_fpr_le_target,0.010839389599137092,0.010839389599137092,0.01,1.378024759551165,613,141,13998,55940,0.010839389599137092,0.009972416719711436,True,max_tpr_with_empirical_fpr_le_target,0.00047742825314306934,0.00047742825314306934,0.001,5.1911938938336775,27,14,14125,56526,0.00047742825314306934,0.000990169035999717,True,max_tpr_with_empirical_fpr_le_target,32,True,False,3.3595347563991647,3.356414606962644,0.7025249310417992,DIABETES,GNB,dp,0.4,29
0.49779925751566867,0.005183456902237427,56553,14139,0.09636977702332325,0.09636977702332325,0.1,0.09639211254624369,5450,1413,12726,51103,0.09636977702332325,0.09993634627625717,True,max_tpr_with_empirical_fpr_le_target,0.009301009672342759,0.009301009672342759,0.01,0.7991715908141295,526,141,13998,56027,0.009301009672342759,0.009972416719711436,True,max_tpr_with_empirical_fpr_le_target,0.0008841263947093876,0.0008841263947093876,0.001,2.380020310869292,50,13,14126,56503,0.0008841263947093876,0.0009194426762854516,True,max_tpr_with_empirical_fpr_le_target,32,True,False,3.1619619911367156,3.159550224140159,0.7143362331140816,DIABETES,GNB,dp,0.8,0
0.4978109633266235,0.003887916274817438,56553,14139,0.10006542535320849,0.10006542535320849,0.1,0.12052309532275274,5659,1412,12727,50894,0.10006542535320849,0.0998656199165429,True,max_tpr_with_empirical_fpr_le_target,0.009548565062861386,0.009548565062861386,0.01,0.8026100933341942,540,140,13999,56013,0.009548565062861386,0.00990169035999717,True,max_tpr_with_empirical_fpr_le_target,0.001432284759429208,0.001432284759429208,0.001,2.2745769691525926,81,14,14125,56472,0.001432284759429208,0.000990169035999717,True,max_tpr_with_empirical_fpr_le_target,32,True,False,3.39055101762256,3.4058105328646926,0.7143362331140816,DIABETES,GNB,dp,0.8,1
0.4992393123823054,0.002782328693176128,56553,14139,0.09776669672696409,0.09776669672696409,0.1,0.08652972632621658,5529,1413,12726,51024,0.09776669672696409,0.09993634627625717,True,max_tpr_with_empirical_fpr_le_target,0.010185136067052146,0.010185136067052146,0.01,1.4235130556397335,576,141,13998,55977,0.010185136067052146,0.009972416719711436,True,max_tpr_with_empirical_fpr_le_target,0.0008841263947093876,0.0008841263947093876,0.001,4.09447061511919,50,14,14125,56503,0.0008841263947093876,0.000990169035999717,True,max_tpr_with_empirical_fpr_le_target,32,True,False,2.581598825367611,2.5828937521811297,0.7143362331140816,DIABETES,GNB,dp,0.8,2
0.5035664379377469,0.007369021852194013,56553,14139,0.10132088483369582,0.10132088483369582,0.1,0.0799734465629589,5730,1413,12726,50823,0.10132088483369582,0.09993634627625717,True,max_tpr_with_empirical_fpr_le_target,0.012483864693296553,0.012483864693296553,0.01,1.0868467817632137,706,141,13998,55847,0.012483864693296553,0.009972416719711436,True,max_tpr_with_empirical_fpr_le_target,0.002086538291514155,0.002086538291514155,0.001,3.0650971603154664,118,14,14125,56435,0.002086538291514155,0.000990169035999717,True,max_tpr_with_empirical_fpr_le_target,32,True,False,2.3601010889595413,2.35995614148609,0.7143362331140816,DIABETES,GNB,dp,0.8,3
0.49917374733475034,0.006445673487061154,56553,14139,0.09893374356798047,0.09893374356798047,0.1,0.11843787311452747,5595,1413,12726,50958,0.09893374356798047,0.09993634627625717,True,max_tpr_with_empirical_fpr_le_target,0.010061358371792832,0.010061358371792832,0.01,1.0655101531847335,569,141,13998,55984,0.010061358371792832,0.009972416719711436,True,max_tpr_with_empirical_fpr_le_target,0.0009371739783919509,0.0009371739783919509,0.001,2.82033524585298,53,14,14125,56500,0.0009371739783919509,0.000990169035999717,True,max_tpr_with_empirical_fpr_le_target,32,True,False,2.9808316033811266,2.9717259467499035,0.7143362331140816,DIABETES,GNB,dp,0.8,4
0.4952304479418531,0.0009013662028302116,56553,14139,0.09720085583435008,0.09720085583435008,0.1,0.10828200059143112,5497,1413,12726,51056,0.09720085583435008,0.09993634627625717,True,max_tpr_with_empirical_fpr_le_target,0.0103973264017824,0.0103973264017824,0.01,1.662830633337241,588,140,13999,55965,0.0103973264017824,0.00990169035999717,True,max_tpr_with_empirical_fpr_le_target,0.0009725390341803265,0.0009725390341803265,0.001,4.99785786397571,55,14,14125,56498,0.0009725390341803265,0.000990169035999717,True,max_tpr_with_empirical_fpr_le_target,32,True,False,2.5128812829824207,2.5179072086569465,0.7143362331140816,DIABETES,GNB,dp,0.8,5
0.4985859155254879,0.0038561642626026016,56553,14139,0.09727158594592683,0.09727158594592683,0.1,0.0898865080916309,5501,1412,12727,51052,0.09727158594592683,0.0998656199165429,True,max_tpr_with_empirical_fpr_le_target,0.009849168037062579,0.009849168037062579,0.01,0.8622234845145647,557,141,13998,55996,0.009849168037062579,0.009972416719711436,True,max_tpr_with_empirical_fpr_le_target,0.0007249836436616978,0.0007249836436616978,0.001,2.6381755190659124,41,14,14125,56512,0.0007249836436616978,0.000990169035999717,True,max_tpr_with_empirical_fpr_le_target,32,True,False,3.510408047037672,3.515573745215577,0.7143362331140816,DIABETES,GNB,dp,0.8,6
0.5004489853836405,0.005301314158494552,56553,14139,0.09716549077856171,0.09716549077856171,0.1,0.10191950153522011,5495,1413,12726,51058,0.09716549077856171,0.09993634627625717,True,max_tpr_with_empirical_fpr_le_target,0.010008310788110267,0.010008310788110267,0.01,0.8502209691921752,566,141,13998,55987,0.010008310788110267,0.009972416719711436,True,max_tpr_with_empirical_fpr_le_target,0.0007603486994500734,0.0007603486994500734,0.001,2.4145249187901925,43,14,14125,56510,0.0007603486994500734,0.000990169035999717,True,max_tpr_with_empirical_fpr_le_target,32,True,False,3.6218930428670464,3.6102787843065753,0.7143362331140816,DIABETES,GNB,dp,0.8,7
0.4966725206851966,0.0007845557162065586,56553,14139,0.09509663501494174,0.09509663501494174,0.1,0.0885641469787386,5378,1413,12726,51175,0.09509663501494174,0.09993634627625717,True,max_tpr_with_empirical_fpr_le_target,0.008876629002882252,0.008876629002882252,0.01,1.3500334075653235,502,141,13998,56051,0.008876629002882252,0.009972416719711436,True,max_tpr_with_empirical_fpr_le_target,0.0010963167294396406,0.0010963167294396406,0.001,3.465701385575077,62,14,14125,56491,0.0010963167294396406,0.000990169035999717,True,max_tpr_with_empirical_fpr_le_target,32,True,False,2.511277024404246,2.5037810041646997,0.7143362331140816,DIABETES,GNB,dp,0.8,8
0.49767657661487597,0.0015058362715950624,56553,14139,0.09886301345640373,0.09886301345640373,0.1,0.07880369223669881,5591,1412,12727,50962,0.09886301345640373,0.0998656199165429,True,max_tpr_with_empirical_fpr_le_target,0.01101621487807897,0.01101621487807897,0.01,1.022995110816706,623,141,13998,55930,0.01101621487807897,0.009972416719711436,True,max_tpr_with_empirical_fpr_le_target,0.0012377769525931427,0.0012377769525931427,0.001,2.8007916022760972,70,14,14125,56483,0.0012377769525931427,0.000990169035999717,True,max_tpr_with_empirical_fpr_le_target,32,True,False,3.448497251876883,3.440264010591757,0.7143362331140816,DIABETES,GNB,dp,0.8,9
0.49930762066664774,0.00580700894360342,56553,14139,0.09817339486853041,0.09817339486853041,0.1,0.09198778302807664,5552,1413,12726,51001,0.09817339486853041,0.09993634627625717,True,max_tpr_with_empirical_fpr_le_target,0.009937580676533516,0.009937580676533516,0.01,1.267222944177754,562,141,13998,55991,0.009937580676533516,0.009972416719711436,True,max_tpr_with_empirical_fpr_le_target,0.0009548565062861387,0.0009548565062861387,0.001,3.1659425007002078,54,13,14126,56499,0.0009548565062861387,0.0009194426762854516,True,max_tpr_with_empirical_fpr_le_target,32,True,False,2.6993674268847294,2.6967500862247986,0.7143362331140816,DIABETES,GNB,dp,0.8,10
0.4999412752230664,0.006313529138459173,56553,14139,0.09785510936643503,0.09785510936643503,0.1,0.08137809767404347,5534,1413,12726,51019,0.09785510936643503,0.09993634627625717,True,max_tpr_with_empirical_fpr_le_target,0.010609516736512652,0.010609516736512652,0.01,1.2101196859170802,600,141,13998,55953,0.010609516736512652,0.009972416719711436,True,max_tpr_with_empirical_fpr_le_target,0.0007780312273442611,0.0007780312273442611,0.001,4.4187124201081485,44,14,14125,56509,0.0007780312273442611,0.000990169035999717,True,max_tpr_with_empirical_fpr_le_target,32,True,False,2.3488242411315676,2.359342999591885,0.7143362331140816,DIABETES,GNB,dp,0.8,11
0.5009277643072783,0.006950002594225346,56553,14139,0.0968648878043605,0.0968648878043605,0.1,0.0913190309917824,5478,1413,12726,51075,0.0968648878043605,0.09993634627625717,True,max_tpr_with_empirical_fpr_le_target,0.011670468410163917,0.011670468410163917,0.01,1.451188942285012,660,141,13998,55893,0.011670468410163917,0.009972416719711436,True,max_tpr_with_empirical_fpr_le_target,0.0010609516736512653,0.0010609516736512653,0.001,4.532635986276184,60,14,14125,56493,0.0010609516736512653,0.000990169035999717,True,max_tpr_with_empirical_fpr_le_target,32,True,False,2.5665821441555354,2.5705356075483294,0.7143362331140816,DIABETES,GNB,dp,0.8,12
0.4965836434400879,0.002650360682110997,56553,14139,0.09817339486853041,0.09817339486853041,0.1,0.1234729113443298,5552,1412,12727,51001,0.09817339486853041,0.0998656199165429,True,max_tpr_with_empirical_fpr_le_target,0.009654660230226514,0.009654660230226514,0.01,1.975518103072325,546,141,13998,56007,0.009654660230226514,0.009972416719711436,True,max_tpr_with_empirical_fpr_le_target,0.0010963167294396406,0.0010963167294396406,0.001,5.232921995228224,62,14,14125,56491,0.0010963167294396406,0.000990169035999717,True,max_tpr_with_empirical_fpr_le_target,32,True,False,2.08588877341074,2.0850766320000336,0.7143362331140816,DIABETES,GNB,dp,0.8,13
0.49664943359939207,0.0022147281770564242,56553,14139,0.0931338744186869,0.0931338744186869,0.1,0.11740466344509626,5267,1413,12726,51286,0.0931338744186869,0.09993634627625717,True,max_tpr_with_empirical_fpr_le_target,0.009866850564956767,0.009866850564956767,0.01,1.52568376985265,558,141,13998,55995,0.009866850564956767,0.009972416719711436,True,max_tpr_with_empirical_fpr_le_target,0.0011316817852280161,0.0011316817852280161,0.001,5.20615402515805,64,14,14125,56489,0.0011316817852280161,0.000990169035999717,True,max_tpr_with_empirical_fpr_le_target,32,True,False,2.3568426401705063,2.3612431581132594,0.7143362331140816,DIABETES,GNB,dp,0.8,14
0.5029995815410201,0.007327755116715934,56553,14139,0.10271780453733666,0.10271780453733666,0.1,0.0881034742054494,5809,1413,12726,50744,0.10271780453733666,0.09993634627625717,True,max_tpr_with_empirical_fpr_le_target,0.010627199264406839,0.010627199264406839,0.01,1.7863607637178651,601,140,13999,55952,0.010627199264406839,0.00990169035999717,True,max_tpr_with_empirical_fpr_le_target,0.0009902215620745142,0.0009902215620745142,0.001,5.380357857896131,56,14,14125,56497,0.0009902215620745142,0.000990169035999717,True,max_tpr_with_empirical_fpr_le_target,32,True,False,1.9919515420162568,1.9875610031499331,0.7143362331140816,DIABETES,GNB,dp,0.8,15
0.4984209611394503,0.003854505939384023,56553,14139,0.09923434654218168,0.09923434654218168,0.1,0.08912169886850974,5612,1413,12726,50941,0.09923434654218168,0.09993634627625717,True,max_tpr_with_empirical_fpr_le_target,0.010132088483369583,0.010132088483369583,0.01,1.003973560699872,573,141,13998,55980,0.010132088483369583,0.009972416719711436,True,max_tpr_with_empirical_fpr_le_target,0.0011139992573338284,0.0011139992573338284,0.001,2.746206866992126,63,14,14125,56490,0.0011139992573338284,0.000990169035999717,True,max_tpr_with_empirical_fpr_le_target,32,True,False,3.042285576380914,3.0463614943102324,0.7143362331140816,DIABETES,GNB,dp,0.8,16
0.500354579143849,0.005072912025964493,56553,14139,0.09624599932806394,0.09624599932806394,0.1,0.1136338888730859,5443,1413,12726,51110,0.09624599932806394,0.09993634627625717,True,max_tpr_with_empirical_fpr_le_target,0.010644881792301027,0.010644881792301027,0.01,0.6998327021576789,602,141,13998,55951,0.010644881792301027,0.009972416719711436,True,max_tpr_with_empirical_fpr_le_target,0.0017682527894187752,0.0017682527894187752,0.001,1.5798477913260394,100,14,14125,56453,0.0017682527894187752,0.000990169035999717,True,max_tpr_with_empirical_fpr_le_target,32,True,False,4.07092417935741,4.069725911177569,0.7143362331140816,DIABETES,GNB,dp,0.8,17
0.5019115270380841,0.006332385999311352,56553,14139,0.10377875621098792,0.10377875621098792,0.1,0.10851656306650015,5869,1413,12726,50684,0.10377875621098792,0.09993634627625717,True,max_tpr_with_empirical_fpr_le_target,0.011422913019645289,0.011422913019645289,0.01,1.1427497387959047,646,141,13998,55907,0.011422913019645289,0.009972416719711436,True,max_tpr_with_empirical_fpr_le_target,0.0014676498152175834,0.0014676498152175834,0.001,3.127255534120027,83,14,14125,56470,0.0014676498152175834,0.000990169035999717,True,max_tpr_with_empirical_fpr_le_target,32,True,False,2.740458887042793,2.7370737441212896,0.7143362331140816,DIABETES,GNB,dp,0.8,18
0.4974664072834046,0.0015458348775529984,56553,14139,0.0965996498859477,0.0965996498859477,0.1,0.11517165516148076,5463,1413,12726,51090,0.0965996498859477,0.09993634627625717,True,max_tpr_with_empirical_fpr_le_target,0.009495517479178824,0.009495517479178824,0.01,1.2188236542891717,537,141,13998,56016,0.009495517479178824,0.009972416719711436,True,max_tpr_with_empirical_fpr_le_target,0.0006012059484023836,0.0006012059484023836,0.001,4.161706791112749,34,14,14125,56519,0.0006012059484023836,0.000990169035999717,True,max_tpr_with_empirical_fpr_le_target,32,True,False,2.5615373770148104,2.5576102852341793,0.7143362331140816,DIABETES,GNB,dp,0.8,19
0.49842431342858107,0.0025721005825257715,56553,14139,0.09826180750800134,0.09826180750800134,0.1,0.08792888244560171,5557,1413,12726,50996,0.09826180750800134,0.09993634627625717,True,max_tpr_with_empirical_fpr_le_target,0.010273548706523085,0.010273548706523085,0.01,1.1007825647354026,581,141,13998,55972,0.010273548706523085,0.009972416719711436,True,max_tpr_with_empirical_fpr_le_target,0.001007904089968702,0.001007904089968702,0.001,3.1604391452231275,57,12,14127,56496,0.001007904089968702,0.000848716316571186,True,max_tpr_with_empirical_fpr_le_target,32,True,False,3.1575479777119546,3.143982667297831,0.7143362331140816,DIABETES,GNB,dp,0.8,20
0.5006372081955028,0.005471183484388409,56553,14139,0.09914593390271073,0.09914593390271073,0.1,0.07750633744651347,5607,1413,12726,50946,0.09914593390271073,0.09993634627625717,True,max_tpr_with_empirical_fpr_le_target,0.010998532350184782,0.010998532350184782,0.01,2.161711445658849,622,141,13998,55931,0.010998532350184782,0.009972416719711436,True,max_tpr_with_empirical_fpr_le_target,0.0008664438668151999,0.0008664438668151999,0.001,7.132702581602069,49,14,14125,56504,0.0008664438668151999,0.000990169035999717,True,max_tpr_with_empirical_fpr_le_target,32,True,False,1.8029612061367775,1.8045847449860648,0.7143362331140816,DIABETES,GNB,dp,0.8,21
0.5008482654677625,0.005995157343526625,56553,14139,0.09815571234063622,0.09815571234063622,0.1,0.08568567803452809,5551,1413,12726,51002,0.09815571234063622,0.09993634627625717,True,max_tpr_with_empirical_fpr_le_target,0.010556469152830088,0.010556469152830088,0.01,1.5367675430047694,597,141,13998,55956,0.010556469152830088,0.009972416719711436,True,max_tpr_with_empirical_fpr_le_target,0.0014499672873233957,0.0014499672873233957,0.001,4.308124556954611,82,14,14125,56471,0.0014499672873233957,0.000990169035999717,True,max_tpr_with_empirical_fpr_le_target,32,True,False,2.5041585127752386,2.497182332591275,0.7143362331140816,DIABETES,GNB,dp,0.8,22
0.5014458646256955,0.006508941144154234,56553,14139,0.10040139338319806,0.10040139338319806,0.1,0.10179311478956588,5678,1412,12727,50875,0.10040139338319806,0.0998656199165429,True,max_tpr_with_empirical_fpr_le_target,0.00960161264654395,0.00960161264654395,0.01,1.440689190457765,543,139,14000,56010,0.00960161264654395,0.009830964000282905,True,max_tpr_with_empirical_fpr_le_target,0.0008133962831326367,0.0008133962831326367,0.001,4.422551231290295,46,14,14125,56507,0.0008133962831326367,0.000990169035999717,True,max_tpr_with_empirical_fpr_le_target,32,True,False,2.4932036421919035,2.4902273260515906,0.7143362331140816,DIABETES,GNB,dp,0.8,23
0.4983566479633445,0.0027801301017595925,56553,14139,0.09555638074019061,0.09555638074019061,0.1,0.0966777281646114,5404,1413,12726,51149,0.09555638074019061,0.09993634627625717,True,max_tpr_with_empirical_fpr_le_target,0.009389422311813696,0.009389422311813696,0.01,0.740200482591284,531,140,13999,56022,0.009389422311813696,0.00990169035999717,True,max_tpr_with_empirical_fpr_le_target,0.0010432691457570775,0.0010432691457570775,0.001,1.8928325685588812,59,14,14125,56494,0.0010432691457570775,0.000990169035999717,True,max_tpr_with_empirical_fpr_le_target,32,True,False,4.166096745866841,4.142174427792894,0.7143362331140816,DIABETES,GNB,dp,0.8,24
0.5008991457255493,0.005132664187908642,56553,14139,0.10054285360635157,0.10054285360635157,0.1,0.08352356547297557,5686,1413,12726,50867,0.10054285360635157,0.09993634627625717,True,max_tpr_with_empirical_fpr_le_target,0.010980849822290594,0.010980849822290594,0.01,1.7472286456861905,621,140,13999,55932,0.010980849822290594,0.00990169035999717,True,max_tpr_with_empirical_fpr_le_target,0.0010432691457570775,0.0010432691457570775,0.001,5.181818011042994,59,14,14125,56494,0.0010432691457570775,0.000990169035999717,True,max_tpr_with_empirical_fpr_le_target,32,True,False,2.2425926448290303,2.248684814180665,0.7143362331140816,DIABETES,GNB,dp,0.8,25
0.5029234775117434,0.00913860280093265,56553,14139,0.10360193093204605,0.10360193093204605,0.1,0.082683070487644,5859,1413,12726,50694,0.10360193093204605,0.09993634627625717,True,max_tpr_with_empirical_fpr_le_target,0.009566247590755575,0.009566247590755575,0.01,1.3380037962436568,541,141,13998,56012,0.009566247590755575,0.009972416719711436,True,max_tpr_with_empirical_fpr_le_target,0.0005658408926140081,0.0005658408926140081,0.001,3.855455967015463,32,14,14125,56521,0.0005658408926140081,0.000990169035999717,True,max_tpr_with_empirical_fpr_le_target,32,True,False,2.3428427278156736,2.355272754206429,0.7143362331140816,DIABETES,GNB,dp,0.8,26
0.5000412185865761,0.005461905128461675,56553,14139,0.09378812795077185,0.09378812795077185,0.1,0.1452903387841713,5304,1413,12726,51249,0.09378812795077185,0.09993634627625717,True,max_tpr_with_empirical_fpr_le_target,0.010061358371792832,0.010061358371792832,0.01,2.131178678526973,569,141,13998,55984,0.010061358371792832,0.009972416719711436,True,max_tpr_with_empirical_fpr_le_target,0.0008133962831326367,0.0008133962831326367,0.001,7.346452339738038,46,14,14125,56507,0.0008133962831326367,0.000990169035999717,True,max_tpr_with_empirical_fpr_le_target,32,True,False,2.0005241614848885,2.0033207788802345,0.7143362331140816,DIABETES,GNB,dp,0.8,27
0.5050944170764211,0.011431823693048404,56553,14139,0.10126783725001326,0.10126783725001326,0.1,0.12645428392901925,5727,1413,12726,50826,0.10126783725001326,0.09993634627625717,True,max_tpr_with_empirical_fpr_le_target,0.010326596290205648,0.010326596290205648,0.01,0.9475882777153255,584,141,13998,55969,0.010326596290205648,0.009972416719711436,True,max_tpr_with_empirical_fpr_le_target,0.0006719360599791347,0.0006719360599791347,0.001,3.339554766393107,38,14,14125,56515,0.0006719360599791347,0.000990169035999717,True,max_tpr_with_empirical_fpr_le_target,32,True,False,2.940239631964261,2.9346456226959585,0.7143362331140816,DIABETES,GNB,dp,0.8,28
0.4964451853322332,0.003726522406278465,56553,14139,0.09942885434901774,0.09942885434901774,0.1,0.08460400730567685,5623,1413,12726,50930,0.09942885434901774,0.09993634627625717,True,max_tpr_with_empirical_fpr_le_target,0.009318692200236945,0.009318692200236945,0.01,1.326893725388747,527,140,13999,56026,0.009318692200236945,0.00990169035999717,True,max_tpr_with_empirical_fpr_le_target,0.0009371739783919509,0.0009371739783919509,0.001,3.4556551653673466,53,14,14125,56500,0.0009371739783919509,0.000990169035999717,True,max_tpr_with_empirical_fpr_le_target,32,True,False,2.5866210600940103,2.5880894651238227,0.7143362331140816,DIABETES,GNB,dp,0.8,29
0.5000583108214394,0.004322355687601587,56553,14139,0.09907520379113398,0.09907520379113398,0.1,0.10386399548230951,5603,1413,12726,50950,0.09907520379113398,0.09993634627625717,True,max_tpr_with_empirical_fpr_le_target,0.009725390341803265,0.009725390341803265,0.01,1.3339849905259282,550,141,13998,56003,0.009725390341803265,0.009972416719711436,True,max_tpr_with_empirical_fpr_le_target,0.0009902215620745142,0.0009902215620745142,0.001,7.324720640679276,56,14,14125,56497,0.0009902215620745142,0.000990169035999717,True,max_tpr_with_empirical_fpr_le_target,32,True,False,1.6253306046960185,1.6341537657050171,0.7071928707829408,DIABETES,GNB,dp,1.0,0
0.49988298753811244,0.006958811967341272,56553,14139,0.1003483457995155,0.1003483457995155,0.1,0.13001528005687213,5675,1413,12726,50878,0.1003483457995155,0.09993634627625717,True,max_tpr_with_empirical_fpr_le_target,0.009407104839707884,0.009407104839707884,0.01,0.8100555418050246,532,141,13998,56021,0.009407104839707884,0.009972416719711436,True,max_tpr_with_empirical_fpr_le_target,0.0013261895920640815,0.0013261895920640815,0.001,3.11389879779252,75,13,14126,56478,0.0013261895920640815,0.0009194426762854516,True,max_tpr_with_empirical_fpr_le_target,32,True,False,2.4778848442926433,2.479805606436923,0.7071928707829408,DIABETES,GNB,dp,1.0,1
0.49956415676533583,0.0054718925863981305,56553,14139,0.10022456810425619,0.10022456810425619,0.1,0.117914821717791,5668,1413,12726,50885,0.10022456810425619,0.09993634627625717,True,max_tpr_with_empirical_fpr_le_target,0.009866850564956767,0.009866850564956767,0.01,0.865661702292269,558,141,13998,55995,0.009866850564956767,0.009972416719711436,True,max_tpr_with_empirical_fpr_le_target,0.0007780312273442611,0.0007780312273442611,0.001,3.798024693091339,44,14,14125,56509,0.0007780312273442611,0.000990169035999717,True,max_tpr_with_empirical_fpr_le_target,32,True,False,2.22634672711973,2.2418603708510725,0.7071928707829408,DIABETES,GNB,dp,1.0,2
0.49788034839549916,0.003872995117712663,56553,14139,0.09691793538804308,0.09691793538804308,0.1,0.09940020824670137,5481,1412,12727,51072,0.09691793538804308,0.0998656199165429,True,max_tpr_with_empirical_fpr_le_target,0.009902215620745142,0.009902215620745142,0.01,0.8303391440118704,560,141,13998,55993,0.009902215620745142,0.009972416719711436,True,max_tpr_with_empirical_fpr_le_target,0.0013792371757466448,0.0013792371757466448,0.001,3.054863929842223,78,14,14125,56475,0.0013792371757466448,0.000990169035999717,True,max_tpr_with_empirical_fpr_le_target,32,True,False,2.3932611663303796,2.3980394394735685,0.7071928707829408,DIABETES,GNB,dp,1.0,3
0.5053593673520433,0.011602679758775825,56553,14139,0.10117942461054233,0.10117942461054233,0.1,0.0976225280209162,5722,1413,12726,50831,0.10117942461054233,0.09993634627625717,True,max_tpr_with_empirical_fpr_le_target,0.01030891376231146,0.01030891376231146,0.01,1.0956120532477067,583,140,13999,55970,0.01030891376231146,0.00990169035999717,True,max_tpr_with_empirical_fpr_le_target,0.001078634201545453,0.001078634201545453,0.001,6.3466336493643976,61,14,14125,56492,0.001078634201545453,0.000990169035999717,True,max_tpr_with_empirical_fpr_le_target,32,True,False,1.852816670706364,1.8573835891073351,0.7071928707829408,DIABETES,GNB,dp,1.0,4
0.4971773888099378,0.0017984027563522353,56553,14139,0.09589234877018019,0.09589234877018019,0.1,0.0944273458814433,5423,1413,12726,51130,0.09589234877018019,0.09993634627625717,True,max_tpr_with_empirical_fpr_le_target,0.011033897405973159,0.011033897405973159,0.01,0.5397544698689869,624,141,13998,55929,0.011033897405973159,0.009972416719711436,True,max_tpr_with_empirical_fpr_le_target,0.0009018089226035754,0.0009018089226035754,0.001,3.1309785231728293,51,14,14125,56502,0.0009018089226035754,0.000990169035999717,True,max_tpr_with_empirical_fpr_le_target,32,True,False,2.1814390182523504,2.192823973141546,0.7071928707829408,DIABETES,GNB,dp,1.0,5
0.49634673270875107,0.0011622557126224065,56553,14139,0.09750145880855127,0.09750145880855127,0.1,0.09818769100487179,5514,1413,12726,51039,0.09750145880855127,0.09993634627625717,True,max_tpr_with_empirical_fpr_le_target,0.009265644616554382,0.009265644616554382,0.01,1.3401874196067625,524,141,13998,56029,0.009265644616554382,0.009972416719711436,True,max_tpr_with_empirical_fpr_le_target,0.0007073011157675101,0.0007073011157675101,0.001,7.442475468206629,40,14,14125,56513,0.0007073011157675101,0.000990169035999717,True,max_tpr_with_empirical_fpr_le_target,32,True,False,2.23599560115934,2.2256669858272513,0.7071928707829408,DIABETES,GNB,dp,1.0,6
0.49174432487371256,0.0007762716038386408,56553,14139,0.09285095397237988,0.09285095397237988,0.1,0.10239471997223637,5251,1413,12726,51302,0.09285095397237988,0.09993634627625717,True,max_tpr_with_empirical_fpr_le_target,0.00809859777553799,0.00809859777553799,0.01,0.8277600289744229,458,141,13998,56095,0.00809859777553799,0.009972416719711436,True,max_tpr_with_empirical_fpr_le_target,0.0011139992573338284,0.0011139992573338284,0.001,3.292728302407639,63,14,14125,56490,0.0011139992573338284,0.000990169035999717,True,max_tpr_with_empirical_fpr_le_target,32,True,False,2.8813109618488637,2.8651765465467616,0.7071928707829408,DIABETES,GNB,dp,1.0,7
0.5003259599368095,0.004545107515228575,56553,14139,0.09661733241384188,0.09661733241384188,0.1,0.1205156388752926,5464,1412,12727,51089,0.09661733241384188,0.0998656199165429,True,max_tpr_with_empirical_fpr_le_target,0.010061358371792832,0.010061358371792832,0.01,0.9171687708804654,569,141,13998,55984,0.010061358371792832,0.009972416719711436,True,max_tpr_with_empirical_fpr_le_target,0.0010432691457570775,0.0010432691457570775,0.001,4.554981987520835,59,14,14125,56494,0.0010432691457570775,0.000990169035999717,True,max_tpr_with_empirical_fpr_le_target,32,True,False,1.987866648409155,1.9854346101914813,0.7071928707829408,DIABETES,GNB,dp,1.0,8
0.5000068352681382,0.005999625811746956,56553,14139,0.09926971159797005,0.09926971159797005,0.1,0.1005121260362083,5614,1412,12727,50939,0.09926971159797005,0.0998656199165429,True,max_tpr_with_empirical_fpr_le_target,0.0096723427581207,0.0096723427581207,0.01,0.4747459015722102,547,141,13998,56006,0.0096723427581207,0.009972416719711436,True,max_tpr_with_empirical_fpr_le_target,0.0006896185878733224,0.0006896185878733224,0.001,2.6147086818120213,39,14,14125,56514,0.0006896185878733224,0.000990169035999717,True,max_tpr_with_empirical_fpr_le_target,32,True,False,3.1642716599488745,3.1571404632957156,0.7071928707829408,DIABETES,GNB,dp,1.0,9
0.4990601947153849,0.0027612544815950463,56553,14139,0.10151539264053189,0.10151539264053189,0.1,0.11370954271775346,5741,1413,12726,50812,0.10151539264053189,0.09993634627625717,True,max_tpr_with_empirical_fpr_le_target,0.01110462751754991,0.01110462751754991,0.01,0.6167813069038024,628,141,13998,55925,0.01110462751754991,0.009972416719711436,True,max_tpr_with_empirical_fpr_le_target,0.0008664438668151999,0.0008664438668151999,0.001,2.731270944236373,49,13,14126,56504,0.0008664438668151999,0.0009194426762854516,True,max_tpr_with_empirical_fpr_le_target,32,True,False,3.0646840941314677,3.076832951799533,0.7071928707829408,DIABETES,GNB,dp,1.0,10
0.49957158607836755,0.004972159510778673,56553,14139,0.09907520379113398,0.09907520379113398,0.1,0.1012140812659621,5603,1412,12727,50950,0.09907520379113398,0.0998656199165429,True,max_tpr_with_empirical_fpr_le_target,0.00809859777553799,0.00809859777553799,0.01,1.8963886831881895,458,141,13998,56095,0.00809859777553799,0.009972416719711436,True,max_tpr_with_empirical_fpr_le_target,0.0007957137552384489,0.0007957137552384489,0.001,8.226700056039027,45,13,14126,56508,0.0007957137552384489,0.0009194426762854516,True,max_tpr_with_empirical_fpr_le_target,32,True,False,1.8030810529078622,1.7993077574763217,0.7071928707829408,DIABETES,GNB,dp,1.0,11
0.5031598923719217,0.007959519985062835,56553,14139,0.09937580676533517,0.09937580676533517,0.1,0.10525492999774233,5620,1413,12726,50933,0.09937580676533517,0.09993634627625717,True,max_tpr_with_empirical_fpr_le_target,0.00864675614025781,0.00864675614025781,0.01,0.7006050626701779,489,140,13999,56064,0.00864675614025781,0.00990169035999717,True,max_tpr_with_empirical_fpr_le_target,0.001007904089968702,0.001007904089968702,0.001,3.1986547126100073,57,14,14125,56496,0.001007904089968702,0.000990169035999717,True,max_tpr_with_empirical_fpr_le_target,32,True,False,3.395403866485087,3.390877607267568,0.7071928707829408,DIABETES,GNB,dp,1.0,12
0.49899746857711047,0.0029768627630495925,56553,14139,0.09599844393754531,0.09599844393754531,0.1,0.09249671063255516,5429,1412,12727,51124,0.09599844393754531,0.0998656199165429,True,max_tpr_with_empirical_fpr_le_target,0.00928332714444857,0.00928332714444857,0.01,1.168725549788959,525,141,13998,56028,0.00928332714444857,0.009972416719711436,True,max_tpr_with_empirical_fpr_le_target,0.0006188884762965714,0.0006188884762965714,0.001,6.016569384433366,35,12,14127,56518,0.0006188884762965714,0.000848716316571186,True,max_tpr_with_empirical_fpr_le_target,32,True,False,1.984407106100805,1.9878235770451058,0.7071928707829408,DIABETES,GNB,dp,1.0,13
0.4999799688061899,0.004622268319105449,56553,14139,0.0964581896627942,0.0964581896627942,0.1,0.08242822974366781,5455,1413,12726,51098,0.0964581896627942,0.09993634627625717,True,max_tpr_with_empirical_fpr_le_target,0.008717486251834562,0.008717486251834562,0.01,1.3292853220304623,493,141,13998,56060,0.008717486251834562,0.009972416719711436,True,max_tpr_with_empirical_fpr_le_target,0.0011493643131222039,0.0011493643131222039,0.001,5.763067662665396,65,14,14125,56488,0.0011493643131222039,0.000990169035999717,True,max_tpr_with_empirical_fpr_le_target,32,True,False,1.7805401142636386,1.792880097883865,0.7071928707829408,DIABETES,GNB,dp,1.0,14
0.5044843461022759,0.009081949677401502,56553,14139,0.10273548706523085,0.10273548706523085,0.1,0.11599114558930834,5810,1413,12726,50743,0.10273548706523085,0.09993634627625717,True,max_tpr_with_empirical_fpr_le_target,0.010202818594946334,0.010202818594946334,0.01,1.158477499182898,577,141,13998,55976,0.010202818594946334,0.009972416719711436,True,max_tpr_with_empirical_fpr_le_target,0.0014853323431117712,0.0014853323431117712,0.001,5.10451245911675,84,14,14125,56469,0.0014853323431117712,0.000990169035999717,True,max_tpr_with_empirical_fpr_le_target,32,True,False,2.023822913026273,2.0289156772911485,0.7071928707829408,DIABETES,GNB,dp,1.0,15
0.49877605428845967,0.0047968762473183935,56553,14139,0.0960161264654395,0.0960161264654395,0.1,0.11228935921972183,5430,1413,12726,51123,0.0960161264654395,0.09993634627625717,True,max_tpr_with_empirical_fpr_le_target,0.00983148550916839,0.00983148550916839,0.01,1.3488786931190755,556,141,13998,55997,0.00983148550916839,0.009972416719711436,True,max_tpr_with_empirical_fpr_le_target,0.0010255866178628897,0.0010255866178628897,0.001,7.085830358072256,58,14,14125,56495,0.0010255866178628897,0.000990169035999717,True,max_tpr_with_empirical_fpr_le_target,32,True,False,1.8808564847024105,1.8888003441527024,0.7071928707829408,DIABETES,GNB,dp,1.0,16
0.5006307143468509,0.009431578238700888,56553,14139,0.09693561791593726,0.09693561791593726,0.1,0.09773564638691012,5482,1412,12727,51071,0.09693561791593726,0.0998656199165429,True,max_tpr_with_empirical_fpr_le_target,0.009690025286014889,0.009690025286014889,0.01,1.1281253702346448,548,141,13998,56005,0.009690025286014889,0.009972416719711436,True,max_tpr_with_empirical_fpr_le_target,0.0013792371757466448,0.0013792371757466448,0.001,4.99209472897603,78,14,14125,56475,0.0013792371757466448,0.000990169035999717,True,max_tpr_with_empirical_fpr_le_target,32,True,False,2.1702827058796967,2.1651867981485027,0.7071928707829408,DIABETES,GNB,dp,1.0,17
0.5010269154024931,0.009000785636252617,56553,14139,0.09681184022067794,0.09681184022067794,0.1,0.07946854691231975,5475,1413,12726,51078,0.09681184022067794,0.09993634627625717,True,max_tpr_with_empirical_fpr_le_target,0.009955263204427705,0.009955263204427705,0.01,0.73967968541427,563,141,13998,55990,0.009955263204427705,0.009972416719711436,True,max_tpr_with_empirical_fpr_le_target,0.0009194914504977632,0.0009194914504977632,0.001,2.85059964444232,52,14,14125,56501,0.0009194914504977632,0.000990169035999717,True,max_tpr_with_empirical_fpr_le_target,32,True,False,2.779934880824204,2.778727816545049,0.7071928707829408,DIABETES,GNB,dp,1.0,18
0.4972672878122635,0.002489807230768637,56553,14139,0.0997648223790073,0.0997648223790073,0.1,0.12766629508317484,5642,1413,12726,50911,0.0997648223790073,0.09993634627625717,True,max_tpr_with_empirical_fpr_le_target,0.01046805651335915,0.01046805651335915,0.01,0.9553973754637166,592,141,13998,55961,0.01046805651335915,0.009972416719711436,True,max_tpr_with_empirical_fpr_le_target,0.0007603486994500734,0.0007603486994500734,0.001,5.383968176386817,43,14,14125,56510,0.0007603486994500734,0.000990169035999717,True,max_tpr_with_empirical_fpr_le_target,32,True,False,2.100604502873477,2.1018821652293123,0.7071928707829408,DIABETES,GNB,dp,1.0,19
0.4984375112301842,0.003671992836914134,56553,14139,0.1020635510052517,0.1020635510052517,0.1,0.11201806907078637,5772,1413,12726,50781,0.1020635510052517,0.09993634627625717,True,max_tpr_with_empirical_fpr_le_target,0.01085707212703128,0.01085707212703128,0.01,0.8406465363600795,614,141,13998,55939,0.01085707212703128,0.009972416719711436,True,max_tpr_with_empirical_fpr_le_target,0.0006365710041907591,0.0006365710041907591,0.001,7.0896188061109955,36,12,14127,56517,0.0006365710041907591,0.000848716316571186,True,max_tpr_with_empirical_fpr_le_target,32,True,False,2.011845526230922,2.0128212572081408,0.7071928707829408,DIABETES,GNB,dp,1.0,20
0.499587302005009,0.00430833122563079,56553,14139,0.09799656958958852,0.09799656958958852,0.1,0.08830027121876505,5542,1413,12726,51011,0.09799656958958852,0.09993634627625717,True,max_tpr_with_empirical_fpr_le_target,0.0103973264017824,0.0103973264017824,0.01,0.6586353537554106,588,141,13998,55965,0.0103973264017824,0.009972416719711436,True,max_tpr_with_empirical_fpr_le_target,0.0008133962831326367,0.0008133962831326367,0.001,3.6719202966533033,46,13,14126,56507,0.0008133962831326367,0.0009194426762854516,True,max_tpr_with_empirical_fpr_le_target,32,True,False,2.4414897538257008,2.4357416975776336,0.7071928707829408,DIABETES,GNB,dp,1.0,21
0.5004928227702315,0.006107353039293217,56553,14139,0.10188672572630983,0.10188672572630983,0.1,0.0797896746316018,5762,1413,12726,50791,0.10188672572630983,0.09993634627625717,True,max_tpr_with_empirical_fpr_le_target,0.010821707071242906,0.010821707071242906,0.01,1.0130137103326593,612,141,13998,55941,0.010821707071242906,0.009972416719711436,True,max_tpr_with_empirical_fpr_le_target,0.0017505702615245875,0.0017505702615245875,0.001,5.550150849820381,99,13,14126,56454,0.0017505702615245875,0.0009194426762854516,True,max_tpr_with_empirical_fpr_le_target,32,True,False,1.8229811175782802,1.8199205908456384,0.7071928707829408,DIABETES,GNB,dp,1.0,22
0.499859837295956,0.004652830990912404,56553,14139,0.09720085583435008,0.09720085583435008,0.1,0.11440499994089692,5497,1412,12727,51056,0.09720085583435008,0.0998656199165429,True,max_tpr_with_empirical_fpr_le_target,0.010574151680724276,0.010574151680724276,0.01,0.7688900252271833,598,141,13998,55955,0.010574151680724276,0.009972416719711436,True,max_tpr_with_empirical_fpr_le_target,0.0007073011157675101,0.0007073011157675101,0.001,4.249679781328627,40,14,14125,56513,0.0007073011157675101,0.000990169035999717,True,max_tpr_with_empirical_fpr_le_target,32,True,False,2.638204993175819,2.6290020833422747,0.7071928707829408,DIABETES,GNB,dp,1.0,23
0.500902775652504,0.00746079991231452,56553,14139,0.09705939561119657,0.09705939561119657,0.1,0.08380387120450128,5489,1413,12726,51064,0.09705939561119657,0.09993634627625717,True,max_tpr_with_empirical_fpr_le_target,0.009495517479178824,0.009495517479178824,0.01,1.0692223733854842,537,141,13998,56016,0.009495517479178824,0.009972416719711436,True,max_tpr_with_empirical_fpr_le_target,0.0011316817852280161,0.0011316817852280161,0.001,5.217765338753985,64,13,14126,56489,0.0011316817852280161,0.0009194426762854516,True,max_tpr_with_empirical_fpr_le_target,32,True,False,2.057151775844792,2.0435653331744907,0.7071928707829408,DIABETES,GNB,dp,1.0,24
0.49919786243087594,0.004763233296410929,56553,14139,0.09520273018230686,0.09520273018230686,0.1,0.06667487398126593,5384,1413,12726,51169,0.09520273018230686,0.09993634627625717,True,max_tpr_with_empirical_fpr_le_target,0.009707707813909077,0.009707707813909077,0.01,1.0337877338597612,549,141,13998,56004,0.009707707813909077,0.009972416719711436,True,max_tpr_with_empirical_fpr_le_target,0.0009371739783919509,0.0009371739783919509,0.001,6.290656469266665,53,14,14125,56500,0.0009371739783919509,0.000990169035999717,True,max_tpr_with_empirical_fpr_le_target,32,True,False,1.6782157309237775,1.6829140928114417,0.7071928707829408,DIABETES,GNB,dp,1.0,25
0.5022156630161257,0.007892440435684489,56553,14139,0.10236415397945291,0.10236415397945291,0.1,0.10060026878999384,5789,1413,12726,50764,0.10236415397945291,0.09993634627625717,True,max_tpr_with_empirical_fpr_le_target,0.01014977101126377,0.01014977101126377,0.01,0.820470925290381,574,141,13998,55979,0.01014977101126377,0.009972416719711436,True,max_tpr_with_empirical_fpr_le_target,0.001220094424698955,0.001220094424698955,0.001,3.1621226436608243,69,14,14125,56484,0.001220094424698955,0.000990169035999717,True,max_tpr_with_empirical_fpr_le_target,32,True,False,3.1631823749692476,3.1642455097100877,0.7071928707829408,DIABETES,GNB,dp,1.0,26
0.4987894096682872,0.004662552066612369,56553,14139,0.09649355471858256,0.09653457818329708,0.1,0.10766151165290694,5457,1411,12728,51096,0.09649355471858256,0.09979489355682863,True,max_tpr_with_empirical_fpr_le_target,0.008841263947093876,0.008841263947093876,0.01,0.883410826085623,500,141,13998,56053,0.008841263947093876,0.009972416719711436,True,max_tpr_with_empirical_fpr_le_target,0.0009371739783919509,0.0009371739783919509,0.001,3.699776110771687,53,14,14125,56500,0.0009371739783919509,0.000990169035999717,True,max_tpr_with_empirical_fpr_le_target,32,True,False,2.998365088652434,3.003878476016886,0.7071928707829408,DIABETES,GNB,dp,1.0,27
0.5016592117846921,0.007244021049764515,56553,14139,0.10117942461054233,0.10117942461054233,0.1,0.12212323973996342,5722,1413,12726,50831,0.10117942461054233,0.09993634627625717,True,max_tpr_with_empirical_fpr_le_target,0.01014977101126377,0.01014977101126377,0.01,1.145892496882873,574,140,13999,55979,0.01014977101126377,0.00990169035999717,True,max_tpr_with_empirical_fpr_le_target,0.0009548565062861387,0.0009548565062861387,0.001,5.686363510708075,54,14,14125,56499,0.0009548565062861387,0.000990169035999717,True,max_tpr_with_empirical_fpr_le_target,32,True,False,1.8125477457012105,1.8073759484981613,0.7071928707829408,DIABETES,GNB,dp,1.0,28
0.5045081635506442,0.012868531898347912,56553,14139,0.09829717256378973,0.09829717256378973,0.1,0.1182168960245722,5559,1413,12726,50994,0.09829717256378973,0.09993634627625717,True,max_tpr_with_empirical_fpr_le_target,0.009071136809718317,0.009071136809718317,0.01,0.7061144043949195,513,141,13998,56040,0.009071136809718317,0.009972416719711436,True,max_tpr_with_empirical_fpr_le_target,0.0008133962831326367,0.0008133962831326367,0.001,3.4019628908454704,46,14,14125,56507,0.0008133962831326367,0.000990169035999717,True,max_tpr_with_empirical_fpr_le_target,32,True,False,2.5660492686027885,2.5753530538635605,0.7071928707829408,DIABETES,GNB,dp,1.0,29
0.5021282852653903,0.007850498364958991,56553,14139,0.10227574133998196,0.10227574133998196,0.1,0.057460433823284474,5784,1413,12726,50769,0.10227574133998196,0.09993634627625717,True,max_tpr_with_empirical_fpr_le_target,0.01014977101126377,0.01014977101126377,0.01,0.5686048480350232,574,141,13998,55979,0.01014977101126377,0.009972416719711436,True,max_tpr_with_empirical_fpr_le_target,0.0006365710041907591,0.0006365710041907591,0.001,2.740263349873156,36,14,14125,56517,0.0006365710041907591,0.000990169035999717,True,max_tpr_with_empirical_fpr_le_target,32,True,False,1.267883814885728,1.2713536321106573,0.7159629393875098,DIABETES,GNB,dp,2.0,0
0.5023064831006916,0.005689917067293382,56553,14139,0.10466288260569731,0.10466288260569731,0.1,0.049042015139837414,5919,1413,12726,50634,0.10466288260569731,0.09993634627625717,True,max_tpr_with_empirical_fpr_le_target,0.00921259703287182,0.00921259703287182,0.01,0.6815666383060277,521,140,13999,56032,0.00921259703287182,0.00990169035999717,True,max_tpr_with_empirical_fpr_le_target,0.0011670468410163917,0.0011670468410163917,0.001,2.509354851062319,66,14,14125,56487,0.0011670468410163917,0.000990169035999717,True,max_tpr_with_empirical_fpr_le_target,32,True,False,1.0131388364322986,1.010531189829569,0.7159629393875098,DIABETES,GNB,dp,2.0,1
0.499541152220506,0.00306662982487782,56553,14139,0.10011847293689106,0.10011847293689106,0.1,0.08093053441518028,5662,1413,12726,50891,0.10011847293689106,0.09993634627625717,True,max_tpr_with_empirical_fpr_le_target,0.010627199264406839,0.010627199264406839,0.01,0.9244242963880989,601,141,13998,55952,0.010627199264406839,0.009972416719711436,True,max_tpr_with_empirical_fpr_le_target,0.001007904089968702,0.001007904089968702,0.001,3.538663666973531,57,13,14126,56496,0.001007904089968702,0.0009194426762854516,True,max_tpr_with_empirical_fpr_le_target,32,True,False,1.1152931700980218,1.126089682098947,0.7159629393875098,DIABETES,GNB,dp,2.0,2
0.5019768344577484,0.007508587384792348,56553,14139,0.1012147896663307,0.1012147896663307,0.1,0.07816971219107938,5724,1413,12726,50829,0.1012147896663307,0.09993634627625717,True,max_tpr_with_empirical_fpr_le_target,0.009955263204427705,0.009955263204427705,0.01,0.6431955041459427,563,141,13998,55990,0.009955263204427705,0.009972416719711436,True,max_tpr_with_empirical_fpr_le_target,0.001220094424698955,0.001220094424698955,0.001,2.6038837044971235,69,14,14125,56484,0.001220094424698955,0.000990169035999717,True,max_tpr_with_empirical_fpr_le_target,32,True,False,0.9566970285802635,0.9650316777975754,0.7159629393875098,DIABETES,GNB,dp,2.0,3
0.4943558450247528,0.0013995347517932258,56553,14139,0.09628136438385232,0.09628136438385232,0.1,0.09285624713409879,5445,1413,12726,51108,0.09628136438385232,0.09993634627625717,True,max_tpr_with_empirical_fpr_le_target,0.008876629002882252,0.008876629002882252,0.01,0.7827181394638489,502,141,13998,56051,0.008876629002882252,0.009972416719711436,True,max_tpr_with_empirical_fpr_le_target,0.0011493643131222039,0.0011493643131222039,0.001,2.2465827535631284,65,14,14125,56488,0.0011493643131222039,0.000990169035999717,True,max_tpr_with_empirical_fpr_le_target,32,True,False,1.8912914334857158,1.8919306087745889,0.7159629393875098,DIABETES,GNB,dp,2.0,4
0.49750839500179034,0.0018923719041642473,56553,14139,0.10105564691528302,0.10105564691528302,0.1,0.05975186318546055,5715,1413,12726,50838,0.10105564691528302,0.09993634627625717,True,max_tpr_with_empirical_fpr_le_target,0.009548565062861386,0.009548565062861386,0.01,0.7134054829939815,540,140,13999,56013,0.009548565062861386,0.00990169035999717,True,max_tpr_with_empirical_fpr_le_target,0.0009902215620745142,0.0009902215620745142,0.001,2.97021867359053,56,14,14125,56497,0.0009902215620745142,0.000990169035999717,True,max_tpr_with_empirical_fpr_le_target,32,True,False,1.630219877118475,1.632326883115308,0.7159629393875098,DIABETES,GNB,dp,2.0,5
0.5021557170079531,0.00884520715456616,56553,14139,0.10126783725001326,0.10126783725001326,0.1,0.06568890965366303,5727,1413,12726,50826,0.10126783725001326,0.09993634627625717,True,max_tpr_with_empirical_fpr_le_target,0.010008310788110267,0.010008310788110267,0.01,0.6048183370679103,566,141,13998,55987,0.010008310788110267,0.009972416719711436,True,max_tpr_with_empirical_fpr_le_target,0.0012731420083815182,0.0012731420083815182,0.001,2.022911898848061,72,14,14125,56481,0.0012731420083815182,0.000990169035999717,True,max_tpr_with_empirical_fpr_le_target,32,True,False,1.482508482469032,1.4867117671641394,0.7159629393875098,DIABETES,GNB,dp,2.0,6
0.4993966248497706,0.004360692218478485,56553,14139,0.09960567962795962,0.09960567962795962,0.1,0.060915973040752025,5633,1413,12726,50920,0.09960567962795962,0.09993634627625717,True,max_tpr_with_empirical_fpr_le_target,0.00889431153077644,0.00889431153077644,0.01,0.4387640294059265,503,141,13998,56050,0.00889431153077644,0.009972416719711436,True,max_tpr_with_empirical_fpr_le_target,0.0010609516736512653,0.0010609516736512653,0.001,2.1274675399731886,60,14,14125,56493,0.0010609516736512653,0.000990169035999717,True,max_tpr_with_empirical_fpr_le_target,32,True,False,1.8993243435536902,1.8850702809739275,0.7159629393875098,DIABETES,GNB,dp,2.0,7
0.49847693517587144,0.0035251636985438317,56553,14139,0.10004774282531431,0.10004774282531431,0.1,0.061797159324047835,5658,1413,12726,50895,0.10004774282531431,0.09993634627625717,True,max_tpr_with_empirical_fpr_le_target,0.00991989814863933,0.00991989814863933,0.01,0.9758473240795638,561,141,13998,55992,0.00991989814863933,0.009972416719711436,True,max_tpr_with_empirical_fpr_le_target,0.001078634201545453,0.001078634201545453,0.001,4.042495412647816,61,14,14125,56492,0.001078634201545453,0.000990169035999717,True,max_tpr_with_empirical_fpr_le_target,32,True,False,1.106233788448629,1.1096656884096656,0.7159629393875098,DIABETES,GNB,dp,2.0,8
0.4979031916102422,0.004368976330846541,56553,14139,0.09978250490690149,0.09978250490690149,0.1,0.06271121366641563,5643,1413,12726,50910,0.09978250490690149,0.09993634627625717,True,max_tpr_with_empirical_fpr_le_target,0.009654660230226514,0.009654660230226514,0.01,0.47119082450055294,546,141,13998,56007,0.009654660230226514,0.009972416719711436,True,max_tpr_with_empirical_fpr_le_target,0.001078634201545453,0.001078634201545453,0.001,3.696933210175648,61,14,14125,56492,0.001078634201545453,0.000990169035999717,True,max_tpr_with_empirical_fpr_le_target,32,True,False,1.3294343133955355,1.3392825619600632,0.7159629393875098,DIABETES,GNB,dp,2.0,9
0.49842127441996775,0.003549363211575368,56553,14139,0.09810266475695366,0.09810266475695366,0.1,0.07912558832242944,5548,1411,12728,51005,0.09810266475695366,0.09979489355682863,True,max_tpr_with_empirical_fpr_le_target,0.010361961345994023,0.010361961345994023,0.01,0.7273078658992284,586,141,13998,55967,0.010361961345994023,0.009972416719711436,True,max_tpr_with_empirical_fpr_le_target,0.0019273955404664651,0.0019273955404664651,0.001,2.094256715875635,109,14,14125,56444,0.0019273955404664651,0.000990169035999717,True,max_tpr_with_empirical_fpr_le_target,32,True,False,0.8844067568647922,0.8943505009749972,0.7159629393875098,DIABETES,GNB,dp,2.0,10
0.49986298510858146,0.004747257865947541,56553,14139,0.10149771011263771,0.10149771011263771,0.1,0.047269687936625004,5740,1413,12726,50813,0.10149771011263771,0.09993634627625717,True,max_tpr_with_empirical_fpr_le_target,0.008841263947093876,0.008841263947093876,0.01,0.6354011859512578,500,141,13998,56053,0.008841263947093876,0.009972416719711436,True,max_tpr_with_empirical_fpr_le_target,0.0010432691457570775,0.0010432691457570775,0.001,2.5435916475706923,59,14,14125,56494,0.0010432691457570775,0.000990169035999717,True,max_tpr_with_empirical_fpr_le_target,32,True,False,1.2111555002185401,1.2031848439679909,0.7159629393875098,DIABETES,GNB,dp,2.0,11
0.5000537172911362,0.005422067852590612,56553,14139,0.09695330044383145,0.09695330044383145,0.1,0.06391191296437171,5483,1413,12726,51070,0.09695330044383145,0.09993634627625717,True,max_tpr_with_empirical_fpr_le_target,0.008416883277633371,0.008416883277633371,0.01,0.7209000266360506,476,141,13998,56077,0.008416883277633371,0.009972416719711436,True,max_tpr_with_empirical_fpr_le_target,0.0012024118968047672,0.0012024118968047672,0.001,2.483976697490168,68,14,14125,56485,0.0012024118968047672,0.000990169035999717,True,max_tpr_with_empirical_fpr_le_target,32,True,False,1.4446077432497475,1.4455423726604362,0.7159629393875098,DIABETES,GNB,dp,2.0,12
0.49586542315386667,0.0008646804914470008,56553,14139,0.09573320601913249,0.09573320601913249,0.1,0.06112929232219044,5414,1413,12726,51139,0.09573320601913249,0.09993634627625717,True,max_tpr_with_empirical_fpr_le_target,0.009796120453380016,0.009796120453380016,0.01,0.574841388594481,554,141,13998,55999,0.009796120453380016,0.009972416719711436,True,max_tpr_with_empirical_fpr_le_target,0.001078634201545453,0.001078634201545453,0.001,2.839530569087268,61,14,14125,56492,0.001078634201545453,0.000990169035999717,True,max_tpr_with_empirical_fpr_le_target,32,True,False,0.9837937330921726,0.9828328940250878,0.7159629393875098,DIABETES,GNB,dp,2.0,13
0.5006285413931614,0.005989394482748878,56553,14139,0.10174526550315634,0.10174526550315634,0.1,0.06494985939085995,5754,1413,12726,50799,0.10174526550315634,0.09993634627625717,True,max_tpr_with_empirical_fpr_le_target,0.012307039414354676,0.012307039414354676,0.01,0.3801041892360495,696,141,13998,55857,0.012307039414354676,0.009972416719711436,True,max_tpr_with_empirical_fpr_le_target,0.0011316817852280161,0.0011316817852280161,0.001,2.5556320722837658,64,13,14126,56489,0.0011316817852280161,0.0009194426762854516,True,max_tpr_with_empirical_fpr_le_target,32,True,False,1.442924209360226,1.4408704014999183,0.7159629393875098,DIABETES,GNB,dp,2.0,14
0.5025467379921238,0.007394932214518923,56553,14139,0.09781974431064665,0.09781974431064665,0.1,0.04890932704371265,5532,1413,12726,51021,0.09781974431064665,0.09993634627625717,True,max_tpr_with_empirical_fpr_le_target,0.009884533092850954,0.009884533092850954,0.01,0.44377592953970657,559,141,13998,55994,0.009884533092850954,0.009972416719711436,True,max_tpr_with_empirical_fpr_le_target,0.0014146022315350202,0.0014146022315350202,0.001,2.830628485174029,80,14,14125,56473,0.0014146022315350202,0.000990169035999717,True,max_tpr_with_empirical_fpr_le_target,32,True,False,1.784919870398629,1.7730795857214456,0.7159629393875098,DIABETES,GNB,dp,2.0,15
0.49948487365791294,0.006731434093269706,56553,14139,0.10167453539157958,0.10167453539157958,0.1,0.049248862416991335,5750,1413,12726,50803,0.10167453539157958,0.09993634627625717,True,max_tpr_with_empirical_fpr_le_target,0.011033897405973159,0.011033897405973159,0.01,0.4609941260610164,624,141,13998,55929,0.011033897405973159,0.009972416719711436,True,max_tpr_with_empirical_fpr_le_target,0.001078634201545453,0.001078634201545453,0.001,1.992181253960255,61,14,14125,56492,0.001078634201545453,0.000990169035999717,True,max_tpr_with_empirical_fpr_le_target,32,True,False,1.7606679530987306,1.7670562393352582,0.7159629393875098,DIABETES,GNB,dp,2.0,16
0.4952893259198382,0.0004954109300360976,56553,14139,0.09536187293335455,0.09536187293335455,0.1,0.10503414242799858,5393,1413,12726,51160,0.09536187293335455,0.09993634627625717,True,max_tpr_with_empirical_fpr_le_target,0.009389422311813696,0.009389422311813696,0.01,0.5619859456655747,531,140,13999,56022,0.009389422311813696,0.00990169035999717,True,max_tpr_with_empirical_fpr_le_target,0.001290824536275706,0.001290824536275706,0.001,1.5883235119190098,73,14,14125,56480,0.001290824536275706,0.000990169035999717,True,max_tpr_with_empirical_fpr_le_target,32,True,False,1.7330553158264599,1.7400556264482756,0.7159629393875098,DIABETES,GNB,dp,2.0,17
0.5012176181954586,0.00880528358585786,56553,14139,0.10169221791947376,0.10169221791947376,0.1,0.05674377359780869,5751,1413,12726,50802,0.10169221791947376,0.09993634627625717,True,max_tpr_with_empirical_fpr_le_target,0.009018089226035754,0.009018089226035754,0.01,0.5836220554107201,510,141,13998,56043,0.009018089226035754,0.009972416719711436,True,max_tpr_with_empirical_fpr_le_target,0.0011493643131222039,0.0011493643131222039,0.001,2.647077776076201,65,14,14125,56488,0.0011493643131222039,0.000990169035999717,True,max_tpr_with_empirical_fpr_le_target,32,True,False,1.3689354776913758,1.3662732620520452,0.7159629393875098,DIABETES,GNB,dp,2.0,18
0.5010233842745839,0.007532629319599471,56553,14139,0.09935812423744099,0.09935812423744099,0.1,0.046626466335843775,5619,1413,12726,50934,0.09935812423744099,0.09993634627625717,True,max_tpr_with_empirical_fpr_le_target,0.009495517479178824,0.009495517479178824,0.01,0.678908914630718,537,141,13998,56016,0.009495517479178824,0.009972416719711436,True,max_tpr_with_empirical_fpr_le_target,0.0008133962831326367,0.0008133962831326367,0.001,4.7835873419316846,46,13,14126,56507,0.0008133962831326367,0.0009194426762854516,True,max_tpr_with_empirical_fpr_le_target,32,True,False,1.0406865056888663,1.0401379927143373,0.7159629393875098,DIABETES,GNB,dp,2.0,19
0.4980131355632071,0.0023911820216122592,56553,14139,0.09757218892012802,0.09757218892012802,0.1,0.059860584945807815,5518,1413,12726,51035,0.09757218892012802,0.09993634627625717,True,max_tpr_with_empirical_fpr_le_target,0.009566247590755575,0.009566247590755575,0.01,0.5776282105173443,541,141,13998,56012,0.009566247590755575,0.009972416719711436,True,max_tpr_with_empirical_fpr_le_target,0.001785935317312963,0.001785935317312963,0.001,2.5199199667071017,101,14,14125,56452,0.001785935317312963,0.000990169035999717,True,max_tpr_with_empirical_fpr_le_target,32,True,False,1.1677821691149988,1.1680701014309884,0.7159629393875098,DIABETES,GNB,dp,2.0,20
0.501435181197268,0.0075571927632920866,56553,14139,0.09797888706169434,0.09797888706169434,0.1,0.1279377984302057,5541,1412,12727,51012,0.09797888706169434,0.0998656199165429,True,max_tpr_with_empirical_fpr_le_target,0.009583930118649763,0.009583930118649763,0.01,0.5264390326796109,542,140,13999,56011,0.009583930118649763,0.00990169035999717,True,max_tpr_with_empirical_fpr_le_target,0.0008487613389210122,0.0008487613389210122,0.001,1.2907839667525751,48,10,14129,56505,0.0008487613389210122,0.0007072635971426551,True,max_tpr_with_empirical_fpr_le_target,32,True,False,2.63664225904554,2.6480623088676745,0.7159629393875098,DIABETES,GNB,dp,2.0,21
0.49885430688431986,0.004707701979762946,56553,14139,0.09675879263699538,0.09675879263699538,0.1,0.0883940305004629,5472,1412,12727,51081,0.09675879263699538,0.0998656199165429,True,max_tpr_with_empirical_fpr_le_target,0.009389422311813696,0.009389422311813696,0.01,0.43939012470165006,531,141,13998,56022,0.009389422311813696,0.009972416719711436,True,max_tpr_with_empirical_fpr_le_target,0.0008133962831326367,0.0008133962831326367,0.001,1.5105313851989572,46,14,14125,56507,0.0008133962831326367,0.000990169035999717,True,max_tpr_with_empirical_fpr_le_target,32,True,False,1.9638683011417706,1.9709267295401292,0.7159629393875098,DIABETES,GNB,dp,2.0,22
0.49697724132847565,0.003163514169841064,56553,14139,0.09723622089013845,0.09723622089013845,0.1,0.05650211839690655,5499,1413,12726,51054,0.09723622089013845,0.09993634627625717,True,max_tpr_with_empirical_fpr_le_target,0.009796120453380016,0.009796120453380016,0.01,0.49100326076942435,554,141,13998,55999,0.009796120453380016,0.009972416719711436,True,max_tpr_with_empirical_fpr_le_target,0.0014676498152175834,0.0014676498152175834,0.001,2.2874770164210974,83,14,14125,56470,0.0014676498152175834,0.000990169035999717,True,max_tpr_with_empirical_fpr_le_target,32,True,False,1.3796468306115819,1.3888219653094125,0.7159629393875098,DIABETES,GNB,dp,2.0,23
0.49675349275604835,0.0008671267057875614,56553,14139,0.09997701271373756,0.09997701271373756,0.1,0.06441730639420751,5654,1412,12727,50899,0.09997701271373756,0.0998656199165429,True,max_tpr_with_empirical_fpr_le_target,0.009530882534967198,0.009530882534967198,0.01,0.4278262735848639,539,141,13998,56014,0.009530882534967198,0.009972416719711436,True,max_tpr_with_empirical_fpr_le_target,0.0009548565062861387,0.0009548565062861387,0.001,2.087497621145875,54,14,14125,56499,0.0009548565062861387,0.000990169035999717,True,max_tpr_with_empirical_fpr_le_target,32,True,False,1.3385812989950474,1.3438709516304046,0.7159629393875098,DIABETES,GNB,dp,2.0,24
0.4983424102705225,0.006549101080199016,56553,14139,0.0996233621558538,0.0996233621558538,0.1,0.07076241425534513,5634,1413,12726,50919,0.0996233621558538,0.09993634627625717,True,max_tpr_with_empirical_fpr_le_target,0.009548565062861386,0.009548565062861386,0.01,0.6418214754549114,540,141,13998,56013,0.009548565062861386,0.009972416719711436,True,max_tpr_with_empirical_fpr_le_target,0.0013438721199582693,0.0013438721199582693,0.001,2.5219862934360635,76,14,14125,56477,0.0013438721199582693,0.000990169035999717,True,max_tpr_with_empirical_fpr_le_target,32,True,False,1.1260332085413096,1.1260492924559256,0.7159629393875098,DIABETES,GNB,dp,2.0,25
0.5013920022625431,0.007521339965380569,56553,14139,0.09937580676533517,0.09937580676533517,0.1,0.11691946525071484,5620,1413,12726,50933,0.09937580676533517,0.09993634627625717,True,max_tpr_with_empirical_fpr_le_target,0.010680246848089403,0.010680246848089403,0.01,0.7499931003090579,604,141,13998,55949,0.010680246848089403,0.009972416719711436,True,max_tpr_with_empirical_fpr_le_target,0.0010963167294396406,0.0010963167294396406,0.001,2.5144068711218943,62,13,14126,56491,0.0010963167294396406,0.0009194426762854516,True,max_tpr_with_empirical_fpr_le_target,32,True,False,1.5873097350964904,1.595701510757248,0.7159629393875098,DIABETES,GNB,dp,2.0,26
0.5015340809176964,0.008905825996744443,56553,14139,0.09790815695011759,0.09790815695011759,0.1,0.05352594909376829,5537,1413,12726,51016,0.09790815695011759,0.09993634627625717,True,max_tpr_with_empirical_fpr_le_target,0.010025993316004456,0.010025993316004456,0.01,0.6298718738876039,567,141,13998,55986,0.010025993316004456,0.009972416719711436,True,max_tpr_with_empirical_fpr_le_target,0.0011493643131222039,0.0011493643131222039,0.001,2.445827731542778,65,14,14125,56488,0.0011493643131222039,0.000990169035999717,True,max_tpr_with_empirical_fpr_le_target,32,True,False,1.359699051613921,1.3578709711096075,0.7159629393875098,DIABETES,GNB,dp,2.0,27
0.49743763675124497,0.001660413005997896,56553,14139,0.09939348929322936,0.09939348929322936,0.1,0.06174675848640554,5621,1413,12726,50932,0.09939348929322936,0.09993634627625717,True,max_tpr_with_empirical_fpr_le_target,0.0096723427581207,0.0096723427581207,0.01,0.4077220275029452,547,140,13999,56006,0.0096723427581207,0.00990169035999717,True,max_tpr_with_empirical_fpr_le_target,0.0011316817852280161,0.0011316817852280161,0.001,1.6664705127099946,64,13,14126,56489,0.0011316817852280161,0.0009194426762854516,True,max_tpr_with_empirical_fpr_le_target,32,True,False,1.6593083648344815,1.6550024677070196,0.7159629393875098,DIABETES,GNB,dp,2.0,28
0.5035175855616336,0.010190745101468002,56553,14139,0.09995933018584337,0.09995933018584337,0.1,0.12992886530270464,5653,1413,12726,50900,0.09995933018584337,0.09993634627625717,True,max_tpr_with_empirical_fpr_le_target,0.009796120453380016,0.009796120453380016,0.01,0.6181519179516175,554,141,13998,55999,0.009796120453380016,0.009972416719711436,True,max_tpr_with_empirical_fpr_le_target,0.0009902215620745142,0.0009902215620745142,0.001,1.609455285435995,56,14,14125,56497,0.0009902215620745142,0.000990169035999717,True,max_tpr_with_empirical_fpr_le_target,32,True,False,2.4959694312358374,2.5089014068119697,0.7159629393875098,DIABETES,GNB,dp,2.0,29
0.4973448719512908,0.0032730873137302025,56553,14139,0.09923434654218168,0.09923434654218168,0.1,0.07064202432431099,5612,1412,12727,50941,0.09923434654218168,0.0998656199165429,True,max_tpr_with_empirical_fpr_le_target,0.010715611903877778,0.010715611903877778,0.01,0.9361726228423393,606,141,13998,55947,0.010715611903877778,0.009972416719711436,True,max_tpr_with_empirical_fpr_le_target,0.001078634201545453,0.001078634201545453,0.001,3.6762935196341147,61,14,14125,56492,0.001078634201545453,0.000990169035999717,True,max_tpr_with_empirical_fpr_le_target,32,True,False,0.6807803581833464,0.6816137909320722,0.7153971285097956,DIABETES,GNB,dp,4.0,0
0.5038764336996806,0.009442886352232116,56553,14139,0.10369034357151699,0.10369034357151699,0.1,0.060188853891127825,5864,1413,12726,50689,0.10369034357151699,0.09993634627625717,True,max_tpr_with_empirical_fpr_le_target,0.009106501865506694,0.009106501865506694,0.01,0.9337209142703846,515,141,13998,56038,0.009106501865506694,0.009972416719711436,True,max_tpr_with_empirical_fpr_le_target,0.001220094424698955,0.001220094424698955,0.001,2.8366241644691588,69,14,14125,56484,0.001220094424698955,0.000990169035999717,True,max_tpr_with_empirical_fpr_le_target,32,True,False,0.6338201915334875,0.6287137839779011,0.7153971285097956,DIABETES,GNB,dp,4.0,1
0.4996339070154935,0.004821743591872374,56553,14139,0.09999469524163174,0.09999469524163174,0.1,0.13740663953520027,5655,1413,12726,50898,0.09999469524163174,0.09993634627625717,True,max_tpr_with_empirical_fpr_le_target,0.009265644616554382,0.009265644616554382,0.01,0.6609091052281766,524,141,13998,56029,0.009265644616554382,0.009972416719711436,True,max_tpr_with_empirical_fpr_le_target,0.0013792371757466448,0.0013792371757466448,0.001,1.3843127520266,78,14,14125,56475,0.0013792371757466448,0.000990169035999717,True,max_tpr_with_empirical_fpr_le_target,32,True,False,1.2888487621253946,1.2854510928300016,0.7153971285097956,DIABETES,GNB,dp,4.0,2
0.49698346316709746,0.0014291444505288298,56553,14139,0.09491980973599985,0.09491980973599985,0.1,0.07523797037584012,5368,1413,12726,51185,0.09491980973599985,0.09993634627625717,True,max_tpr_with_empirical_fpr_le_target,0.009336374728131133,0.009336374728131133,0.01,0.8150970467129555,528,140,13999,56025,0.009336374728131133,0.00990169035999717,True,max_tpr_with_empirical_fpr_le_target,0.001432284759429208,0.001432284759429208,0.001,3.098023795178246,81,12,14127,56472,0.001432284759429208,0.000848716316571186,True,max_tpr_with_empirical_fpr_le_target,32,True,False,0.6917557415636483,0.6991812600839578,0.7153971285097956,DIABETES,GNB,dp,4.0,3
0.5013348288807473,0.006062484515829025,56553,14139,0.10087882163634113,0.10087882163634113,0.1,0.08133615454463516,5705,1413,12726,50848,0.10087882163634113,0.09993634627625717,True,max_tpr_with_empirical_fpr_le_target,0.010450373985464962,0.010450373985464962,0.01,0.8705591320543534,591,141,13998,55962,0.010450373985464962,0.009972416719711436,True,max_tpr_with_empirical_fpr_le_target,0.0012024118968047672,0.0012024118968047672,0.001,2.5726458461972426,68,14,14125,56485,0.0012024118968047672,0.000990169035999717,True,max_tpr_with_empirical_fpr_le_target,32,True,False,0.8412692609513703,0.8448964528776258,0.7153971285097956,DIABETES,GNB,dp,4.0,4
0.49394808260486134,0.0018767078782872815,56553,14139,0.09923434654218168,0.09923434654218168,0.1,0.05449495886399314,5612,1412,12727,50941,0.09923434654218168,0.0998656199165429,True,max_tpr_with_empirical_fpr_le_target,0.010998532350184782,0.010998532350184782,0.01,0.8673336380335896,622,140,13999,55931,0.010998532350184782,0.00990169035999717,True,max_tpr_with_empirical_fpr_le_target,0.0008133962831326367,0.0008133962831326367,0.001,4.224320954172485,46,13,14126,56507,0.0008133962831326367,0.0009194426762854516,True,max_tpr_with_empirical_fpr_le_target,32,True,False,0.8157702763523564,0.8103563513992482,0.7153971285097956,DIABETES,GNB,dp,4.0,5
0.49723559833109,0.0021316656934897704,56553,14139,0.09870387070535604,0.09870387070535604,0.1,0.03863554577769479,5582,1413,12726,50971,0.09870387070535604,0.09993634627625717,True,max_tpr_with_empirical_fpr_le_target,0.010096723427581207,0.010096723427581207,0.01,0.9400427753893523,571,141,13998,55982,0.010096723427581207,0.009972416719711436,True,max_tpr_with_empirical_fpr_le_target,0.001007904089968702,0.001007904089968702,0.001,4.347915903033854,57,14,14125,56496,0.001007904089968702,0.000990169035999717,True,max_tpr_with_empirical_fpr_le_target,32,True,False,0.7490822624160602,0.7386116050071271,0.7153971285097956,DIABETES,GNB,dp,4.0,6
0.5051972825154964,0.012049879255873142,56553,14139,0.10625431011617421,0.10625431011617421,0.1,0.05023586898887217,6009,1413,12726,50544,0.10625431011617421,0.09993634627625717,True,max_tpr_with_empirical_fpr_le_target,0.01046805651335915,0.01046805651335915,0.01,0.9959583585959108,592,141,13998,55961,0.01046805651335915,0.009972416719711436,True,max_tpr_with_empirical_fpr_le_target,0.0015560624546885223,0.0015560624546885223,0.001,3.0641490548649437,88,14,14125,56465,0.0015560624546885223,0.000990169035999717,True,max_tpr_with_empirical_fpr_le_target,32,True,False,0.6217041567755385,0.616695887654441,0.7153971285097956,DIABETES,GNB,dp,4.0,7
0.5016599071298727,0.007257539010299741,56553,14139,0.10010079040899687,0.10010079040899687,0.1,0.06609421042046637,5661,1413,12726,50892,0.10010079040899687,0.09993634627625717,True,max_tpr_with_empirical_fpr_le_target,0.010503421569147525,0.010503421569147525,0.01,0.8436407244886053,594,141,13998,55959,0.010503421569147525,0.009972416719711436,True,max_tpr_with_empirical_fpr_le_target,0.0017682527894187752,0.0017682527894187752,0.001,2.6493991967982926,100,14,14125,56453,0.0017682527894187752,0.000990169035999717,True,max_tpr_with_empirical_fpr_le_target,32,True,False,0.7077939952296736,0.7090474947101681,0.7153971285097956,DIABETES,GNB,dp,4.0,8
0.49819727634868527,0.002685279266263496,56553,14139,0.09796120453380015,0.09796120453380015,0.1,0.08777658994031379,5540,1413,12726,51013,0.09796120453380015,0.09993634627625717,True,max_tpr_with_empirical_fpr_le_target,0.01014977101126377,0.01014977101126377,0.01,0.669027230780886,574,141,13998,55979,0.01014977101126377,0.009972416719711436,True,max_tpr_with_empirical_fpr_le_target,0.0012731420083815182,0.0012731420083815182,0.001,1.6824430481172539,72,13,14126,56481,0.0012731420083815182,0.0009194426762854516,True,max_tpr_with_empirical_fpr_le_target,32,True,False,1.3601529945372306,1.3615362141816125,0.7153971285097956,DIABETES,GNB,dp,4.0,9
0.5027376771524257,0.008722813896563986,56553,14139,0.10333669301363323,0.10333669301363323,0.1,0.09300503869459487,5844,1413,12726,50709,0.10333669301363323,0.09993634627625717,True,max_tpr_with_empirical_fpr_le_target,0.011122310045444096,0.011122310045444096,0.01,0.9494329616376076,629,141,13998,55924,0.011122310045444096,0.009972416719711436,True,max_tpr_with_empirical_fpr_le_target,0.0012554594804873305,0.0012554594804873305,0.001,3.0279334311279342,71,14,14125,56482,0.0012554594804873305,0.000990169035999717,True,max_tpr_with_empirical_fpr_le_target,32,True,False,0.6466431770670146,0.6551787451482685,0.7153971285097956,DIABETES,GNB,dp,4.0,10
0.5015145099523511,0.007848446096179407,56553,14139,0.09946421940480611,0.09946421940480611,0.1,0.06629646633199637,5625,1413,12726,50928,0.09946421940480611,0.09993634627625717,True,max_tpr_with_empirical_fpr_le_target,0.00928332714444857,0.00928332714444857,0.01,1.148797048384961,525,141,13998,56028,0.00928332714444857,0.009972416719711436,True,max_tpr_with_empirical_fpr_le_target,0.0013792371757466448,0.0013792371757466448,0.001,2.760885722959365,78,14,14125,56475,0.0013792371757466448,0.000990169035999717,True,max_tpr_with_empirical_fpr_le_target,32,True,False,0.5687113480121896,0.5660697594891583,0.7153971285097956,DIABETES,GNB,dp,4.0,11
0.5039701677307767,0.00955505203309881,56553,14139,0.09925202907007585,0.09925202907007585,0.1,0.05694263433010266,5613,1413,12726,50940,0.09925202907007585,0.09993634627625717,True,max_tpr_with_empirical_fpr_le_target,0.009071136809718317,0.009071136809718317,0.01,1.0216675745685264,513,141,13998,56040,0.009071136809718317,0.009972416719711436,True,max_tpr_with_empirical_fpr_le_target,0.0007603486994500734,0.0007603486994500734,0.001,3.1830802722110523,43,14,14125,56510,0.0007603486994500734,0.000990169035999717,True,max_tpr_with_empirical_fpr_le_target,32,True,False,0.6187105824631765,0.6179320303673252,0.7153971285097956,DIABETES,GNB,dp,4.0,12
0.49901227280116794,0.0034195262584019726,56553,14139,0.09939348929322936,0.09939348929322936,0.1,0.07258824264646968,5621,1413,12726,50932,0.09939348929322936,0.09993634627625717,True,max_tpr_with_empirical_fpr_le_target,0.010609516736512652,0.010609516736512652,0.01,0.9411535452309473,600,141,13998,55953,0.010609516736512652,0.009972416719711436,True,max_tpr_with_empirical_fpr_le_target,0.0011139992573338284,0.0011139992573338284,0.001,2.648826672537772,63,14,14125,56490,0.0011139992573338284,0.000990169035999717,True,max_tpr_with_empirical_fpr_le_target,32,True,False,0.9250607834873815,0.9147279289621183,0.7153971285097956,DIABETES,GNB,dp,4.0,13
0.5023303255614765,0.009946746476585666,56553,14139,0.10010079040899687,0.10010079040899687,0.1,0.06983887625913976,5661,1413,12726,50892,0.10010079040899687,0.09993634627625717,True,max_tpr_with_empirical_fpr_le_target,0.010715611903877778,0.010715611903877778,0.01,0.9527994240224708,606,141,13998,55947,0.010715611903877778,0.009972416719711436,True,max_tpr_with_empirical_fpr_le_target,0.0012024118968047672,0.0012024118968047672,0.001,3.330227943560626,68,14,14125,56485,0.0012024118968047672,0.000990169035999717,True,max_tpr_with_empirical_fpr_le_target,32,True,False,0.6764610099067715,0.6793861067031262,0.7153971285097956,DIABETES,GNB,dp,4.0,14
0.502466371221753,0.008439195603834715,56553,14139,0.09769596661538733,0.09769596661538733,0.1,0.0766564883445855,5525,1413,12726,51028,0.09769596661538733,0.09993634627625717,True,max_tpr_with_empirical_fpr_le_target,0.01110462751754991,0.01110462751754991,0.01,1.0183449827943818,628,141,13998,55925,0.01110462751754991,0.009972416719711436,True,max_tpr_with_empirical_fpr_le_target,0.0012377769525931427,0.0012377769525931427,0.001,3.0692006068135123,70,14,14125,56483,0.0012377769525931427,0.000990169035999717,True,max_tpr_with_empirical_fpr_le_target,32,True,False,1.0779117029591208,1.0810219598542519,0.7153971285097956,DIABETES,GNB,dp,4.0,15
0.5024105184955521,0.009355460452594888,56553,14139,0.10125015472211907,0.10125015472211907,0.1,0.08696817637747739,5726,1413,12726,50827,0.10125015472211907,0.09993634627625717,True,max_tpr_with_empirical_fpr_le_target,0.010202818594946334,0.010202818594946334,0.01,0.8714211607120759,577,141,13998,55976,0.010202818594946334,0.009972416719711436,True,max_tpr_with_empirical_fpr_le_target,0.0012731420083815182,0.0012731420083815182,0.001,3.908432340355419,72,14,14125,56481,0.0012731420083815182,0.000990169035999717,True,max_tpr_with_empirical_fpr_le_target,32,True,False,0.6393637110075095,0.6396961455225474,0.7153971285097956,DIABETES,GNB,dp,4.0,16
0.4923823328412353,0.001220270762235774,56553,14139,0.0960161264654395,0.0960161264654395,0.1,0.08520840695000953,5430,1413,12726,51123,0.0960161264654395,0.09993634627625717,True,max_tpr_with_empirical_fpr_le_target,0.009247962088660196,0.009247962088660196,0.01,1.1231230235625245,523,141,13998,56030,0.009247962088660196,0.009972416719711436,True,max_tpr_with_empirical_fpr_le_target,0.0014146022315350202,0.0014146022315350202,0.001,3.4019411339134127,80,14,14125,56473,0.0014146022315350202,0.000990169035999717,True,max_tpr_with_empirical_fpr_le_target,32,True,False,0.6401195858355208,0.6462101125280105,0.7153971285097956,DIABETES,GNB,dp,4.0,17
0.49613624571958925,0.0016368250465514933,56553,14139,0.09758987144802221,0.09758987144802221,0.1,0.06105066313366647,5519,1413,12726,51034,0.09758987144802221,0.09993634627625717,True,max_tpr_with_empirical_fpr_le_target,0.007957137552384488,0.007957137552384488,0.01,1.4559674901892419,450,141,13998,56103,0.007957137552384488,0.009972416719711436,True,max_tpr_with_empirical_fpr_le_target,0.0008664438668151999,0.0008664438668151999,0.001,4.907301226346066,49,13,14126,56504,0.0008664438668151999,0.0009194426762854516,True,max_tpr_with_empirical_fpr_le_target,32,True,False,0.6091497215313297,0.6083325401498223,0.7153971285097956,DIABETES,GNB,dp,4.0,18
0.4986615405669875,0.00268444260092926,56553,14139,0.09608685657701625,0.09608685657701625,0.1,0.0731993936612867,5434,1413,12726,51119,0.09608685657701625,0.09993634627625717,True,max_tpr_with_empirical_fpr_le_target,0.009424787367602072,0.009445475925238273,0.01,0.7272337785886933,533,141,13998,56020,0.009424787367602072,0.009972416719711436,True,max_tpr_with_empirical_fpr_le_target,0.0011316817852280161,0.0011316817852280161,0.001,2.253713050026049,64,14,14125,56489,0.0011316817852280161,0.000990169035999717,True,max_tpr_with_empirical_fpr_le_target,32,True,False,1.2032442036003617,1.2116756777593067,0.7153971285097956,DIABETES,GNB,dp,4.0,19
0.49764577695042206,0.002850042307314539,56553,14139,0.0987569182890386,0.0987569182890386,0.1,0.1170234902655507,5585,1412,12727,50968,0.0987569182890386,0.0998656199165429,True,max_tpr_with_empirical_fpr_le_target,0.00991989814863933,0.00991989814863933,0.01,0.6717776995445521,561,141,13998,55992,0.00991989814863933,0.009972416719711436,True,max_tpr_with_empirical_fpr_le_target,0.0013792371757466448,0.0013792371757466448,0.001,1.6431052822421033,78,14,14125,56475,0.0013792371757466448,0.000990169035999717,True,max_tpr_with_empirical_fpr_le_target,32,True,False,1.2110470758867211,1.2123967008976348,0.7153971285097956,DIABETES,GNB,dp,4.0,20
0.49995395526764663,0.005192859069626188,56553,14139,0.10192209078209821,0.10192209078209821,0.1,0.06514653970468776,5764,1413,12726,50789,0.10192209078209821,0.09993634627625717,True,max_tpr_with_empirical_fpr_le_target,0.008858946474988064,0.008858946474988064,0.01,1.452471835064281,501,141,13998,56052,0.008858946474988064,0.009972416719711436,True,max_tpr_with_empirical_fpr_le_target,0.0011670468410163917,0.0011670468410163917,0.001,3.896210393622704,66,14,14125,56487,0.0011670468410163917,0.000990169035999717,True,max_tpr_with_empirical_fpr_le_target,32,True,False,0.5372510439154221,0.534782301925782,0.7153971285097956,DIABETES,GNB,dp,4.0,21
0.4993091151585378,0.0018493117784180724,56553,14139,0.099923965130055,0.099923965130055,0.1,0.07586571410340126,5651,1413,12726,50902,0.099923965130055,0.09993634627625717,True,max_tpr_with_empirical_fpr_le_target,0.008858946474988064,0.008858946474988064,0.01,1.071100449391044,501,141,13998,56052,0.008858946474988064,0.009972416719711436,True,max_tpr_with_empirical_fpr_le_target,0.0010609516736512653,0.0010609516736512653,0.001,5.155654273150324,60,13,14126,56493,0.0010609516736512653,0.0009194426762854516,True,max_tpr_with_empirical_fpr_le_target,32,True,False,0.6145818829862034,0.6291493231123592,0.7153971285097956,DIABETES,GNB,dp,4.0,22
0.49919715395417663,0.003130925492291936,56553,14139,0.09801425211748271,0.09801425211748271,0.1,0.11728741332998449,5543,1412,12727,51010,0.09801425211748271,0.0998656199165429,True,max_tpr_with_empirical_fpr_le_target,0.010043675843898644,0.010043675843898644,0.01,0.7962471532620576,568,141,13998,55985,0.010043675843898644,0.009972416719711436,True,max_tpr_with_empirical_fpr_le_target,0.0007957137552384489,0.0007957137552384489,0.001,2.285986597221104,45,14,14125,56508,0.0007957137552384489,0.000990169035999717,True,max_tpr_with_empirical_fpr_le_target,32,True,False,0.9721789853510201,0.9654585449258347,0.7153971285097956,DIABETES,GNB,dp,4.0,23
0.4992593642113592,0.003433606998310079,56553,14139,0.10112637702685975,0.10112637702685975,0.1,0.06151583810073835,5719,1413,12726,50834,0.10112637702685975,0.09993634627625717,True,max_tpr_with_empirical_fpr_le_target,0.011316817852280161,0.011316817852280161,0.01,0.7700151042781378,640,140,13999,55913,0.011316817852280161,0.00990169035999717,True,max_tpr_with_empirical_fpr_le_target,0.0011847293689105794,0.0011847293689105794,0.001,2.925505346996669,67,14,14125,56486,0.0011847293689105794,0.000990169035999717,True,max_tpr_with_empirical_fpr_le_target,32,True,False,0.7652835780685818,0.7606647135986976,0.7153971285097956,DIABETES,GNB,dp,4.0,24
0.5005497529062761,0.004709210228482086,56553,14139,0.09797888706169434,0.09797888706169434,0.1,0.09983601873820747,5541,1413,12726,51012,0.09797888706169434,0.09993634627625717,True,max_tpr_with_empirical_fpr_le_target,0.008434565805527558,0.008434565805527558,0.01,0.6350695559767233,477,141,13998,56076,0.008434565805527558,0.009972416719711436,True,max_tpr_with_empirical_fpr_le_target,0.0006896185878733224,0.0006896185878733224,0.001,1.5554051547270076,39,14,14125,56514,0.0006896185878733224,0.000990169035999717,True,max_tpr_with_empirical_fpr_le_target,32,True,False,1.0328871984879462,1.0319401650320148,0.7153971285097956,DIABETES,GNB,dp,4.0,25
0.4966668328616686,0.003009819123122273,56553,14139,0.10050748855056318,0.10050748855056318,0.1,0.07010166642670668,5684,1413,12726,50869,0.10050748855056318,0.09993634627625717,True,max_tpr_with_empirical_fpr_le_target,0.010821707071242906,0.010821707071242906,0.01,0.8603463393755908,612,141,13998,55941,0.010821707071242906,0.009972416719711436,True,max_tpr_with_empirical_fpr_le_target,0.0016621576220536489,0.0016621576220536489,0.001,2.9878788134031553,94,12,14127,56459,0.0016621576220536489,0.000848716316571186,True,max_tpr_with_empirical_fpr_le_target,32,True,False,0.7265200847371377,0.7330394718674832,0.7153971285097956,DIABETES,GNB,dp,4.0,26
0.5008954082452033,0.005888919605387066,56553,14139,0.0999062826021608,0.0999062826021608,0.1,0.061317801294043184,5650,1413,12726,50903,0.0999062826021608,0.09993634627625717,True,max_tpr_with_empirical_fpr_le_target,0.009725390341803265,0.009725390341803265,0.01,1.0188749017419498,550,140,13999,56003,0.009725390341803265,0.00990169035999717,True,max_tpr_with_empirical_fpr_le_target,0.0011847293689105794,0.0011847293689105794,0.001,3.7186163588417527,67,14,14125,56486,0.0011847293689105794,0.000990169035999717,True,max_tpr_with_empirical_fpr_le_target,32,True,False,0.7525593737214478,0.7552662668306507,0.7153971285097956,DIABETES,GNB,dp,4.0,27
0.5001934966798962,0.007589556329092029,56553,14139,0.09594539635386275,0.09594539635386275,0.1,0.059927051397999254,5426,1413,12726,51127,0.09594539635386275,0.09993634627625717,True,max_tpr_with_empirical_fpr_le_target,0.009955263204427705,0.009955263204427705,0.01,0.6589162365421296,563,141,13998,55990,0.009955263204427705,0.009972416719711436,True,max_tpr_with_empirical_fpr_le_target,0.0008133962831326367,0.0008133962831326367,0.001,4.877182137063729,46,14,14125,56507,0.0008133962831326367,0.000990169035999717,True,max_tpr_with_empirical_fpr_le_target,32,True,False,0.9374826108336343,0.9488535590025526,0.7153971285097956,DIABETES,GNB,dp,4.0,28
0.49759391120342245,0.001894608014205601,56553,14139,0.09903983873534561,0.09903983873534561,0.1,0.06327415693571536,5601,1413,12726,50952,0.09903983873534561,0.09993634627625717,True,max_tpr_with_empirical_fpr_le_target,0.009071136809718317,0.009071136809718317,0.01,0.9168091328690204,513,140,13999,56040,0.009071136809718317,0.00990169035999717,True,max_tpr_with_empirical_fpr_le_target,0.0010609516736512653,0.0010609516736512653,0.001,4.230956072129317,60,14,14125,56493,0.0010609516736512653,0.000990169035999717,True,max_tpr_with_empirical_fpr_le_target,32,True,False,1.164370583735738,1.1764180169517178,0.7153971285097956,DIABETES,GNB,dp,4.0,29
0.5003970408475286,0.00804005371331415,56553,14139,0.10089650416423532,0.10089650416423532,0.1,0.1270123284152891,5706,1412,12727,50847,0.10089650416423532,0.0998656199165429,True,max_tpr_with_empirical_fpr_le_target,0.009247962088660196,0.009247962088660196,0.01,1.475990849324441,523,141,13998,56030,0.009247962088660196,0.009972416719711436,True,max_tpr_with_empirical_fpr_le_target,0.0014676498152175834,0.0014676498152175834,0.001,7.274464657593835,83,13,14126,56470,0.0014676498152175834,0.0009194426762854516,True,max_tpr_with_empirical_fpr_le_target,32,True,False,0.33082934413300097,0.3318681588821623,0.7146191385529387,DIABETES,GNB,dp,8.0,0
0.5029702901252855,0.007485989917042135,56553,14139,0.0987569182890386,0.0987569182890386,0.1,0.11640312294876631,5585,1413,12726,50968,0.0987569182890386,0.09993634627625717,True,max_tpr_with_empirical_fpr_le_target,0.010450373985464962,0.010450373985464962,0.01,1.0051044684421342,591,140,13999,55962,0.010450373985464962,0.00990169035999717,True,max_tpr_with_empirical_fpr_le_target,0.0008841263947093876,0.0008841263947093876,0.001,4.14549203086188,50,14,14125,56503,0.0008841263947093876,0.000990169035999717,True,max_tpr_with_empirical_fpr_le_target,32,True,False,0.37960915313337634,0.37811659194336134,0.7146191385529387,DIABETES,GNB,dp,8.0,1
0.5014291619592205,0.006672574874597048,56553,14139,0.10262939189786571,0.10262939189786571,0.1,0.08842110769265121,5804,1413,12726,50749,0.10262939189786571,0.09993634627625717,True,max_tpr_with_empirical_fpr_le_target,0.009990628260216081,0.009990628260216081,0.01,1.2738354945969361,565,141,13998,55988,0.009990628260216081,0.009972416719711436,True,max_tpr_with_empirical_fpr_le_target,0.0011139992573338284,0.0011139992573338284,0.001,5.6129905534375055,63,14,14125,56490,0.0011139992573338284,0.000990169035999717,True,max_tpr_with_empirical_fpr_le_target,32,True,False,0.41447083629493475,0.41194503299487734,0.7146191385529387,DIABETES,GNB,dp,8.0,2
0.5022419210510409,0.00986158295002712,56553,14139,0.10259402684207734,0.10259402684207734,0.1,0.11384983906731905,5802,1413,12726,50751,0.10259402684207734,0.09993634627625717,True,max_tpr_with_empirical_fpr_le_target,0.009725390341803265,0.009725390341803265,0.01,1.5746171367974857,550,141,13998,56003,0.009725390341803265,0.009972416719711436,True,max_tpr_with_empirical_fpr_le_target,0.0007957137552384489,0.0007957137552384489,0.001,7.475972771216344,45,14,14125,56508,0.0007957137552384489,0.000990169035999717,True,max_tpr_with_empirical_fpr_le_target,32,True,False,0.3962033930176853,0.3977992021478449,0.7146191385529387,DIABETES,GNB,dp,8.0,3
0.5039147658533846,0.01183215867583931,56553,14139,0.09988860007426661,0.09988860007426661,0.1,0.12965763702773714,5649,1413,12726,50904,0.09988860007426661,0.09993634627625717,True,max_tpr_with_empirical_fpr_le_target,0.009654660230226514,0.009654660230226514,0.01,1.1929300301280665,546,141,13998,56007,0.009654660230226514,0.009972416719711436,True,max_tpr_with_empirical_fpr_le_target,0.0008841263947093876,0.0008841263947093876,0.001,6.019688021741864,50,14,14125,56503,0.0008841263947093876,0.000990169035999717,True,max_tpr_with_empirical_fpr_le_target,32,True,False,0.34038522842000263,0.34377385814158495,0.7146191385529387,DIABETES,GNB,dp,8.0,4
0.49638965901806853,0.003514380845760612,56553,14139,0.0991812989584991,0.0991812989584991,0.1,0.09466747167167022,5609,1413,12726,50944,0.0991812989584991,0.09993634627625717,True,max_tpr_with_empirical_fpr_le_target,0.01110462751754991,0.01110462751754991,0.01,1.1160506499879999,628,141,13998,55925,0.01110462751754991,0.009972416719711436,True,max_tpr_with_empirical_fpr_le_target,0.0012731420083815182,0.0012731420083815182,0.001,5.310475149893645,72,14,14125,56481,0.0012731420083815182,0.000990169035999717,True,max_tpr_with_empirical_fpr_le_target,32,True,False,0.37094563321389074,0.36886778834297,0.7146191385529387,DIABETES,GNB,dp,8.0,5
0.4988744418796588,0.006910232851878972,56553,14139,0.09941117182112355,0.09941117182112355,0.1,0.13773071264840353,5622,1413,12726,50931,0.09941117182112355,0.09993634627625717,True,max_tpr_with_empirical_fpr_le_target,0.009106501865506694,0.009106501865506694,0.01,1.2153698949137848,515,141,13998,56038,0.009106501865506694,0.009972416719711436,True,max_tpr_with_empirical_fpr_le_target,0.0009018089226035754,0.0009018089226035754,0.001,5.2311413478771955,51,14,14125,56502,0.0009018089226035754,0.000990169035999717,True,max_tpr_with_empirical_fpr_le_target,32,True,False,0.3675291094909088,0.3651295345142464,0.7146191385529387,DIABETES,GNB,dp,8.0,6
0.5032101792101253,0.007919922828390769,56553,14139,0.10475129524516825,0.10475129524516825,0.1,0.1220381522423899,5924,1413,12726,50629,0.10475129524516825,0.09993634627625717,True,max_tpr_with_empirical_fpr_le_target,0.01014977101126377,0.01014977101126377,0.01,0.7831613049891323,574,141,13998,55979,0.01014977101126377,0.009972416719711436,True,max_tpr_with_empirical_fpr_le_target,0.0012024118968047672,0.0012024118968047672,0.001,4.631063337726269,68,14,14125,56485,0.0012024118968047672,0.000990169035999717,True,max_tpr_with_empirical_fpr_le_target,32,True,False,0.3291191432083679,0.32661499723258836,0.7146191385529387,DIABETES,GNB,dp,8.0,7
0.5033170528889561,0.008899301507882207,56553,14139,0.10630735769985677,0.10630735769985677,0.1,0.12336882104576485,6012,1413,12726,50541,0.10630735769985677,0.09993634627625717,True,max_tpr_with_empirical_fpr_le_target,0.009690025286014889,0.009690025286014889,0.01,1.1220122547005258,548,141,13998,56005,0.009690025286014889,0.009972416719711436,True,max_tpr_with_empirical_fpr_le_target,0.0018389829009955263,0.0018389829009955263,0.001,5.145632308255706,104,14,14125,56449,0.0018389829009955263,0.000990169035999717,True,max_tpr_with_empirical_fpr_le_target,32,True,False,0.3459974292809138,0.34565439068075243,0.7146191385529387,DIABETES,GNB,dp,8.0,8
0.5044119607940325,0.012290835120279786,56553,14139,0.09930507665375841,0.09930507665375841,0.1,0.08965728641454529,5616,1413,12726,50937,0.09930507665375841,0.09993634627625717,True,max_tpr_with_empirical_fpr_le_target,0.010821707071242906,0.010821707071242906,0.01,1.042511903330231,612,141,13998,55941,0.010821707071242906,0.009972416719711436,True,max_tpr_with_empirical_fpr_le_target,0.0008841263947093876,0.0008841263947093876,0.001,5.895847378032102,50,14,14125,56503,0.0008841263947093876,0.000990169035999717,True,max_tpr_with_empirical_fpr_le_target,32,True,False,0.35458457331433735,0.34349292831287553,0.7146191385529387,DIABETES,GNB,dp,8.0,9
0.5003350807145117,0.005999126814036304,56553,14139,0.09813802981274203,0.09813802981274203,0.1,0.1602964680623724,5550,1413,12726,51003,0.09813802981274203,0.09993634627625717,True,max_tpr_with_empirical_fpr_le_target,0.01046805651335915,0.01046805651335915,0.01,1.2136611526167922,592,141,13998,55961,0.01046805651335915,0.009972416719711436,True,max_tpr_with_empirical_fpr_le_target,0.0006365710041907591,0.0006365710041907591,0.001,7.11540857729268,36,14,14125,56517,0.0006365710041907591,0.000990169035999717,True,max_tpr_with_empirical_fpr_le_target,32,True,False,0.32628964569040947,0.33047973712718975,0.7146191385529387,DIABETES,GNB,dp,8.0,10
0.496356840226287,0.0016669412467226752,56553,14139,0.10068431382950506,0.10068431382950506,0.1,0.17393854649705798,5694,1412,12727,50859,0.10068431382950506,0.0998656199165429,True,max_tpr_with_empirical_fpr_le_target,0.009035771753929943,0.009035771753929943,0.01,1.0468827011803736,511,140,13999,56042,0.009035771753929943,0.00990169035999717,True,max_tpr_with_empirical_fpr_le_target,0.00040669814156631833,0.00040669814156631833,0.001,6.058785885049954,23,14,14125,56530,0.00040669814156631833,0.000990169035999717,True,max_tpr_with_empirical_fpr_le_target,32,True,False,0.3464793673660062,0.34659690528294396,0.7146191385529387,DIABETES,GNB,dp,8.0,11
0.5016313667119455,0.006849403905401452,56553,14139,0.10038371085530387,0.10038371085530387,0.1,0.10757263958553587,5677,1413,12726,50876,0.10038371085530387,0.09993634627625717,True,max_tpr_with_empirical_fpr_le_target,0.009619295174438137,0.009619295174438137,0.01,0.8975255909445887,544,141,13998,56009,0.009619295174438137,0.009972416719711436,True,max_tpr_with_empirical_fpr_le_target,0.0007426661715558856,0.0007426661715558856,0.001,5.336129786641031,42,14,14125,56511,0.0007426661715558856,0.000990169035999717,True,max_tpr_with_empirical_fpr_le_target,32,True,False,0.3309523855929057,0.32957758274310806,0.7146191385529387,DIABETES,GNB,dp,8.0,12
0.4977956607301659,0.0030365511433314563,56553,14139,0.09960567962795962,0.09960567962795962,0.1,0.08793450987693141,5633,1413,12726,50920,0.09960567962795962,0.09993634627625717,True,max_tpr_with_empirical_fpr_le_target,0.009548565062861386,0.009548565062861386,0.01,1.5961213378733594,540,141,13998,56013,0.009548565062861386,0.009972416719711436,True,max_tpr_with_empirical_fpr_le_target,0.001007904089968702,0.001007904089968702,0.001,7.326218704848989,57,14,14125,56496,0.001007904089968702,0.000990169035999717,True,max_tpr_with_empirical_fpr_le_target,32,True,False,0.3904566343988193,0.386185287094941,0.7146191385529387,DIABETES,GNB,dp,8.0,13
0.4998573598160948,0.0034809479991522174,56553,14139,0.09997701271373756,0.09997701271373756,0.1,0.11469191791702205,5654,1413,12726,50899,0.09997701271373756,0.09993634627625717,True,max_tpr_with_empirical_fpr_le_target,0.010114405955475395,0.010114405955475395,0.01,1.5834873024821012,572,141,13998,55981,0.010114405955475395,0.009972416719711436,True,max_tpr_with_empirical_fpr_le_target,0.0013438721199582693,0.0013438721199582693,0.001,6.2203039211763045,76,13,14126,56477,0.0013438721199582693,0.0009194426762854516,True,max_tpr_with_empirical_fpr_le_target,32,True,False,0.3636955151081476,0.36848747326574044,0.7146191385529387,DIABETES,GNB,dp,8.0,14
0.5037013267737571,0.013655436280470501,56553,14139,0.09893374356798047,0.09893374356798047,0.1,0.09194063547528286,5595,1413,12726,50958,0.09893374356798047,0.09993634627625717,True,max_tpr_with_empirical_fpr_le_target,0.009354057256025321,0.009354057256025321,0.01,1.6241527060209124,529,141,13998,56024,0.009354057256025321,0.009972416719711436,True,max_tpr_with_empirical_fpr_le_target,0.0009725390341803265,0.0009725390341803265,0.001,6.9520707401822435,55,14,14125,56498,0.0009725390341803265,0.000990169035999717,True,max_tpr_with_empirical_fpr_le_target,32,True,False,0.41500377371551783,0.4147590351932681,0.7146191385529387,DIABETES,GNB,dp,8.0,15
0.5018932329566046,0.007057564739822275,56553,14139,0.09937580676533517,0.09937580676533517,0.1,0.13266183167776247,5620,1413,12726,50933,0.09937580676533517,0.09993634627625717,True,max_tpr_with_empirical_fpr_le_target,0.009884533092850954,0.009884533092850954,0.01,1.090318953843372,559,141,13998,55994,0.009884533092850954,0.009972416719711436,True,max_tpr_with_empirical_fpr_le_target,0.001007904089968702,0.001007904089968702,0.001,6.371564852823901,57,13,14126,56496,0.001007904089968702,0.0009194426762854516,True,max_tpr_with_empirical_fpr_le_target,32,True,False,0.3529897745590846,0.3551487083129035,0.7146191385529387,DIABETES,GNB,dp,8.0,16
0.498061071234253,0.0034195487695768967,56553,14139,0.10215196364472265,0.10215196364472265,0.1,0.11889003463858416,5777,1413,12726,50776,0.10215196364472265,0.09993634627625717,True,max_tpr_with_empirical_fpr_le_target,0.010185136067052146,0.010185136067052146,0.01,1.575507638350318,576,140,13999,55977,0.010185136067052146,0.00990169035999717,True,max_tpr_with_empirical_fpr_le_target,0.0007073011157675101,0.0007073011157675101,0.001,6.951417504339962,40,14,14125,56513,0.0007073011157675101,0.000990169035999717,True,max_tpr_with_empirical_fpr_le_target,32,True,False,0.39927124007071285,0.40432600225889587,0.7146191385529387,DIABETES,GNB,dp,8.0,17
0.49438021462221693,0.0008980120377681811,56553,14139,0.09394727070181953,0.09394727070181953,0.1,0.10792859556468515,5313,1413,12726,51240,0.09394727070181953,0.09993634627625717,True,max_tpr_with_empirical_fpr_le_target,0.008080915247643802,0.008080915247643802,0.01,1.7783920317118938,457,141,13998,56096,0.008080915247643802,0.009972416719711436,True,max_tpr_with_empirical_fpr_le_target,0.0007249836436616978,0.0007249836436616978,0.001,8.860560430231773,41,13,14126,56512,0.0007249836436616978,0.0009194426762854516,True,max_tpr_with_empirical_fpr_le_target,32,True,False,0.32572037306949436,0.3224676037501841,0.7146191385529387,DIABETES,GNB,dp,8.0,18
0.49636452341534687,0.0017648198352445688,56553,14139,0.0970417130833024,0.0970417130833024,0.1,0.12212868571616908,5488,1413,12726,51065,0.0970417130833024,0.09993634627625717,True,max_tpr_with_empirical_fpr_le_target,0.009336374728131133,0.009336374728131133,0.01,0.9059993762897434,528,141,13998,56025,0.009336374728131133,0.009972416719711436,True,max_tpr_with_empirical_fpr_le_target,0.0011316817852280161,0.0011316817852280161,0.001,7.341455691774437,64,14,14125,56489,0.0011316817852280161,0.000990169035999717,True,max_tpr_with_empirical_fpr_le_target,32,True,False,0.3322891511647183,0.33530708297917383,0.7146191385529387,DIABETES,GNB,dp,8.0,19
0.5010905513674203,0.01014226728629275,56553,14139,0.10231110639577035,0.10231110639577035,0.1,0.09644979521097585,5786,1413,12726,50767,0.10231110639577035,0.09993634627625717,True,max_tpr_with_empirical_fpr_le_target,0.009301009672342759,0.009301009672342759,0.01,1.2060138750615128,526,141,13998,56027,0.009301009672342759,0.009972416719711436,True,max_tpr_with_empirical_fpr_le_target,0.00157374498258271,0.00157374498258271,0.001,4.353771466998235,89,14,14125,56464,0.00157374498258271,0.000990169035999717,True,max_tpr_with_empirical_fpr_le_target,32,True,False,0.4228338227666094,0.4229436646296145,0.7146191385529387,DIABETES,GNB,dp,8.0,20
0.5019274186769518,0.008122759769944643,56553,14139,0.09868618817746184,0.09868618817746184,0.1,0.12563658266581534,5581,1413,12726,50972,0.09868618817746184,0.09993634627625717,True,max_tpr_with_empirical_fpr_le_target,0.01022050112284052,0.01022050112284052,0.01,1.5715351333115526,578,141,13998,55975,0.01022050112284052,0.009972416719711436,True,max_tpr_with_empirical_fpr_le_target,0.0008487613389210122,0.0008487613389210122,0.001,8.061800990184492,48,14,14125,56505,0.0008487613389210122,0.000990169035999717,True,max_tpr_with_empirical_fpr_le_target,32,True,False,0.29468242965919084,0.2935714259234711,0.7146191385529387,DIABETES,GNB,dp,8.0,21
0.49723235171941926,0.0033841574507511574,56553,14139,0.09705939561119657,0.09705939561119657,0.1,0.11420382641126148,5489,1413,12726,51064,0.09705939561119657,0.09993634627625717,True,max_tpr_with_empirical_fpr_le_target,0.009389422311813696,0.009389422311813696,0.01,1.1961363725935246,531,140,13999,56022,0.009389422311813696,0.00990169035999717,True,max_tpr_with_empirical_fpr_le_target,0.0008487613389210122,0.0008487613389210122,0.001,6.868604805119965,48,14,14125,56505,0.0008487613389210122,0.000990169035999717,True,max_tpr_with_empirical_fpr_le_target,32,True,False,0.3359613016316361,0.3362291303736362,0.7146191385529387,DIABETES,GNB,dp,8.0,22
0.501006986759591,0.006559872677394996,56553,14139,0.10296535992785529,0.10296535992785529,0.1,0.13622928174836735,5823,1413,12726,50730,0.10296535992785529,0.09993634627625717,True,max_tpr_with_empirical_fpr_le_target,0.009194914504977631,0.009194914504977631,0.01,1.4734106440845396,520,141,13998,56033,0.009194914504977631,0.009972416719711436,True,max_tpr_with_empirical_fpr_le_target,0.0006542535320849469,0.0006542535320849469,0.001,6.993893293213096,37,14,14125,56516,0.0006542535320849469,0.000990169035999717,True,max_tpr_with_empirical_fpr_le_target,32,True,False,0.3725432999135867,0.37245651985800277,0.7146191385529387,DIABETES,GNB,dp,8.0,23
0.4983927365032822,0.004550641512394676,56553,14139,0.10287694728838434,0.10287694728838434,0.1,0.126192690889942,5818,1413,12726,50735,0.10287694728838434,0.09993634627625717,True,max_tpr_with_empirical_fpr_le_target,0.010609516736512652,0.010609516736512652,0.01,1.043154446369807,600,141,13998,55953,0.010609516736512652,0.009972416719711436,True,max_tpr_with_empirical_fpr_le_target,0.0008310788110268244,0.0008310788110268244,0.001,5.494885465986838,47,14,14125,56506,0.0008310788110268244,0.000990169035999717,True,max_tpr_with_empirical_fpr_le_target,32,True,False,0.3065722525669751,0.3050270568514353,0.7146191385529387,DIABETES,GNB,dp,8.0,24
0.4990859868940415,0.0029703457779122755,56553,14139,0.09817339486853041,0.09817339486853041,0.1,0.10488594863616252,5552,1413,12726,51001,0.09817339486853041,0.09993634627625717,True,max_tpr_with_empirical_fpr_le_target,0.00928332714444857,0.00928332714444857,0.01,1.500226794898301,525,141,13998,56028,0.00928332714444857,0.009972416719711436,True,max_tpr_with_empirical_fpr_le_target,0.0009725390341803265,0.0009725390341803265,0.001,6.102954517497224,55,14,14125,56498,0.0009725390341803265,0.000990169035999717,True,max_tpr_with_empirical_fpr_le_target,32,True,False,0.3247020856821889,0.32493180236137714,0.7146191385529387,DIABETES,GNB,dp,8.0,25
0.4949508253826709,0.0023152255655931597,56553,14139,0.0973069510017152,0.0973069510017152,0.1,0.10682159294057048,5503,1413,12726,51050,0.0973069510017152,0.09993634627625717,True,max_tpr_with_empirical_fpr_le_target,0.01022050112284052,0.01022050112284052,0.01,1.492374751439658,578,141,13998,55975,0.01022050112284052,0.009972416719711436,True,max_tpr_with_empirical_fpr_le_target,0.0018036178452071508,0.0018036178452071508,0.001,4.931174716606046,102,14,14125,56451,0.0018036178452071508,0.000990169035999717,True,max_tpr_with_empirical_fpr_le_target,32,True,False,0.4231814629752851,0.4264808686606365,0.7146191385529387,DIABETES,GNB,dp,8.0,26
0.5018837432457579,0.00840039384200958,56553,14139,0.0962990469117465,0.0962990469117465,0.1,0.10670106056257589,5446,1413,12726,51107,0.0962990469117465,0.09993634627625717,True,max_tpr_with_empirical_fpr_le_target,0.009725390341803265,0.009725390341803265,0.01,1.2621766161904384,550,140,13999,56003,0.009725390341803265,0.00990169035999717,True,max_tpr_with_empirical_fpr_le_target,0.0006188884762965714,0.0006188884762965714,0.001,8.893139830609709,35,14,14125,56518,0.0006188884762965714,0.000990169035999717,True,max_tpr_with_empirical_fpr_le_target,32,True,False,0.36897859159259455,0.3716108481703431,0.7146191385529387,DIABETES,GNB,dp,8.0,27
0.5053924731613049,0.013089824251468096,56553,14139,0.10255866178628897,0.10255866178628897,0.1,0.12613943815046247,5800,1413,12726,50753,0.10255866178628897,0.09993634627625717,True,max_tpr_with_empirical_fpr_le_target,0.010415008929676587,0.010415008929676587,0.01,1.1406230094708882,589,140,13999,55964,0.010415008929676587,0.00990169035999717,True,max_tpr_with_empirical_fpr_le_target,0.0010432691457570775,0.0010432691457570775,0.001,3.675882275628876,59,14,14125,56494,0.0010432691457570775,0.000990169035999717,True,max_tpr_with_empirical_fpr_le_target,32,True,False,0.44214175955814866,0.4438695250368593,0.7146191385529387,DIABETES,GNB,dp,8.0,28
0.49846979725749285,0.0028770669727976594,56553,14139,0.09721853836224427,0.09721853836224427,0.1,0.11023494519486277,5498,1413,12726,51055,0.09721853836224427,0.09993634627625717,True,max_tpr_with_empirical_fpr_le_target,0.00976075539759164,0.00976075539759164,0.01,1.088970833283199,552,141,13998,56001,0.00976075539759164,0.009972416719711436,True,max_tpr_with_empirical_fpr_le_target,0.001220094424698955,0.001220094424698955,0.001,4.799523175321132,69,13,14126,56484,0.001220094424698955,0.0009194426762854516,True,max_tpr_with_empirical_fpr_le_target,32,True,False,0.44536282749844336,0.4474720544057087,0.7146191385529387,DIABETES,GNB,dp,8.0,29
0.499992259282382,0.006785824843722088,56553,14139,0.10243488409102966,0.10243488409102966,0.1,0.0821166848476158,5793,1413,12726,50760,0.10243488409102966,0.09993634627625717,True,max_tpr_with_empirical_fpr_le_target,0.0096723427581207,0.0096723427581207,0.01,1.0253483067926485,547,141,13998,56006,0.0096723427581207,0.009972416719711436,True,max_tpr_with_empirical_fpr_le_target,0.0009194914504977632,0.0009194914504977632,0.001,5.213404049598327,52,14,14125,56501,0.0009194914504977632,0.000990169035999717,True,max_tpr_with_empirical_fpr_le_target,32,True,False,0.27837408904118804,0.27947979924073635,0.7153264021500814,DIABETES,GNB,dp,10.0,0
0.5044120345806614,0.009461112900186697,56553,14139,0.10155075769632027,0.10155075769632027,0.1,0.06496627568696411,5743,1413,12726,50810,0.10155075769632027,0.09993634627625717,True,max_tpr_with_empirical_fpr_le_target,0.009247962088660196,0.009247962088660196,0.01,1.3025187160390126,523,141,13998,56030,0.009247962088660196,0.009972416719711436,True,max_tpr_with_empirical_fpr_le_target,0.0011493643131222039,0.0011493643131222039,0.001,4.203572525567945,65,14,14125,56488,0.0011493643131222039,0.000990169035999717,True,max_tpr_with_empirical_fpr_le_target,32,True,False,0.31300170116693377,0.31173400103383103,0.7153264021500814,DIABETES,GNB,dp,10.0,1
0.4982717983426139,0.0022303284212711327,56553,14139,0.09843863278694322,0.09843863278694322,0.1,0.06035922785746206,5567,1413,12726,50986,0.09843863278694322,0.09993634627625717,True,max_tpr_with_empirical_fpr_le_target,0.010061358371792832,0.010061358371792832,0.01,1.0012946908851905,569,141,13998,55984,0.010061358371792832,0.009972416719711436,True,max_tpr_with_empirical_fpr_le_target,0.0011847293689105794,0.0011847293689105794,0.001,3.181284513092181,67,13,14126,56486,0.0011847293689105794,0.0009194426762854516,True,max_tpr_with_empirical_fpr_le_target,32,True,False,0.3325986386801269,0.33113287176010203,0.7153264021500814,DIABETES,GNB,dp,10.0,2
0.49691454520510114,0.0022564188729953527,56553,14139,0.09935812423744099,0.09935812423744099,0.1,0.07039256353602441,5619,1413,12726,50934,0.09935812423744099,0.09993634627625717,True,max_tpr_with_empirical_fpr_le_target,0.009725390341803265,0.009725390341803265,0.01,0.9904832105086596,550,141,13998,56003,0.009725390341803265,0.009972416719711436,True,max_tpr_with_empirical_fpr_le_target,0.0009371739783919509,0.0009371739783919509,0.001,4.220066853934155,53,14,14125,56500,0.0009371739783919509,0.000990169035999717,True,max_tpr_with_empirical_fpr_le_target,32,True,False,0.3236542496294443,0.3248366902801621,0.7153264021500814,DIABETES,GNB,dp,10.0,3
0.5010732346461184,0.0070306226153138696,56553,14139,0.09813802981274203,0.09813802981274203,0.1,0.08455634323880923,5550,1413,12726,51003,0.09813802981274203,0.09993634627625717,True,max_tpr_with_empirical_fpr_le_target,0.009813802981274202,0.009813802981274202,0.01,1.238039926907293,555,141,13998,55998,0.009813802981274202,0.009972416719711436,True,max_tpr_with_empirical_fpr_le_target,0.0007603486994500734,0.0007603486994500734,0.001,4.296184350433493,43,14,14125,56510,0.0007603486994500734,0.000990169035999717,True,max_tpr_with_empirical_fpr_le_target,32,True,False,0.28240887502720163,0.2849491595673265,0.7153264021500814,DIABETES,GNB,dp,10.0,4
0.4983548833373555,0.0028947907711791565,56553,14139,0.09827949003589553,0.09827949003589553,0.1,0.055804957309598335,5558,1413,12726,50995,0.09827949003589553,0.09993634627625717,True,max_tpr_with_empirical_fpr_le_target,0.008222375470797304,0.008222375470797304,0.01,1.2906670393479027,465,140,13999,56088,0.008222375470797304,0.00990169035999717,True,max_tpr_with_empirical_fpr_le_target,0.001078634201545453,0.001078634201545453,0.001,3.5653024598433127,61,13,14126,56492,0.001078634201545453,0.0009194426762854516,True,max_tpr_with_empirical_fpr_le_target,32,True,False,0.31100365257468393,0.3095696758957356,0.7153264021500814,DIABETES,GNB,dp,10.0,5
0.4997998337592254,0.006592690218555741,56553,14139,0.0968648878043605,0.0968648878043605,0.1,0.08679733768011189,5478,1412,12727,51075,0.0968648878043605,0.0998656199165429,True,max_tpr_with_empirical_fpr_le_target,0.009424787367602072,0.009424787367602072,0.01,1.1149200845654574,533,141,13998,56020,0.009424787367602072,0.009972416719711436,True,max_tpr_with_empirical_fpr_le_target,0.0011139992573338284,0.0011139992573338284,0.001,4.805713574741406,63,14,14125,56490,0.0011139992573338284,0.000990169035999717,True,max_tpr_with_empirical_fpr_le_target,32,True,False,0.29922586642005305,0.297350126732799,0.7153264021500814,DIABETES,GNB,dp,10.0,6
0.49888843507610886,0.0051629079514043386,56553,14139,0.0976075539759164,0.0976075539759164,0.1,0.10541619019307824,5520,1413,12726,51033,0.0976075539759164,0.09993634627625717,True,max_tpr_with_empirical_fpr_le_target,0.009796120453380016,0.009796120453380016,0.01,1.5905821988670796,554,141,13998,55999,0.009796120453380016,0.009972416719711436,True,max_tpr_with_empirical_fpr_le_target,0.0008664438668151999,0.0008664438668151999,0.001,6.432509542244553,49,14,14125,56504,0.0008664438668151999,0.000990169035999717,True,max_tpr_with_empirical_fpr_le_target,32,True,False,0.28118773424322596,0.2791390898028829,0.7153264021500814,DIABETES,GNB,dp,10.0,7
0.5006962775184747,0.0064550493914124485,56553,14139,0.10441532721517868,0.10441532721517868,0.1,0.08704508243619025,5905,1413,12726,50648,0.10441532721517868,0.09993634627625717,True,max_tpr_with_empirical_fpr_le_target,0.010202818594946334,0.010202818594946334,0.01,1.3087758267536151,577,141,13998,55976,0.010202818594946334,0.009972416719711436,True,max_tpr_with_empirical_fpr_le_target,0.0012554594804873305,0.0012554594804873305,0.001,3.5627273813805367,71,14,14125,56482,0.0012554594804873305,0.000990169035999717,True,max_tpr_with_empirical_fpr_le_target,32,True,False,0.29132263073898906,0.2918908989589052,0.7153264021500814,DIABETES,GNB,dp,10.0,8
0.5014021479240144,0.0076273713510834895,56553,14139,0.0987569182890386,0.0987569182890386,0.1,0.056143892964470754,5585,1412,12727,50968,0.0987569182890386,0.0998656199165429,True,max_tpr_with_empirical_fpr_le_target,0.00921259703287182,0.00921259703287182,0.01,0.9480414578745164,521,141,13998,56032,0.00921259703287182,0.009972416719711436,True,max_tpr_with_empirical_fpr_le_target,0.001007904089968702,0.001007904089968702,0.001,6.04752730924154,57,14,14125,56496,0.001007904089968702,0.000990169035999717,True,max_tpr_with_empirical_fpr_le_target,32,True,False,0.29064138874350065,0.28379462756341955,0.7153264021500814,DIABETES,GNB,dp,10.0,9
0.5042214218323957,0.014609895089333136,56553,14139,0.1016391703357912,0.1016391703357912,0.1,0.10926695072675663,5748,1413,12726,50805,0.1016391703357912,0.09993634627625717,True,max_tpr_with_empirical_fpr_le_target,0.009619295174438137,0.009619295174438137,0.01,1.3738304648619741,544,140,13999,56009,0.009619295174438137,0.00990169035999717,True,max_tpr_with_empirical_fpr_le_target,0.0009194914504977632,0.0009194914504977632,0.001,4.302806999251231,52,13,14126,56501,0.0009194914504977632,0.0009194426762854516,True,max_tpr_with_empirical_fpr_le_target,32,True,False,0.2754288258247595,0.2783448263619216,0.7153264021500814,DIABETES,GNB,dp,10.0,10
0.4961309887349366,0.002986621357374375,56553,14139,0.1020635510052517,0.1020635510052517,0.1,0.11190844753088258,5772,1413,12726,50781,0.1020635510052517,0.09993634627625717,True,max_tpr_with_empirical_fpr_le_target,0.01022050112284052,0.01022050112284052,0.01,1.566078728461555,578,141,13998,55975,0.01022050112284052,0.009972416719711436,True,max_tpr_with_empirical_fpr_le_target,0.0012554594804873305,0.0012554594804873305,0.001,4.111097807308798,71,14,14125,56482,0.0012554594804873305,0.000990169035999717,True,max_tpr_with_empirical_fpr_le_target,32,True,False,0.28168814717792673,0.2817719915496054,0.7153264021500814,DIABETES,GNB,dp,10.0,11
0.5043862080099321,0.013989085659444012,56553,14139,0.10130320230580164,0.10130320230580164,0.1,0.07872051774045596,5729,1413,12726,50824,0.10130320230580164,0.09993634627625717,True,max_tpr_with_empirical_fpr_le_target,0.00983148550916839,0.00983148550916839,0.01,1.663631218932195,556,141,13998,55997,0.00983148550916839,0.009972416719711436,True,max_tpr_with_empirical_fpr_le_target,0.0011493643131222039,0.0011493643131222039,0.001,4.737438229104905,65,14,14125,56488,0.0011493643131222039,0.000990169035999717,True,max_tpr_with_empirical_fpr_le_target,32,True,False,0.2813727074484116,0.2804737103002757,0.7153264021500814,DIABETES,GNB,dp,10.0,12
0.5001654552596796,0.005702572099456904,56553,14139,0.10245256661892384,0.10245256661892384,0.1,0.04434679094371374,5794,1413,12726,50759,0.10245256661892384,0.09993634627625717,True,max_tpr_with_empirical_fpr_le_target,0.010839389599137092,0.010839389599137092,0.01,0.839816201934743,613,141,13998,55940,0.010839389599137092,0.009972416719711436,True,max_tpr_with_empirical_fpr_le_target,0.0006719360599791347,0.0006719360599791347,0.001,3.2804876522441395,38,13,14126,56515,0.0006719360599791347,0.0009194426762854516,True,max_tpr_with_empirical_fpr_le_target,32,True,False,0.3169985818467732,0.3146915837635093,0.7153264021500814,DIABETES,GNB,dp,10.0,13
0.5001428652956543,0.005148373236135484,56553,14139,0.09861545806588509,0.09861545806588509,0.1,0.07207185445280351,5577,1413,12726,50976,0.09861545806588509,0.09993634627625717,True,max_tpr_with_empirical_fpr_le_target,0.009000406698141566,0.009000406698141566,0.01,1.0548575669408702,509,141,13998,56044,0.009000406698141566,0.009972416719711436,True,max_tpr_with_empirical_fpr_le_target,0.0011139992573338284,0.0011139992573338284,0.001,3.10350643673325,63,14,14125,56490,0.0011139992573338284,0.000990169035999717,True,max_tpr_with_empirical_fpr_le_target,32,True,False,0.29729914171379046,0.29998593706323706,0.7153264021500814,DIABETES,GNB,dp,10.0,14
0.5077771375724695,0.018477277420767435,56553,14139,0.10169221791947376,0.10169221791947376,0.1,0.04880492726852781,5751,1413,12726,50802,0.10169221791947376,0.09993634627625717,True,max_tpr_with_empirical_fpr_le_target,0.010432691457570774,0.010432691457570774,0.01,0.8019581842448358,590,141,13998,55963,0.010432691457570774,0.009972416719711436,True,max_tpr_with_empirical_fpr_le_target,0.0012024118968047672,0.0012024118968047672,0.001,3.7261984067014406,68,14,14125,56485,0.0012024118968047672,0.000990169035999717,True,max_tpr_with_empirical_fpr_le_target,32,True,False,0.34045467278992986,0.34031521986355634,0.7153264021500814,DIABETES,GNB,dp,10.0,15
0.5021710346118606,0.008768023839514305,56553,14139,0.10033066327162131,0.10033066327162131,0.1,0.09618165197581896,5674,1413,12726,50879,0.10033066327162131,0.09993634627625717,True,max_tpr_with_empirical_fpr_le_target,0.009477834951284635,0.009477834951284635,0.01,1.133771847282404,536,141,13998,56017,0.009477834951284635,0.009972416719711436,True,max_tpr_with_empirical_fpr_le_target,0.0010609516736512653,0.0010609516736512653,0.001,4.069545784584299,60,14,14125,56493,0.0010609516736512653,0.000990169035999717,True,max_tpr_with_empirical_fpr_le_target,32,True,False,0.3007086197169165,0.3025432539715509,0.7153264021500814,DIABETES,GNB,dp,10.0,16
0.49912954976936075,0.00514921740519475,56553,14139,0.10027761568793875,0.10027761568793875,0.1,0.06978365500884343,5671,1413,12726,50882,0.10027761568793875,0.09993634627625717,True,max_tpr_with_empirical_fpr_le_target,0.010521104097041713,0.010521104097041713,0.01,0.700815468245833,595,140,13999,55958,0.010521104097041713,0.00990169035999717,True,max_tpr_with_empirical_fpr_le_target,0.001078634201545453,0.001078634201545453,0.001,2.9766635358561566,61,13,14126,56492,0.001078634201545453,0.0009194426762854516,True,max_tpr_with_empirical_fpr_le_target,32,True,False,0.3260295349974025,0.32822953472263194,0.7153264021500814,DIABETES,GNB,dp,10.0,17
0.4996127615185252,0.0037787633395266473,56553,14139,0.09957031457217123,0.09957031457217123,0.1,0.0624870258526371,5631,1413,12726,50922,0.09957031457217123,0.09993634627625717,True,max_tpr_with_empirical_fpr_le_target,0.011299135324385975,0.011299135324385975,0.01,0.9718150911786541,639,141,13998,55914,0.011299135324385975,0.009972416719711436,True,max_tpr_with_empirical_fpr_le_target,0.0007249836436616978,0.0007249836436616978,0.001,5.48713827945709,41,14,14125,56512,0.0007249836436616978,0.000990169035999717,True,max_tpr_with_empirical_fpr_le_target,32,True,False,0.2777627198790321,0.2753088238595738,0.7153264021500814,DIABETES,GNB,dp,10.0,18
0.5020438052031146,0.007533537270320967,56553,14139,0.10162148780789702,0.10162148780789702,0.1,0.09391688659745989,5747,1413,12726,50806,0.10162148780789702,0.09993634627625717,True,max_tpr_with_empirical_fpr_le_target,0.011723515993846481,0.011723515993846481,0.01,1.1756892331113225,663,141,13998,55890,0.011723515993846481,0.009972416719711436,True,max_tpr_with_empirical_fpr_le_target,0.0011316817852280161,0.0011316817852280161,0.001,5.877813830654665,64,14,14125,56489,0.0011316817852280161,0.000990169035999717,True,max_tpr_with_empirical_fpr_le_target,32,True,False,0.27406472616337035,0.2753489921162774,0.7153264021500814,DIABETES,GNB,dp,10.0,19
0.501178757029144,0.010480917897959463,56553,14139,0.10114405955475395,0.10114405955475395,0.1,0.06485592675915419,5720,1413,12726,50833,0.10114405955475395,0.09993634627625717,True,max_tpr_with_empirical_fpr_le_target,0.009513200007073012,0.009513200007073012,0.01,1.221194335140879,538,141,13998,56015,0.009513200007073012,0.009972416719711436,True,max_tpr_with_empirical_fpr_le_target,0.0009194914504977632,0.0009194914504977632,0.001,4.81018132842136,52,14,14125,56501,0.0009194914504977632,0.000990169035999717,True,max_tpr_with_empirical_fpr_le_target,32,True,False,0.35033515799520976,0.3498467914472342,0.7153264021500814,DIABETES,GNB,dp,10.0,20
0.5060836556505244,0.013069781802070468,56553,14139,0.10416777182466005,0.10416777182466005,0.1,0.07697882332565797,5891,1413,12726,50662,0.10416777182466005,0.09993634627625717,True,max_tpr_with_empirical_fpr_le_target,0.009460152423390447,0.009460152423390447,0.01,1.1846881491551011,535,140,13999,56018,0.009460152423390447,0.00990169035999717,True,max_tpr_with_empirical_fpr_le_target,0.001078634201545453,0.001078634201545453,0.001,3.758387209176316,61,14,14125,56492,0.001078634201545453,0.000990169035999717,True,max_tpr_with_empirical_fpr_le_target,32,True,False,0.2548146586805471,0.25373876249162847,0.7153264021500814,DIABETES,GNB,dp,10.0,21
0.5013140429372673,0.005880864356630683,56553,14139,0.10112637702685975,0.10112637702685975,0.1,0.08245771588257433,5719,1413,12726,50834,0.10112637702685975,0.09993634627625717,True,max_tpr_with_empirical_fpr_le_target,0.008858946474988064,0.008858946474988064,0.01,1.4710264343870985,501,141,13998,56052,0.008858946474988064,0.009972416719711436,True,max_tpr_with_empirical_fpr_le_target,0.0010963167294396406,0.0010963167294396406,0.001,5.536436740424708,62,14,14125,56491,0.0010963167294396406,0.000990169035999717,True,max_tpr_with_empirical_fpr_le_target,32,True,False,0.268851816685703,0.27040436879298757,0.7153264021500814,DIABETES,GNB,dp,10.0,22
0.5010220855048535,0.0056410903289069725,56553,14139,0.10220501122840521,0.10220501122840521,0.1,0.09070997711042728,5780,1413,12726,50773,0.10220501122840521,0.09993634627625717,True,max_tpr_with_empirical_fpr_le_target,0.010025993316004456,0.010025993316004456,0.01,1.1047146797962022,567,141,13998,55986,0.010025993316004456,0.009972416719711436,True,max_tpr_with_empirical_fpr_le_target,0.0008133962831326367,0.0008133962831326367,0.001,4.117534963224658,46,14,14125,56507,0.0008133962831326367,0.000990169035999717,True,max_tpr_with_empirical_fpr_le_target,32,True,False,0.308538888066891,0.30832381879073045,0.7153264021500814,DIABETES,GNB,dp,10.0,23
0.49677455321080033,0.0009074367163318386,56553,14139,0.09787279189432921,0.09787279189432921,0.1,0.08549112451638508,5535,1413,12726,51018,0.09787279189432921,0.09993634627625717,True,max_tpr_with_empirical_fpr_le_target,0.00864675614025781,0.00864675614025781,0.01,1.630690047704814,489,140,13999,56064,0.00864675614025781,0.00990169035999717,True,max_tpr_with_empirical_fpr_le_target,0.0009548565062861387,0.0009548565062861387,0.001,5.651884021985853,54,13,14126,56499,0.0009548565062861387,0.0009194426762854516,True,max_tpr_with_empirical_fpr_le_target,32,True,False,0.25242124032662067,0.25118373212433176,0.7153264021500814,DIABETES,GNB,dp,10.0,24
0.5008602714277162,0.005736766574149871,56553,14139,0.10199282089367497,0.10199282089367497,0.1,0.07001319554153507,5768,1413,12726,50785,0.10199282089367497,0.09993634627625717,True,max_tpr_with_empirical_fpr_le_target,0.009035771753929943,0.009035771753929943,0.01,1.3388864447867304,511,141,13998,56042,0.009035771753929943,0.009972416719711436,True,max_tpr_with_empirical_fpr_le_target,0.0008841263947093876,0.0008841263947093876,0.001,5.137758729985105,50,14,14125,56503,0.0008841263947093876,0.000990169035999717,True,max_tpr_with_empirical_fpr_le_target,32,True,False,0.2724457915759377,0.2732306347783187,0.7153264021500814,DIABETES,GNB,dp,10.0,25
0.4951991173888575,0.002464444640366714,56553,14139,0.10132088483369582,0.10132088483369582,0.1,0.06689270302263595,5730,1413,12726,50823,0.10132088483369582,0.09993634627625717,True,max_tpr_with_empirical_fpr_le_target,0.00944246989549626,0.00944246989549626,0.01,0.9224099776768131,534,141,13998,56019,0.00944246989549626,0.009972416719711436,True,max_tpr_with_empirical_fpr_le_target,0.0013085070641698938,0.0013085070641698938,0.001,2.584333903013497,74,14,14125,56479,0.0013085070641698938,0.000990169035999717,True,max_tpr_with_empirical_fpr_le_target,32,True,False,0.3475198927333373,0.34993396931963083,0.7153264021500814,DIABETES,GNB,dp,10.0,26
0.4991792131730813,0.004134109739253877,56553,14139,0.09987091754637242,0.09987091754637242,0.1,0.07263505549115712,5648,1413,12726,50905,0.09987091754637242,0.09993634627625717,True,max_tpr_with_empirical_fpr_le_target,0.009247962088660196,0.009247962088660196,0.01,1.2544788573573822,523,140,13999,56030,0.009247962088660196,0.00990169035999717,True,max_tpr_with_empirical_fpr_le_target,0.0008841263947093876,0.0008841263947093876,0.001,6.413062818861867,50,14,14125,56503,0.0008841263947093876,0.000990169035999717,True,max_tpr_with_empirical_fpr_le_target,32,True,False,0.31068445848290904,0.31282199881109585,0.7153264021500814,DIABETES,GNB,dp,10.0,27
0.5045697278621688,0.010310921008741203,56553,14139,0.10307145509522041,0.10307145509522041,0.1,0.0836928518982143,5829,1413,12726,50724,0.10307145509522041,0.09993634627625717,True,max_tpr_with_empirical_fpr_le_target,0.00921259703287182,0.00921259703287182,0.01,1.1522363377647522,521,141,13998,56032,0.00921259703287182,0.009972416719711436,True,max_tpr_with_empirical_fpr_le_target,0.0005481583647198203,0.0005481583647198203,0.001,6.528830749780315,31,14,14125,56522,0.0005481583647198203,0.000990169035999717,True,max_tpr_with_empirical_fpr_le_target,32,True,False,0.34122495748960247,0.3420819755008227,0.7153264021500814,DIABETES,GNB,dp,10.0,28
0.49832071575101045,0.00436667268728036,56553,14139,0.09916361643060492,0.09916361643060492,0.1,0.0706373997571299,5608,1413,12726,50945,0.09916361643060492,0.09993634627625717,True,max_tpr_with_empirical_fpr_le_target,0.008929676586564815,0.008929676586564815,0.01,0.7317241622245511,505,141,13998,56048,0.008929676586564815,0.009972416719711436,True,max_tpr_with_empirical_fpr_le_target,0.001078634201545453,0.001078634201545453,0.001,3.292339337319574,61,14,14125,56492,0.001078634201545453,0.000990169035999717,True,max_tpr_with_empirical_fpr_le_target,32,True,False,0.3580258119442889,0.3586766167064862,0.7153264021500814,DIABETES,GNB,dp,10.0,29
0.5481151795319914,0.0655042136060775,56553,14139,0.14041695400774495,0.14041695400774495,0.1,0.3019242689661652,7941,1413,12726,48612,0.14041695400774495,0.09993634627625717,True,max_tpr_with_empirical_fpr_le_target,0.02077697027567061,0.02077697027567061,0.01,1.7684187782644865,1175,140,13999,55378,0.02077697027567061,0.00990169035999717,True,max_tpr_with_empirical_fpr_le_target,0.0044029494456527506,0.0044029494456527506,0.001,4.440268438218371,249,13,14126,56304,0.0044029494456527506,0.0009194426762854516,True,max_tpr_with_empirical_fpr_le_target,32,True,False,0.2112550592288283,0.2175522188669575,0.7475776221797864,DIABETES,SVM,standard,,0
0.5480040568688956,0.06222133017939768,56553,14139,0.1370572737078493,0.1370572737078493,0.1,0.306428693389696,7751,1412,12727,48802,0.1370572737078493,0.0998656199165429,True,max_tpr_with_empirical_fpr_le_target,0.020264176966739166,0.020264176966739166,0.01,1.7433720973527422,1146,141,13998,55407,0.020264176966739166,0.009972416719711436,True,max_tpr_with_empirical_fpr_le_target,0.004438314501441126,0.004438314501441126,0.001,4.184861391774742,251,14,14125,56302,0.004438314501441126,0.000990169035999717,True,max_tpr_with_empirical_fpr_le_target,32,True,False,0.21558979421765426,0.22242042458380806,0.7475776221797864,DIABETES,SVM,standard,,1
0.5458483867592235,0.05946693410242615,56553,14139,0.14172546107191483,0.14172546107191483,0.1,0.3047731054976087,8015,1413,12726,48538,0.14172546107191483,0.09993634627625717,True,max_tpr_with_empirical_fpr_le_target,0.02312874648559758,0.02312874648559758,0.01,1.6171918779235774,1308,141,13998,55245,0.02312874648559758,0.009972416719711436,True,max_tpr_with_empirical_fpr_le_target,0.004650504836171379,0.004650504836171379,0.001,4.178757214324234,263,14,14125,56290,0.004650504836171379,0.000990169035999717,True,max_tpr_with_empirical_fpr_le_target,32,True,False,0.21429913601813577,0.22131950462857186,0.7475776221797864,DIABETES,SVM,standard,,2
0.5495994801129196,0.06784242683311947,56553,14139,0.13834809824412497,0.13834809824412497,0.1,0.3091176995363101,7824,1413,12726,48729,0.13834809824412497,0.09993634627625717,True,max_tpr_with_empirical_fpr_le_target,0.02360617473874065,0.02360617473874065,0.01,1.6344610546888723,1335,141,13998,55218,0.02360617473874065,0.009972416719711436,True,max_tpr_with_empirical_fpr_le_target,0.005145615617208636,0.005145615617208636,0.001,3.921760306724347,291,14,14125,56262,0.005145615617208636,0.000990169035999717,True,max_tpr_with_empirical_fpr_le_target,32,True,False,0.21209322344879095,0.21831352660493647,0.7475776221797864,DIABETES,SVM,standard,,3
0.5495931119516608,0.0650212813706682,56553,14139,0.14018708114512052,0.14018708114512052,0.1,0.29584161644206797,7928,1413,12726,48625,0.14018708114512052,0.09993634627625717,True,max_tpr_with_empirical_fpr_le_target,0.019008717486251835,0.019008717486251835,0.01,1.778378175902446,1075,141,13998,55478,0.019008717486251835,0.009972416719711436,True,max_tpr_with_empirical_fpr_le_target,0.004102346471451559,0.004102346471451559,0.001,4.161131788383888,232,13,14126,56321,0.004102346471451559,0.0009194426762854516,True,max_tpr_with_empirical_fpr_le_target,32,True,False,0.21950704903261065,0.22599637537151215,0.7475776221797864,DIABETES,SVM,standard,,4
0.50320443510866,0.009193004806972493,56553,14139,0.09903983873534561,0.09903983873534561,0.1,0.23547123741203058,5601,1412,12727,50952,0.09903983873534561,0.0998656199165429,True,max_tpr_with_empirical_fpr_le_target,0.008664438668151999,0.008664438668151999,0.01,0.9864667500858042,490,141,13998,56063,0.008664438668151999,0.009972416719711436,True,max_tpr_with_empirical_fpr_le_target,0.0009902215620745142,0.0009902215620745142,0.001,2.0176875979851925,56,14,14125,56497,0.0009902215620745142,0.000990169035999717,True,max_tpr_with_empirical_fpr_le_target,32,True,False,0.17220957261981784,0.17243088567265374,0.727208430582078,DIABETES,SVM,dp,0.1,0
0.5051765090782248,0.011219730906742775,56553,14139,0.10185136067052146,0.10185136067052146,0.1,0.22356799884952927,5760,1413,12726,50793,0.10185136067052146,0.09993634627625717,True,max_tpr_with_empirical_fpr_le_target,0.009884533092850954,0.009884533092850954,0.01,0.9080822980703611,559,141,13998,55994,0.009884533092850954,0.009972416719711436,True,max_tpr_with_empirical_fpr_le_target,0.0013438721199582693,0.0013438721199582693,0.001,1.746054600738074,76,14,14125,56477,0.0013438721199582693,0.000990169035999717,True,max_tpr_with_empirical_fpr_le_target,32,True,False,0.1726428003476872,0.172735854700131,0.727208430582078,DIABETES,SVM,dp,0.1,1
0.4987769885022186,0.005566469535932761,56553,14139,0.09757218892012802,0.09757218892012802,0.1,0.241504753003289,5518,1413,12726,51035,0.09757218892012802,0.09993634627625717,True,max_tpr_with_empirical_fpr_le_target,0.008770533835517125,0.008770533835517125,0.01,0.9825413715973841,496,141,13998,56057,0.008770533835517125,0.009972416719711436,True,max_tpr_with_empirical_fpr_le_target,0.001290824536275706,0.001290824536275706,0.001,1.7896203734056733,73,14,14125,56480,0.001290824536275706,0.000990169035999717,True,max_tpr_with_empirical_fpr_le_target,32,True,False,0.17143478186843508,0.171343173299033,0.727208430582078,DIABETES,SVM,dp,0.1,2
0.5007019290739987,0.0062501414217666085,56553,14139,0.09585698371439182,0.09585698371439182,0.1,0.21925827237173479,5421,1413,12726,51132,0.09585698371439182,0.09993634627625717,True,max_tpr_with_empirical_fpr_le_target,0.008151645359220553,0.008151645359220553,0.01,0.8867118176134627,461,140,13999,56092,0.008151645359220553,0.00990169035999717,True,max_tpr_with_empirical_fpr_le_target,0.0008133962831326367,0.0008133962831326367,0.001,1.8087991754293358,46,13,14126,56507,0.0008133962831326367,0.0009194426762854516,True,max_tpr_with_empirical_fpr_le_target,32,True,False,0.16948634886526606,0.16961948101618207,0.727208430582078,DIABETES,SVM,dp,0.1,3
0.5025634581672904,0.007604845168720509,56553,14139,0.09980018743479568,0.09980018743479568,0.1,0.20107081491887258,5644,1413,12726,50909,0.09980018743479568,0.09993634627625717,True,max_tpr_with_empirical_fpr_le_target,0.008275423054479869,0.008275423054479869,0.01,0.8394181474754292,468,141,13998,56085,0.008275423054479869,0.009972416719711436,True,max_tpr_with_empirical_fpr_le_target,0.0007249836436616978,0.0007249836436616978,0.001,1.6499214703306317,41,14,14125,56512,0.0007249836436616978,0.000990169035999717,True,max_tpr_with_empirical_fpr_le_target,32,True,False,0.18698092304187053,0.18715617109635735,0.727208430582078,DIABETES,SVM,dp,0.1,4
0.5025748613280047,0.008900337021928162,56553,14139,0.09916361643060492,0.09916361643060492,0.1,0.23281793771437687,5608,1413,12726,50945,0.09916361643060492,0.09993634627625717,True,max_tpr_with_empirical_fpr_le_target,0.009477834951284635,0.009477834951284635,0.01,0.9362714349477685,536,141,13998,56017,0.009477834951284635,0.009972416719711436,True,max_tpr_with_empirical_fpr_le_target,0.0007603486994500734,0.0007603486994500734,0.001,2.0423394707678675,43,14,14125,56510,0.0007603486994500734,0.000990169035999717,True,max_tpr_with_empirical_fpr_le_target,32,True,False,0.08755932275220248,0.08766205701564819,0.7266426197043638,DIABETES,SVM,dp,0.2,0
0.5046122039479881,0.010040291663936718,56553,14139,0.10156844022421445,0.10156844022421445,0.1,0.21582147560463838,5744,1413,12726,50809,0.10156844022421445,0.09993634627625717,True,max_tpr_with_empirical_fpr_le_target,0.009813802981274202,0.009813802981274202,0.01,0.8706350940676044,555,141,13998,55998,0.009813802981274202,0.009972416719711436,True,max_tpr_with_empirical_fpr_le_target,0.001220094424698955,0.001220094424698955,0.001,1.651735495558039,69,14,14125,56484,0.001220094424698955,0.000990169035999717,True,max_tpr_with_empirical_fpr_le_target,32,True,False,0.08919922583184432,0.0892746486775233,0.7266426197043638,DIABETES,SVM,dp,0.2,1
0.49853109018429775,0.0062516309111733115,56553,14139,0.0978904744222234,0.0978904744222234,0.1,0.2496147307391241,5536,1412,12727,51017,0.0978904744222234,0.0998656199165429,True,max_tpr_with_empirical_fpr_le_target,0.008841263947093876,0.008841263947093876,0.01,0.9910704396191714,500,141,13998,56053,0.008841263947093876,0.009972416719711436,True,max_tpr_with_empirical_fpr_le_target,0.0011139992573338284,0.0011139992573338284,0.001,1.852059878504205,63,14,14125,56490,0.0011139992573338284,0.000990169035999717,True,max_tpr_with_empirical_fpr_le_target,32,True,False,0.08604664778142322,0.08598375189403577,0.7266426197043638,DIABETES,SVM,dp,0.2,2
0.5002892292030764,0.004961286613295757,56553,14139,0.09599844393754531,0.09599844393754531,0.1,0.21913745341646762,5429,1412,12727,51124,0.09599844393754531,0.0998656199165429,True,max_tpr_with_empirical_fpr_le_target,0.00818701041500893,0.00818701041500893,0.01,0.8889814823854405,463,140,13999,56090,0.00818701041500893,0.00990169035999717,True,max_tpr_with_empirical_fpr_le_target,0.0006896185878733224,0.0006896185878733224,0.001,1.7437544947130923,39,14,14125,56514,0.0006896185878733224,0.000990169035999717,True,max_tpr_with_empirical_fpr_le_target,32,True,False,0.08524497621507007,0.08532350720437495,0.7266426197043638,DIABETES,SVM,dp,0.2,3
0.5034880146321437,0.007870105598308197,56553,14139,0.10057821866213994,0.10057821866213994,0.1,0.19849634819831352,5688,1413,12726,50865,0.10057821866213994,0.09993634627625717,True,max_tpr_with_empirical_fpr_le_target,0.008788216363411313,0.008788216363411313,0.01,0.7970055184197253,497,141,13998,56056,0.008788216363411313,0.009972416719711436,True,max_tpr_with_empirical_fpr_le_target,0.0006012059484023836,0.0006012059484023836,0.001,1.6842989839946834,34,14,14125,56519,0.0006012059484023836,0.000990169035999717,True,max_tpr_with_empirical_fpr_le_target,32,True,False,0.09528356632503113,0.09538413056861722,0.7266426197043638,DIABETES,SVM,dp,0.2,4
0.5022139271544158,0.010004543918174846,56553,14139,0.09919898148639329,0.09919898148639329,0.1,0.21873762549374964,5610,1413,12726,50943,0.09919898148639329,0.09993634627625717,True,max_tpr_with_empirical_fpr_le_target,0.010008310788110267,0.010008310788110267,0.01,0.8253582536563449,566,141,13998,55987,0.010008310788110267,0.009972416719711436,True,max_tpr_with_empirical_fpr_le_target,0.0006012059484023836,0.0006012059484023836,0.001,1.928127718700038,34,14,14125,56519,0.0006012059484023836,0.000990169035999717,True,max_tpr_with_empirical_fpr_le_target,32,True,False,0.051549020196180705,0.051589658415922605,0.7263597142655067,DIABETES,SVM,dp,0.4,0
0.5026599248048969,0.0078117303698962415,56553,14139,0.10425618446413099,0.10425618446413099,0.1,0.1986078768875177,5896,1413,12726,50657,0.10425618446413099,0.09993634627625717,True,max_tpr_with_empirical_fpr_le_target,0.0096723427581207,0.0096723427581207,0.01,0.7643948993518423,547,141,13998,56006,0.0096723427581207,0.009972416719711436,True,max_tpr_with_empirical_fpr_le_target,0.0006896185878733224,0.0006896185878733224,0.001,1.5075136766388413,39,14,14125,56514,0.0006896185878733224,0.000990169035999717,True,max_tpr_with_empirical_fpr_le_target,32,True,False,0.05281025695371049,0.05288566940815584,0.7263597142655067,DIABETES,SVM,dp,0.4,1
0.4998842219008702,0.0069937680701187555,56553,14139,0.09900447367955723,0.09900447367955723,0.1,0.24690744871636294,5599,1413,12726,50954,0.09900447367955723,0.09993634627625717,True,max_tpr_with_empirical_fpr_le_target,0.008469930861315934,0.008469930861315934,0.01,0.9480661631020242,479,138,14001,56074,0.008469930861315934,0.00976023764056864,True,max_tpr_with_empirical_fpr_le_target,0.0009902215620745142,0.0009902215620745142,0.001,1.7366802152947405,56,14,14125,56497,0.0009902215620745142,0.000990169035999717,True,max_tpr_with_empirical_fpr_le_target,32,True,False,0.04899855317866903,0.04894863493052252,0.7263597142655067,DIABETES,SVM,dp,0.4,2
0.5010980369583893,0.006650847838943541,56553,14139,0.09447774653864517,0.09447774653864517,0.1,0.21293166456835122,5343,1413,12726,51210,0.09447774653864517,0.09993634627625717,True,max_tpr_with_empirical_fpr_le_target,0.010061358371792832,0.010061358371792832,0.01,0.7685984838968403,569,141,13998,55984,0.010061358371792832,0.009972416719711436,True,max_tpr_with_empirical_fpr_le_target,0.0009371739783919509,0.0009371739783919509,0.001,1.5033061189076269,53,13,14126,56500,0.0009371739783919509,0.0009194426762854516,True,max_tpr_with_empirical_fpr_le_target,32,True,False,0.048974295231368446,0.0490170397299989,0.7263597142655067,DIABETES,SVM,dp,0.4,3
0.5052700204988134,0.012373229772323913,56553,14139,0.10243488409102966,0.10243488409102966,0.1,0.18800587297676685,5793,1413,12726,50760,0.10243488409102966,0.09993634627625717,True,max_tpr_with_empirical_fpr_le_target,0.010291231234417272,0.010291231234417272,0.01,0.6888431232067345,582,141,13998,55971,0.010291231234417272,0.009972416719711436,True,max_tpr_with_empirical_fpr_le_target,0.0006365710041907591,0.0006365710041907591,0.001,1.4900983262887517,36,14,14125,56517,0.0006365710041907591,0.000990169035999717,True,max_tpr_with_empirical_fpr_le_target,32,True,False,0.055297910949016094,0.05537717820988077,0.7263597142655067,DIABETES,SVM,dp,0.4,4
0.5019845357808104,0.010028627123469303,56553,14139,0.09822644245221297,0.09822644245221297,0.1,0.1945629965371185,5555,1413,12726,50998,0.09822644245221297,0.09993634627625717,True,max_tpr_with_empirical_fpr_le_target,0.010114405955475395,0.010114405955475395,0.01,0.6852870249375038,572,141,13998,55981,0.010114405955475395,0.009972416719711436,True,max_tpr_with_empirical_fpr_le_target,0.0007249836436616978,0.0007249836436616978,0.001,1.3503355521801663,41,14,14125,56512,0.0007249836436616978,0.000990169035999717,True,max_tpr_with_empirical_fpr_le_target,32,True,False,0.03853853180915948,0.0385468227761347,0.7260060824669354,DIABETES,SVM,dp,0.8,0
0.5027898455496658,0.00807630796051162,56553,14139,0.09946421940480611,0.09946421940480611,0.1,0.1914958311656274,5625,1413,12726,50928,0.09946421940480611,0.09993634627625717,True,max_tpr_with_empirical_fpr_le_target,0.008982724170247378,0.008982724170247378,0.01,0.6552730247173268,508,140,13999,56045,0.008982724170247378,0.00990169035999717,True,max_tpr_with_empirical_fpr_le_target,0.0009194914504977632,0.0009194914504977632,0.001,1.2209525580396878,52,13,14126,56501,0.0009194914504977632,0.0009194426762854516,True,max_tpr_with_empirical_fpr_le_target,32,True,False,0.03872604510987094,0.03880715271302735,0.7260060824669354,DIABETES,SVM,dp,0.8,1
0.5029751250254084,0.009844947191766429,56553,14139,0.09944653687691192,0.09944653687691192,0.1,0.23729652789839495,5624,1412,12727,50929,0.09944653687691192,0.0998656199165429,True,max_tpr_with_empirical_fpr_le_target,0.010114405955475395,0.010114405955475395,0.01,0.8078641884504445,572,141,13998,55981,0.010114405955475395,0.009972416719711436,True,max_tpr_with_empirical_fpr_le_target,0.0008487613389210122,0.0008487613389210122,0.001,1.6021955964052874,48,14,14125,56505,0.0008487613389210122,0.000990169035999717,True,max_tpr_with_empirical_fpr_le_target,32,True,False,0.035182051977933136,0.035139627624321115,0.7260060824669354,DIABETES,SVM,dp,0.8,2
0.5008567922005712,0.007049329401666582,56553,14139,0.09642282460700581,0.09642282460700581,0.1,0.1954905221442238,5453,1413,12726,51100,0.09642282460700581,0.09993634627625717,True,max_tpr_with_empirical_fpr_le_target,0.009477834951284635,0.009477834951284635,0.01,0.6828125457309864,536,141,13998,56017,0.009477834951284635,0.009972416719711436,True,max_tpr_with_empirical_fpr_le_target,0.0012731420083815182,0.0012731420083815182,0.001,1.236798059340824,72,14,14125,56481,0.0012731420083815182,0.000990169035999717,True,max_tpr_with_empirical_fpr_le_target,32,True,False,0.0357339085391255,0.03575231741792056,0.7260060824669354,DIABETES,SVM,dp,0.8,3
0.5062201033853972,0.011311351388638702,56553,14139,0.10374339115519955,0.10374339115519955,0.1,0.17508605316325143,5867,1413,12726,50686,0.10374339115519955,0.09993634627625717,True,max_tpr_with_empirical_fpr_le_target,0.010344278818099836,0.010344278818099836,0.01,0.5861051634179815,585,141,13998,55968,0.010344278818099836,0.009972416719711436,True,max_tpr_with_empirical_fpr_le_target,0.0007073011157675101,0.0007073011157675101,0.001,1.207783849817857,40,14,14125,56513,0.0007073011157675101,0.000990169035999717,True,max_tpr_with_empirical_fpr_le_target,32,True,False,0.0399992656834195,0.04008126482478324,0.7260060824669354,DIABETES,SVM,dp,0.8,4
0.5023716316915107,0.008984228667104133,56553,14139,0.09967640973953637,0.09967640973953637,0.1,0.18575794798257217,5637,1412,12727,50916,0.09967640973953637,0.0998656199165429,True,max_tpr_with_empirical_fpr_le_target,0.009849168037062579,0.009849168037062579,0.01,0.6488359639047139,557,141,13998,55996,0.009849168037062579,0.009972416719711436,True,max_tpr_with_empirical_fpr_le_target,0.0008133962831326367,0.0008133962831326367,0.001,1.2283558624498996,46,14,14125,56507,0.0008133962831326367,0.000990169035999717,True,max_tpr_with_empirical_fpr_le_target,32,True,False,0.036771230208775985,0.03677374911039801,0.7260768088266497,DIABETES,SVM,dp,1.0,0
0.5024195104593091,0.010038243147019732,56553,14139,0.09907520379113398,0.09907520379113398,0.1,0.18950484938767698,5603,1412,12727,50950,0.09907520379113398,0.0998656199165429,True,max_tpr_with_empirical_fpr_le_target,0.009035771753929943,0.009035771753929943,0.01,0.6351256466079906,511,141,13998,56042,0.009035771753929943,0.009972416719711436,True,max_tpr_with_empirical_fpr_le_target,0.0008841263947093876,0.0008841263947093876,0.001,1.1840162089901773,50,14,14125,56503,0.0008841263947093876,0.000990169035999717,True,max_tpr_with_empirical_fpr_le_target,32,True,False,0.03661139738083918,0.03669377528176354,0.7260768088266497,DIABETES,SVM,dp,1.0,1
0.5038510986229368,0.012159088469101187,56553,14139,0.09799656958958852,0.09799656958958852,0.1,0.23385021960168517,5542,1413,12726,51011,0.09799656958958852,0.09993634627625717,True,max_tpr_with_empirical_fpr_le_target,0.010061358371792832,0.010061358371792832,0.01,0.7842447740848599,569,141,13998,55984,0.010061358371792832,0.009972416719711436,True,max_tpr_with_empirical_fpr_le_target,0.0009018089226035754,0.0009018089226035754,0.001,1.5596036205147366,51,14,14125,56502,0.0009018089226035754,0.000990169035999717,True,max_tpr_with_empirical_fpr_le_target,32,True,False,0.033274624615616595,0.03323429435983762,0.7260768088266497,DIABETES,SVM,dp,1.0,2
0.5011073665897698,0.0056085541774327785,56553,14139,0.09631672943964069,0.09631672943964069,0.1,0.19218385595549758,5447,1413,12726,51106,0.09631672943964069,0.09993634627625717,True,max_tpr_with_empirical_fpr_le_target,0.009548565062861386,0.009548565062861386,0.01,0.6653822275313459,540,141,13998,56013,0.009548565062861386,0.009972416719711436,True,max_tpr_with_empirical_fpr_le_target,0.001432284759429208,0.001432284759429208,0.001,1.1535512040648688,81,14,14125,56472,0.001432284759429208,0.000990169035999717,True,max_tpr_with_empirical_fpr_le_target,32,True,False,0.03394595486409815,0.03395899795054738,0.7260768088266497,DIABETES,SVM,dp,1.0,3
0.5061098011295649,0.011254510671983353,56553,14139,0.10466288260569731,0.10466288260569731,0.1,0.17240071618563757,5919,1412,12727,50634,0.10466288260569731,0.0998656199165429,True,max_tpr_with_empirical_fpr_le_target,0.010008310788110267,0.010008310788110267,0.01,0.5615934315055044,566,140,13999,55987,0.010008310788110267,0.00990169035999717,True,max_tpr_with_empirical_fpr_le_target,0.0008310788110268244,0.0008310788110268244,0.001,1.149878565629793,47,14,14125,56506,0.0008310788110268244,0.000990169035999717,True,max_tpr_with_empirical_fpr_le_target,32,True,False,0.03777434002037551,0.037858285426217206,0.7260768088266497,DIABETES,SVM,dp,1.0,4
0.5029321336838077,0.008782588569683059,56553,14139,0.09964104468374799,0.09964104468374799,0.1,0.17292911980104453,5635,1412,12727,50918,0.09964104468374799,0.0998656199165429,True,max_tpr_with_empirical_fpr_le_target,0.010415008929676587,0.010415008929676587,0.01,0.57230941928441,589,141,13998,55964,0.010415008929676587,0.009972416719711436,True,max_tpr_with_empirical_fpr_le_target,0.0011493643131222039,0.0011493643131222039,0.001,1.0210096058619125,65,14,14125,56488,0.0011493643131222039,0.000990169035999717,True,max_tpr_with_empirical_fpr_le_target,32,True,False,0.03441469871113026,0.034407893634298754,0.7257939033877926,DIABETES,SVM,dp,2.0,0
0.501886937331354,0.008396645731386543,56553,14139,0.09764291903170477,0.09764291903170477,0.1,0.18859156401289567,5522,1413,12726,51031,0.09764291903170477,0.09993634627625717,True,max_tpr_with_empirical_fpr_le_target,0.010733294431771966,0.010733294431771966,0.01,0.5966990010921926,607,141,13998,55946,0.010733294431771966,0.009972416719711436,True,max_tpr_with_empirical_fpr_le_target,0.0011493643131222039,0.0011493643131222039,0.001,1.077395240297312,65,14,14125,56488,0.0011493643131222039,0.000990169035999717,True,max_tpr_with_empirical_fpr_le_target,32,True,False,0.03343430033321434,0.033518189435744326,0.7257939033877926,DIABETES,SVM,dp,2.0,1
0.5041415840746355,0.012250904047846456,56553,14139,0.09879228334482698,0.09879228334482698,0.1,0.21947183031365203,5587,1412,12727,50966,0.09879228334482698,0.0998656199165429,True,max_tpr_with_empirical_fpr_le_target,0.010255866178628897,0.010255866178628897,0.01,0.7312487507811216,580,140,13999,55973,0.010255866178628897,0.00990169035999717,True,max_tpr_with_empirical_fpr_le_target,0.001432284759429208,0.001432284759429208,0.001,1.3080077289111975,81,14,14125,56472,0.001432284759429208,0.000990169035999717,True,max_tpr_with_empirical_fpr_le_target,32,True,False,0.03077444503292866,0.030739133738245064,0.7257939033877926,DIABETES,SVM,dp,2.0,2
0.5025773900833199,0.006468803719284266,56553,14139,0.09766060155959896,0.09766060155959896,0.1,0.18406699993130626,5523,1413,12726,51030,0.09766060155959896,0.09993634627625717,True,max_tpr_with_empirical_fpr_le_target,0.009389422311813696,0.009389422311813696,0.01,0.6149338737299126,531,140,13999,56022,0.009389422311813696,0.00990169035999717,True,max_tpr_with_empirical_fpr_le_target,0.0013969197036408324,0.0013969197036408324,0.001,1.1150280109648434,79,12,14127,56474,0.0013969197036408324,0.000848716316571186,True,max_tpr_with_empirical_fpr_le_target,32,True,False,0.0316605480066879,0.03166273120134992,0.7257939033877926,DIABETES,SVM,dp,2.0,3
0.5060286383390369,0.012171049406704992,56553,14139,0.10724453167824873,0.10724453167824873,0.1,0.16782010977693318,6065,1413,12726,50488,0.10724453167824873,0.09993634627625717,True,max_tpr_with_empirical_fpr_le_target,0.009654660230226514,0.009654660230226514,0.01,0.5386953761073157,546,141,13998,56007,0.009654660230226514,0.009972416719711436,True,max_tpr_with_empirical_fpr_le_target,0.0012024118968047672,0.0012024118968047672,0.001,0.9805199692952411,68,14,14125,56485,0.0012024118968047672,0.000990169035999717,True,max_tpr_with_empirical_fpr_le_target,32,True,False,0.034575230544169916,0.034664149303695095,0.7257939033877926,DIABETES,SVM,dp,2.0,4
0.5029643146589668,0.010708836040228875,56553,14139,0.09911056884692236,0.09911056884692236,0.1,0.17011849164958592,5605,1413,12726,50948,0.09911056884692236,0.09993634627625717,True,max_tpr_with_empirical_fpr_le_target,0.010556469152830088,0.010556469152830088,0.01,0.5502774328805873,597,141,13998,55956,0.010556469152830088,0.009972416719711436,True,max_tpr_with_empirical_fpr_le_target,0.0012024118968047672,0.0012024118968047672,0.001,0.9710125093158235,68,14,14125,56485,0.0012024118968047672,0.000990169035999717,True,max_tpr_with_empirical_fpr_le_target,32,True,False,0.03390229783003834,0.03389241000161085,0.7256524506683641,DIABETES,SVM,dp,4.0,0
0.5015761142837423,0.008594725311308782,56553,14139,0.09801425211748271,0.09801425211748271,0.1,0.18989888563215596,5543,1413,12726,51010,0.09801425211748271,0.09993634627625717,True,max_tpr_with_empirical_fpr_le_target,0.009743072869697451,0.009743072869697451,0.01,0.6221003170065398,551,141,13998,56002,0.009743072869697451,0.009972416719711436,True,max_tpr_with_empirical_fpr_le_target,0.0009902215620745142,0.0009902215620745142,0.001,1.1120995975782124,56,14,14125,56497,0.0009902215620745142,0.000990169035999717,True,max_tpr_with_empirical_fpr_le_target,32,True,False,0.03247030536990652,0.03255396669891006,0.7256524506683641,DIABETES,SVM,dp,4.0,1
0.5050701750422814,0.013260631542983181,56553,14139,0.09974713985111311,0.09974713985111311,0.1,0.21097590679881284,5641,1412,12727,50912,0.09974713985111311,0.0998656199165429,True,max_tpr_with_empirical_fpr_le_target,0.011193040157020847,0.011193040157020847,0.01,0.6832689658703701,633,141,13998,55920,0.011193040157020847,0.009972416719711436,True,max_tpr_with_empirical_fpr_le_target,0.001715205205736212,0.001715205205736212,0.001,1.1807240895493685,97,14,14125,56456,0.001715205205736212,0.000990169035999717,True,max_tpr_with_empirical_fpr_le_target,32,True,False,0.03027306473098388,0.030240808125700663,0.7256524506683641,DIABETES,SVM,dp,4.0,2
0.5035908544334922,0.009746948543644995,56553,14139,0.09727158594592683,0.09727158594592683,0.1,0.18198279763672298,5501,1411,12728,51052,0.09727158594592683,0.09979489355682863,True,max_tpr_with_empirical_fpr_le_target,0.009318692200236945,0.009318692200236945,0.01,0.5995355523971693,527,140,13999,56026,0.009318692200236945,0.00990169035999717,True,max_tpr_with_empirical_fpr_le_target,0.0013261895920640815,0.0013261895920640815,0.001,1.0836857673032076,75,14,14125,56478,0.0013261895920640815,0.000990169035999717,True,max_tpr_with_empirical_fpr_le_target,32,True,False,0.031232878556828696,0.03123030790877291,0.7256524506683641,DIABETES,SVM,dp,4.0,3
0.5057146187045876,0.011316468929069012,56553,14139,0.10552932647251251,0.10552932647251251,0.1,0.16996483840759247,5968,1413,12726,50585,0.10552932647251251,0.09993634627625717,True,max_tpr_with_empirical_fpr_le_target,0.010361961345994023,0.010361961345994023,0.01,0.527845482389528,586,141,13998,55967,0.010361961345994023,0.009972416719711436,True,max_tpr_with_empirical_fpr_le_target,0.001290824536275706,0.001290824536275706,0.001,0.9411023883368228,73,14,14125,56480,0.001290824536275706,0.000990169035999717,True,max_tpr_with_empirical_fpr_le_target,32,True,False,0.03371581136144213,0.03380720175048459,0.7256524506683641,DIABETES,SVM,dp,4.0,4
0.5028668000011061,0.01145174983470898,56553,14139,0.09884533092850954,0.09884533092850954,0.1,0.17034852788866273,5590,1412,12727,50963,0.09884533092850954,0.0998656199165429,True,max_tpr_with_empirical_fpr_le_target,0.010556469152830088,0.010556469152830088,0.01,0.5470822958496071,597,140,13999,55956,0.010556469152830088,0.00990169035999717,True,max_tpr_with_empirical_fpr_le_target,0.0013969197036408324,0.0013969197036408324,0.001,0.9411679189420754,79,13,14126,56474,0.0013969197036408324,0.0009194426762854516,True,max_tpr_with_empirical_fpr_le_target,32,True,False,0.033821917320854086,0.03381097718109185,0.7257231770280783,DIABETES,SVM,dp,8.0,0
0.5012738167183185,0.008610952116558601,56553,14139,0.09873923576114442,0.09873923576114442,0.1,0.19097432633825484,5584,1413,12726,50969,0.09873923576114442,0.09993634627625717,True,max_tpr_with_empirical_fpr_le_target,0.009972945732321893,0.009972945732321893,0.01,0.6222286500616057,564,141,13998,55989,0.009972945732321893,0.009972416719711436,True,max_tpr_with_empirical_fpr_le_target,0.0009018089226035754,0.0009018089226035754,0.001,1.145798486187919,51,14,14125,56502,0.0009018089226035754,0.000990169035999717,True,max_tpr_with_empirical_fpr_le_target,32,True,False,0.03215902773139214,0.032242295046564354,0.7257231770280783,DIABETES,SVM,dp,8.0,1
0.5053230430700795,0.01304835866727827,56553,14139,0.10001237776952593,0.10001237776952593,0.1,0.20765889751956923,5656,1412,12727,50897,0.10001237776952593,0.0998656199165429,True,max_tpr_with_empirical_fpr_le_target,0.011988753912259297,0.011988753912259297,0.01,0.6676637026890024,678,141,13998,55875,0.011988753912259297,0.009972416719711436,True,max_tpr_with_empirical_fpr_le_target,0.0015560624546885223,0.0015560624546885223,0.001,1.2030978376644792,88,14,14125,56465,0.0015560624546885223,0.000990169035999717,True,max_tpr_with_empirical_fpr_le_target,32,True,False,0.030221546718718736,0.03019093299667451,0.7257231770280783,DIABETES,SVM,dp,8.0,2
0.5039470975283533,0.01102013557437631,56553,14139,0.09859777553799091,0.09859777553799091,0.1,0.18003777326297543,5576,1413,12726,50977,0.09859777553799091,0.09993634627625717,True,max_tpr_with_empirical_fpr_le_target,0.009849168037062579,0.009849168037062579,0.01,0.5877934317314328,557,140,13999,55996,0.009849168037062579,0.00990169035999717,True,max_tpr_with_empirical_fpr_le_target,0.0012554594804873305,0.0012554594804873305,0.001,1.0810151949284723,71,14,14125,56482,0.0012554594804873305,0.000990169035999717,True,max_tpr_with_empirical_fpr_le_target,32,True,False,0.03121085872247944,0.031206140704845408,0.7257231770280783,DIABETES,SVM,dp,8.0,3
0.5056806218279856,0.010559827069754668,56553,14139,0.10448605732675544,0.10448605732675544,0.1,0.17180929188808625,5909,1413,12726,50644,0.10448605732675544,0.09993634627625717,True,max_tpr_with_empirical_fpr_le_target,0.010415008929676587,0.010415008929676587,0.01,0.5272822808350932,589,138,14001,55964,0.010415008929676587,0.00976023764056864,True,max_tpr_with_empirical_fpr_le_target,0.0011847293689105794,0.0011847293689105794,0.001,0.9541759807910752,67,14,14125,56486,0.0011847293689105794,0.000990169035999717,True,max_tpr_with_empirical_fpr_le_target,32,True,False,0.03348994092635349,0.033582473179098044,0.7257231770280783,DIABETES,SVM,dp,8.0,4
0.5028703630198464,0.011115252792108898,56553,14139,0.09838558520326066,0.09838558520326066,0.1,0.1707003588475251,5564,1413,12726,50989,0.09838558520326066,0.09993634627625717,True,max_tpr_with_empirical_fpr_le_target,0.010627199264406839,0.010627199264406839,0.01,0.5454514271829858,601,141,13998,55952,0.010627199264406839,0.009972416719711436,True,max_tpr_with_empirical_fpr_le_target,0.0014676498152175834,0.0014676498152175834,0.001,0.9299801744801741,83,14,14125,56470,0.0014676498152175834,0.000990169035999717,True,max_tpr_with_empirical_fpr_le_target,32,True,False,0.03382003703359566,0.03380892622612787,0.7257231770280783,DIABETES,SVM,dp,10.0,0
0.5012466982562733,0.008414298244380891,56553,14139,0.09799656958958852,0.09799656958958852,0.1,0.1921161415331798,5542,1413,12726,51011,0.09799656958958852,0.09993634627625717,True,max_tpr_with_empirical_fpr_le_target,0.009972945732321893,0.009972945732321893,0.01,0.6218577622982808,564,141,13998,55989,0.009972945732321893,0.009972416719711436,True,max_tpr_with_empirical_fpr_le_target,0.0009371739783919509,0.0009371739783919509,0.001,1.145463061396212,53,14,14125,56500,0.0009371739783919509,0.000990169035999717,True,max_tpr_with_empirical_fpr_le_target,32,True,False,0.032110979940735106,0.03219414136401814,0.7257231770280783,DIABETES,SVM,dp,10.0,1
0.5053179092715785,0.013204034697389289,56553,14139,0.10031298074372712,0.10031298074372712,0.1,0.20715165581148565,5673,1409,12730,50880,0.10031298074372712,0.0996534408374001,True,max_tpr_with_empirical_fpr_le_target,0.011688150938058105,0.011688150938058105,0.01,0.671297718672276,661,141,13998,55892,0.011688150938058105,0.009972416719711436,True,max_tpr_with_empirical_fpr_le_target,0.0014676498152175834,0.0014676498152175834,0.001,1.211344554256672,83,14,14125,56470,0.0014676498152175834,0.000990169035999717,True,max_tpr_with_empirical_fpr_le_target,32,True,False,0.030227764222718487,0.030197471898946435,0.7257231770280783,DIABETES,SVM,dp,10.0,2
0.5040657801943574,0.010612056747415388,56553,14139,0.09926971159797005,0.09926971159797005,0.1,0.1794771779190545,5614,1413,12726,50939,0.09926971159797005,0.09993634627625717,True,max_tpr_with_empirical_fpr_le_target,0.00983148550916839,0.00983148550916839,0.01,0.5858120761515724,556,140,13999,55997,0.00983148550916839,0.00990169035999717,True,max_tpr_with_empirical_fpr_le_target,0.0012554594804873305,0.0012554594804873305,0.001,1.0775759572139338,71,14,14125,56482,0.0012554594804873305,0.000990169035999717,True,max_tpr_with_empirical_fpr_le_target,32,True,False,0.0312222237137934,0.03121711704021994,0.7257231770280783,DIABETES,SVM,dp,10.0,3
0.5056456819832789,0.010844327050168023,56553,14139,0.10415008929676586,0.10415008929676586,0.1,0.17243385825263102,5890,1413,12726,50663,0.10415008929676586,0.09993634627625717,True,max_tpr_with_empirical_fpr_le_target,0.010379643873888211,0.010379643873888211,0.01,0.5280722717093913,587,141,13998,55966,0.010379643873888211,0.009972416719711436,True,max_tpr_with_empirical_fpr_le_target,0.0011670468410163917,0.0011670468410163917,0.001,0.9545447458454368,66,14,14125,56487,0.0011670468410163917,0.000990169035999717,True,max_tpr_with_empirical_fpr_le_target,32,True,False,0.03346135836477407,0.033554109249937014,0.7257231770280783,DIABETES,SVM,dp,10.0,4
0.5165370748977067,0.02550025749219831,56553,14139,0.10761586476402667,0.10761586476402667,0.1,0.2933582288622034,6086,1413,12726,50467,0.10761586476402667,0.09993634627625717,True,max_tpr_with_empirical_fpr_le_target,0.012466182165402366,0.012466182165402366,0.01,1.2305243556685792,705,141,13998,55848,0.012466182165402366,0.009972416719711436,True,max_tpr_with_empirical_fpr_le_target,0.0009018089226035754,0.0009018089226035754,0.001,4.1003239664232565,51,14,14125,56502,0.0009018089226035754,0.000990169035999717,True,max_tpr_with_empirical_fpr_le_target,32,True,False,0.21569462977820789,0.21856227228204128,0.7508310347266426,DIABETES,DNN,standard,,0
0.5084255256928688,0.01659084846678016,56553,14139,0.10259402684207734,0.10259402684207734,0.1,0.3126376586450923,5802,1413,12726,50751,0.10259402684207734,0.09993634627625717,True,max_tpr_with_empirical_fpr_le_target,0.01101621487807897,0.01101621487807897,0.01,1.2808772256345446,623,141,13998,55930,0.01101621487807897,0.009972416719711436,True,max_tpr_with_empirical_fpr_le_target,0.001503014871005959,0.001503014871005959,0.001,3.476433841270916,85,14,14125,56468,0.001503014871005959,0.000990169035999717,True,max_tpr_with_empirical_fpr_le_target,32,True,False,0.21951652805833208,0.22206328397404212,0.7508310347266426,DIABETES,DNN,standard,,1
0.5132840225296491,0.022265660535706888,56553,14139,0.1074213569571906,0.1074213569571906,0.1,0.29633964536124524,6075,1413,12726,50478,0.1074213569571906,0.09993634627625717,True,max_tpr_with_empirical_fpr_le_target,0.010910119710713843,0.010910119710713843,0.01,1.3458762080495636,617,140,13999,55936,0.010910119710713843,0.00990169035999717,True,max_tpr_with_empirical_fpr_le_target,0.0014676498152175834,0.0014676498152175834,0.001,3.715753835741304,83,14,14125,56470,0.0014676498152175834,0.000990169035999717,True,max_tpr_with_empirical_fpr_le_target,32,True,False,0.2142890829806018,0.21702244564017092,0.7508310347266426,DIABETES,DNN,standard,,2
0.5169996995521028,0.02577954613561928,56553,14139,0.11198344915389104,0.11198344915389104,0.1,0.3042664064254361,6333,1413,12726,50220,0.11198344915389104,0.09993634627625717,True,max_tpr_with_empirical_fpr_le_target,0.010644881792301027,0.010644881792301027,0.01,1.4375089249523878,602,141,13998,55951,0.010644881792301027,0.009972416719711436,True,max_tpr_with_empirical_fpr_le_target,0.001220094424698955,0.001220094424698955,0.001,3.6706300184574174,69,14,14125,56484,0.001220094424698955,0.000990169035999717,True,max_tpr_with_empirical_fpr_le_target,32,True,False,0.21917571127806457,0.22089938156522038,0.7508310347266426,DIABETES,DNN,standard,,3
0.5168812595065395,0.028399899421571284,56553,14139,0.11267306774176436,0.11267306774176436,0.1,0.27806911025950176,6372,1413,12726,50181,0.11267306774176436,0.09993634627625717,True,max_tpr_with_empirical_fpr_le_target,0.014057609675879264,0.014057609675879264,0.01,1.1840529736707506,795,141,13998,55758,0.014057609675879264,0.009972416719711436,True,max_tpr_with_empirical_fpr_le_target,0.0016621576220536489,0.0016621576220536489,0.001,3.482428358235083,94,12,14127,56459,0.0016621576220536489,0.000848716316571186,True,max_tpr_with_empirical_fpr_le_target,32,True,False,0.21585863026183658,0.2179325336822905,0.7508310347266426,DIABETES,DNN,standard,,4
0.49806759759904656,0.0037408470172480834,56553,14139,0.09410641345286722,0.09410641345286722,0.1,3.451582145861124,5322,1413,12726,51231,0.09410641345286722,0.09993634627625717,True,max_tpr_with_empirical_fpr_le_target,0.009265644616554382,0.009265644616554382,0.01,10.896137382137908,524,141,13998,56029,0.009265644616554382,0.009972416719711436,True,max_tpr_with_empirical_fpr_le_target,0.0015914275104768978,0.0015914275104768978,0.001,17.363499388631226,90,14,14125,56463,0.0015914275104768978,0.000990169035999717,True,max_tpr_with_empirical_fpr_le_target,32,True,False,0.21569462977820789,0.21856227228204128,0.7310276540066483,DIABETES,DNN,dp,0.1,0
0.5009204075302547,0.004817117545427685,56553,14139,0.1022226937562994,0.1022226937562994,0.1,3.4773629120168437,5781,1413,12726,50772,0.1022226937562994,0.09993634627625717,True,max_tpr_with_empirical_fpr_le_target,0.010114405955475395,0.010114405955475395,0.01,10.674916846349134,572,141,13998,55981,0.010114405955475395,0.009972416719711436,True,max_tpr_with_empirical_fpr_le_target,0.0014676498152175834,0.0014676498152175834,0.001,17.52062247078888,83,14,14125,56470,0.0014676498152175834,0.000990169035999717,True,max_tpr_with_empirical_fpr_le_target,32,True,False,0.21951652805833208,0.22206328397404212,0.7310276540066483,DIABETES,DNN,dp,0.1,1
0.49876161336975294,0.004471030742314697,56553,14139,0.09667037999752445,0.09667037999752445,0.1,3.2984543329292286,5467,1412,12727,51086,0.09667037999752445,0.0998656199165429,True,max_tpr_with_empirical_fpr_le_target,0.010556469152830088,0.010556469152830088,0.01,10.531340366619744,597,141,13998,55956,0.010556469152830088,0.009972416719711436,True,max_tpr_with_empirical_fpr_le_target,0.0009371739783919509,0.0009371739783919509,0.001,20.50176268592395,53,13,14126,56500,0.0009371739783919509,0.0009194426762854516,True,max_tpr_with_empirical_fpr_le_target,32,True,False,0.2142890829806018,0.21702244564017092,0.7310276540066483,DIABETES,DNN,dp,0.1,2
0.5017665575728858,0.009843724084596106,56553,14139,0.09758987144802221,0.09758987144802221,0.1,4.2074328012743365,5519,1413,12726,51034,0.09758987144802221,0.09993634627625717,True,max_tpr_with_empirical_fpr_le_target,0.01069792937598359,0.01069792937598359,0.01,11.494234042062658,605,141,13998,55948,0.01069792937598359,0.009972416719711436,True,max_tpr_with_empirical_fpr_le_target,0.0010609516736512653,0.0010609516736512653,0.001,20.049015019015968,60,13,14126,56493,0.0010609516736512653,0.0009194426762854516,True,max_tpr_with_empirical_fpr_le_target,32,True,False,0.21917571127806457,0.22089938156522038,0.7310276540066483,DIABETES,DNN,dp,0.1,3
0.4952701088801874,0.0021414055285021855,56553,14139,0.09785510936643503,0.09785510936643503,0.1,3.8706909513620644,5534,1413,12726,51019,0.09785510936643503,0.09993634627625717,True,max_tpr_with_empirical_fpr_le_target,0.0103973264017824,0.0103973264017824,0.01,11.603928368918417,588,140,13999,55965,0.0103973264017824,0.00990169035999717,True,max_tpr_with_empirical_fpr_le_target,0.0013792371757466448,0.0013792371757466448,0.001,20.82479542496941,78,14,14125,56475,0.0013792371757466448,0.000990169035999717,True,max_tpr_with_empirical_fpr_le_target,32,True,False,0.21585863026183658,0.2179325336822905,0.7310276540066483,DIABETES,DNN,dp,0.1,4
0.49779049003835046,0.002468294051276798,56553,14139,0.09438933389917423,0.09438933389917423,0.1,3.4998821659029744,5338,1413,12726,51215,0.09438933389917423,0.09993634627625717,True,max_tpr_with_empirical_fpr_le_target,0.009424787367602072,0.009424787367602072,0.01,11.854530054287466,533,141,13998,56020,0.009424787367602072,0.009972416719711436,True,max_tpr_with_empirical_fpr_le_target,0.0011847293689105794,0.0011847293689105794,0.001,22.42306588560001,67,14,14125,56486,0.0011847293689105794,0.000990169035999717,True,max_tpr_with_empirical_fpr_le_target,32,True,False,0.21569462977820789,0.21856227228204128,0.7371808473017893,DIABETES,DNN,dp,0.2,0
0.5006545105346651,0.004288630195719345,56553,14139,0.10271780453733666,0.10271780453733666,0.1,3.500343361300075,5809,1413,12726,50744,0.10271780453733666,0.09993634627625717,True,max_tpr_with_empirical_fpr_le_target,0.010627199264406839,0.010627199264406839,0.01,11.412834088748014,601,141,13998,55952,0.010627199264406839,0.009972416719711436,True,max_tpr_with_empirical_fpr_le_target,0.0014853323431117712,0.0014853323431117712,0.001,21.533651177585583,84,14,14125,56469,0.0014853323431117712,0.000990169035999717,True,max_tpr_with_empirical_fpr_le_target,32,True,False,0.21951652805833208,0.22206328397404212,0.7371808473017893,DIABETES,DNN,dp,0.2,1
0.4974060804611897,0.0023635307950939932,56553,14139,0.09734231605750358,0.09734231605750358,0.1,3.3534217752694246,5505,1413,12726,51048,0.09734231605750358,0.09993634627625717,True,max_tpr_with_empirical_fpr_le_target,0.009230279560766008,0.009230279560766008,0.01,11.974189538784742,522,141,13998,56031,0.009230279560766008,0.009972416719711436,True,max_tpr_with_empirical_fpr_le_target,0.0010255866178628897,0.0010255866178628897,0.001,25.605783708312742,58,14,14125,56495,0.0010255866178628897,0.000990169035999717,True,max_tpr_with_empirical_fpr_le_target,32,True,False,0.2142890829806018,0.21702244564017092,0.7371808473017893,DIABETES,DNN,dp,0.2,2
0.5020347444552122,0.008343005353431243,56553,14139,0.09935812423744099,0.09935812423744099,0.1,4.2378913314301485,5619,1413,12726,50934,0.09935812423744099,0.09993634627625717,True,max_tpr_with_empirical_fpr_le_target,0.010556469152830088,0.010556469152830088,0.01,12.758657430300048,597,141,13998,55956,0.010556469152830088,0.009972416719711436,True,max_tpr_with_empirical_fpr_le_target,0.0009371739783919509,0.0009371739783919509,0.001,26.194982559708677,53,14,14125,56500,0.0009371739783919509,0.000990169035999717,True,max_tpr_with_empirical_fpr_le_target,32,True,False,0.21917571127806457,0.22089938156522038,0.7371808473017893,DIABETES,DNN,dp,0.2,3
0.4952698112324302,0.0024589444099629536,56553,14139,0.09840326773115485,0.09840326773115485,0.1,3.940455644955648,5565,1413,12726,50988,0.09840326773115485,0.09993634627625717,True,max_tpr_with_empirical_fpr_le_target,0.010750976959666154,0.010750976959666154,0.01,12.903206141830793,608,141,13998,55945,0.010750976959666154,0.009972416719711436,True,max_tpr_with_empirical_fpr_le_target,0.0008664438668151999,0.0008664438668151999,0.001,28.330882475933493,49,14,14125,56504,0.0008664438668151999,0.000990169035999717,True,max_tpr_with_empirical_fpr_le_target,32,True,False,0.21585863026183658,0.2179325336822905,0.7371808473017893,DIABETES,DNN,dp,0.2,4
0.4973227828609074,0.003565027237452334,56553,14139,0.0954326030449313,0.0954326030449313,0.1,3.438533444928325,5397,1413,12726,51156,0.0954326030449313,0.09993634627625717,True,max_tpr_with_empirical_fpr_le_target,0.009654660230226514,0.009654660230226514,0.01,12.60861723685192,546,141,13998,56007,0.009654660230226514,0.009972416719711436,True,max_tpr_with_empirical_fpr_le_target,0.0011847293689105794,0.0011847293689105794,0.001,26.690944050799544,67,14,14125,56486,0.0011847293689105794,0.000990169035999717,True,max_tpr_with_empirical_fpr_le_target,32,True,False,0.21569462977820789,0.21856227228204128,0.74000990169036,DIABETES,DNN,dp,0.4,0
0.5005778424753947,0.0040625016918555135,56553,14139,0.10291231234417272,0.10291231234417272,0.1,3.4752698978770944,5820,1413,12726,50733,0.10291231234417272,0.09993634627625717,True,max_tpr_with_empirical_fpr_le_target,0.010680246848089403,0.010680246848089403,0.01,12.035437186050672,604,141,13998,55949,0.010680246848089403,0.009972416719711436,True,max_tpr_with_empirical_fpr_le_target,0.001856665428889714,0.001856665428889714,0.001,23.840552674883995,105,14,14125,56448,0.001856665428889714,0.000990169035999717,True,max_tpr_with_empirical_fpr_le_target,32,True,False,0.21951652805833208,0.22206328397404212,0.74000990169036,DIABETES,DNN,dp,0.4,1
0.49679933676375876,0.001535607300417574,56553,14139,0.09810266475695366,0.09810266475695366,0.1,3.3370213688114254,5548,1413,12726,51005,0.09810266475695366,0.09993634627625717,True,max_tpr_with_empirical_fpr_le_target,0.008682121196046187,0.008682121196046187,0.01,13.177749063951921,491,140,13999,56062,0.008682121196046187,0.00990169035999717,True,max_tpr_with_empirical_fpr_le_target,0.0010255866178628897,0.0010255866178628897,0.001,31.84882676888958,58,14,14125,56495,0.0010255866178628897,0.000990169035999717,True,max_tpr_with_empirical_fpr_le_target,32,True,False,0.2142890829806018,0.21702244564017092,0.74000990169036,DIABETES,DNN,dp,0.4,2
0.5027564001968492,0.010923750227123663,56553,14139,0.09967640973953637,0.09967640973953637,0.1,4.23617442499264,5637,1413,12726,50916,0.09967640973953637,0.09993634627625717,True,max_tpr_with_empirical_fpr_le_target,0.010662564320195215,0.010662564320195215,0.01,13.938615479485748,603,141,13998,55950,0.010662564320195215,0.009972416719711436,True,max_tpr_with_empirical_fpr_le_target,0.0009902215620745142,0.0009902215620745142,0.001,31.45018504902248,56,13,14126,56497,0.0009902215620745142,0.0009194426762854516,True,max_tpr_with_empirical_fpr_le_target,32,True,False,0.21917571127806457,0.22089938156522038,0.74000990169036,DIABETES,DNN,dp,0.4,3
0.49570608655659065,0.00199960013400002,56553,14139,0.10068431382950506,0.10068431382950506,0.1,3.8694262635769547,5694,1412,12727,50859,0.10068431382950506,0.0998656199165429,True,max_tpr_with_empirical_fpr_le_target,0.009654660230226514,0.009654660230226514,0.01,14.66779332582854,546,141,13998,56007,0.009654660230226514,0.009972416719711436,True,max_tpr_with_empirical_fpr_le_target,0.0008487613389210122,0.0008487613389210122,0.001,35.169828751731785,48,11,14128,56505,0.0008487613389210122,0.0007779899568569206,True,max_tpr_with_empirical_fpr_le_target,32,True,False,0.21585863026183658,0.2179325336822905,0.74000990169036,DIABETES,DNN,dp,0.4,4
0.4969220902005595,0.004271941911383803,56553,14139,0.09608685657701625,0.09608685657701625,0.1,3.4197952916186836,5434,1413,12726,51119,0.09608685657701625,0.09993634627625717,True,max_tpr_with_empirical_fpr_le_target,0.01030891376231146,0.01030891376231146,0.01,12.779339569161209,583,141,13998,55970,0.01030891376231146,0.009972416719711436,True,max_tpr_with_empirical_fpr_le_target,0.0012024118968047672,0.0012024118968047672,0.001,29.116431893325483,68,14,14125,56485,0.0012024118968047672,0.000990169035999717,True,max_tpr_with_empirical_fpr_le_target,32,True,False,0.21569462977820789,0.21856227228204128,0.7437583987552161,DIABETES,DNN,dp,0.8,0
0.5006078911420411,0.0045140008233612305,56553,14139,0.10344278818099835,0.10344278818099835,0.1,3.466936387429371,5850,1413,12726,50703,0.10344278818099835,0.09993634627625717,True,max_tpr_with_empirical_fpr_le_target,0.010591834208618464,0.010591834208618464,0.01,12.506011192677732,599,141,13998,55954,0.010591834208618464,0.009972416719711436,True,max_tpr_with_empirical_fpr_le_target,0.0012731420083815182,0.0012731420083815182,0.001,29.037006991183944,72,14,14125,56481,0.0012731420083815182,0.000990169035999717,True,max_tpr_with_empirical_fpr_le_target,32,True,False,0.21951652805833208,0.22206328397404212,0.7437583987552161,DIABETES,DNN,dp,0.8,1
0.4963932314164651,0.0029501570058777515,56553,14139,0.09824412498010715,0.09824412498010715,0.1,3.361693070087547,5556,1413,12726,50997,0.09824412498010715,0.09993634627625717,True,max_tpr_with_empirical_fpr_le_target,0.008682121196046187,0.008682121196046187,0.01,13.975736923117296,491,141,13998,56062,0.008682121196046187,0.009972416719711436,True,max_tpr_with_empirical_fpr_le_target,0.0009371739783919509,0.0009371739783919509,0.001,35.39014541239999,53,13,14126,56500,0.0009371739783919509,0.0009194426762854516,True,max_tpr_with_empirical_fpr_le_target,32,True,False,0.2142890829806018,0.21702244564017092,0.7437583987552161,DIABETES,DNN,dp,0.8,2
0.5033485266380366,0.008785762645345807,56553,14139,0.10193977330999239,0.10193977330999239,0.1,4.162031816581525,5765,1413,12726,50788,0.10193977330999239,0.09993634627625717,True,max_tpr_with_empirical_fpr_le_target,0.010821707071242906,0.010821707071242906,0.01,14.669820125674121,612,141,13998,55941,0.010821707071242906,0.009972416719711436,True,max_tpr_with_empirical_fpr_le_target,0.001290824536275706,0.001290824536275706,0.001,33.178082321199895,73,14,14125,56480,0.001290824536275706,0.000990169035999717,True,max_tpr_with_empirical_fpr_le_target,32,True,False,0.21917571127806457,0.22089938156522038,0.7437583987552161,DIABETES,DNN,dp,0.8,3
0.4961960973058892,0.001966636270202368,56553,14139,0.0997648223790073,0.0997648223790073,0.1,3.8910796331586255,5642,1413,12726,50911,0.0997648223790073,0.09993634627625717,True,max_tpr_with_empirical_fpr_le_target,0.009530882534967198,0.009530882534967198,0.01,15.478112054901317,539,141,13998,56014,0.009530882534967198,0.009972416719711436,True,max_tpr_with_empirical_fpr_le_target,0.0009371739783919509,0.0009371739783919509,0.001,39.413913462492985,53,14,14125,56500,0.0009371739783919509,0.000990169035999717,True,max_tpr_with_empirical_fpr_le_target,32,True,False,0.21585863026183658,0.2179325336822905,0.7437583987552161,DIABETES,DNN,dp,0.8,4
0.49671463846814845,0.004148029149075083,56553,14139,0.09665269746963026,0.09665269746963026,0.1,3.4265243434677046,5466,1413,12726,51087,0.09665269746963026,0.09993634627625717,True,max_tpr_with_empirical_fpr_le_target,0.010361961345994023,0.010361961345994023,0.01,12.811696489817564,586,141,13998,55967,0.010361961345994023,0.009972416719711436,True,max_tpr_with_empirical_fpr_le_target,0.0011847293689105794,0.0011847293689105794,0.001,29.392183922707034,67,14,14125,56486,0.0011847293689105794,0.000990169035999717,True,max_tpr_with_empirical_fpr_le_target,32,True,False,0.21569462977820789,0.21856227228204128,0.7453143786689299,DIABETES,DNN,dp,1.0,0
0.5004881904706828,0.0043094305213390305,56553,14139,0.10300072498364367,0.10300072498364367,0.1,3.494621961492875,5825,1411,12728,50728,0.10300072498364367,0.09979489355682863,True,max_tpr_with_empirical_fpr_le_target,0.010680246848089403,0.010680246848089403,0.01,12.582761934363873,604,140,13999,55949,0.010680246848089403,0.00990169035999717,True,max_tpr_with_empirical_fpr_le_target,0.0012731420083815182,0.0012731420083815182,0.001,29.545028303823813,72,14,14125,56481,0.0012731420083815182,0.000990169035999717,True,max_tpr_with_empirical_fpr_le_target,32,True,False,0.21951652805833208,0.22206328397404212,0.7453143786689299,DIABETES,DNN,dp,1.0,1
0.49615946412058076,0.0028440918534125004,56553,14139,0.09886301345640373,0.09886301345640373,0.1,3.3677373331750005,5591,1413,12726,50962,0.09886301345640373,0.09993634627625717,True,max_tpr_with_empirical_fpr_le_target,0.008593708556575248,0.008593708556575248,0.01,14.198670938799808,486,141,13998,56067,0.008593708556575248,0.009972416719711436,True,max_tpr_with_empirical_fpr_le_target,0.0009194914504977632,0.0009194914504977632,0.001,36.11052929663231,52,13,14126,56501,0.0009194914504977632,0.0009194426762854516,True,max_tpr_with_empirical_fpr_le_target,32,True,False,0.2142890829806018,0.21702244564017092,0.7453143786689299,DIABETES,DNN,dp,1.0,2
0.5034042180341507,0.008520862394556739,56553,14139,0.10255866178628897,0.10255866178628897,0.1,4.168334013825948,5800,1413,12726,50753,0.10255866178628897,0.09993634627625717,True,max_tpr_with_empirical_fpr_le_target,0.010910119710713843,0.010910119710713843,0.01,14.756230888327536,617,141,13998,55936,0.010910119710713843,0.009972416719711436,True,max_tpr_with_empirical_fpr_le_target,0.0013438721199582693,0.0013438721199582693,0.001,33.605642893842656,76,14,14125,56477,0.0013438721199582693,0.000990169035999717,True,max_tpr_with_empirical_fpr_le_target,32,True,False,0.21917571127806457,0.22089938156522038,0.7453143786689299,DIABETES,DNN,dp,1.0,3
0.4963234180099557,0.0032980146880838834,56553,14139,0.09964104468374799,0.09964104468374799,0.1,3.9159962356472917,5635,1411,12728,50918,0.09964104468374799,0.09979489355682863,True,max_tpr_with_empirical_fpr_le_target,0.00944246989549626,0.00944246989549626,0.01,15.646418104469944,534,141,13998,56019,0.00944246989549626,0.009972416719711436,True,max_tpr_with_empirical_fpr_le_target,0.0008841263947093876,0.0008841263947093876,0.001,39.75339510347976,50,14,14125,56503,0.0008841263947093876,0.000990169035999717,True,max_tpr_with_empirical_fpr_le_target,32,True,False,0.21585863026183658,0.2179325336822905,0.7453143786689299,DIABETES,DNN,dp,1.0,4
0.49665495759159156,0.003388040628423683,56553,14139,0.09690025286014889,0.09690025286014889,0.1,3.535032157963684,5480,1413,12726,51073,0.09690025286014889,0.09993634627625717,True,max_tpr_with_empirical_fpr_le_target,0.010043675843898644,0.010043675843898644,0.01,13.056019628677973,568,140,13999,55985,0.010043675843898644,0.00990169035999717,True,max_tpr_with_empirical_fpr_le_target,0.0012024118968047672,0.0012024118968047672,0.001,29.293531533199598,68,14,14125,56485,0.0012024118968047672,0.000990169035999717,True,max_tpr_with_empirical_fpr_le_target,32,True,False,0.21569462977820789,0.21856227228204128,0.7478605276186435,DIABETES,DNN,dp,2.0,0
0.5003191790706774,0.004069877853501998,56553,14139,0.10227574133998196,0.10227574133998196,0.1,3.6064642636020636,5784,1413,12726,50769,0.10227574133998196,0.09993634627625717,True,max_tpr_with_empirical_fpr_le_target,0.010821707071242906,0.010821707071242906,0.01,12.647805140393217,612,140,13999,55941,0.010821707071242906,0.00990169035999717,True,max_tpr_with_empirical_fpr_le_target,0.001078634201545453,0.001078634201545453,0.001,31.210177187613624,61,14,14125,56492,0.001078634201545453,0.000990169035999717,True,max_tpr_with_empirical_fpr_le_target,32,True,False,0.21951652805833208,0.22206328397404212,0.7478605276186435,DIABETES,DNN,dp,2.0,1
0.4958469890028546,0.003957599616760787,56553,14139,0.09866850564956767,0.09866850564956767,0.1,3.48080945900972,5580,1413,12726,50973,0.09866850564956767,0.09993634627625717,True,max_tpr_with_empirical_fpr_le_target,0.008522978444998497,0.008522978444998497,0.01,14.370123026798922,482,141,13998,56071,0.008522978444998497,0.009972416719711436,True,max_tpr_with_empirical_fpr_le_target,0.0008487613389210122,0.0008487613389210122,0.001,35.822711042909646,48,14,14125,56505,0.0008487613389210122,0.000990169035999717,True,max_tpr_with_empirical_fpr_le_target,32,True,False,0.2142890829806018,0.21702244564017092,0.7478605276186435,DIABETES,DNN,dp,2.0,2
0.5034600782640766,0.009284336395457116,56553,14139,0.10354888334836349,0.10354888334836349,0.1,4.245721456220075,5856,1413,12726,50697,0.10354888334836349,0.09993634627625717,True,max_tpr_with_empirical_fpr_le_target,0.011193040157020847,0.011193040157020847,0.01,14.477404944356977,633,141,13998,55920,0.011193040157020847,0.009972416719711436,True,max_tpr_with_empirical_fpr_le_target,0.0014499672873233957,0.0014499672873233957,0.001,32.85748118149934,82,14,14125,56471,0.0014499672873233957,0.000990169035999717,True,max_tpr_with_empirical_fpr_le_target,32,True,False,0.21917571127806457,0.22089938156522038,0.7478605276186435,DIABETES,DNN,dp,2.0,3
0.4967704249114454,0.0034384731639537647,56553,14139,0.10006542535320849,0.10006542535320849,0.1,4.043833897085484,5659,1411,12728,50894,0.10006542535320849,0.09979489355682863,True,max_tpr_with_empirical_fpr_le_target,0.009743072869697451,0.009743072869697451,0.01,15.29027384995021,551,141,13998,56002,0.009743072869697451,0.009972416719711436,True,max_tpr_with_empirical_fpr_le_target,0.001007904089968702,0.001007904089968702,0.001,38.644524945913986,57,13,14126,56496,0.001007904089968702,0.0009194426762854516,True,max_tpr_with_empirical_fpr_le_target,32,True,False,0.21585863026183658,0.2179325336822905,0.7478605276186435,DIABETES,DNN,dp,2.0,4
0.4968991400577357,0.005051327561085395,56553,14139,0.09700634802751401,0.09700634802751401,0.1,3.6500017010274632,5486,1410,12729,51067,0.09700634802751401,0.09972416719711437,True,max_tpr_with_empirical_fpr_le_target,0.010114405955475395,0.010114405955475395,0.01,13.017105903374159,572,141,13998,55981,0.010114405955475395,0.009972416719711436,True,max_tpr_with_empirical_fpr_le_target,0.0012377769525931427,0.0012377769525931427,0.001,28.386661526147122,70,14,14125,56483,0.0012377769525931427,0.000990169035999717,True,max_tpr_with_empirical_fpr_le_target,32,True,False,0.21569462977820789,0.21856227228204128,0.7485677912157861,DIABETES,DNN,dp,4.0,0
0.5002042345103298,0.0050218566812617604,56553,14139,0.10245256661892384,0.10245256661892384,0.1,3.69946501273332,5794,1412,12727,50759,0.10245256661892384,0.0998656199165429,True,max_tpr_with_empirical_fpr_le_target,0.010804024543348717,0.010804024543348717,0.01,12.523601524887113,611,141,13998,55942,0.010804024543348717,0.009972416719711436,True,max_tpr_with_empirical_fpr_le_target,0.0010255866178628897,0.0010255866178628897,0.001,29.84940719378062,58,14,14125,56495,0.0010255866178628897,0.000990169035999717,True,max_tpr_with_empirical_fpr_le_target,32,True,False,0.21951652805833208,0.22206328397404212,0.7485677912157861,DIABETES,DNN,dp,4.0,1
0.495871597468897,0.003673392281621224,56553,14139,0.09810266475695366,0.09810266475695366,0.1,3.5988000159065408,5548,1413,12726,51005,0.09810266475695366,0.09993634627625717,True,max_tpr_with_empirical_fpr_le_target,0.00882358141919969,0.00882358141919969,0.01,14.231946829236506,499,140,13999,56054,0.00882358141919969,0.00990169035999717,True,max_tpr_with_empirical_fpr_le_target,0.0008310788110268244,0.0008310788110268244,0.001,33.83321471709512,47,14,14125,56506,0.0008310788110268244,0.000990169035999717,True,max_tpr_with_empirical_fpr_le_target,32,True,False,0.2142890829806018,0.21702244564017092,0.7485677912157861,DIABETES,DNN,dp,4.0,2
0.5034510650397656,0.009000789388114994,56553,14139,0.10347815323678673,0.10347815323678673,0.1,4.314126681151457,5852,1413,12726,50701,0.10347815323678673,0.09993634627625717,True,max_tpr_with_empirical_fpr_le_target,0.01133450038017435,0.01133450038017435,0.01,14.050957549378097,641,141,13998,55912,0.01133450038017435,0.009972416719711436,True,max_tpr_with_empirical_fpr_le_target,0.0012731420083815182,0.0012731420083815182,0.001,32.13182618477049,72,14,14125,56481,0.0012731420083815182,0.000990169035999717,True,max_tpr_with_empirical_fpr_le_target,32,True,False,0.21917571127806457,0.22089938156522038,0.7485677912157861,DIABETES,DNN,dp,4.0,3
0.4967549497293136,0.0029435987502531014,56553,14139,0.10105564691528302,0.10105564691528302,0.1,4.1108346423533,5715,1412,12727,50838,0.10105564691528302,0.0998656199165429,True,max_tpr_with_empirical_fpr_le_target,0.010574151680724276,0.010574151680724276,0.01,14.49350724243709,598,141,13998,55955,0.010574151680724276,0.009972416719711436,True,max_tpr_with_empirical_fpr_le_target,0.001007904089968702,0.001007904089968702,0.001,35.6496286241869,57,14,14125,56496,0.001007904089968702,0.000990169035999717,True,max_tpr_with_empirical_fpr_le_target,32,True,False,0.21585863026183658,0.2179325336822905,0.7485677912157861,DIABETES,DNN,dp,4.0,4
0.4972548116188783,0.004113343180396578,56553,14139,0.09619295174438137,0.09619295174438137,0.1,3.7112327462237005,5440,1413,12726,51113,0.09619295174438137,0.09993634627625717,True,max_tpr_with_empirical_fpr_le_target,0.009813802981274202,0.009813802981274202,0.01,12.835252962016966,555,141,13998,55998,0.009813802981274202,0.009972416719711436,True,max_tpr_with_empirical_fpr_le_target,0.0013261895920640815,0.0013261895920640815,0.001,26.441401276026795,75,14,14125,56478,0.0013261895920640815,0.000990169035999717,True,max_tpr_with_empirical_fpr_le_target,32,True,False,0.21569462977820789,0.21856227228204128,0.7495579602517859,DIABETES,DNN,dp,8.0,0
0.5002442218607003,0.005493882252425641,56553,14139,0.10211659858893428,0.10211659858893428,0.1,3.734807865021679,5775,1413,12726,50778,0.10211659858893428,0.09993634627625717,True,max_tpr_with_empirical_fpr_le_target,0.010998532350184782,0.010998532350184782,0.01,12.2592660882016,622,140,13999,55931,0.010998532350184782,0.00990169035999717,True,max_tpr_with_empirical_fpr_le_target,0.0008133962831326367,0.0008133962831326367,0.001,29.820122802337607,46,14,14125,56507,0.0008133962831326367,0.000990169035999717,True,max_tpr_with_empirical_fpr_le_target,32,True,False,0.21951652805833208,0.22206328397404212,0.7495579602517859,DIABETES,DNN,dp,8.0,1
0.495914097316512,0.004485708028358126,56553,14139,0.09822644245221297,0.09822644245221297,0.1,3.6400133561272554,5555,1412,12727,50998,0.09822644245221297,0.0998656199165429,True,max_tpr_with_empirical_fpr_le_target,0.008522978444998497,0.008522978444998497,0.01,14.166571690572027,482,141,13998,56071,0.008522978444998497,0.009972416719711436,True,max_tpr_with_empirical_fpr_le_target,0.0008664438668151999,0.0008664438668151999,0.001,32.05951069306019,49,14,14125,56504,0.0008664438668151999,0.000990169035999717,True,max_tpr_with_empirical_fpr_le_target,32,True,False,0.2142890829806018,0.21702244564017092,0.7495579602517859,DIABETES,DNN,dp,8.0,2
0.5035800128015298,0.009462125903057839,56553,14139,0.10344278818099835,0.10344278818099835,0.1,4.31114584264764,5850,1413,12726,50703,0.10344278818099835,0.09993634627625717,True,max_tpr_with_empirical_fpr_le_target,0.011670468410163917,0.011670468410163917,0.01,13.541798535347326,660,141,13998,55893,0.011670468410163917,0.009972416719711436,True,max_tpr_with_empirical_fpr_le_target,0.001220094424698955,0.001220094424698955,0.001,30.3505854504005,69,14,14125,56484,0.001220094424698955,0.000990169035999717,True,max_tpr_with_empirical_fpr_le_target,32,True,False,0.21917571127806457,0.22089938156522038,0.7495579602517859,DIABETES,DNN,dp,8.0,3
0.4968641739499916,0.0027315772493347046,56553,14139,0.09942885434901774,0.09942885434901774,0.1,4.171081966484053,5623,1413,12726,50930,0.09942885434901774,0.09993634627625717,True,max_tpr_with_empirical_fpr_le_target,0.010361961345994023,0.010361961345994023,0.01,14.132575625724996,586,141,13998,55967,0.010361961345994023,0.009972416719711436,True,max_tpr_with_empirical_fpr_le_target,0.0011139992573338284,0.0011139992573338284,0.001,32.95478128363146,63,14,14125,56490,0.0011139992573338284,0.000990169035999717,True,max_tpr_with_empirical_fpr_le_target,32,True,False,0.21585863026183658,0.2179325336822905,0.7495579602517859,DIABETES,DNN,dp,8.0,4
0.49742774996828515,0.0037598989749495493,56553,14139,0.09633441196753488,0.09633441196753488,0.1,3.7103413119093034,5448,1413,12726,51105,0.09633441196753488,0.09993634627625717,True,max_tpr_with_empirical_fpr_le_target,0.009707707813909077,0.009707707813909077,0.01,12.839738152540832,549,140,13999,56004,0.009707707813909077,0.00990169035999717,True,max_tpr_with_empirical_fpr_le_target,0.0012731420083815182,0.0012731420083815182,0.001,26.355735833282267,72,14,14125,56481,0.0012731420083815182,0.000990169035999717,True,max_tpr_with_empirical_fpr_le_target,32,True,False,0.21569462977820789,0.21856227228204128,0.7501237711295,DIABETES,DNN,dp,10.0,0
0.5002825396322648,0.005953612970224675,56553,14139,0.10193977330999239,0.10193977330999239,0.1,3.7484830839486207,5765,1413,12726,50788,0.10193977330999239,0.09993634627625717,True,max_tpr_with_empirical_fpr_le_target,0.01110462751754991,0.01110462751754991,0.01,12.095768325470516,628,141,13998,55925,0.01110462751754991,0.009972416719711436,True,max_tpr_with_empirical_fpr_le_target,0.0008133962831326367,0.0008133962831326367,0.001,29.336578519173315,46,14,14125,56507,0.0008133962831326367,0.000990169035999717,True,max_tpr_with_empirical_fpr_le_target,32,True,False,0.21951652805833208,0.22206328397404212,0.7501237711295,DIABETES,DNN,dp,10.0,1
0.4959866095627693,0.00393742210031367,56553,14139,0.09886301345640373,0.09886301345640373,0.1,3.6290880909374934,5591,1413,12726,50962,0.09886301345640373,0.09993634627625717,True,max_tpr_with_empirical_fpr_le_target,0.008593708556575248,0.008593708556575248,0.01,14.043548153023181,486,141,13998,56067,0.008593708556575248,0.009972416719711436,True,max_tpr_with_empirical_fpr_le_target,0.0009018089226035754,0.0009018089226035754,0.001,31.433644909339364,51,14,14125,56502,0.0009018089226035754,0.000990169035999717,True,max_tpr_with_empirical_fpr_le_target,32,True,False,0.2142890829806018,0.21702244564017092,0.7501237711295,DIABETES,DNN,dp,10.0,2
0.5035962245993297,0.009322188936073506,56553,14139,0.10340742312520998,0.10340742312520998,0.1,4.303347761512086,5848,1412,12727,50705,0.10340742312520998,0.0998656199165429,True,max_tpr_with_empirical_fpr_le_target,0.011971071384365109,0.011971071384365109,0.01,13.347356775153855,677,141,13998,55876,0.011971071384365109,0.009972416719711436,True,max_tpr_with_empirical_fpr_le_target,0.0011316817852280161,0.0011316817852280161,0.001,30.543043869740117,64,14,14125,56489,0.0011316817852280161,0.000990169035999717,True,max_tpr_with_empirical_fpr_le_target,32,True,False,0.21917571127806457,0.22089938156522038,0.7501237711295,DIABETES,DNN,dp,10.0,3
0.49697389966962185,0.0028553662001814806,56553,14139,0.09971177479532474,0.09971177479532474,0.1,4.161209218689137,5639,1412,12727,50914,0.09971177479532474,0.0998656199165429,True,max_tpr_with_empirical_fpr_le_target,0.010202818594946334,0.010202818594946334,0.01,14.139096311978221,577,141,13998,55976,0.010202818594946334,0.009972416719711436,True,max_tpr_with_empirical_fpr_le_target,0.0011316817852280161,0.0011316817852280161,0.001,32.335806612172235,64,14,14125,56489,0.0011316817852280161,0.000990169035999717,True,max_tpr_with_empirical_fpr_le_target,32,True,False,0.21585863026183658,0.2179325336822905,0.7501237711295,DIABETES,DNN,dp,10.0,4
