attack_auc,advantage,n_members,n_nonmembers,tpr_at_10pct,tpr_at_10pct_interpolated,op_10pct_target_fpr,op_10pct_threshold,op_10pct_tp,op_10pct_fp,op_10pct_tn,op_10pct_fn,op_10pct_tpr,op_10pct_fpr,op_10pct_fpr_resolvable,op_10pct_selection_rule,tpr_at_1pct,tpr_at_1pct_interpolated,op_1pct_target_fpr,op_1pct_threshold,op_1pct_tp,op_1pct_fp,op_1pct_tn,op_1pct_fn,op_1pct_tpr,op_1pct_fpr,op_1pct_fpr_resolvable,op_1pct_selection_rule,tpr_at_0p1pct,tpr_at_0p1pct_interpolated,op_0p1pct_target_fpr,op_0p1pct_threshold,op_0p1pct_tp,op_0p1pct_fp,op_0p1pct_tn,op_0p1pct_fn,op_0p1pct_tpr,op_0p1pct_fpr,op_0p1pct_fpr_resolvable,op_0p1pct_selection_rule,n_shadow_trained,online,balanced,sd_in,sd_out,test_acc,dataset,model,variant,epsilon,run_seed
0.4982648930017351,0.04659726238673609,455,114,0.0989010989010989,0.0989010989010989,0.1,1.573362355107888,45,11,103,410,0.0989010989010989,0.09649122807017543,True,max_tpr_with_empirical_fpr_le_target,0.024175824175824177,0.024175824175824177,0.01,5.9212422226872405,11,1,113,444,0.024175824175824177,0.008771929824561403,True,max_tpr_with_empirical_fpr_le_target,0.013186813186813187,0.013186813186813187,0.001,8.340290360630554,6,0,114,449,0.013186813186813187,0.0,False,max_tpr_with_empirical_fpr_le_target,32,True,False,0.11044630323237295,0.11215289525740488,0.9122807017543859,BCP,LR,standard,,0
0.4940042413726624,0.0559282822440717,455,114,0.11648351648351649,0.11648351648351649,0.1,1.5560985189753747,53,11,103,402,0.11648351648351649,0.09649122807017543,True,max_tpr_with_empirical_fpr_le_target,0.008791208791208791,0.008791208791208791,0.01,5.1788937258896155,4,0,114,451,0.008791208791208791,0.0,True,max_tpr_with_empirical_fpr_le_target,0.008791208791208791,0.008791208791208791,0.001,5.1788937258896155,4,0,114,451,0.008791208791208791,0.0,False,max_tpr_with_empirical_fpr_le_target,32,True,False,0.10725541404656869,0.11082997723269812,0.9122807017543859,BCP,LR,standard,,1
0.5159051474840949,0.07977636398689031,455,114,0.11648351648351649,0.11648351648351649,0.1,1.3631939235082484,53,11,103,402,0.11648351648351649,0.09649122807017543,True,max_tpr_with_empirical_fpr_le_target,0.041758241758241756,0.041758241758241756,0.01,3.2519202180537405,19,0,114,436,0.041758241758241756,0.0,True,max_tpr_with_empirical_fpr_le_target,0.041758241758241756,0.041758241758241756,0.001,3.2519202180537405,19,0,114,436,0.041758241758241756,0.0,False,max_tpr_with_empirical_fpr_le_target,32,True,False,0.11933997449882623,0.12174244775472684,0.9122807017543859,BCP,LR,standard,,2
0.45951417004048584,0.01760169654906497,455,114,0.05714285714285714,0.05714285714285714,0.1,2.095903254368754,26,10,104,429,0.05714285714285714,0.08771929824561403,True,max_tpr_with_empirical_fpr_le_target,0.026373626373626374,0.026373626373626374,0.01,3.778163565417538,12,1,113,443,0.026373626373626374,0.008771929824561403,True,max_tpr_with_empirical_fpr_le_target,0.017582417582417582,0.017582417582417582,0.001,4.374998182616226,8,0,114,447,0.017582417582417582,0.0,False,max_tpr_with_empirical_fpr_le_target,32,True,False,0.11504959410436277,0.11889666180151198,0.9122807017543859,BCP,LR,standard,,3
0.4912666281087334,0.04902641218430692,455,114,0.11208791208791209,0.11208791208791209,0.1,1.6182915377642937,51,11,103,404,0.11208791208791209,0.09649122807017543,True,max_tpr_with_empirical_fpr_le_target,0.02197802197802198,0.02197802197802198,0.01,4.861261841868438,10,1,113,445,0.02197802197802198,0.008771929824561403,True,max_tpr_with_empirical_fpr_le_target,0.008791208791208791,0.008791208791208791,0.001,7.063404185806167,4,0,114,451,0.008791208791208791,0.0,False,max_tpr_with_empirical_fpr_le_target,32,True,False,0.12403033691349759,0.12235185803175716,0.9122807017543859,BCP,LR,standard,,4
0.46560632350106035,0.030672835935993903,455,114,0.054945054945054944,0.054945054945054944,0.1,1.5245596420461425,25,11,103,430,0.054945054945054944,0.09649122807017543,True,max_tpr_with_empirical_fpr_le_target,0.015384615384615385,0.015384615384615385,0.01,3.999529466621178,7,0,114,448,0.015384615384615385,0.0,True,max_tpr_with_empirical_fpr_le_target,0.015384615384615385,0.015384615384615385,0.001,3.999529466621178,7,0,114,448,0.015384615384615385,0.0,False,max_tpr_with_empirical_fpr_le_target,32,True,False,0.11988400790491177,0.12612989653646028,0.9122807017543859,BCP,LR,standard,,5
0.50900327742433,0.05594756121071909,455,114,0.10329670329670329,0.10329670329670329,0.1,1.564317979036435,47,11,103,408,0.10329670329670329,0.09649122807017543,True,max_tpr_with_empirical_fpr_le_target,0.04395604395604396,0.04395604395604396,0.01,3.1102865350099407,20,1,113,435,0.04395604395604396,0.008771929824561403,True,max_tpr_with_empirical_fpr_le_target,0.02857142857142857,0.02857142857142857,0.001,3.630642971482894,13,0,114,442,0.02857142857142857,0.0,False,max_tpr_with_empirical_fpr_le_target,32,True,False,0.10810034222033242,0.1118609547805843,0.9122807017543859,BCP,LR,standard,,6
0.5171775592828225,0.0656448814343551,455,114,0.13846153846153847,0.13846153846153847,0.1,1.1035749628147595,63,11,103,392,0.13846153846153847,0.09649122807017543,True,max_tpr_with_empirical_fpr_le_target,0.02857142857142857,0.02857142857142857,0.01,3.0298048088142977,13,1,113,442,0.02857142857142857,0.008771929824561403,True,max_tpr_with_empirical_fpr_le_target,0.015384615384615385,0.015384615384615385,0.001,4.136461810521508,7,0,114,448,0.015384615384615385,0.0,False,max_tpr_with_empirical_fpr_le_target,32,True,False,0.11704659422233657,0.12174632495201981,0.9122807017543859,BCP,LR,standard,,7
0.5056487372276846,0.07112010796221324,455,114,0.12307692307692308,0.12307692307692308,0.1,1.5219978812633816,56,11,103,399,0.12307692307692308,0.09649122807017543,True,max_tpr_with_empirical_fpr_le_target,0.026373626373626374,0.026373626373626374,0.01,5.569447688836219,12,1,113,443,0.026373626373626374,0.008771929824561403,True,max_tpr_with_empirical_fpr_le_target,0.002197802197802198,0.002197802197802198,0.001,11.253668050666313,1,0,114,454,0.002197802197802198,0.0,False,max_tpr_with_empirical_fpr_le_target,32,True,False,0.11425753850293781,0.11699987488806343,0.9122807017543859,BCP,LR,standard,,8
0.5435126277231541,0.09947946790052054,455,114,0.1054945054945055,0.1054945054945055,0.1,1.865636805314379,48,11,103,407,0.1054945054945055,0.09649122807017543,True,max_tpr_with_empirical_fpr_le_target,0.06373626373626373,0.06373626373626373,0.01,2.9959967452462832,29,1,113,426,0.06373626373626373,0.008771929824561403,True,max_tpr_with_empirical_fpr_le_target,0.06153846153846154,0.06153846153846154,0.001,3.0588687727329784,28,0,114,427,0.06153846153846154,0.0,False,max_tpr_with_empirical_fpr_le_target,32,True,False,0.11370365022473612,0.1138400270562899,0.9122807017543859,BCP,LR,standard,,9
0.5003084634663582,0.07971852708694815,455,114,0.08131868131868132,0.08131868131868132,0.1,1.9701770740339635,37,11,103,418,0.08131868131868132,0.09649122807017543,True,max_tpr_with_empirical_fpr_le_target,0.013186813186813187,0.013186813186813187,0.01,5.1460450437271525,6,1,113,449,0.013186813186813187,0.008771929824561403,True,max_tpr_with_empirical_fpr_le_target,0.01098901098901099,0.01098901098901099,0.001,5.391192428523417,5,0,114,450,0.01098901098901099,0.0,False,max_tpr_with_empirical_fpr_le_target,32,True,False,0.11147367697782665,0.11432121228994911,0.9122807017543859,BCP,LR,standard,,10
0.47942934258723735,0.0564488143435512,455,114,0.08791208791208792,0.08791208791208792,0.1,1.9164760478210594,40,11,103,415,0.08791208791208792,0.09649122807017543,True,max_tpr_with_empirical_fpr_le_target,0.006593406593406593,0.006593406593406593,0.01,6.480093866444655,3,0,114,452,0.006593406593406593,0.0,True,max_tpr_with_empirical_fpr_le_target,0.006593406593406593,0.006593406593406593,0.001,6.480093866444655,3,0,114,452,0.006593406593406593,0.0,False,max_tpr_with_empirical_fpr_le_target,32,True,False,0.11130864887475225,0.11184276319177332,0.9122807017543859,BCP,LR,standard,,11
0.48906882591093115,0.0816849816849817,455,114,0.14505494505494507,0.14505494505494507,0.1,1.2919219325713769,66,11,103,389,0.14505494505494507,0.09649122807017543,True,max_tpr_with_empirical_fpr_le_target,0.02197802197802198,0.02197802197802198,0.01,4.84147462109038,10,1,113,445,0.02197802197802198,0.008771929824561403,True,max_tpr_with_empirical_fpr_le_target,0.0,0.0,0.001,inf,0,0,114,455,0.0,0.0,False,max_tpr_with_empirical_fpr_le_target,32,True,False,0.10084847456992266,0.10237271999084725,0.9122807017543859,BCP,LR,standard,,12
0.4731251204935416,0.061615577405051095,455,114,0.11208791208791209,0.11208791208791209,0.1,1.083461058747821,51,9,105,404,0.11208791208791209,0.07894736842105263,True,max_tpr_with_empirical_fpr_le_target,0.02197802197802198,0.02197802197802198,0.01,3.2919167217018868,10,1,113,445,0.02197802197802198,0.008771929824561403,True,max_tpr_with_empirical_fpr_le_target,0.006593406593406593,0.006593406593406593,0.001,4.590353061146038,3,0,114,452,0.006593406593406593,0.0,False,max_tpr_with_empirical_fpr_le_target,32,True,False,0.11622520800910618,0.12382754643680743,0.9122807017543859,BCP,LR,standard,,13
0.5280894544052439,0.10508964719491032,455,114,0.14065934065934066,0.14065934065934066,0.1,1.211378121117793,64,11,103,391,0.14065934065934066,0.09649122807017543,True,max_tpr_with_empirical_fpr_le_target,0.05054945054945055,0.05054945054945055,0.01,2.7002725136750776,23,1,113,432,0.05054945054945055,0.008771929824561403,True,max_tpr_with_empirical_fpr_le_target,0.01978021978021978,0.01978021978021978,0.001,5.1043962874935715,9,0,114,446,0.01978021978021978,0.0,False,max_tpr_with_empirical_fpr_le_target,32,True,False,0.11955238687072511,0.1238123258957867,0.9122807017543859,BCP,LR,standard,,14
0.5151532677848467,0.06477732793522267,455,114,0.10989010989010989,0.10989010989010989,0.1,1.5207004572503884,50,9,105,405,0.10989010989010989,0.07894736842105263,True,max_tpr_with_empirical_fpr_le_target,0.02197802197802198,0.02197802197802198,0.01,3.3741627430239873,10,1,113,445,0.02197802197802198,0.008771929824561403,True,max_tpr_with_empirical_fpr_le_target,0.01978021978021978,0.01978021978021978,0.001,3.774430546733036,9,0,114,446,0.01978021978021978,0.0,False,max_tpr_with_empirical_fpr_le_target,32,True,False,0.12697845566241053,0.1286597715493815,0.9122807017543859,BCP,LR,standard,,15
0.5002120686331213,0.0714285714285714,455,114,0.08571428571428572,0.08571428571428572,0.1,1.890777157525211,39,11,103,416,0.08571428571428572,0.09649122807017543,True,max_tpr_with_empirical_fpr_le_target,0.02857142857142857,0.02857142857142857,0.01,3.997231422217153,13,1,113,442,0.02857142857142857,0.008771929824561403,True,max_tpr_with_empirical_fpr_le_target,0.017582417582417582,0.017582417582417582,0.001,4.756922048522775,8,0,114,447,0.017582417582417582,0.0,False,max_tpr_with_empirical_fpr_le_target,32,True,False,0.11143981153339573,0.11420458699747155,0.9122807017543859,BCP,LR,standard,,16
0.5261808367071525,0.09930595720069404,455,114,0.11868131868131868,0.11868131868131868,0.1,1.2650846966849016,54,11,103,401,0.11868131868131868,0.09649122807017543,True,max_tpr_with_empirical_fpr_le_target,0.013186813186813187,0.013186813186813187,0.01,5.825865501561801,6,1,113,449,0.013186813186813187,0.008771929824561403,True,max_tpr_with_empirical_fpr_le_target,0.008791208791208791,0.008791208791208791,0.001,7.007528828316038,4,0,114,451,0.008791208791208791,0.0,False,max_tpr_with_empirical_fpr_le_target,32,True,False,0.10894685798115779,0.11344964301860201,0.9122807017543859,BCP,LR,standard,,17
0.5066512434933488,0.06406400616926933,455,114,0.12527472527472527,0.12527472527472527,0.1,1.3036588905519597,57,11,103,398,0.12527472527472527,0.09649122807017543,True,max_tpr_with_empirical_fpr_le_target,0.015384615384615385,0.015384615384615385,0.01,3.844188376191525,7,0,114,448,0.015384615384615385,0.0,True,max_tpr_with_empirical_fpr_le_target,0.015384615384615385,0.015384615384615385,0.001,3.844188376191525,7,0,114,448,0.015384615384615385,0.0,False,max_tpr_with_empirical_fpr_le_target,32,True,False,0.12338136850479867,0.12701401631357168,0.9122807017543859,BCP,LR,standard,,18
0.46581839213418164,0.039656834393676496,455,114,0.10989010989010989,0.10989010989010989,0.1,1.6829137761543915,50,11,103,405,0.10989010989010989,0.09649122807017543,True,max_tpr_with_empirical_fpr_le_target,0.03736263736263736,0.03736263736263736,0.01,4.1950500378218845,17,1,113,438,0.03736263736263736,0.008771929824561403,True,max_tpr_with_empirical_fpr_le_target,0.026373626373626374,0.026373626373626374,0.001,4.916341921934777,12,0,114,443,0.026373626373626374,0.0,False,max_tpr_with_empirical_fpr_le_target,32,True,False,0.11548196309800547,0.11703943427555898,0.9122807017543859,BCP,LR,standard,,19
0.5052438789280895,0.06192404087140929,455,114,0.0989010989010989,0.0989010989010989,0.1,2.066577404722471,45,11,103,410,0.0989010989010989,0.09649122807017543,True,max_tpr_with_empirical_fpr_le_target,0.01978021978021978,0.01978021978021978,0.01,5.647615516745905,9,1,113,446,0.01978021978021978,0.008771929824561403,True,max_tpr_with_empirical_fpr_le_target,0.004395604395604396,0.004395604395604396,0.001,14.248510211897546,2,0,114,453,0.004395604395604396,0.0,False,max_tpr_with_empirical_fpr_le_target,32,True,False,0.1117003631542217,0.11205244387366728,0.9122807017543859,BCP,LR,standard,,20
0.48224407171775585,0.031193368035473318,455,114,0.0945054945054945,0.0945054945054945,0.1,1.460883354921628,43,11,103,412,0.0945054945054945,0.09649122807017543,True,max_tpr_with_empirical_fpr_le_target,0.017582417582417582,0.017582417582417582,0.01,5.288207867431581,8,1,113,447,0.017582417582417582,0.008771929824561403,True,max_tpr_with_empirical_fpr_le_target,0.006593406593406593,0.006593406593406593,0.001,6.843736628131697,3,0,114,452,0.006593406593406593,0.0,False,max_tpr_with_empirical_fpr_le_target,32,True,False,0.11388368487277062,0.11594689162716541,0.9122807017543859,BCP,LR,standard,,21
0.5264314632735685,0.10834779255831889,455,114,0.14725274725274726,0.14725274725274726,0.1,1.2600646531307929,67,11,103,388,0.14725274725274726,0.09649122807017543,True,max_tpr_with_empirical_fpr_le_target,0.03736263736263736,0.03736263736263736,0.01,3.4772509100774918,17,1,113,438,0.03736263736263736,0.008771929824561403,True,max_tpr_with_empirical_fpr_le_target,0.02857142857142857,0.02857142857142857,0.001,4.580138744813819,13,0,114,442,0.02857142857142857,0.0,False,max_tpr_with_empirical_fpr_le_target,32,True,False,0.11523382816593394,0.1173216250132618,0.9122807017543859,BCP,LR,standard,,22
0.5132832080200502,0.07480239059186428,455,114,0.12967032967032968,0.12967032967032968,0.1,0.9839726965277431,59,11,103,396,0.12967032967032968,0.09649122807017543,True,max_tpr_with_empirical_fpr_le_target,0.03736263736263736,0.03736263736263736,0.01,2.3221142694918555,17,1,113,438,0.03736263736263736,0.008771929824561403,True,max_tpr_with_empirical_fpr_le_target,0.008791208791208791,0.008791208791208791,0.001,5.642443870952487,4,0,114,451,0.008791208791208791,0.0,False,max_tpr_with_empirical_fpr_le_target,32,True,False,0.12167340500960398,0.1288952449858216,0.9122807017543859,BCP,LR,standard,,23
0.5078272604588394,0.06651243493348757,455,114,0.1010989010989011,0.1010989010989011,0.1,1.104423855386341,46,11,103,409,0.1010989010989011,0.09649122807017543,True,max_tpr_with_empirical_fpr_le_target,0.008791208791208791,0.008791208791208791,0.01,4.426443341276982,4,0,114,451,0.008791208791208791,0.0,True,max_tpr_with_empirical_fpr_le_target,0.008791208791208791,0.008791208791208791,0.001,4.426443341276982,4,0,114,451,0.008791208791208791,0.0,False,max_tpr_with_empirical_fpr_le_target,32,True,False,0.11539395164347536,0.11956762590894786,0.9122807017543859,BCP,LR,standard,,24
0.5011374590321959,0.06390977443609022,455,114,0.14505494505494507,0.14505494505494507,0.1,1.2422961990940786,66,10,104,389,0.14505494505494507,0.08771929824561403,True,max_tpr_with_empirical_fpr_le_target,0.035164835164835165,0.035164835164835165,0.01,3.4564802896336104,16,1,113,439,0.035164835164835165,0.008771929824561403,True,max_tpr_with_empirical_fpr_le_target,0.008791208791208791,0.008791208791208791,0.001,6.599149633203687,4,0,114,451,0.008791208791208791,0.0,False,max_tpr_with_empirical_fpr_le_target,32,True,False,0.11639151378084135,0.1197052148281578,0.9122807017543859,BCP,LR,standard,,25
0.5006362058993639,0.041873915558126085,455,114,0.13186813186813187,0.13186813186813187,0.1,1.3432866043271288,60,11,103,395,0.13186813186813187,0.09649122807017543,True,max_tpr_with_empirical_fpr_le_target,0.02857142857142857,0.02857142857142857,0.01,3.7463748394367506,13,1,113,442,0.02857142857142857,0.008771929824561403,True,max_tpr_with_empirical_fpr_le_target,0.01978021978021978,0.01978021978021978,0.001,4.205415002291392,9,0,114,446,0.01978021978021978,0.0,False,max_tpr_with_empirical_fpr_le_target,32,True,False,0.12864293143628916,0.1312323662814859,0.9122807017543859,BCP,LR,standard,,26
0.4870252554463081,0.0706959706959707,455,114,0.15824175824175823,0.15824175824175823,0.1,1.3331398033969268,72,11,103,383,0.15824175824175823,0.09649122807017543,True,max_tpr_with_empirical_fpr_le_target,0.041758241758241756,0.041758241758241756,0.01,3.4284951180219934,19,1,113,436,0.041758241758241756,0.008771929824561403,True,max_tpr_with_empirical_fpr_le_target,0.03956043956043956,0.03956043956043956,0.001,3.4757020090244546,18,0,114,437,0.03956043956043956,0.0,False,max_tpr_with_empirical_fpr_le_target,32,True,False,0.10300904894411714,0.1051940526122234,0.9122807017543859,BCP,LR,standard,,27
0.5149026412184307,0.045845382687487946,455,114,0.12527472527472527,0.12527472527472527,0.1,1.5882729992837659,57,11,103,398,0.12527472527472527,0.09649122807017543,True,max_tpr_with_empirical_fpr_le_target,0.02197802197802198,0.02197802197802198,0.01,5.934564965989802,10,1,113,445,0.02197802197802198,0.008771929824561403,True,max_tpr_with_empirical_fpr_le_target,0.01978021978021978,0.01978021978021978,0.001,6.281763629859546,9,0,114,446,0.01978021978021978,0.0,False,max_tpr_with_empirical_fpr_le_target,32,True,False,0.11570628890589262,0.11723828273857327,0.9122807017543859,BCP,LR,standard,,28
0.5101600154231734,0.06205899363794101,455,114,0.0967032967032967,0.0967032967032967,0.1,1.5928738244962144,44,11,103,411,0.0967032967032967,0.09649122807017543,True,max_tpr_with_empirical_fpr_le_target,0.02857142857142857,0.02857142857142857,0.01,3.754295636013289,13,1,113,442,0.02857142857142857,0.008771929824561403,True,max_tpr_with_empirical_fpr_le_target,0.013186813186813187,0.013186813186813187,0.001,4.753344468669823,6,0,114,449,0.013186813186813187,0.0,False,max_tpr_with_empirical_fpr_le_target,32,True,False,0.100860671200544,0.10289183794223263,0.9122807017543859,BCP,LR,standard,,29
0.515461731251205,0.06466165413533836,455,114,0.0945054945054945,0.0945054945054945,0.1,0.40437718625399555,43,11,103,412,0.0945054945054945,0.09649122807017543,True,max_tpr_with_empirical_fpr_le_target,0.015384615384615385,0.015384615384615385,0.01,0.9962003806326987,7,1,113,448,0.015384615384615385,0.008771929824561403,True,max_tpr_with_empirical_fpr_le_target,0.01098901098901099,0.01098901098901099,0.001,1.5597205963776544,5,0,114,450,0.01098901098901099,0.0,False,max_tpr_with_empirical_fpr_le_target,32,True,False,9.55478195661677,9.60737806431667,0.6578947368421053,BCP,LR,dp,0.1,0
0.48264893001735115,0.03468286099865048,455,114,0.07032967032967033,0.07032967032967033,0.1,0.5274858631637205,32,11,103,423,0.07032967032967033,0.09649122807017543,True,max_tpr_with_empirical_fpr_le_target,0.013186813186813187,0.013186813186813187,0.01,1.0362731058468198,6,0,114,449,0.013186813186813187,0.0,True,max_tpr_with_empirical_fpr_le_target,0.013186813186813187,0.013186813186813187,0.001,1.0362731058468198,6,0,114,449,0.013186813186813187,0.0,False,max_tpr_with_empirical_fpr_le_target,32,True,False,10.215995779403801,10.279188068319254,0.6578947368421053,BCP,LR,dp,0.1,1
0.4816078658183922,0.04426450742240218,455,114,0.0945054945054945,0.0945054945054945,0.1,0.32599826970626244,43,11,103,412,0.0945054945054945,0.09649122807017543,True,max_tpr_with_empirical_fpr_le_target,0.017582417582417582,0.017582417582417582,0.01,0.7515505388492763,8,1,113,447,0.017582417582417582,0.008771929824561403,True,max_tpr_with_empirical_fpr_le_target,0.004395604395604396,0.004395604395604396,0.001,1.0444393816922402,2,0,114,453,0.004395604395604396,0.0,False,max_tpr_with_empirical_fpr_le_target,32,True,False,10.467507938948403,10.393672767175769,0.6578947368421053,BCP,LR,dp,0.1,2
0.5644495855022171,0.15471370734528633,455,114,0.10989010989010989,0.10989010989010989,0.1,0.40405128947272617,50,10,104,405,0.10989010989010989,0.08771929824561403,True,max_tpr_with_empirical_fpr_le_target,0.0,0.0,0.01,0.9839293463681669,0,1,113,455,0.0,0.008771929824561403,True,max_tpr_with_empirical_fpr_le_target,0.0,0.0,0.001,inf,0,0,114,455,0.0,0.0,False,max_tpr_with_empirical_fpr_le_target,32,True,False,9.873583814812957,9.978619596110923,0.6578947368421053,BCP,LR,dp,0.1,3
0.47782918835550425,0.0390977443609023,455,114,0.0945054945054945,0.0945054945054945,0.1,0.3230091800838295,43,11,103,412,0.0945054945054945,0.09649122807017543,True,max_tpr_with_empirical_fpr_le_target,0.01978021978021978,0.01978021978021978,0.01,0.6871460223495904,9,1,113,446,0.01978021978021978,0.008771929824561403,True,max_tpr_with_empirical_fpr_le_target,0.015384615384615385,0.015384615384615385,0.001,0.7718847195923648,7,0,114,448,0.015384615384615385,0.0,False,max_tpr_with_empirical_fpr_le_target,32,True,False,10.826690978293687,10.87165838195804,0.6578947368421053,BCP,LR,dp,0.1,4
0.4649893965683439,0.05078079814921921,455,114,0.12747252747252746,0.12747252747252746,0.1,0.4278824504247112,58,11,103,397,0.12747252747252746,0.09649122807017543,True,max_tpr_with_empirical_fpr_le_target,0.03076923076923077,0.03076923076923077,0.01,0.8436832985711025,14,1,113,441,0.03076923076923077,0.008771929824561403,True,max_tpr_with_empirical_fpr_le_target,0.02197802197802198,0.02197802197802198,0.001,0.8992507665634117,10,0,114,445,0.02197802197802198,0.0,False,max_tpr_with_empirical_fpr_le_target,32,True,False,10.48716649677573,10.493667184644982,0.6578947368421053,BCP,LR,dp,0.1,5
0.5088490456911511,0.06431463273568538,455,114,0.12307692307692308,0.12307692307692308,0.1,0.33663931856602947,56,11,103,399,0.12307692307692308,0.09649122807017543,True,max_tpr_with_empirical_fpr_le_target,0.015384615384615385,0.015384615384615385,0.01,0.7475918250542728,7,1,113,448,0.015384615384615385,0.008771929824561403,True,max_tpr_with_empirical_fpr_le_target,0.0,0.0,0.001,inf,0,0,114,455,0.0,0.0,False,max_tpr_with_empirical_fpr_le_target,32,True,False,10.201612697871616,10.349317627387997,0.6578947368421053,BCP,LR,dp,0.1,6
0.4820898399845769,0.029226913437439772,455,114,0.08351648351648351,0.08351648351648351,0.1,0.4252000034126926,38,11,103,417,0.08351648351648351,0.09649122807017543,True,max_tpr_with_empirical_fpr_le_target,0.013186813186813187,0.013186813186813187,0.01,0.9867676432739332,6,1,113,449,0.013186813186813187,0.008771929824561403,True,max_tpr_with_empirical_fpr_le_target,0.0,0.0,0.001,inf,0,0,114,455,0.0,0.0,False,max_tpr_with_empirical_fpr_le_target,32,True,False,9.635321159389553,9.66297878430244,0.6578947368421053,BCP,LR,dp,0.1,7
0.541276267592057,0.09302101407364566,455,114,0.11208791208791209,0.11208791208791209,0.1,0.38009564509844473,51,11,103,404,0.11208791208791209,0.09649122807017543,True,max_tpr_with_empirical_fpr_le_target,0.013186813186813187,0.013186813186813187,0.01,0.9023200110218008,6,1,113,449,0.013186813186813187,0.008771929824561403,True,max_tpr_with_empirical_fpr_le_target,0.0,0.0,0.001,inf,0,0,114,455,0.0,0.0,False,max_tpr_with_empirical_fpr_le_target,32,True,False,9.171577453031912,9.134458489252136,0.6578947368421053,BCP,LR,dp,0.1,8
0.525409678041257,0.07507229612492772,455,114,0.13626373626373625,0.13626373626373625,0.1,0.2743637466273854,62,11,103,393,0.13626373626373625,0.09649122807017543,True,max_tpr_with_empirical_fpr_le_target,0.002197802197802198,0.002197802197802198,0.01,1.2640050839937844,1,1,113,454,0.002197802197802198,0.008771929824561403,True,max_tpr_with_empirical_fpr_le_target,0.0,0.0,0.001,inf,0,0,114,455,0.0,0.0,False,max_tpr_with_empirical_fpr_le_target,32,True,False,10.250844489347951,10.113792809362966,0.6578947368421053,BCP,LR,dp,0.1,9
0.4924233661075767,0.05747059957586273,455,114,0.12307692307692308,0.12307692307692308,0.1,0.31764591272148657,56,11,103,399,0.12307692307692308,0.09649122807017543,True,max_tpr_with_empirical_fpr_le_target,0.006593406593406593,0.006593406593406593,0.01,0.8494040251887576,3,1,113,452,0.006593406593406593,0.008771929824561403,True,max_tpr_with_empirical_fpr_le_target,0.004395604395604396,0.004395604395604396,0.001,0.9291109787072598,2,0,114,453,0.004395604395604396,0.0,False,max_tpr_with_empirical_fpr_le_target,32,True,False,9.98562788362091,10.104845470919322,0.6578947368421053,BCP,LR,dp,0.1,10
0.4669751301330249,0.0727395411605938,455,114,0.16923076923076924,0.16923076923076924,0.1,0.2531291882123785,77,11,103,378,0.16923076923076924,0.09649122807017543,True,max_tpr_with_empirical_fpr_le_target,0.0,0.0,0.01,1.6806490147567015,0,1,113,455,0.0,0.008771929824561403,True,max_tpr_with_empirical_fpr_le_target,0.0,0.0,0.001,inf,0,0,114,455,0.0,0.0,False,max_tpr_with_empirical_fpr_le_target,32,True,False,10.03135325469174,10.077375623793579,0.6578947368421053,BCP,LR,dp,0.1,11
0.45525351841141315,0.03296703296703297,455,114,0.0989010989010989,0.0989010989010989,0.1,0.43275894459807596,45,11,103,410,0.0989010989010989,0.09649122807017543,True,max_tpr_with_empirical_fpr_le_target,0.03956043956043956,0.03956043956043956,0.01,0.7750436955040745,18,1,113,437,0.03956043956043956,0.008771929824561403,True,max_tpr_with_empirical_fpr_le_target,0.03296703296703297,0.03296703296703297,0.001,0.8152318877567071,15,0,114,440,0.03296703296703297,0.0,False,max_tpr_with_empirical_fpr_le_target,32,True,False,10.413289817397173,10.405871272243429,0.6578947368421053,BCP,LR,dp,0.1,12
0.5340659340659342,0.08852901484480435,455,114,0.15164835164835164,0.15164835164835164,0.1,0.25885923759560914,69,11,103,386,0.15164835164835164,0.09649122807017543,True,max_tpr_with_empirical_fpr_le_target,0.01978021978021978,0.01978021978021978,0.01,0.7886846223698978,9,1,113,446,0.01978021978021978,0.008771929824561403,True,max_tpr_with_empirical_fpr_le_target,0.008791208791208791,0.008791208791208791,0.001,0.9395708843337651,4,0,114,451,0.008791208791208791,0.0,False,max_tpr_with_empirical_fpr_le_target,32,True,False,10.088948994957645,10.063211159679996,0.6578947368421053,BCP,LR,dp,0.1,13
0.503682282629651,0.053094274146905734,455,114,0.08791208791208792,0.08791208791208792,0.1,0.41371976685888834,40,11,103,415,0.08791208791208792,0.09649122807017543,True,max_tpr_with_empirical_fpr_le_target,0.002197802197802198,0.002197802197802198,0.01,1.2693282829711618,1,0,114,454,0.002197802197802198,0.0,True,max_tpr_with_empirical_fpr_le_target,0.002197802197802198,0.002197802197802198,0.001,1.2693282829711618,1,0,114,454,0.002197802197802198,0.0,False,max_tpr_with_empirical_fpr_le_target,32,True,False,10.5361659600288,10.464871426812326,0.6578947368421053,BCP,LR,dp,0.1,14
0.5087526508579141,0.10805860805860809,455,114,0.15824175824175823,0.15824175824175823,0.1,0.33469204054520496,72,10,104,383,0.15824175824175823,0.08771929824561403,True,max_tpr_with_empirical_fpr_le_target,0.017582417582417582,0.017582417582417582,0.01,0.8769894512835488,8,1,113,447,0.017582417582417582,0.008771929824561403,True,max_tpr_with_empirical_fpr_le_target,0.008791208791208791,0.008791208791208791,0.001,0.9777305661746265,4,0,114,451,0.008791208791208791,0.0,False,max_tpr_with_empirical_fpr_le_target,32,True,False,9.922916390704101,10.062669900615743,0.6578947368421053,BCP,LR,dp,0.1,15
0.47804125698862543,0.05700790437632541,455,114,0.11648351648351649,0.11648351648351649,0.1,0.3397184626726224,53,11,103,402,0.11648351648351649,0.09649122807017543,True,max_tpr_with_empirical_fpr_le_target,0.03736263736263736,0.03736263736263736,0.01,0.608339426102003,17,1,113,438,0.03736263736263736,0.008771929824561403,True,max_tpr_with_empirical_fpr_le_target,0.008791208791208791,0.008791208791208791,0.001,0.8874276150435589,4,0,114,451,0.008791208791208791,0.0,False,max_tpr_with_empirical_fpr_le_target,32,True,False,10.010636975023571,10.066740436092234,0.6578947368421053,BCP,LR,dp,0.1,16
0.45662232504337763,0.02488914594177749,455,114,0.06153846153846154,0.06153846153846154,0.1,0.5371613891470952,28,10,104,427,0.06153846153846154,0.08771929824561403,True,max_tpr_with_empirical_fpr_le_target,0.002197802197802198,0.002197802197802198,0.01,1.5970420905638534,1,0,114,454,0.002197802197802198,0.0,True,max_tpr_with_empirical_fpr_le_target,0.002197802197802198,0.002197802197802198,0.001,1.5970420905638534,1,0,114,454,0.002197802197802198,0.0,False,max_tpr_with_empirical_fpr_le_target,32,True,False,9.850500640278064,9.84027972987715,0.6578947368421053,BCP,LR,dp,0.1,17
0.5268363215731637,0.12379024484287643,455,114,0.05274725274725275,0.05274725274725275,0.1,0.495472181669653,24,11,103,431,0.05274725274725275,0.09649122807017543,True,max_tpr_with_empirical_fpr_le_target,0.013186813186813187,0.013186813186813187,0.01,0.8921670583252603,6,1,113,449,0.013186813186813187,0.008771929824561403,True,max_tpr_with_empirical_fpr_le_target,0.004395604395604396,0.004395604395604396,0.001,1.1752435892808784,2,0,114,453,0.004395604395604396,0.0,False,max_tpr_with_empirical_fpr_le_target,32,True,False,10.284919498451808,10.28073694262298,0.6578947368421053,BCP,LR,dp,0.1,18
0.5078465394254867,0.0887218045112782,455,114,0.03956043956043956,0.03956043956043956,0.1,0.5844602614717367,18,11,103,437,0.03956043956043956,0.09649122807017543,True,max_tpr_with_empirical_fpr_le_target,0.008791208791208791,0.008791208791208791,0.01,1.0001837691833302,4,1,113,451,0.008791208791208791,0.008771929824561403,True,max_tpr_with_empirical_fpr_le_target,0.006593406593406593,0.006593406593406593,0.001,1.0994277506797903,3,0,114,452,0.006593406593406593,0.0,False,max_tpr_with_empirical_fpr_le_target,32,True,False,10.604313017997217,10.535851155172098,0.6578947368421053,BCP,LR,dp,0.1,19
0.5286871023713129,0.11698476961634857,455,114,0.14505494505494507,0.14505494505494507,0.1,0.2887503489616772,66,11,103,389,0.14505494505494507,0.09649122807017543,True,max_tpr_with_empirical_fpr_le_target,0.026373626373626374,0.026373626373626374,0.01,0.6696916702751601,12,1,113,443,0.026373626373626374,0.008771929824561403,True,max_tpr_with_empirical_fpr_le_target,0.01978021978021978,0.01978021978021978,0.001,0.780735850006665,9,0,114,446,0.01978021978021978,0.0,False,max_tpr_with_empirical_fpr_le_target,32,True,False,10.680764632448836,10.814848861555971,0.6578947368421053,BCP,LR,dp,0.1,20
0.4713514555619819,0.035955272797378035,455,114,0.0989010989010989,0.0989010989010989,0.1,0.39306939654855366,45,11,103,410,0.0989010989010989,0.09649122807017543,True,max_tpr_with_empirical_fpr_le_target,0.03296703296703297,0.03296703296703297,0.01,0.5939129059206509,15,1,113,440,0.03296703296703297,0.008771929824561403,True,max_tpr_with_empirical_fpr_le_target,0.013186813186813187,0.013186813186813187,0.001,0.8114251170479911,6,0,114,449,0.013186813186813187,0.0,False,max_tpr_with_empirical_fpr_le_target,32,True,False,10.675999696276,10.633502077068032,0.6578947368421053,BCP,LR,dp,0.1,21
0.4772122614227877,0.026508579140158098,455,114,0.1054945054945055,0.1054945054945055,0.1,0.3060215006682423,48,11,103,407,0.1054945054945055,0.09649122807017543,True,max_tpr_with_empirical_fpr_le_target,0.008791208791208791,0.008791208791208791,0.01,0.8037326743928954,4,1,113,451,0.008791208791208791,0.008771929824561403,True,max_tpr_with_empirical_fpr_le_target,0.006593406593406593,0.006593406593406593,0.001,0.8712350484853397,3,0,114,452,0.006593406593406593,0.0,False,max_tpr_with_empirical_fpr_le_target,32,True,False,10.543110068918255,10.60514896200067,0.6578947368421053,BCP,LR,dp,0.1,22
0.508752650857914,0.13022941970310392,455,114,0.17142857142857143,0.17142857142857143,0.1,0.30231195031084956,78,11,103,377,0.17142857142857143,0.09649122807017543,True,max_tpr_with_empirical_fpr_le_target,0.002197802197802198,0.002197802197802198,0.01,1.4037502074594697,1,0,114,454,0.002197802197802198,0.0,True,max_tpr_with_empirical_fpr_le_target,0.002197802197802198,0.002197802197802198,0.001,1.4037502074594697,1,0,114,454,0.002197802197802198,0.0,False,max_tpr_with_empirical_fpr_le_target,32,True,False,10.241486632863484,10.299930990874406,0.6578947368421053,BCP,LR,dp,0.1,23
0.5331598226335068,0.11511470985155198,455,114,0.15604395604395604,0.15604395604395604,0.1,0.34456030123488324,71,11,103,384,0.15604395604395604,0.09649122807017543,True,max_tpr_with_empirical_fpr_le_target,0.013186813186813187,0.013186813186813187,0.01,0.8751608274505798,6,1,113,449,0.013186813186813187,0.008771929824561403,True,max_tpr_with_empirical_fpr_le_target,0.008791208791208791,0.008791208791208791,0.001,0.9520322103173031,4,0,114,451,0.008791208791208791,0.0,False,max_tpr_with_empirical_fpr_le_target,32,True,False,9.192474621952899,9.219724841309755,0.6578947368421053,BCP,LR,dp,0.1,24
0.5068825910931175,0.05575477154424524,455,114,0.1054945054945055,0.1054945054945055,0.1,0.36988130995912716,48,11,103,407,0.1054945054945055,0.09649122807017543,True,max_tpr_with_empirical_fpr_le_target,0.01098901098901099,0.01098901098901099,0.01,0.9883323148173089,5,1,113,450,0.01098901098901099,0.008771929824561403,True,max_tpr_with_empirical_fpr_le_target,0.002197802197802198,0.002197802197802198,0.001,1.8414754930481512,1,0,114,454,0.002197802197802198,0.0,False,max_tpr_with_empirical_fpr_le_target,32,True,False,10.480627460883703,10.505834668516885,0.6578947368421053,BCP,LR,dp,0.1,25
0.46732215153267787,0.03940620782726045,455,114,0.11428571428571428,0.11428571428571428,0.1,0.41701001806742743,52,11,103,403,0.11428571428571428,0.09649122807017543,True,max_tpr_with_empirical_fpr_le_target,0.008791208791208791,0.008791208791208791,0.01,1.0554621923521936,4,1,113,451,0.008791208791208791,0.008771929824561403,True,max_tpr_with_empirical_fpr_le_target,0.004395604395604396,0.004395604395604396,0.001,1.5047329845558224,2,0,114,453,0.004395604395604396,0.0,False,max_tpr_with_empirical_fpr_le_target,32,True,False,9.380215831820516,9.43332020184463,0.6578947368421053,BCP,LR,dp,0.1,26
0.4898592635434741,0.07750144592249858,455,114,0.1054945054945055,0.1054945054945055,0.1,0.3705450578921301,48,11,103,407,0.1054945054945055,0.09649122807017543,True,max_tpr_with_empirical_fpr_le_target,0.0,0.0,0.01,1.1795937111912664,0,1,113,455,0.0,0.008771929824561403,True,max_tpr_with_empirical_fpr_le_target,0.0,0.0,0.001,inf,0,0,114,455,0.0,0.0,False,max_tpr_with_empirical_fpr_le_target,32,True,False,9.944429258982161,9.958196252383713,0.6578947368421053,BCP,LR,dp,0.1,27
0.42822440717177557,0.002197802197802198,455,114,0.05274725274725275,0.05274725274725275,0.1,0.39366503929380103,24,10,104,431,0.05274725274725275,0.08771929824561403,True,max_tpr_with_empirical_fpr_le_target,0.002197802197802198,0.002197802197802198,0.01,1.5421972623454154,1,0,114,454,0.002197802197802198,0.0,True,max_tpr_with_empirical_fpr_le_target,0.002197802197802198,0.002197802197802198,0.001,1.5421972623454154,1,0,114,454,0.002197802197802198,0.0,False,max_tpr_with_empirical_fpr_le_target,32,True,False,9.836721424853963,9.897994853707099,0.6578947368421053,BCP,LR,dp,0.1,28
0.5270676691729324,0.10393290919606707,455,114,0.14065934065934066,0.14065934065934066,0.1,0.38508732683294955,64,11,103,391,0.14065934065934066,0.09649122807017543,True,max_tpr_with_empirical_fpr_le_target,0.026373626373626374,0.026373626373626374,0.01,0.8944131450866468,12,1,113,443,0.026373626373626374,0.008771929824561403,True,max_tpr_with_empirical_fpr_le_target,0.024175824175824177,0.024175824175824177,0.001,0.9165230420255197,11,0,114,444,0.024175824175824177,0.0,False,max_tpr_with_empirical_fpr_le_target,32,True,False,9.511562165321962,9.59694913502582,0.6578947368421053,BCP,LR,dp,0.1,29
0.5210911895122422,0.0731636784268363,455,114,0.11868131868131868,0.11868131868131868,0.1,0.35716731883609976,54,11,103,401,0.11868131868131868,0.09649122807017543,True,max_tpr_with_empirical_fpr_le_target,0.01098901098901099,0.01098901098901099,0.01,1.2655907658239935,5,0,114,450,0.01098901098901099,0.0,True,max_tpr_with_empirical_fpr_le_target,0.01098901098901099,0.01098901098901099,0.001,1.2655907658239935,5,0,114,450,0.01098901098901099,0.0,False,max_tpr_with_empirical_fpr_le_target,32,True,False,8.432743796341988,8.506412293976313,0.6754385964912281,BCP,LR,dp,0.2,0
0.4771929824561404,0.016348563716984787,455,114,0.08351648351648351,0.08351648351648351,0.1,0.41122404774901256,38,11,103,417,0.08351648351648351,0.09649122807017543,True,max_tpr_with_empirical_fpr_le_target,0.004395604395604396,0.004395604395604396,0.01,1.300042581776521,2,0,114,453,0.004395604395604396,0.0,True,max_tpr_with_empirical_fpr_le_target,0.004395604395604396,0.004395604395604396,0.001,1.300042581776521,2,0,114,453,0.004395604395604396,0.0,False,max_tpr_with_empirical_fpr_le_target,32,True,False,9.077531862257402,9.11314251506048,0.6754385964912281,BCP,LR,dp,0.2,1
0.46755349913244654,0.03283208020050121,455,114,0.08351648351648351,0.08351648351648351,0.1,0.3124094199989007,38,11,103,417,0.08351648351648351,0.09649122807017543,True,max_tpr_with_empirical_fpr_le_target,0.013186813186813187,0.013186813186813187,0.01,0.824026055558388,6,1,113,449,0.013186813186813187,0.008771929824561403,True,max_tpr_with_empirical_fpr_le_target,0.006593406593406593,0.006593406593406593,0.001,1.1410599413904237,3,0,114,452,0.006593406593406593,0.0,False,max_tpr_with_empirical_fpr_le_target,32,True,False,8.574059311719713,8.514941105778242,0.6754385964912281,BCP,LR,dp,0.2,2
0.5526508579140159,0.15685367264314637,455,114,0.07252747252747253,0.07252747252747253,0.1,0.43394124091101904,33,11,103,422,0.07252747252747253,0.09649122807017543,True,max_tpr_with_empirical_fpr_le_target,0.002197802197802198,0.002197802197802198,0.01,1.2133782558915769,1,0,114,454,0.002197802197802198,0.0,True,max_tpr_with_empirical_fpr_le_target,0.002197802197802198,0.002197802197802198,0.001,1.2133782558915769,1,0,114,454,0.002197802197802198,0.0,False,max_tpr_with_empirical_fpr_le_target,32,True,False,8.749968110923684,8.877633817365506,0.6754385964912281,BCP,LR,dp,0.2,3
0.4966261808367072,0.05236167341430498,455,114,0.07692307692307693,0.07692307692307693,0.1,0.400263257786436,35,11,103,420,0.07692307692307693,0.09649122807017543,True,max_tpr_with_empirical_fpr_le_target,0.015384615384615385,0.015384615384615385,0.01,0.8951731835883026,7,1,113,448,0.015384615384615385,0.008771929824561403,True,max_tpr_with_empirical_fpr_le_target,0.004395604395604396,0.004395604395604396,0.001,1.2563382717467846,2,0,114,453,0.004395604395604396,0.0,False,max_tpr_with_empirical_fpr_le_target,32,True,False,9.05386582707544,9.224790543863136,0.6754385964912281,BCP,LR,dp,0.2,4
0.46589550800077123,0.04644303065355698,455,114,0.11208791208791209,0.11208791208791209,0.1,0.38176550414158195,51,11,103,404,0.11208791208791209,0.09649122807017543,True,max_tpr_with_empirical_fpr_le_target,0.041758241758241756,0.041758241758241756,0.01,0.6033287703271313,19,1,113,436,0.041758241758241756,0.008771929824561403,True,max_tpr_with_empirical_fpr_le_target,0.01098901098901099,0.01098901098901099,0.001,0.8678816791234443,5,0,114,450,0.01098901098901099,0.0,False,max_tpr_with_empirical_fpr_le_target,32,True,False,9.251250126402724,9.28309547157164,0.6754385964912281,BCP,LR,dp,0.2,5
0.5069018700597648,0.07503373819163295,455,114,0.09010989010989011,0.09010989010989011,0.1,0.36295458321848884,41,11,103,414,0.09010989010989011,0.09649122807017543,True,max_tpr_with_empirical_fpr_le_target,0.004395604395604396,0.004395604395604396,0.01,0.9199262972370557,2,1,113,453,0.004395604395604396,0.008771929824561403,True,max_tpr_with_empirical_fpr_le_target,0.002197802197802198,0.002197802197802198,0.001,1.0779704072346665,1,0,114,454,0.002197802197802198,0.0,False,max_tpr_with_empirical_fpr_le_target,32,True,False,8.829183129157588,8.939112597255168,0.6754385964912281,BCP,LR,dp,0.2,6
0.5091382301908618,0.07121650279545017,455,114,0.08571428571428572,0.08571428571428572,0.1,0.4423168412642835,39,11,103,416,0.08571428571428572,0.09649122807017543,True,max_tpr_with_empirical_fpr_le_target,0.01098901098901099,0.01098901098901099,0.01,1.1544100446133925,5,1,113,450,0.01098901098901099,0.008771929824561403,True,max_tpr_with_empirical_fpr_le_target,0.0,0.0,0.001,inf,0,0,114,455,0.0,0.0,False,max_tpr_with_empirical_fpr_le_target,32,True,False,8.48719032108216,8.525883871768835,0.6754385964912281,BCP,LR,dp,0.2,7
0.5285521496047811,0.12365529207634474,455,114,0.09230769230769231,0.09230769230769231,0.1,0.44256233123840527,42,11,103,413,0.09230769230769231,0.09649122807017543,True,max_tpr_with_empirical_fpr_le_target,0.004395604395604396,0.004395604395604396,0.01,1.5434153297871855,2,0,114,453,0.004395604395604396,0.0,True,max_tpr_with_empirical_fpr_le_target,0.004395604395604396,0.004395604395604396,0.001,1.5434153297871855,2,0,114,453,0.004395604395604396,0.0,False,max_tpr_with_empirical_fpr_le_target,32,True,False,7.956352769971936,7.981965414316123,0.6754385964912281,BCP,LR,dp,0.2,8
0.5364758048968575,0.07806053595527274,455,114,0.14945054945054945,0.14945054945054945,0.1,0.2547321121579764,68,11,103,387,0.14945054945054945,0.09649122807017543,True,max_tpr_with_empirical_fpr_le_target,0.01978021978021978,0.01978021978021978,0.01,1.0970101606021068,9,1,113,446,0.01978021978021978,0.008771929824561403,True,max_tpr_with_empirical_fpr_le_target,0.0,0.0,0.001,inf,0,0,114,455,0.0,0.0,False,max_tpr_with_empirical_fpr_le_target,32,True,False,8.885145158999084,8.714610020485006,0.6754385964912281,BCP,LR,dp,0.2,9
0.5156930788509735,0.055851166377482164,455,114,0.0989010989010989,0.0989010989010989,0.1,0.3966598684128093,45,11,103,410,0.0989010989010989,0.09649122807017543,True,max_tpr_with_empirical_fpr_le_target,0.013186813186813187,0.013186813186813187,0.01,0.9063147946940342,6,1,113,449,0.013186813186813187,0.008771929824561403,True,max_tpr_with_empirical_fpr_le_target,0.002197802197802198,0.002197802197802198,0.001,1.6356689287111745,1,0,114,454,0.002197802197802198,0.0,False,max_tpr_with_empirical_fpr_le_target,32,True,False,8.645849059408846,8.751960964514303,0.6754385964912281,BCP,LR,dp,0.2,10
0.46874879506458456,0.057316367842683624,455,114,0.14285714285714285,0.14285714285714285,0.1,0.28792835451399723,65,11,103,390,0.14285714285714285,0.09649122807017543,True,max_tpr_with_empirical_fpr_le_target,0.0,0.0,0.01,1.5823183152396565,0,1,113,455,0.0,0.008771929824561403,True,max_tpr_with_empirical_fpr_le_target,0.0,0.0,0.001,inf,0,0,114,455,0.0,0.0,False,max_tpr_with_empirical_fpr_le_target,32,True,False,9.037499939958291,9.123614505272236,0.6754385964912281,BCP,LR,dp,0.2,11
0.4549064970117602,0.01762097551571236,455,114,0.07912087912087912,0.07912087912087912,0.1,0.4273402617319304,36,11,103,419,0.07912087912087912,0.09649122807017543,True,max_tpr_with_empirical_fpr_le_target,0.015384615384615385,0.015384615384615385,0.01,0.924797700981097,7,1,113,448,0.015384615384615385,0.008771929824561403,True,max_tpr_with_empirical_fpr_le_target,0.013186813186813187,0.013186813186813187,0.001,0.9737109172385967,6,0,114,449,0.013186813186813187,0.0,False,max_tpr_with_empirical_fpr_le_target,32,True,False,9.53937827999236,9.54726911183244,0.6754385964912281,BCP,LR,dp,0.2,12
0.5338731443994602,0.07194910352805095,455,114,0.12967032967032968,0.12967032967032968,0.1,0.2787738500417012,59,11,103,396,0.12967032967032968,0.09649122807017543,True,max_tpr_with_empirical_fpr_le_target,0.013186813186813187,0.013186813186813187,0.01,1.0564212506472028,6,1,113,449,0.013186813186813187,0.008771929824561403,True,max_tpr_with_empirical_fpr_le_target,0.004395604395604396,0.004395604395604396,0.001,1.3408952816836432,2,0,114,453,0.004395604395604396,0.0,False,max_tpr_with_empirical_fpr_le_target,32,True,False,8.9091004886791,8.875499702608344,0.6754385964912281,BCP,LR,dp,0.2,13
0.5104491999228842,0.0642567958357432,455,114,0.09230769230769231,0.09230769230769231,0.1,0.4060335855959787,42,11,103,413,0.09230769230769231,0.09649122807017543,True,max_tpr_with_empirical_fpr_le_target,0.01978021978021978,0.01978021978021978,0.01,0.917075314241405,9,1,113,446,0.01978021978021978,0.008771929824561403,True,max_tpr_with_empirical_fpr_le_target,0.004395604395604396,0.004395604395604396,0.001,1.2392022112232017,2,0,114,453,0.004395604395604396,0.0,False,max_tpr_with_empirical_fpr_le_target,32,True,False,9.394299168160808,9.332926166243494,0.6754385964912281,BCP,LR,dp,0.2,14
0.5205513784461153,0.1036051667630615,455,114,0.16043956043956045,0.16043956043956045,0.1,0.2973133693053547,73,11,103,382,0.16043956043956045,0.09649122807017543,True,max_tpr_with_empirical_fpr_le_target,0.035164835164835165,0.035164835164835165,0.01,0.7201205301853304,16,0,114,439,0.035164835164835165,0.0,True,max_tpr_with_empirical_fpr_le_target,0.035164835164835165,0.035164835164835165,0.001,0.7201205301853304,16,0,114,439,0.035164835164835165,0.0,False,max_tpr_with_empirical_fpr_le_target,32,True,False,8.82178757516076,8.987815686138877,0.6754385964912281,BCP,LR,dp,0.2,15
0.46306149990360523,0.039251976094081376,455,114,0.1076923076923077,0.1076923076923077,0.1,0.3332859700829167,49,10,104,406,0.1076923076923077,0.08771929824561403,True,max_tpr_with_empirical_fpr_le_target,0.03076923076923077,0.03076923076923077,0.01,0.6777721994710717,14,1,113,441,0.03076923076923077,0.008771929824561403,True,max_tpr_with_empirical_fpr_le_target,0.0,0.0,0.001,inf,0,0,114,455,0.0,0.0,False,max_tpr_with_empirical_fpr_le_target,32,True,False,8.328741804711422,8.345624566927487,0.6754385964912281,BCP,LR,dp,0.2,16
0.4659726238673607,0.035897435897435936,455,114,0.06813186813186813,0.06813186813186813,0.1,0.49709705635657464,31,11,103,424,0.06813186813186813,0.09649122807017543,True,max_tpr_with_empirical_fpr_le_target,0.006593406593406593,0.006593406593406593,0.01,1.2890470755076695,3,1,113,452,0.006593406593406593,0.008771929824561403,True,max_tpr_with_empirical_fpr_le_target,0.0,0.0,0.001,inf,0,0,114,455,0.0,0.0,False,max_tpr_with_empirical_fpr_le_target,32,True,False,8.467707298853616,8.460759790984138,0.6754385964912281,BCP,LR,dp,0.2,17
0.5253518411413148,0.0867360709465973,455,114,0.07032967032967033,0.07032967032967033,0.1,0.4242572025142284,32,10,104,423,0.07032967032967033,0.08771929824561403,True,max_tpr_with_empirical_fpr_le_target,0.002197802197802198,0.002197802197802198,0.01,1.650785176251245,1,0,114,454,0.002197802197802198,0.0,True,max_tpr_with_empirical_fpr_le_target,0.002197802197802198,0.002197802197802198,0.001,1.650785176251245,1,0,114,454,0.002197802197802198,0.0,False,max_tpr_with_empirical_fpr_le_target,32,True,False,8.770020477623072,8.791730978438112,0.6754385964912281,BCP,LR,dp,0.2,18
0.48725660304607676,0.029516097937150543,455,114,0.05274725274725275,0.05274725274725275,0.1,0.5198552158520222,24,11,103,431,0.05274725274725275,0.09649122807017543,True,max_tpr_with_empirical_fpr_le_target,0.004395604395604396,0.004395604395604396,0.01,1.1776383232902905,2,1,113,453,0.004395604395604396,0.008771929824561403,True,max_tpr_with_empirical_fpr_le_target,0.002197802197802198,0.002197802197802198,0.001,1.254175847545766,1,0,114,454,0.002197802197802198,0.0,False,max_tpr_with_empirical_fpr_le_target,32,True,False,9.080531991740141,9.048789548456002,0.6754385964912281,BCP,LR,dp,0.2,19
0.5519182571814151,0.13250433776749565,455,114,0.17142857142857143,0.17142857142857143,0.1,0.21371671734225295,78,11,103,377,0.17142857142857143,0.09649122807017543,True,max_tpr_with_empirical_fpr_le_target,0.017582417582417582,0.017582417582417582,0.01,0.8209521019286203,8,1,113,447,0.017582417582417582,0.008771929824561403,True,max_tpr_with_empirical_fpr_le_target,0.002197802197802198,0.002197802197802198,0.001,1.4780019349365525,1,0,114,454,0.002197802197802198,0.0,False,max_tpr_with_empirical_fpr_le_target,32,True,False,9.300603827024997,9.4431053266266,0.6754385964912281,BCP,LR,dp,0.2,20
0.47131289762868706,0.05533063427800272,455,114,0.09230769230769231,0.09230769230769231,0.1,0.39923038067056593,42,10,104,413,0.09230769230769231,0.08771929824561403,True,max_tpr_with_empirical_fpr_le_target,0.02197802197802198,0.02197802197802198,0.01,0.6966276223938404,10,1,113,445,0.02197802197802198,0.008771929824561403,True,max_tpr_with_empirical_fpr_le_target,0.01098901098901099,0.01098901098901099,0.001,1.0160275837309478,5,0,114,450,0.01098901098901099,0.0,False,max_tpr_with_empirical_fpr_le_target,32,True,False,8.969197831655437,8.969138651667311,0.6754385964912281,BCP,LR,dp,0.2,21
0.4932716406400617,0.03470213996529781,455,114,0.0989010989010989,0.0989010989010989,0.1,0.30674961784231414,45,11,103,410,0.0989010989010989,0.09649122807017543,True,max_tpr_with_empirical_fpr_le_target,0.015384615384615385,0.015384615384615385,0.01,0.7576632455033581,7,1,113,448,0.015384615384615385,0.008771929824561403,True,max_tpr_with_empirical_fpr_le_target,0.0,0.0,0.001,inf,0,0,114,455,0.0,0.0,False,max_tpr_with_empirical_fpr_le_target,32,True,False,9.41700602592537,9.49895739507653,0.6754385964912281,BCP,LR,dp,0.2,22
0.5048582995951418,0.08623481781376521,455,114,0.0945054945054945,0.0945054945054945,0.1,0.39477958782633094,43,10,104,412,0.0945054945054945,0.08771929824561403,True,max_tpr_with_empirical_fpr_le_target,0.017582417582417582,0.017582417582417582,0.01,0.7705249737332238,8,1,113,447,0.017582417582417582,0.008771929824561403,True,max_tpr_with_empirical_fpr_le_target,0.013186813186813187,0.013186813186813187,0.001,0.8921495994466517,6,0,114,449,0.013186813186813187,0.0,False,max_tpr_with_empirical_fpr_le_target,32,True,False,8.647239449712972,8.772897103619302,0.6754385964912281,BCP,LR,dp,0.2,23
0.5109118951224214,0.07536148062463849,455,114,0.11648351648351649,0.11648351648351649,0.1,0.3517968212102236,53,11,103,402,0.11648351648351649,0.09649122807017543,True,max_tpr_with_empirical_fpr_le_target,0.03296703296703297,0.03296703296703297,0.01,0.6940557381540637,15,1,113,440,0.03296703296703297,0.008771929824561403,True,max_tpr_with_empirical_fpr_le_target,0.013186813186813187,0.013186813186813187,0.001,1.0384140672474071,6,0,114,449,0.013186813186813187,0.0,False,max_tpr_with_empirical_fpr_le_target,32,True,False,8.3009510983081,8.357510434630122,0.6754385964912281,BCP,LR,dp,0.2,24
0.5255253518411414,0.09331019857335654,455,114,0.08791208791208792,0.08791208791208792,0.1,0.3679130875871848,40,11,103,415,0.08791208791208792,0.09649122807017543,True,max_tpr_with_empirical_fpr_le_target,0.004395604395604396,0.004395604395604396,0.01,1.562837720491585,2,0,114,453,0.004395604395604396,0.0,True,max_tpr_with_empirical_fpr_le_target,0.004395604395604396,0.004395604395604396,0.001,1.562837720491585,2,0,114,453,0.004395604395604396,0.0,False,max_tpr_with_empirical_fpr_le_target,32,True,False,8.995347078925914,9.061754054336046,0.6754385964912281,BCP,LR,dp,0.2,25
0.5014073645652593,0.05303643724696358,455,114,0.14065934065934066,0.14065934065934066,0.1,0.3399240082164776,64,11,103,391,0.14065934065934066,0.09649122807017543,True,max_tpr_with_empirical_fpr_le_target,0.035164835164835165,0.035164835164835165,0.01,0.8834554780115544,16,1,113,439,0.035164835164835165,0.008771929824561403,True,max_tpr_with_empirical_fpr_le_target,0.008791208791208791,0.008791208791208791,0.001,1.6981510650838052,4,0,114,451,0.008791208791208791,0.0,False,max_tpr_with_empirical_fpr_le_target,32,True,False,8.020035894112581,8.111562159097154,0.6754385964912281,BCP,LR,dp,0.2,26
0.4601118180065549,0.03753614806246386,455,114,0.12527472527472527,0.12527472527472527,0.1,0.3029155009425608,57,11,103,398,0.12527472527472527,0.09649122807017543,True,max_tpr_with_empirical_fpr_le_target,0.008791208791208791,0.008791208791208791,0.01,0.9029748107106705,4,1,113,451,0.008791208791208791,0.008771929824561403,True,max_tpr_with_empirical_fpr_le_target,0.0,0.0,0.001,inf,0,0,114,455,0.0,0.0,False,max_tpr_with_empirical_fpr_le_target,32,True,False,8.580281793889379,8.602222666887492,0.6754385964912281,BCP,LR,dp,0.2,27
0.45492577597840755,0.008791208791208791,455,114,0.06373626373626373,0.06373626373626373,0.1,0.3523870894405867,29,11,103,426,0.06373626373626373,0.09649122807017543,True,max_tpr_with_empirical_fpr_le_target,0.01098901098901099,0.01098901098901099,0.01,1.0008965293423624,5,1,113,450,0.01098901098901099,0.008771929824561403,True,max_tpr_with_empirical_fpr_le_target,0.008791208791208791,0.008791208791208791,0.001,1.2315585519475096,4,0,114,451,0.008791208791208791,0.0,False,max_tpr_with_empirical_fpr_le_target,32,True,False,8.41368497435962,8.495372754712504,0.6754385964912281,BCP,LR,dp,0.2,28
0.49396568343936764,0.06664738770001927,455,114,0.0989010989010989,0.0989010989010989,0.1,0.4350564130825676,45,11,103,410,0.0989010989010989,0.09649122807017543,True,max_tpr_with_empirical_fpr_le_target,0.024175824175824177,0.024175824175824177,0.01,0.8664999030004834,11,1,113,444,0.024175824175824177,0.008771929824561403,True,max_tpr_with_empirical_fpr_le_target,0.002197802197802198,0.002197802197802198,0.001,1.4956426260345062,1,0,114,454,0.002197802197802198,0.0,False,max_tpr_with_empirical_fpr_le_target,32,True,False,8.165480880842063,8.259790552653183,0.6754385964912281,BCP,LR,dp,0.2,29
0.5110468478889532,0.06967418546365922,455,114,0.1054945054945055,0.1054945054945055,0.1,0.39800907596912705,48,11,103,407,0.1054945054945055,0.09649122807017543,True,max_tpr_with_empirical_fpr_le_target,0.008791208791208791,0.008791208791208791,0.01,1.6587383951486743,4,1,113,451,0.008791208791208791,0.008771929824561403,True,max_tpr_with_empirical_fpr_le_target,0.004395604395604396,0.004395604395604396,0.001,2.171416673125586,2,0,114,453,0.004395604395604396,0.0,False,max_tpr_with_empirical_fpr_le_target,32,True,False,7.489123777305439,7.561143192096601,0.6929824561403509,BCP,LR,dp,0.4,0
0.4641025641025642,0.024522845575477153,455,114,0.06373626373626373,0.06373626373626373,0.1,0.43107646833492996,29,11,103,426,0.06373626373626373,0.09649122807017543,True,max_tpr_with_empirical_fpr_le_target,0.008791208791208791,0.008791208791208791,0.01,0.9996993776048209,4,1,113,451,0.008791208791208791,0.008771929824561403,True,max_tpr_with_empirical_fpr_le_target,0.0,0.0,0.001,inf,0,0,114,455,0.0,0.0,False,max_tpr_with_empirical_fpr_le_target,32,True,False,8.241596430937896,8.248497881401468,0.6929824561403509,BCP,LR,dp,0.4,1
0.4682668208983998,0.0161364950838635,455,114,0.07692307692307693,0.07692307692307693,0.1,0.4540990125719606,35,9,105,420,0.07692307692307693,0.07894736842105263,True,max_tpr_with_empirical_fpr_le_target,0.01098901098901099,0.01098901098901099,0.01,0.9866461328876701,5,1,113,450,0.01098901098901099,0.008771929824561403,True,max_tpr_with_empirical_fpr_le_target,0.006593406593406593,0.006593406593406593,0.001,1.2912208396957832,3,0,114,452,0.006593406593406593,0.0,False,max_tpr_with_empirical_fpr_le_target,32,True,False,7.211583343901299,7.175614721649148,0.6929824561403509,BCP,LR,dp,0.4,2
0.5318874108347793,0.12182379024484291,455,114,0.07032967032967033,0.07032967032967033,0.1,0.4341387793695004,32,11,103,423,0.07032967032967033,0.09649122807017543,True,max_tpr_with_empirical_fpr_le_target,0.0,0.0,0.01,1.5159147554299701,0,1,113,455,0.0,0.008771929824561403,True,max_tpr_with_empirical_fpr_le_target,0.0,0.0,0.001,inf,0,0,114,455,0.0,0.0,False,max_tpr_with_empirical_fpr_le_target,32,True,False,7.900658014104353,8.053063033865442,0.6929824561403509,BCP,LR,dp,0.4,3
0.5086755349913245,0.06959706959706968,455,114,0.08131868131868132,0.08131868131868132,0.1,0.40300191652840667,37,11,103,418,0.08131868131868132,0.09649122807017543,True,max_tpr_with_empirical_fpr_le_target,0.02197802197802198,0.02197802197802198,0.01,0.9466911899061312,10,1,113,445,0.02197802197802198,0.008771929824561403,True,max_tpr_with_empirical_fpr_le_target,0.002197802197802198,0.002197802197802198,0.001,2.1943375747050387,1,0,114,454,0.002197802197802198,0.0,False,max_tpr_with_empirical_fpr_le_target,32,True,False,7.650542510319875,7.869515721098901,0.6929824561403509,BCP,LR,dp,0.4,4
0.49695392326971277,0.07734721418931945,455,114,0.10329670329670329,0.10329670329670329,0.1,0.35864047823319645,47,11,103,408,0.10329670329670329,0.09649122807017543,True,max_tpr_with_empirical_fpr_le_target,0.017582417582417582,0.017582417582417582,0.01,0.8676408321490099,8,0,114,447,0.017582417582417582,0.0,True,max_tpr_with_empirical_fpr_le_target,0.017582417582417582,0.017582417582417582,0.001,0.8676408321490099,8,0,114,447,0.017582417582417582,0.0,False,max_tpr_with_empirical_fpr_le_target,32,True,False,7.852731181495062,7.910196902745176,0.6929824561403509,BCP,LR,dp,0.4,5
0.504318488529015,0.04677077308656258,455,114,0.09010989010989011,0.09010989010989011,0.1,0.349320355378989,41,11,103,414,0.09010989010989011,0.09649122807017543,True,max_tpr_with_empirical_fpr_le_target,0.01098901098901099,0.01098901098901099,0.01,1.003575093324958,5,1,113,450,0.01098901098901099,0.008771929824561403,True,max_tpr_with_empirical_fpr_le_target,0.008791208791208791,0.008791208791208791,0.001,1.1531376636681374,4,0,114,451,0.008791208791208791,0.0,False,max_tpr_with_empirical_fpr_le_target,32,True,False,7.474260798980393,7.558766693845059,0.6929824561403509,BCP,LR,dp,0.4,6
0.5288220551378446,0.09086176980913824,455,114,0.06153846153846154,0.06153846153846154,0.1,0.5257109435834906,28,9,105,427,0.06153846153846154,0.07894736842105263,True,max_tpr_with_empirical_fpr_le_target,0.008791208791208791,0.008791208791208791,0.01,1.2810532659914289,4,1,113,451,0.008791208791208791,0.008771929824561403,True,max_tpr_with_empirical_fpr_le_target,0.0,0.0,0.001,inf,0,0,114,455,0.0,0.0,False,max_tpr_with_empirical_fpr_le_target,32,True,False,7.552649232896178,7.6416185606088485,0.6929824561403509,BCP,LR,dp,0.4,7
0.5027954501638713,0.05747059957586273,455,114,0.1054945054945055,0.1054945054945055,0.1,0.38686688095064614,48,10,104,407,0.1054945054945055,0.08771929824561403,True,max_tpr_with_empirical_fpr_le_target,0.008791208791208791,0.008791208791208791,0.01,1.5367948344003022,4,1,113,451,0.008791208791208791,0.008771929824561403,True,max_tpr_with_empirical_fpr_le_target,0.006593406593406593,0.006593406593406593,0.001,1.6530363273499002,3,0,114,452,0.006593406593406593,0.0,False,max_tpr_with_empirical_fpr_le_target,32,True,False,7.1142970935709045,7.165725532045286,0.6929824561403509,BCP,LR,dp,0.4,8
0.526797763639869,0.07624831309041835,455,114,0.13406593406593406,0.13406593406593406,0.1,0.30969387294610495,61,11,103,394,0.13406593406593406,0.09649122807017543,True,max_tpr_with_empirical_fpr_le_target,0.041758241758241756,0.041758241758241756,0.01,0.7084890634123249,19,1,113,436,0.041758241758241756,0.008771929824561403,True,max_tpr_with_empirical_fpr_le_target,0.008791208791208791,0.008791208791208791,0.001,2.0208271912739075,4,0,114,451,0.008791208791208791,0.0,False,max_tpr_with_empirical_fpr_le_target,32,True,False,7.67373307711267,7.474609972016223,0.6929824561403509,BCP,LR,dp,0.4,9
0.5355889724310776,0.10456911509543088,455,114,0.13846153846153847,0.13846153846153847,0.1,0.3093130301976448,63,11,103,392,0.13846153846153847,0.09649122807017543,True,max_tpr_with_empirical_fpr_le_target,0.006593406593406593,0.006593406593406593,0.01,1.2908329870230304,3,1,113,452,0.006593406593406593,0.008771929824561403,True,max_tpr_with_empirical_fpr_le_target,0.004395604395604396,0.004395604395604396,0.001,1.441452700981063,2,0,114,453,0.004395604395604396,0.0,False,max_tpr_with_empirical_fpr_le_target,32,True,False,7.538828510892142,7.602190969081479,0.6929824561403509,BCP,LR,dp,0.4,10
0.47270098322729903,0.018045112781954892,455,114,0.1076923076923077,0.1076923076923077,0.1,0.355988663517957,49,11,103,406,0.1076923076923077,0.09649122807017543,True,max_tpr_with_empirical_fpr_le_target,0.017582417582417582,0.017582417582417582,0.01,1.3655423957770907,8,1,113,447,0.017582417582417582,0.008771929824561403,True,max_tpr_with_empirical_fpr_le_target,0.002197802197802198,0.002197802197802198,0.001,2.0457760724620777,1,0,114,454,0.002197802197802198,0.0,False,max_tpr_with_empirical_fpr_le_target,32,True,False,7.867052155626928,7.894721350075087,0.6929824561403509,BCP,LR,dp,0.4,11
0.4832465779834201,0.03344900713321766,455,114,0.08791208791208792,0.08791208791208792,0.1,0.4189890421499074,40,11,103,415,0.08791208791208792,0.09649122807017543,True,max_tpr_with_empirical_fpr_le_target,0.008791208791208791,0.008791208791208791,0.01,1.3121488627501714,4,0,114,451,0.008791208791208791,0.0,True,max_tpr_with_empirical_fpr_le_target,0.008791208791208791,0.008791208791208791,0.001,1.3121488627501714,4,0,114,451,0.008791208791208791,0.0,False,max_tpr_with_empirical_fpr_le_target,32,True,False,8.02335062915826,8.082626504229692,0.6929824561403509,BCP,LR,dp,0.4,12
0.5108155002891845,0.06774628879892042,455,114,0.12087912087912088,0.12087912087912088,0.1,0.33152038897466785,55,11,103,400,0.12087912087912088,0.09649122807017543,True,max_tpr_with_empirical_fpr_le_target,0.004395604395604396,0.004395604395604396,0.01,2.205688064700851,2,0,114,453,0.004395604395604396,0.0,True,max_tpr_with_empirical_fpr_le_target,0.004395604395604396,0.004395604395604396,0.001,2.205688064700851,2,0,114,453,0.004395604395604396,0.0,False,max_tpr_with_empirical_fpr_le_target,32,True,False,7.743901735630298,7.7109318631958,0.6929824561403509,BCP,LR,dp,0.4,13
0.5146905725853095,0.06984769616348563,455,114,0.08791208791208792,0.08791208791208792,0.1,0.4359995297904047,40,11,103,415,0.08791208791208792,0.09649122807017543,True,max_tpr_with_empirical_fpr_le_target,0.017582417582417582,0.017582417582417582,0.01,1.2201897916725146,8,1,113,447,0.017582417582417582,0.008771929824561403,True,max_tpr_with_empirical_fpr_le_target,0.01098901098901099,0.01098901098901099,0.001,1.4231545409922362,5,0,114,450,0.01098901098901099,0.0,False,max_tpr_with_empirical_fpr_le_target,32,True,False,7.907867821515138,7.903819920978967,0.6929824561403509,BCP,LR,dp,0.4,14
0.5564102564102564,0.11474840948525161,455,114,0.0967032967032967,0.0967032967032967,0.1,0.39822039690618016,44,10,104,411,0.0967032967032967,0.08771929824561403,True,max_tpr_with_empirical_fpr_le_target,0.017582417582417582,0.017582417582417582,0.01,1.1985154972405185,8,1,113,447,0.017582417582417582,0.008771929824561403,True,max_tpr_with_empirical_fpr_le_target,0.006593406593406593,0.006593406593406593,0.001,1.383259137972571,3,0,114,452,0.006593406593406593,0.0,False,max_tpr_with_empirical_fpr_le_target,32,True,False,7.54584652798021,7.656564965121401,0.6929824561403509,BCP,LR,dp,0.4,15
0.46606901870059764,0.03957971852708695,455,114,0.0945054945054945,0.0945054945054945,0.1,0.36526959951416105,43,11,103,412,0.0945054945054945,0.09649122807017543,True,max_tpr_with_empirical_fpr_le_target,0.04835164835164835,0.04835164835164835,0.01,0.6727364322645748,22,1,113,433,0.04835164835164835,0.008771929824561403,True,max_tpr_with_empirical_fpr_le_target,0.01098901098901099,0.01098901098901099,0.001,1.3269944369399784,5,0,114,450,0.01098901098901099,0.0,False,max_tpr_with_empirical_fpr_le_target,32,True,False,7.081748652021346,7.060642730822225,0.6929824561403509,BCP,LR,dp,0.4,16
0.4780026990553306,0.018102949681897046,455,114,0.08131868131868132,0.08131868131868132,0.1,0.5156238783119313,37,11,103,418,0.08131868131868132,0.09649122807017543,True,max_tpr_with_empirical_fpr_le_target,0.01098901098901099,0.01098901098901099,0.01,1.5568680645132993,5,1,113,450,0.01098901098901099,0.008771929824561403,True,max_tpr_with_empirical_fpr_le_target,0.0,0.0,0.001,inf,0,0,114,455,0.0,0.0,False,max_tpr_with_empirical_fpr_le_target,32,True,False,7.349004488024941,7.361144921396487,0.6929824561403509,BCP,LR,dp,0.4,17
0.5105263157894737,0.053865432812801206,455,114,0.07032967032967033,0.07032967032967033,0.1,0.4776183579370752,32,11,103,423,0.07032967032967033,0.09649122807017543,True,max_tpr_with_empirical_fpr_le_target,0.006593406593406593,0.006593406593406593,0.01,1.58056022677468,3,1,113,452,0.006593406593406593,0.008771929824561403,True,max_tpr_with_empirical_fpr_le_target,0.0,0.0,0.001,inf,0,0,114,455,0.0,0.0,False,max_tpr_with_empirical_fpr_le_target,32,True,False,7.349990032671192,7.35350850026091,0.6929824561403509,BCP,LR,dp,0.4,18
0.4877771351455562,0.030287256603046098,455,114,0.05934065934065934,0.05934065934065934,0.1,0.5372286369914798,27,11,103,428,0.05934065934065934,0.09649122807017543,True,max_tpr_with_empirical_fpr_le_target,0.002197802197802198,0.002197802197802198,0.01,1.9055021336674525,1,1,113,454,0.002197802197802198,0.008771929824561403,True,max_tpr_with_empirical_fpr_le_target,0.0,0.0,0.001,inf,0,0,114,455,0.0,0.0,False,max_tpr_with_empirical_fpr_le_target,32,True,False,7.824661626877839,7.840510895539874,0.6929824561403509,BCP,LR,dp,0.4,19
0.5449585502217081,0.10605359552727972,455,114,0.17802197802197803,0.17802197802197803,0.1,0.19716051980880422,81,11,103,374,0.17802197802197803,0.09649122807017543,True,max_tpr_with_empirical_fpr_le_target,0.024175824175824177,0.024175824175824177,0.01,0.8639618124915542,11,1,113,444,0.024175824175824177,0.008771929824561403,True,max_tpr_with_empirical_fpr_le_target,0.002197802197802198,0.002197802197802198,0.001,1.9573922730962936,1,0,114,454,0.002197802197802198,0.0,False,max_tpr_with_empirical_fpr_le_target,32,True,False,7.9002496552628,7.957416800598082,0.6929824561403509,BCP,LR,dp,0.4,20
0.4905918642760748,0.05106998264893001,455,114,0.10329670329670329,0.10329670329670329,0.1,0.34900134882240774,47,11,103,408,0.10329670329670329,0.09649122807017543,True,max_tpr_with_empirical_fpr_le_target,0.024175824175824177,0.024175824175824177,0.01,0.8460496602480965,11,1,113,444,0.024175824175824177,0.008771929824561403,True,max_tpr_with_empirical_fpr_le_target,0.01098901098901099,0.01098901098901099,0.001,1.3176194211269774,5,0,114,450,0.01098901098901099,0.0,False,max_tpr_with_empirical_fpr_le_target,32,True,False,7.621405649067503,7.651298870297083,0.6929824561403509,BCP,LR,dp,0.4,21
0.5033545401966454,0.051860420281472974,455,114,0.1010989010989011,0.1010989010989011,0.1,0.2972971828086979,46,11,103,409,0.1010989010989011,0.09649122807017543,True,max_tpr_with_empirical_fpr_le_target,0.004395604395604396,0.004395604395604396,0.01,1.207385699687193,2,1,113,453,0.004395604395604396,0.008771929824561403,True,max_tpr_with_empirical_fpr_le_target,0.0,0.0,0.001,inf,0,0,114,455,0.0,0.0,False,max_tpr_with_empirical_fpr_le_target,32,True,False,7.89020872159272,8.015462666221616,0.6929824561403509,BCP,LR,dp,0.4,22
0.516406400616927,0.11497975708502028,455,114,0.07912087912087912,0.07912087912087912,0.1,0.4564817692352201,36,11,103,419,0.07912087912087912,0.09649122807017543,True,max_tpr_with_empirical_fpr_le_target,0.02197802197802198,0.02197802197802198,0.01,0.927569346960953,10,1,113,445,0.02197802197802198,0.008771929824561403,True,max_tpr_with_empirical_fpr_le_target,0.004395604395604396,0.004395604395604396,0.001,1.3523428053944477,2,0,114,453,0.004395604395604396,0.0,False,max_tpr_with_empirical_fpr_le_target,32,True,False,7.214041565509477,7.324565648885912,0.6929824561403509,BCP,LR,dp,0.4,23
0.5043570464623096,0.05716213610950453,455,114,0.1076923076923077,0.1076923076923077,0.1,0.3671758518975583,49,10,104,406,0.1076923076923077,0.08771929824561403,True,max_tpr_with_empirical_fpr_le_target,0.06593406593406594,0.06593406593406594,0.01,0.5312079599382531,30,1,113,425,0.06593406593406594,0.008771929824561403,True,max_tpr_with_empirical_fpr_le_target,0.03076923076923077,0.03076923076923077,0.001,0.7853780525980225,14,0,114,441,0.03076923076923077,0.0,False,max_tpr_with_empirical_fpr_le_target,32,True,False,7.390973448992597,7.48583437228694,0.6929824561403509,BCP,LR,dp,0.4,24
0.5202621939464045,0.07108155002891842,455,114,0.08131868131868132,0.08131868131868132,0.1,0.35192584351222145,37,11,103,418,0.08131868131868132,0.09649122807017543,True,max_tpr_with_empirical_fpr_le_target,0.0,0.0,0.01,1.960522654801891,0,1,113,455,0.0,0.008771929824561403,True,max_tpr_with_empirical_fpr_le_target,0.0,0.0,0.001,inf,0,0,114,455,0.0,0.0,False,max_tpr_with_empirical_fpr_le_target,32,True,False,7.673458795450344,7.773181059162969,0.6929824561403509,BCP,LR,dp,0.4,25
0.5102178523231156,0.04975901291690765,455,114,0.10329670329670329,0.10329670329670329,0.1,0.3786994257832603,47,11,103,408,0.10329670329670329,0.09649122807017543,True,max_tpr_with_empirical_fpr_le_target,0.035164835164835165,0.035164835164835165,0.01,0.9208986984741427,16,1,113,439,0.035164835164835165,0.008771929824561403,True,max_tpr_with_empirical_fpr_le_target,0.013186813186813187,0.013186813186813187,0.001,1.8473749812347107,6,0,114,449,0.013186813186813187,0.0,False,max_tpr_with_empirical_fpr_le_target,32,True,False,7.105944026854607,7.218499002712244,0.6929824561403509,BCP,LR,dp,0.4,26
0.4706959706959707,0.011104684788895314,455,114,0.0967032967032967,0.0967032967032967,0.1,0.3157985933726879,44,11,103,411,0.0967032967032967,0.09649122807017543,True,max_tpr_with_empirical_fpr_le_target,0.006593406593406593,0.006593406593406593,0.01,1.1791107263194305,3,1,113,452,0.006593406593406593,0.008771929824561403,True,max_tpr_with_empirical_fpr_le_target,0.0,0.0,0.001,inf,0,0,114,455,0.0,0.0,False,max_tpr_with_empirical_fpr_le_target,32,True,False,7.593635995525089,7.605116961649938,0.6929824561403509,BCP,LR,dp,0.4,27
0.47524580682475415,0.032639290534027365,455,114,0.08131868131868132,0.08131868131868132,0.1,0.3462936622833874,37,11,103,418,0.08131868131868132,0.09649122807017543,True,max_tpr_with_empirical_fpr_le_target,0.013186813186813187,0.013186813186813187,0.01,1.084819063310798,6,1,113,449,0.013186813186813187,0.008771929824561403,True,max_tpr_with_empirical_fpr_le_target,0.006593406593406593,0.006593406593406593,0.001,1.583426236757798,3,0,114,452,0.006593406593406593,0.0,False,max_tpr_with_empirical_fpr_le_target,32,True,False,7.479143275660064,7.520695162841172,0.6929824561403509,BCP,LR,dp,0.4,28
0.47495662232504343,0.024484287642182384,455,114,0.08791208791208792,0.08791208791208792,0.1,0.4582340865372019,40,11,103,415,0.08791208791208792,0.09649122807017543,True,max_tpr_with_empirical_fpr_le_target,0.015384615384615385,0.015384615384615385,0.01,1.0367034429177666,7,1,113,448,0.015384615384615385,0.008771929824561403,True,max_tpr_with_empirical_fpr_le_target,0.0,0.0,0.001,inf,0,0,114,455,0.0,0.0,False,max_tpr_with_empirical_fpr_le_target,32,True,False,7.130384908013541,7.238927370356241,0.6929824561403509,BCP,LR,dp,0.4,29
0.5123770965876229,0.06084441873915558,455,114,0.12747252747252746,0.12747252747252746,0.1,0.4302179033616671,58,8,106,397,0.12747252747252746,0.07017543859649122,True,max_tpr_with_empirical_fpr_le_target,0.054945054945054944,0.054945054945054944,0.01,0.7824430488639713,25,1,113,430,0.054945054945054944,0.008771929824561403,True,max_tpr_with_empirical_fpr_le_target,0.035164835164835165,0.035164835164835165,0.001,0.955202887778456,16,0,114,439,0.035164835164835165,0.0,False,max_tpr_with_empirical_fpr_le_target,32,True,False,10.80438259879229,10.856804589676047,0.6666666666666666,BCP,LR,dp,0.8,0
0.4582224792751109,0.019645267013688072,455,114,0.07032967032967033,0.07032967032967033,0.1,0.5318039779246293,32,11,103,423,0.07032967032967033,0.09649122807017543,True,max_tpr_with_empirical_fpr_le_target,0.013186813186813187,0.013186813186813187,0.01,0.9218648806011425,6,0,114,449,0.013186813186813187,0.0,True,max_tpr_with_empirical_fpr_le_target,0.013186813186813187,0.013186813186813187,0.001,0.9218648806011425,6,0,114,449,0.013186813186813187,0.0,False,max_tpr_with_empirical_fpr_le_target,32,True,False,11.936568249754744,11.977365758505426,0.6666666666666666,BCP,LR,dp,0.8,1
0.4838249469828418,0.05280508964719491,455,114,0.14065934065934066,0.14065934065934066,0.1,0.33787214746804617,64,11,103,391,0.14065934065934066,0.09649122807017543,True,max_tpr_with_empirical_fpr_le_target,0.017582417582417582,0.017582417582417582,0.01,0.7558993408383747,8,1,113,447,0.017582417582417582,0.008771929824561403,True,max_tpr_with_empirical_fpr_le_target,0.006593406593406593,0.006593406593406593,0.001,1.0139386783629618,3,0,114,452,0.006593406593406593,0.0,False,max_tpr_with_empirical_fpr_le_target,32,True,False,11.022180971363268,11.132937139783438,0.6666666666666666,BCP,LR,dp,0.8,2
0.5166763061499904,0.07815693078850972,455,114,0.1054945054945055,0.1054945054945055,0.1,0.43843974345260506,48,11,103,407,0.1054945054945055,0.09649122807017543,True,max_tpr_with_empirical_fpr_le_target,0.026373626373626374,0.026373626373626374,0.01,0.7749907865234675,12,1,113,443,0.026373626373626374,0.008771929824561403,True,max_tpr_with_empirical_fpr_le_target,0.004395604395604396,0.004395604395604396,0.001,1.393806311749552,2,0,114,453,0.004395604395604396,0.0,False,max_tpr_with_empirical_fpr_le_target,32,True,False,11.24140623879664,11.308476898638283,0.6666666666666666,BCP,LR,dp,0.8,3
0.49111239637555426,0.050183150183150116,455,114,0.09010989010989011,0.09010989010989011,0.1,0.4697136310797818,41,10,104,414,0.09010989010989011,0.08771929824561403,True,max_tpr_with_empirical_fpr_le_target,0.006593406593406593,0.006593406593406593,0.01,1.178857776189492,3,1,113,452,0.006593406593406593,0.008771929824561403,True,max_tpr_with_empirical_fpr_le_target,0.002197802197802198,0.002197802197802198,0.001,1.471459790074488,1,0,114,454,0.002197802197802198,0.0,False,max_tpr_with_empirical_fpr_le_target,32,True,False,11.246658003354995,11.364315540478396,0.6666666666666666,BCP,LR,dp,0.8,4
0.4904954694428379,0.03296703296703297,455,114,0.08791208791208792,0.08791208791208792,0.1,0.4681237047417355,40,10,104,415,0.08791208791208792,0.08771929824561403,True,max_tpr_with_empirical_fpr_le_target,0.035164835164835165,0.035164835164835165,0.01,0.6535618332360134,16,1,113,439,0.035164835164835165,0.008771929824561403,True,max_tpr_with_empirical_fpr_le_target,0.03296703296703297,0.03296703296703297,0.001,0.6789119579240941,15,0,114,440,0.03296703296703297,0.0,False,max_tpr_with_empirical_fpr_le_target,32,True,False,11.917836090582963,11.877438533447727,0.6666666666666666,BCP,LR,dp,0.8,5
0.5284750337381916,0.07597840755735497,455,114,0.10989010989010989,0.10989010989010989,0.1,0.43431141406852536,50,10,104,405,0.10989010989010989,0.08771929824561403,True,max_tpr_with_empirical_fpr_le_target,0.03076923076923077,0.03076923076923077,0.01,0.7735555601400828,14,1,113,441,0.03076923076923077,0.008771929824561403,True,max_tpr_with_empirical_fpr_le_target,0.008791208791208791,0.008791208791208791,0.001,1.237219963007314,4,0,114,451,0.008791208791208791,0.0,False,max_tpr_with_empirical_fpr_le_target,32,True,False,11.109529090128838,11.254279647120322,0.6666666666666666,BCP,LR,dp,0.8,6
0.530133024869867,0.07609408135723916,455,114,0.12527472527472527,0.12527472527472527,0.1,0.45952518173163837,57,11,103,398,0.12527472527472527,0.09649122807017543,True,max_tpr_with_empirical_fpr_le_target,0.008791208791208791,0.008791208791208791,0.01,1.073496901926272,4,1,113,451,0.008791208791208791,0.008771929824561403,True,max_tpr_with_empirical_fpr_le_target,0.006593406593406593,0.006593406593406593,0.001,1.207735334840927,3,0,114,452,0.006593406593406593,0.0,False,max_tpr_with_empirical_fpr_le_target,32,True,False,10.984867116151994,11.089223796860365,0.6666666666666666,BCP,LR,dp,0.8,7
0.4853672643146328,0.05363408521303259,455,114,0.0945054945054945,0.0945054945054945,0.1,0.48461019089450996,43,11,103,412,0.0945054945054945,0.09649122807017543,True,max_tpr_with_empirical_fpr_le_target,0.006593406593406593,0.006593406593406593,0.01,1.4636261700825806,3,0,114,452,0.006593406593406593,0.0,True,max_tpr_with_empirical_fpr_le_target,0.006593406593406593,0.006593406593406593,0.001,1.4636261700825806,3,0,114,452,0.006593406593406593,0.0,False,max_tpr_with_empirical_fpr_le_target,32,True,False,10.38546901711692,10.522081931738565,0.6666666666666666,BCP,LR,dp,0.8,8
0.5319259687680741,0.09059186427607482,455,114,0.16263736263736264,0.16263736263736264,0.1,0.33497895209047623,74,11,103,381,0.16263736263736264,0.09649122807017543,True,max_tpr_with_empirical_fpr_le_target,0.017582417582417582,0.017582417582417582,0.01,0.9599341864711688,8,1,113,447,0.017582417582417582,0.008771929824561403,True,max_tpr_with_empirical_fpr_le_target,0.013186813186813187,0.013186813186813187,0.001,1.0217936576146718,6,0,114,449,0.013186813186813187,0.0,False,max_tpr_with_empirical_fpr_le_target,32,True,False,10.863651575960105,10.755434534598562,0.6666666666666666,BCP,LR,dp,0.8,9
0.5519375361480625,0.09581646423751689,455,114,0.16483516483516483,0.16483516483516483,0.1,0.3147219072283285,75,11,103,380,0.16483516483516483,0.09649122807017543,True,max_tpr_with_empirical_fpr_le_target,0.04395604395604396,0.04395604395604396,0.01,0.6358119024401061,20,1,113,435,0.04395604395604396,0.008771929824561403,True,max_tpr_with_empirical_fpr_le_target,0.03956043956043956,0.03956043956043956,0.001,0.6591216551461714,18,0,114,437,0.03956043956043956,0.0,False,max_tpr_with_empirical_fpr_le_target,32,True,False,11.055276846657412,11.26996787059174,0.6666666666666666,BCP,LR,dp,0.8,10
0.49506458453826874,0.06714864083285133,455,114,0.08791208791208792,0.08791208791208792,0.1,0.5307799415192069,40,11,103,415,0.08791208791208792,0.09649122807017543,True,max_tpr_with_empirical_fpr_le_target,0.006593406593406593,0.006593406593406593,0.01,1.312502106820446,3,1,113,452,0.006593406593406593,0.008771929824561403,True,max_tpr_with_empirical_fpr_le_target,0.002197802197802198,0.002197802197802198,0.001,1.4800605120203238,1,0,114,454,0.002197802197802198,0.0,False,max_tpr_with_empirical_fpr_le_target,32,True,False,11.25104314626209,11.256925255893522,0.6666666666666666,BCP,LR,dp,0.8,11
0.501291690765375,0.05164835164835169,455,114,0.11208791208791209,0.11208791208791209,0.1,0.4316857960832219,51,11,103,404,0.11208791208791209,0.09649122807017543,True,max_tpr_with_empirical_fpr_le_target,0.01098901098901099,0.01098901098901099,0.01,0.8996418313309835,5,1,113,450,0.01098901098901099,0.008771929824561403,True,max_tpr_with_empirical_fpr_le_target,0.006593406593406593,0.006593406593406593,0.001,1.0856599488215246,3,0,114,452,0.006593406593406593,0.0,False,max_tpr_with_empirical_fpr_le_target,32,True,False,11.804643743451486,11.839561569633581,0.6666666666666666,BCP,LR,dp,0.8,12
0.48904954694428376,0.07198766146134561,455,114,0.07032967032967033,0.07032967032967033,0.1,0.576667894115579,32,11,103,423,0.07032967032967033,0.09649122807017543,True,max_tpr_with_empirical_fpr_le_target,0.013186813186813187,0.013186813186813187,0.01,1.1859108778396168,6,1,113,449,0.013186813186813187,0.008771929824561403,True,max_tpr_with_empirical_fpr_le_target,0.01098901098901099,0.01098901098901099,0.001,1.2068069000775408,5,0,114,450,0.01098901098901099,0.0,False,max_tpr_with_empirical_fpr_le_target,32,True,False,10.944992965721337,10.892515598059237,0.6666666666666666,BCP,LR,dp,0.8,13
0.5192789666473876,0.061943319838056704,455,114,0.13626373626373625,0.13626373626373625,0.1,0.4038583816689858,62,11,103,393,0.13626373626373625,0.09649122807017543,True,max_tpr_with_empirical_fpr_le_target,0.013186813186813187,0.013186813186813187,0.01,1.323761736915447,6,1,113,449,0.013186813186813187,0.008771929824561403,True,max_tpr_with_empirical_fpr_le_target,0.004395604395604396,0.004395604395604396,0.001,1.525086171026734,2,0,114,453,0.004395604395604396,0.0,False,max_tpr_with_empirical_fpr_le_target,32,True,False,10.81847407300845,10.811502837481148,0.6666666666666666,BCP,LR,dp,0.8,14
0.5211490264121843,0.11245421245421247,455,114,0.12967032967032968,0.12967032967032968,0.1,0.413066567310433,59,10,104,396,0.12967032967032968,0.08771929824561403,True,max_tpr_with_empirical_fpr_le_target,0.026373626373626374,0.026373626373626374,0.01,0.7661152405855907,12,1,113,443,0.026373626373626374,0.008771929824561403,True,max_tpr_with_empirical_fpr_le_target,0.0,0.0,0.001,inf,0,0,114,455,0.0,0.0,False,max_tpr_with_empirical_fpr_le_target,32,True,False,11.638577001647679,11.68109395460122,0.6666666666666666,BCP,LR,dp,0.8,15
0.49369577790630426,0.044168112589165226,455,114,0.14065934065934066,0.14065934065934066,0.1,0.359006547687017,64,11,103,391,0.14065934065934066,0.09649122807017543,True,max_tpr_with_empirical_fpr_le_target,0.02197802197802198,0.02197802197802198,0.01,0.8720668203186817,10,1,113,445,0.02197802197802198,0.008771929824561403,True,max_tpr_with_empirical_fpr_le_target,0.01098901098901099,0.01098901098901099,0.001,1.0766501613617088,5,0,114,450,0.01098901098901099,0.0,False,max_tpr_with_empirical_fpr_le_target,32,True,False,11.131891465772247,11.19779152042087,0.6666666666666666,BCP,LR,dp,0.8,16
0.503431656063235,0.05155195681511471,455,114,0.0945054945054945,0.0945054945054945,0.1,0.49120543777967374,43,11,103,412,0.0945054945054945,0.09649122807017543,True,max_tpr_with_empirical_fpr_le_target,0.015384615384615385,0.015384615384615385,0.01,0.9800077105044287,7,1,113,448,0.015384615384615385,0.008771929824561403,True,max_tpr_with_empirical_fpr_le_target,0.01098901098901099,0.01098901098901099,0.001,1.1766389778805522,5,0,114,450,0.01098901098901099,0.0,False,max_tpr_with_empirical_fpr_le_target,32,True,False,10.753875412761309,10.812869140770706,0.6666666666666666,BCP,LR,dp,0.8,17
0.5061114324272219,0.06094081357239245,455,114,0.06813186813186813,0.06813186813186813,0.1,0.5749037871631404,31,11,103,424,0.06813186813186813,0.09649122807017543,True,max_tpr_with_empirical_fpr_le_target,0.004395604395604396,0.004395604395604396,0.01,1.0506330153836,2,1,113,453,0.004395604395604396,0.008771929824561403,True,max_tpr_with_empirical_fpr_le_target,0.0,0.0,0.001,inf,0,0,114,455,0.0,0.0,False,max_tpr_with_empirical_fpr_le_target,32,True,False,11.452955791532947,11.491175117093027,0.6666666666666666,BCP,LR,dp,0.8,18
0.48534798534798534,0.07137073452862924,455,114,0.035164835164835165,0.035164835164835165,0.1,0.7026953848967743,16,11,103,439,0.035164835164835165,0.09649122807017543,True,max_tpr_with_empirical_fpr_le_target,0.008791208791208791,0.008791208791208791,0.01,1.0124395149507293,4,1,113,451,0.008791208791208791,0.008771929824561403,True,max_tpr_with_empirical_fpr_le_target,0.002197802197802198,0.002197802197802198,0.001,1.0714694885403757,1,0,114,454,0.002197802197802198,0.0,False,max_tpr_with_empirical_fpr_le_target,32,True,False,11.466213563137263,11.420755365114678,0.6666666666666666,BCP,LR,dp,0.8,19
0.5221900906111433,0.09724310776942358,455,114,0.16263736263736264,0.16263736263736264,0.1,0.2962848083670844,74,11,103,381,0.16263736263736264,0.09649122807017543,True,max_tpr_with_empirical_fpr_le_target,0.015384615384615385,0.015384615384615385,0.01,0.8846313507052308,7,1,113,448,0.015384615384615385,0.008771929824561403,True,max_tpr_with_empirical_fpr_le_target,0.013186813186813187,0.013186813186813187,0.001,0.9505482433982522,6,0,114,449,0.013186813186813187,0.0,False,max_tpr_with_empirical_fpr_le_target,32,True,False,11.547333228053867,11.661668696307963,0.6666666666666666,BCP,LR,dp,0.8,20
0.4545016387121651,0.024252940042413726,455,114,0.09230769230769231,0.09230769230769231,0.1,0.43137235772406335,42,11,103,413,0.09230769230769231,0.09649122807017543,True,max_tpr_with_empirical_fpr_le_target,0.013186813186813187,0.013186813186813187,0.01,0.8950838414572795,6,1,113,449,0.013186813186813187,0.008771929824561403,True,max_tpr_with_empirical_fpr_le_target,0.0,0.0,0.001,inf,0,0,114,455,0.0,0.0,False,max_tpr_with_empirical_fpr_le_target,32,True,False,11.41243001613923,11.38936291689406,0.6666666666666666,BCP,LR,dp,0.8,21
0.5041835357624832,0.04322344322344329,455,114,0.07692307692307693,0.07692307692307693,0.1,0.424194473981252,35,9,105,420,0.07692307692307693,0.07894736842105263,True,max_tpr_with_empirical_fpr_le_target,0.006593406593406593,0.006593406593406593,0.01,0.7230396561944694,3,1,113,452,0.006593406593406593,0.008771929824561403,True,max_tpr_with_empirical_fpr_le_target,0.004395604395604396,0.004395604395604396,0.001,1.09114769312029,2,0,114,453,0.004395604395604396,0.0,False,max_tpr_with_empirical_fpr_le_target,32,True,False,11.718354734312275,11.787000721653927,0.6666666666666666,BCP,LR,dp,0.8,22
0.5248505880084827,0.0956043956043956,455,114,0.11868131868131868,0.11868131868131868,0.1,0.42065130109150317,54,11,103,401,0.11868131868131868,0.09649122807017543,True,max_tpr_with_empirical_fpr_le_target,0.006593406593406593,0.006593406593406593,0.01,1.0727068964043553,3,0,114,452,0.006593406593406593,0.0,True,max_tpr_with_empirical_fpr_le_target,0.006593406593406593,0.006593406593406593,0.001,1.0727068964043553,3,0,114,452,0.006593406593406593,0.0,False,max_tpr_with_empirical_fpr_le_target,32,True,False,10.886994106405826,11.033887876869345,0.6666666666666666,BCP,LR,dp,0.8,23
0.5385000963948332,0.11307113938692887,455,114,0.14285714285714285,0.14285714285714285,0.1,0.38447821011277483,65,11,103,390,0.14285714285714285,0.09649122807017543,True,max_tpr_with_empirical_fpr_le_target,0.01978021978021978,0.01978021978021978,0.01,0.9466627211206755,9,1,113,446,0.01978021978021978,0.008771929824561403,True,max_tpr_with_empirical_fpr_le_target,0.017582417582417582,0.017582417582417582,0.001,0.9871114450618652,8,0,114,447,0.017582417582417582,0.0,False,max_tpr_with_empirical_fpr_le_target,32,True,False,11.351185767316098,11.402516050798619,0.6666666666666666,BCP,LR,dp,0.8,24
0.5188355504144978,0.06994409099672261,455,114,0.1076923076923077,0.1076923076923077,0.1,0.4240715874004053,49,11,103,406,0.1076923076923077,0.09649122807017543,True,max_tpr_with_empirical_fpr_le_target,0.0,0.0,0.01,1.4448964896391505,0,1,113,455,0.0,0.008771929824561403,True,max_tpr_with_empirical_fpr_le_target,0.0,0.0,0.001,inf,0,0,114,455,0.0,0.0,False,max_tpr_with_empirical_fpr_le_target,32,True,False,11.219260487149368,11.289746036166102,0.6666666666666666,BCP,LR,dp,0.8,25
0.4973009446693657,0.04821669558511665,455,114,0.0967032967032967,0.0967032967032967,0.1,0.49372560088959183,44,11,103,411,0.0967032967032967,0.09649122807017543,True,max_tpr_with_empirical_fpr_le_target,0.017582417582417582,0.017582417582417582,0.01,0.9935818326089558,8,1,113,447,0.017582417582417582,0.008771929824561403,True,max_tpr_with_empirical_fpr_le_target,0.006593406593406593,0.006593406593406593,0.001,1.270020001553502,3,0,114,452,0.006593406593406593,0.0,False,max_tpr_with_empirical_fpr_le_target,32,True,False,11.132118741779575,11.13864042051772,0.6666666666666666,BCP,LR,dp,0.8,26
0.47441681125891655,0.026373626373626374,455,114,0.09230769230769231,0.09230769230769231,0.1,0.4463825660293539,42,11,103,413,0.09230769230769231,0.09649122807017543,True,max_tpr_with_empirical_fpr_le_target,0.03296703296703297,0.03296703296703297,0.01,0.7072458775098545,15,1,113,440,0.03296703296703297,0.008771929824561403,True,max_tpr_with_empirical_fpr_le_target,0.026373626373626374,0.026373626373626374,0.001,0.7203747329263233,12,0,114,443,0.026373626373626374,0.0,False,max_tpr_with_empirical_fpr_le_target,32,True,False,11.460897469457526,11.547366083619389,0.6666666666666666,BCP,LR,dp,0.8,27
0.48764218237902457,0.04407171775592829,455,114,0.12087912087912088,0.12087912087912088,0.1,0.32986773120328783,55,11,103,400,0.12087912087912088,0.09649122807017543,True,max_tpr_with_empirical_fpr_le_target,0.024175824175824177,0.024175824175824177,0.01,0.8736916180702297,11,1,113,444,0.024175824175824177,0.008771929824561403,True,max_tpr_with_empirical_fpr_le_target,0.004395604395604396,0.004395604395604396,0.001,1.5286801323001153,2,0,114,453,0.004395604395604396,0.0,False,max_tpr_with_empirical_fpr_le_target,32,True,False,10.84187421328326,10.927304360332707,0.6666666666666666,BCP,LR,dp,0.8,28
0.4758048968575284,0.013090418353576272,455,114,0.09010989010989011,0.09010989010989011,0.1,0.5195698629860894,41,11,103,414,0.09010989010989011,0.09649122807017543,True,max_tpr_with_empirical_fpr_le_target,0.0,0.0,0.01,1.6649790320336244,0,1,113,455,0.0,0.008771929824561403,True,max_tpr_with_empirical_fpr_le_target,0.0,0.0,0.001,inf,0,0,114,455,0.0,0.0,False,max_tpr_with_empirical_fpr_le_target,32,True,False,11.008496504089399,11.076986181066307,0.6666666666666666,BCP,LR,dp,0.8,29
0.5227877385772123,0.09830345093502979,455,114,0.13406593406593406,0.13406593406593406,0.1,0.3850587923557769,61,11,103,394,0.13406593406593406,0.09649122807017543,True,max_tpr_with_empirical_fpr_le_target,0.04395604395604396,0.04395604395604396,0.01,0.8837721771485967,20,1,113,435,0.04395604395604396,0.008771929824561403,True,max_tpr_with_empirical_fpr_le_target,0.004395604395604396,0.004395604395604396,0.001,1.6930488103648225,2,0,114,453,0.004395604395604396,0.0,False,max_tpr_with_empirical_fpr_le_target,32,True,False,8.604281404032578,8.670210442217494,0.7192982456140351,BCP,LR,dp,1.0,0
0.45955272797378066,0.009099672257566999,455,114,0.08791208791208792,0.08791208791208792,0.1,0.4727351792521697,40,10,104,415,0.08791208791208792,0.08771929824561403,True,max_tpr_with_empirical_fpr_le_target,0.002197802197802198,0.002197802197802198,0.01,1.4707571810629112,1,0,114,454,0.002197802197802198,0.0,True,max_tpr_with_empirical_fpr_le_target,0.002197802197802198,0.002197802197802198,0.001,1.4707571810629112,1,0,114,454,0.002197802197802198,0.0,False,max_tpr_with_empirical_fpr_le_target,32,True,False,9.268681623785758,9.194232815991205,0.7192982456140351,BCP,LR,dp,1.0,1
0.4719491035280509,0.019491035280508884,455,114,0.0967032967032967,0.0967032967032967,0.1,0.4331058632578966,44,11,103,411,0.0967032967032967,0.09649122807017543,True,max_tpr_with_empirical_fpr_le_target,0.006593406593406593,0.006593406593406593,0.01,1.018391576822248,3,1,113,452,0.006593406593406593,0.008771929824561403,True,max_tpr_with_empirical_fpr_le_target,0.002197802197802198,0.002197802197802198,0.001,1.3571813890623483,1,0,114,454,0.002197802197802198,0.0,False,max_tpr_with_empirical_fpr_le_target,32,True,False,8.346382616462899,8.384437626828909,0.7192982456140351,BCP,LR,dp,1.0,2
0.5299016772700984,0.12247927511085399,455,114,0.09230769230769231,0.09230769230769231,0.1,0.4440018982681071,42,11,103,413,0.09230769230769231,0.09649122807017543,True,max_tpr_with_empirical_fpr_le_target,0.006593406593406593,0.006593406593406593,0.01,1.1249994250986628,3,1,113,452,0.006593406593406593,0.008771929824561403,True,max_tpr_with_empirical_fpr_le_target,0.0,0.0,0.001,inf,0,0,114,455,0.0,0.0,False,max_tpr_with_empirical_fpr_le_target,32,True,False,8.883693170187943,9.026447121361144,0.7192982456140351,BCP,LR,dp,1.0,3
0.504973973395026,0.05656448814343551,455,114,0.0989010989010989,0.0989010989010989,0.1,0.416783340577048,45,11,103,410,0.0989010989010989,0.09649122807017543,True,max_tpr_with_empirical_fpr_le_target,0.013186813186813187,0.013186813186813187,0.01,1.12520539764399,6,1,113,449,0.013186813186813187,0.008771929824561403,True,max_tpr_with_empirical_fpr_le_target,0.002197802197802198,0.002197802197802198,0.001,1.368198867449923,1,0,114,454,0.002197802197802198,0.0,False,max_tpr_with_empirical_fpr_le_target,32,True,False,8.687391522161139,8.937621895197168,0.7192982456140351,BCP,LR,dp,1.0,4
0.542760748023906,0.11503759398496238,455,114,0.1076923076923077,0.1076923076923077,0.1,0.35380335191136103,49,11,103,406,0.1076923076923077,0.09649122807017543,True,max_tpr_with_empirical_fpr_le_target,0.008791208791208791,0.008791208791208791,0.01,1.017136997270062,4,1,113,451,0.008791208791208791,0.008771929824561403,True,max_tpr_with_empirical_fpr_le_target,0.006593406593406593,0.006593406593406593,0.001,1.0909390339204013,3,0,114,452,0.006593406593406593,0.0,False,max_tpr_with_empirical_fpr_le_target,32,True,False,8.871543819681264,8.949136823014475,0.7192982456140351,BCP,LR,dp,1.0,5
0.5020435704646231,0.0698862540967804,455,114,0.08131868131868132,0.08131868131868132,0.1,0.46871319876497797,37,11,103,418,0.08131868131868132,0.09649122807017543,True,max_tpr_with_empirical_fpr_le_target,0.006593406593406593,0.006593406593406593,0.01,1.2522016503593294,3,1,113,452,0.006593406593406593,0.008771929824561403,True,max_tpr_with_empirical_fpr_le_target,0.004395604395604396,0.004395604395604396,0.001,1.8193176110563476,2,0,114,453,0.004395604395604396,0.0,False,max_tpr_with_empirical_fpr_le_target,32,True,False,8.582112621589424,8.661683132491115,0.7192982456140351,BCP,LR,dp,1.0,6
0.5518025833815308,0.09801426643531908,455,114,0.12747252747252746,0.12747252747252746,0.1,0.3887520098654784,58,10,104,397,0.12747252747252746,0.08771929824561403,True,max_tpr_with_empirical_fpr_le_target,0.006593406593406593,0.006593406593406593,0.01,1.4152017082425612,3,1,113,452,0.006593406593406593,0.008771929824561403,True,max_tpr_with_empirical_fpr_le_target,0.002197802197802198,0.002197802197802198,0.001,2.258341123411935,1,0,114,454,0.002197802197802198,0.0,False,max_tpr_with_empirical_fpr_le_target,32,True,False,8.478110996802767,8.597131805227459,0.7192982456140351,BCP,LR,dp,1.0,7
0.46011181800655493,0.030595720069404253,455,114,0.07692307692307693,0.07692307692307693,0.1,0.5355753286945641,35,11,103,420,0.07692307692307693,0.09649122807017543,True,max_tpr_with_empirical_fpr_le_target,0.013186813186813187,0.013186813186813187,0.01,1.0540400080778456,6,1,113,449,0.013186813186813187,0.008771929824561403,True,max_tpr_with_empirical_fpr_le_target,0.01098901098901099,0.01098901098901099,0.001,1.336189614783291,5,0,114,450,0.01098901098901099,0.0,False,max_tpr_with_empirical_fpr_le_target,32,True,False,7.978242451592535,8.132013272478877,0.7192982456140351,BCP,LR,dp,1.0,8
0.5390977443609022,0.1148833622517833,455,114,0.11648351648351649,0.11648351648351649,0.1,0.4144694810004559,53,11,103,402,0.11648351648351649,0.09649122807017543,True,max_tpr_with_empirical_fpr_le_target,0.02197802197802198,0.02197802197802198,0.01,1.0269132915683388,10,1,113,445,0.02197802197802198,0.008771929824561403,True,max_tpr_with_empirical_fpr_le_target,0.013186813186813187,0.013186813186813187,0.001,1.552133603849727,6,0,114,449,0.013186813186813187,0.0,False,max_tpr_with_empirical_fpr_le_target,32,True,False,8.373856997282056,8.286281083397736,0.7192982456140351,BCP,LR,dp,1.0,9
0.5472334682860999,0.09190283400809718,455,114,0.15604395604395604,0.15604395604395604,0.1,0.31731367047369075,71,10,104,384,0.15604395604395604,0.08771929824561403,True,max_tpr_with_empirical_fpr_le_target,0.041758241758241756,0.041758241758241756,0.01,0.7450719345792578,19,1,113,436,0.041758241758241756,0.008771929824561403,True,max_tpr_with_empirical_fpr_le_target,0.002197802197802198,0.002197802197802198,0.001,1.6665686894668523,1,0,114,454,0.002197802197802198,0.0,False,max_tpr_with_empirical_fpr_le_target,32,True,False,8.55346059399092,8.64251597139231,0.7192982456140351,BCP,LR,dp,1.0,10
0.47659533449007135,0.016425679583574326,455,114,0.09010989010989011,0.09010989010989011,0.1,0.48337086738403734,41,11,103,414,0.09010989010989011,0.09649122807017543,True,max_tpr_with_empirical_fpr_le_target,0.01978021978021978,0.01978021978021978,0.01,1.213151190351069,9,1,113,446,0.01978021978021978,0.008771929824561403,True,max_tpr_with_empirical_fpr_le_target,0.008791208791208791,0.008791208791208791,0.001,1.6368786630301848,4,0,114,451,0.008791208791208791,0.0,False,max_tpr_with_empirical_fpr_le_target,32,True,False,8.65814090233042,8.675764434986004,0.7192982456140351,BCP,LR,dp,1.0,11
0.5026604973973395,0.06335068440331593,455,114,0.1010989010989011,0.1010989010989011,0.1,0.4752926644630304,46,11,103,409,0.1010989010989011,0.09649122807017543,True,max_tpr_with_empirical_fpr_le_target,0.017582417582417582,0.017582417582417582,0.01,1.0557303446795308,8,1,113,447,0.017582417582417582,0.008771929824561403,True,max_tpr_with_empirical_fpr_le_target,0.015384615384615385,0.015384615384615385,0.001,1.151553160913406,7,0,114,448,0.015384615384615385,0.0,False,max_tpr_with_empirical_fpr_le_target,32,True,False,9.028249357196076,9.12439788419701,0.7192982456140351,BCP,LR,dp,1.0,12
0.5155388471177945,0.08307306728359354,455,114,0.10989010989010989,0.10989010989010989,0.1,0.4638787004309899,50,10,104,405,0.10989010989010989,0.08771929824561403,True,max_tpr_with_empirical_fpr_le_target,0.03296703296703297,0.03296703296703297,0.01,1.0171880229597106,15,1,113,440,0.03296703296703297,0.008771929824561403,True,max_tpr_with_empirical_fpr_le_target,0.006593406593406593,0.006593406593406593,0.001,1.6286493339530592,3,0,114,452,0.006593406593406593,0.0,False,max_tpr_with_empirical_fpr_le_target,32,True,False,8.793749134603612,8.826510217822198,0.7192982456140351,BCP,LR,dp,1.0,13
0.5235396182764605,0.0788124156545209,455,114,0.10329670329670329,0.10329670329670329,0.1,0.47592058111293856,47,11,103,408,0.10329670329670329,0.09649122807017543,True,max_tpr_with_empirical_fpr_le_target,0.035164835164835165,0.035164835164835165,0.01,1.0779861189512463,16,1,113,439,0.035164835164835165,0.008771929824561403,True,max_tpr_with_empirical_fpr_le_target,0.01098901098901099,0.01098901098901099,0.001,1.2502918761580588,5,0,114,450,0.01098901098901099,0.0,False,max_tpr_with_empirical_fpr_le_target,32,True,False,8.764068695382235,8.855789048870099,0.7192982456140351,BCP,LR,dp,1.0,14
0.5648737227684596,0.15033738191632934,455,114,0.13406593406593406,0.13406593406593406,0.1,0.4209094222531018,61,11,103,394,0.13406593406593406,0.09649122807017543,True,max_tpr_with_empirical_fpr_le_target,0.03076923076923077,0.03076923076923077,0.01,0.8063187372749878,14,1,113,441,0.03076923076923077,0.008771929824561403,True,max_tpr_with_empirical_fpr_le_target,0.0,0.0,0.001,inf,0,0,114,455,0.0,0.0,False,max_tpr_with_empirical_fpr_le_target,32,True,False,8.706681306148507,8.80738281458927,0.7192982456140351,BCP,LR,dp,1.0,15
0.4814343551185657,0.039714671293618664,455,114,0.12307692307692308,0.12307692307692308,0.1,0.3792558915489277,56,11,103,399,0.12307692307692308,0.09649122807017543,True,max_tpr_with_empirical_fpr_le_target,0.017582417582417582,0.017582417582417582,0.01,1.0894810017383527,8,0,114,447,0.017582417582417582,0.0,True,max_tpr_with_empirical_fpr_le_target,0.017582417582417582,0.017582417582417582,0.001,1.0894810017383527,8,0,114,447,0.017582417582417582,0.0,False,max_tpr_with_empirical_fpr_le_target,32,True,False,8.11340738185141,8.138016183373098,0.7192982456140351,BCP,LR,dp,1.0,16
0.473896279159437,0.03537690379795644,455,114,0.13186813186813187,0.13186813186813187,0.1,0.3743573099045254,60,11,103,395,0.13186813186813187,0.09649122807017543,True,max_tpr_with_empirical_fpr_le_target,0.006593406593406593,0.006593406593406593,0.01,1.5802995595369107,3,1,113,452,0.006593406593406593,0.008771929824561403,True,max_tpr_with_empirical_fpr_le_target,0.004395604395604396,0.004395604395604396,0.001,2.285440681277973,2,0,114,453,0.004395604395604396,0.0,False,max_tpr_with_empirical_fpr_le_target,32,True,False,8.27565944702468,8.355506554363478,0.7192982456140351,BCP,LR,dp,1.0,17
0.4911895122421439,0.043840370156159714,455,114,0.08351648351648351,0.08351648351648351,0.1,0.5027747761711501,38,11,103,417,0.08351648351648351,0.09649122807017543,True,max_tpr_with_empirical_fpr_le_target,0.024175824175824177,0.024175824175824177,0.01,1.0114998518014158,11,1,113,444,0.024175824175824177,0.008771929824561403,True,max_tpr_with_empirical_fpr_le_target,0.0,0.0,0.001,inf,0,0,114,455,0.0,0.0,False,max_tpr_with_empirical_fpr_le_target,32,True,False,8.381520166419877,8.376538276526553,0.7192982456140351,BCP,LR,dp,1.0,18
0.4879506458453827,0.050318102949681864,455,114,0.05054945054945055,0.05054945054945055,0.1,0.6114372729622826,23,11,103,432,0.05054945054945055,0.09649122807017543,True,max_tpr_with_empirical_fpr_le_target,0.004395604395604396,0.004395604395604396,0.01,1.3872468093673032,2,1,113,453,0.004395604395604396,0.008771929824561403,True,max_tpr_with_empirical_fpr_le_target,0.0,0.0,0.001,inf,0,0,114,455,0.0,0.0,False,max_tpr_with_empirical_fpr_le_target,32,True,False,8.626861120244,8.694791108588174,0.7192982456140351,BCP,LR,dp,1.0,19
0.5035666088297667,0.04885290148448046,455,114,0.13626373626373625,0.13626373626373625,0.1,0.3326162908524646,62,11,103,393,0.13626373626373625,0.09649122807017543,True,max_tpr_with_empirical_fpr_le_target,0.004395604395604396,0.004395604395604396,0.01,1.5343655733039165,2,1,113,453,0.004395604395604396,0.008771929824561403,True,max_tpr_with_empirical_fpr_le_target,0.002197802197802198,0.002197802197802198,0.001,1.6350133783427747,1,0,114,454,0.002197802197802198,0.0,False,max_tpr_with_empirical_fpr_le_target,32,True,False,8.555865596517318,8.578993253529145,0.7192982456140351,BCP,LR,dp,1.0,20
0.4671486408328514,0.026971274339695372,455,114,0.08131868131868132,0.08131868131868132,0.1,0.4715189705455751,37,11,103,418,0.08131868131868132,0.09649122807017543,True,max_tpr_with_empirical_fpr_le_target,0.013186813186813187,0.013186813186813187,0.01,1.12721276142236,6,0,114,449,0.013186813186813187,0.0,True,max_tpr_with_empirical_fpr_le_target,0.013186813186813187,0.013186813186813187,0.001,1.12721276142236,6,0,114,449,0.013186813186813187,0.0,False,max_tpr_with_empirical_fpr_le_target,32,True,False,8.656373246277052,8.734961631728941,0.7192982456140351,BCP,LR,dp,1.0,21
0.5136495083863505,0.04696356275303648,455,114,0.1054945054945055,0.1054945054945055,0.1,0.3530725152093801,48,11,103,407,0.1054945054945055,0.09649122807017543,True,max_tpr_with_empirical_fpr_le_target,0.01098901098901099,0.01098901098901099,0.01,1.044867800363209,5,1,113,450,0.01098901098901099,0.008771929824561403,True,max_tpr_with_empirical_fpr_le_target,0.0,0.0,0.001,inf,0,0,114,455,0.0,0.0,False,max_tpr_with_empirical_fpr_le_target,32,True,False,8.770107895728442,8.909766997986853,0.7192982456140351,BCP,LR,dp,1.0,22
0.5224599961442067,0.08656256024677078,455,114,0.0967032967032967,0.0967032967032967,0.1,0.45832235757170814,44,11,103,411,0.0967032967032967,0.09649122807017543,True,max_tpr_with_empirical_fpr_le_target,0.006593406593406593,0.006593406593406593,0.01,1.442676550447291,3,1,113,452,0.006593406593406593,0.008771929824561403,True,max_tpr_with_empirical_fpr_le_target,0.004395604395604396,0.004395604395604396,0.001,1.4745333609049327,2,0,114,453,0.004395604395604396,0.0,False,max_tpr_with_empirical_fpr_le_target,32,True,False,8.127175907959693,8.217518364225917,0.7192982456140351,BCP,LR,dp,1.0,23
0.5246770773086562,0.08413341044919992,455,114,0.07912087912087912,0.07912087912087912,0.1,0.5175097444279841,36,11,103,419,0.07912087912087912,0.09649122807017543,True,max_tpr_with_empirical_fpr_le_target,0.006593406593406593,0.006593406593406593,0.01,1.1684329159550426,3,1,113,452,0.006593406593406593,0.008771929824561403,True,max_tpr_with_empirical_fpr_le_target,0.004395604395604396,0.004395604395604396,0.001,1.4270880713682108,2,0,114,453,0.004395604395604396,0.0,False,max_tpr_with_empirical_fpr_le_target,32,True,False,8.527915451231133,8.620034218651448,0.7192982456140351,BCP,LR,dp,1.0,24
0.5240601503759399,0.08307306728359354,455,114,0.05714285714285714,0.05714285714285714,0.1,0.4742868833424452,26,11,103,429,0.05714285714285714,0.09649122807017543,True,max_tpr_with_empirical_fpr_le_target,0.0,0.0,0.01,2.261702750056819,0,1,113,455,0.0,0.008771929824561403,True,max_tpr_with_empirical_fpr_le_target,0.0,0.0,0.001,inf,0,0,114,455,0.0,0.0,False,max_tpr_with_empirical_fpr_le_target,32,True,False,8.49516927237599,8.588244344778847,0.7192982456140351,BCP,LR,dp,1.0,25
0.4919028340080972,0.048178137651821884,455,114,0.13186813186813187,0.13186813186813187,0.1,0.40453788530675583,60,11,103,395,0.13186813186813187,0.09649122807017543,True,max_tpr_with_empirical_fpr_le_target,0.008791208791208791,0.008791208791208791,0.01,1.4895591024946615,4,1,113,451,0.008791208791208791,0.008771929824561403,True,max_tpr_with_empirical_fpr_le_target,0.006593406593406593,0.006593406593406593,0.001,1.6638881374390442,3,0,114,452,0.006593406593406593,0.0,False,max_tpr_with_empirical_fpr_le_target,32,True,False,8.443750788575025,8.556653091873379,0.7192982456140351,BCP,LR,dp,1.0,26
0.4648351648351649,0.034779255831887346,455,114,0.07472527472527472,0.07472527472527472,0.1,0.44798325993711074,34,11,103,421,0.07472527472527472,0.09649122807017543,True,max_tpr_with_empirical_fpr_le_target,0.008791208791208791,0.008791208791208791,0.01,1.016868020613027,4,1,113,451,0.008791208791208791,0.008771929824561403,True,max_tpr_with_empirical_fpr_le_target,0.004395604395604396,0.004395604395604396,0.001,1.2899165849288137,2,0,114,453,0.004395604395604396,0.0,False,max_tpr_with_empirical_fpr_le_target,32,True,False,8.70495845164584,8.821207429370041,0.7192982456140351,BCP,LR,dp,1.0,27
0.5021592442645074,0.06948139579718526,455,114,0.11208791208791209,0.11208791208791209,0.1,0.32169046576696125,51,11,103,404,0.11208791208791209,0.09649122807017543,True,max_tpr_with_empirical_fpr_le_target,0.017582417582417582,0.017582417582417582,0.01,1.0777186684157138,8,1,113,447,0.017582417582417582,0.008771929824561403,True,max_tpr_with_empirical_fpr_le_target,0.015384615384615385,0.015384615384615385,0.001,1.166156478603829,7,0,114,448,0.015384615384615385,0.0,False,max_tpr_with_empirical_fpr_le_target,32,True,False,8.654241893376895,8.70876671542321,0.7192982456140351,BCP,LR,dp,1.0,28
0.45284364758048967,0.007287449392712586,455,114,0.07692307692307693,0.07692307692307693,0.1,0.5674016521313998,35,11,103,420,0.07692307692307693,0.09649122807017543,True,max_tpr_with_empirical_fpr_le_target,0.002197802197802198,0.002197802197802198,0.01,1.514137383134086,1,1,113,454,0.002197802197802198,0.008771929824561403,True,max_tpr_with_empirical_fpr_le_target,0.0,0.0,0.001,inf,0,0,114,455,0.0,0.0,False,max_tpr_with_empirical_fpr_le_target,32,True,False,8.106706475793908,8.20876635597079,0.7192982456140351,BCP,LR,dp,1.0,29
0.5195103142471564,0.07297088876036248,455,114,0.11208791208791209,0.11208791208791209,0.1,0.2519513304769223,51,11,103,404,0.11208791208791209,0.09649122807017543,True,max_tpr_with_empirical_fpr_le_target,0.01098901098901099,0.01098901098901099,0.01,2.7100330232994914,5,1,113,450,0.01098901098901099,0.008771929824561403,True,max_tpr_with_empirical_fpr_le_target,0.002197802197802198,0.002197802197802198,0.001,7.271622669855765,1,0,114,454,0.002197802197802198,0.0,False,max_tpr_with_empirical_fpr_le_target,32,True,False,3.2520191957256017,3.3522623952045665,0.8508771929824561,BCP,LR,dp,2.0,0
0.4212839791787161,0.006554848660111912,455,114,0.07032967032967033,0.07032967032967033,0.1,0.3844436185482789,32,11,103,423,0.07032967032967033,0.09649122807017543,True,max_tpr_with_empirical_fpr_le_target,0.01098901098901099,0.01098901098901099,0.01,1.8917120179205549,5,1,113,450,0.01098901098901099,0.008771929824561403,True,max_tpr_with_empirical_fpr_le_target,0.002197802197802198,0.002197802197802198,0.001,3.54657070278673,1,0,114,454,0.002197802197802198,0.0,False,max_tpr_with_empirical_fpr_le_target,32,True,False,3.5755508388103547,3.56834629748268,0.8508771929824561,BCP,LR,dp,2.0,1
0.5147484094852516,0.08613842298052826,455,114,0.08791208791208792,0.08791208791208792,0.1,0.32624245137379404,40,11,103,415,0.08791208791208792,0.09649122807017543,True,max_tpr_with_empirical_fpr_le_target,0.006593406593406593,0.006593406593406593,0.01,2.3921838235484314,3,1,113,452,0.006593406593406593,0.008771929824561403,True,max_tpr_with_empirical_fpr_le_target,0.0,0.0,0.001,inf,0,0,114,455,0.0,0.0,False,max_tpr_with_empirical_fpr_le_target,32,True,False,3.2175110141408307,3.2241067171875284,0.8508771929824561,BCP,LR,dp,2.0,2
0.5385772122614229,0.11798727588201274,455,114,0.08351648351648351,0.08351648351648351,0.1,0.31039306892306406,38,11,103,417,0.08351648351648351,0.09649122807017543,True,max_tpr_with_empirical_fpr_le_target,0.004395604395604396,0.004395604395604396,0.01,2.912099966252627,2,1,113,453,0.004395604395604396,0.008771929824561403,True,max_tpr_with_empirical_fpr_le_target,0.002197802197802198,0.002197802197802198,0.001,3.5353363893276004,1,0,114,454,0.002197802197802198,0.0,False,max_tpr_with_empirical_fpr_le_target,32,True,False,3.675647469836844,3.819737886751371,0.8508771929824561,BCP,LR,dp,2.0,3
0.5247349142085984,0.06431463273568538,455,114,0.0989010989010989,0.0989010989010989,0.1,0.3396405470299224,45,10,104,410,0.0989010989010989,0.08771929824561403,True,max_tpr_with_empirical_fpr_le_target,0.03736263736263736,0.03736263736263736,0.01,0.9218775471106628,17,1,113,438,0.03736263736263736,0.008771929824561403,True,max_tpr_with_empirical_fpr_le_target,0.013186813186813187,0.013186813186813187,0.001,1.845252507350513,6,0,114,449,0.013186813186813187,0.0,False,max_tpr_with_empirical_fpr_le_target,32,True,False,3.5156250168731606,3.6121466410911878,0.8508771929824561,BCP,LR,dp,2.0,4
0.5528629265471372,0.1523809523809524,455,114,0.0989010989010989,0.0989010989010989,0.1,0.28375182583183634,45,11,103,410,0.0989010989010989,0.09649122807017543,True,max_tpr_with_empirical_fpr_le_target,0.006593406593406593,0.006593406593406593,0.01,2.0599895772462538,3,1,113,452,0.006593406593406593,0.008771929824561403,True,max_tpr_with_empirical_fpr_le_target,0.004395604395604396,0.004395604395604396,0.001,2.9552036114766187,2,0,114,453,0.004395604395604396,0.0,False,max_tpr_with_empirical_fpr_le_target,32,True,False,3.2070113432288174,3.335086586007988,0.8508771929824561,BCP,LR,dp,2.0,5
0.4862926547137074,0.042992095623674564,455,114,0.06593406593406594,0.06593406593406594,0.1,0.39425500258075896,30,8,106,425,0.06593406593406594,0.07017543859649122,True,max_tpr_with_empirical_fpr_le_target,0.02197802197802198,0.02197802197802198,0.01,1.2344085506543951,10,1,113,445,0.02197802197802198,0.008771929824561403,True,max_tpr_with_empirical_fpr_le_target,0.006593406593406593,0.006593406593406593,0.001,1.8460957116800127,3,0,114,452,0.006593406593406593,0.0,False,max_tpr_with_empirical_fpr_le_target,32,True,False,3.380787842585129,3.376375257310255,0.8508771929824561,BCP,LR,dp,2.0,6
0.5548101021785232,0.12373240794293427,455,114,0.07252747252747253,0.07252747252747253,0.1,0.4106677629367832,33,10,104,422,0.07252747252747253,0.08771929824561403,True,max_tpr_with_empirical_fpr_le_target,0.026373626373626374,0.026373626373626374,0.01,0.9535616254154688,12,1,113,443,0.026373626373626374,0.008771929824561403,True,max_tpr_with_empirical_fpr_le_target,0.0,0.0,0.001,inf,0,0,114,455,0.0,0.0,False,max_tpr_with_empirical_fpr_le_target,32,True,False,3.315404448705091,3.412916676030591,0.8508771929824561,BCP,LR,dp,2.0,7
0.47158280316175055,0.036957779063042207,455,114,0.07252747252747253,0.07252747252747253,0.1,0.36192023948534313,33,11,103,422,0.07252747252747253,0.09649122807017543,True,max_tpr_with_empirical_fpr_le_target,0.015384615384615385,0.015384615384615385,0.01,1.6453606478117235,7,0,114,448,0.015384615384615385,0.0,True,max_tpr_with_empirical_fpr_le_target,0.015384615384615385,0.015384615384615385,0.001,1.6453606478117235,7,0,114,448,0.015384615384615385,0.0,False,max_tpr_with_empirical_fpr_le_target,32,True,False,3.244261019111499,3.3824553081964344,0.8508771929824561,BCP,LR,dp,2.0,8
0.5300173510699827,0.10454983612878355,455,114,0.1010989010989011,0.1010989010989011,0.1,0.35378400851761693,46,11,103,409,0.1010989010989011,0.09649122807017543,True,max_tpr_with_empirical_fpr_le_target,0.035164835164835165,0.035164835164835165,0.01,0.8606207185577275,16,1,113,439,0.035164835164835165,0.008771929824561403,True,max_tpr_with_empirical_fpr_le_target,0.024175824175824177,0.024175824175824177,0.001,1.451639763948874,11,0,114,444,0.024175824175824177,0.0,False,max_tpr_with_empirical_fpr_le_target,32,True,False,3.2909349581527643,3.2801515350677093,0.8508771929824561,BCP,LR,dp,2.0,9
0.5288027761711973,0.11798727588201274,455,114,0.11428571428571428,0.11428571428571428,0.1,0.27065966157849797,52,10,104,403,0.11428571428571428,0.08771929824561403,True,max_tpr_with_empirical_fpr_le_target,0.013186813186813187,0.013186813186813187,0.01,1.7426776458197484,6,1,113,449,0.013186813186813187,0.008771929824561403,True,max_tpr_with_empirical_fpr_le_target,0.0,0.0,0.001,inf,0,0,114,455,0.0,0.0,False,max_tpr_with_empirical_fpr_le_target,32,True,False,3.144499635108144,3.2091921924764018,0.8508771929824561,BCP,LR,dp,2.0,10
0.47946790052053206,0.023076923076923106,455,114,0.06153846153846154,0.06153846153846154,0.1,0.43866289468862574,28,11,103,427,0.06153846153846154,0.09649122807017543,True,max_tpr_with_empirical_fpr_le_target,0.017582417582417582,0.017582417582417582,0.01,1.980394643410441,8,1,113,447,0.017582417582417582,0.008771929824561403,True,max_tpr_with_empirical_fpr_le_target,0.01098901098901099,0.01098901098901099,0.001,2.3412520022490915,5,0,114,450,0.01098901098901099,0.0,False,max_tpr_with_empirical_fpr_le_target,32,True,False,3.5075580268556625,3.4980193931113717,0.8508771929824561,BCP,LR,dp,2.0,11
0.5064777327935223,0.06340852130325814,455,114,0.1054945054945055,0.1054945054945055,0.1,0.35215389064446967,48,11,103,407,0.1054945054945055,0.09649122807017543,True,max_tpr_with_empirical_fpr_le_target,0.004395604395604396,0.004395604395604396,0.01,2.9207851556229407,2,0,114,453,0.004395604395604396,0.0,True,max_tpr_with_empirical_fpr_le_target,0.004395604395604396,0.004395604395604396,0.001,2.9207851556229407,2,0,114,453,0.004395604395604396,0.0,False,max_tpr_with_empirical_fpr_le_target,32,True,False,3.3460606210646384,3.413401640310505,0.8508771929824561,BCP,LR,dp,2.0,12
0.5136109504530557,0.059456333140543674,455,114,0.13846153846153847,0.13846153846153847,0.1,0.21749121286888506,63,11,103,392,0.13846153846153847,0.09649122807017543,True,max_tpr_with_empirical_fpr_le_target,0.035164835164835165,0.035164835164835165,0.01,1.2474046838893358,16,1,113,439,0.035164835164835165,0.008771929824561403,True,max_tpr_with_empirical_fpr_le_target,0.013186813186813187,0.013186813186813187,0.001,2.9151970328728947,6,0,114,449,0.013186813186813187,0.0,False,max_tpr_with_empirical_fpr_le_target,32,True,False,3.4518706495913483,3.5414680554227265,0.8508771929824561,BCP,LR,dp,2.0,13
0.4906304222093696,0.06550992866782346,455,114,0.0945054945054945,0.0945054945054945,0.1,0.3041787117757244,43,10,104,412,0.0945054945054945,0.08771929824561403,True,max_tpr_with_empirical_fpr_le_target,0.01098901098901099,0.01098901098901099,0.01,2.3524251317144964,5,1,113,450,0.01098901098901099,0.008771929824561403,True,max_tpr_with_empirical_fpr_le_target,0.008791208791208791,0.008791208791208791,0.001,2.4938325062283138,4,0,114,451,0.008791208791208791,0.0,False,max_tpr_with_empirical_fpr_le_target,32,True,False,3.5374078039420143,3.637724780771977,0.8508771929824561,BCP,LR,dp,2.0,14
0.5571235781762097,0.12868710237131287,455,114,0.12747252747252746,0.12747252747252746,0.1,0.2432345346530549,58,11,103,397,0.12747252747252746,0.09649122807017543,True,max_tpr_with_empirical_fpr_le_target,0.02857142857142857,0.02857142857142857,0.01,1.1033178976259506,13,1,113,442,0.02857142857142857,0.008771929824561403,True,max_tpr_with_empirical_fpr_le_target,0.013186813186813187,0.013186813186813187,0.001,2.3842074256337757,6,0,114,449,0.013186813186813187,0.0,False,max_tpr_with_empirical_fpr_le_target,32,True,False,3.273391167066188,3.3662473108697766,0.8508771929824561,BCP,LR,dp,2.0,15
0.48779641411220354,0.039232697127433935,455,114,0.12307692307692308,0.12307692307692308,0.1,0.24798440729884685,56,11,103,399,0.12307692307692308,0.09649122807017543,True,max_tpr_with_empirical_fpr_le_target,0.004395604395604396,0.004395604395604396,0.01,3.238872266617788,2,1,113,453,0.004395604395604396,0.008771929824561403,True,max_tpr_with_empirical_fpr_le_target,0.002197802197802198,0.002197802197802198,0.001,4.154090790363853,1,0,114,454,0.002197802197802198,0.0,False,max_tpr_with_empirical_fpr_le_target,32,True,False,3.0482153973010444,3.0565284650673332,0.8508771929824561,BCP,LR,dp,2.0,16
0.4599190283400809,0.023886639676113375,455,114,0.10329670329670329,0.10329670329670329,0.1,0.32952438458959676,47,11,103,408,0.10329670329670329,0.09649122807017543,True,max_tpr_with_empirical_fpr_le_target,0.008791208791208791,0.008791208791208791,0.01,1.8475937314343316,4,1,113,451,0.008791208791208791,0.008771929824561403,True,max_tpr_with_empirical_fpr_le_target,0.0,0.0,0.001,inf,0,0,114,455,0.0,0.0,False,max_tpr_with_empirical_fpr_le_target,32,True,False,3.093545940448633,3.176160052687848,0.8508771929824561,BCP,LR,dp,2.0,17
0.47468671679198,0.06346635820320035,455,114,0.1010989010989011,0.1010989010989011,0.1,0.2638988059775298,46,11,103,409,0.1010989010989011,0.09649122807017543,True,max_tpr_with_empirical_fpr_le_target,0.015384615384615385,0.015384615384615385,0.01,1.7168161703181308,7,1,113,448,0.015384615384615385,0.008771929824561403,True,max_tpr_with_empirical_fpr_le_target,0.0,0.0,0.001,inf,0,0,114,455,0.0,0.0,False,max_tpr_with_empirical_fpr_le_target,32,True,False,3.1755122573062464,3.236507720061895,0.8508771929824561,BCP,LR,dp,2.0,18
0.5096394833236939,0.06113360323886641,455,114,0.07032967032967033,0.07032967032967033,0.1,0.4258666101867843,32,11,103,423,0.07032967032967033,0.09649122807017543,True,max_tpr_with_empirical_fpr_le_target,0.02857142857142857,0.02857142857142857,0.01,0.9256027211489015,13,1,113,442,0.02857142857142857,0.008771929824561403,True,max_tpr_with_empirical_fpr_le_target,0.002197802197802198,0.002197802197802198,0.001,3.8390327849200983,1,0,114,454,0.002197802197802198,0.0,False,max_tpr_with_empirical_fpr_le_target,32,True,False,3.2340300211949655,3.33182877041079,0.8508771929824561,BCP,LR,dp,2.0,19
0.5101021785232311,0.06398689030267979,455,114,0.15604395604395604,0.15604395604395604,0.1,0.1789340117775451,71,11,103,384,0.15604395604395604,0.09649122807017543,True,max_tpr_with_empirical_fpr_le_target,0.013186813186813187,0.013186813186813187,0.01,1.2385504448292863,6,1,113,449,0.013186813186813187,0.008771929824561403,True,max_tpr_with_empirical_fpr_le_target,0.002197802197802198,0.002197802197802198,0.001,3.437875564043825,1,0,114,454,0.002197802197802198,0.0,False,max_tpr_with_empirical_fpr_le_target,32,True,False,3.346523981407795,3.4107950043438677,0.8508771929824561,BCP,LR,dp,2.0,20
0.4684017736649316,0.017929438982070584,455,114,0.0967032967032967,0.0967032967032967,0.1,0.28174569159918006,44,11,103,411,0.0967032967032967,0.09649122807017543,True,max_tpr_with_empirical_fpr_le_target,0.02197802197802198,0.02197802197802198,0.01,1.377212859513632,10,1,113,445,0.02197802197802198,0.008771929824561403,True,max_tpr_with_empirical_fpr_le_target,0.015384615384615385,0.015384615384615385,0.001,2.728848828566324,7,0,114,448,0.015384615384615385,0.0,False,max_tpr_with_empirical_fpr_le_target,32,True,False,3.2892042827493415,3.43136650144697,0.8508771929824561,BCP,LR,dp,2.0,21
0.5032967032967033,0.053576248313090435,455,114,0.1010989010989011,0.1010989010989011,0.1,0.21691956740743645,46,11,103,409,0.1010989010989011,0.09649122807017543,True,max_tpr_with_empirical_fpr_le_target,0.006593406593406593,0.006593406593406593,0.01,1.9120680112784925,3,0,114,452,0.006593406593406593,0.0,True,max_tpr_with_empirical_fpr_le_target,0.006593406593406593,0.006593406593406593,0.001,1.9120680112784925,3,0,114,452,0.006593406593406593,0.0,False,max_tpr_with_empirical_fpr_le_target,32,True,False,3.2534394233563395,3.3228577248287725,0.8508771929824561,BCP,LR,dp,2.0,22
0.49953730480046277,0.04981684981684986,455,114,0.09010989010989011,0.09010989010989011,0.1,0.27937313918785645,41,11,103,414,0.09010989010989011,0.09649122807017543,True,max_tpr_with_empirical_fpr_le_target,0.01978021978021978,0.01978021978021978,0.01,1.3005834793557494,9,1,113,446,0.01978021978021978,0.008771929824561403,True,max_tpr_with_empirical_fpr_le_target,0.004395604395604396,0.004395604395604396,0.001,2.453740327087739,2,0,114,453,0.004395604395604396,0.0,False,max_tpr_with_empirical_fpr_le_target,32,True,False,3.0841217595732666,3.177118417067197,0.8508771929824561,BCP,LR,dp,2.0,23
0.5007326007326007,0.04563331405436666,455,114,0.0967032967032967,0.0967032967032967,0.1,0.41025897596100647,44,10,104,411,0.0967032967032967,0.08771929824561403,True,max_tpr_with_empirical_fpr_le_target,0.05054945054945055,0.05054945054945055,0.01,0.737507679507825,23,1,113,432,0.05054945054945055,0.008771929824561403,True,max_tpr_with_empirical_fpr_le_target,0.04395604395604396,0.04395604395604396,0.001,0.8844379997720493,20,0,114,435,0.04395604395604396,0.0,False,max_tpr_with_empirical_fpr_le_target,32,True,False,2.979337858321822,3.138393257523133,0.8508771929824561,BCP,LR,dp,2.0,24
0.5126470021206865,0.0675727780990939,455,114,0.06373626373626373,0.06373626373626373,0.1,0.37600967933147444,29,11,103,426,0.06373626373626373,0.09649122807017543,True,max_tpr_with_empirical_fpr_le_target,0.004395604395604396,0.004395604395604396,0.01,1.9323642730602604,2,1,113,453,0.004395604395604396,0.008771929824561403,True,max_tpr_with_empirical_fpr_le_target,0.0,0.0,0.001,inf,0,0,114,455,0.0,0.0,False,max_tpr_with_empirical_fpr_le_target,32,True,False,3.2965244694673794,3.344123289018251,0.8508771929824561,BCP,LR,dp,2.0,25
0.5143049932523616,0.0564488143435512,455,114,0.10989010989010989,0.10989010989010989,0.1,0.2624825533553392,50,10,104,405,0.10989010989010989,0.08771929824561403,True,max_tpr_with_empirical_fpr_le_target,0.03076923076923077,0.03076923076923077,0.01,1.1218623056649406,14,1,113,441,0.03076923076923077,0.008771929824561403,True,max_tpr_with_empirical_fpr_le_target,0.026373626373626374,0.026373626373626374,0.001,1.3093597627532905,12,0,114,443,0.026373626373626374,0.0,False,max_tpr_with_empirical_fpr_le_target,32,True,False,3.1643564671469218,3.2569493402706593,0.8508771929824561,BCP,LR,dp,2.0,26
0.4605552342394448,0.026527858106805483,455,114,0.0967032967032967,0.0967032967032967,0.1,0.320236112902232,44,8,106,411,0.0967032967032967,0.07017543859649122,True,max_tpr_with_empirical_fpr_le_target,0.01978021978021978,0.01978021978021978,0.01,1.2856111682074935,9,0,114,446,0.01978021978021978,0.0,True,max_tpr_with_empirical_fpr_le_target,0.01978021978021978,0.01978021978021978,0.001,1.2856111682074935,9,0,114,446,0.01978021978021978,0.0,False,max_tpr_with_empirical_fpr_le_target,32,True,False,3.3271900356704327,3.4573606737942457,0.8508771929824561,BCP,LR,dp,2.0,27
0.49076537497590134,0.03907846539425486,455,114,0.12747252747252746,0.12747252747252746,0.1,0.15808373226776018,58,11,103,397,0.12747252747252746,0.09649122807017543,True,max_tpr_with_empirical_fpr_le_target,0.024175824175824177,0.024175824175824177,0.01,1.0785195296841787,11,0,114,444,0.024175824175824177,0.0,True,max_tpr_with_empirical_fpr_le_target,0.024175824175824177,0.024175824175824177,0.001,1.0785195296841787,11,0,114,444,0.024175824175824177,0.0,False,max_tpr_with_empirical_fpr_le_target,32,True,False,3.4290587271297523,3.3883378642712083,0.8508771929824561,BCP,LR,dp,2.0,28
0.48837478311162524,0.027395411605937947,455,114,0.07912087912087912,0.07912087912087912,0.1,0.3263963027606085,36,9,105,419,0.07912087912087912,0.07894736842105263,True,max_tpr_with_empirical_fpr_le_target,0.017582417582417582,0.017582417582417582,0.01,2.025415360842996,8,0,114,447,0.017582417582417582,0.0,True,max_tpr_with_empirical_fpr_le_target,0.017582417582417582,0.017582417582417582,0.001,2.025415360842996,8,0,114,447,0.017582417582417582,0.0,False,max_tpr_with_empirical_fpr_le_target,32,True,False,3.105839397564757,3.1467366245081676,0.8508771929824561,BCP,LR,dp,2.0,29
0.5411027568922305,0.08845189897821476,455,114,0.11868131868131868,0.11868131868131868,0.1,0.24561427360740185,54,9,105,401,0.11868131868131868,0.07894736842105263,True,max_tpr_with_empirical_fpr_le_target,0.015384615384615385,0.015384615384615385,0.01,2.8638446716611434,7,1,113,448,0.015384615384615385,0.008771929824561403,True,max_tpr_with_empirical_fpr_le_target,0.004395604395604396,0.004395604395604396,0.001,11.534411290757925,2,0,114,453,0.004395604395604396,0.0,False,max_tpr_with_empirical_fpr_le_target,32,True,False,1.311781109701093,1.321096013120761,0.9035087719298246,BCP,LR,dp,4.0,0
0.4210140736456527,0.008752650857914102,455,114,0.05054945054945055,0.05054945054945055,0.1,0.37518863147482007,23,10,104,432,0.05054945054945055,0.08771929824561403,True,max_tpr_with_empirical_fpr_le_target,0.015384615384615385,0.015384615384615385,0.01,1.9129606124367484,7,1,113,448,0.015384615384615385,0.008771929824561403,True,max_tpr_with_empirical_fpr_le_target,0.002197802197802198,0.002197802197802198,0.001,3.7119218277960093,1,0,114,454,0.002197802197802198,0.0,False,max_tpr_with_empirical_fpr_le_target,32,True,False,1.4734803587040741,1.4775831762737603,0.9035087719298246,BCP,LR,dp,4.0,1
0.5114324272219009,0.08191632928475034,455,114,0.0989010989010989,0.0989010989010989,0.1,0.2863521738697177,45,11,103,410,0.0989010989010989,0.09649122807017543,True,max_tpr_with_empirical_fpr_le_target,0.008791208791208791,0.008791208791208791,0.01,3.5954082533471294,4,0,114,451,0.008791208791208791,0.0,True,max_tpr_with_empirical_fpr_le_target,0.008791208791208791,0.008791208791208791,0.001,3.5954082533471294,4,0,114,451,0.008791208791208791,0.0,False,max_tpr_with_empirical_fpr_le_target,32,True,False,1.3306233070053919,1.3479117070636528,0.9035087719298246,BCP,LR,dp,4.0,2
0.532369385000964,0.06753422016579902,455,114,0.10989010989010989,0.10989010989010989,0.1,0.22644931653198985,50,11,103,405,0.10989010989010989,0.09649122807017543,True,max_tpr_with_empirical_fpr_le_target,0.008791208791208791,0.008791208791208791,0.01,4.242874184589387,4,1,113,451,0.008791208791208791,0.008771929824561403,True,max_tpr_with_empirical_fpr_le_target,0.004395604395604396,0.004395604395604396,0.001,5.986667577392307,2,0,114,453,0.004395604395604396,0.0,False,max_tpr_with_empirical_fpr_le_target,32,True,False,1.525315169446936,1.554946185623571,0.9035087719298246,BCP,LR,dp,4.0,3
0.529284750337382,0.06202043570464624,455,114,0.11868131868131868,0.11868131868131868,0.1,0.20254545448367423,54,11,103,401,0.11868131868131868,0.09649122807017543,True,max_tpr_with_empirical_fpr_le_target,0.03736263736263736,0.03736263736263736,0.01,0.7667721161365071,17,1,113,438,0.03736263736263736,0.008771929824561403,True,max_tpr_with_empirical_fpr_le_target,0.02857142857142857,0.02857142857142857,0.001,1.006298353255682,13,0,114,442,0.02857142857142857,0.0,False,max_tpr_with_empirical_fpr_le_target,32,True,False,1.4079020271136713,1.4556186756829865,0.9035087719298246,BCP,LR,dp,4.0,4
0.5538461538461539,0.14179679969153647,455,114,0.1010989010989011,0.1010989010989011,0.1,0.25476438767938636,46,11,103,409,0.1010989010989011,0.09649122807017543,True,max_tpr_with_empirical_fpr_le_target,0.013186813186813187,0.013186813186813187,0.01,2.347413377719053,6,1,113,449,0.013186813186813187,0.008771929824561403,True,max_tpr_with_empirical_fpr_le_target,0.004395604395604396,0.004395604395604396,0.001,3.2384819546985444,2,0,114,453,0.004395604395604396,0.0,False,max_tpr_with_empirical_fpr_le_target,32,True,False,1.3483512879784108,1.3905236621697001,0.9035087719298246,BCP,LR,dp,4.0,5
0.49045691150954307,0.05164835164835169,455,114,0.07252747252747253,0.07252747252747253,0.1,0.370487358912281,33,9,105,422,0.07252747252747253,0.07894736842105263,True,max_tpr_with_empirical_fpr_le_target,0.01978021978021978,0.01978021978021978,0.01,1.1969226975399687,9,1,113,446,0.01978021978021978,0.008771929824561403,True,max_tpr_with_empirical_fpr_le_target,0.01098901098901099,0.01098901098901099,0.001,1.7166049298446708,5,0,114,450,0.01098901098901099,0.0,False,max_tpr_with_empirical_fpr_le_target,32,True,False,1.3261808871656822,1.3504530844106335,0.9035087719298246,BCP,LR,dp,4.0,6
0.5340466550992866,0.09344515133988818,455,114,0.10329670329670329,0.10329670329670329,0.1,0.2892872826973383,47,11,103,408,0.10329670329670329,0.09649122807017543,True,max_tpr_with_empirical_fpr_le_target,0.03736263736263736,0.03736263736263736,0.01,0.9255616719617152,17,1,113,438,0.03736263736263736,0.008771929824561403,True,max_tpr_with_empirical_fpr_le_target,0.0,0.0,0.001,inf,0,0,114,455,0.0,0.0,False,max_tpr_with_empirical_fpr_le_target,32,True,False,1.3788929513991324,1.4071934051360808,0.9035087719298246,BCP,LR,dp,4.0,7
0.4775400038557933,0.04790823211875839,455,114,0.07692307692307693,0.07692307692307693,0.1,0.3181854056254061,35,11,103,420,0.07692307692307693,0.09649122807017543,True,max_tpr_with_empirical_fpr_le_target,0.02857142857142857,0.02857142857142857,0.01,1.2136365871335437,13,0,114,442,0.02857142857142857,0.0,True,max_tpr_with_empirical_fpr_le_target,0.02857142857142857,0.02857142857142857,0.001,1.2136365871335437,13,0,114,442,0.02857142857142857,0.0,False,max_tpr_with_empirical_fpr_le_target,32,True,False,1.3430497762730265,1.4154165032123311,0.9035087719298246,BCP,LR,dp,4.0,8
0.5308849045691151,0.1024291497975709,455,114,0.11208791208791209,0.11208791208791209,0.1,0.25861904954842463,51,11,103,404,0.11208791208791209,0.09649122807017543,True,max_tpr_with_empirical_fpr_le_target,0.026373626373626374,0.026373626373626374,0.01,1.413333703191397,12,1,113,443,0.026373626373626374,0.008771929824561403,True,max_tpr_with_empirical_fpr_le_target,0.013186813186813187,0.013186813186813187,0.001,2.3919082323907688,6,0,114,449,0.013186813186813187,0.0,False,max_tpr_with_empirical_fpr_le_target,32,True,False,1.3829934189232835,1.3591415276140286,0.9035087719298246,BCP,LR,dp,4.0,9
0.524214382109119,0.09363794100636202,455,114,0.10989010989010989,0.10989010989010989,0.1,0.22863788327157986,50,11,103,405,0.10989010989010989,0.09649122807017543,True,max_tpr_with_empirical_fpr_le_target,0.01978021978021978,0.01978021978021978,0.01,1.928224642340083,9,1,113,446,0.01978021978021978,0.008771929824561403,True,max_tpr_with_empirical_fpr_le_target,0.0,0.0,0.001,inf,0,0,114,455,0.0,0.0,False,max_tpr_with_empirical_fpr_le_target,32,True,False,1.3224533515825745,1.350801756298496,0.9035087719298246,BCP,LR,dp,4.0,10
0.48155002891844995,0.031887410834779195,455,114,0.06153846153846154,0.06153846153846154,0.1,0.42792755553327044,28,11,103,427,0.06153846153846154,0.09649122807017543,True,max_tpr_with_empirical_fpr_le_target,0.026373626373626374,0.026373626373626374,0.01,1.531960383703626,12,1,113,443,0.026373626373626374,0.008771929824561403,True,max_tpr_with_empirical_fpr_le_target,0.017582417582417582,0.017582417582417582,0.001,2.2192572311396965,8,0,114,447,0.017582417582417582,0.0,False,max_tpr_with_empirical_fpr_le_target,32,True,False,1.4358404196664376,1.4379404024739997,0.9035087719298246,BCP,LR,dp,4.0,11
0.5041835357624831,0.05675727780990936,455,114,0.0945054945054945,0.0945054945054945,0.1,0.3605342941177432,43,11,103,412,0.0945054945054945,0.09649122807017543,True,max_tpr_with_empirical_fpr_le_target,0.01098901098901099,0.01098901098901099,0.01,2.8333593107994197,5,1,113,450,0.01098901098901099,0.008771929824561403,True,max_tpr_with_empirical_fpr_le_target,0.006593406593406593,0.006593406593406593,0.001,3.756648069204318,3,0,114,452,0.006593406593406593,0.0,False,max_tpr_with_empirical_fpr_le_target,32,True,False,1.3442555729103347,1.3634227042649036,0.9035087719298246,BCP,LR,dp,4.0,12
0.5105070368228264,0.07495662232504338,455,114,0.14945054945054945,0.14945054945054945,0.1,0.17768804056524856,68,10,104,387,0.14945054945054945,0.08771929824561403,True,max_tpr_with_empirical_fpr_le_target,0.02197802197802198,0.02197802197802198,0.01,2.3172243592939203,10,1,113,445,0.02197802197802198,0.008771929824561403,True,max_tpr_with_empirical_fpr_le_target,0.01978021978021978,0.01978021978021978,0.001,3.449113589556253,9,0,114,446,0.01978021978021978,0.0,False,max_tpr_with_empirical_fpr_le_target,32,True,False,1.4265242357697099,1.4334616782141094,0.9035087719298246,BCP,LR,dp,4.0,13
0.5124349334875651,0.05558126084441872,455,114,0.0945054945054945,0.0945054945054945,0.1,0.2625305712790502,43,11,103,412,0.0945054945054945,0.09649122807017543,True,max_tpr_with_empirical_fpr_le_target,0.017582417582417582,0.017582417582417582,0.01,1.5789598255567436,8,1,113,447,0.017582417582417582,0.008771929824561403,True,max_tpr_with_empirical_fpr_le_target,0.015384615384615385,0.015384615384615385,0.001,1.677806578647533,7,0,114,448,0.015384615384615385,0.0,False,max_tpr_with_empirical_fpr_le_target,32,True,False,1.4473369493262374,1.4836578044555153,0.9035087719298246,BCP,LR,dp,4.0,14
0.5539232697127434,0.1546944283786389,455,114,0.11648351648351649,0.11648351648351649,0.1,0.215965654806064,53,11,103,402,0.11648351648351649,0.09649122807017543,True,max_tpr_with_empirical_fpr_le_target,0.01098901098901099,0.01098901098901099,0.01,2.4343478080621885,5,1,113,450,0.01098901098901099,0.008771929824561403,True,max_tpr_with_empirical_fpr_le_target,0.008791208791208791,0.008791208791208791,0.001,2.7767709598254076,4,0,114,451,0.008791208791208791,0.0,False,max_tpr_with_empirical_fpr_le_target,32,True,False,1.3579802614501026,1.4012013453857912,0.9035087719298246,BCP,LR,dp,4.0,15
0.50944669365722,0.06111432427221908,455,114,0.14505494505494507,0.14505494505494507,0.1,0.17513282699860544,66,11,103,389,0.14505494505494507,0.09649122807017543,True,max_tpr_with_empirical_fpr_le_target,0.01098901098901099,0.01098901098901099,0.01,3.7435114617866807,5,1,113,450,0.01098901098901099,0.008771929824561403,True,max_tpr_with_empirical_fpr_le_target,0.006593406593406593,0.006593406593406593,0.001,5.715306496678203,3,0,114,452,0.006593406593406593,0.0,False,max_tpr_with_empirical_fpr_le_target,32,True,False,1.2814767693965259,1.3082163867849073,0.9035087719298246,BCP,LR,dp,4.0,16
0.46524002313476,0.019317524580682477,455,114,0.06153846153846154,0.06153846153846154,0.1,0.40926803582453486,28,11,103,427,0.06153846153846154,0.09649122807017543,True,max_tpr_with_empirical_fpr_le_target,0.006593406593406593,0.006593406593406593,0.01,2.273327077175309,3,1,113,452,0.006593406593406593,0.008771929824561403,True,max_tpr_with_empirical_fpr_le_target,0.0,0.0,0.001,inf,0,0,114,455,0.0,0.0,False,max_tpr_with_empirical_fpr_le_target,32,True,False,1.2354823963502584,1.3055248603753167,0.9035087719298246,BCP,LR,dp,4.0,17
0.48295739348370925,0.032620011567380036,455,114,0.1010989010989011,0.1010989010989011,0.1,0.24210302322456512,46,11,103,409,0.1010989010989011,0.09649122807017543,True,max_tpr_with_empirical_fpr_le_target,0.02857142857142857,0.02857142857142857,0.01,0.9947139678825074,13,1,113,442,0.02857142857142857,0.008771929824561403,True,max_tpr_with_empirical_fpr_le_target,0.006593406593406593,0.006593406593406593,0.001,3.348663852252961,3,0,114,452,0.006593406593406593,0.0,False,max_tpr_with_empirical_fpr_le_target,32,True,False,1.3317530517643934,1.3614477859171195,0.9035087719298246,BCP,LR,dp,4.0,18
0.4915365336417968,0.045787545787545736,455,114,0.07472527472527472,0.07472527472527472,0.1,0.3541135211676738,34,11,103,421,0.07472527472527472,0.09649122807017543,True,max_tpr_with_empirical_fpr_le_target,0.035164835164835165,0.035164835164835165,0.01,0.9188037358519345,16,1,113,439,0.035164835164835165,0.008771929824561403,True,max_tpr_with_empirical_fpr_le_target,0.01098901098901099,0.01098901098901099,0.001,2.8079061096245894,5,0,114,450,0.01098901098901099,0.0,False,max_tpr_with_empirical_fpr_le_target,32,True,False,1.327431480185764,1.369447587612011,0.9035087719298246,BCP,LR,dp,4.0,19
0.4986890302679776,0.039811066126855615,455,114,0.11648351648351649,0.11648351648351649,0.1,0.19407480251387232,53,11,103,402,0.11648351648351649,0.09649122807017543,True,max_tpr_with_empirical_fpr_le_target,0.015384615384615385,0.015384615384615385,0.01,1.4300107280825678,7,1,113,448,0.015384615384615385,0.008771929824561403,True,max_tpr_with_empirical_fpr_le_target,0.006593406593406593,0.006593406593406593,0.001,2.7009533912390866,3,0,114,452,0.006593406593406593,0.0,False,max_tpr_with_empirical_fpr_le_target,32,True,False,1.3848744152153352,1.438401529549099,0.9035087719298246,BCP,LR,dp,4.0,20
0.4726045883940621,0.053055716213610965,455,114,0.11868131868131868,0.11868131868131868,0.1,0.20853852308064647,54,11,103,401,0.11868131868131868,0.09649122807017543,True,max_tpr_with_empirical_fpr_le_target,0.015384615384615385,0.015384615384615385,0.01,2.120307966612253,7,1,113,448,0.015384615384615385,0.008771929824561403,True,max_tpr_with_empirical_fpr_le_target,0.01098901098901099,0.01098901098901099,0.001,4.195242221939168,5,0,114,450,0.01098901098901099,0.0,False,max_tpr_with_empirical_fpr_le_target,32,True,False,1.357497441423425,1.40342635870835,0.9035087719298246,BCP,LR,dp,4.0,21
0.513919413919414,0.0868517447464815,455,114,0.08571428571428572,0.08571428571428572,0.1,0.2399984973709537,39,10,104,416,0.08571428571428572,0.08771929824561403,True,max_tpr_with_empirical_fpr_le_target,0.02197802197802198,0.02197802197802198,0.01,1.3447410025926523,10,1,113,445,0.02197802197802198,0.008771929824561403,True,max_tpr_with_empirical_fpr_le_target,0.01978021978021978,0.01978021978021978,0.001,1.572251646085248,9,0,114,446,0.01978021978021978,0.0,False,max_tpr_with_empirical_fpr_le_target,32,True,False,1.3502208798732123,1.3952604242804243,0.9035087719298246,BCP,LR,dp,4.0,22
0.4926547137073453,0.03903990746096009,455,114,0.0967032967032967,0.0967032967032967,0.1,0.25782809860825306,44,11,103,411,0.0967032967032967,0.09649122807017543,True,max_tpr_with_empirical_fpr_le_target,0.02857142857142857,0.02857142857142857,0.01,1.2467628088601748,13,1,113,442,0.02857142857142857,0.008771929824561403,True,max_tpr_with_empirical_fpr_le_target,0.01098901098901099,0.01098901098901099,0.001,4.1948549657855425,5,0,114,450,0.01098901098901099,0.0,False,max_tpr_with_empirical_fpr_le_target,32,True,False,1.2631503992500872,1.2974718760622619,0.9035087719298246,BCP,LR,dp,4.0,23
0.5119722382880277,0.05868517447464816,455,114,0.0967032967032967,0.0967032967032967,0.1,0.3790925948141328,44,9,105,411,0.0967032967032967,0.07894736842105263,True,max_tpr_with_empirical_fpr_le_target,0.035164835164835165,0.035164835164835165,0.01,0.9490889211132054,16,0,114,439,0.035164835164835165,0.0,True,max_tpr_with_empirical_fpr_le_target,0.035164835164835165,0.035164835164835165,0.001,0.9490889211132054,16,0,114,439,0.035164835164835165,0.0,False,max_tpr_with_empirical_fpr_le_target,32,True,False,1.215911957033726,1.2754311333887711,0.9035087719298246,BCP,LR,dp,4.0,24
0.5200115673799884,0.08739155581260838,455,114,0.09230769230769231,0.09230769230769231,0.1,0.30439611832649693,42,11,103,413,0.09230769230769231,0.09649122807017543,True,max_tpr_with_empirical_fpr_le_target,0.008791208791208791,0.008791208791208791,0.01,2.3473819817885158,4,0,114,451,0.008791208791208791,0.0,True,max_tpr_with_empirical_fpr_le_target,0.008791208791208791,0.008791208791208791,0.001,2.3473819817885158,4,0,114,451,0.008791208791208791,0.0,False,max_tpr_with_empirical_fpr_le_target,32,True,False,1.4025179507813,1.3769600064524443,0.9035087719298246,BCP,LR,dp,4.0,25
0.5193560825139772,0.06963562753036434,455,114,0.12527472527472527,0.12527472527472527,0.1,0.21702948512773923,57,11,103,398,0.12527472527472527,0.09649122807017543,True,max_tpr_with_empirical_fpr_le_target,0.03956043956043956,0.03956043956043956,0.01,0.7183514534250097,18,1,113,437,0.03956043956043956,0.008771929824561403,True,max_tpr_with_empirical_fpr_le_target,0.03076923076923077,0.03076923076923077,0.001,0.9879854719853112,14,0,114,441,0.03076923076923077,0.0,False,max_tpr_with_empirical_fpr_le_target,32,True,False,1.308842230416853,1.3675859963330512,0.9035087719298246,BCP,LR,dp,4.0,26
0.4529978793136688,0.0264893001735107,455,114,0.1010989010989011,0.1010989010989011,0.1,0.2799298206823684,46,11,103,409,0.1010989010989011,0.09649122807017543,True,max_tpr_with_empirical_fpr_le_target,0.024175824175824177,0.024175824175824177,0.01,1.584956324400797,11,1,113,444,0.024175824175824177,0.008771929824561403,True,max_tpr_with_empirical_fpr_le_target,0.017582417582417582,0.017582417582417582,0.001,2.2260922404642534,8,0,114,447,0.017582417582417582,0.0,False,max_tpr_with_empirical_fpr_le_target,32,True,False,1.3798743752156704,1.4578071107864339,0.9035087719298246,BCP,LR,dp,4.0,27
0.48324657798342013,0.032581453634085156,455,114,0.1010989010989011,0.1010989010989011,0.1,0.1619689711083694,46,10,104,409,0.1010989010989011,0.08771929824561403,True,max_tpr_with_empirical_fpr_le_target,0.035164835164835165,0.035164835164835165,0.01,0.9882591135153014,16,1,113,439,0.035164835164835165,0.008771929824561403,True,max_tpr_with_empirical_fpr_le_target,0.024175824175824177,0.024175824175824177,0.001,1.237765630846487,11,0,114,444,0.024175824175824177,0.0,False,max_tpr_with_empirical_fpr_le_target,32,True,False,1.4432383307995997,1.4725041327136195,0.9035087719298246,BCP,LR,dp,4.0,28
0.49138230190861765,0.04684788895315212,455,114,0.07252747252747253,0.07252747252747253,0.1,0.29677479200550083,33,11,103,422,0.07252747252747253,0.09649122807017543,True,max_tpr_with_empirical_fpr_le_target,0.01978021978021978,0.01978021978021978,0.01,1.6719556355853933,9,1,113,446,0.01978021978021978,0.008771929824561403,True,max_tpr_with_empirical_fpr_le_target,0.017582417582417582,0.017582417582417582,0.001,2.117932350466366,8,0,114,447,0.017582417582417582,0.0,False,max_tpr_with_empirical_fpr_le_target,32,True,False,1.2828531864999175,1.309551214954149,0.9035087719298246,BCP,LR,dp,4.0,29
0.526103720840563,0.06529786003470217,455,114,0.12967032967032968,0.12967032967032968,0.1,0.2553806015464877,59,11,103,396,0.12967032967032968,0.09649122807017543,True,max_tpr_with_empirical_fpr_le_target,0.01978021978021978,0.01978021978021978,0.01,3.139896589479145,9,1,113,446,0.01978021978021978,0.008771929824561403,True,max_tpr_with_empirical_fpr_le_target,0.004395604395604396,0.004395604395604396,0.001,12.71543032781867,2,0,114,453,0.004395604395604396,0.0,False,max_tpr_with_empirical_fpr_le_target,32,True,False,0.5861134354382099,0.5902150248997068,0.9035087719298246,BCP,LR,dp,8.0,0
0.4489107383844227,0.00881048775785618,455,114,0.05714285714285714,0.05714285714285714,0.1,0.4120684380713755,26,11,103,429,0.05714285714285714,0.09649122807017543,True,max_tpr_with_empirical_fpr_le_target,0.017582417582417582,0.017582417582417582,0.01,2.3635265909851864,8,1,113,447,0.017582417582417582,0.008771929824561403,True,max_tpr_with_empirical_fpr_le_target,0.002197802197802198,0.002197802197802198,0.001,4.929580438730428,1,0,114,454,0.002197802197802198,0.0,False,max_tpr_with_empirical_fpr_le_target,32,True,False,0.6578473745010849,0.6570760149711576,0.9035087719298246,BCP,LR,dp,8.0,1
0.49853479853479854,0.05085791401580875,455,114,0.11208791208791209,0.11208791208791209,0.1,0.2739348325052722,51,11,103,404,0.11208791208791209,0.09649122807017543,True,max_tpr_with_empirical_fpr_le_target,0.013186813186813187,0.013186813186813187,0.01,2.511753737351902,6,1,113,449,0.013186813186813187,0.008771929824561403,True,max_tpr_with_empirical_fpr_le_target,0.01098901098901099,0.01098901098901099,0.001,2.86418082861198,5,0,114,450,0.01098901098901099,0.0,False,max_tpr_with_empirical_fpr_le_target,32,True,False,0.6019494722883514,0.6164743171062913,0.9035087719298246,BCP,LR,dp,8.0,2
0.5716984769616349,0.1349334875650665,455,114,0.17582417582417584,0.17582417582417584,0.1,0.14033366901025213,80,11,103,375,0.17582417582417584,0.09649122807017543,True,max_tpr_with_empirical_fpr_le_target,0.01098901098901099,0.01098901098901099,0.01,3.9917220992834794,5,1,113,450,0.01098901098901099,0.008771929824561403,True,max_tpr_with_empirical_fpr_le_target,0.008791208791208791,0.008791208791208791,0.001,5.2471591679478315,4,0,114,451,0.008791208791208791,0.0,False,max_tpr_with_empirical_fpr_le_target,32,True,False,0.6847939966141169,0.698306820733297,0.9035087719298246,BCP,LR,dp,8.0,3
0.5308849045691151,0.06311933680354731,455,114,0.11648351648351649,0.11648351648351649,0.1,0.2660905529098816,53,11,103,402,0.11648351648351649,0.09649122807017543,True,max_tpr_with_empirical_fpr_le_target,0.03296703296703297,0.03296703296703297,0.01,1.0978066532088135,15,1,113,440,0.03296703296703297,0.008771929824561403,True,max_tpr_with_empirical_fpr_le_target,0.02857142857142857,0.02857142857142857,0.001,1.4515070525001492,13,0,114,442,0.02857142857142857,0.0,False,max_tpr_with_empirical_fpr_le_target,32,True,False,0.6296341899661207,0.6481119038817124,0.9035087719298246,BCP,LR,dp,8.0,4
0.5336417967996916,0.11089261615577406,455,114,0.10989010989010989,0.10989010989010989,0.1,0.2715638417597668,50,9,105,405,0.10989010989010989,0.07894736842105263,True,max_tpr_with_empirical_fpr_le_target,0.017582417582417582,0.017582417582417582,0.01,2.115216808748902,8,1,113,447,0.017582417582417582,0.008771929824561403,True,max_tpr_with_empirical_fpr_le_target,0.004395604395604396,0.004395604395604396,0.001,5.8472072632118675,2,0,114,453,0.004395604395604396,0.0,False,max_tpr_with_empirical_fpr_le_target,32,True,False,0.6239712484071428,0.6494401510155634,0.9035087719298246,BCP,LR,dp,8.0,5
0.5052245999614421,0.06302294197031044,455,114,0.08131868131868132,0.08131868131868132,0.1,0.3070463411717592,37,10,104,418,0.08131868131868132,0.08771929824561403,True,max_tpr_with_empirical_fpr_le_target,0.008791208791208791,0.008791208791208791,0.01,2.0555559354938797,4,1,113,451,0.008791208791208791,0.008771929824561403,True,max_tpr_with_empirical_fpr_le_target,0.006593406593406593,0.006593406593406593,0.001,2.2427252046341724,3,0,114,452,0.006593406593406593,0.0,False,max_tpr_with_empirical_fpr_le_target,32,True,False,0.603054391484082,0.6150398818520064,0.9035087719298246,BCP,LR,dp,8.0,6
0.5386736070946597,0.09304029304029304,455,114,0.11648351648351649,0.11648351648351649,0.1,0.293689075764487,53,11,103,402,0.11648351648351649,0.09649122807017543,True,max_tpr_with_empirical_fpr_le_target,0.03296703296703297,0.03296703296703297,0.01,1.2802868685353364,15,1,113,440,0.03296703296703297,0.008771929824561403,True,max_tpr_with_empirical_fpr_le_target,0.0,0.0,0.001,inf,0,0,114,455,0.0,0.0,False,max_tpr_with_empirical_fpr_le_target,32,True,False,0.6209430834681328,0.6375349806192321,0.9035087719298246,BCP,LR,dp,8.0,7
0.45623674571043005,0.026373626373626374,455,114,0.07252747252747253,0.07252747252747253,0.1,0.38315828348463876,33,10,104,422,0.07252747252747253,0.08771929824561403,True,max_tpr_with_empirical_fpr_le_target,0.02857142857142857,0.02857142857142857,0.01,1.236986192044684,13,1,113,442,0.02857142857142857,0.008771929824561403,True,max_tpr_with_empirical_fpr_le_target,0.026373626373626374,0.026373626373626374,0.001,1.7724390559187837,12,0,114,443,0.026373626373626374,0.0,False,max_tpr_with_empirical_fpr_le_target,32,True,False,0.6015424918675955,0.636189807686823,0.9035087719298246,BCP,LR,dp,8.0,8
0.5200308463466359,0.07086948139579718,455,114,0.12747252747252746,0.12747252747252746,0.1,0.2800085776756136,58,11,103,397,0.12747252747252746,0.09649122807017543,True,max_tpr_with_empirical_fpr_le_target,0.015384615384615385,0.015384615384615385,0.01,1.9447038899155533,7,1,113,448,0.015384615384615385,0.008771929824561403,True,max_tpr_with_empirical_fpr_le_target,0.013186813186813187,0.013186813186813187,0.001,3.2925185574139184,6,0,114,449,0.013186813186813187,0.0,False,max_tpr_with_empirical_fpr_le_target,32,True,False,0.6252400860129212,0.6177283160654152,0.9035087719298246,BCP,LR,dp,8.0,9
0.498708309234625,0.06524002313475996,455,114,0.12087912087912088,0.12087912087912088,0.1,0.2529606728391183,55,11,103,400,0.12087912087912088,0.09649122807017543,True,max_tpr_with_empirical_fpr_le_target,0.017582417582417582,0.017582417582417582,0.01,2.338020501144956,8,1,113,447,0.017582417582417582,0.008771929824561403,True,max_tpr_with_empirical_fpr_le_target,0.002197802197802198,0.002197802197802198,0.001,5.916062498931555,1,0,114,454,0.002197802197802198,0.0,False,max_tpr_with_empirical_fpr_le_target,32,True,False,0.6166879974505328,0.6442776464433784,0.9035087719298246,BCP,LR,dp,8.0,10
0.48741083477925584,0.06042028147291312,455,114,0.04835164835164835,0.04835164835164835,0.1,0.651621191050404,22,11,103,433,0.04835164835164835,0.09649122807017543,True,max_tpr_with_empirical_fpr_le_target,0.026373626373626374,0.026373626373626374,0.01,1.9692324636814813,12,0,114,443,0.026373626373626374,0.0,True,max_tpr_with_empirical_fpr_le_target,0.026373626373626374,0.026373626373626374,0.001,1.9692324636814813,12,0,114,443,0.026373626373626374,0.0,False,max_tpr_with_empirical_fpr_le_target,32,True,False,0.6389409321478589,0.6384108319149587,0.9035087719298246,BCP,LR,dp,8.0,11
0.48303450935029885,0.045806824754193176,455,114,0.09010989010989011,0.09010989010989011,0.1,0.4684636805824667,41,11,103,414,0.09010989010989011,0.09649122807017543,True,max_tpr_with_empirical_fpr_le_target,0.013186813186813187,0.013186813186813187,0.01,3.987930992828,6,0,114,449,0.013186813186813187,0.0,True,max_tpr_with_empirical_fpr_le_target,0.013186813186813187,0.013186813186813187,0.001,3.987930992828,6,0,114,449,0.013186813186813187,0.0,False,max_tpr_with_empirical_fpr_le_target,32,True,False,0.6055688316680778,0.6143795609495424,0.9035087719298246,BCP,LR,dp,8.0,12
0.4984191247349143,0.053017158280316196,455,114,0.10989010989010989,0.10989010989010989,0.1,0.3235812876374349,50,11,103,405,0.10989010989010989,0.09649122807017543,True,max_tpr_with_empirical_fpr_le_target,0.02857142857142857,0.02857142857142857,0.01,2.177927511350484,13,1,113,442,0.02857142857142857,0.008771929824561403,True,max_tpr_with_empirical_fpr_le_target,0.02197802197802198,0.02197802197802198,0.001,3.334035266991499,10,0,114,445,0.02197802197802198,0.0,False,max_tpr_with_empirical_fpr_le_target,32,True,False,0.6610595195875922,0.6542171188637823,0.9035087719298246,BCP,LR,dp,8.0,13
0.51631000578369,0.05112781954887219,455,114,0.12967032967032968,0.12967032967032968,0.1,0.2332238083418685,59,11,103,396,0.12967032967032968,0.09649122807017543,True,max_tpr_with_empirical_fpr_le_target,0.026373626373626374,0.026373626373626374,0.01,1.1365169695976505,12,1,113,443,0.026373626373626374,0.008771929824561403,True,max_tpr_with_empirical_fpr_le_target,0.02197802197802198,0.02197802197802198,0.001,1.525318844481081,10,0,114,445,0.02197802197802198,0.0,False,max_tpr_with_empirical_fpr_le_target,32,True,False,0.668132958767491,0.6870664910579928,0.9035087719298246,BCP,LR,dp,8.0,14
0.5435319066898014,0.1350877192982456,455,114,0.10329670329670329,0.10329670329670329,0.1,0.28894802479768067,47,11,103,408,0.10329670329670329,0.09649122807017543,True,max_tpr_with_empirical_fpr_le_target,0.01098901098901099,0.01098901098901099,0.01,2.867875464638411,5,1,113,450,0.01098901098901099,0.008771929824561403,True,max_tpr_with_empirical_fpr_le_target,0.006593406593406593,0.006593406593406593,0.001,4.462975693868418,3,0,114,452,0.006593406593406593,0.0,False,max_tpr_with_empirical_fpr_le_target,32,True,False,0.6189294626818508,0.6374592628240744,0.9035087719298246,BCP,LR,dp,8.0,15
0.519895893580104,0.07998843262001154,455,114,0.13406593406593406,0.13406593406593406,0.1,0.26302599583226294,61,10,104,394,0.13406593406593406,0.08771929824561403,True,max_tpr_with_empirical_fpr_le_target,0.026373626373626374,0.026373626373626374,0.01,2.009409644645477,12,1,113,443,0.026373626373626374,0.008771929824561403,True,max_tpr_with_empirical_fpr_le_target,0.008791208791208791,0.008791208791208791,0.001,5.813017137835395,4,0,114,451,0.008791208791208791,0.0,False,max_tpr_with_empirical_fpr_le_target,32,True,False,0.6033239392161417,0.6078520566830082,0.9035087719298246,BCP,LR,dp,8.0,16
0.46088297667245043,5.783689994216454e-05,455,114,0.04835164835164835,0.04835164835164835,0.1,0.45743209603999446,22,11,103,433,0.04835164835164835,0.09649122807017543,True,max_tpr_with_empirical_fpr_le_target,0.006593406593406593,0.006593406593406593,0.01,2.750091130898535,3,1,113,452,0.006593406593406593,0.008771929824561403,True,max_tpr_with_empirical_fpr_le_target,0.0,0.0,0.001,inf,0,0,114,455,0.0,0.0,False,max_tpr_with_empirical_fpr_le_target,32,True,False,0.5533546270972167,0.5885353810578737,0.9035087719298246,BCP,LR,dp,8.0,17
0.5053595527279738,0.06917293233082705,455,114,0.09230769230769231,0.09230769230769231,0.1,0.3281600195434058,42,11,103,413,0.09230769230769231,0.09649122807017543,True,max_tpr_with_empirical_fpr_le_target,0.03296703296703297,0.03296703296703297,0.01,1.048297284014697,15,1,113,440,0.03296703296703297,0.008771929824561403,True,max_tpr_with_empirical_fpr_le_target,0.015384615384615385,0.015384615384615385,0.001,2.253449019435841,7,0,114,448,0.015384615384615385,0.0,False,max_tpr_with_empirical_fpr_le_target,32,True,False,0.6077039443401439,0.6241105773018816,0.9035087719298246,BCP,LR,dp,8.0,18
0.46886446886446886,0.03697705802968965,455,114,0.07912087912087912,0.07912087912087912,0.1,0.4190555909025391,36,11,103,419,0.07912087912087912,0.09649122807017543,True,max_tpr_with_empirical_fpr_le_target,0.03296703296703297,0.03296703296703297,0.01,1.3209149368517785,15,1,113,440,0.03296703296703297,0.008771929824561403,True,max_tpr_with_empirical_fpr_le_target,0.017582417582417582,0.017582417582417582,0.001,2.2489136407094414,8,0,114,447,0.017582417582417582,0.0,False,max_tpr_with_empirical_fpr_le_target,32,True,False,0.6004450147822098,0.6144666565268033,0.9035087719298246,BCP,LR,dp,8.0,19
0.49521881627144787,0.038172353961827665,455,114,0.1010989010989011,0.1010989010989011,0.1,0.2407979518066845,46,11,103,409,0.1010989010989011,0.09649122807017543,True,max_tpr_with_empirical_fpr_le_target,0.013186813186813187,0.013186813186813187,0.01,2.01658868379801,6,1,113,449,0.013186813186813187,0.008771929824561403,True,max_tpr_with_empirical_fpr_le_target,0.004395604395604396,0.004395604395604396,0.001,11.367585943860346,2,0,114,453,0.004395604395604396,0.0,False,max_tpr_with_empirical_fpr_le_target,32,True,False,0.6252969086271928,0.6460457799708939,0.9035087719298246,BCP,LR,dp,8.0,20
0.4823211875843455,0.057701947175631374,455,114,0.11428571428571428,0.11428571428571428,0.1,0.234084833364263,52,11,103,403,0.11428571428571428,0.09649122807017543,True,max_tpr_with_empirical_fpr_le_target,0.013186813186813187,0.013186813186813187,0.01,3.2939657411782646,6,1,113,449,0.013186813186813187,0.008771929824561403,True,max_tpr_with_empirical_fpr_le_target,0.01098901098901099,0.01098901098901099,0.001,5.204260043792743,5,0,114,450,0.01098901098901099,0.0,False,max_tpr_with_empirical_fpr_le_target,32,True,False,0.6117907442631678,0.6291798456386869,0.9035087719298246,BCP,LR,dp,8.0,21
0.5006554848660112,0.04216310005783691,455,114,0.1076923076923077,0.1076923076923077,0.1,0.26328258102107904,49,10,104,406,0.1076923076923077,0.08771929824561403,True,max_tpr_with_empirical_fpr_le_target,0.02197802197802198,0.02197802197802198,0.01,1.864138676245732,10,0,114,445,0.02197802197802198,0.0,True,max_tpr_with_empirical_fpr_le_target,0.02197802197802198,0.02197802197802198,0.001,1.864138676245732,10,0,114,445,0.02197802197802198,0.0,False,max_tpr_with_empirical_fpr_le_target,32,True,False,0.6163650738500275,0.6391659315736301,0.9035087719298246,BCP,LR,dp,8.0,22
0.479063042220937,0.040100250626566414,455,114,0.09230769230769231,0.09230769230769231,0.1,0.3768413648608727,42,6,108,413,0.09230769230769231,0.05263157894736842,True,max_tpr_with_empirical_fpr_le_target,0.035164835164835165,0.035164835164835165,0.01,1.4681208971387312,16,1,113,439,0.035164835164835165,0.008771929824561403,True,max_tpr_with_empirical_fpr_le_target,0.01098901098901099,0.01098901098901099,0.001,5.739717284780401,5,0,114,450,0.01098901098901099,0.0,False,max_tpr_with_empirical_fpr_le_target,32,True,False,0.5702301107093133,0.5865646849207662,0.9035087719298246,BCP,LR,dp,8.0,23
0.5136687873529978,0.07194910352805095,455,114,0.0945054945054945,0.0945054945054945,0.1,0.39358150469253883,43,11,103,412,0.0945054945054945,0.09649122807017543,True,max_tpr_with_empirical_fpr_le_target,0.035164835164835165,0.035164835164835165,0.01,1.1468627222826746,16,0,114,439,0.035164835164835165,0.0,True,max_tpr_with_empirical_fpr_le_target,0.035164835164835165,0.035164835164835165,0.001,1.1468627222826746,16,0,114,439,0.035164835164835165,0.0,False,max_tpr_with_empirical_fpr_le_target,32,True,False,0.5605498771212082,0.5857940360922209,0.9035087719298246,BCP,LR,dp,8.0,24
0.5178716020821285,0.08943512627723149,455,114,0.08571428571428572,0.08571428571428572,0.1,0.3797926419388524,39,11,103,416,0.08571428571428572,0.09649122807017543,True,max_tpr_with_empirical_fpr_le_target,0.01978021978021978,0.01978021978021978,0.01,2.2195859711671604,9,0,114,446,0.01978021978021978,0.0,True,max_tpr_with_empirical_fpr_le_target,0.01978021978021978,0.01978021978021978,0.001,2.2195859711671604,9,0,114,446,0.01978021978021978,0.0,False,max_tpr_with_empirical_fpr_le_target,32,True,False,0.6276563821272539,0.621248093171206,0.9035087719298246,BCP,LR,dp,8.0,25
0.5200501253132832,0.06977058029689609,455,114,0.12307692307692308,0.12307692307692308,0.1,0.26161735669177055,56,11,103,399,0.12307692307692308,0.09649122807017543,True,max_tpr_with_empirical_fpr_le_target,0.04835164835164835,0.04835164835164835,0.01,0.7781312035138173,22,1,113,433,0.04835164835164835,0.008771929824561403,True,max_tpr_with_empirical_fpr_le_target,0.03296703296703297,0.03296703296703297,0.001,1.097721783568427,15,0,114,440,0.03296703296703297,0.0,False,max_tpr_with_empirical_fpr_le_target,32,True,False,0.6109251926209902,0.625196848669864,0.9035087719298246,BCP,LR,dp,8.0,26
0.4334297281665702,0.019799498746867168,455,114,0.0945054945054945,0.0945054945054945,0.1,0.33420425272241094,43,11,103,412,0.0945054945054945,0.09649122807017543,True,max_tpr_with_empirical_fpr_le_target,0.02857142857142857,0.02857142857142857,0.01,2.0261140065238274,13,1,113,442,0.02857142857142857,0.008771929824561403,True,max_tpr_with_empirical_fpr_le_target,0.01978021978021978,0.01978021978021978,0.001,2.7475293862364305,9,0,114,446,0.01978021978021978,0.0,False,max_tpr_with_empirical_fpr_le_target,32,True,False,0.6416819374211865,0.6658128883789456,0.9035087719298246,BCP,LR,dp,8.0,27
0.4965490649701175,0.04779255831887408,455,114,0.0989010989010989,0.0989010989010989,0.1,0.18206084697392488,45,11,103,410,0.0989010989010989,0.09649122807017543,True,max_tpr_with_empirical_fpr_le_target,0.03296703296703297,0.03296703296703297,0.01,1.3666426800153848,15,1,113,440,0.03296703296703297,0.008771929824561403,True,max_tpr_with_empirical_fpr_le_target,0.026373626373626374,0.026373626373626374,0.001,1.5554112372910094,12,0,114,443,0.026373626373626374,0.0,False,max_tpr_with_empirical_fpr_le_target,32,True,False,0.6674232875540925,0.6764468381525015,0.9035087719298246,BCP,LR,dp,8.0,28
0.482147676884519,0.024098708309234662,455,114,0.08571428571428572,0.08571428571428572,0.1,0.35296590530767413,39,11,103,416,0.08571428571428572,0.09649122807017543,True,max_tpr_with_empirical_fpr_le_target,0.017582417582417582,0.017582417582417582,0.01,2.3525117693470152,8,1,113,447,0.017582417582417582,0.008771929824561403,True,max_tpr_with_empirical_fpr_le_target,0.01098901098901099,0.01098901098901099,0.001,2.934574868019716,5,0,114,450,0.01098901098901099,0.0,False,max_tpr_with_empirical_fpr_le_target,32,True,False,0.5798147398542454,0.5925865867694654,0.9035087719298246,BCP,LR,dp,8.0,29
0.5165991902834008,0.06092153460574512,455,114,0.12087912087912088,0.12087912087912088,0.1,0.32020601274388494,55,11,103,400,0.12087912087912088,0.09649122807017543,True,max_tpr_with_empirical_fpr_le_target,0.01978021978021978,0.01978021978021978,0.01,3.2225825492014835,9,1,113,446,0.01978021978021978,0.008771929824561403,True,max_tpr_with_empirical_fpr_le_target,0.004395604395604396,0.004395604395604396,0.001,13.54254969964961,2,0,114,453,0.004395604395604396,0.0,False,max_tpr_with_empirical_fpr_le_target,32,True,False,0.4643431364255114,0.4674614690575887,0.9122807017543859,BCP,LR,dp,10.0,0
0.45619818777713517,0.010757663389242333,455,114,0.06373626373626373,0.06373626373626373,0.1,0.49321373814723457,29,9,105,426,0.06373626373626373,0.07894736842105263,True,max_tpr_with_empirical_fpr_le_target,0.017582417582417582,0.017582417582417582,0.01,2.5961015822250344,8,1,113,447,0.017582417582417582,0.008771929824561403,True,max_tpr_with_empirical_fpr_le_target,0.004395604395604396,0.004395604395604396,0.001,4.411342096421561,2,0,114,453,0.004395604395604396,0.0,False,max_tpr_with_empirical_fpr_le_target,32,True,False,0.5188338649054034,0.516863120255256,0.9122807017543859,BCP,LR,dp,10.0,1
0.5016772700983227,0.046365914786967416,455,114,0.14285714285714285,0.14285714285714285,0.1,0.243276910675863,65,11,103,390,0.14285714285714285,0.09649122807017543,True,max_tpr_with_empirical_fpr_le_target,0.01978021978021978,0.01978021978021978,0.01,2.2330472518553344,9,1,113,446,0.01978021978021978,0.008771929824561403,True,max_tpr_with_empirical_fpr_le_target,0.01098901098901099,0.01098901098901099,0.001,3.2712316704796516,5,0,114,450,0.01098901098901099,0.0,False,max_tpr_with_empirical_fpr_le_target,32,True,False,0.4775763557615988,0.4893479346135471,0.9122807017543859,BCP,LR,dp,10.0,2
0.5693271640640062,0.14580682475419315,455,114,0.18681318681318682,0.18681318681318682,0.1,0.13970823247137554,85,10,104,370,0.18681318681318682,0.08771929824561403,True,max_tpr_with_empirical_fpr_le_target,0.01098901098901099,0.01098901098901099,0.01,4.861815168637218,5,1,113,450,0.01098901098901099,0.008771929824561403,True,max_tpr_with_empirical_fpr_le_target,0.008791208791208791,0.008791208791208791,0.001,5.650274752632805,4,0,114,451,0.008791208791208791,0.0,False,max_tpr_with_empirical_fpr_le_target,32,True,False,0.540480744403181,0.5513302488190637,0.9122807017543859,BCP,LR,dp,10.0,3
0.5226527858106805,0.07971852708694815,455,114,0.12967032967032968,0.12967032967032968,0.1,0.28303830557105725,59,11,103,396,0.12967032967032968,0.09649122807017543,True,max_tpr_with_empirical_fpr_le_target,0.03296703296703297,0.03296703296703297,0.01,1.311480865387031,15,1,113,440,0.03296703296703297,0.008771929824561403,True,max_tpr_with_empirical_fpr_le_target,0.02857142857142857,0.02857142857142857,0.001,1.683350831345356,13,0,114,442,0.02857142857142857,0.0,False,max_tpr_with_empirical_fpr_le_target,32,True,False,0.4976919700739405,0.5117732197194163,0.9122807017543859,BCP,LR,dp,10.0,4
0.5230383651436282,0.09554655870445344,455,114,0.12967032967032968,0.12967032967032968,0.1,0.24036238980741143,59,11,103,396,0.12967032967032968,0.09649122807017543,True,max_tpr_with_empirical_fpr_le_target,0.017582417582417582,0.017582417582417582,0.01,2.1995979561562233,8,1,113,447,0.017582417582417582,0.008771929824561403,True,max_tpr_with_empirical_fpr_le_target,0.004395604395604396,0.004395604395604396,0.001,5.381232109039988,2,0,114,453,0.004395604395604396,0.0,False,max_tpr_with_empirical_fpr_le_target,32,True,False,0.49587683335847094,0.5172498257271427,0.9122807017543859,BCP,LR,dp,10.0,5
0.5101021785232311,0.07622903412377091,455,114,0.09230769230769231,0.09230769230769231,0.1,0.33209897566029456,42,11,103,413,0.09230769230769231,0.09649122807017543,True,max_tpr_with_empirical_fpr_le_target,0.004395604395604396,0.004395604395604396,0.01,3.8747622487203213,2,0,114,453,0.004395604395604396,0.0,True,max_tpr_with_empirical_fpr_le_target,0.004395604395604396,0.004395604395604396,0.001,3.8747622487203213,2,0,114,453,0.004395604395604396,0.0,False,max_tpr_with_empirical_fpr_le_target,32,True,False,0.48116305695276057,0.48949041988334646,0.9122807017543859,BCP,LR,dp,10.0,6
0.5357624831309042,0.08862540967804122,455,114,0.11428571428571428,0.11428571428571428,0.1,0.3112629624384795,52,11,103,403,0.11428571428571428,0.09649122807017543,True,max_tpr_with_empirical_fpr_le_target,0.03296703296703297,0.03296703296703297,0.01,1.3344666597564312,15,1,113,440,0.03296703296703297,0.008771929824561403,True,max_tpr_with_empirical_fpr_le_target,0.0,0.0,0.001,inf,0,0,114,455,0.0,0.0,False,max_tpr_with_empirical_fpr_le_target,32,True,False,0.4921270128102746,0.5051183789707776,0.9122807017543859,BCP,LR,dp,10.0,7
0.4557740505108927,0.026373626373626374,455,114,0.07692307692307693,0.07692307692307693,0.1,0.3819869406384555,35,11,103,420,0.07692307692307693,0.09649122807017543,True,max_tpr_with_empirical_fpr_le_target,0.026373626373626374,0.026373626373626374,0.01,2.0077664873226295,12,0,114,443,0.026373626373626374,0.0,True,max_tpr_with_empirical_fpr_le_target,0.026373626373626374,0.026373626373626374,0.001,2.0077664873226295,12,0,114,443,0.026373626373626374,0.0,False,max_tpr_with_empirical_fpr_le_target,32,True,False,0.47592487298278335,0.502838630619718,0.9122807017543859,BCP,LR,dp,10.0,8
0.5221515326778485,0.07734721418931945,455,114,0.12307692307692308,0.12307692307692308,0.1,0.3520376406219806,56,11,103,399,0.12307692307692308,0.09649122807017543,True,max_tpr_with_empirical_fpr_le_target,0.017582417582417582,0.017582417582417582,0.01,1.9149222266013561,8,1,113,447,0.017582417582417582,0.008771929824561403,True,max_tpr_with_empirical_fpr_le_target,0.013186813186813187,0.013186813186813187,0.001,3.4659955468681685,6,0,114,449,0.013186813186813187,0.0,False,max_tpr_with_empirical_fpr_le_target,32,True,False,0.4941311191245813,0.48843817389684663,0.9122807017543859,BCP,LR,dp,10.0,9
0.4901870059764797,0.05662232504337761,455,114,0.1054945054945055,0.1054945054945055,0.1,0.3115265669227488,48,11,103,407,0.1054945054945055,0.09649122807017543,True,max_tpr_with_empirical_fpr_le_target,0.017582417582417582,0.017582417582417582,0.01,2.3673468543429452,8,1,113,447,0.017582417582417582,0.008771929824561403,True,max_tpr_with_empirical_fpr_le_target,0.002197802197802198,0.002197802197802198,0.001,6.3016768829965075,1,0,114,454,0.002197802197802198,0.0,False,max_tpr_with_empirical_fpr_le_target,32,True,False,0.49128611684788775,0.516346492278244,0.9122807017543859,BCP,LR,dp,10.0,10
0.4899749373433584,0.053942548679390745,455,114,0.041758241758241756,0.041758241758241756,0.1,1.057881644205909,19,7,107,436,0.041758241758241756,0.06140350877192982,True,max_tpr_with_empirical_fpr_le_target,0.02857142857142857,0.02857142857142857,0.01,1.8496253079119371,13,1,113,442,0.02857142857142857,0.008771929824561403,True,max_tpr_with_empirical_fpr_le_target,0.026373626373626374,0.026373626373626374,0.001,2.1259316472245744,12,0,114,443,0.026373626373626374,0.0,False,max_tpr_with_empirical_fpr_le_target,32,True,False,0.5061847880288205,0.5062412873514509,0.9122807017543859,BCP,LR,dp,10.0,11
0.47898592635434745,0.02799305957200693,455,114,0.08571428571428572,0.08571428571428572,0.1,0.5471762646824825,39,11,103,416,0.08571428571428572,0.09649122807017543,True,max_tpr_with_empirical_fpr_le_target,0.013186813186813187,0.013186813186813187,0.01,4.249038932156772,6,1,113,449,0.013186813186813187,0.008771929824561403,True,max_tpr_with_empirical_fpr_le_target,0.006593406593406593,0.006593406593406593,0.001,4.884861737901158,3,0,114,452,0.006593406593406593,0.0,False,max_tpr_with_empirical_fpr_le_target,32,True,False,0.4786601957253958,0.4857182864301003,0.9122807017543859,BCP,LR,dp,10.0,12
0.49849624060150377,0.040736456525930165,455,114,0.11648351648351649,0.11648351648351649,0.1,0.37801049494314065,53,11,103,402,0.11648351648351649,0.09649122807017543,True,max_tpr_with_empirical_fpr_le_target,0.02857142857142857,0.02857142857142857,0.01,2.4684989057087146,13,1,113,442,0.02857142857142857,0.008771929824561403,True,max_tpr_with_empirical_fpr_le_target,0.01978021978021978,0.01978021978021978,0.001,4.702279830547106,9,0,114,446,0.01978021978021978,0.0,False,max_tpr_with_empirical_fpr_le_target,32,True,False,0.5240682812364074,0.5194374651867754,0.9122807017543859,BCP,LR,dp,10.0,13
0.5178716020821283,0.06524002313475996,455,114,0.11428571428571428,0.11428571428571428,0.1,0.27477587669442805,52,10,104,403,0.11428571428571428,0.08771929824561403,True,max_tpr_with_empirical_fpr_le_target,0.03076923076923077,0.03076923076923077,0.01,1.1006669466521246,14,1,113,441,0.03076923076923077,0.008771929824561403,True,max_tpr_with_empirical_fpr_le_target,0.02857142857142857,0.02857142857142857,0.001,1.1278878392345786,13,0,114,442,0.02857142857142857,0.0,False,max_tpr_with_empirical_fpr_le_target,32,True,False,0.5289489230728968,0.548012504962734,0.9122807017543859,BCP,LR,dp,10.0,14
0.5384229805282437,0.14603817235396183,455,114,0.09010989010989011,0.09010989010989011,0.1,0.3680167794247958,41,9,105,414,0.09010989010989011,0.07894736842105263,True,max_tpr_with_empirical_fpr_le_target,0.01098901098901099,0.01098901098901099,0.01,3.2726269464796207,5,1,113,450,0.01098901098901099,0.008771929824561403,True,max_tpr_with_empirical_fpr_le_target,0.006593406593406593,0.006593406593406593,0.001,4.789072111485604,3,0,114,452,0.006593406593406593,0.0,False,max_tpr_with_empirical_fpr_le_target,32,True,False,0.49146968916319145,0.5063149751034283,0.9122807017543859,BCP,LR,dp,10.0,15
0.52058993637941,0.09095816464237522,455,114,0.12747252747252746,0.12747252747252746,0.1,0.3004444196397271,58,11,103,397,0.12747252747252746,0.09649122807017543,True,max_tpr_with_empirical_fpr_le_target,0.02857142857142857,0.02857142857142857,0.01,1.6329923480181172,13,1,113,442,0.02857142857142857,0.008771929824561403,True,max_tpr_with_empirical_fpr_le_target,0.008791208791208791,0.008791208791208791,0.001,6.319725776083946,4,0,114,451,0.008791208791208791,0.0,False,max_tpr_with_empirical_fpr_le_target,32,True,False,0.478632440078765,0.4831711484441916,0.9122807017543859,BCP,LR,dp,10.0,16
0.44827453248505883,0.0,455,114,0.05054945054945055,0.05054945054945055,0.1,0.47130914912965605,23,11,103,432,0.05054945054945055,0.09649122807017543,True,max_tpr_with_empirical_fpr_le_target,0.006593406593406593,0.006593406593406593,0.01,2.8854347152254247,3,1,113,452,0.006593406593406593,0.008771929824561403,True,max_tpr_with_empirical_fpr_le_target,0.0,0.0,0.001,inf,0,0,114,455,0.0,0.0,False,max_tpr_with_empirical_fpr_le_target,32,True,False,0.43675998838917446,0.464306917893371,0.9122807017543859,BCP,LR,dp,10.0,17
0.5110854058222479,0.06657027183342973,455,114,0.1010989010989011,0.1010989010989011,0.1,0.34706554220448416,46,11,103,409,0.1010989010989011,0.09649122807017543,True,max_tpr_with_empirical_fpr_le_target,0.02857142857142857,0.02857142857142857,0.01,1.1144955108264947,13,1,113,442,0.02857142857142857,0.008771929824561403,True,max_tpr_with_empirical_fpr_le_target,0.015384615384615385,0.015384615384615385,0.001,2.4631078221544023,7,0,114,448,0.015384615384615385,0.0,False,max_tpr_with_empirical_fpr_le_target,32,True,False,0.4798277235428994,0.49315008563027074,0.9122807017543859,BCP,LR,dp,10.0,18
0.4665895508000771,0.02857142857142857,455,114,0.09010989010989011,0.09010989010989011,0.1,0.4096892878945666,41,11,103,414,0.09010989010989011,0.09649122807017543,True,max_tpr_with_empirical_fpr_le_target,0.03296703296703297,0.03296703296703297,0.01,1.5983091421301245,15,1,113,440,0.03296703296703297,0.008771929824561403,True,max_tpr_with_empirical_fpr_le_target,0.02857142857142857,0.02857142857142857,0.001,1.9590720683725955,13,0,114,442,0.02857142857142857,0.0,False,max_tpr_with_empirical_fpr_le_target,32,True,False,0.4773246422121489,0.48739279281675246,0.9122807017543859,BCP,LR,dp,10.0,19
0.4939464044727203,0.04927703875072298,455,114,0.11648351648351649,0.11648351648351649,0.1,0.25814547835805035,53,10,104,402,0.11648351648351649,0.08771929824561403,True,max_tpr_with_empirical_fpr_le_target,0.013186813186813187,0.013186813186813187,0.01,2.1807756665068667,6,1,113,449,0.013186813186813187,0.008771929824561403,True,max_tpr_with_empirical_fpr_le_target,0.004395604395604396,0.004395604395604396,0.001,12.961753926489386,2,0,114,453,0.004395604395604396,0.0,False,max_tpr_with_empirical_fpr_le_target,32,True,False,0.4942828088596652,0.509737303874934,0.9122807017543859,BCP,LR,dp,10.0,20
0.4783497204549836,0.053306342780026994,455,114,0.10989010989010989,0.10989010989010989,0.1,0.28843895907996764,50,11,103,405,0.10989010989010989,0.09649122807017543,True,max_tpr_with_empirical_fpr_le_target,0.013186813186813187,0.013186813186813187,0.01,3.8092403864847224,6,1,113,449,0.013186813186813187,0.008771929824561403,True,max_tpr_with_empirical_fpr_le_target,0.01098901098901099,0.01098901098901099,0.001,5.586903661313746,5,0,114,450,0.01098901098901099,0.0,False,max_tpr_with_empirical_fpr_le_target,32,True,False,0.4825674786838037,0.49638501524192097,0.9122807017543859,BCP,LR,dp,10.0,21
0.49770580296896094,0.04655870445344132,455,114,0.10329670329670329,0.10329670329670329,0.1,0.3058682947060032,47,11,103,408,0.10329670329670329,0.09649122807017543,True,max_tpr_with_empirical_fpr_le_target,0.02197802197802198,0.02197802197802198,0.01,1.8454167581718917,10,1,113,445,0.02197802197802198,0.008771929824561403,True,max_tpr_with_empirical_fpr_le_target,0.01978021978021978,0.01978021978021978,0.001,2.043793848254879,9,0,114,446,0.01978021978021978,0.0,False,max_tpr_with_empirical_fpr_le_target,32,True,False,0.4883295176624418,0.5071294229256001,0.9122807017543859,BCP,LR,dp,10.0,22
0.4782147676884519,0.03747831116252169,455,114,0.1054945054945055,0.1054945054945055,0.1,0.32191316644749557,48,11,103,407,0.1054945054945055,0.09649122807017543,True,max_tpr_with_empirical_fpr_le_target,0.035164835164835165,0.035164835164835165,0.01,1.748317874845739,16,1,113,439,0.035164835164835165,0.008771929824561403,True,max_tpr_with_empirical_fpr_le_target,0.013186813186813187,0.013186813186813187,0.001,4.514132992845337,6,0,114,449,0.013186813186813187,0.0,False,max_tpr_with_empirical_fpr_le_target,32,True,False,0.45196787931378835,0.46595145845418917,0.9122807017543859,BCP,LR,dp,10.0,23
0.5156352419510315,0.07854251012145752,455,114,0.09230769230769231,0.09230769230769231,0.1,0.4174995769317984,42,11,103,413,0.09230769230769231,0.09649122807017543,True,max_tpr_with_empirical_fpr_le_target,0.03296703296703297,0.03296703296703297,0.01,1.27143429637436,15,1,113,440,0.03296703296703297,0.008771929824561403,True,max_tpr_with_empirical_fpr_le_target,0.03076923076923077,0.03076923076923077,0.001,1.463206280359726,14,0,114,441,0.03076923076923077,0.0,False,max_tpr_with_empirical_fpr_le_target,32,True,False,0.4460731966646979,0.46568327132363163,0.9122807017543859,BCP,LR,dp,10.0,24
0.5229419703103915,0.09167148640832856,455,114,0.08131868131868132,0.08131868131868132,0.1,0.4656416022139013,37,11,103,418,0.08131868131868132,0.09649122807017543,True,max_tpr_with_empirical_fpr_le_target,0.01978021978021978,0.01978021978021978,0.01,2.558671297568626,9,1,113,446,0.01978021978021978,0.008771929824561403,True,max_tpr_with_empirical_fpr_le_target,0.015384615384615385,0.015384615384615385,0.001,2.9257461027613014,7,0,114,448,0.015384615384615385,0.0,False,max_tpr_with_empirical_fpr_le_target,32,True,False,0.4934501927578782,0.48992364529497767,0.9122807017543859,BCP,LR,dp,10.0,25
0.5192982456140351,0.06313861577019464,455,114,0.12087912087912088,0.12087912087912088,0.1,0.306308929719622,55,11,103,400,0.12087912087912088,0.09649122807017543,True,max_tpr_with_empirical_fpr_le_target,0.054945054945054944,0.054945054945054944,0.01,0.8745754865789535,25,1,113,430,0.054945054945054944,0.008771929824561403,True,max_tpr_with_empirical_fpr_le_target,0.035164835164835165,0.035164835164835165,0.001,1.13949702417421,16,0,114,439,0.035164835164835165,0.0,False,max_tpr_with_empirical_fpr_le_target,32,True,False,0.4850568640935441,0.49632370534566383,0.9122807017543859,BCP,LR,dp,10.0,26
0.42284557547715446,0.021997300944669368,455,114,0.07912087912087912,0.07912087912087912,0.1,0.4303939572665517,36,11,103,419,0.07912087912087912,0.09649122807017543,True,max_tpr_with_empirical_fpr_le_target,0.03076923076923077,0.03076923076923077,0.01,2.1411993974691628,14,1,113,441,0.03076923076923077,0.008771929824561403,True,max_tpr_with_empirical_fpr_le_target,0.02197802197802198,0.02197802197802198,0.001,2.8994699878146024,10,0,114,445,0.02197802197802198,0.0,False,max_tpr_with_empirical_fpr_le_target,32,True,False,0.510119517745195,0.5263240318232971,0.9122807017543859,BCP,LR,dp,10.0,27
0.49338731443994605,0.034798534798534786,455,114,0.1054945054945055,0.1054945054945055,0.1,0.2106481065127329,48,10,104,407,0.1054945054945055,0.08771929824561403,True,max_tpr_with_empirical_fpr_le_target,0.03076923076923077,0.03076923076923077,0.01,1.5951455171613662,14,1,113,441,0.03076923076923077,0.008771929824561403,True,max_tpr_with_empirical_fpr_le_target,0.024175824175824177,0.024175824175824177,0.001,2.2534467373426303,11,0,114,444,0.024175824175824177,0.0,False,max_tpr_with_empirical_fpr_le_target,32,True,False,0.5285859811549618,0.5338925854937345,0.9122807017543859,BCP,LR,dp,10.0,28
0.47700019278966654,0.035993830730672804,455,114,0.07692307692307693,0.07692307692307693,0.1,0.444951902465072,35,9,105,420,0.07692307692307693,0.07894736842105263,True,max_tpr_with_empirical_fpr_le_target,0.013186813186813187,0.013186813186813187,0.01,3.0104768808432194,6,1,113,449,0.013186813186813187,0.008771929824561403,True,max_tpr_with_empirical_fpr_le_target,0.008791208791208791,0.008791208791208791,0.001,3.378672204830016,4,0,114,451,0.008791208791208791,0.0,False,max_tpr_with_empirical_fpr_le_target,32,True,False,0.45751992660047736,0.4677133002398935,0.9122807017543859,BCP,LR,dp,10.0,29
0.5715249662618084,0.1368806631964527,455,114,0.18461538461538463,0.18461538461538463,0.1,0.10804169733314528,84,11,103,371,0.18461538461538463,0.09649122807017543,True,max_tpr_with_empirical_fpr_le_target,0.017582417582417582,0.017582417582417582,0.01,1.271697261385969,8,1,113,447,0.017582417582417582,0.008771929824561403,True,max_tpr_with_empirical_fpr_le_target,0.008791208791208791,0.008791208791208791,0.001,2.190033158999041,4,0,114,451,0.008791208791208791,0.0,False,max_tpr_with_empirical_fpr_le_target,32,True,False,2.079349840602644,1.985398661362408,0.9473684210526315,BCP,RF,standard,,0
0.6067283593599384,0.16751494119915175,455,114,0.23956043956043957,0.23956043956043957,0.1,0.07365316438826586,109,11,103,346,0.23956043956043957,0.09649122807017543,True,max_tpr_with_empirical_fpr_le_target,0.03296703296703297,0.03296703296703297,0.01,0.7019392277464875,15,1,113,440,0.03296703296703297,0.008771929824561403,True,max_tpr_with_empirical_fpr_le_target,0.01098901098901099,0.01098901098901099,0.001,2.1981268882808953,5,0,114,450,0.01098901098901099,0.0,False,max_tpr_with_empirical_fpr_le_target,32,True,False,2.0149490569467705,1.9672681697088015,0.9473684210526315,BCP,RF,standard,,1
0.5999228841334105,0.17073452862926541,455,114,0.18021978021978022,0.18021978021978022,0.1,0.14084656903058956,82,11,103,373,0.18021978021978022,0.09649122807017543,True,max_tpr_with_empirical_fpr_le_target,0.013186813186813187,0.013186813186813187,0.01,1.6811905070142856,6,1,113,449,0.013186813186813187,0.008771929824561403,True,max_tpr_with_empirical_fpr_le_target,0.004395604395604396,0.004395604395604396,0.001,3.5624213747645928,2,0,114,453,0.004395604395604396,0.0,False,max_tpr_with_empirical_fpr_le_target,32,True,False,2.013226240175526,1.969962732249984,0.9473684210526315,BCP,RF,standard,,2
0.5874879506458454,0.14526701368806633,455,114,0.24175824175824176,0.24175824175824176,0.1,0.06263228235333163,110,11,103,345,0.24175824175824176,0.09649122807017543,True,max_tpr_with_empirical_fpr_le_target,0.01098901098901099,0.01098901098901099,0.01,1.4289058509579382,5,1,113,450,0.01098901098901099,0.008771929824561403,True,max_tpr_with_empirical_fpr_le_target,0.004395604395604396,0.004395604395604396,0.001,2.769054580660222,2,0,114,453,0.004395604395604396,0.0,False,max_tpr_with_empirical_fpr_le_target,32,True,False,2.129907922565876,2.113278876427115,0.9473684210526315,BCP,RF,standard,,3
0.6198573356468093,0.22504337767495664,455,114,0.17582417582417584,0.17582417582417584,0.1,0.13858455275054782,80,11,103,375,0.17582417582417584,0.09649122807017543,True,max_tpr_with_empirical_fpr_le_target,0.006593406593406593,0.006593406593406593,0.01,1.5138148619940397,3,1,113,452,0.006593406593406593,0.008771929824561403,True,max_tpr_with_empirical_fpr_le_target,0.004395604395604396,0.004395604395604396,0.001,2.5274158214519113,2,0,114,453,0.004395604395604396,0.0,False,max_tpr_with_empirical_fpr_le_target,32,True,False,2.300447056534129,2.232554273125389,0.9473684210526315,BCP,RF,standard,,4
0.5679390784653942,0.13231154810102178,455,114,0.1934065934065934,0.1934065934065934,0.1,0.08451562894731168,88,11,103,367,0.1934065934065934,0.09649122807017543,True,max_tpr_with_empirical_fpr_le_target,0.008791208791208791,0.008791208791208791,0.01,1.7768144448495464,4,1,113,451,0.008791208791208791,0.008771929824561403,True,max_tpr_with_empirical_fpr_le_target,0.004395604395604396,0.004395604395604396,0.001,2.7303350357104286,2,0,114,453,0.004395604395604396,0.0,False,max_tpr_with_empirical_fpr_le_target,32,True,False,2.1634649666308,2.0438827030841216,0.9473684210526315,BCP,RF,standard,,5
0.5396568343936765,0.0961056487372276,455,114,0.14505494505494507,0.14505494505494507,0.1,0.19459909855326463,66,11,103,389,0.14505494505494507,0.09649122807017543,True,max_tpr_with_empirical_fpr_le_target,0.01978021978021978,0.01978021978021978,0.01,0.9324878631107056,9,0,114,446,0.01978021978021978,0.0,True,max_tpr_with_empirical_fpr_le_target,0.01978021978021978,0.01978021978021978,0.001,0.9324878631107056,9,0,114,446,0.01978021978021978,0.0,False,max_tpr_with_empirical_fpr_le_target,32,True,False,1.923721024579544,1.8839352168556096,0.9473684210526315,BCP,RF,standard,,6
0.6323308270676693,0.20792365529207635,455,114,0.1934065934065934,0.1934065934065934,0.1,0.16475522331464854,88,11,103,367,0.1934065934065934,0.09649122807017543,True,max_tpr_with_empirical_fpr_le_target,0.0,0.0,0.01,2.303312120239645,0,1,113,455,0.0,0.008771929824561403,True,max_tpr_with_empirical_fpr_le_target,0.0,0.0,0.001,inf,0,0,114,455,0.0,0.0,False,max_tpr_with_empirical_fpr_le_target,32,True,False,1.8638867238180432,1.905963543341721,0.9473684210526315,BCP,RF,standard,,7
0.568074031231926,0.17898592635434746,455,114,0.08791208791208792,0.08791208791208792,0.1,0.2269123208502859,40,11,103,415,0.08791208791208792,0.09649122807017543,True,max_tpr_with_empirical_fpr_le_target,0.004395604395604396,0.004395604395604396,0.01,1.6509011771426192,2,1,113,453,0.004395604395604396,0.008771929824561403,True,max_tpr_with_empirical_fpr_le_target,0.002197802197802198,0.002197802197802198,0.001,2.419498434767608,1,0,114,454,0.002197802197802198,0.0,False,max_tpr_with_empirical_fpr_le_target,32,True,False,2.434964106169869,2.4235877021888346,0.9473684210526315,BCP,RF,standard,,8
0.5713321765953345,0.133217659533449,455,114,0.17362637362637362,0.17362637362637362,0.1,0.14881923198875802,79,11,103,376,0.17362637362637362,0.09649122807017543,True,max_tpr_with_empirical_fpr_le_target,0.01978021978021978,0.01978021978021978,0.01,1.3108919648741353,9,1,113,446,0.01978021978021978,0.008771929824561403,True,max_tpr_with_empirical_fpr_le_target,0.006593406593406593,0.006593406593406593,0.001,2.715470642022084,3,0,114,452,0.006593406593406593,0.0,False,max_tpr_with_empirical_fpr_le_target,32,True,False,1.942125662013047,1.895275471308237,0.9473684210526315,BCP,RF,standard,,9
0.6184306921149026,0.23398881819934447,455,114,0.20659340659340658,0.20659340659340658,0.1,0.11990235192703724,94,11,103,361,0.20659340659340658,0.09649122807017543,True,max_tpr_with_empirical_fpr_le_target,0.013186813186813187,0.013186813186813187,0.01,1.7461603465149058,6,1,113,449,0.013186813186813187,0.008771929824561403,True,max_tpr_with_empirical_fpr_le_target,0.01098901098901099,0.01098901098901099,0.001,1.9298953375445833,5,0,114,450,0.01098901098901099,0.0,False,max_tpr_with_empirical_fpr_le_target,32,True,False,1.8537218086712057,1.848462219788796,0.9473684210526315,BCP,RF,standard,,10
0.6018315018315018,0.20356660882976663,455,114,0.15824175824175823,0.15824175824175823,0.1,0.14735489986041084,72,11,103,383,0.15824175824175823,0.09649122807017543,True,max_tpr_with_empirical_fpr_le_target,0.008791208791208791,0.008791208791208791,0.01,1.4303287132666869,4,1,113,451,0.008791208791208791,0.008771929824561403,True,max_tpr_with_empirical_fpr_le_target,0.004395604395604396,0.004395604395604396,0.001,2.0212862124943625,2,0,114,453,0.004395604395604396,0.0,False,max_tpr_with_empirical_fpr_le_target,32,True,False,2.181847918750543,2.110254658779458,0.9473684210526315,BCP,RF,standard,,11
0.5604202814729131,0.10133024869866974,455,114,0.1934065934065934,0.1934065934065934,0.1,0.05445536633082115,88,11,103,367,0.1934065934065934,0.09649122807017543,True,max_tpr_with_empirical_fpr_le_target,0.013186813186813187,0.013186813186813187,0.01,1.534861270423289,6,1,113,449,0.013186813186813187,0.008771929824561403,True,max_tpr_with_empirical_fpr_le_target,0.01098901098901099,0.01098901098901099,0.001,2.0710089165774717,5,0,114,450,0.01098901098901099,0.0,False,max_tpr_with_empirical_fpr_le_target,32,True,False,2.2022141157881627,2.0889835335353184,0.9473684210526315,BCP,RF,standard,,12
0.5753036437246963,0.1550800077115867,455,114,0.12967032967032968,0.12967032967032968,0.1,0.16408436668543525,59,11,103,396,0.12967032967032968,0.09649122807017543,True,max_tpr_with_empirical_fpr_le_target,0.02197802197802198,0.02197802197802198,0.01,1.2121692506784867,10,1,113,445,0.02197802197802198,0.008771929824561403,True,max_tpr_with_empirical_fpr_le_target,0.01098901098901099,0.01098901098901099,0.001,1.943491705257201,5,0,114,450,0.01098901098901099,0.0,False,max_tpr_with_empirical_fpr_le_target,32,True,False,2.084734796990322,2.0579567787616817,0.9473684210526315,BCP,RF,standard,,13
0.6104299209562368,0.2122999807210334,455,114,0.11428571428571428,0.11428571428571428,0.1,0.21874331701648897,52,11,103,403,0.11428571428571428,0.09649122807017543,True,max_tpr_with_empirical_fpr_le_target,0.01098901098901099,0.01098901098901099,0.01,1.4093053541249203,5,0,114,450,0.01098901098901099,0.0,True,max_tpr_with_empirical_fpr_le_target,0.01098901098901099,0.01098901098901099,0.001,1.4093053541249203,5,0,114,450,0.01098901098901099,0.0,False,max_tpr_with_empirical_fpr_le_target,32,True,False,2.4494442383555484,2.3617470016121107,0.9473684210526315,BCP,RF,standard,,14
0.5497975708502024,0.09986504723346828,455,114,0.15384615384615385,0.15384615384615385,0.1,0.19912345300178114,70,10,104,385,0.15384615384615385,0.08771929824561403,True,max_tpr_with_empirical_fpr_le_target,0.02197802197802198,0.02197802197802198,0.01,0.9874961201326307,10,1,113,445,0.02197802197802198,0.008771929824561403,True,max_tpr_with_empirical_fpr_le_target,0.006593406593406593,0.006593406593406593,0.001,2.4480300201390675,3,0,114,452,0.006593406593406593,0.0,False,max_tpr_with_empirical_fpr_le_target,32,True,False,2.4623026524334,2.46178414545325,0.9473684210526315,BCP,RF,standard,,15
0.585579332947754,0.14569115095430885,455,114,0.189010989010989,0.189010989010989,0.1,0.11797381796755202,86,11,103,369,0.189010989010989,0.09649122807017543,True,max_tpr_with_empirical_fpr_le_target,0.004395604395604396,0.004395604395604396,0.01,2.204321415550007,2,0,114,453,0.004395604395604396,0.0,True,max_tpr_with_empirical_fpr_le_target,0.004395604395604396,0.004395604395604396,0.001,2.204321415550007,2,0,114,453,0.004395604395604396,0.0,False,max_tpr_with_empirical_fpr_le_target,32,True,False,2.1143881403806644,2.102149114634081,0.9473684210526315,BCP,RF,standard,,16
0.6159244264507422,0.1919799498746867,455,114,0.2043956043956044,0.2043956043956044,0.1,0.1313608185404802,93,11,103,362,0.2043956043956044,0.09649122807017543,True,max_tpr_with_empirical_fpr_le_target,0.03296703296703297,0.03296703296703297,0.01,0.5150406700430303,15,1,113,440,0.03296703296703297,0.008771929824561403,True,max_tpr_with_empirical_fpr_le_target,0.013186813186813187,0.013186813186813187,0.001,1.2093580747410186,6,0,114,449,0.013186813186813187,0.0,False,max_tpr_with_empirical_fpr_le_target,32,True,False,2.15993701855973,2.1730073779792067,0.9473684210526315,BCP,RF,standard,,17
0.6019278966647388,0.18365143628301528,455,114,0.16263736263736264,0.16263736263736264,0.1,0.14475115701541474,74,11,103,381,0.16263736263736264,0.09649122807017543,True,max_tpr_with_empirical_fpr_le_target,0.02857142857142857,0.02857142857142857,0.01,0.9923932011339369,13,1,113,442,0.02857142857142857,0.008771929824561403,True,max_tpr_with_empirical_fpr_le_target,0.017582417582417582,0.017582417582417582,0.001,1.4190163740540707,8,0,114,447,0.017582417582417582,0.0,False,max_tpr_with_empirical_fpr_le_target,32,True,False,2.1220249927639303,2.096148386014687,0.9473684210526315,BCP,RF,standard,,18
0.6118951224214382,0.20936957779063042,455,114,0.2175824175824176,0.2175824175824176,0.1,0.12117526778166265,99,11,103,356,0.2175824175824176,0.09649122807017543,True,max_tpr_with_empirical_fpr_le_target,0.02197802197802198,0.02197802197802198,0.01,0.6984814704384275,10,1,113,445,0.02197802197802198,0.008771929824561403,True,max_tpr_with_empirical_fpr_le_target,0.006593406593406593,0.006593406593406593,0.001,2.0048324582475705,3,0,114,452,0.006593406593406593,0.0,False,max_tpr_with_empirical_fpr_le_target,32,True,False,2.233061231300605,2.1815836312168653,0.9473684210526315,BCP,RF,standard,,19
0.566782340466551,0.12159244264507424,455,114,0.21318681318681318,0.21318681318681318,0.1,0.08565091534932834,97,11,103,358,0.21318681318681318,0.09649122807017543,True,max_tpr_with_empirical_fpr_le_target,0.008791208791208791,0.008791208791208791,0.01,1.6358675261523872,4,1,113,451,0.008791208791208791,0.008771929824561403,True,max_tpr_with_empirical_fpr_le_target,0.004395604395604396,0.004395604395604396,0.001,4.997552087586294,2,0,114,453,0.004395604395604396,0.0,False,max_tpr_with_empirical_fpr_le_target,32,True,False,2.3641794888775785,2.2409823542979543,0.9473684210526315,BCP,RF,standard,,20
0.5376132639290534,0.09255831887410834,455,114,0.12967032967032968,0.12967032967032968,0.1,0.16177495879510206,59,11,103,396,0.12967032967032968,0.09649122807017543,True,max_tpr_with_empirical_fpr_le_target,0.01098901098901099,0.01098901098901099,0.01,1.2249485290176252,5,1,113,450,0.01098901098901099,0.008771929824561403,True,max_tpr_with_empirical_fpr_le_target,0.008791208791208791,0.008791208791208791,0.001,1.6021831360634913,4,0,114,451,0.008791208791208791,0.0,False,max_tpr_with_empirical_fpr_le_target,32,True,False,2.128113378368813,2.0621388804990914,0.9473684210526315,BCP,RF,standard,,21
0.6348756506651243,0.24908424908424914,455,114,0.25274725274725274,0.25274725274725274,0.1,0.06578433054733224,115,11,103,340,0.25274725274725274,0.09649122807017543,True,max_tpr_with_empirical_fpr_le_target,0.03296703296703297,0.03296703296703297,0.01,0.7087775429953613,15,1,113,440,0.03296703296703297,0.008771929824561403,True,max_tpr_with_empirical_fpr_le_target,0.01978021978021978,0.01978021978021978,0.001,1.214331432769528,9,0,114,446,0.01978021978021978,0.0,False,max_tpr_with_empirical_fpr_le_target,32,True,False,1.9536026217252818,1.9388503653115639,0.9473684210526315,BCP,RF,standard,,22
0.5782340466550993,0.14121843069211487,455,114,0.21978021978021978,0.21978021978021978,0.1,0.09776927381361178,100,11,103,355,0.21978021978021978,0.09649122807017543,True,max_tpr_with_empirical_fpr_le_target,0.002197802197802198,0.002197802197802198,0.01,2.6046163705677854,1,0,114,454,0.002197802197802198,0.0,True,max_tpr_with_empirical_fpr_le_target,0.002197802197802198,0.002197802197802198,0.001,2.6046163705677854,1,0,114,454,0.002197802197802198,0.0,False,max_tpr_with_empirical_fpr_le_target,32,True,False,2.275580548004552,2.238844493247733,0.9473684210526315,BCP,RF,standard,,23
0.5921534605745131,0.17665317139001352,455,114,0.14945054945054945,0.14945054945054945,0.1,0.16460376627493,68,11,103,387,0.14945054945054945,0.09649122807017543,True,max_tpr_with_empirical_fpr_le_target,0.008791208791208791,0.008791208791208791,0.01,1.8752807673199134,4,0,114,451,0.008791208791208791,0.0,True,max_tpr_with_empirical_fpr_le_target,0.008791208791208791,0.008791208791208791,0.001,1.8752807673199134,4,0,114,451,0.008791208791208791,0.0,False,max_tpr_with_empirical_fpr_le_target,32,True,False,2.3417680142646993,2.3575312029939473,0.9473684210526315,BCP,RF,standard,,24
0.5802968960863697,0.17277809909388853,455,114,0.1824175824175824,0.1824175824175824,0.1,0.14248721050173874,83,11,103,372,0.1824175824175824,0.09649122807017543,True,max_tpr_with_empirical_fpr_le_target,0.01978021978021978,0.01978021978021978,0.01,1.3273056385724376,9,1,113,446,0.01978021978021978,0.008771929824561403,True,max_tpr_with_empirical_fpr_le_target,0.006593406593406593,0.006593406593406593,0.001,3.163162004247467,3,0,114,452,0.006593406593406593,0.0,False,max_tpr_with_empirical_fpr_le_target,32,True,False,1.9179177105046235,1.903016320237198,0.9473684210526315,BCP,RF,standard,,25
0.5631193368035474,0.1172739541160594,455,114,0.13846153846153847,0.13846153846153847,0.1,0.20645771113567846,63,11,103,392,0.13846153846153847,0.09649122807017543,True,max_tpr_with_empirical_fpr_le_target,0.03956043956043956,0.03956043956043956,0.01,0.6441045733356305,18,1,113,437,0.03956043956043956,0.008771929824561403,True,max_tpr_with_empirical_fpr_le_target,0.01978021978021978,0.01978021978021978,0.001,0.8880543610671077,9,0,114,446,0.01978021978021978,0.0,False,max_tpr_with_empirical_fpr_le_target,32,True,False,2.053549802992961,2.088768774574327,0.9473684210526315,BCP,RF,standard,,26
0.5916714864083285,0.181299402352034,455,114,0.09230769230769231,0.09230769230769231,0.1,0.2751402273589165,42,11,103,413,0.09230769230769231,0.09649122807017543,True,max_tpr_with_empirical_fpr_le_target,0.004395604395604396,0.004395604395604396,0.01,2.099086810608923,2,0,114,453,0.004395604395604396,0.0,True,max_tpr_with_empirical_fpr_le_target,0.004395604395604396,0.004395604395604396,0.001,2.099086810608923,2,0,114,453,0.004395604395604396,0.0,False,max_tpr_with_empirical_fpr_le_target,32,True,False,2.3125826685738655,2.3600645381972263,0.9473684210526315,BCP,RF,standard,,27
0.5712936186620396,0.14603817235396183,455,114,0.12747252747252746,0.12747252747252746,0.1,0.20226216745226067,58,11,103,397,0.12747252747252746,0.09649122807017543,True,max_tpr_with_empirical_fpr_le_target,0.015384615384615385,0.015384615384615385,0.01,1.486678556406291,7,0,114,448,0.015384615384615385,0.0,True,max_tpr_with_empirical_fpr_le_target,0.015384615384615385,0.015384615384615385,0.001,1.486678556406291,7,0,114,448,0.015384615384615385,0.0,False,max_tpr_with_empirical_fpr_le_target,32,True,False,2.1918875557787323,2.14344973275981,0.9473684210526315,BCP,RF,standard,,28
0.5862155388471177,0.14893001735106992,455,114,0.14725274725274726,0.14725274725274726,0.1,0.16692760598805334,67,11,103,388,0.14725274725274726,0.09649122807017543,True,max_tpr_with_empirical_fpr_le_target,0.008791208791208791,0.008791208791208791,0.01,1.6436712458664027,4,0,114,451,0.008791208791208791,0.0,True,max_tpr_with_empirical_fpr_le_target,0.008791208791208791,0.008791208791208791,0.001,1.6436712458664027,4,0,114,451,0.008791208791208791,0.0,False,max_tpr_with_empirical_fpr_le_target,32,True,False,2.120904949971329,2.0843324292278598,0.9473684210526315,BCP,RF,standard,,29
0.49853479853479854,0.0968575284364758,455,114,0.18461538461538463,0.18461538461538463,0.1,0.29817408479357776,84,11,103,371,0.18461538461538463,0.09649122807017543,True,max_tpr_with_empirical_fpr_le_target,0.015384615384615385,0.015384615384615385,0.01,2.0112005180770556,7,1,113,448,0.015384615384615385,0.008771929824561403,True,max_tpr_with_empirical_fpr_le_target,0.002197802197802198,0.002197802197802198,0.001,16.07072074293518,1,0,114,454,0.002197802197802198,0.0,False,max_tpr_with_empirical_fpr_le_target,32,True,False,0.5314795381649682,0.5308744918321122,0.7105263157894737,BCP,RF,dp,0.1,0
0.4349913244650087,0.037073452862926515,455,114,0.07252747252747253,0.07252747252747253,0.1,0.766074928835299,33,11,103,422,0.07252747252747253,0.09649122807017543,True,max_tpr_with_empirical_fpr_le_target,0.015384615384615385,0.015384615384615385,0.01,1.9677004566151828,7,1,113,448,0.015384615384615385,0.008771929824561403,True,max_tpr_with_empirical_fpr_le_target,0.008791208791208791,0.008791208791208791,0.001,2.384012741521774,4,0,114,451,0.008791208791208791,0.0,False,max_tpr_with_empirical_fpr_le_target,32,True,False,0.4700142957046385,0.47963851699407367,0.7105263157894737,BCP,RF,dp,0.1,1
0.5310005783689994,0.0995951417004049,455,114,0.12087912087912088,0.12087912087912088,0.1,0.7932905602127502,55,10,104,400,0.12087912087912088,0.08771929824561403,True,max_tpr_with_empirical_fpr_le_target,0.006593406593406593,0.006593406593406593,0.01,3.6761136292420247,3,1,113,452,0.006593406593406593,0.008771929824561403,True,max_tpr_with_empirical_fpr_le_target,0.0,0.0,0.001,inf,0,0,114,455,0.0,0.0,False,max_tpr_with_empirical_fpr_le_target,32,True,False,0.41636517941325524,0.41240606989800177,0.7105263157894737,BCP,RF,dp,0.1,2
0.5125891652207442,0.08644688644688647,455,114,0.08131868131868132,0.08131868131868132,0.1,0.9856999921792062,37,11,103,418,0.08131868131868132,0.09649122807017543,True,max_tpr_with_empirical_fpr_le_target,0.01098901098901099,0.01098901098901099,0.01,3.310932788304477,5,1,113,450,0.01098901098901099,0.008771929824561403,True,max_tpr_with_empirical_fpr_le_target,0.006593406593406593,0.006593406593406593,0.001,4.130438067007059,3,0,114,452,0.006593406593406593,0.0,False,max_tpr_with_empirical_fpr_le_target,32,True,False,0.4347794459653196,0.4357922395135183,0.7105263157894737,BCP,RF,dp,0.1,3
0.5388085598611914,0.10844418739155581,455,114,0.14945054945054945,0.14945054945054945,0.1,0.6222908245029783,68,11,103,387,0.14945054945054945,0.09649122807017543,True,max_tpr_with_empirical_fpr_le_target,0.041758241758241756,0.041758241758241756,0.01,1.8233599728814802,19,1,113,436,0.041758241758241756,0.008771929824561403,True,max_tpr_with_empirical_fpr_le_target,0.004395604395604396,0.004395604395604396,0.001,2.808370725906891,2,0,114,453,0.004395604395604396,0.0,False,max_tpr_with_empirical_fpr_le_target,32,True,False,0.4700480748246377,0.4734281860825896,0.7105263157894737,BCP,RF,dp,0.1,4
0.5161172161172161,0.052380952380952306,455,114,0.11428571428571428,0.11428571428571428,0.1,0.8928605823114797,52,11,103,403,0.11428571428571428,0.09649122807017543,True,max_tpr_with_empirical_fpr_le_target,0.01098901098901099,0.01098901098901099,0.01,3.032386199571369,5,1,113,450,0.01098901098901099,0.008771929824561403,True,max_tpr_with_empirical_fpr_le_target,0.004395604395604396,0.004395604395604396,0.001,13.901627870092852,2,0,114,453,0.004395604395604396,0.0,False,max_tpr_with_empirical_fpr_le_target,32,True,False,0.4584963303732842,0.4537934605110642,0.7105263157894737,BCP,RF,dp,0.1,5
0.44200886832465786,0.015326778484673231,455,114,0.06153846153846154,0.06153846153846154,0.1,0.8907298248129658,28,11,103,427,0.06153846153846154,0.09649122807017543,True,max_tpr_with_empirical_fpr_le_target,0.017582417582417582,0.017582417582417582,0.01,1.4658638671520112,8,1,113,447,0.017582417582417582,0.008771929824561403,True,max_tpr_with_empirical_fpr_le_target,0.008791208791208791,0.008791208791208791,0.001,2.1098379157651896,4,0,114,451,0.008791208791208791,0.0,False,max_tpr_with_empirical_fpr_le_target,32,True,False,0.5380249312423531,0.5431555548886305,0.7105263157894737,BCP,RF,dp,0.1,6
0.4703682282629651,0.059032195874301086,455,114,0.07692307692307693,0.07692307692307693,0.1,1.0454481551339523,35,11,103,420,0.07692307692307693,0.09649122807017543,True,max_tpr_with_empirical_fpr_le_target,0.02197802197802198,0.02197802197802198,0.01,1.821478001385323,10,1,113,445,0.02197802197802198,0.008771929824561403,True,max_tpr_with_empirical_fpr_le_target,0.017582417582417582,0.017582417582417582,0.001,2.5705349548879344,8,0,114,447,0.017582417582417582,0.0,False,max_tpr_with_empirical_fpr_le_target,32,True,False,0.40580294182045734,0.40665161155196494,0.7105263157894737,BCP,RF,dp,0.1,7
0.4860227491806439,0.048563716984769634,455,114,0.14505494505494507,0.14505494505494507,0.1,0.6572395988133772,66,11,103,389,0.14505494505494507,0.09649122807017543,True,max_tpr_with_empirical_fpr_le_target,0.006593406593406593,0.006593406593406593,0.01,3.3564588486719042,3,1,113,452,0.006593406593406593,0.008771929824561403,True,max_tpr_with_empirical_fpr_le_target,0.0,0.0,0.001,inf,0,0,114,455,0.0,0.0,False,max_tpr_with_empirical_fpr_le_target,32,True,False,0.436315155031091,0.4323903684050299,0.7105263157894737,BCP,RF,dp,0.1,8
0.5129169076537499,0.07538075959128593,455,114,0.0967032967032967,0.0967032967032967,0.1,0.9723584945593098,44,11,103,411,0.0967032967032967,0.09649122807017543,True,max_tpr_with_empirical_fpr_le_target,0.013186813186813187,0.013186813186813187,0.01,2.300401467564704,6,1,113,449,0.013186813186813187,0.008771929824561403,True,max_tpr_with_empirical_fpr_le_target,0.01098901098901099,0.01098901098901099,0.001,2.9718908079232094,5,0,114,450,0.01098901098901099,0.0,False,max_tpr_with_empirical_fpr_le_target,32,True,False,0.4544927380105653,0.45192021018798273,0.7105263157894737,BCP,RF,dp,0.1,9
0.5572585309427415,0.12346250240987083,455,114,0.14945054945054945,0.14945054945054945,0.1,0.2608837854201077,68,11,103,387,0.14945054945054945,0.09649122807017543,True,max_tpr_with_empirical_fpr_le_target,0.02857142857142857,0.02857142857142857,0.01,0.7720667208892373,13,1,113,442,0.02857142857142857,0.008771929824561403,True,max_tpr_with_empirical_fpr_le_target,0.02197802197802198,0.02197802197802198,0.001,0.8412006012472535,10,0,114,445,0.02197802197802198,0.0,False,max_tpr_with_empirical_fpr_le_target,32,True,False,0.527395549407205,0.5978047671987596,0.7105263157894737,BCP,RF,dp,0.1,10
0.5218045112781955,0.08746867167919792,455,114,0.11208791208791209,0.11208791208791209,0.1,0.6484438401300254,51,10,104,404,0.11208791208791209,0.08771929824561403,True,max_tpr_with_empirical_fpr_le_target,0.017582417582417582,0.017582417582417582,0.01,1.7224499771047679,8,1,113,447,0.017582417582417582,0.008771929824561403,True,max_tpr_with_empirical_fpr_le_target,0.0,0.0,0.001,inf,0,0,114,455,0.0,0.0,False,max_tpr_with_empirical_fpr_le_target,32,True,False,0.5217715782055261,0.528765718708288,0.7105263157894737,BCP,RF,dp,0.1,11
0.5534220165799113,0.17875457875457873,455,114,0.11868131868131868,0.11868131868131868,0.1,0.8388449004202259,54,11,103,401,0.11868131868131868,0.09649122807017543,True,max_tpr_with_empirical_fpr_le_target,0.015384615384615385,0.015384615384615385,0.01,3.69823346873698,7,1,113,448,0.015384615384615385,0.008771929824561403,True,max_tpr_with_empirical_fpr_le_target,0.0,0.0,0.001,inf,0,0,114,455,0.0,0.0,False,max_tpr_with_empirical_fpr_le_target,32,True,False,0.42042281026671624,0.4105992291467582,0.7105263157894737,BCP,RF,dp,0.1,12
0.4973973395026027,0.059899749373433564,455,114,0.07252747252747253,0.07252747252747253,0.1,0.8009637648016643,33,11,103,422,0.07252747252747253,0.09649122807017543,True,max_tpr_with_empirical_fpr_le_target,0.01098901098901099,0.01098901098901099,0.01,1.917538232081185,5,1,113,450,0.01098901098901099,0.008771929824561403,True,max_tpr_with_empirical_fpr_le_target,0.006593406593406593,0.006593406593406593,0.001,3.2224739149534383,3,0,114,452,0.006593406593406593,0.0,False,max_tpr_with_empirical_fpr_le_target,32,True,False,0.5060546241841472,0.5179185946857343,0.7105263157894737,BCP,RF,dp,0.1,13
0.5316560632350107,0.10593792172739544,455,114,0.13186813186813187,0.13186813186813187,0.1,0.5003677367144883,60,10,104,395,0.13186813186813187,0.08771929824561403,True,max_tpr_with_empirical_fpr_le_target,0.041758241758241756,0.041758241758241756,0.01,1.1712485072789134,19,1,113,436,0.041758241758241756,0.008771929824561403,True,max_tpr_with_empirical_fpr_le_target,0.008791208791208791,0.008791208791208791,0.001,2.453492309817296,4,0,114,451,0.008791208791208791,0.0,False,max_tpr_with_empirical_fpr_le_target,32,True,False,0.5052475829145584,0.5090305366887591,0.7105263157894737,BCP,RF,dp,0.1,14
0.4528050896471949,0.029438982070561004,455,114,0.05274725274725275,0.05274725274725275,0.1,1.2185721082595116,24,11,103,431,0.05274725274725275,0.09649122807017543,True,max_tpr_with_empirical_fpr_le_target,0.002197802197802198,0.002197802197802198,0.01,8.269419321277212,1,0,114,454,0.002197802197802198,0.0,True,max_tpr_with_empirical_fpr_le_target,0.002197802197802198,0.002197802197802198,0.001,8.269419321277212,1,0,114,454,0.002197802197802198,0.0,False,max_tpr_with_empirical_fpr_le_target,32,True,False,0.4665204505121161,0.4624678112989094,0.7105263157894737,BCP,RF,dp,0.1,15
0.47613263929053407,0.024040871409292452,455,114,0.06373626373626373,0.06373626373626373,0.1,0.6863932705633395,29,10,104,426,0.06373626373626373,0.08771929824561403,True,max_tpr_with_empirical_fpr_le_target,0.002197802197802198,0.002197802197802198,0.01,2.4589797540295475,1,0,114,454,0.002197802197802198,0.0,True,max_tpr_with_empirical_fpr_le_target,0.002197802197802198,0.002197802197802198,0.001,2.4589797540295475,1,0,114,454,0.002197802197802198,0.0,False,max_tpr_with_empirical_fpr_le_target,32,True,False,0.4947762581895349,0.5158048369149724,0.7105263157894737,BCP,RF,dp,0.1,16
0.5184306921149027,0.11499903605166761,455,114,0.08791208791208792,0.08791208791208792,0.1,0.923180260346961,40,9,105,415,0.08791208791208792,0.07894736842105263,True,max_tpr_with_empirical_fpr_le_target,0.01098901098901099,0.01098901098901099,0.01,3.0412350986012964,5,1,113,450,0.01098901098901099,0.008771929824561403,True,max_tpr_with_empirical_fpr_le_target,0.0,0.0,0.001,inf,0,0,114,455,0.0,0.0,False,max_tpr_with_empirical_fpr_le_target,32,True,False,0.45344628944415155,0.44951622143438363,0.7105263157894737,BCP,RF,dp,0.1,17
0.46616541353383456,0.024465008675535,455,114,0.0989010989010989,0.0989010989010989,0.1,0.8412908408241431,45,11,103,410,0.0989010989010989,0.09649122807017543,True,max_tpr_with_empirical_fpr_le_target,0.006593406593406593,0.006593406593406593,0.01,2.4570004327381447,3,1,113,452,0.006593406593406593,0.008771929824561403,True,max_tpr_with_empirical_fpr_le_target,0.0,0.0,0.001,inf,0,0,114,455,0.0,0.0,False,max_tpr_with_empirical_fpr_le_target,32,True,False,0.4849055398673619,0.4886468030912857,0.7105263157894737,BCP,RF,dp,0.1,18
0.566088297667245,0.16121071910545592,455,114,0.13626373626373625,0.13626373626373625,0.1,0.5584240189874724,62,9,105,393,0.13626373626373625,0.07894736842105263,True,max_tpr_with_empirical_fpr_le_target,0.026373626373626374,0.026373626373626374,0.01,1.6187207907625343,12,1,113,443,0.026373626373626374,0.008771929824561403,True,max_tpr_with_empirical_fpr_le_target,0.0,0.0,0.001,inf,0,0,114,455,0.0,0.0,False,max_tpr_with_empirical_fpr_le_target,32,True,False,0.4851074544156523,0.4859700236469661,0.7105263157894737,BCP,RF,dp,0.1,19
0.4756121071910545,0.02498554077501447,455,114,0.05714285714285714,0.05714285714285714,0.1,1.1109817570338247,26,11,103,429,0.05714285714285714,0.09649122807017543,True,max_tpr_with_empirical_fpr_le_target,0.004395604395604396,0.004395604395604396,0.01,15.535446732178684,2,0,114,453,0.004395604395604396,0.0,True,max_tpr_with_empirical_fpr_le_target,0.004395604395604396,0.004395604395604396,0.001,15.535446732178684,2,0,114,453,0.004395604395604396,0.0,False,max_tpr_with_empirical_fpr_le_target,32,True,False,0.5136197392559966,0.5055879617606508,0.7105263157894737,BCP,RF,dp,0.1,20
0.4906111432427222,0.06417967996915366,455,114,0.08571428571428572,0.08571428571428572,0.1,1.2849531814667925,39,11,103,416,0.08571428571428572,0.09649122807017543,True,max_tpr_with_empirical_fpr_le_target,0.017582417582417582,0.017582417582417582,0.01,3.13552189127717,8,1,113,447,0.017582417582417582,0.008771929824561403,True,max_tpr_with_empirical_fpr_le_target,0.0,0.0,0.001,inf,0,0,114,455,0.0,0.0,False,max_tpr_with_empirical_fpr_le_target,32,True,False,0.4760817447512584,0.4694046851717091,0.7105263157894737,BCP,RF,dp,0.1,21
0.4832080200501253,0.025043377674956624,455,114,0.05274725274725275,0.05274725274725275,0.1,1.0777358211288537,24,10,104,431,0.05274725274725275,0.08771929824561403,True,max_tpr_with_empirical_fpr_le_target,0.01978021978021978,0.01978021978021978,0.01,1.7152009443154022,9,1,113,446,0.01978021978021978,0.008771929824561403,True,max_tpr_with_empirical_fpr_le_target,0.017582417582417582,0.017582417582417582,0.001,1.8695281609082617,8,0,114,447,0.017582417582417582,0.0,False,max_tpr_with_empirical_fpr_le_target,32,True,False,0.5000943623105231,0.5040912119705696,0.7105263157894737,BCP,RF,dp,0.1,22
0.48021978021978023,0.032735685367264344,455,114,0.08351648351648351,0.08351648351648351,0.1,1.270479095156582,38,9,105,417,0.08351648351648351,0.07894736842105263,True,max_tpr_with_empirical_fpr_le_target,0.017582417582417582,0.017582417582417582,0.01,3.506727814459647,8,1,113,447,0.017582417582417582,0.008771929824561403,True,max_tpr_with_empirical_fpr_le_target,0.002197802197802198,0.002197802197802198,0.001,49.851381616698404,1,0,114,454,0.002197802197802198,0.0,False,max_tpr_with_empirical_fpr_le_target,32,True,False,0.4511129612133391,0.4378942613125241,0.7105263157894737,BCP,RF,dp,0.1,23
0.4324850588008482,0.011008289955658376,455,114,0.08351648351648351,0.08351648351648351,0.1,1.0203741395127133,38,11,103,417,0.08351648351648351,0.09649122807017543,True,max_tpr_with_empirical_fpr_le_target,0.01978021978021978,0.01978021978021978,0.01,1.9772514759766295,9,1,113,446,0.01978021978021978,0.008771929824561403,True,max_tpr_with_empirical_fpr_le_target,0.0,0.0,0.001,inf,0,0,114,455,0.0,0.0,False,max_tpr_with_empirical_fpr_le_target,32,True,False,0.41104088171807346,0.4085434366249308,0.7105263157894737,BCP,RF,dp,0.1,24
0.5023520339309813,0.06338924233661081,455,114,0.0945054945054945,0.0945054945054945,0.1,0.8463487538796455,43,10,104,412,0.0945054945054945,0.08771929824561403,True,max_tpr_with_empirical_fpr_le_target,0.017582417582417582,0.017582417582417582,0.01,2.361457434544894,8,1,113,447,0.017582417582417582,0.008771929824561403,True,max_tpr_with_empirical_fpr_le_target,0.006593406593406593,0.006593406593406593,0.001,3.1481156808256365,3,0,114,452,0.006593406593406593,0.0,False,max_tpr_with_empirical_fpr_le_target,32,True,False,0.4710597951639121,0.4708036240373337,0.7105263157894737,BCP,RF,dp,0.1,25
0.5613842298052825,0.1268363215731637,455,114,0.11208791208791209,0.11208791208791209,0.1,0.8169713860268932,51,11,103,404,0.11208791208791209,0.09649122807017543,True,max_tpr_with_empirical_fpr_le_target,0.026373626373626374,0.026373626373626374,0.01,2.2173020558375933,12,1,113,443,0.026373626373626374,0.008771929824561403,True,max_tpr_with_empirical_fpr_le_target,0.008791208791208791,0.008791208791208791,0.001,3.564999656542815,4,0,114,451,0.008791208791208791,0.0,False,max_tpr_with_empirical_fpr_le_target,32,True,False,0.46343086292425567,0.45742709561113754,0.7105263157894737,BCP,RF,dp,0.1,26
0.4953152111046848,0.050279545016387206,455,114,0.08351648351648351,0.08351648351648351,0.1,1.0672588161414691,38,11,103,417,0.08351648351648351,0.09649122807017543,True,max_tpr_with_empirical_fpr_le_target,0.008791208791208791,0.008791208791208791,0.01,3.320262787366464,4,1,113,451,0.008791208791208791,0.008771929824561403,True,max_tpr_with_empirical_fpr_le_target,0.002197802197802198,0.002197802197802198,0.001,34.4741282007958,1,0,114,454,0.002197802197802198,0.0,False,max_tpr_with_empirical_fpr_le_target,32,True,False,0.5140036926505428,0.4922879302928171,0.7105263157894737,BCP,RF,dp,0.1,27
0.5441102756892231,0.10628494312704839,455,114,0.12967032967032968,0.12967032967032968,0.1,0.607185176899432,59,11,103,396,0.12967032967032968,0.09649122807017543,True,max_tpr_with_empirical_fpr_le_target,0.008791208791208791,0.008791208791208791,0.01,1.957182815577788,4,1,113,451,0.008791208791208791,0.008771929824561403,True,max_tpr_with_empirical_fpr_le_target,0.0,0.0,0.001,inf,0,0,114,455,0.0,0.0,False,max_tpr_with_empirical_fpr_le_target,32,True,False,0.44159883000293665,0.44238781995297993,0.7105263157894737,BCP,RF,dp,0.1,28
0.5571042992095624,0.13689994216310003,455,114,0.08571428571428572,0.08571428571428572,0.1,0.7875620212730594,39,11,103,416,0.08571428571428572,0.09649122807017543,True,max_tpr_with_empirical_fpr_le_target,0.03076923076923077,0.03076923076923077,0.01,1.478664743416802,14,1,113,441,0.03076923076923077,0.008771929824561403,True,max_tpr_with_empirical_fpr_le_target,0.013186813186813187,0.013186813186813187,0.001,2.2430551897399233,6,0,114,449,0.013186813186813187,0.0,False,max_tpr_with_empirical_fpr_le_target,32,True,False,0.4826701062040716,0.48370756316750474,0.7105263157894737,BCP,RF,dp,0.1,29
0.5241372662425294,0.08617698091382303,455,114,0.17142857142857143,0.17142857142857143,0.1,0.28600655518174456,78,10,104,377,0.17142857142857143,0.08771929824561403,True,max_tpr_with_empirical_fpr_le_target,0.004395604395604396,0.004395604395604396,0.01,2.298493540192764,2,1,113,453,0.004395604395604396,0.008771929824561403,True,max_tpr_with_empirical_fpr_le_target,0.0,0.0,0.001,inf,0,0,114,455,0.0,0.0,False,max_tpr_with_empirical_fpr_le_target,32,True,False,0.5278576386615879,0.5524904809726037,0.7105263157894737,BCP,RF,dp,0.2,0
0.46973202236360134,0.02338538654328126,455,114,0.054945054945054944,0.054945054945054944,0.1,0.73783746922035,25,11,103,430,0.054945054945054944,0.09649122807017543,True,max_tpr_with_empirical_fpr_le_target,0.01098901098901099,0.01098901098901099,0.01,2.2463204204251808,5,1,113,450,0.01098901098901099,0.008771929824561403,True,max_tpr_with_empirical_fpr_le_target,0.008791208791208791,0.008791208791208791,0.001,2.98734571214543,4,0,114,451,0.008791208791208791,0.0,False,max_tpr_with_empirical_fpr_le_target,32,True,False,0.5624477699664615,0.5876448782872306,0.7105263157894737,BCP,RF,dp,0.2,1
0.4821091189512243,0.04885290148448046,455,114,0.1054945054945055,0.1054945054945055,0.1,0.6404850568509242,48,11,103,407,0.1054945054945055,0.09649122807017543,True,max_tpr_with_empirical_fpr_le_target,0.008791208791208791,0.008791208791208791,0.01,2.0551297371420727,4,1,113,451,0.008791208791208791,0.008771929824561403,True,max_tpr_with_empirical_fpr_le_target,0.0,0.0,0.001,inf,0,0,114,455,0.0,0.0,False,max_tpr_with_empirical_fpr_le_target,32,True,False,0.5247587643327966,0.5170569952505176,0.7105263157894737,BCP,RF,dp,0.2,2
0.45787545787545797,0.008714092924619221,455,114,0.05934065934065934,0.05934065934065934,0.1,1.2225149998417715,27,11,103,428,0.05934065934065934,0.09649122807017543,True,max_tpr_with_empirical_fpr_le_target,0.004395604395604396,0.004395604395604396,0.01,2.954954355892676,2,1,113,453,0.004395604395604396,0.008771929824561403,True,max_tpr_with_empirical_fpr_le_target,0.002197802197802198,0.002197802197802198,0.001,4.413419407408606,1,0,114,454,0.002197802197802198,0.0,False,max_tpr_with_empirical_fpr_le_target,32,True,False,0.44756537464133894,0.4469747200704717,0.7105263157894737,BCP,RF,dp,0.2,3
0.4904761904761905,0.05373048004626951,455,114,0.09230769230769231,0.09230769230769231,0.1,0.967484715138399,42,10,104,413,0.09230769230769231,0.08771929824561403,True,max_tpr_with_empirical_fpr_le_target,0.008791208791208791,0.008791208791208791,0.01,2.57765487177549,4,1,113,451,0.008791208791208791,0.008771929824561403,True,max_tpr_with_empirical_fpr_le_target,0.002197802197802198,0.002197802197802198,0.001,4.372622900715811,1,0,114,454,0.002197802197802198,0.0,False,max_tpr_with_empirical_fpr_le_target,32,True,False,0.5304197474169503,0.5142362191316412,0.7105263157894737,BCP,RF,dp,0.2,4
0.4766338924233662,0.021785232311548164,455,114,0.07032967032967033,0.07032967032967033,0.1,0.561445757895686,32,11,103,423,0.07032967032967033,0.09649122807017543,True,max_tpr_with_empirical_fpr_le_target,0.02197802197802198,0.02197802197802198,0.01,0.8962264210259161,10,1,113,445,0.02197802197802198,0.008771929824561403,True,max_tpr_with_empirical_fpr_le_target,0.013186813186813187,0.013186813186813187,0.001,1.25507444598328,6,0,114,449,0.013186813186813187,0.0,False,max_tpr_with_empirical_fpr_le_target,32,True,False,0.5488253136864811,0.5774135575724885,0.7105263157894737,BCP,RF,dp,0.2,5
0.5008097165991903,0.04430306535569695,455,114,0.12747252747252746,0.12747252747252746,0.1,0.39295113697468353,58,11,103,397,0.12747252747252746,0.09649122807017543,True,max_tpr_with_empirical_fpr_le_target,0.008791208791208791,0.008791208791208791,0.01,1.6763698515379475,4,1,113,451,0.008791208791208791,0.008771929824561403,True,max_tpr_with_empirical_fpr_le_target,0.002197802197802198,0.002197802197802198,0.001,2.5567269216493558,1,0,114,454,0.002197802197802198,0.0,False,max_tpr_with_empirical_fpr_le_target,32,True,False,0.5885498300469908,0.6062903670084987,0.7105263157894737,BCP,RF,dp,0.2,6
0.49115095430884914,0.03236938500096387,455,114,0.09230769230769231,0.09230769230769231,0.1,0.9833113972101706,42,10,104,413,0.09230769230769231,0.08771929824561403,True,max_tpr_with_empirical_fpr_le_target,0.03956043956043956,0.03956043956043956,0.01,1.7994047506429425,18,1,113,437,0.03956043956043956,0.008771929824561403,True,max_tpr_with_empirical_fpr_le_target,0.004395604395604396,0.004395604395604396,0.001,2.96911070406935,2,0,114,453,0.004395604395604396,0.0,False,max_tpr_with_empirical_fpr_le_target,32,True,False,0.4439590970054291,0.44883392303167113,0.7105263157894737,BCP,RF,dp,0.2,7
0.5147484094852516,0.07626759205706579,455,114,0.08131868131868132,0.08131868131868132,0.1,0.9890783229062383,37,11,103,418,0.08131868131868132,0.09649122807017543,True,max_tpr_with_empirical_fpr_le_target,0.006593406593406593,0.006593406593406593,0.01,2.9470502482605987,3,1,113,452,0.006593406593406593,0.008771929824561403,True,max_tpr_with_empirical_fpr_le_target,0.004395604395604396,0.004395604395604396,0.001,3.7014152347249354,2,0,114,453,0.004395604395604396,0.0,False,max_tpr_with_empirical_fpr_le_target,32,True,False,0.5210791460616369,0.5061120041895443,0.7105263157894737,BCP,RF,dp,0.2,8
0.5211875843454792,0.07578561789088106,455,114,0.12307692307692308,0.12307692307692308,0.1,0.6848670633510414,56,11,103,399,0.12307692307692308,0.09649122807017543,True,max_tpr_with_empirical_fpr_le_target,0.006593406593406593,0.006593406593406593,0.01,2.487242392958822,3,1,113,452,0.006593406593406593,0.008771929824561403,True,max_tpr_with_empirical_fpr_le_target,0.004395604395604396,0.004395604395604396,0.001,3.120654808351058,2,0,114,453,0.004395604395604396,0.0,False,max_tpr_with_empirical_fpr_le_target,32,True,False,0.541928592994648,0.5239096670629653,0.7105263157894737,BCP,RF,dp,0.2,9
0.5170426065162907,0.07048390206284944,455,114,0.14945054945054945,0.14945054945054945,0.1,0.3472147536379524,68,10,104,387,0.14945054945054945,0.08771929824561403,True,max_tpr_with_empirical_fpr_le_target,0.035164835164835165,0.035164835164835165,0.01,1.0111433251071444,16,1,113,439,0.035164835164835165,0.008771929824561403,True,max_tpr_with_empirical_fpr_le_target,0.03076923076923077,0.03076923076923077,0.001,1.0874410593805286,14,0,114,441,0.03076923076923077,0.0,False,max_tpr_with_empirical_fpr_le_target,32,True,False,0.47414082128547735,0.4933479654763412,0.7105263157894737,BCP,RF,dp,0.2,10
0.4937921727395411,0.030441488336225175,455,114,0.0967032967032967,0.0967032967032967,0.1,0.48001130282277416,44,11,103,411,0.0967032967032967,0.09649122807017543,True,max_tpr_with_empirical_fpr_le_target,0.008791208791208791,0.008791208791208791,0.01,1.8742075139771872,4,1,113,451,0.008791208791208791,0.008771929824561403,True,max_tpr_with_empirical_fpr_le_target,0.002197802197802198,0.002197802197802198,0.001,3.6509529176125852,1,0,114,454,0.002197802197802198,0.0,False,max_tpr_with_empirical_fpr_le_target,32,True,False,0.5829159491056016,0.6052517135282631,0.7105263157894737,BCP,RF,dp,0.2,11
0.4757085020242915,0.034239444765760574,455,114,0.05934065934065934,0.05934065934065934,0.1,1.3672869463208865,27,11,103,428,0.05934065934065934,0.09649122807017543,True,max_tpr_with_empirical_fpr_le_target,0.002197802197802198,0.002197802197802198,0.01,3.649440551252402,1,0,114,454,0.002197802197802198,0.0,True,max_tpr_with_empirical_fpr_le_target,0.002197802197802198,0.002197802197802198,0.001,3.649440551252402,1,0,114,454,0.002197802197802198,0.0,False,max_tpr_with_empirical_fpr_le_target,32,True,False,0.4904664611566025,0.46889076176460426,0.7105263157894737,BCP,RF,dp,0.2,12
0.5152882205513785,0.07297088876036248,455,114,0.0945054945054945,0.0945054945054945,0.1,0.49637551864382434,43,11,103,412,0.0945054945054945,0.09649122807017543,True,max_tpr_with_empirical_fpr_le_target,0.004395604395604396,0.004395604395604396,0.01,2.289866271076268,2,1,113,453,0.004395604395604396,0.008771929824561403,True,max_tpr_with_empirical_fpr_le_target,0.0,0.0,0.001,inf,0,0,114,455,0.0,0.0,False,max_tpr_with_empirical_fpr_le_target,32,True,False,0.7372717039599396,0.7178821445322174,0.7105263157894737,BCP,RF,dp,0.2,13
0.5136495083863504,0.11251204935415465,455,114,0.12967032967032968,0.12967032967032968,0.1,0.5792226072459234,59,11,103,396,0.12967032967032968,0.09649122807017543,True,max_tpr_with_empirical_fpr_le_target,0.008791208791208791,0.008791208791208791,0.01,2.5419106929120874,4,1,113,451,0.008791208791208791,0.008771929824561403,True,max_tpr_with_empirical_fpr_le_target,0.004395604395604396,0.004395604395604396,0.001,2.7340644501536273,2,0,114,453,0.004395604395604396,0.0,False,max_tpr_with_empirical_fpr_le_target,32,True,False,0.5051682243947486,0.507894935950635,0.7105263157894737,BCP,RF,dp,0.2,14
0.48218623481781375,0.021862348178137703,455,114,0.07472527472527472,0.07472527472527472,0.1,0.4636921325805039,34,11,103,421,0.07472527472527472,0.09649122807017543,True,max_tpr_with_empirical_fpr_le_target,0.013186813186813187,0.013186813186813187,0.01,1.1815129777323328,6,0,114,449,0.013186813186813187,0.0,True,max_tpr_with_empirical_fpr_le_target,0.013186813186813187,0.013186813186813187,0.001,1.1815129777323328,6,0,114,449,0.013186813186813187,0.0,False,max_tpr_with_empirical_fpr_le_target,32,True,False,0.5412827303995493,0.586724574898495,0.7105263157894737,BCP,RF,dp,0.2,15
0.5042799305957201,0.06645459803354539,455,114,0.11428571428571428,0.11428571428571428,0.1,0.32231699725281393,52,11,103,403,0.11428571428571428,0.09649122807017543,True,max_tpr_with_empirical_fpr_le_target,0.006593406593406593,0.006593406593406593,0.01,1.2945685676885823,3,1,113,452,0.006593406593406593,0.008771929824561403,True,max_tpr_with_empirical_fpr_le_target,0.0,0.0,0.001,inf,0,0,114,455,0.0,0.0,False,max_tpr_with_empirical_fpr_le_target,32,True,False,0.614068791861062,0.6609923823956557,0.7105263157894737,BCP,RF,dp,0.2,16
0.482745324850588,0.04677077308656258,455,114,0.07032967032967033,0.07032967032967033,0.1,1.4502345749511067,32,11,103,423,0.07032967032967033,0.09649122807017543,True,max_tpr_with_empirical_fpr_le_target,0.004395604395604396,0.004395604395604396,0.01,3.1555543018685075,2,1,113,453,0.004395604395604396,0.008771929824561403,True,max_tpr_with_empirical_fpr_le_target,0.0,0.0,0.001,inf,0,0,114,455,0.0,0.0,False,max_tpr_with_empirical_fpr_le_target,32,True,False,0.5457743080965743,0.5057780121543313,0.7105263157894737,BCP,RF,dp,0.2,17
0.4503952188162714,0.015326778484673231,455,114,0.04835164835164835,0.04835164835164835,0.1,1.3038753455075067,22,10,104,433,0.04835164835164835,0.08771929824561403,True,max_tpr_with_empirical_fpr_le_target,0.015384615384615385,0.015384615384615385,0.01,1.9409257148077677,7,1,113,448,0.015384615384615385,0.008771929824561403,True,max_tpr_with_empirical_fpr_le_target,0.008791208791208791,0.008791208791208791,0.001,2.503676584626109,4,0,114,451,0.008791208791208791,0.0,False,max_tpr_with_empirical_fpr_le_target,32,True,False,0.45772328638589305,0.46275273826455454,0.7105263157894737,BCP,RF,dp,0.2,18
0.543859649122807,0.11326392905340277,455,114,0.14285714285714285,0.14285714285714285,0.1,0.7752983797310655,65,11,103,390,0.14285714285714285,0.09649122807017543,True,max_tpr_with_empirical_fpr_le_target,0.017582417582417582,0.017582417582417582,0.01,3.2136066980456546,8,1,113,447,0.017582417582417582,0.008771929824561403,True,max_tpr_with_empirical_fpr_le_target,0.013186813186813187,0.013186813186813187,0.001,3.3469651056634886,6,0,114,449,0.013186813186813187,0.0,False,max_tpr_with_empirical_fpr_le_target,32,True,False,0.5000324930394674,0.48281247420833606,0.7105263157894737,BCP,RF,dp,0.2,19
0.46591478696741856,0.011875843454790869,455,114,0.06153846153846154,0.06153846153846154,0.1,1.0848170284881729,28,11,103,427,0.06153846153846154,0.09649122807017543,True,max_tpr_with_empirical_fpr_le_target,0.002197802197802198,0.002197802197802198,0.01,3.3255385041237884,1,1,113,454,0.002197802197802198,0.008771929824561403,True,max_tpr_with_empirical_fpr_le_target,0.0,0.0,0.001,inf,0,0,114,455,0.0,0.0,False,max_tpr_with_empirical_fpr_le_target,32,True,False,0.6449588057145356,0.6144052767691024,0.7105263157894737,BCP,RF,dp,0.2,20
0.4223443223443224,0.004357046462309722,455,114,0.05934065934065934,0.05934065934065934,0.1,1.3140506536145473,27,11,103,428,0.05934065934065934,0.09649122807017543,True,max_tpr_with_empirical_fpr_le_target,0.008791208791208791,0.008791208791208791,0.01,2.4608847997700556,4,1,113,451,0.008791208791208791,0.008771929824561403,True,max_tpr_with_empirical_fpr_le_target,0.002197802197802198,0.002197802197802198,0.001,4.199367004886471,1,0,114,454,0.002197802197802198,0.0,False,max_tpr_with_empirical_fpr_le_target,32,True,False,0.5093866124536115,0.5077982441031562,0.7105263157894737,BCP,RF,dp,0.2,21
0.47511085405822245,0.03288991710044342,455,114,0.0945054945054945,0.0945054945054945,0.1,0.7518807728993053,43,11,103,412,0.0945054945054945,0.09649122807017543,True,max_tpr_with_empirical_fpr_le_target,0.008791208791208791,0.008791208791208791,0.01,2.3576696568567543,4,1,113,451,0.008791208791208791,0.008771929824561403,True,max_tpr_with_empirical_fpr_le_target,0.004395604395604396,0.004395604395604396,0.001,2.423863190625066,2,0,114,453,0.004395604395604396,0.0,False,max_tpr_with_empirical_fpr_le_target,32,True,False,0.4998227164840619,0.5052272702301199,0.7105263157894737,BCP,RF,dp,0.2,22
0.4534605745132061,0.03520339309812994,455,114,0.11648351648351649,0.11648351648351649,0.1,0.5535970238281673,53,11,103,402,0.11648351648351649,0.09649122807017543,True,max_tpr_with_empirical_fpr_le_target,0.035164835164835165,0.035164835164835165,0.01,1.6146205163574963,16,1,113,439,0.035164835164835165,0.008771929824561403,True,max_tpr_with_empirical_fpr_le_target,0.0,0.0,0.001,inf,0,0,114,455,0.0,0.0,False,max_tpr_with_empirical_fpr_le_target,32,True,False,0.49728153055382984,0.511592767877151,0.7105263157894737,BCP,RF,dp,0.2,23
0.4687487950645846,0.024079429342587222,455,114,0.07912087912087912,0.07912087912087912,0.1,0.7258658136509251,36,11,103,419,0.07912087912087912,0.09649122807017543,True,max_tpr_with_empirical_fpr_le_target,0.013186813186813187,0.013186813186813187,0.01,1.9848750182846135,6,1,113,449,0.013186813186813187,0.008771929824561403,True,max_tpr_with_empirical_fpr_le_target,0.004395604395604396,0.004395604395604396,0.001,3.0661309661468903,2,0,114,453,0.004395604395604396,0.0,False,max_tpr_with_empirical_fpr_le_target,32,True,False,0.5578229033061959,0.5520016243157767,0.7105263157894737,BCP,RF,dp,0.2,24
0.45982263350684405,0.037189126662810934,455,114,0.10989010989010989,0.10989010989010989,0.1,0.24382686514735763,50,11,103,405,0.10989010989010989,0.09649122807017543,True,max_tpr_with_empirical_fpr_le_target,0.015384615384615385,0.015384615384615385,0.01,1.1109940099161626,7,0,114,448,0.015384615384615385,0.0,True,max_tpr_with_empirical_fpr_le_target,0.015384615384615385,0.015384615384615385,0.001,1.1109940099161626,7,0,114,448,0.015384615384615385,0.0,False,max_tpr_with_empirical_fpr_le_target,32,True,False,1.2189094527150253,1.1544361011172892,0.7105263157894737,BCP,RF,dp,0.2,25
0.5321765953344901,0.1044727202621939,455,114,0.09010989010989011,0.09010989010989011,0.1,0.36947462855889546,41,11,103,414,0.09010989010989011,0.09649122807017543,True,max_tpr_with_empirical_fpr_le_target,0.01098901098901099,0.01098901098901099,0.01,1.6114132276688666,5,0,114,450,0.01098901098901099,0.0,True,max_tpr_with_empirical_fpr_le_target,0.01098901098901099,0.01098901098901099,0.001,1.6114132276688666,5,0,114,450,0.01098901098901099,0.0,False,max_tpr_with_empirical_fpr_le_target,32,True,False,0.7994622629495722,0.7852789062403781,0.7105263157894737,BCP,RF,dp,0.2,26
0.45812608444187397,0.01750530171582798,455,114,0.05714285714285714,0.05714285714285714,0.1,0.9468143739075581,26,9,105,429,0.05714285714285714,0.07894736842105263,True,max_tpr_with_empirical_fpr_le_target,0.01098901098901099,0.01098901098901099,0.01,2.2317351556174865,5,1,113,450,0.01098901098901099,0.008771929824561403,True,max_tpr_with_empirical_fpr_le_target,0.004395604395604396,0.004395604395604396,0.001,2.815041233295312,2,0,114,453,0.004395604395604396,0.0,False,max_tpr_with_empirical_fpr_le_target,32,True,False,0.500896259112885,0.4969801407936587,0.7105263157894737,BCP,RF,dp,0.2,27
0.5576633892423366,0.11287834972045496,455,114,0.12967032967032968,0.12967032967032968,0.1,0.6327366710845397,59,11,103,396,0.12967032967032968,0.09649122807017543,True,max_tpr_with_empirical_fpr_le_target,0.013186813186813187,0.013186813186813187,0.01,2.1005210816500863,6,1,113,449,0.013186813186813187,0.008771929824561403,True,max_tpr_with_empirical_fpr_le_target,0.0,0.0,0.001,inf,0,0,114,455,0.0,0.0,False,max_tpr_with_empirical_fpr_le_target,32,True,False,0.4847276610696275,0.4828857008896496,0.7105263157894737,BCP,RF,dp,0.2,28
0.5435511856564488,0.09134374397532297,455,114,0.14285714285714285,0.14285714285714285,0.1,0.4388941710396961,65,11,103,390,0.14285714285714285,0.09649122807017543,True,max_tpr_with_empirical_fpr_le_target,0.05274725274725275,0.05274725274725275,0.01,0.9424106917066002,24,1,113,431,0.05274725274725275,0.008771929824561403,True,max_tpr_with_empirical_fpr_le_target,0.02857142857142857,0.02857142857142857,0.001,1.272630215794237,13,0,114,442,0.02857142857142857,0.0,False,max_tpr_with_empirical_fpr_le_target,32,True,False,0.5169089462492926,0.543118914434514,0.7105263157894737,BCP,RF,dp,0.2,29
0.5194717563138616,0.11700404858299598,455,114,0.12527472527472527,0.12527472527472527,0.1,0.14273919855132222,57,9,105,398,0.12527472527472527,0.07894736842105263,True,max_tpr_with_empirical_fpr_le_target,0.015384615384615385,0.015384615384615385,0.01,6.472585399406583,7,1,113,448,0.015384615384615385,0.008771929824561403,True,max_tpr_with_empirical_fpr_le_target,0.013186813186813187,0.013186813186813187,0.001,9.27369869326401,6,0,114,449,0.013186813186813187,0.0,False,max_tpr_with_empirical_fpr_le_target,32,True,False,1.0901959293570629,1.0503048636821388,0.7456140350877193,BCP,RF,dp,0.4,0
0.48532870638133796,0.041642567958357524,455,114,0.0989010989010989,0.0989010989010989,0.1,0.5436483275088666,45,11,103,410,0.0989010989010989,0.09649122807017543,True,max_tpr_with_empirical_fpr_le_target,0.015384615384615385,0.015384615384615385,0.01,2.583861476294203,7,1,113,448,0.015384615384615385,0.008771929824561403,True,max_tpr_with_empirical_fpr_le_target,0.0,0.0,0.001,inf,0,0,114,455,0.0,0.0,False,max_tpr_with_empirical_fpr_le_target,32,True,False,0.5610505634390482,0.5660378185533962,0.7456140350877193,BCP,RF,dp,0.4,1
0.46770773086562556,0.03315982263350685,455,114,0.12527472527472527,0.12527472527472527,0.1,0.48659305670482644,57,11,103,398,0.12527472527472527,0.09649122807017543,True,max_tpr_with_empirical_fpr_le_target,0.004395604395604396,0.004395604395604396,0.01,18.726675028165943,2,0,114,453,0.004395604395604396,0.0,True,max_tpr_with_empirical_fpr_le_target,0.004395604395604396,0.004395604395604396,0.001,18.726675028165943,2,0,114,453,0.004395604395604396,0.0,False,max_tpr_with_empirical_fpr_le_target,32,True,False,0.6719325583502107,0.6567535915341454,0.7456140350877193,BCP,RF,dp,0.4,2
0.4864468864468865,0.054790823211875894,455,114,0.07692307692307693,0.07692307692307693,0.1,0.7305253616938191,35,11,103,420,0.07692307692307693,0.09649122807017543,True,max_tpr_with_empirical_fpr_le_target,0.002197802197802198,0.002197802197802198,0.01,39.389477748366545,1,0,114,454,0.002197802197802198,0.0,True,max_tpr_with_empirical_fpr_le_target,0.002197802197802198,0.002197802197802198,0.001,39.389477748366545,1,0,114,454,0.002197802197802198,0.0,False,max_tpr_with_empirical_fpr_le_target,32,True,False,0.6550901495770363,0.6235885629153705,0.7456140350877193,BCP,RF,dp,0.4,3
0.48773857721226144,0.03645652593021009,455,114,0.09010989010989011,0.09010989010989011,0.1,0.5469276126458238,41,11,103,414,0.09010989010989011,0.09649122807017543,True,max_tpr_with_empirical_fpr_le_target,0.015384615384615385,0.015384615384615385,0.01,28.550161840936397,7,0,114,448,0.015384615384615385,0.0,True,max_tpr_with_empirical_fpr_le_target,0.015384615384615385,0.015384615384615385,0.001,28.550161840936397,7,0,114,448,0.015384615384615385,0.0,False,max_tpr_with_empirical_fpr_le_target,32,True,False,1.010319826524848,0.8894534644778067,0.7456140350877193,BCP,RF,dp,0.4,4
0.5075187969924813,0.06225178330441489,455,114,0.05714285714285714,0.05714285714285714,0.1,0.8392384103114442,26,11,103,429,0.05714285714285714,0.09649122807017543,True,max_tpr_with_empirical_fpr_le_target,0.0,0.0,0.01,47.68052111858925,0,1,113,455,0.0,0.008771929824561403,True,max_tpr_with_empirical_fpr_le_target,0.0,0.0,0.001,inf,0,0,114,455,0.0,0.0,False,max_tpr_with_empirical_fpr_le_target,32,True,False,1.0511862662528537,0.8701830671583874,0.7456140350877193,BCP,RF,dp,0.4,5
0.4514748409485252,0.006400616926932723,455,114,0.0945054945054945,0.0945054945054945,0.1,0.4256983227707236,43,11,103,412,0.0945054945054945,0.09649122807017543,True,max_tpr_with_empirical_fpr_le_target,0.006593406593406593,0.006593406593406593,0.01,29.48622404151247,3,1,113,452,0.006593406593406593,0.008771929824561403,True,max_tpr_with_empirical_fpr_le_target,0.002197802197802198,0.002197802197802198,0.001,36.62859326767976,1,0,114,454,0.002197802197802198,0.0,False,max_tpr_with_empirical_fpr_le_target,32,True,False,0.9279041725732,0.8496992417777961,0.7456140350877193,BCP,RF,dp,0.4,6
0.5178908810487758,0.052438789280894516,455,114,0.12747252747252746,0.12747252747252746,0.1,0.18720735709998104,58,11,103,397,0.12747252747252746,0.09649122807017543,True,max_tpr_with_empirical_fpr_le_target,0.015384615384615385,0.015384615384615385,0.01,0.8238933613028532,7,1,113,448,0.015384615384615385,0.008771929824561403,True,max_tpr_with_empirical_fpr_le_target,0.01098901098901099,0.01098901098901099,0.001,1.0791010277017066,5,0,114,450,0.01098901098901099,0.0,False,max_tpr_with_empirical_fpr_le_target,32,True,False,0.7839632391094108,0.8303177020992484,0.7456140350877193,BCP,RF,dp,0.4,7
0.5003084634663582,0.051686909581646345,455,114,0.1076923076923077,0.1076923076923077,0.1,0.14809344359073817,49,11,103,406,0.1076923076923077,0.09649122807017543,True,max_tpr_with_empirical_fpr_le_target,0.002197802197802198,0.002197802197802198,0.01,19.403351764465974,1,0,114,454,0.002197802197802198,0.0,True,max_tpr_with_empirical_fpr_le_target,0.002197802197802198,0.002197802197802198,0.001,19.403351764465974,1,0,114,454,0.002197802197802198,0.0,False,max_tpr_with_empirical_fpr_le_target,32,True,False,1.1238150407193446,1.0626167259819848,0.7456140350877193,BCP,RF,dp,0.4,8
0.5068247541931752,0.08241758241758246,455,114,0.07472527472527472,0.07472527472527472,0.1,0.9096585929851564,34,11,103,421,0.07472527472527472,0.09649122807017543,True,max_tpr_with_empirical_fpr_le_target,0.004395604395604396,0.004395604395604396,0.01,38.41409153955715,2,1,113,453,0.004395604395604396,0.008771929824561403,True,max_tpr_with_empirical_fpr_le_target,0.0,0.0,0.001,inf,0,0,114,455,0.0,0.0,False,max_tpr_with_empirical_fpr_le_target,32,True,False,0.6997774299643545,0.6424341969097093,0.7456140350877193,BCP,RF,dp,0.4,9
0.4770194717563139,0.05384615384615388,455,114,0.07032967032967033,0.07032967032967033,0.1,0.6337307634773901,32,11,103,423,0.07032967032967033,0.09649122807017543,True,max_tpr_with_empirical_fpr_le_target,0.006593406593406593,0.006593406593406593,0.01,22.802531556282304,3,0,114,452,0.006593406593406593,0.0,True,max_tpr_with_empirical_fpr_le_target,0.006593406593406593,0.006593406593406593,0.001,22.802531556282304,3,0,114,452,0.006593406593406593,0.0,False,max_tpr_with_empirical_fpr_le_target,32,True,False,0.782851051763156,0.7428708377527513,0.7456140350877193,BCP,RF,dp,0.4,10
0.5138037401195297,0.05259302101407359,455,114,0.0989010989010989,0.0989010989010989,0.1,0.259717759626116,45,11,103,410,0.0989010989010989,0.09649122807017543,True,max_tpr_with_empirical_fpr_le_target,0.03076923076923077,0.03076923076923077,0.01,0.49248746047417913,14,1,113,441,0.03076923076923077,0.008771929824561403,True,max_tpr_with_empirical_fpr_le_target,0.024175824175824177,0.024175824175824177,0.001,0.5492854362196795,11,0,114,444,0.024175824175824177,0.0,False,max_tpr_with_empirical_fpr_le_target,32,True,False,0.7617748538954652,0.8883523263491545,0.7456140350877193,BCP,RF,dp,0.4,11
0.49693464430306533,0.07397339502602651,455,114,0.12087912087912088,0.12087912087912088,0.1,0.2640218801296348,55,11,103,400,0.12087912087912088,0.09649122807017543,True,max_tpr_with_empirical_fpr_le_target,0.0,0.0,0.01,2.1961717470873143,0,1,113,455,0.0,0.008771929824561403,True,max_tpr_with_empirical_fpr_le_target,0.0,0.0,0.001,inf,0,0,114,455,0.0,0.0,False,max_tpr_with_empirical_fpr_le_target,32,True,False,0.5883990648230097,0.6506016760700764,0.7456140350877193,BCP,RF,dp,0.4,12
0.5019664545980336,0.04680933101985735,455,114,0.08791208791208792,0.08791208791208792,0.1,0.1688992219772254,40,10,104,415,0.08791208791208792,0.08771929824561403,True,max_tpr_with_empirical_fpr_le_target,0.008791208791208791,0.008791208791208791,0.01,5.005642116613295,4,0,114,451,0.008791208791208791,0.0,True,max_tpr_with_empirical_fpr_le_target,0.008791208791208791,0.008791208791208791,0.001,5.005642116613295,4,0,114,451,0.008791208791208791,0.0,False,max_tpr_with_empirical_fpr_le_target,32,True,False,1.6504847490635453,1.6486899792887246,0.7456140350877193,BCP,RF,dp,0.4,13
0.474339695392327,0.019934451513398885,455,114,0.11208791208791209,0.11208791208791209,0.1,0.19433301749953424,51,11,103,404,0.11208791208791209,0.09649122807017543,True,max_tpr_with_empirical_fpr_le_target,0.008791208791208791,0.008791208791208791,0.01,3.161128675861505,4,1,113,451,0.008791208791208791,0.008771929824561403,True,max_tpr_with_empirical_fpr_le_target,0.002197802197802198,0.002197802197802198,0.001,11.389344178343393,1,0,114,454,0.002197802197802198,0.0,False,max_tpr_with_empirical_fpr_le_target,32,True,False,0.9227529787972056,0.9332221249779798,0.7456140350877193,BCP,RF,dp,0.4,14
0.5040485829959513,0.07397339502602651,455,114,0.0967032967032967,0.0967032967032967,0.1,0.4096983910974257,44,11,103,411,0.0967032967032967,0.09649122807017543,True,max_tpr_with_empirical_fpr_le_target,0.01098901098901099,0.01098901098901099,0.01,29.67698983835092,5,1,113,450,0.01098901098901099,0.008771929824561403,True,max_tpr_with_empirical_fpr_le_target,0.002197802197802198,0.002197802197802198,0.001,34.606218273436305,1,0,114,454,0.002197802197802198,0.0,False,max_tpr_with_empirical_fpr_le_target,32,True,False,1.051959015726778,0.892447816324238,0.7456140350877193,BCP,RF,dp,0.4,15
0.4843262001156738,0.015346057451320672,455,114,0.07912087912087912,0.07912087912087912,0.1,0.22343367959878102,36,11,103,419,0.07912087912087912,0.09649122807017543,True,max_tpr_with_empirical_fpr_le_target,0.008791208791208791,0.008791208791208791,0.01,12.695288546160107,4,0,114,451,0.008791208791208791,0.0,True,max_tpr_with_empirical_fpr_le_target,0.008791208791208791,0.008791208791208791,0.001,12.695288546160107,4,0,114,451,0.008791208791208791,0.0,False,max_tpr_with_empirical_fpr_le_target,32,True,False,1.2216896479479746,1.1554611795777734,0.7456140350877193,BCP,RF,dp,0.4,16
0.5372084056294582,0.11056487372276846,455,114,0.15384615384615385,0.15384615384615385,0.1,0.14978484328337438,70,11,103,385,0.15384615384615385,0.09649122807017543,True,max_tpr_with_empirical_fpr_le_target,0.004395604395604396,0.004395604395604396,0.01,3.466815086576247,2,0,114,453,0.004395604395604396,0.0,True,max_tpr_with_empirical_fpr_le_target,0.004395604395604396,0.004395604395604396,0.001,3.466815086576247,2,0,114,453,0.004395604395604396,0.0,False,max_tpr_with_empirical_fpr_le_target,32,True,False,1.2428881164327163,1.3035583210726205,0.7456140350877193,BCP,RF,dp,0.4,17
0.48315018315018315,0.0315018315018315,455,114,0.06593406593406594,0.06593406593406594,0.1,0.5431320311487804,30,11,103,425,0.06593406593406594,0.09649122807017543,True,max_tpr_with_empirical_fpr_le_target,0.013186813186813187,0.013186813186813187,0.01,16.058299756601087,6,1,113,449,0.013186813186813187,0.008771929824561403,True,max_tpr_with_empirical_fpr_le_target,0.006593406593406593,0.006593406593406593,0.001,18.89127870547385,3,0,114,452,0.006593406593406593,0.0,False,max_tpr_with_empirical_fpr_le_target,32,True,False,0.9226819425570206,0.8604268971638135,0.7456140350877193,BCP,RF,dp,0.4,18
0.49797570850202433,0.043030653556969334,455,114,0.1076923076923077,0.1076923076923077,0.1,0.22660353927803611,49,11,103,406,0.1076923076923077,0.09649122807017543,True,max_tpr_with_empirical_fpr_le_target,0.026373626373626374,0.026373626373626374,0.01,0.513656120393856,12,1,113,443,0.026373626373626374,0.008771929824561403,True,max_tpr_with_empirical_fpr_le_target,0.017582417582417582,0.017582417582417582,0.001,0.6066215603899308,8,0,114,447,0.017582417582417582,0.0,False,max_tpr_with_empirical_fpr_le_target,32,True,False,0.7242136948804949,0.8350022595966832,0.7456140350877193,BCP,RF,dp,0.4,19
0.4679005205320995,0.059090032774243295,455,114,0.06373626373626373,0.06373626373626373,0.1,0.43937972791960345,29,10,104,426,0.06373626373626373,0.08771929824561403,True,max_tpr_with_empirical_fpr_le_target,0.004395604395604396,0.004395604395604396,0.01,1.7954808909388014,2,1,113,453,0.004395604395604396,0.008771929824561403,True,max_tpr_with_empirical_fpr_le_target,0.0,0.0,0.001,inf,0,0,114,455,0.0,0.0,False,max_tpr_with_empirical_fpr_le_target,32,True,False,0.5504466256310022,0.6206343263381178,0.7456140350877193,BCP,RF,dp,0.4,20
0.46163485637169843,0.012955465587044523,455,114,0.08571428571428572,0.08571428571428572,0.1,1.153840663255881,39,11,103,416,0.08571428571428572,0.09649122807017543,True,max_tpr_with_empirical_fpr_le_target,0.002197802197802198,0.002197802197802198,0.01,66.97261421094481,1,0,114,454,0.002197802197802198,0.0,True,max_tpr_with_empirical_fpr_le_target,0.002197802197802198,0.002197802197802198,0.001,66.97261421094481,1,0,114,454,0.002197802197802198,0.0,False,max_tpr_with_empirical_fpr_le_target,32,True,False,0.5768399000502328,0.548503937881578,0.7456140350877193,BCP,RF,dp,0.4,21
0.47939078465394247,0.04775400038557931,455,114,0.08351648351648351,0.08351648351648351,0.1,0.37676589287534856,38,10,104,417,0.08351648351648351,0.08771929824561403,True,max_tpr_with_empirical_fpr_le_target,0.002197802197802198,0.002197802197802198,0.01,16.716560977652705,1,1,113,454,0.002197802197802198,0.008771929824561403,True,max_tpr_with_empirical_fpr_le_target,0.0,0.0,0.001,inf,0,0,114,455,0.0,0.0,False,max_tpr_with_empirical_fpr_le_target,32,True,False,0.6564666675845744,0.666117307802956,0.7456140350877193,BCP,RF,dp,0.4,22
0.4787931366878735,0.028417196838249503,455,114,0.1010989010989011,0.1010989010989011,0.1,0.5662400079588026,46,11,103,409,0.1010989010989011,0.09649122807017543,True,max_tpr_with_empirical_fpr_le_target,0.006593406593406593,0.006593406593406593,0.01,24.46326446528451,3,1,113,452,0.006593406593406593,0.008771929824561403,True,max_tpr_with_empirical_fpr_le_target,0.0,0.0,0.001,inf,0,0,114,455,0.0,0.0,False,max_tpr_with_empirical_fpr_le_target,32,True,False,0.7372629957772596,0.7017617475292618,0.7456140350877193,BCP,RF,dp,0.4,23
0.5069789859263544,0.06416040100250625,455,114,0.13406593406593406,0.13406593406593406,0.1,0.19682402546933853,61,11,103,394,0.13406593406593406,0.09649122807017543,True,max_tpr_with_empirical_fpr_le_target,0.0,0.0,0.01,22.121757137552123,0,1,113,455,0.0,0.008771929824561403,True,max_tpr_with_empirical_fpr_le_target,0.0,0.0,0.001,inf,0,0,114,455,0.0,0.0,False,max_tpr_with_empirical_fpr_le_target,32,True,False,0.8174809634937049,0.8093057636572878,0.7456140350877193,BCP,RF,dp,0.4,24
0.4696934644303066,0.04696356275303648,455,114,0.07912087912087912,0.07912087912087912,0.1,0.39052314165838586,36,11,103,419,0.07912087912087912,0.09649122807017543,True,max_tpr_with_empirical_fpr_le_target,0.01098901098901099,0.01098901098901099,0.01,12.834047553383101,5,1,113,450,0.01098901098901099,0.008771929824561403,True,max_tpr_with_empirical_fpr_le_target,0.006593406593406593,0.006593406593406593,0.001,13.01970828691617,3,0,114,452,0.006593406593406593,0.0,False,max_tpr_with_empirical_fpr_le_target,32,True,False,0.9692201288550023,0.9151809205368284,0.7456140350877193,BCP,RF,dp,0.4,25
0.5095045305571622,0.06547137073452858,455,114,0.05934065934065934,0.05934065934065934,0.1,0.3229353826093958,27,11,103,428,0.05934065934065934,0.09649122807017543,True,max_tpr_with_empirical_fpr_le_target,0.02197802197802198,0.02197802197802198,0.01,0.82526497286187,10,1,113,445,0.02197802197802198,0.008771929824561403,True,max_tpr_with_empirical_fpr_le_target,0.004395604395604396,0.004395604395604396,0.001,6.479634340845962,2,0,114,453,0.004395604395604396,0.0,False,max_tpr_with_empirical_fpr_le_target,32,True,False,0.8181241174878002,0.8699634473953798,0.7456140350877193,BCP,RF,dp,0.4,26
0.47277809909388857,0.05506072874493928,455,114,0.10989010989010989,0.10989010989010989,0.1,0.13430649165597952,50,11,103,405,0.10989010989010989,0.09649122807017543,True,max_tpr_with_empirical_fpr_le_target,0.006593406593406593,0.006593406593406593,0.01,8.584875800944566,3,1,113,452,0.006593406593406593,0.008771929824561403,True,max_tpr_with_empirical_fpr_le_target,0.004395604395604396,0.004395604395604396,0.001,10.777662641648199,2,0,114,453,0.004395604395604396,0.0,False,max_tpr_with_empirical_fpr_le_target,32,True,False,1.193775903131647,1.1939743534233818,0.7456140350877193,BCP,RF,dp,0.4,27
0.505668016194332,0.08611914401388085,455,114,0.0945054945054945,0.0945054945054945,0.1,1.1629505160521512,43,11,103,412,0.0945054945054945,0.09649122807017543,True,max_tpr_with_empirical_fpr_le_target,0.002197802197802198,0.002197802197802198,0.01,82.32500961831147,1,0,114,454,0.002197802197802198,0.0,True,max_tpr_with_empirical_fpr_le_target,0.002197802197802198,0.002197802197802198,0.001,82.32500961831147,1,0,114,454,0.002197802197802198,0.0,False,max_tpr_with_empirical_fpr_le_target,32,True,False,0.606131800315669,0.536638117539805,0.7456140350877193,BCP,RF,dp,0.4,28
0.5574705995758628,0.16167341430499327,455,114,0.05714285714285714,0.05714285714285714,0.1,0.9786165426934303,26,10,104,429,0.05714285714285714,0.08771929824561403,True,max_tpr_with_empirical_fpr_le_target,0.02197802197802198,0.02197802197802198,0.01,17.26984967742942,10,1,113,445,0.02197802197802198,0.008771929824561403,True,max_tpr_with_empirical_fpr_le_target,0.008791208791208791,0.008791208791208791,0.001,22.10568404809071,4,0,114,451,0.008791208791208791,0.0,False,max_tpr_with_empirical_fpr_le_target,32,True,False,0.8410678551394247,0.7862850203394864,0.7456140350877193,BCP,RF,dp,0.4,29
0.5050510892616156,0.041488336225178335,455,114,0.10329670329670329,0.10329670329670329,0.1,0.14298104903348796,47,11,103,408,0.10329670329670329,0.09649122807017543,True,max_tpr_with_empirical_fpr_le_target,0.03296703296703297,0.03296703296703297,0.01,1.5278003900857229,15,0,114,440,0.03296703296703297,0.0,True,max_tpr_with_empirical_fpr_le_target,0.03296703296703297,0.03296703296703297,0.001,1.5278003900857229,15,0,114,440,0.03296703296703297,0.0,False,max_tpr_with_empirical_fpr_le_target,32,True,False,1.655607793830563,1.6790811330168962,0.7456140350877193,BCP,RF,dp,0.8,0
0.4833622517833045,0.027568922305764354,455,114,0.08351648351648351,0.08351648351648351,0.1,2.4669209841808275,38,11,103,417,0.08351648351648351,0.09649122807017543,True,max_tpr_with_empirical_fpr_le_target,0.026373626373626374,0.026373626373626374,0.01,13.581157391539158,12,0,114,443,0.026373626373626374,0.0,True,max_tpr_with_empirical_fpr_le_target,0.026373626373626374,0.026373626373626374,0.001,13.581157391539158,12,0,114,443,0.026373626373626374,0.0,False,max_tpr_with_empirical_fpr_le_target,32,True,False,1.4038701186051084,1.2438217253924018,0.7456140350877193,BCP,RF,dp,0.8,1
0.44534412955465585,0.015596684017736659,455,114,0.11208791208791209,0.11208791208791209,0.1,0.3343516276657561,51,11,103,404,0.11208791208791209,0.09649122807017543,True,max_tpr_with_empirical_fpr_le_target,0.01978021978021978,0.01978021978021978,0.01,9.850431472386227,9,1,113,446,0.01978021978021978,0.008771929824561403,True,max_tpr_with_empirical_fpr_le_target,0.002197802197802198,0.002197802197802198,0.001,19.762741610767648,1,0,114,454,0.002197802197802198,0.0,False,max_tpr_with_empirical_fpr_le_target,32,True,False,1.1333504079880112,1.0952013682842132,0.7456140350877193,BCP,RF,dp,0.8,2
0.5095816464237517,0.06015037593984962,455,114,0.14945054945054945,0.14945054945054945,0.1,0.09802217203515906,68,11,103,387,0.14945054945054945,0.09649122807017543,True,max_tpr_with_empirical_fpr_le_target,0.008791208791208791,0.008791208791208791,0.01,8.212624839149552,4,1,113,451,0.008791208791208791,0.008771929824561403,True,max_tpr_with_empirical_fpr_le_target,0.0,0.0,0.001,inf,0,0,114,455,0.0,0.0,False,max_tpr_with_empirical_fpr_le_target,32,True,False,1.592964633697294,1.5424494748862152,0.7456140350877193,BCP,RF,dp,0.8,3
0.48770001927896667,0.034894929631771765,455,114,0.08791208791208792,0.08791208791208792,0.1,0.35845691496373155,40,8,106,415,0.08791208791208792,0.07017543859649122,True,max_tpr_with_empirical_fpr_le_target,0.017582417582417582,0.017582417582417582,0.01,8.003989356607768,8,0,114,447,0.017582417582417582,0.0,True,max_tpr_with_empirical_fpr_le_target,0.017582417582417582,0.017582417582417582,0.001,8.003989356607768,8,0,114,447,0.017582417582417582,0.0,False,max_tpr_with_empirical_fpr_le_target,32,True,False,1.622472745211779,1.5232367728342506,0.7456140350877193,BCP,RF,dp,0.8,4
0.5245614035087719,0.1235010603431656,455,114,0.13626373626373625,0.13626373626373625,0.1,0.11299994351938203,62,10,104,393,0.13626373626373625,0.08771929824561403,True,max_tpr_with_empirical_fpr_le_target,0.013186813186813187,0.013186813186813187,0.01,2.972475050431459,6,1,113,449,0.013186813186813187,0.008771929824561403,True,max_tpr_with_empirical_fpr_le_target,0.0,0.0,0.001,inf,0,0,114,455,0.0,0.0,False,max_tpr_with_empirical_fpr_le_target,32,True,False,1.474551570164074,1.4911304580868059,0.7456140350877193,BCP,RF,dp,0.8,5
0.4619433198380567,0.035704646230962034,455,114,0.0989010989010989,0.0989010989010989,0.1,0.15309555575879497,45,11,103,410,0.0989010989010989,0.09649122807017543,True,max_tpr_with_empirical_fpr_le_target,0.004395604395604396,0.004395604395604396,0.01,3.577545758056658,2,1,113,453,0.004395604395604396,0.008771929824561403,True,max_tpr_with_empirical_fpr_le_target,0.0,0.0,0.001,inf,0,0,114,455,0.0,0.0,False,max_tpr_with_empirical_fpr_le_target,32,True,False,1.5752069335564824,1.7087378843141672,0.7456140350877193,BCP,RF,dp,0.8,6
0.5085020242914979,0.049469828417196826,455,114,0.07472527472527472,0.07472527472527472,0.1,0.19258911352879493,34,9,105,421,0.07472527472527472,0.07894736842105263,True,max_tpr_with_empirical_fpr_le_target,0.004395604395604396,0.004395604395604396,0.01,5.677775315504512,2,1,113,453,0.004395604395604396,0.008771929824561403,True,max_tpr_with_empirical_fpr_le_target,0.0,0.0,0.001,inf,0,0,114,455,0.0,0.0,False,max_tpr_with_empirical_fpr_le_target,32,True,False,1.7874094779244174,1.7930389055577425,0.7456140350877193,BCP,RF,dp,0.8,7
0.5134952766531714,0.0754193175245807,455,114,0.11868131868131868,0.11868131868131868,0.1,0.1193847500170615,54,11,103,401,0.11868131868131868,0.09649122807017543,True,max_tpr_with_empirical_fpr_le_target,0.0,0.0,0.01,14.735123990485778,0,1,113,455,0.0,0.008771929824561403,True,max_tpr_with_empirical_fpr_le_target,0.0,0.0,0.001,inf,0,0,114,455,0.0,0.0,False,max_tpr_with_empirical_fpr_le_target,32,True,False,1.4547023319111667,1.4529181462312917,0.7456140350877193,BCP,RF,dp,0.8,8
0.46283015230383656,0.011972238288027737,455,114,0.07692307692307693,0.07692307692307693,0.1,0.3778089265693254,35,11,103,420,0.07692307692307693,0.09649122807017543,True,max_tpr_with_empirical_fpr_le_target,0.004395604395604396,0.004395604395604396,0.01,10.375919406218404,2,0,114,453,0.004395604395604396,0.0,True,max_tpr_with_empirical_fpr_le_target,0.004395604395604396,0.004395604395604396,0.001,10.375919406218404,2,0,114,453,0.004395604395604396,0.0,False,max_tpr_with_empirical_fpr_le_target,32,True,False,1.6291124319868275,1.5177595049591737,0.7456140350877193,BCP,RF,dp,0.8,9
0.5223828802776171,0.07985347985347985,455,114,0.14725274725274726,0.14725274725274726,0.1,0.1012576494867028,67,11,103,388,0.14725274725274726,0.09649122807017543,True,max_tpr_with_empirical_fpr_le_target,0.01098901098901099,0.01098901098901099,0.01,4.111514888587404,5,1,113,450,0.01098901098901099,0.008771929824561403,True,max_tpr_with_empirical_fpr_le_target,0.0,0.0,0.001,inf,0,0,114,455,0.0,0.0,False,max_tpr_with_empirical_fpr_le_target,32,True,False,1.698824928756594,1.6745451152396975,0.7456140350877193,BCP,RF,dp,0.8,10
0.49699248120300754,0.07144785039521884,455,114,0.07472527472527472,0.07472527472527472,0.1,0.589141815690329,34,11,103,421,0.07472527472527472,0.09649122807017543,True,max_tpr_with_empirical_fpr_le_target,0.02857142857142857,0.02857142857142857,0.01,6.523884105573551,13,1,113,442,0.02857142857142857,0.008771929824561403,True,max_tpr_with_empirical_fpr_le_target,0.017582417582417582,0.017582417582417582,0.001,8.561573944444483,8,0,114,447,0.017582417582417582,0.0,False,max_tpr_with_empirical_fpr_le_target,32,True,False,1.708281850534431,1.5707961463133404,0.7456140350877193,BCP,RF,dp,0.8,11
0.503335261229998,0.062078272604588425,455,114,0.09010989010989011,0.09010989010989011,0.1,0.20151442917341966,41,11,103,414,0.09010989010989011,0.09649122807017543,True,max_tpr_with_empirical_fpr_le_target,0.02857142857142857,0.02857142857142857,0.01,4.323393891490614,13,1,113,442,0.02857142857142857,0.008771929824561403,True,max_tpr_with_empirical_fpr_le_target,0.006593406593406593,0.006593406593406593,0.001,9.464847311574164,3,0,114,452,0.006593406593406593,0.0,False,max_tpr_with_empirical_fpr_le_target,32,True,False,1.7246084045860086,1.6779751586572327,0.7456140350877193,BCP,RF,dp,0.8,12
0.48866396761133607,0.05791401580875266,455,114,0.07472527472527472,0.07472527472527472,0.1,0.2646860142481495,34,11,103,421,0.07472527472527472,0.09649122807017543,True,max_tpr_with_empirical_fpr_le_target,0.02197802197802198,0.02197802197802198,0.01,3.164652993412,10,1,113,445,0.02197802197802198,0.008771929824561403,True,max_tpr_with_empirical_fpr_le_target,0.013186813186813187,0.013186813186813187,0.001,4.080573940202973,6,0,114,449,0.013186813186813187,0.0,False,max_tpr_with_empirical_fpr_le_target,32,True,False,2.415086207814632,2.3910870965856463,0.7456140350877193,BCP,RF,dp,0.8,13
0.5137844611528822,0.09556583767110077,455,114,0.08571428571428572,0.08571428571428572,0.1,0.5168069149120615,39,11,103,416,0.08571428571428572,0.09649122807017543,True,max_tpr_with_empirical_fpr_le_target,0.008791208791208791,0.008791208791208791,0.01,11.901245572916473,4,0,114,451,0.008791208791208791,0.0,True,max_tpr_with_empirical_fpr_le_target,0.008791208791208791,0.008791208791208791,0.001,11.901245572916473,4,0,114,451,0.008791208791208791,0.0,False,max_tpr_with_empirical_fpr_le_target,32,True,False,1.469998731040615,1.391721251924396,0.7456140350877193,BCP,RF,dp,0.8,14
0.49115095430884903,0.046925004819741656,455,114,0.06813186813186813,0.06813186813186813,0.1,0.9003127066607988,31,11,103,424,0.06813186813186813,0.09649122807017543,True,max_tpr_with_empirical_fpr_le_target,0.002197802197802198,0.002197802197802198,0.01,8.63645480405247,1,1,113,454,0.002197802197802198,0.008771929824561403,True,max_tpr_with_empirical_fpr_le_target,0.0,0.0,0.001,inf,0,0,114,455,0.0,0.0,False,max_tpr_with_empirical_fpr_le_target,32,True,False,1.697430890389097,1.605992585123498,0.7456140350877193,BCP,RF,dp,0.8,15
0.505070368228263,0.07551571235781762,455,114,0.1010989010989011,0.1010989010989011,0.1,0.11933398245070981,46,11,103,409,0.1010989010989011,0.09649122807017543,True,max_tpr_with_empirical_fpr_le_target,0.017582417582417582,0.017582417582417582,0.01,1.800212296892603,8,1,113,447,0.017582417582417582,0.008771929824561403,True,max_tpr_with_empirical_fpr_le_target,0.01098901098901099,0.01098901098901099,0.001,2.993395153844924,5,0,114,450,0.01098901098901099,0.0,False,max_tpr_with_empirical_fpr_le_target,32,True,False,2.0250983350325797,2.0823392574270128,0.7456140350877193,BCP,RF,dp,0.8,16
0.49201850780798145,0.049084249084249076,455,114,0.11428571428571428,0.11428571428571428,0.1,0.1228051813439679,52,10,104,403,0.11428571428571428,0.08771929824561403,True,max_tpr_with_empirical_fpr_le_target,0.004395604395604396,0.004395604395604396,0.01,5.867363468127827,2,1,113,453,0.004395604395604396,0.008771929824561403,True,max_tpr_with_empirical_fpr_le_target,0.0,0.0,0.001,inf,0,0,114,455,0.0,0.0,False,max_tpr_with_empirical_fpr_le_target,32,True,False,1.5987981499574568,1.6002644427314208,0.7456140350877193,BCP,RF,dp,0.8,17
0.4666281087333719,0.046192404087140926,455,114,0.10329670329670329,0.10329670329670329,0.1,0.3689716578246196,47,11,103,408,0.10329670329670329,0.09649122807017543,True,max_tpr_with_empirical_fpr_le_target,0.026373626373626374,0.026373626373626374,0.01,9.317236741840198,12,1,113,443,0.026373626373626374,0.008771929824561403,True,max_tpr_with_empirical_fpr_le_target,0.015384615384615385,0.015384615384615385,0.001,10.472427289283196,7,0,114,448,0.015384615384615385,0.0,False,max_tpr_with_empirical_fpr_le_target,32,True,False,1.2348789335427184,1.1593460878773996,0.7456140350877193,BCP,RF,dp,0.8,18
0.5511085405822248,0.11068054752265277,455,114,0.14725274725274726,0.14725274725274726,0.1,0.16164863805965002,67,11,103,388,0.14725274725274726,0.09649122807017543,True,max_tpr_with_empirical_fpr_le_target,0.01098901098901099,0.01098901098901099,0.01,10.19193704334868,5,1,113,450,0.01098901098901099,0.008771929824561403,True,max_tpr_with_empirical_fpr_le_target,0.008791208791208791,0.008791208791208791,0.001,12.390123969849682,4,0,114,451,0.008791208791208791,0.0,False,max_tpr_with_empirical_fpr_le_target,32,True,False,1.1766958440330089,1.1464715100353515,0.7456140350877193,BCP,RF,dp,0.8,19
0.49510314247156356,0.06032388663967608,455,114,0.09010989010989011,0.09010989010989011,0.1,0.17683630828966623,41,11,103,414,0.09010989010989011,0.09649122807017543,True,max_tpr_with_empirical_fpr_le_target,0.026373626373626374,0.026373626373626374,0.01,4.091178961449923,12,1,113,443,0.026373626373626374,0.008771929824561403,True,max_tpr_with_empirical_fpr_le_target,0.017582417582417582,0.017582417582417582,0.001,6.433500362240689,8,0,114,447,0.017582417582417582,0.0,False,max_tpr_with_empirical_fpr_le_target,32,True,False,1.5895983739287989,1.5906805251849807,0.7456140350877193,BCP,RF,dp,0.8,20
0.4984769616348564,0.054694428378638915,455,114,0.12087912087912088,0.12087912087912088,0.1,0.13290297961527475,55,11,103,400,0.12087912087912088,0.09649122807017543,True,max_tpr_with_empirical_fpr_le_target,0.006593406593406593,0.006593406593406593,0.01,9.99825584740935,3,0,114,452,0.006593406593406593,0.0,True,max_tpr_with_empirical_fpr_le_target,0.006593406593406593,0.006593406593406593,0.001,9.99825584740935,3,0,114,452,0.006593406593406593,0.0,False,max_tpr_with_empirical_fpr_le_target,32,True,False,1.5919094030723804,1.5281743109435588,0.7456140350877193,BCP,RF,dp,0.8,21
0.5017736649315596,0.08669751301330247,455,114,0.07472527472527472,0.07472527472527472,0.1,0.16623825201451337,34,11,103,421,0.07472527472527472,0.09649122807017543,True,max_tpr_with_empirical_fpr_le_target,0.004395604395604396,0.004395604395604396,0.01,6.174245170034336,2,1,113,453,0.004395604395604396,0.008771929824561403,True,max_tpr_with_empirical_fpr_le_target,0.002197802197802198,0.002197802197802198,0.001,6.825789606921269,1,0,114,454,0.002197802197802198,0.0,False,max_tpr_with_empirical_fpr_le_target,32,True,False,1.406680730151578,1.444710510289975,0.7456140350877193,BCP,RF,dp,0.8,22
0.5449199922884134,0.10844418739155581,455,114,0.16703296703296702,0.16703296703296702,0.1,0.07237599367465175,76,11,103,379,0.16703296703296702,0.09649122807017543,True,max_tpr_with_empirical_fpr_le_target,0.008791208791208791,0.008791208791208791,0.01,7.393462954324942,4,1,113,451,0.008791208791208791,0.008771929824561403,True,max_tpr_with_empirical_fpr_le_target,0.004395604395604396,0.004395604395604396,0.001,10.136907074731383,2,0,114,453,0.004395604395604396,0.0,False,max_tpr_with_empirical_fpr_le_target,32,True,False,1.6481981145046753,1.5894508894998387,0.7456140350877193,BCP,RF,dp,0.8,23
0.5267784846732216,0.08397917871602084,455,114,0.14945054945054945,0.14945054945054945,0.1,0.11852902574111068,68,11,103,387,0.14945054945054945,0.09649122807017543,True,max_tpr_with_empirical_fpr_le_target,0.006593406593406593,0.006593406593406593,0.01,4.31809077199231,3,1,113,452,0.006593406593406593,0.008771929824561403,True,max_tpr_with_empirical_fpr_le_target,0.0,0.0,0.001,inf,0,0,114,455,0.0,0.0,False,max_tpr_with_empirical_fpr_le_target,32,True,False,1.2179461179234108,1.2630710041146327,0.7456140350877193,BCP,RF,dp,0.8,24
0.5430692114902642,0.10616926932716403,455,114,0.16043956043956045,0.16043956043956045,0.1,0.09187910126581933,73,10,104,382,0.16043956043956045,0.08771929824561403,True,max_tpr_with_empirical_fpr_le_target,0.01978021978021978,0.01978021978021978,0.01,2.3674774251269817,9,1,113,446,0.01978021978021978,0.008771929824561403,True,max_tpr_with_empirical_fpr_le_target,0.0,0.0,0.001,inf,0,0,114,455,0.0,0.0,False,max_tpr_with_empirical_fpr_le_target,32,True,False,2.225530692210716,2.2615882441298916,0.7456140350877193,BCP,RF,dp,0.8,25
0.5424522845575478,0.10030846346635824,455,114,0.08351648351648351,0.08351648351648351,0.1,0.15223784128492945,38,10,104,417,0.08351648351648351,0.08771929824561403,True,max_tpr_with_empirical_fpr_le_target,0.002197802197802198,0.002197802197802198,0.01,7.245926456789894,1,1,113,454,0.002197802197802198,0.008771929824561403,True,max_tpr_with_empirical_fpr_le_target,0.0,0.0,0.001,inf,0,0,114,455,0.0,0.0,False,max_tpr_with_empirical_fpr_le_target,32,True,False,2.0156525438386566,1.923978349322017,0.7456140350877193,BCP,RF,dp,0.8,26
0.5087333718912666,0.09523809523809523,455,114,0.1054945054945055,0.1054945054945055,0.1,0.15714589145639946,48,11,103,407,0.1054945054945055,0.09649122807017543,True,max_tpr_with_empirical_fpr_le_target,0.006593406593406593,0.006593406593406593,0.01,7.1086124923469605,3,1,113,452,0.006593406593406593,0.008771929824561403,True,max_tpr_with_empirical_fpr_le_target,0.002197802197802198,0.002197802197802198,0.001,9.83607451641647,1,0,114,454,0.002197802197802198,0.0,False,max_tpr_with_empirical_fpr_le_target,32,True,False,1.6087791800823281,1.6195133047196062,0.7456140350877193,BCP,RF,dp,0.8,27
0.501638712165028,0.04667437825332563,455,114,0.11868131868131868,0.11868131868131868,0.1,0.2273086494991996,54,11,103,401,0.11868131868131868,0.09649122807017543,True,max_tpr_with_empirical_fpr_le_target,0.017582417582417582,0.017582417582417582,0.01,9.126849532067112,8,1,113,447,0.017582417582417582,0.008771929824561403,True,max_tpr_with_empirical_fpr_le_target,0.013186813186813187,0.013186813186813187,0.001,10.674176909006391,6,0,114,449,0.013186813186813187,0.0,False,max_tpr_with_empirical_fpr_le_target,32,True,False,1.060830370042651,1.0501356133222859,0.7456140350877193,BCP,RF,dp,0.8,28
0.5585502217081164,0.11501831501831505,455,114,0.189010989010989,0.189010989010989,0.1,0.07032287498760148,86,11,103,369,0.189010989010989,0.09649122807017543,True,max_tpr_with_empirical_fpr_le_target,0.015384615384615385,0.015384615384615385,0.01,5.5571397637124775,7,1,113,448,0.015384615384615385,0.008771929824561403,True,max_tpr_with_empirical_fpr_le_target,0.013186813186813187,0.013186813186813187,0.001,5.936768988830721,6,0,114,449,0.013186813186813187,0.0,False,max_tpr_with_empirical_fpr_le_target,32,True,False,1.2760542121721732,1.2847795475485706,0.7456140350877193,BCP,RF,dp,0.8,29
0.46051667630615,0.026643531906689805,455,114,0.08791208791208792,0.08791208791208792,0.1,0.21480929302389384,40,11,103,415,0.08791208791208792,0.09649122807017543,True,max_tpr_with_empirical_fpr_le_target,0.008791208791208791,0.008791208791208791,0.01,5.188018012611813,4,1,113,451,0.008791208791208791,0.008771929824561403,True,max_tpr_with_empirical_fpr_le_target,0.006593406593406593,0.006593406593406593,0.001,5.930428795188487,3,0,114,452,0.006593406593406593,0.0,False,max_tpr_with_empirical_fpr_le_target,32,True,False,1.8529842700782222,1.8456153916234983,0.7456140350877193,BCP,RF,dp,1.0,0
0.46689801426643535,0.017466743782533323,455,114,0.0967032967032967,0.0967032967032967,0.1,0.47186121287200566,44,11,103,411,0.0967032967032967,0.09649122807017543,True,max_tpr_with_empirical_fpr_le_target,0.013186813186813187,0.013186813186813187,0.01,6.966588273037615,6,1,113,449,0.013186813186813187,0.008771929824561403,True,max_tpr_with_empirical_fpr_le_target,0.01098901098901099,0.01098901098901099,0.001,8.224093027782768,5,0,114,450,0.01098901098901099,0.0,False,max_tpr_with_empirical_fpr_le_target,32,True,False,1.689099292544751,1.615509432933393,0.7456140350877193,BCP,RF,dp,1.0,1
0.4866011181800656,0.053691922112974744,455,114,0.1054945054945055,0.1054945054945055,0.1,0.2984948740003317,48,11,103,407,0.1054945054945055,0.09649122807017543,True,max_tpr_with_empirical_fpr_le_target,0.01978021978021978,0.01978021978021978,0.01,7.8381850242947415,9,1,113,446,0.01978021978021978,0.008771929824561403,True,max_tpr_with_empirical_fpr_le_target,0.017582417582417582,0.017582417582417582,0.001,8.282447867130927,8,0,114,447,0.017582417582417582,0.0,False,max_tpr_with_empirical_fpr_le_target,32,True,False,1.515622280093334,1.435534332396891,0.7456140350877193,BCP,RF,dp,1.0,2
0.48962791594370536,0.031039136302294212,455,114,0.10329670329670329,0.10329670329670329,0.1,0.30508567142506093,47,11,103,408,0.10329670329670329,0.09649122807017543,True,max_tpr_with_empirical_fpr_le_target,0.02197802197802198,0.02197802197802198,0.01,5.105875943404698,10,1,113,445,0.02197802197802198,0.008771929824561403,True,max_tpr_with_empirical_fpr_le_target,0.01978021978021978,0.01978021978021978,0.001,5.712155900618043,9,0,114,446,0.01978021978021978,0.0,False,max_tpr_with_empirical_fpr_le_target,32,True,False,1.354887241670724,1.3298269288297897,0.7456140350877193,BCP,RF,dp,1.0,3
0.5276267592057067,0.07405051089261616,455,114,0.10329670329670329,0.10329670329670329,0.1,0.19701051977878326,47,11,103,408,0.10329670329670329,0.09649122807017543,True,max_tpr_with_empirical_fpr_le_target,0.02197802197802198,0.02197802197802198,0.01,4.0955250308387185,10,1,113,445,0.02197802197802198,0.008771929824561403,True,max_tpr_with_empirical_fpr_le_target,0.01098901098901099,0.01098901098901099,0.001,6.098944224650875,5,0,114,450,0.01098901098901099,0.0,False,max_tpr_with_empirical_fpr_le_target,32,True,False,1.9320324756295393,1.8824516327708176,0.7456140350877193,BCP,RF,dp,1.0,4
0.5212454212454212,0.1147291305186042,455,114,0.15164835164835164,0.15164835164835164,0.1,0.09817229270123828,69,11,103,386,0.15164835164835164,0.09649122807017543,True,max_tpr_with_empirical_fpr_le_target,0.03736263736263736,0.03736263736263736,0.01,1.304535536907835,17,1,113,438,0.03736263736263736,0.008771929824561403,True,max_tpr_with_empirical_fpr_le_target,0.0,0.0,0.001,inf,0,0,114,455,0.0,0.0,False,max_tpr_with_empirical_fpr_le_target,32,True,False,1.5441270192519378,1.582565554228719,0.7456140350877193,BCP,RF,dp,1.0,5
0.46157701947175633,0.05307499518025835,455,114,0.09010989010989011,0.09010989010989011,0.1,0.15354268212321887,41,11,103,414,0.09010989010989011,0.09649122807017543,True,max_tpr_with_empirical_fpr_le_target,0.002197802197802198,0.002197802197802198,0.01,7.484866715889293,1,1,113,454,0.002197802197802198,0.008771929824561403,True,max_tpr_with_empirical_fpr_le_target,0.0,0.0,0.001,inf,0,0,114,455,0.0,0.0,False,max_tpr_with_empirical_fpr_le_target,32,True,False,1.6350178125185437,1.6968642716803564,0.7456140350877193,BCP,RF,dp,1.0,6
0.5017158280316175,0.050298823983034535,455,114,0.10329670329670329,0.10329670329670329,0.1,0.14250079429759732,47,11,103,408,0.10329670329670329,0.09649122807017543,True,max_tpr_with_empirical_fpr_le_target,0.01098901098901099,0.01098901098901099,0.01,4.39576760912523,5,1,113,450,0.01098901098901099,0.008771929824561403,True,max_tpr_with_empirical_fpr_le_target,0.0,0.0,0.001,inf,0,0,114,455,0.0,0.0,False,max_tpr_with_empirical_fpr_le_target,32,True,False,1.8837419409208782,1.8407751826541874,0.7456140350877193,BCP,RF,dp,1.0,7
0.4848660111818006,0.027029111239637582,455,114,0.1010989010989011,0.1010989010989011,0.1,0.31354919166414064,46,11,103,409,0.1010989010989011,0.09649122807017543,True,max_tpr_with_empirical_fpr_le_target,0.006593406593406593,0.006593406593406593,0.01,8.57453746185412,3,1,113,452,0.006593406593406593,0.008771929824561403,True,max_tpr_with_empirical_fpr_le_target,0.0,0.0,0.001,inf,0,0,114,455,0.0,0.0,False,max_tpr_with_empirical_fpr_le_target,32,True,False,1.4395408115702295,1.3824816913409548,0.7456140350877193,BCP,RF,dp,1.0,8
0.48455754771544246,0.025159051474840932,455,114,0.10329670329670329,0.10329670329670329,0.1,0.29735641560746595,47,11,103,408,0.10329670329670329,0.09649122807017543,True,max_tpr_with_empirical_fpr_le_target,0.01098901098901099,0.01098901098901099,0.01,6.1452744675801245,5,1,113,450,0.01098901098901099,0.008771929824561403,True,max_tpr_with_empirical_fpr_le_target,0.002197802197802198,0.002197802197802198,0.001,7.711942841003914,1,0,114,454,0.002197802197802198,0.0,False,max_tpr_with_empirical_fpr_le_target,32,True,False,2.0105310594730033,1.9381297907234676,0.7456140350877193,BCP,RF,dp,1.0,9
0.5273568536726432,0.10418353576248313,455,114,0.11208791208791209,0.11208791208791209,0.1,0.2994781666885542,51,11,103,404,0.11208791208791209,0.09649122807017543,True,max_tpr_with_empirical_fpr_le_target,0.017582417582417582,0.017582417582417582,0.01,6.9082129651235,8,1,113,447,0.017582417582417582,0.008771929824561403,True,max_tpr_with_empirical_fpr_le_target,0.01098901098901099,0.01098901098901099,0.001,7.973470985878361,5,0,114,450,0.01098901098901099,0.0,False,max_tpr_with_empirical_fpr_le_target,32,True,False,1.8634262254495346,1.7452547356074515,0.7456140350877193,BCP,RF,dp,1.0,10
0.549277038750723,0.10863697705802966,455,114,0.0989010989010989,0.0989010989010989,0.1,0.7536289641743856,45,11,103,410,0.0989010989010989,0.09649122807017543,True,max_tpr_with_empirical_fpr_le_target,0.02197802197802198,0.02197802197802198,0.01,6.844277025108244,10,1,113,445,0.02197802197802198,0.008771929824561403,True,max_tpr_with_empirical_fpr_le_target,0.01098901098901099,0.01098901098901099,0.001,7.956488519879965,5,0,114,450,0.01098901098901099,0.0,False,max_tpr_with_empirical_fpr_le_target,32,True,False,1.9915230460287816,1.8138294383247833,0.7456140350877193,BCP,RF,dp,1.0,11
0.4559475612107191,0.026508579140158098,455,114,0.1054945054945055,0.1054945054945055,0.1,7.964487693364774,48,11,103,407,0.1054945054945055,0.09649122807017543,True,max_tpr_with_empirical_fpr_le_target,0.0,0.0,0.01,22.032346265742312,0,1,113,455,0.0,0.008771929824561403,True,max_tpr_with_empirical_fpr_le_target,0.0,0.0,0.001,inf,0,0,114,455,0.0,0.0,False,max_tpr_with_empirical_fpr_le_target,32,True,False,1.3437006113509675,1.1837168724151454,0.7456140350877193,BCP,RF,dp,1.0,12
0.4957586273375747,0.047272026219394636,455,114,0.10329670329670329,0.10329670329670329,0.1,0.16938895225543504,47,11,103,408,0.10329670329670329,0.09649122807017543,True,max_tpr_with_empirical_fpr_le_target,0.024175824175824177,0.024175824175824177,0.01,3.2229523392658095,11,1,113,444,0.024175824175824177,0.008771929824561403,True,max_tpr_with_empirical_fpr_le_target,0.0,0.0,0.001,inf,0,0,114,455,0.0,0.0,False,max_tpr_with_empirical_fpr_le_target,32,True,False,2.6025457901843683,2.5121118073622437,0.7456140350877193,BCP,RF,dp,1.0,13
0.5514941199151725,0.13298631193368038,455,114,0.07912087912087912,0.07912087912087912,0.1,6.168369229883254,36,11,103,419,0.07912087912087912,0.09649122807017543,True,max_tpr_with_empirical_fpr_le_target,0.004395604395604396,0.004395604395604396,0.01,16.26720381182185,2,1,113,453,0.004395604395604396,0.008771929824561403,True,max_tpr_with_empirical_fpr_le_target,0.0,0.0,0.001,inf,0,0,114,455,0.0,0.0,False,max_tpr_with_empirical_fpr_le_target,32,True,False,1.5109116421992068,1.3715198296964866,0.7456140350877193,BCP,RF,dp,1.0,14
0.5288991710044342,0.08436475804896859,455,114,0.1010989010989011,0.1010989010989011,0.1,1.1999732861607733,46,11,103,409,0.1010989010989011,0.09649122807017543,True,max_tpr_with_empirical_fpr_le_target,0.015384615384615385,0.015384615384615385,0.01,8.402727744788107,7,1,113,448,0.015384615384615385,0.008771929824561403,True,max_tpr_with_empirical_fpr_le_target,0.0,0.0,0.001,inf,0,0,114,455,0.0,0.0,False,max_tpr_with_empirical_fpr_le_target,32,True,False,1.8345295532778092,1.7051354259582363,0.7456140350877193,BCP,RF,dp,1.0,15
0.5530749951802584,0.12566030460767302,455,114,0.1956043956043956,0.1956043956043956,0.1,0.08711334074630717,89,11,103,366,0.1956043956043956,0.09649122807017543,True,max_tpr_with_empirical_fpr_le_target,0.01098901098901099,0.01098901098901099,0.01,1.9445442349477844,5,1,113,450,0.01098901098901099,0.008771929824561403,True,max_tpr_with_empirical_fpr_le_target,0.008791208791208791,0.008791208791208791,0.001,2.2559755406670625,4,0,114,451,0.008791208791208791,0.0,False,max_tpr_with_empirical_fpr_le_target,32,True,False,1.90503358823606,2.002183884281066,0.7456140350877193,BCP,RF,dp,1.0,16
0.5009061114324272,0.053614806246385205,455,114,0.08351648351648351,0.08351648351648351,0.1,0.2465477165634944,38,10,104,417,0.08351648351648351,0.08771929824561403,True,max_tpr_with_empirical_fpr_le_target,0.002197802197802198,0.002197802197802198,0.01,9.18431521877049,1,1,113,454,0.002197802197802198,0.008771929824561403,True,max_tpr_with_empirical_fpr_le_target,0.0,0.0,0.001,inf,0,0,114,455,0.0,0.0,False,max_tpr_with_empirical_fpr_le_target,32,True,False,1.77458011682384,1.7399462125005911,0.7456140350877193,BCP,RF,dp,1.0,17
0.5248505880084828,0.09504530557162139,455,114,0.10989010989010989,0.10989010989010989,0.1,0.1907668608989539,50,11,103,405,0.10989010989010989,0.09649122807017543,True,max_tpr_with_empirical_fpr_le_target,0.035164835164835165,0.035164835164835165,0.01,4.2318180077916026,16,1,113,439,0.035164835164835165,0.008771929824561403,True,max_tpr_with_empirical_fpr_le_target,0.02197802197802198,0.02197802197802198,0.001,5.411215730973051,10,0,114,445,0.02197802197802198,0.0,False,max_tpr_with_empirical_fpr_le_target,32,True,False,1.6937018996965847,1.6169509448521135,0.7456140350877193,BCP,RF,dp,1.0,18
0.5514362830152304,0.13917486022749181,455,114,0.07692307692307693,0.07692307692307693,0.1,1.2138495218459049,35,10,104,420,0.07692307692307693,0.08771929824561403,True,max_tpr_with_empirical_fpr_le_target,0.006593406593406593,0.006593406593406593,0.01,11.657957932588097,3,0,114,452,0.006593406593406593,0.0,True,max_tpr_with_empirical_fpr_le_target,0.006593406593406593,0.006593406593406593,0.001,11.657957932588097,3,0,114,452,0.006593406593406593,0.0,False,max_tpr_with_empirical_fpr_le_target,32,True,False,1.4823015337091954,1.4366387440290689,0.7456140350877193,BCP,RF,dp,1.0,19
0.5021978021978022,0.043647580489685756,455,114,0.1010989010989011,0.1010989010989011,0.1,0.16913884925587008,46,11,103,409,0.1010989010989011,0.09649122807017543,True,max_tpr_with_empirical_fpr_le_target,0.02857142857142857,0.02857142857142857,0.01,1.8512059420145626,13,1,113,442,0.02857142857142857,0.008771929824561403,True,max_tpr_with_empirical_fpr_le_target,0.008791208791208791,0.008791208791208791,0.001,6.347682685877304,4,0,114,451,0.008791208791208791,0.0,False,max_tpr_with_empirical_fpr_le_target,32,True,False,1.7380105633430922,1.812359306731098,0.7456140350877193,BCP,RF,dp,1.0,20
0.5033930981299402,0.051455561981877784,455,114,0.07252747252747253,0.07252747252747253,0.1,0.1861002199932249,33,11,103,422,0.07252747252747253,0.09649122807017543,True,max_tpr_with_empirical_fpr_le_target,0.006593406593406593,0.006593406593406593,0.01,4.450301084094111,3,0,114,452,0.006593406593406593,0.0,True,max_tpr_with_empirical_fpr_le_target,0.006593406593406593,0.006593406593406593,0.001,4.450301084094111,3,0,114,452,0.006593406593406593,0.0,False,max_tpr_with_empirical_fpr_le_target,32,True,False,1.647967631820593,1.6946883175734584,0.7456140350877193,BCP,RF,dp,1.0,21
0.5015615962984384,0.060169654906497005,455,114,0.07472527472527472,0.07472527472527472,0.1,0.3000718838703338,34,10,104,421,0.07472527472527472,0.08771929824561403,True,max_tpr_with_empirical_fpr_le_target,0.015384615384615385,0.015384615384615385,0.01,5.515995000151701,7,1,113,448,0.015384615384615385,0.008771929824561403,True,max_tpr_with_empirical_fpr_le_target,0.002197802197802198,0.002197802197802198,0.001,9.139576448242597,1,0,114,454,0.002197802197802198,0.0,False,max_tpr_with_empirical_fpr_le_target,32,True,False,1.9379225561348847,1.8520892265961342,0.7456140350877193,BCP,RF,dp,1.0,22
0.5150375939849624,0.08835550414497786,455,114,0.11868131868131868,0.11868131868131868,0.1,0.3506455084098672,54,11,103,401,0.11868131868131868,0.09649122807017543,True,max_tpr_with_empirical_fpr_le_target,0.002197802197802198,0.002197802197802198,0.01,14.100380914000468,1,0,114,454,0.002197802197802198,0.0,True,max_tpr_with_empirical_fpr_le_target,0.002197802197802198,0.002197802197802198,0.001,14.100380914000468,1,0,114,454,0.002197802197802198,0.0,False,max_tpr_with_empirical_fpr_le_target,32,True,False,1.6550675076946848,1.5428893010136409,0.7456140350877193,BCP,RF,dp,1.0,23
0.49708887603624446,0.057759784075573584,455,114,0.0989010989010989,0.0989010989010989,0.1,0.5244373435383016,45,11,103,410,0.0989010989010989,0.09649122807017543,True,max_tpr_with_empirical_fpr_le_target,0.02197802197802198,0.02197802197802198,0.01,7.388760286689063,10,1,113,445,0.02197802197802198,0.008771929824561403,True,max_tpr_with_empirical_fpr_le_target,0.002197802197802198,0.002197802197802198,0.001,14.116474712752794,1,0,114,454,0.002197802197802198,0.0,False,max_tpr_with_empirical_fpr_le_target,32,True,False,1.3748971511239456,1.3334811135626607,0.7456140350877193,BCP,RF,dp,1.0,24
0.5195295932138038,0.059880470406786235,455,114,0.10989010989010989,0.10989010989010989,0.1,0.14588588198397567,50,11,103,405,0.10989010989010989,0.09649122807017543,True,max_tpr_with_empirical_fpr_le_target,0.008791208791208791,0.008791208791208791,0.01,5.225254285967891,4,1,113,451,0.008791208791208791,0.008771929824561403,True,max_tpr_with_empirical_fpr_le_target,0.006593406593406593,0.006593406593406593,0.001,5.8623332846252705,3,0,114,452,0.006593406593406593,0.0,False,max_tpr_with_empirical_fpr_le_target,32,True,False,2.1869985387786075,2.144058606112243,0.7456140350877193,BCP,RF,dp,1.0,25
0.48694813957971855,0.019934451513398885,455,114,0.10329670329670329,0.10329670329670329,0.1,0.24962887623882568,47,11,103,408,0.10329670329670329,0.09649122807017543,True,max_tpr_with_empirical_fpr_le_target,0.006593406593406593,0.006593406593406593,0.01,6.450873223739032,3,1,113,452,0.006593406593406593,0.008771929824561403,True,max_tpr_with_empirical_fpr_le_target,0.002197802197802198,0.002197802197802198,0.001,10.08506400417479,1,0,114,454,0.002197802197802198,0.0,False,max_tpr_with_empirical_fpr_le_target,32,True,False,2.1587255626290336,2.068368803265297,0.7456140350877193,BCP,RF,dp,1.0,26
0.5183342972816658,0.05816464237516872,455,114,0.12087912087912088,0.12087912087912088,0.1,0.17173573054539615,55,11,103,400,0.12087912087912088,0.09649122807017543,True,max_tpr_with_empirical_fpr_le_target,0.013186813186813187,0.013186813186813187,0.01,6.214459949490287,6,1,113,449,0.013186813186813187,0.008771929824561403,True,max_tpr_with_empirical_fpr_le_target,0.002197802197802198,0.002197802197802198,0.001,14.75019260969892,1,0,114,454,0.002197802197802198,0.0,False,max_tpr_with_empirical_fpr_le_target,32,True,False,1.57950029328498,1.5465287233179417,0.7456140350877193,BCP,RF,dp,1.0,27
0.5051089261615578,0.039309812994023585,455,114,0.0967032967032967,0.0967032967032967,0.1,4.111423556438417,44,11,103,411,0.0967032967032967,0.09649122807017543,True,max_tpr_with_empirical_fpr_le_target,0.002197802197802198,0.002197802197802198,0.01,16.700675558740024,1,1,113,454,0.002197802197802198,0.008771929824561403,True,max_tpr_with_empirical_fpr_le_target,0.0,0.0,0.001,inf,0,0,114,455,0.0,0.0,False,max_tpr_with_empirical_fpr_le_target,32,True,False,1.2873846828652686,1.2023488431360418,0.7456140350877193,BCP,RF,dp,1.0,28
0.5367649893965682,0.08222479275110856,455,114,0.14505494505494507,0.14505494505494507,0.1,0.08606250750238198,66,11,103,389,0.14505494505494507,0.09649122807017543,True,max_tpr_with_empirical_fpr_le_target,0.03076923076923077,0.03076923076923077,0.01,3.9005872714284813,14,1,113,441,0.03076923076923077,0.008771929824561403,True,max_tpr_with_empirical_fpr_le_target,0.013186813186813187,0.013186813186813187,0.001,5.4900860109739895,6,0,114,449,0.013186813186813187,0.0,False,max_tpr_with_empirical_fpr_le_target,32,True,False,1.7012845249010613,1.6815478926366254,0.7456140350877193,BCP,RF,dp,1.0,29
0.43501060343165604,0.030653556969346463,455,114,0.08131868131868132,0.08131868131868132,0.1,0.17868149498593322,37,11,103,418,0.08131868131868132,0.09649122807017543,True,max_tpr_with_empirical_fpr_le_target,0.004395604395604396,0.004395604395604396,0.01,4.713681783836812,2,1,113,453,0.004395604395604396,0.008771929824561403,True,max_tpr_with_empirical_fpr_le_target,0.002197802197802198,0.002197802197802198,0.001,6.117597457184887,1,0,114,454,0.002197802197802198,0.0,False,max_tpr_with_empirical_fpr_le_target,32,True,False,2.1945474641205154,2.2198574317580393,0.7982456140350878,BCP,RF,dp,2.0,0
0.511336032388664,0.059109311740890735,455,114,0.08791208791208792,0.08791208791208792,0.1,0.6488267974356106,40,11,103,415,0.08791208791208792,0.09649122807017543,True,max_tpr_with_empirical_fpr_le_target,0.008791208791208791,0.008791208791208791,0.01,6.819708903302125,4,1,113,451,0.008791208791208791,0.008771929824561403,True,max_tpr_with_empirical_fpr_le_target,0.002197802197802198,0.002197802197802198,0.001,9.643283316130905,1,0,114,454,0.002197802197802198,0.0,False,max_tpr_with_empirical_fpr_le_target,32,True,False,2.220257467309489,2.0319166979766043,0.7982456140350878,BCP,RF,dp,2.0,1
0.48615770194717567,0.03940620782726045,455,114,0.11648351648351649,0.11648351648351649,0.1,0.2436847533041031,53,11,103,402,0.11648351648351649,0.09649122807017543,True,max_tpr_with_empirical_fpr_le_target,0.03956043956043956,0.03956043956043956,0.01,5.790800961018011,18,1,113,437,0.03956043956043956,0.008771929824561403,True,max_tpr_with_empirical_fpr_le_target,0.03736263736263736,0.03736263736263736,0.001,6.072564062458888,17,0,114,438,0.03736263736263736,0.0,False,max_tpr_with_empirical_fpr_le_target,32,True,False,1.5845427291108714,1.490306957197913,0.7982456140350878,BCP,RF,dp,2.0,2
0.49562367457104306,0.07121650279545017,455,114,0.1054945054945055,0.1054945054945055,0.1,0.18330241158906824,48,11,103,407,0.1054945054945055,0.09649122807017543,True,max_tpr_with_empirical_fpr_le_target,0.004395604395604396,0.004395604395604396,0.01,6.317640303292528,2,1,113,453,0.004395604395604396,0.008771929824561403,True,max_tpr_with_empirical_fpr_le_target,0.0,0.0,0.001,inf,0,0,114,455,0.0,0.0,False,max_tpr_with_empirical_fpr_le_target,32,True,False,1.792911465391467,1.7388238746416904,0.7982456140350878,BCP,RF,dp,2.0,3
0.5129361866203972,0.06500867553499134,455,114,0.07912087912087912,0.07912087912087912,0.1,0.3069622502837448,36,11,103,419,0.07912087912087912,0.09649122807017543,True,max_tpr_with_empirical_fpr_le_target,0.01098901098901099,0.01098901098901099,0.01,4.750934512700917,5,1,113,450,0.01098901098901099,0.008771929824561403,True,max_tpr_with_empirical_fpr_le_target,0.0,0.0,0.001,inf,0,0,114,455,0.0,0.0,False,max_tpr_with_empirical_fpr_le_target,32,True,False,2.080933331750255,2.041404322592483,0.7982456140350878,BCP,RF,dp,2.0,4
0.48527086948139586,0.050183150183150116,455,114,0.12747252747252746,0.12747252747252746,0.1,0.11302800552738623,58,11,103,397,0.12747252747252746,0.09649122807017543,True,max_tpr_with_empirical_fpr_le_target,0.01098901098901099,0.01098901098901099,0.01,6.479599509809381,5,1,113,450,0.01098901098901099,0.008771929824561403,True,max_tpr_with_empirical_fpr_le_target,0.0,0.0,0.001,inf,0,0,114,455,0.0,0.0,False,max_tpr_with_empirical_fpr_le_target,32,True,False,1.798916480889159,1.7288552962746881,0.7982456140350878,BCP,RF,dp,2.0,5
0.44619240408714095,0.02207441681125892,455,114,0.08351648351648351,0.08351648351648351,0.1,0.36769973037706594,38,10,104,417,0.08351648351648351,0.08771929824561403,True,max_tpr_with_empirical_fpr_le_target,0.01098901098901099,0.01098901098901099,0.01,5.660806088685144,5,0,114,450,0.01098901098901099,0.0,True,max_tpr_with_empirical_fpr_le_target,0.01098901098901099,0.01098901098901099,0.001,5.660806088685144,5,0,114,450,0.01098901098901099,0.0,False,max_tpr_with_empirical_fpr_le_target,32,True,False,2.05655229459018,1.9713778907831683,0.7982456140350878,BCP,RF,dp,2.0,6
0.491594370541739,0.06666666666666671,455,114,0.11428571428571428,0.11428571428571428,0.1,0.10453481610853443,52,11,103,403,0.11428571428571428,0.09649122807017543,True,max_tpr_with_empirical_fpr_le_target,0.008791208791208791,0.008791208791208791,0.01,5.00914675149207,4,1,113,451,0.008791208791208791,0.008771929824561403,True,max_tpr_with_empirical_fpr_le_target,0.006593406593406593,0.006593406593406593,0.001,5.492335118419749,3,0,114,452,0.006593406593406593,0.0,False,max_tpr_with_empirical_fpr_le_target,32,True,False,1.9099285779544215,1.8839121052889836,0.7982456140350878,BCP,RF,dp,2.0,7
0.4530364372469635,0.013341044919992287,455,114,0.0989010989010989,0.0989010989010989,0.1,0.2534328574994156,45,11,103,410,0.0989010989010989,0.09649122807017543,True,max_tpr_with_empirical_fpr_le_target,0.017582417582417582,0.017582417582417582,0.01,6.957594271447242,8,1,113,447,0.017582417582417582,0.008771929824561403,True,max_tpr_with_empirical_fpr_le_target,0.002197802197802198,0.002197802197802198,0.001,11.075969410389092,1,0,114,454,0.002197802197802198,0.0,False,max_tpr_with_empirical_fpr_le_target,32,True,False,1.6256473661426252,1.5416453668638082,0.7982456140350878,BCP,RF,dp,2.0,8
0.5270098322729903,0.08463466358203198,455,114,0.12527472527472527,0.12527472527472527,0.1,0.18061575644833772,57,11,103,398,0.12527472527472527,0.09649122807017543,True,max_tpr_with_empirical_fpr_le_target,0.0,0.0,0.01,8.124147866669379,0,1,113,455,0.0,0.008771929824561403,True,max_tpr_with_empirical_fpr_le_target,0.0,0.0,0.001,inf,0,0,114,455,0.0,0.0,False,max_tpr_with_empirical_fpr_le_target,32,True,False,2.2205966797833945,2.125839696124454,0.7982456140350878,BCP,RF,dp,2.0,9
0.5436861384229805,0.11062271062271062,455,114,0.0945054945054945,0.0945054945054945,0.1,0.16622215577917654,43,11,103,412,0.0945054945054945,0.09649122807017543,True,max_tpr_with_empirical_fpr_le_target,0.002197802197802198,0.002197802197802198,0.01,5.579834942579422,1,0,114,454,0.002197802197802198,0.0,True,max_tpr_with_empirical_fpr_le_target,0.002197802197802198,0.002197802197802198,0.001,5.579834942579422,1,0,114,454,0.002197802197802198,0.0,False,max_tpr_with_empirical_fpr_le_target,32,True,False,2.640449327245206,2.5667209766298673,0.7982456140350878,BCP,RF,dp,2.0,10
0.526951995373048,0.07300944669365725,455,114,0.11648351648351649,0.11648351648351649,0.1,0.09766823571220096,53,11,103,402,0.11648351648351649,0.09649122807017543,True,max_tpr_with_empirical_fpr_le_target,0.026373626373626374,0.026373626373626374,0.01,4.766031469681106,12,1,113,443,0.026373626373626374,0.008771929824561403,True,max_tpr_with_empirical_fpr_le_target,0.013186813186813187,0.013186813186813187,0.001,5.31928452451497,6,0,114,449,0.013186813186813187,0.0,False,max_tpr_with_empirical_fpr_le_target,32,True,False,1.922188400665814,1.847490074490993,0.7982456140350878,BCP,RF,dp,2.0,11
0.49801426643531904,0.048043184885290136,455,114,0.12747252747252746,0.12747252747252746,0.1,0.18913890979765968,58,11,103,397,0.12747252747252746,0.09649122807017543,True,max_tpr_with_empirical_fpr_le_target,0.006593406593406593,0.006593406593406593,0.01,5.792209600474461,3,1,113,452,0.006593406593406593,0.008771929824561403,True,max_tpr_with_empirical_fpr_le_target,0.0,0.0,0.001,inf,0,0,114,455,0.0,0.0,False,max_tpr_with_empirical_fpr_le_target,32,True,False,1.8665487908620009,1.8049708813624654,0.7982456140350878,BCP,RF,dp,2.0,12
0.4981106612685561,0.03826874879506459,455,114,0.12087912087912088,0.12087912087912088,0.1,0.13347176548293804,55,11,103,400,0.12087912087912088,0.09649122807017543,True,max_tpr_with_empirical_fpr_le_target,0.017582417582417582,0.017582417582417582,0.01,3.2565657036964595,8,1,113,447,0.017582417582417582,0.008771929824561403,True,max_tpr_with_empirical_fpr_le_target,0.015384615384615385,0.015384615384615385,0.001,3.5939883555426313,7,0,114,448,0.015384615384615385,0.0,False,max_tpr_with_empirical_fpr_le_target,32,True,False,2.6605367991295967,2.5667581597752314,0.7982456140350878,BCP,RF,dp,2.0,13
0.5125120493541546,0.062328899171004426,455,114,0.09010989010989011,0.09010989010989011,0.1,0.35174767290628894,41,11,103,414,0.09010989010989011,0.09649122807017543,True,max_tpr_with_empirical_fpr_le_target,0.004395604395604396,0.004395604395604396,0.01,7.771408029959307,2,1,113,453,0.004395604395604396,0.008771929824561403,True,max_tpr_with_empirical_fpr_le_target,0.0,0.0,0.001,inf,0,0,114,455,0.0,0.0,False,max_tpr_with_empirical_fpr_le_target,32,True,False,2.0867147264549217,1.9908436926836468,0.7982456140350878,BCP,RF,dp,2.0,14
0.5138808559861192,0.058068247541931794,455,114,0.11428571428571428,0.11428571428571428,0.1,0.19015126945063354,52,10,104,403,0.11428571428571428,0.08771929824561403,True,max_tpr_with_empirical_fpr_le_target,0.01978021978021978,0.01978021978021978,0.01,4.530685353683985,9,1,113,446,0.01978021978021978,0.008771929824561403,True,max_tpr_with_empirical_fpr_le_target,0.013186813186813187,0.013186813186813187,0.001,5.428902484779092,6,0,114,449,0.013186813186813187,0.0,False,max_tpr_with_empirical_fpr_le_target,32,True,False,2.4477482601254934,2.313561397440684,0.7982456140350878,BCP,RF,dp,2.0,15
0.5300944669365721,0.09944090996722577,455,114,0.08351648351648351,0.08351648351648351,0.1,0.19093319170331302,38,10,104,417,0.08351648351648351,0.08771929824561403,True,max_tpr_with_empirical_fpr_le_target,0.002197802197802198,0.002197802197802198,0.01,4.403137650442575,1,1,113,454,0.002197802197802198,0.008771929824561403,True,max_tpr_with_empirical_fpr_le_target,0.0,0.0,0.001,inf,0,0,114,455,0.0,0.0,False,max_tpr_with_empirical_fpr_le_target,32,True,False,1.9409908103965545,1.992900288705197,0.7982456140350878,BCP,RF,dp,2.0,16
0.500694042799306,0.03614806246385194,455,114,0.0945054945054945,0.0945054945054945,0.1,0.2896770345270796,43,11,103,412,0.0945054945054945,0.09649122807017543,True,max_tpr_with_empirical_fpr_le_target,0.01098901098901099,0.01098901098901099,0.01,5.623746472756865,5,1,113,450,0.01098901098901099,0.008771929824561403,True,max_tpr_with_empirical_fpr_le_target,0.008791208791208791,0.008791208791208791,0.001,7.0758585998255334,4,0,114,451,0.008791208791208791,0.0,False,max_tpr_with_empirical_fpr_le_target,32,True,False,1.8976473862661891,1.8624809602891228,0.7982456140350878,BCP,RF,dp,2.0,17
0.5307113938692887,0.09523809523809523,455,114,0.11428571428571428,0.11428571428571428,0.1,0.0909422889850342,52,11,103,403,0.11428571428571428,0.09649122807017543,True,max_tpr_with_empirical_fpr_le_target,0.04835164835164835,0.04835164835164835,0.01,1.4402674627916632,22,1,113,433,0.04835164835164835,0.008771929824561403,True,max_tpr_with_empirical_fpr_le_target,0.006593406593406593,0.006593406593406593,0.001,5.719868904965271,3,0,114,452,0.006593406593406593,0.0,False,max_tpr_with_empirical_fpr_le_target,32,True,False,2.2325054916071507,2.1382030495618745,0.7982456140350878,BCP,RF,dp,2.0,18
0.5591864276074802,0.12866782340466554,455,114,0.07912087912087912,0.07912087912087912,0.1,0.3064496400022896,36,11,103,419,0.07912087912087912,0.09649122807017543,True,max_tpr_with_empirical_fpr_le_target,0.008791208791208791,0.008791208791208791,0.01,6.5585615148595835,4,0,114,451,0.008791208791208791,0.0,True,max_tpr_with_empirical_fpr_le_target,0.008791208791208791,0.008791208791208791,0.001,6.5585615148595835,4,0,114,451,0.008791208791208791,0.0,False,max_tpr_with_empirical_fpr_le_target,32,True,False,1.8339857998478821,1.795270989094083,0.7982456140350878,BCP,RF,dp,2.0,19
0.525062656641604,0.08214767688451896,455,114,0.14065934065934066,0.14065934065934066,0.1,0.12628374863240577,64,11,103,391,0.14065934065934066,0.09649122807017543,True,max_tpr_with_empirical_fpr_le_target,0.01098901098901099,0.01098901098901099,0.01,3.3493154682461785,5,1,113,450,0.01098901098901099,0.008771929824561403,True,max_tpr_with_empirical_fpr_le_target,0.002197802197802198,0.002197802197802198,0.001,6.73782691196314,1,0,114,454,0.002197802197802198,0.0,False,max_tpr_with_empirical_fpr_le_target,32,True,False,1.9700329206023748,2.072312565029873,0.7982456140350878,BCP,RF,dp,2.0,20
0.5507615191825719,0.1171968382494698,455,114,0.12527472527472527,0.12527472527472527,0.1,0.1169713450069696,57,11,103,398,0.12527472527472527,0.09649122807017543,True,max_tpr_with_empirical_fpr_le_target,0.041758241758241756,0.041758241758241756,0.01,0.6001833596300816,19,1,113,436,0.041758241758241756,0.008771929824561403,True,max_tpr_with_empirical_fpr_le_target,0.008791208791208791,0.008791208791208791,0.001,3.6242417225640526,4,0,114,451,0.008791208791208791,0.0,False,max_tpr_with_empirical_fpr_le_target,32,True,False,1.8735166261040361,1.9388981936983696,0.7982456140350878,BCP,RF,dp,2.0,21
0.48081742818584927,0.043724696356275294,455,114,0.07912087912087912,0.07912087912087912,0.1,0.25398466222086347,36,11,103,419,0.07912087912087912,0.09649122807017543,True,max_tpr_with_empirical_fpr_le_target,0.008791208791208791,0.008791208791208791,0.01,5.438706308586298,4,1,113,451,0.008791208791208791,0.008771929824561403,True,max_tpr_with_empirical_fpr_le_target,0.002197802197802198,0.002197802197802198,0.001,7.60411369267244,1,0,114,454,0.002197802197802198,0.0,False,max_tpr_with_empirical_fpr_le_target,32,True,False,2.3349846146655158,2.2018044711606914,0.7982456140350878,BCP,RF,dp,2.0,22
0.49383073067283595,0.03774821669558512,455,114,0.0989010989010989,0.0989010989010989,0.1,1.1238299238755083,45,11,103,410,0.0989010989010989,0.09649122807017543,True,max_tpr_with_empirical_fpr_le_target,0.0,0.0,0.01,12.446762112395644,0,1,113,455,0.0,0.008771929824561403,True,max_tpr_with_empirical_fpr_le_target,0.0,0.0,0.001,inf,0,0,114,455,0.0,0.0,False,max_tpr_with_empirical_fpr_le_target,32,True,False,1.9566531416147661,1.7606405430120677,0.7982456140350878,BCP,RF,dp,2.0,23
0.5173703489492963,0.06643531906689804,455,114,0.0945054945054945,0.0945054945054945,0.1,0.237341803906723,43,11,103,412,0.0945054945054945,0.09649122807017543,True,max_tpr_with_empirical_fpr_le_target,0.01978021978021978,0.01978021978021978,0.01,5.823581156328952,9,1,113,446,0.01978021978021978,0.008771929824561403,True,max_tpr_with_empirical_fpr_le_target,0.006593406593406593,0.006593406593406593,0.001,8.250433695361103,3,0,114,452,0.006593406593406593,0.0,False,max_tpr_with_empirical_fpr_le_target,32,True,False,1.8368903548171032,1.760600454597247,0.7982456140350878,BCP,RF,dp,2.0,24
0.5319066898014266,0.10032774243300557,455,114,0.13406593406593406,0.13406593406593406,0.1,0.15518952567239186,61,10,104,394,0.13406593406593406,0.08771929824561403,True,max_tpr_with_empirical_fpr_le_target,0.017582417582417582,0.017582417582417582,0.01,3.7130931320290586,8,1,113,447,0.017582417582417582,0.008771929824561403,True,max_tpr_with_empirical_fpr_le_target,0.002197802197802198,0.002197802197802198,0.001,5.754067215929615,1,0,114,454,0.002197802197802198,0.0,False,max_tpr_with_empirical_fpr_le_target,32,True,False,2.5422429270647546,2.474591459198027,0.7982456140350878,BCP,RF,dp,2.0,25
0.5061885482938114,0.06003470213996531,455,114,0.09010989010989011,0.09010989010989011,0.1,0.2851143021079956,41,11,103,414,0.09010989010989011,0.09649122807017543,True,max_tpr_with_empirical_fpr_le_target,0.004395604395604396,0.004395604395604396,0.01,5.452083039915513,2,1,113,453,0.004395604395604396,0.008771929824561403,True,max_tpr_with_empirical_fpr_le_target,0.002197802197802198,0.002197802197802198,0.001,6.965905229083114,1,0,114,454,0.002197802197802198,0.0,False,max_tpr_with_empirical_fpr_le_target,32,True,False,2.4550529605213844,2.412212670039267,0.7982456140350878,BCP,RF,dp,2.0,26
0.49899749373433583,0.04867939078465394,455,114,0.12307692307692308,0.12307692307692308,0.1,0.13870139712773044,56,11,103,399,0.12307692307692308,0.09649122807017543,True,max_tpr_with_empirical_fpr_le_target,0.006593406593406593,0.006593406593406593,0.01,6.475516161355419,3,1,113,452,0.006593406593406593,0.008771929824561403,True,max_tpr_with_empirical_fpr_le_target,0.004395604395604396,0.004395604395604396,0.001,9.758899724447438,2,0,114,453,0.004395604395604396,0.0,False,max_tpr_with_empirical_fpr_le_target,32,True,False,1.9865962938146533,1.9184334872427928,0.7982456140350878,BCP,RF,dp,2.0,27
0.4706959706959707,0.026277231540389412,455,114,0.07252747252747253,0.07252747252747253,0.1,0.9413244255282791,33,9,105,422,0.07252747252747253,0.07894736842105263,True,max_tpr_with_empirical_fpr_le_target,0.017582417582417582,0.017582417582417582,0.01,5.7428822970550755,8,1,113,447,0.017582417582417582,0.008771929824561403,True,max_tpr_with_empirical_fpr_le_target,0.006593406593406593,0.006593406593406593,0.001,7.755797455936099,3,0,114,452,0.006593406593406593,0.0,False,max_tpr_with_empirical_fpr_le_target,32,True,False,1.964465818205832,1.873505511170773,0.7982456140350878,BCP,RF,dp,2.0,28
0.5578561789088106,0.11482552535184115,455,114,0.12747252747252746,0.12747252747252746,0.1,0.08589750664434348,58,11,103,397,0.12747252747252746,0.09649122807017543,True,max_tpr_with_empirical_fpr_le_target,0.004395604395604396,0.004395604395604396,0.01,7.996798718997525,2,0,114,453,0.004395604395604396,0.0,True,max_tpr_with_empirical_fpr_le_target,0.004395604395604396,0.004395604395604396,0.001,7.996798718997525,2,0,114,453,0.004395604395604396,0.0,False,max_tpr_with_empirical_fpr_le_target,32,True,False,2.0495497287931195,1.9334647350683907,0.7982456140350878,BCP,RF,dp,2.0,29
0.4279737806053596,0.026277231540389412,455,114,0.1010989010989011,0.1010989010989011,0.1,0.27098660175073275,46,11,103,409,0.1010989010989011,0.09649122807017543,True,max_tpr_with_empirical_fpr_le_target,0.015384615384615385,0.015384615384615385,0.01,3.7005293502314434,7,1,113,448,0.015384615384615385,0.008771929824561403,True,max_tpr_with_empirical_fpr_le_target,0.006593406593406593,0.006593406593406593,0.001,4.9035855809837035,3,0,114,452,0.006593406593406593,0.0,False,max_tpr_with_empirical_fpr_le_target,32,True,False,2.267137351993483,2.2858550469855046,0.7631578947368421,BCP,RF,dp,4.0,0
0.5062463851937536,0.06117216117216118,455,114,0.0967032967032967,0.0967032967032967,0.1,1.897761592473806,44,11,103,411,0.0967032967032967,0.09649122807017543,True,max_tpr_with_empirical_fpr_le_target,0.013186813186813187,0.013186813186813187,0.01,6.272256999738785,6,1,113,449,0.013186813186813187,0.008771929824561403,True,max_tpr_with_empirical_fpr_le_target,0.004395604395604396,0.004395604395604396,0.001,8.993417191120223,2,0,114,453,0.004395604395604396,0.0,False,max_tpr_with_empirical_fpr_le_target,32,True,False,2.276591924868211,2.081209497821575,0.7631578947368421,BCP,RF,dp,4.0,1
0.456487372276846,0.043994601889338736,455,114,0.1054945054945055,0.1054945054945055,0.1,1.3549586080546732,48,11,103,407,0.1054945054945055,0.09649122807017543,True,max_tpr_with_empirical_fpr_le_target,0.026373626373626374,0.026373626373626374,0.01,6.8329996024087905,12,1,113,443,0.026373626373626374,0.008771929824561403,True,max_tpr_with_empirical_fpr_le_target,0.024175824175824177,0.024175824175824177,0.001,7.090656003867643,11,0,114,444,0.024175824175824177,0.0,False,max_tpr_with_empirical_fpr_le_target,32,True,False,1.563193650646704,1.4954935873375075,0.7631578947368421,BCP,RF,dp,4.0,2
0.5120300751879698,0.05733564680933104,455,114,0.14505494505494507,0.14505494505494507,0.1,0.18889920903765378,66,10,104,389,0.14505494505494507,0.08771929824561403,True,max_tpr_with_empirical_fpr_le_target,0.01098901098901099,0.01098901098901099,0.01,6.594443773367823,5,1,113,450,0.01098901098901099,0.008771929824561403,True,max_tpr_with_empirical_fpr_le_target,0.004395604395604396,0.004395604395604396,0.001,7.814386373447128,2,0,114,453,0.004395604395604396,0.0,False,max_tpr_with_empirical_fpr_le_target,32,True,False,1.9229522706970643,1.8769576921079485,0.7631578947368421,BCP,RF,dp,4.0,3
0.49905533063427804,0.06265664160400997,455,114,0.11208791208791209,0.11208791208791209,0.1,0.21060360535734834,51,11,103,404,0.11208791208791209,0.09649122807017543,True,max_tpr_with_empirical_fpr_le_target,0.01098901098901099,0.01098901098901099,0.01,3.5192083706720556,5,1,113,450,0.01098901098901099,0.008771929824561403,True,max_tpr_with_empirical_fpr_le_target,0.0,0.0,0.001,inf,0,0,114,455,0.0,0.0,False,max_tpr_with_empirical_fpr_le_target,32,True,False,2.351992714744763,2.3000983051955735,0.7631578947368421,BCP,RF,dp,4.0,4
0.5157509157509157,0.06872951609793715,455,114,0.13846153846153847,0.13846153846153847,0.1,0.23120455674610296,63,10,104,392,0.13846153846153847,0.08771929824561403,True,max_tpr_with_empirical_fpr_le_target,0.01098901098901099,0.01098901098901099,0.01,6.707216691496072,5,1,113,450,0.01098901098901099,0.008771929824561403,True,max_tpr_with_empirical_fpr_le_target,0.0,0.0,0.001,inf,0,0,114,455,0.0,0.0,False,max_tpr_with_empirical_fpr_le_target,32,True,False,1.8281665287013233,1.7498721523953054,0.7631578947368421,BCP,RF,dp,4.0,5
0.4662425294004242,0.02205513784461153,455,114,0.11428571428571428,0.11428571428571428,0.1,0.21730263213889556,52,11,103,403,0.11428571428571428,0.09649122807017543,True,max_tpr_with_empirical_fpr_le_target,0.017582417582417582,0.017582417582417582,0.01,5.362799268154497,8,1,113,447,0.017582417582417582,0.008771929824561403,True,max_tpr_with_empirical_fpr_le_target,0.004395604395604396,0.004395604395604396,0.001,8.830890825030766,2,0,114,453,0.004395604395604396,0.0,False,max_tpr_with_empirical_fpr_le_target,32,True,False,1.8553982878584032,1.7974000776201098,0.7631578947368421,BCP,RF,dp,4.0,6
0.49047619047619045,0.03842298052824372,455,114,0.07472527472527472,0.07472527472527472,0.1,0.6831995199023673,34,10,104,421,0.07472527472527472,0.08771929824561403,True,max_tpr_with_empirical_fpr_le_target,0.015384615384615385,0.015384615384615385,0.01,3.7014102938807376,7,1,113,448,0.015384615384615385,0.008771929824561403,True,max_tpr_with_empirical_fpr_le_target,0.0,0.0,0.001,inf,0,0,114,455,0.0,0.0,False,max_tpr_with_empirical_fpr_le_target,32,True,False,2.2761695788306726,2.236137501304611,0.7631578947368421,BCP,RF,dp,4.0,7
0.46973202236360134,0.041758241758241756,455,114,0.11648351648351649,0.11648351648351649,0.1,2.038531956039609,53,11,103,402,0.11648351648351649,0.09649122807017543,True,max_tpr_with_empirical_fpr_le_target,0.046153846153846156,0.046153846153846156,0.01,5.820388180568962,21,1,113,434,0.046153846153846156,0.008771929824561403,True,max_tpr_with_empirical_fpr_le_target,0.041758241758241756,0.041758241758241756,0.001,6.286343442519456,19,0,114,436,0.041758241758241756,0.0,False,max_tpr_with_empirical_fpr_le_target,32,True,False,1.7796458877035188,1.645164718530921,0.7631578947368421,BCP,RF,dp,4.0,8
0.5224985540775015,0.08885675727780995,455,114,0.13626373626373625,0.13626373626373625,0.1,0.32055399112024263,62,11,103,393,0.13626373626373625,0.09649122807017543,True,max_tpr_with_empirical_fpr_le_target,0.006593406593406593,0.006593406593406593,0.01,7.184182085251271,3,1,113,452,0.006593406593406593,0.008771929824561403,True,max_tpr_with_empirical_fpr_le_target,0.0,0.0,0.001,inf,0,0,114,455,0.0,0.0,False,max_tpr_with_empirical_fpr_le_target,32,True,False,2.068105422887244,1.973359810593534,0.7631578947368421,BCP,RF,dp,4.0,9
0.545054945054945,0.1192596876807403,455,114,0.11868131868131868,0.11868131868131868,0.1,0.20227847075185812,54,11,103,401,0.11868131868131868,0.09649122807017543,True,max_tpr_with_empirical_fpr_le_target,0.006593406593406593,0.006593406593406593,0.01,4.269811831873335,3,1,113,452,0.006593406593406593,0.008771929824561403,True,max_tpr_with_empirical_fpr_le_target,0.002197802197802198,0.002197802197802198,0.001,5.900649305975824,1,0,114,454,0.002197802197802198,0.0,False,max_tpr_with_empirical_fpr_le_target,32,True,False,2.5943993891349484,2.521305337016632,0.7631578947368421,BCP,RF,dp,4.0,10
0.541873915558126,0.10632350106034316,455,114,0.14065934065934066,0.14065934065934066,0.1,0.1306283417147558,64,11,103,391,0.14065934065934066,0.09649122807017543,True,max_tpr_with_empirical_fpr_le_target,0.024175824175824177,0.024175824175824177,0.01,4.326780328054124,11,1,113,444,0.024175824175824177,0.008771929824561403,True,max_tpr_with_empirical_fpr_le_target,0.01978021978021978,0.01978021978021978,0.001,4.690916944411201,9,0,114,446,0.01978021978021978,0.0,False,max_tpr_with_empirical_fpr_le_target,32,True,False,2.2493504133487745,2.2043789329190324,0.7631578947368421,BCP,RF,dp,4.0,11
0.5207056101792944,0.09076537497590131,455,114,0.11208791208791209,0.11208791208791209,0.1,0.6311875290796352,51,11,103,404,0.11208791208791209,0.09649122807017543,True,max_tpr_with_empirical_fpr_le_target,0.017582417582417582,0.017582417582417582,0.01,4.652903366137597,8,1,113,447,0.017582417582417582,0.008771929824561403,True,max_tpr_with_empirical_fpr_le_target,0.004395604395604396,0.004395604395604396,0.001,7.490752748006111,2,0,114,453,0.004395604395604396,0.0,False,max_tpr_with_empirical_fpr_le_target,32,True,False,1.9724046310307077,1.9100235383526463,0.7631578947368421,BCP,RF,dp,4.0,12
0.5002313475997686,0.03767110082899558,455,114,0.10989010989010989,0.10989010989010989,0.1,0.5372429569828814,50,11,103,405,0.10989010989010989,0.09649122807017543,True,max_tpr_with_empirical_fpr_le_target,0.046153846153846156,0.046153846153846156,0.01,2.679611773586595,21,1,113,434,0.046153846153846156,0.008771929824561403,True,max_tpr_with_empirical_fpr_le_target,0.026373626373626374,0.026373626373626374,0.001,3.841398358389716,12,0,114,443,0.026373626373626374,0.0,False,max_tpr_with_empirical_fpr_le_target,32,True,False,2.6161958495285456,2.5324587429360266,0.7631578947368421,BCP,RF,dp,4.0,13
0.5116637748216696,0.08014266435319062,455,114,0.0967032967032967,0.0967032967032967,0.1,0.6591166826561192,44,10,104,411,0.0967032967032967,0.08771929824561403,True,max_tpr_with_empirical_fpr_le_target,0.008791208791208791,0.008791208791208791,0.01,4.653597050615733,4,1,113,451,0.008791208791208791,0.008771929824561403,True,max_tpr_with_empirical_fpr_le_target,0.004395604395604396,0.004395604395604396,0.001,6.212688435069337,2,0,114,453,0.004395604395604396,0.0,False,max_tpr_with_empirical_fpr_le_target,32,True,False,2.2156471719257333,2.179353083504536,0.7631578947368421,BCP,RF,dp,4.0,14
0.5732022363601311,0.1635049161364951,455,114,0.15164835164835164,0.15164835164835164,0.1,0.1793588841291589,69,11,103,386,0.15164835164835164,0.09649122807017543,True,max_tpr_with_empirical_fpr_le_target,0.01098901098901099,0.01098901098901099,0.01,4.83416924725933,5,1,113,450,0.01098901098901099,0.008771929824561403,True,max_tpr_with_empirical_fpr_le_target,0.002197802197802198,0.002197802197802198,0.001,7.026238089918029,1,0,114,454,0.002197802197802198,0.0,False,max_tpr_with_empirical_fpr_le_target,32,True,False,2.5395864759384748,2.4148687541961857,0.7631578947368421,BCP,RF,dp,4.0,15
0.5641989589358011,0.1285135916714864,455,114,0.15384615384615385,0.15384615384615385,0.1,0.12051595046578667,70,11,103,385,0.15384615384615385,0.09649122807017543,True,max_tpr_with_empirical_fpr_le_target,0.008791208791208791,0.008791208791208791,0.01,4.068022181355509,4,1,113,451,0.008791208791208791,0.008771929824561403,True,max_tpr_with_empirical_fpr_le_target,0.004395604395604396,0.004395604395604396,0.001,5.211244707160061,2,0,114,453,0.004395604395604396,0.0,False,max_tpr_with_empirical_fpr_le_target,32,True,False,1.9735910078272558,2.0133028347410957,0.7631578947368421,BCP,RF,dp,4.0,16
0.5065355696934645,0.06464237516869098,455,114,0.11428571428571428,0.11428571428571428,0.1,0.291698809868675,52,11,103,403,0.11428571428571428,0.09649122807017543,True,max_tpr_with_empirical_fpr_le_target,0.013186813186813187,0.013186813186813187,0.01,4.370362435481036,6,1,113,449,0.013186813186813187,0.008771929824561403,True,max_tpr_with_empirical_fpr_le_target,0.006593406593406593,0.006593406593406593,0.001,5.872003048833092,3,0,114,452,0.006593406593406593,0.0,False,max_tpr_with_empirical_fpr_le_target,32,True,False,2.037767186970555,2.004257608178556,0.7631578947368421,BCP,RF,dp,4.0,17
0.5498361287834972,0.10861769809138233,455,114,0.14945054945054945,0.14945054945054945,0.1,0.12249803440742713,68,10,104,387,0.14945054945054945,0.08771929824561403,True,max_tpr_with_empirical_fpr_le_target,0.015384615384615385,0.015384615384615385,0.01,4.582043419283158,7,1,113,448,0.015384615384615385,0.008771929824561403,True,max_tpr_with_empirical_fpr_le_target,0.013186813186813187,0.013186813186813187,0.001,4.899637474267863,6,0,114,449,0.013186813186813187,0.0,False,max_tpr_with_empirical_fpr_le_target,32,True,False,2.1195056824806904,2.0215633316482435,0.7631578947368421,BCP,RF,dp,4.0,18
0.5232311548101022,0.09300173510699827,455,114,0.09010989010989011,0.09010989010989011,0.1,0.4568350450931635,41,11,103,414,0.09010989010989011,0.09649122807017543,True,max_tpr_with_empirical_fpr_le_target,0.01098901098901099,0.01098901098901099,0.01,5.414885607513604,5,0,114,450,0.01098901098901099,0.0,True,max_tpr_with_empirical_fpr_le_target,0.01098901098901099,0.01098901098901099,0.001,5.414885607513604,5,0,114,450,0.01098901098901099,0.0,False,max_tpr_with_empirical_fpr_le_target,32,True,False,1.965030005364926,1.9375304733927803,0.7631578947368421,BCP,RF,dp,4.0,19
0.5077694235588972,0.07777135145556202,455,114,0.11208791208791209,0.11208791208791209,0.1,0.14147919099102357,51,11,103,404,0.11208791208791209,0.09649122807017543,True,max_tpr_with_empirical_fpr_le_target,0.02197802197802198,0.02197802197802198,0.01,2.6555702041976392,10,1,113,445,0.02197802197802198,0.008771929824561403,True,max_tpr_with_empirical_fpr_le_target,0.013186813186813187,0.013186813186813187,0.001,4.496207385579682,6,0,114,449,0.013186813186813187,0.0,False,max_tpr_with_empirical_fpr_le_target,32,True,False,2.1919627372870547,2.2676451771715866,0.7631578947368421,BCP,RF,dp,4.0,20
0.49319452477347214,0.06219394640447273,455,114,0.10329670329670329,0.10329670329670329,0.1,0.20543238861463942,47,11,103,408,0.10329670329670329,0.09649122807017543,True,max_tpr_with_empirical_fpr_le_target,0.04835164835164835,0.04835164835164835,0.01,1.3487949909309833,22,1,113,433,0.04835164835164835,0.008771929824561403,True,max_tpr_with_empirical_fpr_le_target,0.004395604395604396,0.004395604395604396,0.001,5.554649952489054,2,0,114,453,0.004395604395604396,0.0,False,max_tpr_with_empirical_fpr_le_target,32,True,False,2.2308180674745834,2.2780002460517697,0.7631578947368421,BCP,RF,dp,4.0,21
0.4952188162714478,0.036013109697320245,455,114,0.11428571428571428,0.11428571428571428,0.1,0.194321514914229,52,11,103,403,0.11428571428571428,0.09649122807017543,True,max_tpr_with_empirical_fpr_le_target,0.013186813186813187,0.013186813186813187,0.01,5.810241688552692,6,0,114,449,0.013186813186813187,0.0,True,max_tpr_with_empirical_fpr_le_target,0.013186813186813187,0.013186813186813187,0.001,5.810241688552692,6,0,114,449,0.013186813186813187,0.0,False,max_tpr_with_empirical_fpr_le_target,32,True,False,2.2138907418869347,2.085745641373914,0.7631578947368421,BCP,RF,dp,4.0,22
0.4856178908810488,0.034085213032581385,455,114,0.08571428571428572,0.08571428571428572,0.1,2.125949763445238,39,10,104,416,0.08571428571428572,0.08771929824561403,True,max_tpr_with_empirical_fpr_le_target,0.0,0.0,0.01,10.096471911051047,0,1,113,455,0.0,0.008771929824561403,True,max_tpr_with_empirical_fpr_le_target,0.0,0.0,0.001,inf,0,0,114,455,0.0,0.0,False,max_tpr_with_empirical_fpr_le_target,32,True,False,2.1717523453101304,2.0060681340382653,0.7631578947368421,BCP,RF,dp,4.0,23
0.5039329091960671,0.07108155002891842,455,114,0.12087912087912088,0.12087912087912088,0.1,0.13420512068687196,55,11,103,400,0.12087912087912088,0.09649122807017543,True,max_tpr_with_empirical_fpr_le_target,0.017582417582417582,0.017582417582417582,0.01,4.512731309979419,8,1,113,447,0.017582417582417582,0.008771929824561403,True,max_tpr_with_empirical_fpr_le_target,0.008791208791208791,0.008791208791208791,0.001,5.709881923695509,4,0,114,451,0.008791208791208791,0.0,False,max_tpr_with_empirical_fpr_le_target,32,True,False,1.9319217198991774,1.932309128374362,0.7631578947368421,BCP,RF,dp,4.0,24
0.4963755542702911,0.028976286871023715,455,114,0.11648351648351649,0.11648351648351649,0.1,0.5048444028894179,53,11,103,402,0.11648351648351649,0.09649122807017543,True,max_tpr_with_empirical_fpr_le_target,0.017582417582417582,0.017582417582417582,0.01,3.371285979252022,8,1,113,447,0.017582417582417582,0.008771929824561403,True,max_tpr_with_empirical_fpr_le_target,0.006593406593406593,0.006593406593406593,0.001,3.9867377852120827,3,0,114,452,0.006593406593406593,0.0,False,max_tpr_with_empirical_fpr_le_target,32,True,False,2.6471582138993774,2.5679143847969637,0.7631578947368421,BCP,RF,dp,4.0,25
0.5115673799884326,0.06032388663967608,455,114,0.09010989010989011,0.09010989010989011,0.1,0.44045221142935764,41,11,103,414,0.09010989010989011,0.09649122807017543,True,max_tpr_with_empirical_fpr_le_target,0.015384615384615385,0.015384615384615385,0.01,3.9472906032454214,7,1,113,448,0.015384615384615385,0.008771929824561403,True,max_tpr_with_empirical_fpr_le_target,0.006593406593406593,0.006593406593406593,0.001,4.979119123734355,3,0,114,452,0.006593406593406593,0.0,False,max_tpr_with_empirical_fpr_le_target,32,True,False,2.5756932219757855,2.564442023780651,0.7631578947368421,BCP,RF,dp,4.0,26
0.5231733179101601,0.07119722382880278,455,114,0.10989010989010989,0.10989010989010989,0.1,0.7212147235635791,50,11,103,405,0.10989010989010989,0.09649122807017543,True,max_tpr_with_empirical_fpr_le_target,0.013186813186813187,0.013186813186813187,0.01,6.450328078383727,6,1,113,449,0.013186813186813187,0.008771929824561403,True,max_tpr_with_empirical_fpr_le_target,0.01098901098901099,0.01098901098901099,0.001,6.860993158594024,5,0,114,450,0.01098901098901099,0.0,False,max_tpr_with_empirical_fpr_le_target,32,True,False,1.9833921547446267,1.9203668983145998,0.7631578947368421,BCP,RF,dp,4.0,27
0.45209176788124156,0.013128976286871041,455,114,0.09230769230769231,0.09230769230769231,0.1,0.8678431474636987,42,11,103,413,0.09230769230769231,0.09649122807017543,True,max_tpr_with_empirical_fpr_le_target,0.017582417582417582,0.017582417582417582,0.01,5.785416561959725,8,1,113,447,0.017582417582417582,0.008771929824561403,True,max_tpr_with_empirical_fpr_le_target,0.008791208791208791,0.008791208791208791,0.001,8.432784740724337,4,0,114,451,0.008791208791208791,0.0,False,max_tpr_with_empirical_fpr_le_target,32,True,False,2.159752849682307,2.0837896768641904,0.7631578947368421,BCP,RF,dp,4.0,28
0.5828995565837671,0.14580682475419315,455,114,0.15824175824175823,0.15824175824175823,0.1,0.2120892459096333,72,10,104,383,0.15824175824175823,0.08771929824561403,True,max_tpr_with_empirical_fpr_le_target,0.006593406593406593,0.006593406593406593,0.01,6.88631819492679,3,1,113,452,0.006593406593406593,0.008771929824561403,True,max_tpr_with_empirical_fpr_le_target,0.004395604395604396,0.004395604395604396,0.001,7.607589670811233,2,0,114,453,0.004395604395604396,0.0,False,max_tpr_with_empirical_fpr_le_target,32,True,False,2.1045113818981016,1.9762311410925135,0.7631578947368421,BCP,RF,dp,4.0,29
0.43998457682668213,0.019664545980335513,455,114,0.0989010989010989,0.0989010989010989,0.1,0.26558701017357356,45,11,103,410,0.0989010989010989,0.09649122807017543,True,max_tpr_with_empirical_fpr_le_target,0.01098901098901099,0.01098901098901099,0.01,3.765000788671223,5,1,113,450,0.01098901098901099,0.008771929824561403,True,max_tpr_with_empirical_fpr_le_target,0.004395604395604396,0.004395604395604396,0.001,5.719831649048534,2,0,114,453,0.004395604395604396,0.0,False,max_tpr_with_empirical_fpr_le_target,32,True,False,2.2864390075119796,2.3005526075744913,0.7631578947368421,BCP,RF,dp,8.0,0
0.5147869674185463,0.052438789280894516,455,114,0.11208791208791209,0.11208791208791209,0.1,1.6005176055178403,51,11,103,404,0.11208791208791209,0.09649122807017543,True,max_tpr_with_empirical_fpr_le_target,0.004395604395604396,0.004395604395604396,0.01,8.294328290605296,2,0,114,453,0.004395604395604396,0.0,True,max_tpr_with_empirical_fpr_le_target,0.004395604395604396,0.004395604395604396,0.001,8.294328290605296,2,0,114,453,0.004395604395604396,0.0,False,max_tpr_with_empirical_fpr_le_target,32,True,False,2.280576142440261,2.061153142280721,0.7631578947368421,BCP,RF,dp,8.0,1
0.4557162136109505,0.04179679969153653,455,114,0.10329670329670329,0.10329670329670329,0.1,1.580878610364799,47,11,103,408,0.10329670329670329,0.09649122807017543,True,max_tpr_with_empirical_fpr_le_target,0.026373626373626374,0.026373626373626374,0.01,6.841747998132323,12,1,113,443,0.026373626373626374,0.008771929824561403,True,max_tpr_with_empirical_fpr_le_target,0.024175824175824177,0.024175824175824177,0.001,7.104496250830369,11,0,114,444,0.024175824175824177,0.0,False,max_tpr_with_empirical_fpr_le_target,32,True,False,1.5631533692096455,1.4952404264269685,0.7631578947368421,BCP,RF,dp,8.0,2
0.5063235010603432,0.05513784461152882,455,114,0.14505494505494507,0.14505494505494507,0.1,0.2023628971535527,66,11,103,389,0.14505494505494507,0.09649122807017543,True,max_tpr_with_empirical_fpr_le_target,0.004395604395604396,0.004395604395604396,0.01,7.848149143024159,2,0,114,453,0.004395604395604396,0.0,True,max_tpr_with_empirical_fpr_le_target,0.004395604395604396,0.004395604395604396,0.001,7.848149143024159,2,0,114,453,0.004395604395604396,0.0,False,max_tpr_with_empirical_fpr_le_target,32,True,False,1.9386392693625505,1.8840321011750423,0.7631578947368421,BCP,RF,dp,8.0,3
0.5070946597262387,0.067129361866204,455,114,0.0989010989010989,0.0989010989010989,0.1,0.26696975564981607,45,10,104,410,0.0989010989010989,0.08771929824561403,True,max_tpr_with_empirical_fpr_le_target,0.01098901098901099,0.01098901098901099,0.01,3.751715788480718,5,1,113,450,0.01098901098901099,0.008771929824561403,True,max_tpr_with_empirical_fpr_le_target,0.0,0.0,0.001,inf,0,0,114,455,0.0,0.0,False,max_tpr_with_empirical_fpr_le_target,32,True,False,2.2890459125519516,2.2410045541274215,0.7631578947368421,BCP,RF,dp,8.0,4
0.4908617698091382,0.05284364758048969,455,114,0.12967032967032968,0.12967032967032968,0.1,0.21628698055359297,59,10,104,396,0.12967032967032968,0.08771929824561403,True,max_tpr_with_empirical_fpr_le_target,0.008791208791208791,0.008791208791208791,0.01,6.045782435964025,4,1,113,451,0.008791208791208791,0.008771929824561403,True,max_tpr_with_empirical_fpr_le_target,0.0,0.0,0.001,inf,0,0,114,455,0.0,0.0,False,max_tpr_with_empirical_fpr_le_target,32,True,False,1.9057169269685865,1.8515657811696298,0.7631578947368421,BCP,RF,dp,8.0,5
0.47019471756313863,0.022190090611143243,455,114,0.11868131868131868,0.11868131868131868,0.1,0.22270082165553617,54,11,103,401,0.11868131868131868,0.09649122807017543,True,max_tpr_with_empirical_fpr_le_target,0.017582417582417582,0.017582417582417582,0.01,5.37451891288617,8,1,113,447,0.017582417582417582,0.008771929824561403,True,max_tpr_with_empirical_fpr_le_target,0.004395604395604396,0.004395604395604396,0.001,8.791422969874517,2,0,114,453,0.004395604395604396,0.0,False,max_tpr_with_empirical_fpr_le_target,32,True,False,1.8557784938870594,1.7971701652783694,0.7631578947368421,BCP,RF,dp,8.0,6
0.5005398110661269,0.06471949103528046,455,114,0.07472527472527472,0.07472527472527472,0.1,0.7472612881072482,34,9,105,421,0.07472527472527472,0.07894736842105263,True,max_tpr_with_empirical_fpr_le_target,0.004395604395604396,0.004395604395604396,0.01,5.666377097565688,2,1,113,453,0.004395604395604396,0.008771929824561403,True,max_tpr_with_empirical_fpr_le_target,0.002197802197802198,0.002197802197802198,0.001,7.591684067253777,1,0,114,454,0.002197802197802198,0.0,False,max_tpr_with_empirical_fpr_le_target,32,True,False,2.2993309859105175,2.245807202104262,0.7631578947368421,BCP,RF,dp,8.0,7
0.4678619625988047,0.041758241758241756,455,114,0.11648351648351649,0.11648351648351649,0.1,2.0266963254425647,53,11,103,402,0.11648351648351649,0.09649122807017543,True,max_tpr_with_empirical_fpr_le_target,0.046153846153846156,0.046153846153846156,0.01,5.7934036958600075,21,1,113,434,0.046153846153846156,0.008771929824561403,True,max_tpr_with_empirical_fpr_le_target,0.041758241758241756,0.041758241758241756,0.001,6.257382583062244,19,0,114,436,0.041758241758241756,0.0,False,max_tpr_with_empirical_fpr_le_target,32,True,False,1.783346673021724,1.648690431525038,0.7631578947368421,BCP,RF,dp,8.0,8
0.5242529400424139,0.08874108347792559,455,114,0.14725274725274726,0.14725274725274726,0.1,0.21072731406690703,67,11,103,388,0.14725274725274726,0.09649122807017543,True,max_tpr_with_empirical_fpr_le_target,0.006593406593406593,0.006593406593406593,0.01,7.247228620340758,3,1,113,452,0.006593406593406593,0.008771929824561403,True,max_tpr_with_empirical_fpr_le_target,0.0,0.0,0.001,inf,0,0,114,455,0.0,0.0,False,max_tpr_with_empirical_fpr_le_target,32,True,False,2.066433398352946,1.9688747306586432,0.7631578947368421,BCP,RF,dp,8.0,9
0.5419124734914209,0.1195874301137459,455,114,0.10989010989010989,0.10989010989010989,0.1,0.3178276699825453,50,10,104,405,0.10989010989010989,0.08771929824561403,True,max_tpr_with_empirical_fpr_le_target,0.006593406593406593,0.006593406593406593,0.01,4.3443150483116675,3,1,113,452,0.006593406593406593,0.008771929824561403,True,max_tpr_with_empirical_fpr_le_target,0.002197802197802198,0.002197802197802198,0.001,5.971628853643539,1,0,114,454,0.002197802197802198,0.0,False,max_tpr_with_empirical_fpr_le_target,32,True,False,2.596401744931072,2.5138284826394055,0.7631578947368421,BCP,RF,dp,8.0,10
0.5425679583574321,0.11700404858299598,455,114,0.16043956043956045,0.16043956043956045,0.1,0.07234592175751642,73,11,103,382,0.16043956043956045,0.09649122807017543,True,max_tpr_with_empirical_fpr_le_target,0.01978021978021978,0.01978021978021978,0.01,4.299603513545202,9,1,113,446,0.01978021978021978,0.008771929824561403,True,max_tpr_with_empirical_fpr_le_target,0.017582417582417582,0.017582417582417582,0.001,4.527881752691226,8,0,114,447,0.017582417582417582,0.0,False,max_tpr_with_empirical_fpr_le_target,32,True,False,2.424609704864946,2.33893992612385,0.7631578947368421,BCP,RF,dp,8.0,11
0.5341237709658763,0.11704260651629073,455,114,0.14065934065934066,0.14065934065934066,0.1,0.1585172587866961,64,11,103,391,0.14065934065934066,0.09649122807017543,True,max_tpr_with_empirical_fpr_le_target,0.002197802197802198,0.002197802197802198,0.01,6.137504130013257,1,0,114,454,0.002197802197802198,0.0,True,max_tpr_with_empirical_fpr_le_target,0.002197802197802198,0.002197802197802198,0.001,6.137504130013257,1,0,114,454,0.002197802197802198,0.0,False,max_tpr_with_empirical_fpr_le_target,32,True,False,2.108195425774627,2.0660438342537124,0.7631578947368421,BCP,RF,dp,8.0,12
0.5031231925968769,0.051667630614999016,455,114,0.12747252747252746,0.12747252747252746,0.1,0.32533357085353165,58,11,103,397,0.12747252747252746,0.09649122807017543,True,max_tpr_with_empirical_fpr_le_target,0.02857142857142857,0.02857142857142857,0.01,3.5870942800029972,13,1,113,442,0.02857142857142857,0.008771929824561403,True,max_tpr_with_empirical_fpr_le_target,0.026373626373626374,0.026373626373626374,0.001,3.7260951775907163,12,0,114,443,0.026373626373626374,0.0,False,max_tpr_with_empirical_fpr_le_target,32,True,False,2.6776122366925694,2.5769249691365648,0.7631578947368421,BCP,RF,dp,8.0,13
0.5148062463851938,0.08448043184885295,455,114,0.0967032967032967,0.0967032967032967,0.1,0.6012323137313871,44,9,105,411,0.0967032967032967,0.07894736842105263,True,max_tpr_with_empirical_fpr_le_target,0.006593406593406593,0.006593406593406593,0.01,5.18088926519658,3,1,113,452,0.006593406593406593,0.008771929824561403,True,max_tpr_with_empirical_fpr_le_target,0.002197802197802198,0.002197802197802198,0.001,6.280129913906009,1,0,114,454,0.002197802197802198,0.0,False,max_tpr_with_empirical_fpr_le_target,32,True,False,2.1972462506107804,2.167651278893494,0.7631578947368421,BCP,RF,dp,8.0,14
0.5762483130904184,0.13998457682668208,455,114,0.16483516483516483,0.16483516483516483,0.1,0.11155426311633909,75,11,103,380,0.16483516483516483,0.09649122807017543,True,max_tpr_with_empirical_fpr_le_target,0.01098901098901099,0.01098901098901099,0.01,5.072069529214234,5,1,113,450,0.01098901098901099,0.008771929824561403,True,max_tpr_with_empirical_fpr_le_target,0.004395604395604396,0.004395604395604396,0.001,6.135065869204813,2,0,114,453,0.004395604395604396,0.0,False,max_tpr_with_empirical_fpr_le_target,32,True,False,2.5260172528558757,2.3958600720296035,0.7631578947368421,BCP,RF,dp,8.0,15
0.555195681511471,0.11260844418739155,455,114,0.15824175824175823,0.15824175824175823,0.1,0.11400068758730741,72,11,103,383,0.15824175824175823,0.09649122807017543,True,max_tpr_with_empirical_fpr_le_target,0.008791208791208791,0.008791208791208791,0.01,4.102102586027204,4,1,113,451,0.008791208791208791,0.008771929824561403,True,max_tpr_with_empirical_fpr_le_target,0.004395604395604396,0.004395604395604396,0.001,5.162480096596276,2,0,114,453,0.004395604395604396,0.0,False,max_tpr_with_empirical_fpr_le_target,32,True,False,1.9973306024869666,2.0285831844681037,0.7631578947368421,BCP,RF,dp,8.0,16
0.5080971659919028,0.06473877000192796,455,114,0.10989010989010989,0.10989010989010989,0.1,0.2839957718320907,50,10,104,405,0.10989010989010989,0.08771929824561403,True,max_tpr_with_empirical_fpr_le_target,0.01098901098901099,0.01098901098901099,0.01,4.199847956232713,5,1,113,450,0.01098901098901099,0.008771929824561403,True,max_tpr_with_empirical_fpr_le_target,0.006593406593406593,0.006593406593406593,0.001,5.73103422144842,3,0,114,452,0.006593406593406593,0.0,False,max_tpr_with_empirical_fpr_le_target,32,True,False,2.058619090873621,2.028909438693316,0.7631578947368421,BCP,RF,dp,8.0,17
0.5522845575477154,0.12396375554270295,455,114,0.15164835164835164,0.15164835164835164,0.1,0.11464679924101562,69,10,104,386,0.15164835164835164,0.08771929824561403,True,max_tpr_with_empirical_fpr_le_target,0.01978021978021978,0.01978021978021978,0.01,4.635665457138922,9,1,113,446,0.01978021978021978,0.008771929824561403,True,max_tpr_with_empirical_fpr_le_target,0.013186813186813187,0.013186813186813187,0.001,5.130325663598748,6,0,114,449,0.013186813186813187,0.0,False,max_tpr_with_empirical_fpr_le_target,32,True,False,2.105590047549461,2.003568892219612,0.7631578947368421,BCP,RF,dp,8.0,18
0.5183535762483131,0.08625409678041257,455,114,0.09230769230769231,0.09230769230769231,0.1,0.48826885424273003,42,11,103,413,0.09230769230769231,0.09649122807017543,True,max_tpr_with_empirical_fpr_le_target,0.01978021978021978,0.01978021978021978,0.01,4.055613520493747,9,1,113,446,0.01978021978021978,0.008771929824561403,True,max_tpr_with_empirical_fpr_le_target,0.013186813186813187,0.013186813186813187,0.001,5.64284905731237,6,0,114,449,0.013186813186813187,0.0,False,max_tpr_with_empirical_fpr_le_target,32,True,False,1.8797797537478849,1.8513520780642359,0.7631578947368421,BCP,RF,dp,8.0,19
0.5020435704646231,0.062386736070946636,455,114,0.0945054945054945,0.0945054945054945,0.1,0.19967836469013145,43,11,103,412,0.0945054945054945,0.09649122807017543,True,max_tpr_with_empirical_fpr_le_target,0.02197802197802198,0.02197802197802198,0.01,2.5125967621088723,10,1,113,445,0.02197802197802198,0.008771929824561403,True,max_tpr_with_empirical_fpr_le_target,0.01098901098901099,0.01098901098901099,0.001,4.412250816253323,5,0,114,450,0.01098901098901099,0.0,False,max_tpr_with_empirical_fpr_le_target,32,True,False,2.22794941064684,2.3045647324179175,0.7631578947368421,BCP,RF,dp,8.0,20
0.492192018507808,0.05353769037979561,455,114,0.1054945054945055,0.1054945054945055,0.1,0.2047305606756309,48,11,103,407,0.1054945054945055,0.09649122807017543,True,max_tpr_with_empirical_fpr_le_target,0.046153846153846156,0.046153846153846156,0.01,1.4937858573988247,21,1,113,434,0.046153846153846156,0.008771929824561403,True,max_tpr_with_empirical_fpr_le_target,0.004395604395604396,0.004395604395604396,0.001,5.653266122215237,2,0,114,453,0.004395604395604396,0.0,False,max_tpr_with_empirical_fpr_le_target,32,True,False,2.228419299633452,2.271575178787616,0.7631578947368421,BCP,RF,dp,8.0,21
0.4864276074802391,0.028725660304607673,455,114,0.11428571428571428,0.11428571428571428,0.1,0.20321519334872562,52,11,103,403,0.11428571428571428,0.09649122807017543,True,max_tpr_with_empirical_fpr_le_target,0.015384615384615385,0.015384615384615385,0.01,5.334106814872927,7,1,113,448,0.015384615384615385,0.008771929824561403,True,max_tpr_with_empirical_fpr_le_target,0.013186813186813187,0.013186813186813187,0.001,5.8952709162116825,6,0,114,449,0.013186813186813187,0.0,False,max_tpr_with_empirical_fpr_le_target,32,True,False,2.1988752741286666,2.0712164214416346,0.7631578947368421,BCP,RF,dp,8.0,22
0.48338153074995177,0.031135531135531136,455,114,0.08791208791208792,0.08791208791208792,0.1,2.1937854186822,40,11,103,415,0.08791208791208792,0.09649122807017543,True,max_tpr_with_empirical_fpr_le_target,0.0,0.0,0.01,10.188779022647815,0,1,113,455,0.0,0.008771929824561403,True,max_tpr_with_empirical_fpr_le_target,0.0,0.0,0.001,inf,0,0,114,455,0.0,0.0,False,max_tpr_with_empirical_fpr_le_target,32,True,False,2.168474693327819,1.999277333978374,0.7631578947368421,BCP,RF,dp,8.0,23
0.5107962213225372,0.06865240023134764,455,114,0.13626373626373625,0.13626373626373625,0.1,0.12841873456736685,62,11,103,393,0.13626373626373625,0.09649122807017543,True,max_tpr_with_empirical_fpr_le_target,0.015384615384615385,0.015384615384615385,0.01,4.67466307789768,7,1,113,448,0.015384615384615385,0.008771929824561403,True,max_tpr_with_empirical_fpr_le_target,0.006593406593406593,0.006593406593406593,0.001,6.028206169910108,3,0,114,452,0.006593406593406593,0.0,False,max_tpr_with_empirical_fpr_le_target,32,True,False,1.9278664448439762,1.9315177662436012,0.7631578947368421,BCP,RF,dp,8.0,24
0.4942548679390785,0.05748987854251014,455,114,0.1054945054945055,0.1054945054945055,0.1,0.6309315875453025,48,11,103,407,0.1054945054945055,0.09649122807017543,True,max_tpr_with_empirical_fpr_le_target,0.01978021978021978,0.01978021978021978,0.01,3.6709106150305235,9,1,113,446,0.01978021978021978,0.008771929824561403,True,max_tpr_with_empirical_fpr_le_target,0.006593406593406593,0.006593406593406593,0.001,4.331529234962371,3,0,114,452,0.006593406593406593,0.0,False,max_tpr_with_empirical_fpr_le_target,32,True,False,2.546408502257038,2.466585369260497,0.7631578947368421,BCP,RF,dp,8.0,25
0.5121650279545017,0.05824175824175826,455,114,0.09010989010989011,0.09010989010989011,0.1,0.43121975961347836,41,11,103,414,0.09010989010989011,0.09649122807017543,True,max_tpr_with_empirical_fpr_le_target,0.017582417582417582,0.017582417582417582,0.01,3.6079357377989183,8,1,113,447,0.017582417582417582,0.008771929824561403,True,max_tpr_with_empirical_fpr_le_target,0.004395604395604396,0.004395604395604396,0.001,4.861755514666999,2,0,114,453,0.004395604395604396,0.0,False,max_tpr_with_empirical_fpr_le_target,32,True,False,2.5862880538024813,2.582760644778322,0.7631578947368421,BCP,RF,dp,8.0,26
0.5236745710429921,0.08656256024677078,455,114,0.10989010989010989,0.10989010989010989,0.1,0.7195690958767491,50,11,103,405,0.10989010989010989,0.09649122807017543,True,max_tpr_with_empirical_fpr_le_target,0.015384615384615385,0.015384615384615385,0.01,5.5184963317619875,7,1,113,448,0.015384615384615385,0.008771929824561403,True,max_tpr_with_empirical_fpr_le_target,0.01098901098901099,0.01098901098901099,0.001,6.873685131114769,5,0,114,450,0.01098901098901099,0.0,False,max_tpr_with_empirical_fpr_le_target,32,True,False,1.9815469216844184,1.918589483455875,0.7631578947368421,BCP,RF,dp,8.0,27
0.4516869095816465,0.013206092153460577,455,114,0.0945054945054945,0.0945054945054945,0.1,0.7341838409654375,43,11,103,412,0.0945054945054945,0.09649122807017543,True,max_tpr_with_empirical_fpr_le_target,0.02197802197802198,0.02197802197802198,0.01,5.414893988727387,10,1,113,445,0.02197802197802198,0.008771929824561403,True,max_tpr_with_empirical_fpr_le_target,0.008791208791208791,0.008791208791208791,0.001,8.447472115223807,4,0,114,451,0.008791208791208791,0.0,False,max_tpr_with_empirical_fpr_le_target,32,True,False,2.178431873146793,2.0910295289480283,0.7631578947368421,BCP,RF,dp,8.0,28
0.5817813765182187,0.1480624638519376,455,114,0.15824175824175823,0.15824175824175823,0.1,0.21289312972768615,72,11,103,383,0.15824175824175823,0.09649122807017543,True,max_tpr_with_empirical_fpr_le_target,0.006593406593406593,0.006593406593406593,0.01,6.848998535588583,3,1,113,452,0.006593406593406593,0.008771929824561403,True,max_tpr_with_empirical_fpr_le_target,0.004395604395604396,0.004395604395604396,0.001,7.6305550057786,2,0,114,453,0.004395604395604396,0.0,False,max_tpr_with_empirical_fpr_le_target,32,True,False,2.1014309651013705,1.9733122384101047,0.7631578947368421,BCP,RF,dp,8.0,29
0.43998457682668213,0.019664545980335513,455,114,0.0989010989010989,0.0989010989010989,0.1,0.26558701017357356,45,11,103,410,0.0989010989010989,0.09649122807017543,True,max_tpr_with_empirical_fpr_le_target,0.01098901098901099,0.01098901098901099,0.01,3.765000788671223,5,1,113,450,0.01098901098901099,0.008771929824561403,True,max_tpr_with_empirical_fpr_le_target,0.004395604395604396,0.004395604395604396,0.001,5.719831649048534,2,0,114,453,0.004395604395604396,0.0,False,max_tpr_with_empirical_fpr_le_target,32,True,False,2.2864390075119796,2.3005526075744913,0.7631578947368421,BCP,RF,dp,10.0,0
0.5147869674185463,0.052438789280894516,455,114,0.11208791208791209,0.11208791208791209,0.1,1.6005176055178403,51,11,103,404,0.11208791208791209,0.09649122807017543,True,max_tpr_with_empirical_fpr_le_target,0.004395604395604396,0.004395604395604396,0.01,8.294328290605296,2,0,114,453,0.004395604395604396,0.0,True,max_tpr_with_empirical_fpr_le_target,0.004395604395604396,0.004395604395604396,0.001,8.294328290605296,2,0,114,453,0.004395604395604396,0.0,False,max_tpr_with_empirical_fpr_le_target,32,True,False,2.280576142440261,2.061153142280721,0.7631578947368421,BCP,RF,dp,10.0,1
0.4557162136109505,0.04179679969153653,455,114,0.10329670329670329,0.10329670329670329,0.1,1.580878610364799,47,11,103,408,0.10329670329670329,0.09649122807017543,True,max_tpr_with_empirical_fpr_le_target,0.026373626373626374,0.026373626373626374,0.01,6.841747998132323,12,1,113,443,0.026373626373626374,0.008771929824561403,True,max_tpr_with_empirical_fpr_le_target,0.024175824175824177,0.024175824175824177,0.001,7.104496250830369,11,0,114,444,0.024175824175824177,0.0,False,max_tpr_with_empirical_fpr_le_target,32,True,False,1.5631533692096455,1.4952404264269685,0.7631578947368421,BCP,RF,dp,10.0,2
0.5063235010603432,0.05513784461152882,455,114,0.14505494505494507,0.14505494505494507,0.1,0.2023628971535527,66,11,103,389,0.14505494505494507,0.09649122807017543,True,max_tpr_with_empirical_fpr_le_target,0.004395604395604396,0.004395604395604396,0.01,7.848149143024159,2,0,114,453,0.004395604395604396,0.0,True,max_tpr_with_empirical_fpr_le_target,0.004395604395604396,0.004395604395604396,0.001,7.848149143024159,2,0,114,453,0.004395604395604396,0.0,False,max_tpr_with_empirical_fpr_le_target,32,True,False,1.9386392693625505,1.8840321011750423,0.7631578947368421,BCP,RF,dp,10.0,3
0.5070946597262387,0.067129361866204,455,114,0.0989010989010989,0.0989010989010989,0.1,0.26696975564981607,45,10,104,410,0.0989010989010989,0.08771929824561403,True,max_tpr_with_empirical_fpr_le_target,0.01098901098901099,0.01098901098901099,0.01,3.751715788480718,5,1,113,450,0.01098901098901099,0.008771929824561403,True,max_tpr_with_empirical_fpr_le_target,0.0,0.0,0.001,inf,0,0,114,455,0.0,0.0,False,max_tpr_with_empirical_fpr_le_target,32,True,False,2.2890459125519516,2.2410045541274215,0.7631578947368421,BCP,RF,dp,10.0,4
0.4908617698091382,0.05284364758048969,455,114,0.12967032967032968,0.12967032967032968,0.1,0.21628698055359297,59,10,104,396,0.12967032967032968,0.08771929824561403,True,max_tpr_with_empirical_fpr_le_target,0.008791208791208791,0.008791208791208791,0.01,6.045782435964025,4,1,113,451,0.008791208791208791,0.008771929824561403,True,max_tpr_with_empirical_fpr_le_target,0.0,0.0,0.001,inf,0,0,114,455,0.0,0.0,False,max_tpr_with_empirical_fpr_le_target,32,True,False,1.9057169269685865,1.8515657811696298,0.7631578947368421,BCP,RF,dp,10.0,5
0.47019471756313863,0.022190090611143243,455,114,0.11868131868131868,0.11868131868131868,0.1,0.22270082165553617,54,11,103,401,0.11868131868131868,0.09649122807017543,True,max_tpr_with_empirical_fpr_le_target,0.017582417582417582,0.017582417582417582,0.01,5.37451891288617,8,1,113,447,0.017582417582417582,0.008771929824561403,True,max_tpr_with_empirical_fpr_le_target,0.004395604395604396,0.004395604395604396,0.001,8.791422969874517,2,0,114,453,0.004395604395604396,0.0,False,max_tpr_with_empirical_fpr_le_target,32,True,False,1.8557784938870594,1.7971701652783694,0.7631578947368421,BCP,RF,dp,10.0,6
0.5005398110661269,0.06471949103528046,455,114,0.07472527472527472,0.07472527472527472,0.1,0.7472612881072482,34,9,105,421,0.07472527472527472,0.07894736842105263,True,max_tpr_with_empirical_fpr_le_target,0.004395604395604396,0.004395604395604396,0.01,5.666377097565688,2,1,113,453,0.004395604395604396,0.008771929824561403,True,max_tpr_with_empirical_fpr_le_target,0.002197802197802198,0.002197802197802198,0.001,7.591684067253777,1,0,114,454,0.002197802197802198,0.0,False,max_tpr_with_empirical_fpr_le_target,32,True,False,2.2993309859105175,2.245807202104262,0.7631578947368421,BCP,RF,dp,10.0,7
0.4678619625988047,0.041758241758241756,455,114,0.11648351648351649,0.11648351648351649,0.1,2.0266963254425647,53,11,103,402,0.11648351648351649,0.09649122807017543,True,max_tpr_with_empirical_fpr_le_target,0.046153846153846156,0.046153846153846156,0.01,5.7934036958600075,21,1,113,434,0.046153846153846156,0.008771929824561403,True,max_tpr_with_empirical_fpr_le_target,0.041758241758241756,0.041758241758241756,0.001,6.257382583062244,19,0,114,436,0.041758241758241756,0.0,False,max_tpr_with_empirical_fpr_le_target,32,True,False,1.783346673021724,1.648690431525038,0.7631578947368421,BCP,RF,dp,10.0,8
0.5242336610757663,0.08874108347792559,455,114,0.14725274725274726,0.14725274725274726,0.1,0.21075620406238404,67,11,103,388,0.14725274725274726,0.09649122807017543,True,max_tpr_with_empirical_fpr_le_target,0.006593406593406593,0.006593406593406593,0.01,7.246629972111235,3,1,113,452,0.006593406593406593,0.008771929824561403,True,max_tpr_with_empirical_fpr_le_target,0.0,0.0,0.001,inf,0,0,114,455,0.0,0.0,False,max_tpr_with_empirical_fpr_le_target,32,True,False,2.066372961845788,1.9688747306586432,0.7631578947368421,BCP,RF,dp,10.0,9
0.5419124734914209,0.1195874301137459,455,114,0.10989010989010989,0.10989010989010989,0.1,0.3178276699825453,50,10,104,405,0.10989010989010989,0.08771929824561403,True,max_tpr_with_empirical_fpr_le_target,0.006593406593406593,0.006593406593406593,0.01,4.3443150483116675,3,1,113,452,0.006593406593406593,0.008771929824561403,True,max_tpr_with_empirical_fpr_le_target,0.002197802197802198,0.002197802197802198,0.001,5.971628853643539,1,0,114,454,0.002197802197802198,0.0,False,max_tpr_with_empirical_fpr_le_target,32,True,False,2.596401744931072,2.5138284826394055,0.7631578947368421,BCP,RF,dp,10.0,10
0.5425679583574321,0.11700404858299598,455,114,0.16043956043956045,0.16043956043956045,0.1,0.07234592175751642,73,11,103,382,0.16043956043956045,0.09649122807017543,True,max_tpr_with_empirical_fpr_le_target,0.01978021978021978,0.01978021978021978,0.01,4.299603513545202,9,1,113,446,0.01978021978021978,0.008771929824561403,True,max_tpr_with_empirical_fpr_le_target,0.017582417582417582,0.017582417582417582,0.001,4.527881752691226,8,0,114,447,0.017582417582417582,0.0,False,max_tpr_with_empirical_fpr_le_target,32,True,False,2.424609704864946,2.33893992612385,0.7631578947368421,BCP,RF,dp,10.0,11
0.5341237709658763,0.11704260651629073,455,114,0.14065934065934066,0.14065934065934066,0.1,0.1585172587866961,64,11,103,391,0.14065934065934066,0.09649122807017543,True,max_tpr_with_empirical_fpr_le_target,0.002197802197802198,0.002197802197802198,0.01,6.137504130013257,1,0,114,454,0.002197802197802198,0.0,True,max_tpr_with_empirical_fpr_le_target,0.002197802197802198,0.002197802197802198,0.001,6.137504130013257,1,0,114,454,0.002197802197802198,0.0,False,max_tpr_with_empirical_fpr_le_target,32,True,False,2.108195425774627,2.0660438342537124,0.7631578947368421,BCP,RF,dp,10.0,12
0.5018315018315018,0.04212454212454214,455,114,0.12747252747252746,0.12747252747252746,0.1,0.32541999922424614,58,11,103,397,0.12747252747252746,0.09649122807017543,True,max_tpr_with_empirical_fpr_le_target,0.02857142857142857,0.02857142857142857,0.01,3.586983271496444,13,1,113,442,0.02857142857142857,0.008771929824561403,True,max_tpr_with_empirical_fpr_le_target,0.026373626373626374,0.026373626373626374,0.001,3.7259395129838415,12,0,114,443,0.026373626373626374,0.0,False,max_tpr_with_empirical_fpr_le_target,32,True,False,2.6773228017055266,2.5767896133387422,0.7631578947368421,BCP,RF,dp,10.0,13
0.5148062463851938,0.08448043184885295,455,114,0.0967032967032967,0.0967032967032967,0.1,0.6012323137313871,44,9,105,411,0.0967032967032967,0.07894736842105263,True,max_tpr_with_empirical_fpr_le_target,0.006593406593406593,0.006593406593406593,0.01,5.18088926519658,3,1,113,452,0.006593406593406593,0.008771929824561403,True,max_tpr_with_empirical_fpr_le_target,0.002197802197802198,0.002197802197802198,0.001,6.280129913906009,1,0,114,454,0.002197802197802198,0.0,False,max_tpr_with_empirical_fpr_le_target,32,True,False,2.1972462506107804,2.167651278893494,0.7631578947368421,BCP,RF,dp,10.0,14
0.5762483130904184,0.13998457682668208,455,114,0.16483516483516483,0.16483516483516483,0.1,0.11155426311633909,75,11,103,380,0.16483516483516483,0.09649122807017543,True,max_tpr_with_empirical_fpr_le_target,0.01098901098901099,0.01098901098901099,0.01,5.072069529214234,5,1,113,450,0.01098901098901099,0.008771929824561403,True,max_tpr_with_empirical_fpr_le_target,0.004395604395604396,0.004395604395604396,0.001,6.135065869204813,2,0,114,453,0.004395604395604396,0.0,False,max_tpr_with_empirical_fpr_le_target,32,True,False,2.5260172528558757,2.3958600720296035,0.7631578947368421,BCP,RF,dp,10.0,15
0.555195681511471,0.11260844418739155,455,114,0.15824175824175823,0.15824175824175823,0.1,0.11400068758730741,72,11,103,383,0.15824175824175823,0.09649122807017543,True,max_tpr_with_empirical_fpr_le_target,0.008791208791208791,0.008791208791208791,0.01,4.102102586027204,4,1,113,451,0.008791208791208791,0.008771929824561403,True,max_tpr_with_empirical_fpr_le_target,0.004395604395604396,0.004395604395604396,0.001,5.162480096596276,2,0,114,453,0.004395604395604396,0.0,False,max_tpr_with_empirical_fpr_le_target,32,True,False,1.9973306024869666,2.0285831844681037,0.7631578947368421,BCP,RF,dp,10.0,16
0.5080971659919028,0.06473877000192796,455,114,0.10989010989010989,0.10989010989010989,0.1,0.2839957718320907,50,10,104,405,0.10989010989010989,0.08771929824561403,True,max_tpr_with_empirical_fpr_le_target,0.01098901098901099,0.01098901098901099,0.01,4.199847956232713,5,1,113,450,0.01098901098901099,0.008771929824561403,True,max_tpr_with_empirical_fpr_le_target,0.006593406593406593,0.006593406593406593,0.001,5.73103422144842,3,0,114,452,0.006593406593406593,0.0,False,max_tpr_with_empirical_fpr_le_target,32,True,False,2.058619090873621,2.028909438693316,0.7631578947368421,BCP,RF,dp,10.0,17
0.5522845575477154,0.12396375554270295,455,114,0.15164835164835164,0.15164835164835164,0.1,0.11464679924101562,69,10,104,386,0.15164835164835164,0.08771929824561403,True,max_tpr_with_empirical_fpr_le_target,0.01978021978021978,0.01978021978021978,0.01,4.635665457138922,9,1,113,446,0.01978021978021978,0.008771929824561403,True,max_tpr_with_empirical_fpr_le_target,0.013186813186813187,0.013186813186813187,0.001,5.130325663598748,6,0,114,449,0.013186813186813187,0.0,False,max_tpr_with_empirical_fpr_le_target,32,True,False,2.105590047549461,2.003568892219612,0.7631578947368421,BCP,RF,dp,10.0,18
0.5183535762483131,0.08625409678041257,455,114,0.09230769230769231,0.09230769230769231,0.1,0.48826885424273003,42,11,103,413,0.09230769230769231,0.09649122807017543,True,max_tpr_with_empirical_fpr_le_target,0.01978021978021978,0.01978021978021978,0.01,4.055613520493747,9,1,113,446,0.01978021978021978,0.008771929824561403,True,max_tpr_with_empirical_fpr_le_target,0.013186813186813187,0.013186813186813187,0.001,5.64284905731237,6,0,114,449,0.013186813186813187,0.0,False,max_tpr_with_empirical_fpr_le_target,32,True,False,1.8797797537478849,1.8513520780642359,0.7631578947368421,BCP,RF,dp,10.0,19
0.5020435704646231,0.062386736070946636,455,114,0.0945054945054945,0.0945054945054945,0.1,0.19967836469013145,43,11,103,412,0.0945054945054945,0.09649122807017543,True,max_tpr_with_empirical_fpr_le_target,0.02197802197802198,0.02197802197802198,0.01,2.5125967621088723,10,1,113,445,0.02197802197802198,0.008771929824561403,True,max_tpr_with_empirical_fpr_le_target,0.01098901098901099,0.01098901098901099,0.001,4.412250816253323,5,0,114,450,0.01098901098901099,0.0,False,max_tpr_with_empirical_fpr_le_target,32,True,False,2.22794941064684,2.3045647324179175,0.7631578947368421,BCP,RF,dp,10.0,20
0.492192018507808,0.05353769037979561,455,114,0.1054945054945055,0.1054945054945055,0.1,0.2047305606756309,48,11,103,407,0.1054945054945055,0.09649122807017543,True,max_tpr_with_empirical_fpr_le_target,0.046153846153846156,0.046153846153846156,0.01,1.4937858573988247,21,1,113,434,0.046153846153846156,0.008771929824561403,True,max_tpr_with_empirical_fpr_le_target,0.004395604395604396,0.004395604395604396,0.001,5.653266122215237,2,0,114,453,0.004395604395604396,0.0,False,max_tpr_with_empirical_fpr_le_target,32,True,False,2.228419299633452,2.271575178787616,0.7631578947368421,BCP,RF,dp,10.0,21
0.4864276074802391,0.028725660304607673,455,114,0.11428571428571428,0.11428571428571428,0.1,0.20321519334872562,52,11,103,403,0.11428571428571428,0.09649122807017543,True,max_tpr_with_empirical_fpr_le_target,0.015384615384615385,0.015384615384615385,0.01,5.334106814872927,7,1,113,448,0.015384615384615385,0.008771929824561403,True,max_tpr_with_empirical_fpr_le_target,0.013186813186813187,0.013186813186813187,0.001,5.8952709162116825,6,0,114,449,0.013186813186813187,0.0,False,max_tpr_with_empirical_fpr_le_target,32,True,False,2.1988752741286666,2.0712164214416346,0.7631578947368421,BCP,RF,dp,10.0,22
0.48338153074995177,0.031135531135531136,455,114,0.08791208791208792,0.08791208791208792,0.1,2.1937854186822,40,11,103,415,0.08791208791208792,0.09649122807017543,True,max_tpr_with_empirical_fpr_le_target,0.0,0.0,0.01,10.188779022647815,0,1,113,455,0.0,0.008771929824561403,True,max_tpr_with_empirical_fpr_le_target,0.0,0.0,0.001,inf,0,0,114,455,0.0,0.0,False,max_tpr_with_empirical_fpr_le_target,32,True,False,2.168474693327819,1.999277333978374,0.7631578947368421,BCP,RF,dp,10.0,23
0.5107962213225372,0.06865240023134764,455,114,0.13626373626373625,0.13626373626373625,0.1,0.12841873456736685,62,11,103,393,0.13626373626373625,0.09649122807017543,True,max_tpr_with_empirical_fpr_le_target,0.015384615384615385,0.015384615384615385,0.01,4.67466307789768,7,1,113,448,0.015384615384615385,0.008771929824561403,True,max_tpr_with_empirical_fpr_le_target,0.006593406593406593,0.006593406593406593,0.001,6.028206169910108,3,0,114,452,0.006593406593406593,0.0,False,max_tpr_with_empirical_fpr_le_target,32,True,False,1.9278664448439762,1.9315177662436012,0.7631578947368421,BCP,RF,dp,10.0,24
0.4942548679390785,0.05748987854251014,455,114,0.1054945054945055,0.1054945054945055,0.1,0.6309315875453025,48,11,103,407,0.1054945054945055,0.09649122807017543,True,max_tpr_with_empirical_fpr_le_target,0.01978021978021978,0.01978021978021978,0.01,3.6709106150305235,9,1,113,446,0.01978021978021978,0.008771929824561403,True,max_tpr_with_empirical_fpr_le_target,0.006593406593406593,0.006593406593406593,0.001,4.331529234962371,3,0,114,452,0.006593406593406593,0.0,False,max_tpr_with_empirical_fpr_le_target,32,True,False,2.546408502257038,2.466585369260497,0.7631578947368421,BCP,RF,dp,10.0,25
0.5121650279545017,0.05824175824175826,455,114,0.09010989010989011,0.09010989010989011,0.1,0.43121975961347836,41,11,103,414,0.09010989010989011,0.09649122807017543,True,max_tpr_with_empirical_fpr_le_target,0.017582417582417582,0.017582417582417582,0.01,3.6079357377989183,8,1,113,447,0.017582417582417582,0.008771929824561403,True,max_tpr_with_empirical_fpr_le_target,0.004395604395604396,0.004395604395604396,0.001,4.861755514666999,2,0,114,453,0.004395604395604396,0.0,False,max_tpr_with_empirical_fpr_le_target,32,True,False,2.5862880538024813,2.582760644778322,0.7631578947368421,BCP,RF,dp,10.0,26
0.5236745710429921,0.08656256024677078,455,114,0.10989010989010989,0.10989010989010989,0.1,0.7195690958767491,50,11,103,405,0.10989010989010989,0.09649122807017543,True,max_tpr_with_empirical_fpr_le_target,0.015384615384615385,0.015384615384615385,0.01,5.5184963317619875,7,1,113,448,0.015384615384615385,0.008771929824561403,True,max_tpr_with_empirical_fpr_le_target,0.01098901098901099,0.01098901098901099,0.001,6.873685131114769,5,0,114,450,0.01098901098901099,0.0,False,max_tpr_with_empirical_fpr_le_target,32,True,False,1.9815469216844184,1.918589483455875,0.7631578947368421,BCP,RF,dp,10.0,27
0.4516869095816465,0.013206092153460577,455,114,0.0945054945054945,0.0945054945054945,0.1,0.7341838409654375,43,11,103,412,0.0945054945054945,0.09649122807017543,True,max_tpr_with_empirical_fpr_le_target,0.02197802197802198,0.02197802197802198,0.01,5.414893988727387,10,1,113,445,0.02197802197802198,0.008771929824561403,True,max_tpr_with_empirical_fpr_le_target,0.008791208791208791,0.008791208791208791,0.001,8.447472115223807,4,0,114,451,0.008791208791208791,0.0,False,max_tpr_with_empirical_fpr_le_target,32,True,False,2.178431873146793,2.0910295289480283,0.7631578947368421,BCP,RF,dp,10.0,28
0.5817813765182187,0.1480624638519376,455,114,0.15824175824175823,0.15824175824175823,0.1,0.21289312972768615,72,11,103,383,0.15824175824175823,0.09649122807017543,True,max_tpr_with_empirical_fpr_le_target,0.006593406593406593,0.006593406593406593,0.01,6.848998535588583,3,1,113,452,0.006593406593406593,0.008771929824561403,True,max_tpr_with_empirical_fpr_le_target,0.004395604395604396,0.004395604395604396,0.001,7.6305550057786,2,0,114,453,0.004395604395604396,0.0,False,max_tpr_with_empirical_fpr_le_target,32,True,False,2.1014309651013705,1.9733122384101047,0.7631578947368421,BCP,RF,dp,10.0,29
0.5103046076730287,0.03942548679390778,455,114,0.08791208791208792,0.10045137658040885,0.1,0.33621875365999765,40,10,104,415,0.08791208791208792,0.08771929824561403,True,max_tpr_with_empirical_fpr_le_target,0.02857142857142857,0.02857142857142857,0.01,1.0965173706984994,13,1,113,442,0.02857142857142857,0.008771929824561403,True,max_tpr_with_empirical_fpr_le_target,0.01978021978021978,0.01978021978021978,0.001,2.7017044455248227,9,0,114,446,0.01978021978021978,0.0,False,max_tpr_with_empirical_fpr_le_target,32,True,False,1.1027656428523613,1.5432726176861373,0.9210526315789473,BCP,GNB,standard,,0
0.5104010025062656,0.03740119529593214,455,114,0.0945054945054945,0.0981070542360865,0.1,0.15697295382909648,43,11,103,412,0.0945054945054945,0.09649122807017543,True,max_tpr_with_empirical_fpr_le_target,0.03736263736263736,0.03736263736263736,0.01,0.7517442690055012,17,1,113,438,0.03736263736263736,0.008771929824561403,True,max_tpr_with_empirical_fpr_le_target,0.02857142857142857,0.02857142857142857,0.001,1.3444820868707759,13,0,114,442,0.02857142857142857,0.0,False,max_tpr_with_empirical_fpr_le_target,32,True,False,1.2269707491106057,1.4354486597894323,0.9210526315789473,BCP,GNB,standard,,1
0.49164256795835737,0.02197802197802198,455,114,0.07252747252747253,0.07614793808342198,0.1,0.14937431795481348,33,11,103,422,0.07252747252747253,0.09649122807017543,True,max_tpr_with_empirical_fpr_le_target,0.02197802197802198,0.02197802197802198,0.01,2.3661573340939324,10,0,114,445,0.02197802197802198,0.0,True,max_tpr_with_empirical_fpr_le_target,0.02197802197802198,0.02197802197802198,0.001,2.3661573340939324,10,0,114,445,0.02197802197802198,0.0,False,max_tpr_with_empirical_fpr_le_target,32,True,False,1.3468327833452896,1.563817681687935,0.9210526315789473,BCP,GNB,standard,,2
0.49358010410641995,0.026431463273568538,455,114,0.08571428571428572,0.08571428571428572,0.1,0.015084695022575811,39,11,103,416,0.08571428571428572,0.09649122807017543,True,max_tpr_with_empirical_fpr_le_target,0.02857142857142857,0.02857142857142857,0.01,0.9263729668835579,13,1,113,442,0.02857142857142857,0.008771929824561403,True,max_tpr_with_empirical_fpr_le_target,0.017582417582417582,0.017582417582417582,0.001,3.904294453061602,8,0,114,447,0.017582417582417582,0.0,False,max_tpr_with_empirical_fpr_le_target,32,True,False,1.2105916198337823,1.2172251900911895,0.9210526315789473,BCP,GNB,standard,,3
0.48519375361480627,0.024175824175824177,455,114,0.07912087912087912,0.07912087912087912,0.1,0.19389116656400995,36,8,106,419,0.07912087912087912,0.07017543859649122,True,max_tpr_with_empirical_fpr_le_target,0.024175824175824177,0.024175824175824177,0.01,1.8734352514088388,11,0,114,444,0.024175824175824177,0.0,True,max_tpr_with_empirical_fpr_le_target,0.024175824175824177,0.024175824175824177,0.001,1.8734352514088388,11,0,114,444,0.024175824175824177,0.0,False,max_tpr_with_empirical_fpr_le_target,32,True,False,1.1608886643817238,1.401461979452244,0.9210526315789473,BCP,GNB,standard,,4
0.5169462116830539,0.024060150375939893,455,114,0.0989010989010989,0.11988895315211105,0.1,0.12866833390576193,45,9,105,410,0.0989010989010989,0.07894736842105263,True,max_tpr_with_empirical_fpr_le_target,0.017582417582417582,0.017582417582417582,0.01,1.0725373534896656,8,1,113,447,0.017582417582417582,0.008771929824561403,True,max_tpr_with_empirical_fpr_le_target,0.013186813186813187,0.013186813186813187,0.001,5.220684866706424,6,0,114,449,0.013186813186813187,0.0,False,max_tpr_with_empirical_fpr_le_target,32,True,False,1.2474791197182364,1.4184789256542454,0.9210526315789473,BCP,GNB,standard,,5
0.5084731058415269,0.028687102371312903,455,114,0.08791208791208792,0.09157348146359137,0.1,0.15177022102005222,40,11,103,415,0.08791208791208792,0.09649122807017543,True,max_tpr_with_empirical_fpr_le_target,0.015384615384615385,0.015384615384615385,0.01,2.2447139861659346,7,0,114,448,0.015384615384615385,0.0,True,max_tpr_with_empirical_fpr_le_target,0.015384615384615385,0.015384615384615385,0.001,2.2447139861659346,7,0,114,448,0.015384615384615385,0.0,False,max_tpr_with_empirical_fpr_le_target,32,True,False,1.2631021945243948,1.4687693447018666,0.9210526315789473,BCP,GNB,standard,,6
0.5231154810102178,0.048139579718527004,455,114,0.08791208791208792,0.10969899665551841,0.1,0.2116344448871772,40,9,105,415,0.08791208791208792,0.07894736842105263,True,max_tpr_with_empirical_fpr_le_target,0.03956043956043956,0.03956043956043956,0.01,0.521455605206377,18,1,113,437,0.03956043956043956,0.008771929824561403,True,max_tpr_with_empirical_fpr_le_target,0.026373626373626374,0.026373626373626374,0.001,1.0215840549345745,12,0,114,443,0.026373626373626374,0.0,False,max_tpr_with_empirical_fpr_le_target,32,True,False,1.1693075963509303,1.4447996742821547,0.9210526315789473,BCP,GNB,standard,,7
0.48462502409870833,0.04179679969153653,455,114,0.07912087912087912,0.07912087912087912,0.1,0.18022261058794142,36,9,105,419,0.07912087912087912,0.07894736842105263,True,max_tpr_with_empirical_fpr_le_target,0.05054945054945055,0.05054945054945055,0.01,0.5607218433254928,23,1,113,432,0.05054945054945055,0.008771929824561403,True,max_tpr_with_empirical_fpr_le_target,0.02857142857142857,0.02857142857142857,0.001,1.0328268114198742,13,0,114,442,0.02857142857142857,0.0,False,max_tpr_with_empirical_fpr_le_target,32,True,False,1.1927857527070298,1.4152932007916015,0.9210526315789473,BCP,GNB,standard,,8
0.5117505301715828,0.039676113360323895,455,114,0.0945054945054945,0.10691035280508966,0.1,0.11317009835336345,43,10,104,412,0.0945054945054945,0.08771929824561403,True,max_tpr_with_empirical_fpr_le_target,0.03076923076923077,0.03076923076923077,0.01,0.8802812825710431,14,1,113,441,0.03076923076923077,0.008771929824561403,True,max_tpr_with_empirical_fpr_le_target,0.017582417582417582,0.017582417582417582,0.001,2.5248218249944623,8,0,114,447,0.017582417582417582,0.0,False,max_tpr_with_empirical_fpr_le_target,32,True,False,1.1078231392794564,1.2403984873102554,0.9210526315789473,BCP,GNB,standard,,9
0.5538654328128012,0.07005976479660692,455,114,0.09230769230769231,0.15719322344322345,0.1,0.18691658749127327,42,4,110,413,0.09230769230769231,0.03508771929824561,True,max_tpr_with_empirical_fpr_le_target,0.07692307692307693,0.07692307692307693,0.01,0.218583046839413,35,1,113,420,0.07692307692307693,0.008771929824561403,True,max_tpr_with_empirical_fpr_le_target,0.05054945054945055,0.05054945054945055,0.001,0.3694968928391762,23,0,114,432,0.05054945054945055,0.0,False,max_tpr_with_empirical_fpr_le_target,32,True,False,1.1569092903536065,1.3944431789226603,0.9210526315789473,BCP,GNB,standard,,10
0.5001253132832081,0.02859070753807596,455,114,0.07912087912087912,0.08276295133437991,0.1,0.18080736776078776,36,11,103,419,0.07912087912087912,0.09649122807017543,True,max_tpr_with_empirical_fpr_le_target,0.03736263736263736,0.03736263736263736,0.01,0.5872893345222692,17,1,113,438,0.03736263736263736,0.008771929824561403,True,max_tpr_with_empirical_fpr_le_target,0.01978021978021978,0.01978021978021978,0.001,1.2168950194491057,9,0,114,446,0.01978021978021978,0.0,False,max_tpr_with_empirical_fpr_le_target,32,True,False,1.196942608298113,1.4341578545871592,0.9210526315789473,BCP,GNB,standard,,11
0.48361287834972044,0.013206092153460577,455,114,0.08351648351648351,0.08351648351648351,0.1,0.22880899967770119,38,10,104,417,0.08351648351648351,0.08771929824561403,True,max_tpr_with_empirical_fpr_le_target,0.02197802197802198,0.02197802197802198,0.01,1.6992770196743012,10,1,113,445,0.02197802197802198,0.008771929824561403,True,max_tpr_with_empirical_fpr_le_target,0.013186813186813187,0.013186813186813187,0.001,8.395095897944085,6,0,114,449,0.013186813186813187,0.0,False,max_tpr_with_empirical_fpr_le_target,32,True,False,1.1340040077174027,1.4213536098363022,0.9210526315789473,BCP,GNB,standard,,12
0.5292365529207635,0.04179679969153653,455,114,0.0989010989010989,0.12886986697513014,0.1,0.05838302710041976,45,8,106,410,0.0989010989010989,0.07017543859649122,True,max_tpr_with_empirical_fpr_le_target,0.05054945054945055,0.05054945054945055,0.01,0.33547207532692336,23,1,113,432,0.05054945054945055,0.008771929824561403,True,max_tpr_with_empirical_fpr_le_target,0.03956043956043956,0.03956043956043956,0.001,0.46750212821364157,18,0,114,437,0.03956043956043956,0.0,False,max_tpr_with_empirical_fpr_le_target,32,True,False,1.2347387363809916,1.3089695149464116,0.9210526315789473,BCP,GNB,standard,,13
0.49265471370734537,0.015403894351262774,455,114,0.07032967032967033,0.09137362637362638,0.1,0.16298929141464868,32,9,105,423,0.07032967032967033,0.07894736842105263,True,max_tpr_with_empirical_fpr_le_target,0.024175824175824177,0.024175824175824177,0.01,0.8888740260961081,11,1,113,444,0.024175824175824177,0.008771929824561403,True,max_tpr_with_empirical_fpr_le_target,0.015384615384615385,0.015384615384615385,0.001,1.8390245975740718,7,0,114,448,0.015384615384615385,0.0,False,max_tpr_with_empirical_fpr_le_target,32,True,False,1.0983476798684455,1.2925020015846906,0.9210526315789473,BCP,GNB,standard,,14
0.510140736456526,0.030634278002699022,455,114,0.07912087912087912,0.10901098901098902,0.1,0.09200843542488191,36,8,106,419,0.07912087912087912,0.07017543859649122,True,max_tpr_with_empirical_fpr_le_target,0.035164835164835165,0.035164835164835165,0.01,0.7029104754962698,16,1,113,439,0.035164835164835165,0.008771929824561403,True,max_tpr_with_empirical_fpr_le_target,0.015384615384615385,0.015384615384615385,0.001,6.7836804015438235,7,0,114,448,0.015384615384615385,0.0,False,max_tpr_with_empirical_fpr_le_target,32,True,False,1.0488122401182933,1.1497779020152799,0.9210526315789473,BCP,GNB,standard,,15
0.5178137651821862,0.04601889338731446,455,114,0.08131868131868132,0.1196978021978022,0.1,0.1400726690899312,37,7,107,418,0.08131868131868132,0.06140350877192982,True,max_tpr_with_empirical_fpr_le_target,0.02857142857142857,0.02857142857142857,0.01,0.5427103496474881,13,1,113,442,0.02857142857142857,0.008771929824561403,True,max_tpr_with_empirical_fpr_le_target,0.01978021978021978,0.01978021978021978,0.001,0.9453634432308389,9,0,114,446,0.01978021978021978,0.0,False,max_tpr_with_empirical_fpr_le_target,32,True,False,1.057807878652872,1.2168338024929866,0.9210526315789473,BCP,GNB,standard,,16
0.5279834200886833,0.045961056487372365,455,114,0.0989010989010989,0.12039702233250621,0.1,0.17320473722298768,45,9,105,410,0.0989010989010989,0.07894736842105263,True,max_tpr_with_empirical_fpr_le_target,0.046153846153846156,0.046153846153846156,0.01,0.4569550410188914,21,1,113,434,0.046153846153846156,0.008771929824561403,True,max_tpr_with_empirical_fpr_le_target,0.024175824175824177,0.024175824175824177,0.001,1.0899730152168357,11,0,114,444,0.024175824175824177,0.0,False,max_tpr_with_empirical_fpr_le_target,32,True,False,1.2509245865331622,1.487322260783196,0.9210526315789473,BCP,GNB,standard,,17
0.5238962791594369,0.05498361287834973,455,114,0.0945054945054945,0.11600141793690182,0.1,0.21452757215086904,43,9,105,412,0.0945054945054945,0.07894736842105263,True,max_tpr_with_empirical_fpr_le_target,0.05934065934065934,0.05934065934065934,0.01,0.3277676750983325,27,1,113,428,0.05934065934065934,0.008771929824561403,True,max_tpr_with_empirical_fpr_le_target,0.03736263736263736,0.03736263736263736,0.001,0.7053965229374781,17,0,114,438,0.03736263736263736,0.0,False,max_tpr_with_empirical_fpr_le_target,32,True,False,1.1102632690916225,1.3759227336980318,0.9210526315789473,BCP,GNB,standard,,18
0.512781954887218,0.03940620782726045,455,114,0.07472527472527472,0.11320512820512821,0.1,0.2508710371603309,34,7,107,421,0.07472527472527472,0.06140350877192982,True,max_tpr_with_empirical_fpr_le_target,0.02857142857142857,0.02857142857142857,0.01,0.7618323868443149,13,1,113,442,0.02857142857142857,0.008771929824561403,True,max_tpr_with_empirical_fpr_le_target,0.017582417582417582,0.017582417582417582,0.001,1.7374394404177815,8,0,114,447,0.017582417582417582,0.0,False,max_tpr_with_empirical_fpr_le_target,32,True,False,1.1047541514542916,1.4197607625250583,0.9210526315789473,BCP,GNB,standard,,19
0.5197031039136302,0.03522267206477733,455,114,0.07912087912087912,0.11800578368999422,0.1,0.12332851574215553,36,7,107,419,0.07912087912087912,0.06140350877192982,True,max_tpr_with_empirical_fpr_le_target,0.041758241758241756,0.041758241758241756,0.01,0.40419700192684704,19,1,113,436,0.041758241758241756,0.008771929824561403,True,max_tpr_with_empirical_fpr_le_target,0.02857142857142857,0.02857142857142857,0.001,0.8578693552983163,13,0,114,442,0.02857142857142857,0.0,False,max_tpr_with_empirical_fpr_le_target,32,True,False,1.158766126892503,1.3108572978991246,0.9210526315789473,BCP,GNB,standard,,20
0.517158280316175,0.04160401002506264,455,114,0.09010989010989011,0.11148936170212767,0.1,0.04128204408168035,41,9,105,414,0.09010989010989011,0.07894736842105263,True,max_tpr_with_empirical_fpr_le_target,0.024175824175824177,0.024175824175824177,0.01,0.42588383679488495,11,1,113,444,0.024175824175824177,0.008771929824561403,True,max_tpr_with_empirical_fpr_le_target,0.02197802197802198,0.02197802197802198,0.001,1.0382871887243634,10,0,114,445,0.02197802197802198,0.0,False,max_tpr_with_empirical_fpr_le_target,32,True,False,1.2067300047401217,1.2575863283016593,0.9210526315789473,BCP,GNB,standard,,21
0.5132060921534605,0.028687102371312903,455,114,0.08571428571428572,0.10709375730652328,0.1,0.16305476048769818,39,9,105,416,0.08571428571428572,0.07894736842105263,True,max_tpr_with_empirical_fpr_le_target,0.03076923076923077,0.03076923076923077,0.01,0.641496143912551,14,1,113,441,0.03076923076923077,0.008771929824561403,True,max_tpr_with_empirical_fpr_le_target,0.013186813186813187,0.013186813186813187,0.001,2.359582971262686,6,0,114,449,0.013186813186813187,0.0,False,max_tpr_with_empirical_fpr_le_target,32,True,False,1.1845106440686173,1.3941516426887266,0.9210526315789473,BCP,GNB,standard,,22
0.5032003084634664,0.03302486986697513,455,114,0.09010989010989011,0.0936918400748188,0.1,0.16810331608779228,41,11,103,414,0.09010989010989011,0.09649122807017543,True,max_tpr_with_empirical_fpr_le_target,0.01978021978021978,0.01978021978021978,0.01,1.4382827051840081,9,1,113,446,0.01978021978021978,0.008771929824561403,True,max_tpr_with_empirical_fpr_le_target,0.015384615384615385,0.015384615384615385,0.001,3.3791676622619637,7,0,114,448,0.015384615384615385,0.0,False,max_tpr_with_empirical_fpr_le_target,32,True,False,1.1362368597555104,1.3442348793964853,0.9210526315789473,BCP,GNB,standard,,23
0.5348370927318297,0.0572006940427993,455,114,0.0967032967032967,0.11872962202632534,0.1,0.08960833518025013,44,9,105,411,0.0967032967032967,0.07894736842105263,True,max_tpr_with_empirical_fpr_le_target,0.03956043956043956,0.03956043956043956,0.01,0.5393245209588058,18,1,113,437,0.03956043956043956,0.008771929824561403,True,max_tpr_with_empirical_fpr_le_target,0.024175824175824177,0.024175824175824177,0.001,1.5481170792433157,11,0,114,444,0.024175824175824177,0.0,False,max_tpr_with_empirical_fpr_le_target,32,True,False,1.234400634904773,1.3501101478708182,0.9210526315789473,BCP,GNB,standard,,24
0.4911702332754964,0.03720840562945826,455,114,0.07692307692307693,0.08916666666666669,0.1,0.18222403815712407,35,10,104,420,0.07692307692307693,0.08771929824561403,True,max_tpr_with_empirical_fpr_le_target,0.03296703296703297,0.03296703296703297,0.01,0.760986802492104,15,1,113,440,0.03296703296703297,0.008771929824561403,True,max_tpr_with_empirical_fpr_le_target,0.024175824175824177,0.024175824175824177,0.001,1.7562080557959185,11,0,114,444,0.024175824175824177,0.0,False,max_tpr_with_empirical_fpr_le_target,32,True,False,1.11293200845067,1.3353625084153256,0.9210526315789473,BCP,GNB,standard,,25
0.5252940042413727,0.054732986311933685,455,114,0.10329670329670329,0.11586907715939974,0.1,0.1761383511657053,47,10,104,408,0.10329670329670329,0.08771929824561403,True,max_tpr_with_empirical_fpr_le_target,0.041758241758241756,0.041758241758241756,0.01,0.682601827598383,19,1,113,436,0.041758241758241756,0.008771929824561403,True,max_tpr_with_empirical_fpr_le_target,0.026373626373626374,0.026373626373626374,0.001,1.3411780319161544,12,0,114,443,0.026373626373626374,0.0,False,max_tpr_with_empirical_fpr_le_target,32,True,False,1.2126368674180417,1.4461770890902914,0.9210526315789473,BCP,GNB,standard,,26
0.5185270869481395,0.030807788702525547,455,114,0.08131868131868132,0.11176525602057519,0.1,0.13291966137145228,37,8,106,418,0.08131868131868132,0.07017543859649122,True,max_tpr_with_empirical_fpr_le_target,0.03736263736263736,0.03736263736263736,0.01,0.45620271976603566,17,1,113,438,0.03736263736263736,0.008771929824561403,True,max_tpr_with_empirical_fpr_le_target,0.03076923076923077,0.03076923076923077,0.001,0.6140513483729262,14,0,114,441,0.03076923076923077,0.0,False,max_tpr_with_empirical_fpr_le_target,32,True,False,1.13114326360208,1.2919401162664732,0.9210526315789473,BCP,GNB,standard,,27
0.5379795642953538,0.050279545016387206,455,114,0.08791208791208792,0.13588964227262101,0.1,0.1557595919213126,40,6,108,415,0.08791208791208792,0.05263157894736842,True,max_tpr_with_empirical_fpr_le_target,0.03296703296703297,0.03296703296703297,0.01,0.7310456365291631,15,1,113,440,0.03296703296703297,0.008771929824561403,True,max_tpr_with_empirical_fpr_le_target,0.03076923076923077,0.03076923076923077,0.001,0.8557806411533362,14,0,114,441,0.03076923076923077,0.0,False,max_tpr_with_empirical_fpr_le_target,32,True,False,1.199133297639937,1.400926333715054,0.9210526315789473,BCP,GNB,standard,,28
0.49445729708887604,0.02197802197802198,455,114,0.08351648351648351,0.08351648351648351,0.1,0.09675028265397345,38,11,103,417,0.08351648351648351,0.09649122807017543,True,max_tpr_with_empirical_fpr_le_target,0.024175824175824177,0.024175824175824177,0.01,3.41476588376736,11,1,113,444,0.024175824175824177,0.008771929824561403,True,max_tpr_with_empirical_fpr_le_target,0.02197802197802198,0.02197802197802198,0.001,3.4605966427083565,10,0,114,445,0.02197802197802198,0.0,False,max_tpr_with_empirical_fpr_le_target,32,True,False,1.2190101438517194,1.3426752981688956,0.9210526315789473,BCP,GNB,standard,,29
0.4858877964141123,0.04127626759205705,455,114,0.06373626373626373,0.06373626373626373,0.1,0.55602029599053,29,8,106,426,0.06373626373626373,0.07017543859649122,True,max_tpr_with_empirical_fpr_le_target,0.017582417582417582,0.017582417582417582,0.01,0.8221463305564152,8,1,113,447,0.017582417582417582,0.008771929824561403,True,max_tpr_with_empirical_fpr_le_target,0.015384615384615385,0.015384615384615385,0.001,0.8362243617701832,7,0,114,448,0.015384615384615385,0.0,False,max_tpr_with_empirical_fpr_le_target,32,True,False,9.934121753579136,9.827430836354987,0.3684210526315789,BCP,GNB,dp,0.1,0
0.48457682668208985,0.036398689030267994,455,114,0.12527472527472527,0.12527472527472527,0.1,0.4148019819015789,57,11,103,398,0.12527472527472527,0.09649122807017543,True,max_tpr_with_empirical_fpr_le_target,0.017582417582417582,0.017582417582417582,0.01,0.9030730739621742,8,0,114,447,0.017582417582417582,0.0,True,max_tpr_with_empirical_fpr_le_target,0.017582417582417582,0.017582417582417582,0.001,0.9030730739621742,8,0,114,447,0.017582417582417582,0.0,False,max_tpr_with_empirical_fpr_le_target,32,True,False,9.244129415343366,9.274249049272338,0.3684210526315789,BCP,GNB,dp,0.1,1
0.511933680354733,0.04528629265471373,455,114,0.0945054945054945,0.0945054945054945,0.1,0.3889463478711557,43,10,104,412,0.0945054945054945,0.08771929824561403,True,max_tpr_with_empirical_fpr_le_target,0.002197802197802198,0.002197802197802198,0.01,0.9283000075320746,1,1,113,454,0.002197802197802198,0.008771929824561403,True,max_tpr_with_empirical_fpr_le_target,0.0,0.0,0.001,inf,0,0,114,455,0.0,0.0,False,max_tpr_with_empirical_fpr_le_target,32,True,False,10.934369111525443,10.898787210714524,0.3684210526315789,BCP,GNB,dp,0.1,2
0.4979757085020243,0.03672643146327359,455,114,0.07252747252747253,0.07252747252747253,0.1,0.4330952738125702,33,11,103,422,0.07252747252747253,0.09649122807017543,True,max_tpr_with_empirical_fpr_le_target,0.004395604395604396,0.004395604395604396,0.01,0.835888088132068,2,0,114,453,0.004395604395604396,0.0,True,max_tpr_with_empirical_fpr_le_target,0.004395604395604396,0.004395604395604396,0.001,0.835888088132068,2,0,114,453,0.004395604395604396,0.0,False,max_tpr_with_empirical_fpr_le_target,32,True,False,10.135675294066214,10.24515824371583,0.3684210526315789,BCP,GNB,dp,0.1,3
0.518546365914787,0.099652978600347,455,114,0.11208791208791209,0.11208791208791209,0.1,0.3796111409194043,51,11,103,404,0.11208791208791209,0.09649122807017543,True,max_tpr_with_empirical_fpr_le_target,0.03736263736263736,0.03736263736263736,0.01,0.6245589422520346,17,1,113,438,0.03736263736263736,0.008771929824561403,True,max_tpr_with_empirical_fpr_le_target,0.024175824175824177,0.024175824175824177,0.001,0.6884065271124591,11,0,114,444,0.024175824175824177,0.0,False,max_tpr_with_empirical_fpr_le_target,32,True,False,10.270039380378696,10.266843391596261,0.3684210526315789,BCP,GNB,dp,0.1,4
0.4590707538075959,0.04563331405436666,455,114,0.07472527472527472,0.07472527472527472,0.1,0.641241842405524,34,11,103,421,0.07472527472527472,0.09649122807017543,True,max_tpr_with_empirical_fpr_le_target,0.004395604395604396,0.004395604395604396,0.01,1.3944532988583003,2,0,114,453,0.004395604395604396,0.0,True,max_tpr_with_empirical_fpr_le_target,0.004395604395604396,0.004395604395604396,0.001,1.3944532988583003,2,0,114,453,0.004395604395604396,0.0,False,max_tpr_with_empirical_fpr_le_target,32,True,False,10.01909914826453,9.974106927739943,0.3684210526315789,BCP,GNB,dp,0.1,5
0.5255253518411412,0.07532292269134372,455,114,0.15604395604395604,0.15604395604395604,0.1,0.303314136755493,71,11,103,384,0.15604395604395604,0.09649122807017543,True,max_tpr_with_empirical_fpr_le_target,0.04395604395604396,0.04395604395604396,0.01,0.6066286915630599,20,1,113,435,0.04395604395604396,0.008771929824561403,True,max_tpr_with_empirical_fpr_le_target,0.041758241758241756,0.041758241758241756,0.001,0.6190897837430676,19,0,114,436,0.041758241758241756,0.0,False,max_tpr_with_empirical_fpr_le_target,32,True,False,10.585113961114894,10.613660447410497,0.3684210526315789,BCP,GNB,dp,0.1,6
0.49120879120879124,0.05569693464430303,455,114,0.046153846153846156,0.046153846153846156,0.1,0.503818064167517,21,11,103,434,0.046153846153846156,0.09649122807017543,True,max_tpr_with_empirical_fpr_le_target,0.015384615384615385,0.015384615384615385,0.01,0.6722155372523018,7,1,113,448,0.015384615384615385,0.008771929824561403,True,max_tpr_with_empirical_fpr_le_target,0.01098901098901099,0.01098901098901099,0.001,0.7934888582134834,5,0,114,450,0.01098901098901099,0.0,False,max_tpr_with_empirical_fpr_le_target,32,True,False,10.120980946693303,10.050011487880717,0.3684210526315789,BCP,GNB,dp,0.1,7
0.4814921920185078,0.026219394640447313,455,114,0.06373626373626373,0.06373626373626373,0.1,0.6700624323145346,29,11,103,426,0.06373626373626373,0.09649122807017543,True,max_tpr_with_empirical_fpr_le_target,0.008791208791208791,0.008791208791208791,0.01,1.108943062561854,4,1,113,451,0.008791208791208791,0.008771929824561403,True,max_tpr_with_empirical_fpr_le_target,0.006593406593406593,0.006593406593406593,0.001,1.1554872501629152,3,0,114,452,0.006593406593406593,0.0,False,max_tpr_with_empirical_fpr_le_target,32,True,False,9.141496272363424,9.1990970053306,0.3684210526315789,BCP,GNB,dp,0.1,8
0.473298631193368,0.010834779255831872,455,114,0.06153846153846154,0.06153846153846154,0.1,0.4849204386777082,28,11,103,427,0.06153846153846154,0.09649122807017543,True,max_tpr_with_empirical_fpr_le_target,0.017582417582417582,0.017582417582417582,0.01,0.6368446115075579,8,1,113,447,0.017582417582417582,0.008771929824561403,True,max_tpr_with_empirical_fpr_le_target,0.008791208791208791,0.008791208791208791,0.001,0.7417597140107577,4,0,114,451,0.008791208791208791,0.0,False,max_tpr_with_empirical_fpr_le_target,32,True,False,11.019975768847624,10.945470122033008,0.3684210526315789,BCP,GNB,dp,0.1,9
0.4245035666088298,0.00023134759976865815,455,114,0.09230769230769231,0.09230769230769231,0.1,0.3036677678377311,42,11,103,413,0.09230769230769231,0.09649122807017543,True,max_tpr_with_empirical_fpr_le_target,0.008791208791208791,0.008791208791208791,0.01,0.5858335921152626,4,1,113,451,0.008791208791208791,0.008771929824561403,True,max_tpr_with_empirical_fpr_le_target,0.0,0.0,0.001,inf,0,0,114,455,0.0,0.0,False,max_tpr_with_empirical_fpr_le_target,32,True,False,10.337637926501824,10.397910888967894,0.3684210526315789,BCP,GNB,dp,0.1,10
0.46389049546944283,0.026065162907268125,455,114,0.06373626373626373,0.06373626373626373,0.1,0.3330558819383542,29,11,103,426,0.06373626373626373,0.09649122807017543,True,max_tpr_with_empirical_fpr_le_target,0.002197802197802198,0.002197802197802198,0.01,0.7433494159189484,1,0,114,454,0.002197802197802198,0.0,True,max_tpr_with_empirical_fpr_le_target,0.002197802197802198,0.002197802197802198,0.001,0.7433494159189484,1,0,114,454,0.002197802197802198,0.0,False,max_tpr_with_empirical_fpr_le_target,32,True,False,10.894002317558483,10.894618589868308,0.3684210526315789,BCP,GNB,dp,0.1,11
0.49926739926739927,0.0889724310776942,455,114,0.1010989010989011,0.1010989010989011,0.1,0.426018252039285,46,11,103,409,0.1010989010989011,0.09649122807017543,True,max_tpr_with_empirical_fpr_le_target,0.006593406593406593,0.006593406593406593,0.01,0.847194705745892,3,1,113,452,0.006593406593406593,0.008771929824561403,True,max_tpr_with_empirical_fpr_le_target,0.002197802197802198,0.002197802197802198,0.001,1.3405193295714226,1,0,114,454,0.002197802197802198,0.0,False,max_tpr_with_empirical_fpr_le_target,32,True,False,9.582912378417932,9.583932778946732,0.3684210526315789,BCP,GNB,dp,0.1,12
0.5301715828031618,0.10584152689415849,455,114,0.16263736263736264,0.16263736263736264,0.1,0.3202225157904901,74,11,103,381,0.16263736263736264,0.09649122807017543,True,max_tpr_with_empirical_fpr_le_target,0.015384615384615385,0.015384615384615385,0.01,0.6603322298266452,7,1,113,448,0.015384615384615385,0.008771929824561403,True,max_tpr_with_empirical_fpr_le_target,0.013186813186813187,0.013186813186813187,0.001,0.6784016599578626,6,0,114,449,0.013186813186813187,0.0,False,max_tpr_with_empirical_fpr_le_target,32,True,False,10.3263768559305,10.399750228148214,0.3684210526315789,BCP,GNB,dp,0.1,13
0.5126662810873337,0.0843454790823212,455,114,0.12087912087912088,0.12087912087912088,0.1,0.37854637501608934,55,11,103,400,0.12087912087912088,0.09649122807017543,True,max_tpr_with_empirical_fpr_le_target,0.02857142857142857,0.02857142857142857,0.01,0.633006283193684,13,0,114,442,0.02857142857142857,0.0,True,max_tpr_with_empirical_fpr_le_target,0.02857142857142857,0.02857142857142857,0.001,0.633006283193684,13,0,114,442,0.02857142857142857,0.0,False,max_tpr_with_empirical_fpr_le_target,32,True,False,10.025038755049803,10.044462038677839,0.3684210526315789,BCP,GNB,dp,0.1,14
0.46961634856371703,0.057277809909388855,455,114,0.13626373626373625,0.13626373626373625,0.1,0.1673843441971794,62,11,103,393,0.13626373626373625,0.09649122807017543,True,max_tpr_with_empirical_fpr_le_target,0.03296703296703297,0.03296703296703297,0.01,0.2791452578707485,15,1,113,440,0.03296703296703297,0.008771929824561403,True,max_tpr_with_empirical_fpr_le_target,0.006593406593406593,0.006593406593406593,0.001,0.4311978104390155,3,0,114,452,0.006593406593406593,0.0,False,max_tpr_with_empirical_fpr_le_target,32,True,False,10.427831847270319,10.32282882826196,0.3684210526315789,BCP,GNB,dp,0.1,15
0.47782918835550414,0.042143821091189526,455,114,0.12527472527472527,0.12527472527472527,0.1,0.3474362712263903,57,11,103,398,0.12527472527472527,0.09649122807017543,True,max_tpr_with_empirical_fpr_le_target,0.002197802197802198,0.002197802197802198,0.01,0.9392457822829532,1,1,113,454,0.002197802197802198,0.008771929824561403,True,max_tpr_with_empirical_fpr_le_target,0.0,0.0,0.001,inf,0,0,114,455,0.0,0.0,False,max_tpr_with_empirical_fpr_le_target,32,True,False,10.557927562440547,10.62988707361955,0.3684210526315789,BCP,GNB,dp,0.1,16
0.47148640832851363,0.04191247349142087,455,114,0.12527472527472527,0.12527472527472527,0.1,0.4413232069047037,57,11,103,398,0.12527472527472527,0.09649122807017543,True,max_tpr_with_empirical_fpr_le_target,0.017582417582417582,0.017582417582417582,0.01,0.8871164850523288,8,1,113,447,0.017582417582417582,0.008771929824561403,True,max_tpr_with_empirical_fpr_le_target,0.01098901098901099,0.01098901098901099,0.001,0.9300403240718751,5,0,114,450,0.01098901098901099,0.0,False,max_tpr_with_empirical_fpr_le_target,32,True,False,10.303076259045769,10.302513910978154,0.3684210526315789,BCP,GNB,dp,0.1,17
0.5128590707538075,0.061769809138230186,455,114,0.15824175824175823,0.15824175824175823,0.1,0.4135672111852706,72,11,103,383,0.15824175824175823,0.09649122807017543,True,max_tpr_with_empirical_fpr_le_target,0.015384615384615385,0.015384615384615385,0.01,0.893378987362818,7,1,113,448,0.015384615384615385,0.008771929824561403,True,max_tpr_with_empirical_fpr_le_target,0.002197802197802198,0.002197802197802198,0.001,1.2931540124676442,1,0,114,454,0.002197802197802198,0.0,False,max_tpr_with_empirical_fpr_le_target,32,True,False,10.056284505841543,10.004957278909888,0.3684210526315789,BCP,GNB,dp,0.1,18
0.4819741661846925,0.08523231154810107,455,114,0.08351648351648351,0.08351648351648351,0.1,0.41016680329950495,38,11,103,417,0.08351648351648351,0.09649122807017543,True,max_tpr_with_empirical_fpr_le_target,0.002197802197802198,0.002197802197802198,0.01,0.8451981863402849,1,1,113,454,0.002197802197802198,0.008771929824561403,True,max_tpr_with_empirical_fpr_le_target,0.0,0.0,0.001,inf,0,0,114,455,0.0,0.0,False,max_tpr_with_empirical_fpr_le_target,32,True,False,10.872033030763214,10.889401284385427,0.3684210526315789,BCP,GNB,dp,0.1,19
0.5227491806439175,0.08421052631578951,455,114,0.08791208791208792,0.08791208791208792,0.1,0.4731096732387172,40,11,103,415,0.08791208791208792,0.09649122807017543,True,max_tpr_with_empirical_fpr_le_target,0.002197802197802198,0.002197802197802198,0.01,1.3178419677202955,1,0,114,454,0.002197802197802198,0.0,True,max_tpr_with_empirical_fpr_le_target,0.002197802197802198,0.002197802197802198,0.001,1.3178419677202955,1,0,114,454,0.002197802197802198,0.0,False,max_tpr_with_empirical_fpr_le_target,32,True,False,9.99069251170191,10.077102583967852,0.3684210526315789,BCP,GNB,dp,0.1,20
0.5160979371505687,0.06643531906689804,455,114,0.12087912087912088,0.12087912087912088,0.1,0.43409560641205935,55,10,104,400,0.12087912087912088,0.08771929824561403,True,max_tpr_with_empirical_fpr_le_target,0.006593406593406593,0.006593406593406593,0.01,0.8883654354594475,3,1,113,452,0.006593406593406593,0.008771929824561403,True,max_tpr_with_empirical_fpr_le_target,0.0,0.0,0.001,inf,0,0,114,455,0.0,0.0,False,max_tpr_with_empirical_fpr_le_target,32,True,False,10.803899820686254,10.835048455927453,0.3684210526315789,BCP,GNB,dp,0.1,21
0.5537883169462117,0.13281280123385386,455,114,0.1054945054945055,0.1054945054945055,0.1,0.4553561792767571,48,10,104,407,0.1054945054945055,0.08771929824561403,True,max_tpr_with_empirical_fpr_le_target,0.013186813186813187,0.013186813186813187,0.01,0.7939865539168927,6,1,113,449,0.013186813186813187,0.008771929824561403,True,max_tpr_with_empirical_fpr_le_target,0.01098901098901099,0.01098901098901099,0.001,0.8060956966742552,5,0,114,450,0.01098901098901099,0.0,False,max_tpr_with_empirical_fpr_le_target,32,True,False,10.551738534704974,10.546412629308886,0.3684210526315789,BCP,GNB,dp,0.1,22
0.46504723346828614,0.02421438210911895,455,114,0.07252747252747253,0.07252747252747253,0.1,0.5449909000293749,33,11,103,422,0.07252747252747253,0.09649122807017543,True,max_tpr_with_empirical_fpr_le_target,0.03076923076923077,0.03076923076923077,0.01,0.750740108511093,14,1,113,441,0.03076923076923077,0.008771929824561403,True,max_tpr_with_empirical_fpr_le_target,0.017582417582417582,0.017582417582417582,0.001,0.8567538543963553,8,0,114,447,0.017582417582417582,0.0,False,max_tpr_with_empirical_fpr_le_target,32,True,False,10.845450570398809,10.75989505334449,0.3684210526315789,BCP,GNB,dp,0.1,23
0.4859456333140544,0.046539425486793906,455,114,0.07472527472527472,0.07472527472527472,0.1,0.2929792814551031,34,11,103,421,0.07472527472527472,0.09649122807017543,True,max_tpr_with_empirical_fpr_le_target,0.008791208791208791,0.008791208791208791,0.01,0.5363845790953721,4,1,113,451,0.008791208791208791,0.008771929824561403,True,max_tpr_with_empirical_fpr_le_target,0.0,0.0,0.001,inf,0,0,114,455,0.0,0.0,False,max_tpr_with_empirical_fpr_le_target,32,True,False,10.887167415781805,10.820648160743575,0.3684210526315789,BCP,GNB,dp,0.1,24
0.5457104299209562,0.1354732986311934,455,114,0.12307692307692308,0.12307692307692308,0.1,0.2857566332142971,56,11,103,399,0.12307692307692308,0.09649122807017543,True,max_tpr_with_empirical_fpr_le_target,0.004395604395604396,0.004395604395604396,0.01,0.6094684821652958,2,0,114,453,0.004395604395604396,0.0,True,max_tpr_with_empirical_fpr_le_target,0.004395604395604396,0.004395604395604396,0.001,0.6094684821652958,2,0,114,453,0.004395604395604396,0.0,False,max_tpr_with_empirical_fpr_le_target,32,True,False,10.28398452662743,10.34286557953508,0.3684210526315789,BCP,GNB,dp,0.1,25
0.477424330055909,0.02205513784461153,455,114,0.07692307692307693,0.07692307692307693,0.1,0.2445131153716531,35,11,103,420,0.07692307692307693,0.09649122807017543,True,max_tpr_with_empirical_fpr_le_target,0.002197802197802198,0.002197802197802198,0.01,0.6047363504859655,1,1,113,454,0.002197802197802198,0.008771929824561403,True,max_tpr_with_empirical_fpr_le_target,0.0,0.0,0.001,inf,0,0,114,455,0.0,0.0,False,max_tpr_with_empirical_fpr_le_target,32,True,False,10.824299548190345,10.777123847967092,0.3684210526315789,BCP,GNB,dp,0.1,26
0.521881627144785,0.08671679197994986,455,114,0.13186813186813187,0.13186813186813187,0.1,0.2966468604961525,60,11,103,395,0.13186813186813187,0.09649122807017543,True,max_tpr_with_empirical_fpr_le_target,0.006593406593406593,0.006593406593406593,0.01,0.6818619680265252,3,1,113,452,0.006593406593406593,0.008771929824561403,True,max_tpr_with_empirical_fpr_le_target,0.004395604395604396,0.004395604395604396,0.001,0.774777076962379,2,0,114,453,0.004395604395604396,0.0,False,max_tpr_with_empirical_fpr_le_target,32,True,False,10.996747968024447,10.981928712839533,0.3684210526315789,BCP,GNB,dp,0.1,27
0.5016194331983805,0.09963369963369967,455,114,0.0989010989010989,0.0989010989010989,0.1,0.3371492309799131,45,11,103,410,0.0989010989010989,0.09649122807017543,True,max_tpr_with_empirical_fpr_le_target,0.017582417582417582,0.017582417582417582,0.01,0.5423984409633564,8,1,113,447,0.017582417582417582,0.008771929824561403,True,max_tpr_with_empirical_fpr_le_target,0.0,0.0,0.001,inf,0,0,114,455,0.0,0.0,False,max_tpr_with_empirical_fpr_le_target,32,True,False,10.56583050757046,10.598334870301471,0.3684210526315789,BCP,GNB,dp,0.1,28
0.5347214189319452,0.09182571814150764,455,114,0.15384615384615385,0.15384615384615385,0.1,0.20976690133564269,70,11,103,385,0.15384615384615385,0.09649122807017543,True,max_tpr_with_empirical_fpr_le_target,0.07252747252747253,0.07252747252747253,0.01,0.3379436353368819,33,1,113,422,0.07252747252747253,0.008771929824561403,True,max_tpr_with_empirical_fpr_le_target,0.02857142857142857,0.02857142857142857,0.001,0.4630819587769146,13,0,114,442,0.02857142857142857,0.0,False,max_tpr_with_empirical_fpr_le_target,32,True,False,10.275748593648746,10.12812352510997,0.3684210526315789,BCP,GNB,dp,0.1,29
0.5286292654713707,0.0995180258338153,455,114,0.07252747252747253,0.07252747252747253,0.1,0.1167926962222059,33,11,103,422,0.07252747252747253,0.09649122807017543,True,max_tpr_with_empirical_fpr_le_target,0.006593406593406593,0.006593406593406593,0.01,0.31520895509162195,3,0,114,452,0.006593406593406593,0.0,True,max_tpr_with_empirical_fpr_le_target,0.006593406593406593,0.006593406593406593,0.001,0.31520895509162195,3,0,114,452,0.006593406593406593,0.0,False,max_tpr_with_empirical_fpr_le_target,32,True,False,11.071808264394281,11.176428716404212,0.6842105263157895,BCP,GNB,dp,0.2,0
0.5126470021206864,0.0673028725660304,455,114,0.11208791208791209,0.11208791208791209,0.1,0.13050752331236826,51,11,103,404,0.11208791208791209,0.09649122807017543,True,max_tpr_with_empirical_fpr_le_target,0.02857142857142857,0.02857142857142857,0.01,0.26333086810136885,13,1,113,442,0.02857142857142857,0.008771929824561403,True,max_tpr_with_empirical_fpr_le_target,0.017582417582417582,0.017582417582417582,0.001,0.3286119008584203,8,0,114,447,0.017582417582417582,0.0,False,max_tpr_with_empirical_fpr_le_target,32,True,False,10.883602645955172,10.885706308991002,0.6842105263157895,BCP,GNB,dp,0.2,1
0.47063813379602853,0.05500289184499711,455,114,0.12087912087912088,0.12087912087912088,0.1,0.06501771876005691,55,11,103,400,0.12087912087912088,0.09649122807017543,True,max_tpr_with_empirical_fpr_le_target,0.002197802197802198,0.002197802197802198,0.01,0.36060273143777044,1,1,113,454,0.002197802197802198,0.008771929824561403,True,max_tpr_with_empirical_fpr_le_target,0.0,0.0,0.001,inf,0,0,114,455,0.0,0.0,False,max_tpr_with_empirical_fpr_le_target,32,True,False,10.860475296092089,10.816312750911528,0.6842105263157895,BCP,GNB,dp,0.2,2
0.47198766146134574,0.02303836514362828,455,114,0.05714285714285714,0.05714285714285714,0.1,0.11983721405525305,26,11,103,429,0.05714285714285714,0.09649122807017543,True,max_tpr_with_empirical_fpr_le_target,0.01098901098901099,0.01098901098901099,0.01,0.2851695329823771,5,1,113,450,0.01098901098901099,0.008771929824561403,True,max_tpr_with_empirical_fpr_le_target,0.004395604395604396,0.004395604395604396,0.001,0.3337567995147728,2,0,114,453,0.004395604395604396,0.0,False,max_tpr_with_empirical_fpr_le_target,32,True,False,10.259173134310124,10.272684757764768,0.6842105263157895,BCP,GNB,dp,0.2,3
0.45531135531135525,0.0009446693657220173,455,114,0.07032967032967033,0.07032967032967033,0.1,0.14586780669662325,32,11,103,423,0.07032967032967033,0.09649122807017543,True,max_tpr_with_empirical_fpr_le_target,0.0,0.0,0.01,0.6208345497991741,0,1,113,455,0.0,0.008771929824561403,True,max_tpr_with_empirical_fpr_le_target,0.0,0.0,0.001,inf,0,0,114,455,0.0,0.0,False,max_tpr_with_empirical_fpr_le_target,32,True,False,9.805353896957783,9.830234997256548,0.6842105263157895,BCP,GNB,dp,0.2,4
0.48966647387700024,0.03396953923269713,455,114,0.08571428571428572,0.08571428571428572,0.1,0.06933991425443198,39,11,103,416,0.08571428571428572,0.09649122807017543,True,max_tpr_with_empirical_fpr_le_target,0.017582417582417582,0.017582417582417582,0.01,0.1423279838263598,8,1,113,447,0.017582417582417582,0.008771929824561403,True,max_tpr_with_empirical_fpr_le_target,0.008791208791208791,0.008791208791208791,0.001,0.15232092023010368,4,0,114,451,0.008791208791208791,0.0,False,max_tpr_with_empirical_fpr_le_target,32,True,False,11.0560511659164,11.064282955528663,0.6842105263157895,BCP,GNB,dp,0.2,5
0.5028532870638134,0.06685945633314055,455,114,0.05934065934065934,0.05934065934065934,0.1,0.2079742394010693,27,11,103,428,0.05934065934065934,0.09649122807017543,True,max_tpr_with_empirical_fpr_le_target,0.0,0.0,0.01,0.6717122589880979,0,1,113,455,0.0,0.008771929824561403,True,max_tpr_with_empirical_fpr_le_target,0.0,0.0,0.001,inf,0,0,114,455,0.0,0.0,False,max_tpr_with_empirical_fpr_le_target,32,True,False,11.074478370659502,11.091192981698535,0.6842105263157895,BCP,GNB,dp,0.2,6
0.5369577790630422,0.09585502217081165,455,114,0.14505494505494507,0.14505494505494507,0.1,0.10317723380967081,66,11,103,389,0.14505494505494507,0.09649122807017543,True,max_tpr_with_empirical_fpr_le_target,0.01978021978021978,0.01978021978021978,0.01,0.26760633825775715,9,0,114,446,0.01978021978021978,0.0,True,max_tpr_with_empirical_fpr_le_target,0.01978021978021978,0.01978021978021978,0.001,0.26760633825775715,9,0,114,446,0.01978021978021978,0.0,False,max_tpr_with_empirical_fpr_le_target,32,True,False,10.667680658164274,10.736876349267854,0.6842105263157895,BCP,GNB,dp,0.2,7
0.508656256024677,0.06957779063042213,455,114,0.12747252747252746,0.12747252747252746,0.1,0.06294176037322918,58,9,105,397,0.12747252747252746,0.07894736842105263,True,max_tpr_with_empirical_fpr_le_target,0.03736263736263736,0.03736263736263736,0.01,0.17989806515059437,17,1,113,438,0.03736263736263736,0.008771929824561403,True,max_tpr_with_empirical_fpr_le_target,0.002197802197802198,0.002197802197802198,0.001,0.37919101041150416,1,0,114,454,0.002197802197802198,0.0,False,max_tpr_with_empirical_fpr_le_target,32,True,False,9.065715595077016,8.976250617289166,0.6842105263157895,BCP,GNB,dp,0.2,8
0.5446115288220551,0.08906882591093124,455,114,0.16043956043956045,0.16043956043956045,0.1,0.09261782034233867,73,11,103,382,0.16043956043956045,0.09649122807017543,True,max_tpr_with_empirical_fpr_le_target,0.03076923076923077,0.03076923076923077,0.01,0.2404631423192547,14,1,113,441,0.03076923076923077,0.008771929824561403,True,max_tpr_with_empirical_fpr_le_target,0.01978021978021978,0.01978021978021978,0.001,0.26405581719335913,9,0,114,446,0.01978021978021978,0.0,False,max_tpr_with_empirical_fpr_le_target,32,True,False,10.694285989508211,10.569435352960507,0.6842105263157895,BCP,GNB,dp,0.2,9
0.48382494698284173,0.028185849238480776,455,114,0.06373626373626373,0.06373626373626373,0.1,0.10245320697738336,29,11,103,426,0.06373626373626373,0.09649122807017543,True,max_tpr_with_empirical_fpr_le_target,0.017582417582417582,0.017582417582417582,0.01,0.18478904402888352,8,1,113,447,0.017582417582417582,0.008771929824561403,True,max_tpr_with_empirical_fpr_le_target,0.015384615384615385,0.015384615384615385,0.001,0.1978837909617539,7,0,114,448,0.015384615384615385,0.0,False,max_tpr_with_empirical_fpr_le_target,32,True,False,10.55076239131805,10.528036110739249,0.6842105263157895,BCP,GNB,dp,0.2,10
0.521881627144785,0.11291690765374973,455,114,0.09010989010989011,0.09010989010989011,0.1,0.10160641505332757,41,11,103,414,0.09010989010989011,0.09649122807017543,True,max_tpr_with_empirical_fpr_le_target,0.006593406593406593,0.006593406593406593,0.01,0.26366745716685847,3,0,114,452,0.006593406593406593,0.0,True,max_tpr_with_empirical_fpr_le_target,0.006593406593406593,0.006593406593406593,0.001,0.26366745716685847,3,0,114,452,0.006593406593406593,0.0,False,max_tpr_with_empirical_fpr_le_target,32,True,False,10.634105945673577,10.666703788934557,0.6842105263157895,BCP,GNB,dp,0.2,11
0.5534798534798535,0.09504530557162139,455,114,0.17362637362637362,0.17362637362637362,0.1,0.06127132955663006,79,11,103,376,0.17362637362637362,0.09649122807017543,True,max_tpr_with_empirical_fpr_le_target,0.04835164835164835,0.04835164835164835,0.01,0.13882509925206854,22,1,113,433,0.04835164835164835,0.008771929824561403,True,max_tpr_with_empirical_fpr_le_target,0.04395604395604396,0.04395604395604396,0.001,0.14835820422129586,20,0,114,435,0.04395604395604396,0.0,False,max_tpr_with_empirical_fpr_le_target,32,True,False,9.502883646816318,9.635874055463042,0.6842105263157895,BCP,GNB,dp,0.2,12
0.452361673414305,0.024002313475997683,455,114,0.07252747252747253,0.07252747252747253,0.1,0.10749199690638411,33,11,103,422,0.07252747252747253,0.09649122807017543,True,max_tpr_with_empirical_fpr_le_target,0.026373626373626374,0.026373626373626374,0.01,0.215315943373934,12,1,113,443,0.026373626373626374,0.008771929824561403,True,max_tpr_with_empirical_fpr_le_target,0.008791208791208791,0.008791208791208791,0.001,0.3056093009561138,4,0,114,451,0.008791208791208791,0.0,False,max_tpr_with_empirical_fpr_le_target,32,True,False,9.891171525217516,9.926248460270246,0.6842105263157895,BCP,GNB,dp,0.2,13
0.4840755735492578,0.03541546173125121,455,114,0.1054945054945055,0.1054945054945055,0.1,0.12466783963332073,48,11,103,407,0.1054945054945055,0.09649122807017543,True,max_tpr_with_empirical_fpr_le_target,0.01098901098901099,0.01098901098901099,0.01,0.4397606926224795,5,1,113,450,0.01098901098901099,0.008771929824561403,True,max_tpr_with_empirical_fpr_le_target,0.004395604395604396,0.004395604395604396,0.001,0.49357516451893524,2,0,114,453,0.004395604395604396,0.0,False,max_tpr_with_empirical_fpr_le_target,32,True,False,9.687878766280425,9.687742119131837,0.6842105263157895,BCP,GNB,dp,0.2,14
0.5019278966647388,0.049566223250433694,455,114,0.0989010989010989,0.0989010989010989,0.1,0.17630530269237843,45,10,104,410,0.0989010989010989,0.08771929824561403,True,max_tpr_with_empirical_fpr_le_target,0.015384615384615385,0.015384615384615385,0.01,0.3974028991018481,7,1,113,448,0.015384615384615385,0.008771929824561403,True,max_tpr_with_empirical_fpr_le_target,0.008791208791208791,0.008791208791208791,0.001,0.47625026635738266,4,0,114,451,0.008791208791208791,0.0,False,max_tpr_with_empirical_fpr_le_target,32,True,False,10.855655539531801,10.938938917729367,0.6842105263157895,BCP,GNB,dp,0.2,15
0.46163485637169843,0.008945440524387893,455,114,0.09010989010989011,0.09010989010989011,0.1,0.08532361627198792,41,11,103,414,0.09010989010989011,0.09649122807017543,True,max_tpr_with_empirical_fpr_le_target,0.0,0.0,0.01,0.4962759524536646,0,1,113,455,0.0,0.008771929824561403,True,max_tpr_with_empirical_fpr_le_target,0.0,0.0,0.001,inf,0,0,114,455,0.0,0.0,False,max_tpr_with_empirical_fpr_le_target,32,True,False,10.688278150424674,10.767124821828789,0.6842105263157895,BCP,GNB,dp,0.2,16
0.4631964526701368,0.06167341430499326,455,114,0.13186813186813187,0.13186813186813187,0.1,0.12709443045784186,60,10,104,395,0.13186813186813187,0.08771929824561403,True,max_tpr_with_empirical_fpr_le_target,0.05714285714285714,0.05714285714285714,0.01,0.2452550022513278,26,1,113,429,0.05714285714285714,0.008771929824561403,True,max_tpr_with_empirical_fpr_le_target,0.015384615384615385,0.015384615384615385,0.001,0.3956913002489082,7,0,114,448,0.015384615384615385,0.0,False,max_tpr_with_empirical_fpr_le_target,32,True,False,10.507639336696716,10.55412126174455,0.6842105263157895,BCP,GNB,dp,0.2,17
0.49132446500867566,0.04224021592442648,455,114,0.08131868131868132,0.08131868131868132,0.1,0.10270210492671783,37,11,103,418,0.08131868131868132,0.09649122807017543,True,max_tpr_with_empirical_fpr_le_target,0.002197802197802198,0.002197802197802198,0.01,0.3895063580075617,1,1,113,454,0.002197802197802198,0.008771929824561403,True,max_tpr_with_empirical_fpr_le_target,0.0,0.0,0.001,inf,0,0,114,455,0.0,0.0,False,max_tpr_with_empirical_fpr_le_target,32,True,False,9.849729166781131,9.819422831522376,0.6842105263157895,BCP,GNB,dp,0.2,18
0.5074224021592443,0.07218045112781957,455,114,0.10329670329670329,0.10329670329670329,0.1,0.22504989004714693,47,11,103,408,0.10329670329670329,0.09649122807017543,True,max_tpr_with_empirical_fpr_le_target,0.008791208791208791,0.008791208791208791,0.01,0.5043031803448663,4,0,114,451,0.008791208791208791,0.0,True,max_tpr_with_empirical_fpr_le_target,0.008791208791208791,0.008791208791208791,0.001,0.5043031803448663,4,0,114,451,0.008791208791208791,0.0,False,max_tpr_with_empirical_fpr_le_target,32,True,False,9.334441877299296,9.292698223052621,0.6842105263157895,BCP,GNB,dp,0.2,19
0.5165991902834008,0.06925004819741654,455,114,0.0989010989010989,0.0989010989010989,0.1,0.22858176013940046,45,11,103,410,0.0989010989010989,0.09649122807017543,True,max_tpr_with_empirical_fpr_le_target,0.02197802197802198,0.02197802197802198,0.01,0.3941483175159841,10,1,113,445,0.02197802197802198,0.008771929824561403,True,max_tpr_with_empirical_fpr_le_target,0.01978021978021978,0.01978021978021978,0.001,0.4379905404110871,9,0,114,446,0.01978021978021978,0.0,False,max_tpr_with_empirical_fpr_le_target,32,True,False,9.511003362654849,9.550028968023106,0.6842105263157895,BCP,GNB,dp,0.2,20
0.5136109504530557,0.06535569693464438,455,114,0.07032967032967033,0.07032967032967033,0.1,0.2121986744316029,32,11,103,423,0.07032967032967033,0.09649122807017543,True,max_tpr_with_empirical_fpr_le_target,0.004395604395604396,0.004395604395604396,0.01,0.4403455203616873,2,1,113,453,0.004395604395604396,0.008771929824561403,True,max_tpr_with_empirical_fpr_le_target,0.0,0.0,0.001,inf,0,0,114,455,0.0,0.0,False,max_tpr_with_empirical_fpr_le_target,32,True,False,10.78285741637381,10.797858092355902,0.6842105263157895,BCP,GNB,dp,0.2,21
0.47171775592828225,0.043628301523038426,455,114,0.06373626373626373,0.06373626373626373,0.1,0.21118837744703178,29,10,104,426,0.06373626373626373,0.08771929824561403,True,max_tpr_with_empirical_fpr_le_target,0.0,0.0,0.01,0.559625166440112,0,1,113,455,0.0,0.008771929824561403,True,max_tpr_with_empirical_fpr_le_target,0.0,0.0,0.001,inf,0,0,114,455,0.0,0.0,False,max_tpr_with_empirical_fpr_le_target,32,True,False,10.979504395645966,10.972630999986933,0.6842105263157895,BCP,GNB,dp,0.2,22
0.4924619240408714,0.06435319066898015,455,114,0.06813186813186813,0.06813186813186813,0.1,0.0816825982525331,31,10,104,424,0.06813186813186813,0.08771929824561403,True,max_tpr_with_empirical_fpr_le_target,0.0,0.0,0.01,0.3233495360766958,0,1,113,455,0.0,0.008771929824561403,True,max_tpr_with_empirical_fpr_le_target,0.0,0.0,0.001,inf,0,0,114,455,0.0,0.0,False,max_tpr_with_empirical_fpr_le_target,32,True,False,9.865176755313087,9.801140419139942,0.6842105263157895,BCP,GNB,dp,0.2,23
0.5142857142857142,0.060516676306149986,455,114,0.11428571428571428,0.11428571428571428,0.1,0.2509449264586996,52,10,104,403,0.11428571428571428,0.08771929824561403,True,max_tpr_with_empirical_fpr_le_target,0.03076923076923077,0.03076923076923077,0.01,0.4122947161586561,14,1,113,441,0.03076923076923077,0.008771929824561403,True,max_tpr_with_empirical_fpr_le_target,0.024175824175824177,0.024175824175824177,0.001,0.47533852071407035,11,0,114,444,0.024175824175824177,0.0,False,max_tpr_with_empirical_fpr_le_target,32,True,False,9.927306386662563,9.999572031454726,0.6842105263157895,BCP,GNB,dp,0.2,24
0.49656834393676497,0.04540196645459804,455,114,0.13626373626373625,0.13626373626373625,0.1,0.07713665256970303,62,11,103,393,0.13626373626373625,0.09649122807017543,True,max_tpr_with_empirical_fpr_le_target,0.01978021978021978,0.01978021978021978,0.01,0.20676158839227643,9,1,113,446,0.01978021978021978,0.008771929824561403,True,max_tpr_with_empirical_fpr_le_target,0.017582417582417582,0.017582417582417582,0.001,0.23887580371464479,8,0,114,447,0.017582417582417582,0.0,False,max_tpr_with_empirical_fpr_le_target,32,True,False,11.338847456097865,11.343390497251637,0.6842105263157895,BCP,GNB,dp,0.2,25
0.5359552727973781,0.09178716020821276,455,114,0.12747252747252746,0.12747252747252746,0.1,0.16047962299645935,58,11,103,397,0.12747252747252746,0.09649122807017543,True,max_tpr_with_empirical_fpr_le_target,0.006593406593406593,0.006593406593406593,0.01,0.44961926141858255,3,1,113,452,0.006593406593406593,0.008771929824561403,True,max_tpr_with_empirical_fpr_le_target,0.0,0.0,0.001,inf,0,0,114,455,0.0,0.0,False,max_tpr_with_empirical_fpr_le_target,32,True,False,11.377727072089622,11.439911952158656,0.6842105263157895,BCP,GNB,dp,0.2,26
0.4820320030846347,0.05203393098129938,455,114,0.1010989010989011,0.1010989010989011,0.1,0.16179482115320765,46,10,104,409,0.1010989010989011,0.08771929824561403,True,max_tpr_with_empirical_fpr_le_target,0.02857142857142857,0.02857142857142857,0.01,0.27803842490673514,13,1,113,442,0.02857142857142857,0.008771929824561403,True,max_tpr_with_empirical_fpr_le_target,0.01978021978021978,0.01978021978021978,0.001,0.31307434118447164,9,0,114,446,0.01978021978021978,0.0,False,max_tpr_with_empirical_fpr_le_target,32,True,False,9.881584085663233,9.885567758036002,0.6842105263157895,BCP,GNB,dp,0.2,27
0.4738191632928475,0.03132832080200498,455,114,0.08351648351648351,0.08351648351648351,0.1,0.09758756178741201,38,11,103,417,0.08351648351648351,0.09649122807017543,True,max_tpr_with_empirical_fpr_le_target,0.002197802197802198,0.002197802197802198,0.01,0.34310037341999733,1,1,113,454,0.002197802197802198,0.008771929824561403,True,max_tpr_with_empirical_fpr_le_target,0.0,0.0,0.001,inf,0,0,114,455,0.0,0.0,False,max_tpr_with_empirical_fpr_le_target,32,True,False,10.333227794677187,10.385120923118805,0.6842105263157895,BCP,GNB,dp,0.2,28
0.4862348178137652,0.0360709465972624,455,114,0.11428571428571428,0.11428571428571428,0.1,0.09325966379753448,52,11,103,403,0.11428571428571428,0.09649122807017543,True,max_tpr_with_empirical_fpr_le_target,0.0,0.0,0.01,0.37296995035227454,0,1,113,455,0.0,0.008771929824561403,True,max_tpr_with_empirical_fpr_le_target,0.0,0.0,0.001,inf,0,0,114,455,0.0,0.0,False,max_tpr_with_empirical_fpr_le_target,32,True,False,10.268441270039146,10.305780008643104,0.6842105263157895,BCP,GNB,dp,0.2,29
0.49413919413919416,0.04783111625216885,455,114,0.12087912087912088,0.12087912087912088,0.1,0.14286781512493674,55,11,103,400,0.12087912087912088,0.09649122807017543,True,max_tpr_with_empirical_fpr_le_target,0.015384615384615385,0.015384615384615385,0.01,0.2888946881903287,7,1,113,448,0.015384615384615385,0.008771929824561403,True,max_tpr_with_empirical_fpr_le_target,0.0,0.0,0.001,inf,0,0,114,455,0.0,0.0,False,max_tpr_with_empirical_fpr_le_target,32,True,False,10.706546222039778,10.682698238214526,0.6228070175438597,BCP,GNB,dp,0.4,0
0.47540003855793334,0.05679583574320424,455,114,0.0967032967032967,0.0967032967032967,0.1,0.11537554185548515,44,11,103,411,0.0967032967032967,0.09649122807017543,True,max_tpr_with_empirical_fpr_le_target,0.017582417582417582,0.017582417582417582,0.01,0.2731667067038259,8,1,113,447,0.017582417582417582,0.008771929824561403,True,max_tpr_with_empirical_fpr_le_target,0.002197802197802198,0.002197802197802198,0.001,0.7881929860843444,1,0,114,454,0.002197802197802198,0.0,False,max_tpr_with_empirical_fpr_le_target,32,True,False,8.633589677450463,8.589303706938395,0.6228070175438597,BCP,GNB,dp,0.4,1
0.4755928282244072,0.035993830730672804,455,114,0.09010989010989011,0.09010989010989011,0.1,0.0848802591727984,41,11,103,414,0.09010989010989011,0.09649122807017543,True,max_tpr_with_empirical_fpr_le_target,0.02197802197802198,0.02197802197802198,0.01,0.20335155460372212,10,1,113,445,0.02197802197802198,0.008771929824561403,True,max_tpr_with_empirical_fpr_le_target,0.006593406593406593,0.006593406593406593,0.001,0.36801672598625057,3,0,114,452,0.006593406593406593,0.0,False,max_tpr_with_empirical_fpr_le_target,32,True,False,8.70537405551943,8.54629884334814,0.6228070175438597,BCP,GNB,dp,0.4,2
0.5245806824754193,0.056776556776556686,455,114,0.11868131868131868,0.11868131868131868,0.1,0.2085221639840853,54,9,105,401,0.11868131868131868,0.07894736842105263,True,max_tpr_with_empirical_fpr_le_target,0.05054945054945055,0.05054945054945055,0.01,0.3188695084952422,23,1,113,432,0.05054945054945055,0.008771929824561403,True,max_tpr_with_empirical_fpr_le_target,0.03956043956043956,0.03956043956043956,0.001,0.35419797148902266,18,0,114,437,0.03956043956043956,0.0,False,max_tpr_with_empirical_fpr_le_target,32,True,False,8.20089660919065,8.241795940855134,0.6228070175438597,BCP,GNB,dp,0.4,3
0.48147291305186046,0.023134759976865316,455,114,0.1010989010989011,0.1010989010989011,0.1,0.10457623804549332,46,11,103,409,0.1010989010989011,0.09649122807017543,True,max_tpr_with_empirical_fpr_le_target,0.004395604395604396,0.004395604395604396,0.01,0.2521307015976606,2,1,113,453,0.004395604395604396,0.008771929824561403,True,max_tpr_with_empirical_fpr_le_target,0.002197802197802198,0.002197802197802198,0.001,0.2708906049593365,1,0,114,454,0.002197802197802198,0.0,False,max_tpr_with_empirical_fpr_le_target,32,True,False,10.670431375517948,10.652691103743003,0.6228070175438597,BCP,GNB,dp,0.4,4
0.5168498168498168,0.07397339502602651,455,114,0.13186813186813187,0.13186813186813187,0.1,0.08013568803138194,60,10,104,395,0.13186813186813187,0.08771929824561403,True,max_tpr_with_empirical_fpr_le_target,0.03076923076923077,0.03076923076923077,0.01,0.18455829078134123,14,1,113,441,0.03076923076923077,0.008771929824561403,True,max_tpr_with_empirical_fpr_le_target,0.01098901098901099,0.01098901098901099,0.001,0.27691958029127983,5,0,114,450,0.01098901098901099,0.0,False,max_tpr_with_empirical_fpr_le_target,32,True,False,10.02556298138462,10.102564062716324,0.6228070175438597,BCP,GNB,dp,0.4,5
0.5217466743782534,0.08881819934451513,455,114,0.10329670329670329,0.10329670329670329,0.1,0.12375972142354996,47,9,105,408,0.10329670329670329,0.07894736842105263,True,max_tpr_with_empirical_fpr_le_target,0.008791208791208791,0.008791208791208791,0.01,0.3305291165800579,4,1,113,451,0.008791208791208791,0.008771929824561403,True,max_tpr_with_empirical_fpr_le_target,0.006593406593406593,0.006593406593406593,0.001,0.3383411164933059,3,0,114,452,0.006593406593406593,0.0,False,max_tpr_with_empirical_fpr_le_target,32,True,False,10.189475337475395,10.230747067451121,0.6228070175438597,BCP,GNB,dp,0.4,6
0.5111046847888954,0.056776556776556686,455,114,0.11428571428571428,0.11428571428571428,0.1,0.028081517810747414,52,11,103,403,0.11428571428571428,0.09649122807017543,True,max_tpr_with_empirical_fpr_le_target,0.013186813186813187,0.013186813186813187,0.01,0.12809427493998404,6,1,113,449,0.013186813186813187,0.008771929824561403,True,max_tpr_with_empirical_fpr_le_target,0.0,0.0,0.001,inf,0,0,114,455,0.0,0.0,False,max_tpr_with_empirical_fpr_le_target,32,True,False,9.85568656275505,9.812692905853224,0.6228070175438597,BCP,GNB,dp,0.4,7
0.5312512049354154,0.10013495276653173,455,114,0.11428571428571428,0.11428571428571428,0.1,0.07171819609699215,52,11,103,403,0.11428571428571428,0.09649122807017543,True,max_tpr_with_empirical_fpr_le_target,0.013186813186813187,0.013186813186813187,0.01,0.17025741700197727,6,1,113,449,0.013186813186813187,0.008771929824561403,True,max_tpr_with_empirical_fpr_le_target,0.0,0.0,0.001,inf,0,0,114,455,0.0,0.0,False,max_tpr_with_empirical_fpr_le_target,32,True,False,10.709291517724576,10.704261180074687,0.6228070175438597,BCP,GNB,dp,0.4,8
0.5269519953730479,0.06645459803354539,455,114,0.10989010989010989,0.10989010989010989,0.1,0.047994787559930696,50,11,103,405,0.10989010989010989,0.09649122807017543,True,max_tpr_with_empirical_fpr_le_target,0.04395604395604396,0.04395604395604396,0.01,0.09899544204478383,20,1,113,435,0.04395604395604396,0.008771929824561403,True,max_tpr_with_empirical_fpr_le_target,0.02857142857142857,0.02857142857142857,0.001,0.10918600832371839,13,0,114,442,0.02857142857142857,0.0,False,max_tpr_with_empirical_fpr_le_target,32,True,False,9.799428298121372,9.833703424235065,0.6228070175438597,BCP,GNB,dp,0.4,9
0.5493155966840177,0.13460574513206092,455,114,0.15164835164835164,0.15164835164835164,0.1,0.0676998865130587,69,11,103,386,0.15164835164835164,0.09649122807017543,True,max_tpr_with_empirical_fpr_le_target,0.07032967032967033,0.07032967032967033,0.01,0.11177901156401404,32,1,113,423,0.07032967032967033,0.008771929824561403,True,max_tpr_with_empirical_fpr_le_target,0.05934065934065934,0.05934065934065934,0.001,0.12200686090547253,27,0,114,428,0.05934065934065934,0.0,False,max_tpr_with_empirical_fpr_le_target,32,True,False,8.77741914740712,8.877476964320973,0.6228070175438597,BCP,GNB,dp,0.4,10
0.5015615962984384,0.05112781954887219,455,114,0.07472527472527472,0.07472527472527472,0.1,0.13992032233546858,34,10,104,421,0.07472527472527472,0.08771929824561403,True,max_tpr_with_empirical_fpr_le_target,0.01978021978021978,0.01978021978021978,0.01,0.260368141860992,9,1,113,446,0.01978021978021978,0.008771929824561403,True,max_tpr_with_empirical_fpr_le_target,0.013186813186813187,0.013186813186813187,0.001,0.283574480387649,6,0,114,449,0.013186813186813187,0.0,False,max_tpr_with_empirical_fpr_le_target,32,True,False,9.916548506931132,9.917127893540142,0.6228070175438597,BCP,GNB,dp,0.4,11
0.49841912473491423,0.04414883362251784,455,114,0.13846153846153847,0.13846153846153847,0.1,0.033997284127397887,63,11,103,392,0.13846153846153847,0.09649122807017543,True,max_tpr_with_empirical_fpr_le_target,0.015384615384615385,0.015384615384615385,0.01,0.24677365054292677,7,0,114,448,0.015384615384615385,0.0,True,max_tpr_with_empirical_fpr_le_target,0.015384615384615385,0.015384615384615385,0.001,0.24677365054292677,7,0,114,448,0.015384615384615385,0.0,False,max_tpr_with_empirical_fpr_le_target,32,True,False,10.363740461808009,10.33016669520829,0.6228070175438597,BCP,GNB,dp,0.4,12
0.5154231733179101,0.07954501638712164,455,114,0.13186813186813187,0.13186813186813187,0.1,0.12920442875437121,60,11,103,395,0.13186813186813187,0.09649122807017543,True,max_tpr_with_empirical_fpr_le_target,0.01098901098901099,0.01098901098901099,0.01,0.3622027385281652,5,1,113,450,0.01098901098901099,0.008771929824561403,True,max_tpr_with_empirical_fpr_le_target,0.002197802197802198,0.002197802197802198,0.001,0.6293404240431713,1,0,114,454,0.002197802197802198,0.0,False,max_tpr_with_empirical_fpr_le_target,32,True,False,9.448466971722965,9.46179433525709,0.6228070175438597,BCP,GNB,dp,0.4,13
0.5116059379217274,0.07948717948717951,455,114,0.15604395604395604,0.15604395604395604,0.1,0.09593328450523098,71,11,103,384,0.15604395604395604,0.09649122807017543,True,max_tpr_with_empirical_fpr_le_target,0.04395604395604396,0.04395604395604396,0.01,0.20097661567568315,20,1,113,435,0.04395604395604396,0.008771929824561403,True,max_tpr_with_empirical_fpr_le_target,0.03736263736263736,0.03736263736263736,0.001,0.21199250161851202,17,0,114,438,0.03736263736263736,0.0,False,max_tpr_with_empirical_fpr_le_target,32,True,False,9.39834175384929,9.44751121615278,0.6228070175438597,BCP,GNB,dp,0.4,14
0.44439946018893384,0.015481010217852323,455,114,0.1076923076923077,0.1076923076923077,0.1,0.20493152824461403,49,11,103,406,0.1076923076923077,0.09649122807017543,True,max_tpr_with_empirical_fpr_le_target,0.006593406593406593,0.006593406593406593,0.01,0.4838923049427941,3,1,113,452,0.006593406593406593,0.008771929824561403,True,max_tpr_with_empirical_fpr_le_target,0.004395604395604396,0.004395604395604396,0.001,0.5489441496020282,2,0,114,453,0.004395604395604396,0.0,False,max_tpr_with_empirical_fpr_le_target,32,True,False,11.462554210941654,11.503228168471013,0.6228070175438597,BCP,GNB,dp,0.4,15
0.5017736649315596,0.07061885482938116,455,114,0.0967032967032967,0.0967032967032967,0.1,0.10569312430432865,44,11,103,411,0.0967032967032967,0.09649122807017543,True,max_tpr_with_empirical_fpr_le_target,0.013186813186813187,0.013186813186813187,0.01,0.23005082230078022,6,1,113,449,0.013186813186813187,0.008771929824561403,True,max_tpr_with_empirical_fpr_le_target,0.0,0.0,0.001,inf,0,0,114,455,0.0,0.0,False,max_tpr_with_empirical_fpr_le_target,32,True,False,10.958240607758354,10.948854850802704,0.6228070175438597,BCP,GNB,dp,0.4,16
0.5052631578947369,0.07133217659533453,455,114,0.0967032967032967,0.0967032967032967,0.1,0.05218373207933391,44,11,103,411,0.0967032967032967,0.09649122807017543,True,max_tpr_with_empirical_fpr_le_target,0.017582417582417582,0.017582417582417582,0.01,0.14053591609057658,8,1,113,447,0.017582417582417582,0.008771929824561403,True,max_tpr_with_empirical_fpr_le_target,0.015384615384615385,0.015384615384615385,0.001,0.14617442913888068,7,0,114,448,0.015384615384615385,0.0,False,max_tpr_with_empirical_fpr_le_target,32,True,False,9.023529195835552,9.119886308384457,0.6228070175438597,BCP,GNB,dp,0.4,17
0.4686138422980528,0.0066705224599961435,455,114,0.08351648351648351,0.08351648351648351,0.1,0.10926923857021453,38,11,103,417,0.08351648351648351,0.09649122807017543,True,max_tpr_with_empirical_fpr_le_target,0.008791208791208791,0.008791208791208791,0.01,0.23010081628046164,4,1,113,451,0.008791208791208791,0.008771929824561403,True,max_tpr_with_empirical_fpr_le_target,0.006593406593406593,0.006593406593406593,0.001,0.2907211064509898,3,0,114,452,0.006593406593406593,0.0,False,max_tpr_with_empirical_fpr_le_target,32,True,False,10.090087883577468,10.142378979890353,0.6228070175438597,BCP,GNB,dp,0.4,18
0.5293425872373241,0.08259109311740886,455,114,0.07912087912087912,0.07912087912087912,0.1,0.24424862781332424,36,11,103,419,0.07912087912087912,0.09649122807017543,True,max_tpr_with_empirical_fpr_le_target,0.006593406593406593,0.006593406593406593,0.01,0.5106374929690025,3,1,113,452,0.006593406593406593,0.008771929824561403,True,max_tpr_with_empirical_fpr_le_target,0.0,0.0,0.001,inf,0,0,114,455,0.0,0.0,False,max_tpr_with_empirical_fpr_le_target,32,True,False,9.628378032495508,9.657917751033061,0.6228070175438597,BCP,GNB,dp,0.4,19
0.5411991517254675,0.10624638519375362,455,114,0.15384615384615385,0.15384615384615385,0.1,0.13201208081195892,70,11,103,385,0.15384615384615385,0.09649122807017543,True,max_tpr_with_empirical_fpr_le_target,0.008791208791208791,0.008791208791208791,0.01,0.5284736964647041,4,0,114,451,0.008791208791208791,0.0,True,max_tpr_with_empirical_fpr_le_target,0.008791208791208791,0.008791208791208791,0.001,0.5284736964647041,4,0,114,451,0.008791208791208791,0.0,False,max_tpr_with_empirical_fpr_le_target,32,True,False,10.019546524923545,10.06796568227201,0.6228070175438597,BCP,GNB,dp,0.4,20
0.46252168883747824,0.02857142857142857,455,114,0.10989010989010989,0.10989010989010989,0.1,0.13416724672949343,50,11,103,405,0.10989010989010989,0.09649122807017543,True,max_tpr_with_empirical_fpr_le_target,0.02857142857142857,0.02857142857142857,0.01,0.20554417262773717,13,0,114,442,0.02857142857142857,0.0,True,max_tpr_with_empirical_fpr_le_target,0.02857142857142857,0.02857142857142857,0.001,0.20554417262773717,13,0,114,442,0.02857142857142857,0.0,False,max_tpr_with_empirical_fpr_le_target,32,True,False,8.897973729902791,8.886498942643456,0.6228070175438597,BCP,GNB,dp,0.4,21
0.4908424908424909,0.032272990167727,455,114,0.07032967032967033,0.07032967032967033,0.1,0.15501430873725042,32,9,105,423,0.07032967032967033,0.07894736842105263,True,max_tpr_with_empirical_fpr_le_target,0.01098901098901099,0.01098901098901099,0.01,0.3301125742719915,5,1,113,450,0.01098901098901099,0.008771929824561403,True,max_tpr_with_empirical_fpr_le_target,0.002197802197802198,0.002197802197802198,0.001,0.5407203648404972,1,0,114,454,0.002197802197802198,0.0,False,max_tpr_with_empirical_fpr_le_target,32,True,False,10.49426611742091,10.514122448777066,0.6228070175438597,BCP,GNB,dp,0.4,22
0.5003084634663583,0.05409678041256982,455,114,0.14945054945054945,0.14945054945054945,0.1,0.034229955781130084,68,11,103,387,0.14945054945054945,0.09649122807017543,True,max_tpr_with_empirical_fpr_le_target,0.013186813186813187,0.013186813186813187,0.01,0.2567010565877039,6,1,113,449,0.013186813186813187,0.008771929824561403,True,max_tpr_with_empirical_fpr_le_target,0.002197802197802198,0.002197802197802198,0.001,0.44290447109487907,1,0,114,454,0.002197802197802198,0.0,False,max_tpr_with_empirical_fpr_le_target,32,True,False,8.754377306101658,8.710303674135606,0.6228070175438597,BCP,GNB,dp,0.4,23
0.5375554270291113,0.08920377867746287,455,114,0.16043956043956045,0.16043956043956045,0.1,0.09290632035113333,73,11,103,382,0.16043956043956045,0.09649122807017543,True,max_tpr_with_empirical_fpr_le_target,0.017582417582417582,0.017582417582417582,0.01,0.2238534263762344,8,1,113,447,0.017582417582417582,0.008771929824561403,True,max_tpr_with_empirical_fpr_le_target,0.01098901098901099,0.01098901098901099,0.001,0.273472623146473,5,0,114,450,0.01098901098901099,0.0,False,max_tpr_with_empirical_fpr_le_target,32,True,False,10.925605925408313,11.033892945088072,0.6228070175438597,BCP,GNB,dp,0.4,24
0.4825332562174668,0.031096973202236367,455,114,0.1054945054945055,0.1054945054945055,0.1,0.17571517735164255,48,11,103,407,0.1054945054945055,0.09649122807017543,True,max_tpr_with_empirical_fpr_le_target,0.03076923076923077,0.03076923076923077,0.01,0.3707009265924053,14,1,113,441,0.03076923076923077,0.008771929824561403,True,max_tpr_with_empirical_fpr_le_target,0.013186813186813187,0.013186813186813187,0.001,0.4698626316735348,6,0,114,449,0.013186813186813187,0.0,False,max_tpr_with_empirical_fpr_le_target,32,True,False,10.715693603638792,10.732983353282332,0.6228070175438597,BCP,GNB,dp,0.4,25
0.5202814729130518,0.05893580104106422,455,114,0.12087912087912088,0.12087912087912088,0.1,0.0662943534569882,55,11,103,400,0.12087912087912088,0.09649122807017543,True,max_tpr_with_empirical_fpr_le_target,0.017582417582417582,0.017582417582417582,0.01,0.17916644397587378,8,1,113,447,0.017582417582417582,0.008771929824561403,True,max_tpr_with_empirical_fpr_le_target,0.015384615384615385,0.015384615384615385,0.001,0.1865027706909026,7,0,114,448,0.015384615384615385,0.0,False,max_tpr_with_empirical_fpr_le_target,32,True,False,10.413127352427056,10.406748416331602,0.6228070175438597,BCP,GNB,dp,0.4,26
0.5100250626566416,0.06202043570464624,455,114,0.06813186813186813,0.06813186813186813,0.1,0.12651646748041134,31,11,103,424,0.06813186813186813,0.09649122807017543,True,max_tpr_with_empirical_fpr_le_target,0.008791208791208791,0.008791208791208791,0.01,0.35685788314363975,4,1,113,451,0.008791208791208791,0.008771929824561403,True,max_tpr_with_empirical_fpr_le_target,0.004395604395604396,0.004395604395604396,0.001,0.5658442744753907,2,0,114,453,0.004395604395604396,0.0,False,max_tpr_with_empirical_fpr_le_target,32,True,False,10.042565660515612,10.072673719475812,0.6228070175438597,BCP,GNB,dp,0.4,27
0.5307113938692886,0.09371505687295156,455,114,0.15164835164835164,0.15164835164835164,0.1,0.052316025828385904,69,11,103,386,0.15164835164835164,0.09649122807017543,True,max_tpr_with_empirical_fpr_le_target,0.06593406593406594,0.06593406593406594,0.01,0.08850525211664495,30,1,113,425,0.06593406593406594,0.008771929824561403,True,max_tpr_with_empirical_fpr_le_target,0.024175824175824177,0.024175824175824177,0.001,0.12954032282490946,11,0,114,444,0.024175824175824177,0.0,False,max_tpr_with_empirical_fpr_le_target,32,True,False,9.772534388405496,9.76867255159674,0.6228070175438597,BCP,GNB,dp,0.4,28
0.4917486022749181,0.042220936957779065,455,114,0.09010989010989011,0.09010989010989011,0.1,0.16657990260526834,41,11,103,414,0.09010989010989011,0.09649122807017543,True,max_tpr_with_empirical_fpr_le_target,0.015384615384615385,0.015384615384615385,0.01,0.3069833008018965,7,1,113,448,0.015384615384615385,0.008771929824561403,True,max_tpr_with_empirical_fpr_le_target,0.0,0.0,0.001,inf,0,0,114,455,0.0,0.0,False,max_tpr_with_empirical_fpr_le_target,32,True,False,10.037296672310083,10.105421959629512,0.6228070175438597,BCP,GNB,dp,0.4,29
0.5428764218237903,0.11324465008675533,455,114,0.1010989010989011,0.1010989010989011,0.1,0.13960901192467867,46,11,103,409,0.1010989010989011,0.09649122807017543,True,max_tpr_with_empirical_fpr_le_target,0.03296703296703297,0.03296703296703297,0.01,0.31564899287920456,15,1,113,440,0.03296703296703297,0.008771929824561403,True,max_tpr_with_empirical_fpr_le_target,0.02197802197802198,0.02197802197802198,0.001,0.38907016061981725,10,0,114,445,0.02197802197802198,0.0,False,max_tpr_with_empirical_fpr_le_target,32,True,False,9.14157168032329,9.01747612529689,0.631578947368421,BCP,GNB,dp,0.8,0
0.5187969924812029,0.06500867553499134,455,114,0.12747252747252746,0.12747252747252746,0.1,0.1508914926866738,58,11,103,397,0.12747252747252746,0.09649122807017543,True,max_tpr_with_empirical_fpr_le_target,0.01978021978021978,0.01978021978021978,0.01,0.46420037294684313,9,1,113,446,0.01978021978021978,0.008771929824561403,True,max_tpr_with_empirical_fpr_le_target,0.017582417582417582,0.017582417582417582,0.001,0.5269285047434056,8,0,114,447,0.017582417582417582,0.0,False,max_tpr_with_empirical_fpr_le_target,32,True,False,9.137286365455752,9.135638573732122,0.631578947368421,BCP,GNB,dp,0.8,1
0.5459032195874302,0.11542317331791008,455,114,0.09230769230769231,0.09230769230769231,0.1,0.26462611660890367,42,11,103,413,0.09230769230769231,0.09649122807017543,True,max_tpr_with_empirical_fpr_le_target,0.006593406593406593,0.006593406593406593,0.01,0.6960148147123273,3,0,114,452,0.006593406593406593,0.0,True,max_tpr_with_empirical_fpr_le_target,0.006593406593406593,0.006593406593406593,0.001,0.6960148147123273,3,0,114,452,0.006593406593406593,0.0,False,max_tpr_with_empirical_fpr_le_target,32,True,False,9.543046887870274,9.498409792269033,0.631578947368421,BCP,GNB,dp,0.8,2
0.5180451127819549,0.10348949296317717,455,114,0.1978021978021978,0.1978021978021978,0.1,0.07636613005846948,90,11,103,365,0.1978021978021978,0.09649122807017543,True,max_tpr_with_empirical_fpr_le_target,0.02857142857142857,0.02857142857142857,0.01,0.3271507577909025,13,1,113,442,0.02857142857142857,0.008771929824561403,True,max_tpr_with_empirical_fpr_le_target,0.024175824175824177,0.024175824175824177,0.001,0.34034295282767957,11,0,114,444,0.024175824175824177,0.0,False,max_tpr_with_empirical_fpr_le_target,32,True,False,8.764727236478937,8.860695643739675,0.631578947368421,BCP,GNB,dp,0.8,3
0.5499132446500867,0.1265471370734529,455,114,0.11208791208791209,0.11208791208791209,0.1,0.22376107400916379,51,11,103,404,0.11208791208791209,0.09649122807017543,True,max_tpr_with_empirical_fpr_le_target,0.004395604395604396,0.004395604395604396,0.01,0.7909427037141006,2,1,113,453,0.004395604395604396,0.008771929824561403,True,max_tpr_with_empirical_fpr_le_target,0.002197802197802198,0.002197802197802198,0.001,1.132261853524192,1,0,114,454,0.002197802197802198,0.0,False,max_tpr_with_empirical_fpr_le_target,32,True,False,9.917646805681509,9.90615986720809,0.631578947368421,BCP,GNB,dp,0.8,4
0.4838249469828418,0.03366107576633892,455,114,0.08351648351648351,0.08351648351648351,0.1,0.18407029069068903,38,11,103,417,0.08351648351648351,0.09649122807017543,True,max_tpr_with_empirical_fpr_le_target,0.006593406593406593,0.006593406593406593,0.01,0.7293909859155518,3,1,113,452,0.006593406593406593,0.008771929824561403,True,max_tpr_with_empirical_fpr_le_target,0.002197802197802198,0.002197802197802198,0.001,1.0964996316385687,1,0,114,454,0.002197802197802198,0.0,False,max_tpr_with_empirical_fpr_le_target,32,True,False,10.18614209513603,10.078320064725373,0.631578947368421,BCP,GNB,dp,0.8,5
0.5022170811644495,0.060516676306149986,455,114,0.07472527472527472,0.07472527472527472,0.1,0.24454541935835072,34,11,103,421,0.07472527472527472,0.09649122807017543,True,max_tpr_with_empirical_fpr_le_target,0.026373626373626374,0.026373626373626374,0.01,0.40605147646552187,12,1,113,443,0.026373626373626374,0.008771929824561403,True,max_tpr_with_empirical_fpr_le_target,0.015384615384615385,0.015384615384615385,0.001,0.5116264310426608,7,0,114,448,0.015384615384615385,0.0,False,max_tpr_with_empirical_fpr_le_target,32,True,False,10.041326879621451,10.105453158921135,0.631578947368421,BCP,GNB,dp,0.8,6
0.513823019086177,0.060227491806439215,455,114,0.1010989010989011,0.1010989010989011,0.1,0.12051756304705874,46,11,103,409,0.1010989010989011,0.09649122807017543,True,max_tpr_with_empirical_fpr_le_target,0.03076923076923077,0.03076923076923077,0.01,0.2607972114652082,14,1,113,441,0.03076923076923077,0.008771929824561403,True,max_tpr_with_empirical_fpr_le_target,0.006593406593406593,0.006593406593406593,0.001,0.4834341648341196,3,0,114,452,0.006593406593406593,0.0,False,max_tpr_with_empirical_fpr_le_target,32,True,False,8.812261456486716,8.893991978754132,0.631578947368421,BCP,GNB,dp,0.8,7
0.47987275882012725,0.04119915172546751,455,114,0.07912087912087912,0.07912087912087912,0.1,0.3388941646527148,36,11,103,419,0.07912087912087912,0.09649122807017543,True,max_tpr_with_empirical_fpr_le_target,0.013186813186813187,0.013186813186813187,0.01,0.6364633841333269,6,1,113,449,0.013186813186813187,0.008771929824561403,True,max_tpr_with_empirical_fpr_le_target,0.01098901098901099,0.01098901098901099,0.001,0.6876361561009556,5,0,114,450,0.01098901098901099,0.0,False,max_tpr_with_empirical_fpr_le_target,32,True,False,9.751634769727236,9.763840813912594,0.631578947368421,BCP,GNB,dp,0.8,8
0.48823983034509355,0.03244650086755341,455,114,0.1054945054945055,0.1054945054945055,0.1,0.207188064566159,48,11,103,407,0.1054945054945055,0.09649122807017543,True,max_tpr_with_empirical_fpr_le_target,0.026373626373626374,0.026373626373626374,0.01,0.4441408559545632,12,1,113,443,0.026373626373626374,0.008771929824561403,True,max_tpr_with_empirical_fpr_le_target,0.008791208791208791,0.008791208791208791,0.001,0.63964629683618,4,0,114,451,0.008791208791208791,0.0,False,max_tpr_with_empirical_fpr_le_target,32,True,False,9.025432625967984,8.938751063397483,0.631578947368421,BCP,GNB,dp,0.8,9
0.5413533834586466,0.08422980528243684,455,114,0.14945054945054945,0.14945054945054945,0.1,0.19526690202757724,68,11,103,387,0.14945054945054945,0.09649122807017543,True,max_tpr_with_empirical_fpr_le_target,0.004395604395604396,0.004395604395604396,0.01,0.5887437330240615,2,1,113,453,0.004395604395604396,0.008771929824561403,True,max_tpr_with_empirical_fpr_le_target,0.0,0.0,0.001,inf,0,0,114,455,0.0,0.0,False,max_tpr_with_empirical_fpr_le_target,32,True,False,10.605602139361025,10.586838905502217,0.631578947368421,BCP,GNB,dp,0.8,10
0.49693464430306533,0.0689801426643532,455,114,0.12087912087912088,0.12087912087912088,0.1,0.08372283605409425,55,11,103,400,0.12087912087912088,0.09649122807017543,True,max_tpr_with_empirical_fpr_le_target,0.024175824175824177,0.024175824175824177,0.01,0.3234809757300847,11,1,113,444,0.024175824175824177,0.008771929824561403,True,max_tpr_with_empirical_fpr_le_target,0.008791208791208791,0.008791208791208791,0.001,0.6152305549390702,4,0,114,451,0.008791208791208791,0.0,False,max_tpr_with_empirical_fpr_le_target,32,True,False,8.41950372187908,8.46440072639631,0.631578947368421,BCP,GNB,dp,0.8,11
0.4829188355504145,0.03753614806246386,455,114,0.11648351648351649,0.11648351648351649,0.1,0.17906641434754178,53,9,105,402,0.11648351648351649,0.07894736842105263,True,max_tpr_with_empirical_fpr_le_target,0.02197802197802198,0.02197802197802198,0.01,0.4469599016781962,10,1,113,445,0.02197802197802198,0.008771929824561403,True,max_tpr_with_empirical_fpr_le_target,0.01098901098901099,0.01098901098901099,0.001,0.6238173383561874,5,0,114,450,0.01098901098901099,0.0,False,max_tpr_with_empirical_fpr_le_target,32,True,False,9.387942338563208,9.467756818895856,0.631578947368421,BCP,GNB,dp,0.8,12
0.5058800848274533,0.08380566801619435,455,114,0.14505494505494507,0.14505494505494507,0.1,0.1041466587972506,66,11,103,389,0.14505494505494507,0.09649122807017543,True,max_tpr_with_empirical_fpr_le_target,0.026373626373626374,0.026373626373626374,0.01,0.38784094897636745,12,1,113,443,0.026373626373626374,0.008771929824561403,True,max_tpr_with_empirical_fpr_le_target,0.013186813186813187,0.013186813186813187,0.001,0.48878503008668694,6,0,114,449,0.013186813186813187,0.0,False,max_tpr_with_empirical_fpr_le_target,32,True,False,9.116296353702074,9.124900587762703,0.631578947368421,BCP,GNB,dp,0.8,13
0.47867746288798924,0.03441295546558698,455,114,0.05274725274725275,0.05274725274725275,0.1,0.29532623526607527,24,11,103,431,0.05274725274725275,0.09649122807017543,True,max_tpr_with_empirical_fpr_le_target,0.02197802197802198,0.02197802197802198,0.01,0.5134573313449673,10,1,113,445,0.02197802197802198,0.008771929824561403,True,max_tpr_with_empirical_fpr_le_target,0.017582417582417582,0.017582417582417582,0.001,0.63805486794217,8,0,114,447,0.017582417582417582,0.0,False,max_tpr_with_empirical_fpr_le_target,32,True,False,9.722100094155866,9.761978120915643,0.631578947368421,BCP,GNB,dp,0.8,14
0.49001349527665317,0.07563138615770193,455,114,0.07692307692307693,0.07692307692307693,0.1,0.26463054626518767,35,11,103,420,0.07692307692307693,0.09649122807017543,True,max_tpr_with_empirical_fpr_le_target,0.024175824175824177,0.024175824175824177,0.01,0.49062539244427494,11,1,113,444,0.024175824175824177,0.008771929824561403,True,max_tpr_with_empirical_fpr_le_target,0.008791208791208791,0.008791208791208791,0.001,0.6762506512190911,4,0,114,451,0.008791208791208791,0.0,False,max_tpr_with_empirical_fpr_le_target,32,True,False,9.943275634930549,9.886964974183437,0.631578947368421,BCP,GNB,dp,0.8,15
0.558029689608637,0.12359745517640255,455,114,0.16703296703296702,0.16703296703296702,0.1,0.15672433254859142,76,11,103,379,0.16703296703296702,0.09649122807017543,True,max_tpr_with_empirical_fpr_le_target,0.03296703296703297,0.03296703296703297,0.01,0.3769641058925721,15,1,113,440,0.03296703296703297,0.008771929824561403,True,max_tpr_with_empirical_fpr_le_target,0.017582417582417582,0.017582417582417582,0.001,0.5243064843642076,8,0,114,447,0.017582417582417582,0.0,False,max_tpr_with_empirical_fpr_le_target,32,True,False,9.228214242431543,9.354090816680587,0.631578947368421,BCP,GNB,dp,0.8,16
0.5170618854829382,0.07568922305764408,455,114,0.12747252747252746,0.12747252747252746,0.1,0.2469361092128355,58,11,103,397,0.12747252747252746,0.09649122807017543,True,max_tpr_with_empirical_fpr_le_target,0.02857142857142857,0.02857142857142857,0.01,0.4985346580246013,13,1,113,442,0.02857142857142857,0.008771929824561403,True,max_tpr_with_empirical_fpr_le_target,0.017582417582417582,0.017582417582417582,0.001,0.5973180240662517,8,0,114,447,0.017582417582417582,0.0,False,max_tpr_with_empirical_fpr_le_target,32,True,False,9.788774990903432,9.813338382257635,0.631578947368421,BCP,GNB,dp,0.8,17
0.46776556776556777,0.02874493927125507,455,114,0.11428571428571428,0.11428571428571428,0.1,0.10482257318271815,52,11,103,403,0.11428571428571428,0.09649122807017543,True,max_tpr_with_empirical_fpr_le_target,0.01098901098901099,0.01098901098901099,0.01,0.3901729670451255,5,1,113,450,0.01098901098901099,0.008771929824561403,True,max_tpr_with_empirical_fpr_le_target,0.008791208791208791,0.008791208791208791,0.001,0.46077909594750466,4,0,114,451,0.008791208791208791,0.0,False,max_tpr_with_empirical_fpr_le_target,32,True,False,8.86198449714532,8.765976264552581,0.631578947368421,BCP,GNB,dp,0.8,18
0.5240601503759399,0.07827260458839402,455,114,0.10989010989010989,0.10989010989010989,0.1,0.13878064853492145,50,10,104,405,0.10989010989010989,0.08771929824561403,True,max_tpr_with_empirical_fpr_le_target,0.026373626373626374,0.026373626373626374,0.01,0.3354294283174326,12,1,113,443,0.026373626373626374,0.008771929824561403,True,max_tpr_with_empirical_fpr_le_target,0.01098901098901099,0.01098901098901099,0.001,0.3609124184482102,5,0,114,450,0.01098901098901099,0.0,False,max_tpr_with_empirical_fpr_le_target,32,True,False,8.432149419660021,8.585218554302784,0.631578947368421,BCP,GNB,dp,0.8,19
0.5043377674956623,0.05081935608251398,455,114,0.12527472527472527,0.12527472527472527,0.1,0.12601715850512107,57,11,103,398,0.12527472527472527,0.09649122807017543,True,max_tpr_with_empirical_fpr_le_target,0.01098901098901099,0.01098901098901099,0.01,0.6105762379488544,5,0,114,450,0.01098901098901099,0.0,True,max_tpr_with_empirical_fpr_le_target,0.01098901098901099,0.01098901098901099,0.001,0.6105762379488544,5,0,114,450,0.01098901098901099,0.0,False,max_tpr_with_empirical_fpr_le_target,32,True,False,9.07610297852055,8.982721762011451,0.631578947368421,BCP,GNB,dp,0.8,20
0.543859649122807,0.11501831501831505,455,114,0.15384615384615385,0.15384615384615385,0.1,0.2005912879405125,70,11,103,385,0.15384615384615385,0.09649122807017543,True,max_tpr_with_empirical_fpr_le_target,0.06593406593406594,0.06593406593406594,0.01,0.39199909541687505,30,1,113,425,0.06593406593406594,0.008771929824561403,True,max_tpr_with_empirical_fpr_le_target,0.046153846153846156,0.046153846153846156,0.001,0.47225508536454264,21,0,114,434,0.046153846153846156,0.0,False,max_tpr_with_empirical_fpr_le_target,32,True,False,8.715656363147875,8.81580006294134,0.631578947368421,BCP,GNB,dp,0.8,21
0.4590900327742433,0.02421438210911895,455,114,0.06593406593406594,0.06593406593406594,0.1,0.26017638615367433,30,10,104,425,0.06593406593406594,0.08771929824561403,True,max_tpr_with_empirical_fpr_le_target,0.03076923076923077,0.03076923076923077,0.01,0.4694652898906768,14,1,113,441,0.03076923076923077,0.008771929824561403,True,max_tpr_with_empirical_fpr_le_target,0.01978021978021978,0.01978021978021978,0.001,0.5688809655713118,9,0,114,446,0.01978021978021978,0.0,False,max_tpr_with_empirical_fpr_le_target,32,True,False,9.569605193340836,9.5524664324091,0.631578947368421,BCP,GNB,dp,0.8,22
0.5065548486601118,0.08222479275110856,455,114,0.12307692307692308,0.12307692307692308,0.1,0.08875235697064632,56,11,103,399,0.12307692307692308,0.09649122807017543,True,max_tpr_with_empirical_fpr_le_target,0.006593406593406593,0.006593406593406593,0.01,0.3384324700255208,3,1,113,452,0.006593406593406593,0.008771929824561403,True,max_tpr_with_empirical_fpr_le_target,0.004395604395604396,0.004395604395604396,0.001,0.428707136200948,2,0,114,453,0.004395604395604396,0.0,False,max_tpr_with_empirical_fpr_le_target,32,True,False,8.966271800027958,9.014922237678544,0.631578947368421,BCP,GNB,dp,0.8,23
0.4747638326585695,0.027607480239059234,455,114,0.08131868131868132,0.08131868131868132,0.1,0.17411565779052607,37,11,103,418,0.08131868131868132,0.09649122807017543,True,max_tpr_with_empirical_fpr_le_target,0.008791208791208791,0.008791208791208791,0.01,0.5108577898073352,4,1,113,451,0.008791208791208791,0.008771929824561403,True,max_tpr_with_empirical_fpr_le_target,0.006593406593406593,0.006593406593406593,0.001,0.8048159962486783,3,0,114,452,0.006593406593406593,0.0,False,max_tpr_with_empirical_fpr_le_target,32,True,False,8.400877482799762,8.415689689640184,0.631578947368421,BCP,GNB,dp,0.8,24
0.49982648930017354,0.05982263350684405,455,114,0.13406593406593406,0.13406593406593406,0.1,0.20314394375772027,61,11,103,394,0.13406593406593406,0.09649122807017543,True,max_tpr_with_empirical_fpr_le_target,0.01098901098901099,0.01098901098901099,0.01,0.6522363980207206,5,1,113,450,0.01098901098901099,0.008771929824561403,True,max_tpr_with_empirical_fpr_le_target,0.004395604395604396,0.004395604395604396,0.001,0.891367666444034,2,0,114,453,0.004395604395604396,0.0,False,max_tpr_with_empirical_fpr_le_target,32,True,False,9.009754160292944,8.994386984490621,0.631578947368421,BCP,GNB,dp,0.8,25
0.49452477347214185,0.044206670522459995,455,114,0.12747252747252746,0.12747252747252746,0.1,0.12517404297309298,58,11,103,397,0.12747252747252746,0.09649122807017543,True,max_tpr_with_empirical_fpr_le_target,0.04835164835164835,0.04835164835164835,0.01,0.26958523883586283,22,1,113,433,0.04835164835164835,0.008771929824561403,True,max_tpr_with_empirical_fpr_le_target,0.017582417582417582,0.017582417582417582,0.001,0.5294522527854708,8,0,114,447,0.017582417582417582,0.0,False,max_tpr_with_empirical_fpr_le_target,32,True,False,7.588546829245766,7.612222185783714,0.631578947368421,BCP,GNB,dp,0.8,26
0.5117987275882012,0.053884711779448535,455,114,0.1054945054945055,0.1054945054945055,0.1,0.12889056145117328,48,11,103,407,0.1054945054945055,0.09649122807017543,True,max_tpr_with_empirical_fpr_le_target,0.01978021978021978,0.01978021978021978,0.01,0.35267767714500353,9,1,113,446,0.01978021978021978,0.008771929824561403,True,max_tpr_with_empirical_fpr_le_target,0.002197802197802198,0.002197802197802198,0.001,0.8134116304519647,1,0,114,454,0.002197802197802198,0.0,False,max_tpr_with_empirical_fpr_le_target,32,True,False,9.24617218578502,9.329145188204691,0.631578947368421,BCP,GNB,dp,0.8,27
0.5083092346250241,0.06088297667245035,455,114,0.08131868131868132,0.08131868131868132,0.1,0.22111614218932418,37,10,104,418,0.08131868131868132,0.08771929824561403,True,max_tpr_with_empirical_fpr_le_target,0.015384615384615385,0.015384615384615385,0.01,0.49441361770186454,7,0,114,448,0.015384615384615385,0.0,True,max_tpr_with_empirical_fpr_le_target,0.015384615384615385,0.015384615384615385,0.001,0.49441361770186454,7,0,114,448,0.015384615384615385,0.0,False,max_tpr_with_empirical_fpr_le_target,32,True,False,9.470909706214245,9.397662825807819,0.631578947368421,BCP,GNB,dp,0.8,28
0.5206092153460574,0.0692307692307692,455,114,0.11428571428571428,0.11428571428571428,0.1,0.1313526929238531,52,11,103,403,0.11428571428571428,0.09649122807017543,True,max_tpr_with_empirical_fpr_le_target,0.03076923076923077,0.03076923076923077,0.01,0.36905628077230945,14,1,113,441,0.03076923076923077,0.008771929824561403,True,max_tpr_with_empirical_fpr_le_target,0.02857142857142857,0.02857142857142857,0.001,0.40955994312058674,13,0,114,442,0.02857142857142857,0.0,False,max_tpr_with_empirical_fpr_le_target,32,True,False,9.755692080522051,9.779343603304449,0.631578947368421,BCP,GNB,dp,0.8,29
0.5050318102949682,0.05299787931366878,455,114,0.13406593406593406,0.13406593406593406,0.1,0.2582658690920461,61,11,103,394,0.13406593406593406,0.09649122807017543,True,max_tpr_with_empirical_fpr_le_target,0.03736263736263736,0.03736263736263736,0.01,0.6501526876358712,17,1,113,438,0.03736263736263736,0.008771929824561403,True,max_tpr_with_empirical_fpr_le_target,0.017582417582417582,0.017582417582417582,0.001,0.8522270175398843,8,0,114,447,0.017582417582417582,0.0,False,max_tpr_with_empirical_fpr_le_target,32,True,False,8.370517365597445,8.317670782624631,0.631578947368421,BCP,GNB,dp,1.0,0
0.48885675727781,0.063003663003663,455,114,0.05274725274725275,0.05274725274725275,0.1,0.5485130514995933,24,11,103,431,0.05274725274725275,0.09649122807017543,True,max_tpr_with_empirical_fpr_le_target,0.01978021978021978,0.01978021978021978,0.01,0.9235007898766607,9,1,113,446,0.01978021978021978,0.008771929824561403,True,max_tpr_with_empirical_fpr_le_target,0.008791208791208791,0.008791208791208791,0.001,1.0145338827572434,4,0,114,451,0.008791208791208791,0.0,False,max_tpr_with_empirical_fpr_le_target,32,True,False,8.876503355640851,8.851659493053532,0.631578947368421,BCP,GNB,dp,1.0,1
0.464198958935801,0.03223443223443223,455,114,0.05714285714285714,0.05714285714285714,0.1,0.44676451019852736,26,11,103,429,0.05714285714285714,0.09649122807017543,True,max_tpr_with_empirical_fpr_le_target,0.01098901098901099,0.01098901098901099,0.01,0.9300067484283807,5,0,114,450,0.01098901098901099,0.0,True,max_tpr_with_empirical_fpr_le_target,0.01098901098901099,0.01098901098901099,0.001,0.9300067484283807,5,0,114,450,0.01098901098901099,0.0,False,max_tpr_with_empirical_fpr_le_target,32,True,False,8.640374228275077,8.765833671824756,0.631578947368421,BCP,GNB,dp,1.0,2
0.5329477540003856,0.06737998843261994,455,114,0.12747252747252746,0.12747252747252746,0.1,0.2436103118730646,58,11,103,397,0.12747252747252746,0.09649122807017543,True,max_tpr_with_empirical_fpr_le_target,0.02197802197802198,0.02197802197802198,0.01,0.9529085701512225,10,1,113,445,0.02197802197802198,0.008771929824561403,True,max_tpr_with_empirical_fpr_le_target,0.002197802197802198,0.002197802197802198,0.001,1.5983746529852105,1,0,114,454,0.002197802197802198,0.0,False,max_tpr_with_empirical_fpr_le_target,32,True,False,8.45853876190788,8.71133863846205,0.631578947368421,BCP,GNB,dp,1.0,3
0.4681897050318103,0.0360709465972624,455,114,0.07472527472527472,0.07472527472527472,0.1,0.36097924225110933,34,11,103,421,0.07472527472527472,0.09649122807017543,True,max_tpr_with_empirical_fpr_le_target,0.002197802197802198,0.002197802197802198,0.01,0.8849591212837193,1,1,113,454,0.002197802197802198,0.008771929824561403,True,max_tpr_with_empirical_fpr_le_target,0.0,0.0,0.001,inf,0,0,114,455,0.0,0.0,False,max_tpr_with_empirical_fpr_le_target,32,True,False,9.276619762052112,9.283559370288053,0.631578947368421,BCP,GNB,dp,1.0,4
0.5060921534605746,0.07318295739348374,455,114,0.08351648351648351,0.08351648351648351,0.1,0.4792608180928575,38,11,103,417,0.08351648351648351,0.09649122807017543,True,max_tpr_with_empirical_fpr_le_target,0.01978021978021978,0.01978021978021978,0.01,0.9794994889923068,9,1,113,446,0.01978021978021978,0.008771929824561403,True,max_tpr_with_empirical_fpr_le_target,0.017582417582417582,0.017582417582417582,0.001,1.0338249322190523,8,0,114,447,0.017582417582417582,0.0,False,max_tpr_with_empirical_fpr_le_target,32,True,False,8.930905025682929,8.919559837848572,0.631578947368421,BCP,GNB,dp,1.0,5
0.5107576633892423,0.06456525930210139,455,114,0.10989010989010989,0.10989010989010989,0.1,0.37413856701133685,50,11,103,405,0.10989010989010989,0.09649122807017543,True,max_tpr_with_empirical_fpr_le_target,0.03296703296703297,0.03296703296703297,0.01,0.9218433609625536,15,1,113,440,0.03296703296703297,0.008771929824561403,True,max_tpr_with_empirical_fpr_le_target,0.024175824175824177,0.024175824175824177,0.001,1.0508334872453928,11,0,114,444,0.024175824175824177,0.0,False,max_tpr_with_empirical_fpr_le_target,32,True,False,8.694185564639433,8.719034175538386,0.631578947368421,BCP,GNB,dp,1.0,6
0.5333140543666859,0.11309041835357625,455,114,0.12087912087912088,0.12087912087912088,0.1,0.319390336277952,55,11,103,400,0.12087912087912088,0.09649122807017543,True,max_tpr_with_empirical_fpr_le_target,0.024175824175824177,0.024175824175824177,0.01,0.7280644358037267,11,1,113,444,0.024175824175824177,0.008771929824561403,True,max_tpr_with_empirical_fpr_le_target,0.02197802197802198,0.02197802197802198,0.001,0.7744272009756061,10,0,114,445,0.02197802197802198,0.0,False,max_tpr_with_empirical_fpr_le_target,32,True,False,9.691736009661048,9.753057560396847,0.631578947368421,BCP,GNB,dp,1.0,7
0.519491035280509,0.08234046655099292,455,114,0.10989010989010989,0.10989010989010989,0.1,0.3636308216842603,50,10,104,405,0.10989010989010989,0.08771929824561403,True,max_tpr_with_empirical_fpr_le_target,0.026373626373626374,0.026373626373626374,0.01,0.6675495681118919,12,1,113,443,0.026373626373626374,0.008771929824561403,True,max_tpr_with_empirical_fpr_le_target,0.02197802197802198,0.02197802197802198,0.001,0.6925372384803437,10,0,114,445,0.02197802197802198,0.0,False,max_tpr_with_empirical_fpr_le_target,32,True,False,9.968929578767767,9.920537948816479,0.631578947368421,BCP,GNB,dp,1.0,8
0.5376132639290534,0.08662039714671294,455,114,0.12527472527472527,0.12527472527472527,0.1,0.2024429134189445,57,11,103,398,0.12527472527472527,0.09649122807017543,True,max_tpr_with_empirical_fpr_le_target,0.035164835164835165,0.035164835164835165,0.01,0.5320481253376608,16,1,113,439,0.035164835164835165,0.008771929824561403,True,max_tpr_with_empirical_fpr_le_target,0.02857142857142857,0.02857142857142857,0.001,0.6249108653195368,13,0,114,442,0.02857142857142857,0.0,False,max_tpr_with_empirical_fpr_le_target,32,True,False,7.8238294841808464,7.87120542240636,0.631578947368421,BCP,GNB,dp,1.0,9
0.5451706188548294,0.11303258145363404,455,114,0.11868131868131868,0.11868131868131868,0.1,0.22579957278673124,54,11,103,401,0.11868131868131868,0.09649122807017543,True,max_tpr_with_empirical_fpr_le_target,0.017582417582417582,0.017582417582417582,0.01,0.6650721279716656,8,1,113,447,0.017582417582417582,0.008771929824561403,True,max_tpr_with_empirical_fpr_le_target,0.01098901098901099,0.01098901098901099,0.001,1.0985624572324246,5,0,114,450,0.01098901098901099,0.0,False,max_tpr_with_empirical_fpr_le_target,32,True,False,8.277923694477773,8.146320003920568,0.631578947368421,BCP,GNB,dp,1.0,10
0.45509928667823396,0.013186813186813187,455,114,0.0967032967032967,0.0967032967032967,0.1,0.3119287818535259,44,11,103,411,0.0967032967032967,0.09649122807017543,True,max_tpr_with_empirical_fpr_le_target,0.013186813186813187,0.013186813186813187,0.01,0.7726524670034753,6,0,114,449,0.013186813186813187,0.0,True,max_tpr_with_empirical_fpr_le_target,0.013186813186813187,0.013186813186813187,0.001,0.7726524670034753,6,0,114,449,0.013186813186813187,0.0,False,max_tpr_with_empirical_fpr_le_target,32,True,False,9.39779416457629,9.474757392197438,0.631578947368421,BCP,GNB,dp,1.0,11
0.4759784075573549,0.025506072874493912,455,114,0.06153846153846154,0.06153846153846154,0.1,0.41425100281587257,28,9,105,427,0.06153846153846154,0.07894736842105263,True,max_tpr_with_empirical_fpr_le_target,0.0,0.0,0.01,1.7799576569659008,0,1,113,455,0.0,0.008771929824561403,True,max_tpr_with_empirical_fpr_le_target,0.0,0.0,0.001,inf,0,0,114,455,0.0,0.0,False,max_tpr_with_empirical_fpr_le_target,32,True,False,8.694007227744702,8.672532240155064,0.631578947368421,BCP,GNB,dp,1.0,12
0.5110468478889532,0.09568151147098514,455,114,0.16043956043956045,0.16043956043956045,0.1,0.1985617046169703,73,11,103,382,0.16043956043956045,0.09649122807017543,True,max_tpr_with_empirical_fpr_le_target,0.06153846153846154,0.06153846153846154,0.01,0.5385275189675633,28,1,113,427,0.06153846153846154,0.008771929824561403,True,max_tpr_with_empirical_fpr_le_target,0.035164835164835165,0.035164835164835165,0.001,0.7609673613272077,16,0,114,439,0.035164835164835165,0.0,False,max_tpr_with_empirical_fpr_le_target,32,True,False,7.969984154370895,7.942458788033339,0.631578947368421,BCP,GNB,dp,1.0,13
0.42799305957200695,0.026296510507036852,455,114,0.05274725274725275,0.05274725274725275,0.1,0.40270054196096616,24,10,104,431,0.05274725274725275,0.08771929824561403,True,max_tpr_with_empirical_fpr_le_target,0.017582417582417582,0.017582417582417582,0.01,0.6407983764403782,8,1,113,447,0.017582417582417582,0.008771929824561403,True,max_tpr_with_empirical_fpr_le_target,0.004395604395604396,0.004395604395604396,0.001,1.195380454382175,2,0,114,453,0.004395604395604396,0.0,False,max_tpr_with_empirical_fpr_le_target,32,True,False,9.542085294894934,9.54540467488149,0.631578947368421,BCP,GNB,dp,1.0,14
0.506265664160401,0.06257952573742048,455,114,0.13186813186813187,0.13186813186813187,0.1,0.2510122835529476,60,11,103,395,0.13186813186813187,0.09649122807017543,True,max_tpr_with_empirical_fpr_le_target,0.013186813186813187,0.013186813186813187,0.01,0.6618467944133521,6,1,113,449,0.013186813186813187,0.008771929824561403,True,max_tpr_with_empirical_fpr_le_target,0.008791208791208791,0.008791208791208791,0.001,0.8309953142217319,4,0,114,451,0.008791208791208791,0.0,False,max_tpr_with_empirical_fpr_le_target,32,True,False,8.907572247744836,8.885528104699143,0.631578947368421,BCP,GNB,dp,1.0,15
0.5775014459224985,0.13541546173125119,455,114,0.2,0.2,0.1,0.17701933640301926,91,11,103,364,0.2,0.09649122807017543,True,max_tpr_with_empirical_fpr_le_target,0.02197802197802198,0.02197802197802198,0.01,0.591350596782882,10,1,113,445,0.02197802197802198,0.008771929824561403,True,max_tpr_with_empirical_fpr_le_target,0.013186813186813187,0.013186813186813187,0.001,0.6946916970916668,6,0,114,449,0.013186813186813187,0.0,False,max_tpr_with_empirical_fpr_le_target,32,True,False,9.155673180990355,9.212662172674474,0.631578947368421,BCP,GNB,dp,1.0,16
0.5071332176595333,0.0750915750915751,455,114,0.12747252747252746,0.12747252747252746,0.1,0.4193280275035969,58,11,103,397,0.12747252747252746,0.09649122807017543,True,max_tpr_with_empirical_fpr_le_target,0.02197802197802198,0.02197802197802198,0.01,0.9163095488462991,10,1,113,445,0.02197802197802198,0.008771929824561403,True,max_tpr_with_empirical_fpr_le_target,0.0,0.0,0.001,inf,0,0,114,455,0.0,0.0,False,max_tpr_with_empirical_fpr_le_target,32,True,False,9.544662546661025,9.559440319691674,0.631578947368421,BCP,GNB,dp,1.0,17
0.5125313283208021,0.0760555234239445,455,114,0.08351648351648351,0.08351648351648351,0.1,0.3251387368628351,38,11,103,417,0.08351648351648351,0.09649122807017543,True,max_tpr_with_empirical_fpr_le_target,0.013186813186813187,0.013186813186813187,0.01,0.6162725356096423,6,1,113,449,0.013186813186813187,0.008771929824561403,True,max_tpr_with_empirical_fpr_le_target,0.004395604395604396,0.004395604395604396,0.001,0.9333181943080433,2,0,114,453,0.004395604395604396,0.0,False,max_tpr_with_empirical_fpr_le_target,32,True,False,9.40381751892016,9.351147635668413,0.631578947368421,BCP,GNB,dp,1.0,18
0.4867746288798921,0.04266435319066897,455,114,0.07252747252747253,0.07252747252747253,0.1,0.4501660547026183,33,10,104,422,0.07252747252747253,0.08771929824561403,True,max_tpr_with_empirical_fpr_le_target,0.01978021978021978,0.01978021978021978,0.01,0.7204185851081957,9,1,113,446,0.01978021978021978,0.008771929824561403,True,max_tpr_with_empirical_fpr_le_target,0.01098901098901099,0.01098901098901099,0.001,0.8795324139132448,5,0,114,450,0.01098901098901099,0.0,False,max_tpr_with_empirical_fpr_le_target,32,True,False,9.338170587633229,9.405887285165138,0.631578947368421,BCP,GNB,dp,1.0,19
0.5150568729516098,0.06522074416811263,455,114,0.13626373626373625,0.13626373626373625,0.1,0.22781525526002078,62,11,103,393,0.13626373626373625,0.09649122807017543,True,max_tpr_with_empirical_fpr_le_target,0.015384615384615385,0.015384615384615385,0.01,0.6585941953482575,7,1,113,448,0.015384615384615385,0.008771929824561403,True,max_tpr_with_empirical_fpr_le_target,0.006593406593406593,0.006593406593406593,0.001,1.0106296020936525,3,0,114,452,0.006593406593406593,0.0,False,max_tpr_with_empirical_fpr_le_target,32,True,False,9.336875623707416,9.355426534433128,0.631578947368421,BCP,GNB,dp,1.0,20
0.502390591864276,0.06219394640447273,455,114,0.10989010989010989,0.10989010989010989,0.1,0.2821097664732872,50,11,103,405,0.10989010989010989,0.09649122807017543,True,max_tpr_with_empirical_fpr_le_target,0.02857142857142857,0.02857142857142857,0.01,0.7292813560852496,13,1,113,442,0.02857142857142857,0.008771929824561403,True,max_tpr_with_empirical_fpr_le_target,0.01978021978021978,0.01978021978021978,0.001,0.9203404272256286,9,0,114,446,0.01978021978021978,0.0,False,max_tpr_with_empirical_fpr_le_target,32,True,False,9.404254626109097,9.398045122468579,0.631578947368421,BCP,GNB,dp,1.0,21
0.4543859649122807,0.008752650857914102,455,114,0.046153846153846156,0.046153846153846156,0.1,0.5624397137622177,21,10,104,434,0.046153846153846156,0.08771929824561403,True,max_tpr_with_empirical_fpr_le_target,0.008791208791208791,0.008791208791208791,0.01,0.9534379805867088,4,1,113,451,0.008791208791208791,0.008771929824561403,True,max_tpr_with_empirical_fpr_le_target,0.006593406593406593,0.006593406593406593,0.001,1.1550156825288278,3,0,114,452,0.006593406593406593,0.0,False,max_tpr_with_empirical_fpr_le_target,32,True,False,9.875575217263647,9.84775443765877,0.631578947368421,BCP,GNB,dp,1.0,22
0.5368228262965106,0.08494312704839013,455,114,0.14065934065934066,0.14065934065934066,0.1,0.24414540583670385,64,11,103,391,0.14065934065934066,0.09649122807017543,True,max_tpr_with_empirical_fpr_le_target,0.04395604395604396,0.04395604395604396,0.01,0.5595175726237289,20,1,113,435,0.04395604395604396,0.008771929824561403,True,max_tpr_with_empirical_fpr_le_target,0.035164835164835165,0.035164835164835165,0.001,0.6561149176381287,16,0,114,439,0.035164835164835165,0.0,False,max_tpr_with_empirical_fpr_le_target,32,True,False,9.546249668291022,9.361839407594324,0.631578947368421,BCP,GNB,dp,1.0,23
0.5438403701561596,0.08881819934451513,455,114,0.12307692307692308,0.12307692307692308,0.1,0.2570044480884843,56,11,103,399,0.12307692307692308,0.09649122807017543,True,max_tpr_with_empirical_fpr_le_target,0.04395604395604396,0.04395604395604396,0.01,0.5770964157854599,20,1,113,435,0.04395604395604396,0.008771929824561403,True,max_tpr_with_empirical_fpr_le_target,0.015384615384615385,0.015384615384615385,0.001,0.9206466485961164,7,0,114,448,0.015384615384615385,0.0,False,max_tpr_with_empirical_fpr_le_target,32,True,False,8.122760760690166,8.201776011768798,0.631578947368421,BCP,GNB,dp,1.0,24
0.5057258530942741,0.06909581646423751,455,114,0.06153846153846154,0.06153846153846154,0.1,0.3865494900261468,28,10,104,427,0.06153846153846154,0.08771929824561403,True,max_tpr_with_empirical_fpr_le_target,0.006593406593406593,0.006593406593406593,0.01,0.9775481252946321,3,1,113,452,0.006593406593406593,0.008771929824561403,True,max_tpr_with_empirical_fpr_le_target,0.0,0.0,0.001,inf,0,0,114,455,0.0,0.0,False,max_tpr_with_empirical_fpr_le_target,32,True,False,8.508804099910863,8.531250742962547,0.631578947368421,BCP,GNB,dp,1.0,25
0.4793522267206478,0.038461538461538436,455,114,0.07912087912087912,0.07912087912087912,0.1,0.3113017405251113,36,11,103,419,0.07912087912087912,0.09649122807017543,True,max_tpr_with_empirical_fpr_le_target,0.008791208791208791,0.008791208791208791,0.01,0.7931348862998826,4,0,114,451,0.008791208791208791,0.0,True,max_tpr_with_empirical_fpr_le_target,0.008791208791208791,0.008791208791208791,0.001,0.7931348862998826,4,0,114,451,0.008791208791208791,0.0,False,max_tpr_with_empirical_fpr_le_target,32,True,False,8.619147552887386,8.626182109906269,0.631578947368421,BCP,GNB,dp,1.0,26
0.5256988625409678,0.09614420667052248,455,114,0.1076923076923077,0.1076923076923077,0.1,0.30891866215921837,49,10,104,406,0.1076923076923077,0.08771929824561403,True,max_tpr_with_empirical_fpr_le_target,0.008791208791208791,0.008791208791208791,0.01,0.8279011741848774,4,1,113,451,0.008791208791208791,0.008771929824561403,True,max_tpr_with_empirical_fpr_le_target,0.002197802197802198,0.002197802197802198,0.001,1.3370203323375263,1,0,114,454,0.002197802197802198,0.0,False,max_tpr_with_empirical_fpr_le_target,32,True,False,8.829106828872998,8.884511200108085,0.631578947368421,BCP,GNB,dp,1.0,27
0.48465394254867933,0.04179679969153653,455,114,0.10329670329670329,0.10329670329670329,0.1,0.2618644079079817,47,11,103,408,0.10329670329670329,0.09649122807017543,True,max_tpr_with_empirical_fpr_le_target,0.03736263736263736,0.03736263736263736,0.01,0.5390061962260586,17,1,113,438,0.03736263736263736,0.008771929824561403,True,max_tpr_with_empirical_fpr_le_target,0.002197802197802198,0.002197802197802198,0.001,1.2680880233030871,1,0,114,454,0.002197802197802198,0.0,False,max_tpr_with_empirical_fpr_le_target,32,True,False,8.742322217607574,8.720593606008013,0.631578947368421,BCP,GNB,dp,1.0,28
0.5237324079429343,0.0882398303450935,455,114,0.11208791208791209,0.11208791208791209,0.1,0.2930864943750522,51,10,104,404,0.11208791208791209,0.08771929824561403,True,max_tpr_with_empirical_fpr_le_target,0.02197802197802198,0.02197802197802198,0.01,0.6564678570044533,10,1,113,445,0.02197802197802198,0.008771929824561403,True,max_tpr_with_empirical_fpr_le_target,0.006593406593406593,0.006593406593406593,0.001,0.9177378113708778,3,0,114,452,0.006593406593406593,0.0,False,max_tpr_with_empirical_fpr_le_target,32,True,False,8.111698069122186,8.068122302823816,0.631578947368421,BCP,GNB,dp,1.0,29
0.476132639290534,0.027337574705995793,455,114,0.07912087912087912,0.07912087912087912,0.1,0.16356094688705936,36,11,103,419,0.07912087912087912,0.09649122807017543,True,max_tpr_with_empirical_fpr_le_target,0.017582417582417582,0.017582417582417582,0.01,0.33051020723223123,8,0,114,447,0.017582417582417582,0.0,True,max_tpr_with_empirical_fpr_le_target,0.017582417582417582,0.017582417582417582,0.001,0.33051020723223123,8,0,114,447,0.017582417582417582,0.0,False,max_tpr_with_empirical_fpr_le_target,32,True,False,8.07135555052941,7.851239168299163,0.631578947368421,BCP,GNB,dp,2.0,0
0.48108733371891266,0.04094852515905156,455,114,0.10329670329670329,0.10329670329670329,0.1,0.2229554974322543,47,11,103,408,0.10329670329670329,0.09649122807017543,True,max_tpr_with_empirical_fpr_le_target,0.02197802197802198,0.02197802197802198,0.01,0.4967585700755768,10,1,113,445,0.02197802197802198,0.008771929824561403,True,max_tpr_with_empirical_fpr_le_target,0.013186813186813187,0.013186813186813187,0.001,0.6164496971822713,6,0,114,449,0.013186813186813187,0.0,False,max_tpr_with_empirical_fpr_le_target,32,True,False,7.452767988076173,7.466425677797013,0.631578947368421,BCP,GNB,dp,2.0,1
0.4851744746481589,0.05382687487950644,455,114,0.09010989010989011,0.09010989010989011,0.1,0.16530360326586324,41,10,104,414,0.09010989010989011,0.08771929824561403,True,max_tpr_with_empirical_fpr_le_target,0.02197802197802198,0.02197802197802198,0.01,0.28547902495911703,10,1,113,445,0.02197802197802198,0.008771929824561403,True,max_tpr_with_empirical_fpr_le_target,0.015384615384615385,0.015384615384615385,0.001,0.4301530705039238,7,0,114,448,0.015384615384615385,0.0,False,max_tpr_with_empirical_fpr_le_target,32,True,False,8.677481279257746,8.840415420488377,0.631578947368421,BCP,GNB,dp,2.0,2
0.5059957586273376,0.08417196838249469,455,114,0.11428571428571428,0.11428571428571428,0.1,0.16809979444479728,52,10,104,403,0.11428571428571428,0.08771929824561403,True,max_tpr_with_empirical_fpr_le_target,0.015384615384615385,0.015384615384615385,0.01,0.4379441247677458,7,1,113,448,0.015384615384615385,0.008771929824561403,True,max_tpr_with_empirical_fpr_le_target,0.002197802197802198,0.002197802197802198,0.001,0.839959989937924,1,0,114,454,0.002197802197802198,0.0,False,max_tpr_with_empirical_fpr_le_target,32,True,False,9.467848683767155,9.47268389401495,0.631578947368421,BCP,GNB,dp,2.0,3
0.47254675149411995,0.018739155581260825,455,114,0.08351648351648351,0.08351648351648351,0.1,0.15327343754221667,38,10,104,417,0.08351648351648351,0.08771929824561403,True,max_tpr_with_empirical_fpr_le_target,0.015384615384615385,0.015384615384615385,0.01,0.3782994610063075,7,1,113,448,0.015384615384615385,0.008771929824561403,True,max_tpr_with_empirical_fpr_le_target,0.0,0.0,0.001,inf,0,0,114,455,0.0,0.0,False,max_tpr_with_empirical_fpr_le_target,32,True,False,8.555263186489439,8.510322734082838,0.631578947368421,BCP,GNB,dp,2.0,4
0.48777713514555626,0.058318874108347796,455,114,0.07252747252747253,0.07252747252747253,0.1,0.19038385730062668,33,11,103,422,0.07252747252747253,0.09649122807017543,True,max_tpr_with_empirical_fpr_le_target,0.0,0.0,0.01,0.9930772062793136,0,1,113,455,0.0,0.008771929824561403,True,max_tpr_with_empirical_fpr_le_target,0.0,0.0,0.001,inf,0,0,114,455,0.0,0.0,False,max_tpr_with_empirical_fpr_le_target,32,True,False,8.582858404064215,8.397702156259735,0.631578947368421,BCP,GNB,dp,2.0,5
0.5070753807595912,0.07511085405822249,455,114,0.15384615384615385,0.15384615384615385,0.1,0.06756173448388969,70,11,103,385,0.15384615384615385,0.09649122807017543,True,max_tpr_with_empirical_fpr_le_target,0.05054945054945055,0.05054945054945055,0.01,0.2653918226542027,23,1,113,432,0.05054945054945055,0.008771929824561403,True,max_tpr_with_empirical_fpr_le_target,0.035164835164835165,0.035164835164835165,0.001,0.38152855993592993,16,0,114,439,0.035164835164835165,0.0,False,max_tpr_with_empirical_fpr_le_target,32,True,False,7.9443629656929895,7.950485334435005,0.631578947368421,BCP,GNB,dp,2.0,6
0.5414883362251783,0.11486408328513592,455,114,0.11648351648351649,0.11648351648351649,0.1,0.18119881483199762,53,11,103,402,0.11648351648351649,0.09649122807017543,True,max_tpr_with_empirical_fpr_le_target,0.017582417582417582,0.017582417582417582,0.01,0.394639990236739,8,1,113,447,0.017582417582417582,0.008771929824561403,True,max_tpr_with_empirical_fpr_le_target,0.015384615384615385,0.015384615384615385,0.001,0.4706371693563334,7,0,114,448,0.015384615384615385,0.0,False,max_tpr_with_empirical_fpr_le_target,32,True,False,7.9061609670917345,8.009545233755013,0.631578947368421,BCP,GNB,dp,2.0,7
0.5154231733179101,0.07482166955851166,455,114,0.16043956043956045,0.16043956043956045,0.1,0.11407222913611204,73,11,103,382,0.16043956043956045,0.09649122807017543,True,max_tpr_with_empirical_fpr_le_target,0.041758241758241756,0.041758241758241756,0.01,0.26426121658359447,19,1,113,436,0.041758241758241756,0.008771929824561403,True,max_tpr_with_empirical_fpr_le_target,0.03736263736263736,0.03736263736263736,0.001,0.27366799948320164,17,0,114,438,0.03736263736263736,0.0,False,max_tpr_with_empirical_fpr_le_target,32,True,False,9.044573769968839,8.992349488257355,0.631578947368421,BCP,GNB,dp,2.0,8
0.5281665702718334,0.11482552535184115,455,114,0.11868131868131868,0.11868131868131868,0.1,0.0881127083798603,54,10,104,401,0.11868131868131868,0.08771929824561403,True,max_tpr_with_empirical_fpr_le_target,0.02197802197802198,0.02197802197802198,0.01,0.3348341295700017,10,1,113,445,0.02197802197802198,0.008771929824561403,True,max_tpr_with_empirical_fpr_le_target,0.017582417582417582,0.017582417582417582,0.001,0.4116864563203806,8,0,114,447,0.017582417582417582,0.0,False,max_tpr_with_empirical_fpr_le_target,32,True,False,6.689575880039958,6.442404068085828,0.631578947368421,BCP,GNB,dp,2.0,9
0.4971274339695393,0.0529786003470214,455,114,0.1054945054945055,0.1054945054945055,0.1,0.252587626371255,48,10,104,407,0.1054945054945055,0.08771929824561403,True,max_tpr_with_empirical_fpr_le_target,0.03296703296703297,0.03296703296703297,0.01,0.4589251232987879,15,1,113,440,0.03296703296703297,0.008771929824561403,True,max_tpr_with_empirical_fpr_le_target,0.026373626373626374,0.026373626373626374,0.001,0.5594410077637573,12,0,114,443,0.026373626373626374,0.0,False,max_tpr_with_empirical_fpr_le_target,32,True,False,7.945212902823147,8.020148844986235,0.631578947368421,BCP,GNB,dp,2.0,10
0.4779063042220937,0.022594948910738377,455,114,0.08131868131868132,0.08131868131868132,0.1,0.13712758338837183,37,11,103,418,0.08131868131868132,0.09649122807017543,True,max_tpr_with_empirical_fpr_le_target,0.026373626373626374,0.026373626373626374,0.01,0.2709911163189611,12,1,113,443,0.026373626373626374,0.008771929824561403,True,max_tpr_with_empirical_fpr_le_target,0.015384615384615385,0.015384615384615385,0.001,0.2885449842487251,7,0,114,448,0.015384615384615385,0.0,False,max_tpr_with_empirical_fpr_le_target,32,True,False,8.975547082192472,8.994134332606256,0.631578947368421,BCP,GNB,dp,2.0,11
0.4733757470599576,0.024175824175824177,455,114,0.06593406593406594,0.06593406593406594,0.1,0.19572202350472034,30,10,104,425,0.06593406593406594,0.08771929824561403,True,max_tpr_with_empirical_fpr_le_target,0.026373626373626374,0.026373626373626374,0.01,0.3731810320176372,12,1,113,443,0.026373626373626374,0.008771929824561403,True,max_tpr_with_empirical_fpr_le_target,0.024175824175824177,0.024175824175824177,0.001,0.3812686456531478,11,0,114,444,0.024175824175824177,0.0,False,max_tpr_with_empirical_fpr_le_target,32,True,False,7.753049055035014,7.881617897052458,0.631578947368421,BCP,GNB,dp,2.0,12
0.5270676691729324,0.08095238095238089,455,114,0.16483516483516483,0.16483516483516483,0.1,0.09832053925160622,75,11,103,380,0.16483516483516483,0.09649122807017543,True,max_tpr_with_empirical_fpr_le_target,0.024175824175824177,0.024175824175824177,0.01,0.31770213789681545,11,1,113,444,0.024175824175824177,0.008771929824561403,True,max_tpr_with_empirical_fpr_le_target,0.013186813186813187,0.013186813186813187,0.001,0.5780911930605925,6,0,114,449,0.013186813186813187,0.0,False,max_tpr_with_empirical_fpr_le_target,32,True,False,8.09157192242888,8.068245802929338,0.631578947368421,BCP,GNB,dp,2.0,13
0.5352997879313669,0.13022941970310392,455,114,0.14285714285714285,0.14285714285714285,0.1,0.14075408965387481,65,11,103,390,0.14285714285714285,0.09649122807017543,True,max_tpr_with_empirical_fpr_le_target,0.02197802197802198,0.02197802197802198,0.01,0.42755970734825954,10,1,113,445,0.02197802197802198,0.008771929824561403,True,max_tpr_with_empirical_fpr_le_target,0.013186813186813187,0.013186813186813187,0.001,0.549063438778763,6,0,114,449,0.013186813186813187,0.0,False,max_tpr_with_empirical_fpr_le_target,32,True,False,8.757675625923483,8.649595091701533,0.631578947368421,BCP,GNB,dp,2.0,14
0.530133024869867,0.08199344515133988,455,114,0.12087912087912088,0.12087912087912088,0.1,0.16389727876269689,55,10,104,400,0.12087912087912088,0.08771929824561403,True,max_tpr_with_empirical_fpr_le_target,0.013186813186813187,0.013186813186813187,0.01,0.5309026592657506,6,1,113,449,0.013186813186813187,0.008771929824561403,True,max_tpr_with_empirical_fpr_le_target,0.004395604395604396,0.004395604395604396,0.001,1.0421853082371961,2,0,114,453,0.004395604395604396,0.0,False,max_tpr_with_empirical_fpr_le_target,32,True,False,8.432094898406234,8.362646155051417,0.631578947368421,BCP,GNB,dp,2.0,15
0.5485444380181221,0.11665702718334298,455,114,0.2087912087912088,0.2087912087912088,0.1,0.12874030113477897,95,11,103,360,0.2087912087912088,0.09649122807017543,True,max_tpr_with_empirical_fpr_le_target,0.046153846153846156,0.046153846153846156,0.01,0.33111016535071114,21,1,113,434,0.046153846153846156,0.008771929824561403,True,max_tpr_with_empirical_fpr_le_target,0.017582417582417582,0.017582417582417582,0.001,0.5570760102936894,8,0,114,447,0.017582417582417582,0.0,False,max_tpr_with_empirical_fpr_le_target,32,True,False,8.882966577261994,8.93424585886974,0.631578947368421,BCP,GNB,dp,2.0,16
0.5288606130711394,0.1061499903605167,455,114,0.16483516483516483,0.16483516483516483,0.1,0.05609998213626577,75,11,103,380,0.16483516483516483,0.09649122807017543,True,max_tpr_with_empirical_fpr_le_target,0.017582417582417582,0.017582417582417582,0.01,0.3368469782827872,8,1,113,447,0.017582417582417582,0.008771929824561403,True,max_tpr_with_empirical_fpr_le_target,0.002197802197802198,0.002197802197802198,0.001,0.6563176092385392,1,0,114,454,0.002197802197802198,0.0,False,max_tpr_with_empirical_fpr_le_target,32,True,False,7.052648937352758,7.019314342511405,0.631578947368421,BCP,GNB,dp,2.0,17
0.5063427800269906,0.06915365336417967,455,114,0.0945054945054945,0.0945054945054945,0.1,0.14632419294279586,43,11,103,412,0.0945054945054945,0.09649122807017543,True,max_tpr_with_empirical_fpr_le_target,0.008791208791208791,0.008791208791208791,0.01,0.48925330648099274,4,1,113,451,0.008791208791208791,0.008771929824561403,True,max_tpr_with_empirical_fpr_le_target,0.004395604395604396,0.004395604395604396,0.001,0.7905663278812622,2,0,114,453,0.004395604395604396,0.0,False,max_tpr_with_empirical_fpr_le_target,32,True,False,7.756039868720712,7.774471499312784,0.631578947368421,BCP,GNB,dp,2.0,18
0.4622517833044149,0.04634663582032003,455,114,0.13406593406593406,0.13406593406593406,0.1,0.16701791246390352,61,10,104,394,0.13406593406593406,0.08771929824561403,True,max_tpr_with_empirical_fpr_le_target,0.03956043956043956,0.03956043956043956,0.01,0.32006717609772917,18,1,113,437,0.03956043956043956,0.008771929824561403,True,max_tpr_with_empirical_fpr_le_target,0.006593406593406593,0.006593406593406593,0.001,0.6168509429915874,3,0,114,452,0.006593406593406593,0.0,False,max_tpr_with_empirical_fpr_le_target,32,True,False,8.980422300380107,9.126143713005327,0.631578947368421,BCP,GNB,dp,2.0,19
0.48787352997879313,0.03315982263350685,455,114,0.12087912087912088,0.12087912087912088,0.1,0.10108176633347021,55,10,104,400,0.12087912087912088,0.08771929824561403,True,max_tpr_with_empirical_fpr_le_target,0.03296703296703297,0.03296703296703297,0.01,0.23895489958107818,15,1,113,440,0.03296703296703297,0.008771929824561403,True,max_tpr_with_empirical_fpr_le_target,0.013186813186813187,0.013186813186813187,0.001,0.3852345687476797,6,0,114,449,0.013186813186813187,0.0,False,max_tpr_with_empirical_fpr_le_target,32,True,False,6.863880072356099,6.942319816437255,0.631578947368421,BCP,GNB,dp,2.0,20
0.5158665895508,0.09041835357624833,455,114,0.11648351648351649,0.11648351648351649,0.1,0.15516798370060192,53,11,103,402,0.11648351648351649,0.09649122807017543,True,max_tpr_with_empirical_fpr_le_target,0.03736263736263736,0.03736263736263736,0.01,0.36741518209322566,17,1,113,438,0.03736263736263736,0.008771929824561403,True,max_tpr_with_empirical_fpr_le_target,0.002197802197802198,0.002197802197802198,0.001,1.1367407350917178,1,0,114,454,0.002197802197802198,0.0,False,max_tpr_with_empirical_fpr_le_target,32,True,False,7.303068424238575,7.346500029523979,0.631578947368421,BCP,GNB,dp,2.0,21
0.494428378638905,0.054000385579332955,455,114,0.09230769230769231,0.09230769230769231,0.1,0.1425471402297802,42,11,103,413,0.09230769230769231,0.09649122807017543,True,max_tpr_with_empirical_fpr_le_target,0.015384615384615385,0.015384615384615385,0.01,0.4220286176567196,7,0,114,448,0.015384615384615385,0.0,True,max_tpr_with_empirical_fpr_le_target,0.015384615384615385,0.015384615384615385,0.001,0.4220286176567196,7,0,114,448,0.015384615384615385,0.0,False,max_tpr_with_empirical_fpr_le_target,32,True,False,8.358907037059453,8.364350906400169,0.631578947368421,BCP,GNB,dp,2.0,22
0.5119722382880277,0.0782533256217467,455,114,0.12527472527472527,0.12527472527472527,0.1,0.13535907823975002,57,11,103,398,0.12527472527472527,0.09649122807017543,True,max_tpr_with_empirical_fpr_le_target,0.024175824175824177,0.024175824175824177,0.01,0.37281944758443775,11,0,114,444,0.024175824175824177,0.0,True,max_tpr_with_empirical_fpr_le_target,0.024175824175824177,0.024175824175824177,0.001,0.37281944758443775,11,0,114,444,0.024175824175824177,0.0,False,max_tpr_with_empirical_fpr_le_target,32,True,False,8.770534807193819,8.792428761780092,0.631578947368421,BCP,GNB,dp,2.0,23
0.6135531135531136,0.220782726045884,455,114,0.18681318681318682,0.18681318681318682,0.1,0.09116245376764986,85,11,103,370,0.18681318681318682,0.09649122807017543,True,max_tpr_with_empirical_fpr_le_target,0.09010989010989011,0.09010989010989011,0.01,0.2080096709631798,41,1,113,414,0.09010989010989011,0.008771929824561403,True,max_tpr_with_empirical_fpr_le_target,0.07472527472527472,0.07472527472527472,0.001,0.23901828003282333,34,0,114,421,0.07472527472527472,0.0,False,max_tpr_with_empirical_fpr_le_target,32,True,False,8.125756538342836,8.038975479517083,0.631578947368421,BCP,GNB,dp,2.0,24
0.5359359938307307,0.12587237324079426,455,114,0.08571428571428572,0.08571428571428572,0.1,0.2170334383253496,39,10,104,416,0.08571428571428572,0.08771929824561403,True,max_tpr_with_empirical_fpr_le_target,0.026373626373626374,0.026373626373626374,0.01,0.4208322287987145,12,1,113,443,0.026373626373626374,0.008771929824561403,True,max_tpr_with_empirical_fpr_le_target,0.008791208791208791,0.008791208791208791,0.001,0.7594334721653255,4,0,114,451,0.008791208791208791,0.0,False,max_tpr_with_empirical_fpr_le_target,32,True,False,7.831997472680297,7.914044199695637,0.631578947368421,BCP,GNB,dp,2.0,25
0.49774436090225566,0.046539425486793906,455,114,0.14285714285714285,0.14285714285714285,0.1,0.13244342775162776,65,11,103,390,0.14285714285714285,0.09649122807017543,True,max_tpr_with_empirical_fpr_le_target,0.01978021978021978,0.01978021978021978,0.01,0.37433490425280347,9,1,113,446,0.01978021978021978,0.008771929824561403,True,max_tpr_with_empirical_fpr_le_target,0.0,0.0,0.001,inf,0,0,114,455,0.0,0.0,False,max_tpr_with_empirical_fpr_le_target,32,True,False,9.527925589638052,9.553443281621906,0.631578947368421,BCP,GNB,dp,2.0,26
0.5305186042028147,0.08262965105070375,455,114,0.07692307692307693,0.07692307692307693,0.1,0.18734841550896464,35,11,103,420,0.07692307692307693,0.09649122807017543,True,max_tpr_with_empirical_fpr_le_target,0.017582417582417582,0.017582417582417582,0.01,0.46004820997817486,8,0,114,447,0.017582417582417582,0.0,True,max_tpr_with_empirical_fpr_le_target,0.017582417582417582,0.017582417582417582,0.001,0.46004820997817486,8,0,114,447,0.017582417582417582,0.0,False,max_tpr_with_empirical_fpr_le_target,32,True,False,9.04514021070776,9.037760126228186,0.631578947368421,BCP,GNB,dp,2.0,27
0.47769423558897245,0.030846346635820324,455,114,0.0967032967032967,0.0967032967032967,0.1,0.12897045098460502,44,9,105,411,0.0967032967032967,0.07894736842105263,True,max_tpr_with_empirical_fpr_le_target,0.008791208791208791,0.008791208791208791,0.01,0.3965423795297949,4,1,113,451,0.008791208791208791,0.008771929824561403,True,max_tpr_with_empirical_fpr_le_target,0.002197802197802198,0.002197802197802198,0.001,1.006796527374385,1,0,114,454,0.002197802197802198,0.0,False,max_tpr_with_empirical_fpr_le_target,32,True,False,7.609505883167779,7.512116295862709,0.631578947368421,BCP,GNB,dp,2.0,28
0.48758434547908236,0.054000385579332955,455,114,0.11868131868131868,0.11868131868131868,0.1,0.20253667835962164,54,11,103,401,0.11868131868131868,0.09649122807017543,True,max_tpr_with_empirical_fpr_le_target,0.015384615384615385,0.015384615384615385,0.01,0.5343151445919911,7,1,113,448,0.015384615384615385,0.008771929824561403,True,max_tpr_with_empirical_fpr_le_target,0.004395604395604396,0.004395604395604396,0.001,0.7455654640873228,2,0,114,453,0.004395604395604396,0.0,False,max_tpr_with_empirical_fpr_le_target,32,True,False,8.818066467014514,8.683467925508552,0.631578947368421,BCP,GNB,dp,2.0,29
0.5479660690187006,0.10136880663196454,455,114,0.1934065934065934,0.1934065934065934,0.1,0.2194906858781671,88,11,103,367,0.1934065934065934,0.09649122807017543,True,max_tpr_with_empirical_fpr_le_target,0.02197802197802198,0.02197802197802198,0.01,0.8960145438012974,10,1,113,445,0.02197802197802198,0.008771929824561403,True,max_tpr_with_empirical_fpr_le_target,0.006593406593406593,0.006593406593406593,0.001,1.6211734345733495,3,0,114,452,0.006593406593406593,0.0,False,max_tpr_with_empirical_fpr_le_target,32,True,False,7.673612700784808,7.605257435612633,0.6929824561403509,BCP,GNB,dp,4.0,0
0.47108155002891844,0.0484480431848853,455,114,0.10989010989010989,0.10989010989010989,0.1,0.3068558167718862,50,11,103,405,0.10989010989010989,0.09649122807017543,True,max_tpr_with_empirical_fpr_le_target,0.013186813186813187,0.013186813186813187,0.01,1.110225515976064,6,1,113,449,0.013186813186813187,0.008771929824561403,True,max_tpr_with_empirical_fpr_le_target,0.002197802197802198,0.002197802197802198,0.001,2.2423018405008257,1,0,114,454,0.002197802197802198,0.0,False,max_tpr_with_empirical_fpr_le_target,32,True,False,7.613568800109798,7.632829264685428,0.6929824561403509,BCP,GNB,dp,4.0,1
0.5034123770965877,0.04794679005205327,455,114,0.11868131868131868,0.11868131868131868,0.1,0.32197994186593126,54,10,104,401,0.11868131868131868,0.08771929824561403,True,max_tpr_with_empirical_fpr_le_target,0.02197802197802198,0.02197802197802198,0.01,1.3241914329156552,10,1,113,445,0.02197802197802198,0.008771929824561403,True,max_tpr_with_empirical_fpr_le_target,0.015384615384615385,0.015384615384615385,0.001,1.561608969564296,7,0,114,448,0.015384615384615385,0.0,False,max_tpr_with_empirical_fpr_le_target,32,True,False,7.506052970413245,7.470876160593843,0.6929824561403509,BCP,GNB,dp,4.0,2
0.49009061114324276,0.03223443223443223,455,114,0.1010989010989011,0.1010989010989011,0.1,0.3560867987900198,46,10,104,409,0.1010989010989011,0.08771929824561403,True,max_tpr_with_empirical_fpr_le_target,0.004395604395604396,0.004395604395604396,0.01,3.4820607410808497,2,0,114,453,0.004395604395604396,0.0,True,max_tpr_with_empirical_fpr_le_target,0.004395604395604396,0.004395604395604396,0.001,3.4820607410808497,2,0,114,453,0.004395604395604396,0.0,False,max_tpr_with_empirical_fpr_le_target,32,True,False,5.623963108335129,5.825748883651509,0.6929824561403509,BCP,GNB,dp,4.0,3
0.5172353961827646,0.07289377289377291,455,114,0.11648351648351649,0.11648351648351649,0.1,0.23982664415136767,53,11,103,402,0.11648351648351649,0.09649122807017543,True,max_tpr_with_empirical_fpr_le_target,0.01098901098901099,0.01098901098901099,0.01,1.2013586191447718,5,1,113,450,0.01098901098901099,0.008771929824561403,True,max_tpr_with_empirical_fpr_le_target,0.004395604395604396,0.004395604395604396,0.001,2.0534095929416587,2,0,114,453,0.004395604395604396,0.0,False,max_tpr_with_empirical_fpr_le_target,32,True,False,7.674255856335141,7.629466973810579,0.6929824561403509,BCP,GNB,dp,4.0,4
0.5202236360131097,0.0846539425486793,455,114,0.08131868131868132,0.08131868131868132,0.1,0.4424787029420134,37,11,103,418,0.08131868131868132,0.09649122807017543,True,max_tpr_with_empirical_fpr_le_target,0.006593406593406593,0.006593406593406593,0.01,2.183898924525625,3,1,113,452,0.006593406593406593,0.008771929824561403,True,max_tpr_with_empirical_fpr_le_target,0.0,0.0,0.001,inf,0,0,114,455,0.0,0.0,False,max_tpr_with_empirical_fpr_le_target,32,True,False,6.158666513165592,6.1562290201782215,0.6929824561403509,BCP,GNB,dp,4.0,5
0.5154038943512628,0.0667245035666088,455,114,0.1054945054945055,0.1054945054945055,0.1,0.3831364482838948,48,11,103,407,0.1054945054945055,0.09649122807017543,True,max_tpr_with_empirical_fpr_le_target,0.017582417582417582,0.017582417582417582,0.01,1.6754875828191595,8,1,113,447,0.017582417582417582,0.008771929824561403,True,max_tpr_with_empirical_fpr_le_target,0.008791208791208791,0.008791208791208791,0.001,2.3432940976523122,4,0,114,451,0.008791208791208791,0.0,False,max_tpr_with_empirical_fpr_le_target,32,True,False,6.98318691576263,6.879250576777611,0.6929824561403509,BCP,GNB,dp,4.0,6
0.49689608636977056,0.05108926161557742,455,114,0.1076923076923077,0.1076923076923077,0.1,0.3265705648188595,49,11,103,406,0.1076923076923077,0.09649122807017543,True,max_tpr_with_empirical_fpr_le_target,0.002197802197802198,0.002197802197802198,0.01,1.8766318845589751,1,0,114,454,0.002197802197802198,0.0,True,max_tpr_with_empirical_fpr_le_target,0.002197802197802198,0.002197802197802198,0.001,1.8766318845589751,1,0,114,454,0.002197802197802198,0.0,False,max_tpr_with_empirical_fpr_le_target,32,True,False,7.8090566493309295,7.907555006974299,0.6929824561403509,BCP,GNB,dp,4.0,7
0.48347792558318875,0.030827067669172932,455,114,0.08791208791208792,0.08791208791208792,0.1,0.33684257402068196,40,10,104,415,0.08791208791208792,0.08771929824561403,True,max_tpr_with_empirical_fpr_le_target,0.004395604395604396,0.004395604395604396,0.01,1.9548301674523758,2,1,113,453,0.004395604395604396,0.008771929824561403,True,max_tpr_with_empirical_fpr_le_target,0.0,0.0,0.001,inf,0,0,114,455,0.0,0.0,False,max_tpr_with_empirical_fpr_le_target,32,True,False,7.207365805311695,7.190265133559062,0.6929824561403509,BCP,GNB,dp,4.0,8
0.5213032581453634,0.09747445536919225,455,114,0.13406593406593406,0.13406593406593406,0.1,0.2814513316331242,61,11,103,394,0.13406593406593406,0.09649122807017543,True,max_tpr_with_empirical_fpr_le_target,0.035164835164835165,0.035164835164835165,0.01,0.7613514020666567,16,1,113,439,0.035164835164835165,0.008771929824561403,True,max_tpr_with_empirical_fpr_le_target,0.024175824175824177,0.024175824175824177,0.001,0.8934959816653105,11,0,114,444,0.024175824175824177,0.0,False,max_tpr_with_empirical_fpr_le_target,32,True,False,7.046086795675025,7.235209464423122,0.6929824561403509,BCP,GNB,dp,4.0,9
0.5400616926932716,0.11351455561981871,455,114,0.13406593406593406,0.13406593406593406,0.1,0.21252496639498197,61,11,103,394,0.13406593406593406,0.09649122807017543,True,max_tpr_with_empirical_fpr_le_target,0.03296703296703297,0.03296703296703297,0.01,0.6967665822618248,15,1,113,440,0.03296703296703297,0.008771929824561403,True,max_tpr_with_empirical_fpr_le_target,0.013186813186813187,0.013186813186813187,0.001,0.9795559843817152,6,0,114,449,0.013186813186813187,0.0,False,max_tpr_with_empirical_fpr_le_target,32,True,False,8.743559264900796,8.74607224506685,0.6929824561403509,BCP,GNB,dp,4.0,10
0.5358395989974938,0.1285135916714864,455,114,0.08351648351648351,0.08351648351648351,0.1,0.38430226989480953,38,11,103,417,0.08351648351648351,0.09649122807017543,True,max_tpr_with_empirical_fpr_le_target,0.03296703296703297,0.03296703296703297,0.01,0.9854110648754082,15,1,113,440,0.03296703296703297,0.008771929824561403,True,max_tpr_with_empirical_fpr_le_target,0.0,0.0,0.001,inf,0,0,114,455,0.0,0.0,False,max_tpr_with_empirical_fpr_le_target,32,True,False,7.836324626888249,7.864660321544608,0.6929824561403509,BCP,GNB,dp,4.0,11
0.4925197609408135,0.07563138615770193,455,114,0.09010989010989011,0.09010989010989011,0.1,0.2754708823768679,41,11,103,414,0.09010989010989011,0.09649122807017543,True,max_tpr_with_empirical_fpr_le_target,0.024175824175824177,0.024175824175824177,0.01,0.6729449632708473,11,1,113,444,0.024175824175824177,0.008771929824561403,True,max_tpr_with_empirical_fpr_le_target,0.002197802197802198,0.002197802197802198,0.001,2.9037913767507346,1,0,114,454,0.002197802197802198,0.0,False,max_tpr_with_empirical_fpr_le_target,32,True,False,8.216343184367453,8.305893255797152,0.6929824561403509,BCP,GNB,dp,4.0,12
0.47782918835550414,0.041873915558126085,455,114,0.12087912087912088,0.12087912087912088,0.1,0.28901088350824633,55,11,103,400,0.12087912087912088,0.09649122807017543,True,max_tpr_with_empirical_fpr_le_target,0.017582417582417582,0.017582417582417582,0.01,1.3336436769193796,8,1,113,447,0.017582417582417582,0.008771929824561403,True,max_tpr_with_empirical_fpr_le_target,0.008791208791208791,0.008791208791208791,0.001,1.8154056857573666,4,0,114,451,0.008791208791208791,0.0,False,max_tpr_with_empirical_fpr_le_target,32,True,False,7.986996914682172,8.031153817343489,0.6929824561403509,BCP,GNB,dp,4.0,13
0.5321958743011375,0.09095816464237522,455,114,0.11648351648351649,0.11648351648351649,0.1,0.21711025490774727,53,10,104,402,0.11648351648351649,0.08771929824561403,True,max_tpr_with_empirical_fpr_le_target,0.03736263736263736,0.03736263736263736,0.01,0.5203883643531979,17,1,113,438,0.03736263736263736,0.008771929824561403,True,max_tpr_with_empirical_fpr_le_target,0.02857142857142857,0.02857142857142857,0.001,0.7488952437065635,13,0,114,442,0.02857142857142857,0.0,False,max_tpr_with_empirical_fpr_le_target,32,True,False,8.015199080215945,7.947170265505388,0.6929824561403509,BCP,GNB,dp,4.0,14
0.4495083863504916,0.017389627915943784,455,114,0.07252747252747253,0.07252747252747253,0.1,0.33334555016829626,33,11,103,422,0.07252747252747253,0.09649122807017543,True,max_tpr_with_empirical_fpr_le_target,0.008791208791208791,0.008791208791208791,0.01,2.0000512740039973,4,0,114,451,0.008791208791208791,0.0,True,max_tpr_with_empirical_fpr_le_target,0.008791208791208791,0.008791208791208791,0.001,2.0000512740039973,4,0,114,451,0.008791208791208791,0.0,False,max_tpr_with_empirical_fpr_le_target,32,True,False,7.905606352392667,7.782282140668292,0.6929824561403509,BCP,GNB,dp,4.0,15
0.44973973395026023,0.02427221900906111,455,114,0.07472527472527472,0.07472527472527472,0.1,0.5773323679050719,34,8,106,421,0.07472527472527472,0.07017543859649122,True,max_tpr_with_empirical_fpr_le_target,0.013186813186813187,0.013186813186813187,0.01,1.5958010264486697,6,1,113,449,0.013186813186813187,0.008771929824561403,True,max_tpr_with_empirical_fpr_le_target,0.006593406593406593,0.006593406593406593,0.001,1.8660883418820902,3,0,114,452,0.006593406593406593,0.0,False,max_tpr_with_empirical_fpr_le_target,32,True,False,7.048435794348698,7.01076012496165,0.6929824561403509,BCP,GNB,dp,4.0,16
0.5529207634470792,0.10624638519375362,455,114,0.16043956043956045,0.16043956043956045,0.1,0.19030777589176173,73,11,103,382,0.16043956043956045,0.09649122807017543,True,max_tpr_with_empirical_fpr_le_target,0.06813186813186813,0.06813186813186813,0.01,0.38541966686883056,31,1,113,424,0.06813186813186813,0.008771929824561403,True,max_tpr_with_empirical_fpr_le_target,0.06373626373626373,0.06373626373626373,0.001,0.3981395139402979,29,0,114,426,0.06373626373626373,0.0,False,max_tpr_with_empirical_fpr_le_target,32,True,False,7.843149039607908,7.887727939630509,0.6929824561403509,BCP,GNB,dp,4.0,17
0.4845382687487951,0.029014844804318513,455,114,0.1076923076923077,0.1076923076923077,0.1,0.30340644436225084,49,10,104,406,0.1076923076923077,0.08771929824561403,True,max_tpr_with_empirical_fpr_le_target,0.006593406593406593,0.006593406593406593,0.01,1.5294601009028224,3,1,113,452,0.006593406593406593,0.008771929824561403,True,max_tpr_with_empirical_fpr_le_target,0.004395604395604396,0.004395604395604396,0.001,2.030206886354666,2,0,114,453,0.004395604395604396,0.0,False,max_tpr_with_empirical_fpr_le_target,32,True,False,7.316731586233796,7.207856853407093,0.6929824561403509,BCP,GNB,dp,4.0,18
0.4489685752843648,0.013225371120107965,455,114,0.05934065934065934,0.05934065934065934,0.1,0.4126175546373494,27,10,104,428,0.05934065934065934,0.08771929824561403,True,max_tpr_with_empirical_fpr_le_target,0.006593406593406593,0.006593406593406593,0.01,1.1884598063383418,3,1,113,452,0.006593406593406593,0.008771929824561403,True,max_tpr_with_empirical_fpr_le_target,0.0,0.0,0.001,inf,0,0,114,455,0.0,0.0,False,max_tpr_with_empirical_fpr_le_target,32,True,False,8.414853058936847,8.408488726543023,0.6929824561403509,BCP,GNB,dp,4.0,19
0.5161364950838635,0.08432620011567382,455,114,0.0989010989010989,0.0989010989010989,0.1,0.3001294987594423,45,11,103,410,0.0989010989010989,0.09649122807017543,True,max_tpr_with_empirical_fpr_le_target,0.0,0.0,0.01,1.8617560249896794,0,1,113,455,0.0,0.008771929824561403,True,max_tpr_with_empirical_fpr_le_target,0.0,0.0,0.001,inf,0,0,114,455,0.0,0.0,False,max_tpr_with_empirical_fpr_le_target,32,True,False,6.783278620122217,6.994911063975369,0.6929824561403509,BCP,GNB,dp,4.0,20
0.4812608444187392,0.04632735685367265,455,114,0.12527472527472527,0.12527472527472527,0.1,0.24449892021023745,57,9,105,398,0.12527472527472527,0.07894736842105263,True,max_tpr_with_empirical_fpr_le_target,0.03956043956043956,0.03956043956043956,0.01,0.5162123101304759,18,0,114,437,0.03956043956043956,0.0,True,max_tpr_with_empirical_fpr_le_target,0.03956043956043956,0.03956043956043956,0.001,0.5162123101304759,18,0,114,437,0.03956043956043956,0.0,False,max_tpr_with_empirical_fpr_le_target,32,True,False,7.9743186943528155,8.02221442993259,0.6929824561403509,BCP,GNB,dp,4.0,21
0.48343936764989404,0.05579332947754001,455,114,0.13626373626373625,0.13626373626373625,0.1,0.2729608167454356,62,11,103,393,0.13626373626373625,0.09649122807017543,True,max_tpr_with_empirical_fpr_le_target,0.013186813186813187,0.013186813186813187,0.01,1.203247803850366,6,1,113,449,0.013186813186813187,0.008771929824561403,True,max_tpr_with_empirical_fpr_le_target,0.008791208791208791,0.008791208791208791,0.001,1.2721387055315336,4,0,114,451,0.008791208791208791,0.0,False,max_tpr_with_empirical_fpr_le_target,32,True,False,8.10378963546421,8.300309402433765,0.6929824561403509,BCP,GNB,dp,4.0,22
0.5039136302294197,0.045787545787545736,455,114,0.11868131868131868,0.11868131868131868,0.1,0.26210465622711077,54,10,104,401,0.11868131868131868,0.08771929824561403,True,max_tpr_with_empirical_fpr_le_target,0.013186813186813187,0.013186813186813187,0.01,1.3510040747945045,6,1,113,449,0.013186813186813187,0.008771929824561403,True,max_tpr_with_empirical_fpr_le_target,0.004395604395604396,0.004395604395604396,0.001,2.0205298083549135,2,0,114,453,0.004395604395604396,0.0,False,max_tpr_with_empirical_fpr_le_target,32,True,False,7.373484555377562,7.196311023846182,0.6929824561403509,BCP,GNB,dp,4.0,23
0.5108155002891845,0.059957586273375774,455,114,0.13186813186813187,0.13186813186813187,0.1,0.3031674653746812,60,11,103,395,0.13186813186813187,0.09649122807017543,True,max_tpr_with_empirical_fpr_le_target,0.01978021978021978,0.01978021978021978,0.01,1.0330612805722073,9,0,114,446,0.01978021978021978,0.0,True,max_tpr_with_empirical_fpr_le_target,0.01978021978021978,0.01978021978021978,0.001,1.0330612805722073,9,0,114,446,0.01978021978021978,0.0,False,max_tpr_with_empirical_fpr_le_target,32,True,False,8.104202325486458,8.050491899412684,0.6929824561403509,BCP,GNB,dp,4.0,24
0.44204742625795257,0.03531906689801427,455,114,0.11648351648351649,0.11648351648351649,0.1,0.2941382368701291,53,11,103,402,0.11648351648351649,0.09649122807017543,True,max_tpr_with_empirical_fpr_le_target,0.01978021978021978,0.01978021978021978,0.01,1.4687557058785172,9,1,113,446,0.01978021978021978,0.008771929824561403,True,max_tpr_with_empirical_fpr_le_target,0.013186813186813187,0.013186813186813187,0.001,1.8926812138210005,6,0,114,449,0.013186813186813187,0.0,False,max_tpr_with_empirical_fpr_le_target,32,True,False,6.60206005312367,6.579135597040617,0.6929824561403509,BCP,GNB,dp,4.0,25
0.4918642760748024,0.048409485251590514,455,114,0.1076923076923077,0.1076923076923077,0.1,0.2943263184493712,49,11,103,406,0.1076923076923077,0.09649122807017543,True,max_tpr_with_empirical_fpr_le_target,0.03736263736263736,0.03736263736263736,0.01,0.6353634273505113,17,1,113,438,0.03736263736263736,0.008771929824561403,True,max_tpr_with_empirical_fpr_le_target,0.002197802197802198,0.002197802197802198,0.001,2.443176242815075,1,0,114,454,0.002197802197802198,0.0,False,max_tpr_with_empirical_fpr_le_target,32,True,False,6.993434694243781,7.135364377427956,0.6929824561403509,BCP,GNB,dp,4.0,26
0.4497782918835551,0.0026990553306343035,455,114,0.054945054945054944,0.054945054945054944,0.1,0.45540952470051943,25,9,105,430,0.054945054945054944,0.07894736842105263,True,max_tpr_with_empirical_fpr_le_target,0.006593406593406593,0.006593406593406593,0.01,1.2217679006475688,3,1,113,452,0.006593406593406593,0.008771929824561403,True,max_tpr_with_empirical_fpr_le_target,0.002197802197802198,0.002197802197802198,0.001,2.120015677391791,1,0,114,454,0.002197802197802198,0.0,False,max_tpr_with_empirical_fpr_le_target,32,True,False,8.34373526436988,8.399333070254412,0.6929824561403509,BCP,GNB,dp,4.0,27
0.4748023905918643,0.020879120879120916,455,114,0.09010989010989011,0.09010989010989011,0.1,0.2924174460015978,41,11,103,414,0.09010989010989011,0.09649122807017543,True,max_tpr_with_empirical_fpr_le_target,0.006593406593406593,0.006593406593406593,0.01,1.300658026963312,3,1,113,452,0.006593406593406593,0.008771929824561403,True,max_tpr_with_empirical_fpr_le_target,0.002197802197802198,0.002197802197802198,0.001,2.282622008337224,1,0,114,454,0.002197802197802198,0.0,False,max_tpr_with_empirical_fpr_le_target,32,True,False,7.891819055356822,7.716358306902525,0.6929824561403509,BCP,GNB,dp,4.0,28
0.5466358203200309,0.13032581453634084,455,114,0.16263736263736264,0.16263736263736264,0.1,0.19547529860292867,74,11,103,381,0.16263736263736264,0.09649122807017543,True,max_tpr_with_empirical_fpr_le_target,0.01098901098901099,0.01098901098901099,0.01,2.269231589335626,5,1,113,450,0.01098901098901099,0.008771929824561403,True,max_tpr_with_empirical_fpr_le_target,0.008791208791208791,0.008791208791208791,0.001,2.5454216314436984,4,0,114,451,0.008791208791208791,0.0,False,max_tpr_with_empirical_fpr_le_target,32,True,False,7.52655987759972,7.431126464804585,0.6929824561403509,BCP,GNB,dp,4.0,29
0.4748987854251012,0.015519568151147106,455,114,0.09230769230769231,0.09230769230769231,0.1,0.4042766035513421,42,11,103,413,0.09230769230769231,0.09649122807017543,True,max_tpr_with_empirical_fpr_le_target,0.013186813186813187,0.013186813186813187,0.01,1.2733360327220566,6,1,113,449,0.013186813186813187,0.008771929824561403,True,max_tpr_with_empirical_fpr_le_target,0.006593406593406593,0.006593406593406593,0.001,1.6348632049192702,3,0,114,452,0.006593406593406593,0.0,False,max_tpr_with_empirical_fpr_le_target,32,True,False,7.117113657202153,6.979688946250117,0.6578947368421053,BCP,GNB,dp,8.0,0
0.4817235396182765,0.06092153460574512,455,114,0.07032967032967033,0.07032967032967033,0.1,0.48382891736619626,32,11,103,423,0.07032967032967033,0.09649122807017543,True,max_tpr_with_empirical_fpr_le_target,0.01098901098901099,0.01098901098901099,0.01,1.246103492510557,5,1,113,450,0.01098901098901099,0.008771929824561403,True,max_tpr_with_empirical_fpr_le_target,0.002197802197802198,0.002197802197802198,0.001,2.2943340044826277,1,0,114,454,0.002197802197802198,0.0,False,max_tpr_with_empirical_fpr_le_target,32,True,False,7.030801939739226,7.098103854005625,0.6578947368421053,BCP,GNB,dp,8.0,1
0.46658955080007725,0.0506265664160401,455,114,0.11208791208791209,0.11208791208791209,0.1,0.2731038751034611,51,11,103,404,0.11208791208791209,0.09649122807017543,True,max_tpr_with_empirical_fpr_le_target,0.0,0.0,0.01,1.3902514291907915,0,1,113,455,0.0,0.008771929824561403,True,max_tpr_with_empirical_fpr_le_target,0.0,0.0,0.001,inf,0,0,114,455,0.0,0.0,False,max_tpr_with_empirical_fpr_le_target,32,True,False,7.276139705249927,7.290897096964729,0.6578947368421053,BCP,GNB,dp,8.0,2
0.46776556776556777,0.019606709080393303,455,114,0.06153846153846154,0.06153846153846154,0.1,0.4518629792190807,28,11,103,427,0.06153846153846154,0.09649122807017543,True,max_tpr_with_empirical_fpr_le_target,0.017582417582417582,0.017582417582417582,0.01,0.8431580360533113,8,1,113,447,0.017582417582417582,0.008771929824561403,True,max_tpr_with_empirical_fpr_le_target,0.01098901098901099,0.01098901098901099,0.001,1.11432321732706,5,0,114,450,0.01098901098901099,0.0,False,max_tpr_with_empirical_fpr_le_target,32,True,False,7.857379668185147,7.919925357359336,0.6578947368421053,BCP,GNB,dp,8.0,3
0.48509735878156923,0.03663003663003672,455,114,0.08791208791208792,0.08791208791208792,0.1,0.3481125823448803,40,11,103,415,0.08791208791208792,0.09649122807017543,True,max_tpr_with_empirical_fpr_le_target,0.024175824175824177,0.024175824175824177,0.01,0.6965074133273106,11,1,113,444,0.024175824175824177,0.008771929824561403,True,max_tpr_with_empirical_fpr_le_target,0.017582417582417582,0.017582417582417582,0.001,0.8010177205930376,8,0,114,447,0.017582417582417582,0.0,False,max_tpr_with_empirical_fpr_le_target,32,True,False,7.78715646798947,7.927959042014508,0.6578947368421053,BCP,GNB,dp,8.0,4
0.4846539425486794,0.028455754771544273,455,114,0.08351648351648351,0.08351648351648351,0.1,0.33649959322623557,38,11,103,417,0.08351648351648351,0.09649122807017543,True,max_tpr_with_empirical_fpr_le_target,0.01098901098901099,0.01098901098901099,0.01,1.2442141088436856,5,0,114,450,0.01098901098901099,0.0,True,max_tpr_with_empirical_fpr_le_target,0.01098901098901099,0.01098901098901099,0.001,1.2442141088436856,5,0,114,450,0.01098901098901099,0.0,False,max_tpr_with_empirical_fpr_le_target,32,True,False,7.734938180666829,7.826236034375104,0.6578947368421053,BCP,GNB,dp,8.0,5
0.4912859070753808,0.04758048968575279,455,114,0.06593406593406594,0.06593406593406594,0.1,0.454460330062326,30,11,103,425,0.06593406593406594,0.09649122807017543,True,max_tpr_with_empirical_fpr_le_target,0.013186813186813187,0.013186813186813187,0.01,1.1026247842184658,6,1,113,449,0.013186813186813187,0.008771929824561403,True,max_tpr_with_empirical_fpr_le_target,0.002197802197802198,0.002197802197802198,0.001,2.0325678132901546,1,0,114,454,0.002197802197802198,0.0,False,max_tpr_with_empirical_fpr_le_target,32,True,False,7.420327289166879,7.370118603196723,0.6578947368421053,BCP,GNB,dp,8.0,6
0.4969153653364179,0.08700597647966068,455,114,0.07252747252747253,0.07252747252747253,0.1,0.3046143119559539,33,10,104,422,0.07252747252747253,0.08771929824561403,True,max_tpr_with_empirical_fpr_le_target,0.006593406593406593,0.006593406593406593,0.01,0.9784934516331281,3,1,113,452,0.006593406593406593,0.008771929824561403,True,max_tpr_with_empirical_fpr_le_target,0.004395604395604396,0.004395604395604396,0.001,1.1394607007474358,2,0,114,453,0.004395604395604396,0.0,False,max_tpr_with_empirical_fpr_le_target,32,True,False,8.561380518328102,8.714846490290446,0.6578947368421053,BCP,GNB,dp,8.0,7
0.5142471563524196,0.05660304607673028,455,114,0.14505494505494507,0.14505494505494507,0.1,0.13033731162456252,66,11,103,389,0.14505494505494507,0.09649122807017543,True,max_tpr_with_empirical_fpr_le_target,0.01098901098901099,0.01098901098901099,0.01,1.1354009082239083,5,1,113,450,0.01098901098901099,0.008771929824561403,True,max_tpr_with_empirical_fpr_le_target,0.006593406593406593,0.006593406593406593,0.001,1.592329887664682,3,0,114,452,0.006593406593406593,0.0,False,max_tpr_with_empirical_fpr_le_target,32,True,False,7.514158351636472,7.557605794355188,0.6578947368421053,BCP,GNB,dp,8.0,8
0.4670715249662618,0.032658569500674806,455,114,0.08351648351648351,0.08351648351648351,0.1,0.3050331522696741,38,11,103,417,0.08351648351648351,0.09649122807017543,True,max_tpr_with_empirical_fpr_le_target,0.013186813186813187,0.013186813186813187,0.01,1.0630189613319336,6,1,113,449,0.013186813186813187,0.008771929824561403,True,max_tpr_with_empirical_fpr_le_target,0.008791208791208791,0.008791208791208791,0.001,1.1818605074362818,4,0,114,451,0.008791208791208791,0.0,False,max_tpr_with_empirical_fpr_le_target,32,True,False,7.466356426374827,7.2689703931356675,0.6578947368421053,BCP,GNB,dp,8.0,9
0.4803932909196067,0.02272990167727007,455,114,0.08571428571428572,0.08571428571428572,0.1,0.3447889331732612,39,11,103,416,0.08571428571428572,0.09649122807017543,True,max_tpr_with_empirical_fpr_le_target,0.01098901098901099,0.01098901098901099,0.01,1.2868223705344501,5,1,113,450,0.01098901098901099,0.008771929824561403,True,max_tpr_with_empirical_fpr_le_target,0.004395604395604396,0.004395604395604396,0.001,1.5890337535814947,2,0,114,453,0.004395604395604396,0.0,False,max_tpr_with_empirical_fpr_le_target,32,True,False,7.631963983507446,7.507020577504052,0.6578947368421053,BCP,GNB,dp,8.0,10
0.5248698669751302,0.06668594563331404,455,114,0.13846153846153847,0.13846153846153847,0.1,0.210673169105982,63,11,103,392,0.13846153846153847,0.09649122807017543,True,max_tpr_with_empirical_fpr_le_target,0.024175824175824177,0.024175824175824177,0.01,0.8969595651558713,11,1,113,444,0.024175824175824177,0.008771929824561403,True,max_tpr_with_empirical_fpr_le_target,0.006593406593406593,0.006593406593406593,0.001,1.467329974954569,3,0,114,452,0.006593406593406593,0.0,False,max_tpr_with_empirical_fpr_le_target,32,True,False,7.829926680368769,7.842066664993615,0.6578947368421053,BCP,GNB,dp,8.0,11
0.45671871987661455,0.006574127626759241,455,114,0.09010989010989011,0.09010989010989011,0.1,0.4939579109272221,41,11,103,414,0.09010989010989011,0.09649122807017543,True,max_tpr_with_empirical_fpr_le_target,0.004395604395604396,0.004395604395604396,0.01,1.6895337360382578,2,0,114,453,0.004395604395604396,0.0,True,max_tpr_with_empirical_fpr_le_target,0.004395604395604396,0.004395604395604396,0.001,1.6895337360382578,2,0,114,453,0.004395604395604396,0.0,False,max_tpr_with_empirical_fpr_le_target,32,True,False,6.677787467774583,6.611201094541606,0.6578947368421053,BCP,GNB,dp,8.0,12
0.512878349720455,0.054019664545980284,455,114,0.11208791208791209,0.11208791208791209,0.1,0.19516019975447874,51,11,103,404,0.11208791208791209,0.09649122807017543,True,max_tpr_with_empirical_fpr_le_target,0.01098901098901099,0.01098901098901099,0.01,1.0280325471102052,5,1,113,450,0.01098901098901099,0.008771929824561403,True,max_tpr_with_empirical_fpr_le_target,0.002197802197802198,0.002197802197802198,0.001,1.6082506454069225,1,0,114,454,0.002197802197802198,0.0,False,max_tpr_with_empirical_fpr_le_target,32,True,False,7.709600043273736,7.6326302196778455,0.6578947368421053,BCP,GNB,dp,8.0,13
0.5124927703875073,0.05434740697898588,455,114,0.1010989010989011,0.1010989010989011,0.1,0.36914067542745777,46,11,103,409,0.1010989010989011,0.09649122807017543,True,max_tpr_with_empirical_fpr_le_target,0.004395604395604396,0.004395604395604396,0.01,1.7584480899294181,2,1,113,453,0.004395604395604396,0.008771929824561403,True,max_tpr_with_empirical_fpr_le_target,0.0,0.0,0.001,inf,0,0,114,455,0.0,0.0,False,max_tpr_with_empirical_fpr_le_target,32,True,False,7.001339391315536,7.072691126872517,0.6578947368421053,BCP,GNB,dp,8.0,14
0.49012916907653753,0.043011374590322005,455,114,0.1076923076923077,0.1076923076923077,0.1,0.21117092950605976,49,11,103,406,0.1076923076923077,0.09649122807017543,True,max_tpr_with_empirical_fpr_le_target,0.017582417582417582,0.017582417582417582,0.01,1.0880571327118052,8,0,114,447,0.017582417582417582,0.0,True,max_tpr_with_empirical_fpr_le_target,0.017582417582417582,0.017582417582417582,0.001,1.0880571327118052,8,0,114,447,0.017582417582417582,0.0,False,max_tpr_with_empirical_fpr_le_target,32,True,False,6.210863493778044,6.575224693805386,0.6578947368421053,BCP,GNB,dp,8.0,15
0.49145941777520724,0.03244650086755341,455,114,0.0945054945054945,0.0945054945054945,0.1,0.40114420845642496,43,11,103,412,0.0945054945054945,0.09649122807017543,True,max_tpr_with_empirical_fpr_le_target,0.004395604395604396,0.004395604395604396,0.01,1.413929304156036,2,0,114,453,0.004395604395604396,0.0,True,max_tpr_with_empirical_fpr_le_target,0.004395604395604396,0.004395604395604396,0.001,1.413929304156036,2,0,114,453,0.004395604395604396,0.0,False,max_tpr_with_empirical_fpr_le_target,32,True,False,6.465817136356559,6.41170008697699,0.6578947368421053,BCP,GNB,dp,8.0,16
0.5404665509928668,0.10630422209369578,455,114,0.11868131868131868,0.11868131868131868,0.1,0.1810984992885456,54,11,103,401,0.11868131868131868,0.09649122807017543,True,max_tpr_with_empirical_fpr_le_target,0.008791208791208791,0.008791208791208791,0.01,1.2328882000971992,4,0,114,451,0.008791208791208791,0.0,True,max_tpr_with_empirical_fpr_le_target,0.008791208791208791,0.008791208791208791,0.001,1.2328882000971992,4,0,114,451,0.008791208791208791,0.0,False,max_tpr_with_empirical_fpr_le_target,32,True,False,7.779010178711193,7.755676764919837,0.6578947368421053,BCP,GNB,dp,8.0,17
0.5002120686331213,0.07183342972816653,455,114,0.12967032967032968,0.12967032967032968,0.1,0.19101733989714553,59,11,103,396,0.12967032967032968,0.09649122807017543,True,max_tpr_with_empirical_fpr_le_target,0.004395604395604396,0.004395604395604396,0.01,2.247093763906296,2,0,114,453,0.004395604395604396,0.0,True,max_tpr_with_empirical_fpr_le_target,0.004395604395604396,0.004395604395604396,0.001,2.247093763906296,2,0,114,453,0.004395604395604396,0.0,False,max_tpr_with_empirical_fpr_le_target,32,True,False,6.983912494529588,7.01157097200232,0.6578947368421053,BCP,GNB,dp,8.0,18
0.509986504723347,0.05868517447464816,455,114,0.08131868131868132,0.08131868131868132,0.1,0.31486082863966525,37,11,103,418,0.08131868131868132,0.09649122807017543,True,max_tpr_with_empirical_fpr_le_target,0.01098901098901099,0.01098901098901099,0.01,1.0274274919484476,5,1,113,450,0.01098901098901099,0.008771929824561403,True,max_tpr_with_empirical_fpr_le_target,0.0,0.0,0.001,inf,0,0,114,455,0.0,0.0,False,max_tpr_with_empirical_fpr_le_target,32,True,False,7.4493373435003045,7.384691157316296,0.6578947368421053,BCP,GNB,dp,8.0,19
0.4578754578754579,0.009890109890109855,455,114,0.06153846153846154,0.06153846153846154,0.1,0.37733233962471413,28,11,103,427,0.06153846153846154,0.09649122807017543,True,max_tpr_with_empirical_fpr_le_target,0.013186813186813187,0.013186813186813187,0.01,0.9136462072623921,6,1,113,449,0.013186813186813187,0.008771929824561403,True,max_tpr_with_empirical_fpr_le_target,0.002197802197802198,0.002197802197802198,0.001,1.4179668365209457,1,0,114,454,0.002197802197802198,0.0,False,max_tpr_with_empirical_fpr_le_target,32,True,False,8.151431937552765,8.331776651642013,0.6578947368421053,BCP,GNB,dp,8.0,20
0.461962598804704,0.019703103913630282,455,114,0.07472527472527472,0.07472527472527472,0.1,0.30557822254571043,34,11,103,421,0.07472527472527472,0.09649122807017543,True,max_tpr_with_empirical_fpr_le_target,0.006593406593406593,0.006593406593406593,0.01,1.1374842832858238,3,1,113,452,0.006593406593406593,0.008771929824561403,True,max_tpr_with_empirical_fpr_le_target,0.002197802197802198,0.002197802197802198,0.001,1.6017648139698695,1,0,114,454,0.002197802197802198,0.0,False,max_tpr_with_empirical_fpr_le_target,32,True,False,7.4224499291808606,7.559247385859625,0.6578947368421053,BCP,GNB,dp,8.0,21
0.4421438210911895,0.03076923076923077,455,114,0.0945054945054945,0.0945054945054945,0.1,0.314420761614155,43,11,103,412,0.0945054945054945,0.09649122807017543,True,max_tpr_with_empirical_fpr_le_target,0.03296703296703297,0.03296703296703297,0.01,0.9063729795229696,15,1,113,440,0.03296703296703297,0.008771929824561403,True,max_tpr_with_empirical_fpr_le_target,0.03076923076923077,0.03076923076923077,0.001,0.9833055178999652,14,0,114,441,0.03076923076923077,0.0,False,max_tpr_with_empirical_fpr_le_target,32,True,False,6.465760223843533,6.595811438220767,0.6578947368421053,BCP,GNB,dp,8.0,22
0.4777520724889146,0.059032195874301086,455,114,0.07472527472527472,0.07472527472527472,0.1,0.3501446421941843,34,10,104,421,0.07472527472527472,0.08771929824561403,True,max_tpr_with_empirical_fpr_le_target,0.006593406593406593,0.006593406593406593,0.01,1.5002849328816739,3,1,113,452,0.006593406593406593,0.008771929824561403,True,max_tpr_with_empirical_fpr_le_target,0.002197802197802198,0.002197802197802198,0.001,2.0867760578510817,1,0,114,454,0.002197802197802198,0.0,False,max_tpr_with_empirical_fpr_le_target,32,True,False,6.803519767620817,6.94587924741281,0.6578947368421053,BCP,GNB,dp,8.0,23
0.5198766146134568,0.07742433005590904,455,114,0.0967032967032967,0.0967032967032967,0.1,0.46496515343572575,44,11,103,411,0.0967032967032967,0.09649122807017543,True,max_tpr_with_empirical_fpr_le_target,0.03076923076923077,0.03076923076923077,0.01,1.027014971302557,14,1,113,441,0.03076923076923077,0.008771929824561403,True,max_tpr_with_empirical_fpr_le_target,0.0,0.0,0.001,inf,0,0,114,455,0.0,0.0,False,max_tpr_with_empirical_fpr_le_target,32,True,False,7.053364224531886,6.907644822436797,0.6578947368421053,BCP,GNB,dp,8.0,24
0.4733564680933103,0.02797378060535949,455,114,0.0945054945054945,0.0945054945054945,0.1,0.17230442527276058,43,10,104,412,0.0945054945054945,0.08771929824561403,True,max_tpr_with_empirical_fpr_le_target,0.01978021978021978,0.01978021978021978,0.01,0.831116893340301,9,1,113,446,0.01978021978021978,0.008771929824561403,True,max_tpr_with_empirical_fpr_le_target,0.008791208791208791,0.008791208791208791,0.001,1.1613348543609576,4,0,114,451,0.008791208791208791,0.0,False,max_tpr_with_empirical_fpr_le_target,32,True,False,7.056648028702984,7.140124977878631,0.6578947368421053,BCP,GNB,dp,8.0,25
0.5093310198573356,0.07584345479082322,455,114,0.0945054945054945,0.0945054945054945,0.1,0.26856391634918175,43,11,103,412,0.0945054945054945,0.09649122807017543,True,max_tpr_with_empirical_fpr_le_target,0.01978021978021978,0.01978021978021978,0.01,0.8514012126584092,9,1,113,446,0.01978021978021978,0.008771929824561403,True,max_tpr_with_empirical_fpr_le_target,0.01098901098901099,0.01098901098901099,0.001,1.0123082948740452,5,0,114,450,0.01098901098901099,0.0,False,max_tpr_with_empirical_fpr_le_target,32,True,False,8.128336664634512,8.156021804648885,0.6578947368421053,BCP,GNB,dp,8.0,26
0.4764411027568923,0.0325428957007905,455,114,0.1010989010989011,0.1010989010989011,0.1,0.25024848993594695,46,11,103,409,0.1010989010989011,0.09649122807017543,True,max_tpr_with_empirical_fpr_le_target,0.01978021978021978,0.01978021978021978,0.01,0.9714091410026233,9,1,113,446,0.01978021978021978,0.008771929824561403,True,max_tpr_with_empirical_fpr_le_target,0.015384615384615385,0.015384615384615385,0.001,1.0254236949874143,7,0,114,448,0.015384615384615385,0.0,False,max_tpr_with_empirical_fpr_le_target,32,True,False,7.079412366442203,7.052261819861536,0.6578947368421053,BCP,GNB,dp,8.0,27
0.4813379602853287,0.028340080971659964,455,114,0.09230769230769231,0.09230769230769231,0.1,0.33995670525004407,42,11,103,413,0.09230769230769231,0.09649122807017543,True,max_tpr_with_empirical_fpr_le_target,0.002197802197802198,0.002197802197802198,0.01,2.6651002333528595,1,0,114,454,0.002197802197802198,0.0,True,max_tpr_with_empirical_fpr_le_target,0.002197802197802198,0.002197802197802198,0.001,2.6651002333528595,1,0,114,454,0.002197802197802198,0.0,False,max_tpr_with_empirical_fpr_le_target,32,True,False,5.8833593279362155,5.913157521705923,0.6578947368421053,BCP,GNB,dp,8.0,28
0.562155388471178,0.1326392905340274,455,114,0.14725274725274726,0.14725274725274726,0.1,0.16783240280444378,67,11,103,388,0.14725274725274726,0.09649122807017543,True,max_tpr_with_empirical_fpr_le_target,0.03296703296703297,0.03296703296703297,0.01,0.8442375443187702,15,1,113,440,0.03296703296703297,0.008771929824561403,True,max_tpr_with_empirical_fpr_le_target,0.008791208791208791,0.008791208791208791,0.001,1.4934728813362597,4,0,114,451,0.008791208791208791,0.0,False,max_tpr_with_empirical_fpr_le_target,32,True,False,6.791958556029412,6.815959763351775,0.6578947368421053,BCP,GNB,dp,8.0,29
0.47117794486215536,0.03358395989974938,455,114,0.08791208791208792,0.08791208791208792,0.1,0.4791148041791047,40,11,103,415,0.08791208791208792,0.09649122807017543,True,max_tpr_with_empirical_fpr_le_target,0.015384615384615385,0.015384615384615385,0.01,1.4951414587049223,7,0,114,448,0.015384615384615385,0.0,True,max_tpr_with_empirical_fpr_le_target,0.015384615384615385,0.015384615384615385,0.001,1.4951414587049223,7,0,114,448,0.015384615384615385,0.0,False,max_tpr_with_empirical_fpr_le_target,32,True,False,6.8590533600579775,6.731096708409591,0.7456140350877193,BCP,GNB,dp,10.0,0
0.4714285714285714,0.01769809138230191,455,114,0.0989010989010989,0.0989010989010989,0.1,0.424653307453811,45,10,104,410,0.0989010989010989,0.08771929824561403,True,max_tpr_with_empirical_fpr_le_target,0.017582417582417582,0.017582417582417582,0.01,1.419591891817916,8,1,113,447,0.017582417582417582,0.008771929824561403,True,max_tpr_with_empirical_fpr_le_target,0.002197802197802198,0.002197802197802198,0.001,2.363474964217659,1,0,114,454,0.002197802197802198,0.0,False,max_tpr_with_empirical_fpr_le_target,32,True,False,6.596509452935215,6.763408864355941,0.7456140350877193,BCP,GNB,dp,10.0,1
0.4927703875072297,0.04858299595141702,455,114,0.14285714285714285,0.14285714285714285,0.1,0.3514462635651374,65,11,103,390,0.14285714285714285,0.09649122807017543,True,max_tpr_with_empirical_fpr_le_target,0.02197802197802198,0.02197802197802198,0.01,1.2591368803487875,10,1,113,445,0.02197802197802198,0.008771929824561403,True,max_tpr_with_empirical_fpr_le_target,0.004395604395604396,0.004395604395604396,0.001,1.9007680607230482,2,0,114,453,0.004395604395604396,0.0,False,max_tpr_with_empirical_fpr_le_target,32,True,False,6.884985339327412,6.762097470254315,0.7456140350877193,BCP,GNB,dp,10.0,2
0.46768845189897823,0.02801233853865437,455,114,0.08571428571428572,0.08571428571428572,0.1,0.44220839693563185,39,11,103,416,0.08571428571428572,0.09649122807017543,True,max_tpr_with_empirical_fpr_le_target,0.008791208791208791,0.008791208791208791,0.01,1.7034911072469412,4,1,113,451,0.008791208791208791,0.008771929824561403,True,max_tpr_with_empirical_fpr_le_target,0.004395604395604396,0.004395604395604396,0.001,2.8633383653575457,2,0,114,453,0.004395604395604396,0.0,False,max_tpr_with_empirical_fpr_le_target,32,True,False,6.173368710443286,6.35398098035984,0.7456140350877193,BCP,GNB,dp,10.0,3
0.5216310005783689,0.07266242529400424,455,114,0.15384615384615385,0.15384615384615385,0.1,0.25173153827402794,70,11,103,385,0.15384615384615385,0.09649122807017543,True,max_tpr_with_empirical_fpr_le_target,0.02197802197802198,0.02197802197802198,0.01,0.7788203189017588,10,1,113,445,0.02197802197802198,0.008771929824561403,True,max_tpr_with_empirical_fpr_le_target,0.004395604395604396,0.004395604395604396,0.001,1.2008413907260689,2,0,114,453,0.004395604395604396,0.0,False,max_tpr_with_empirical_fpr_le_target,32,True,False,8.24424100265581,8.345561851187808,0.7456140350877193,BCP,GNB,dp,10.0,4
0.5076730287256603,0.06938500096394828,455,114,0.0945054945054945,0.0945054945054945,0.1,0.3714184321114824,43,11,103,412,0.0945054945054945,0.09649122807017543,True,max_tpr_with_empirical_fpr_le_target,0.024175824175824177,0.024175824175824177,0.01,0.901470206057132,11,1,113,444,0.024175824175824177,0.008771929824561403,True,max_tpr_with_empirical_fpr_le_target,0.01978021978021978,0.01978021978021978,0.001,1.0182258121596583,9,0,114,446,0.01978021978021978,0.0,False,max_tpr_with_empirical_fpr_le_target,32,True,False,7.279776503975905,7.183080923888371,0.7456140350877193,BCP,GNB,dp,10.0,5
0.4707923655292076,0.026103720840563005,455,114,0.05714285714285714,0.05714285714285714,0.1,0.6632311085744345,26,10,104,429,0.05714285714285714,0.08771929824561403,True,max_tpr_with_empirical_fpr_le_target,0.0,0.0,0.01,2.5700002161593525,0,1,113,455,0.0,0.008771929824561403,True,max_tpr_with_empirical_fpr_le_target,0.0,0.0,0.001,inf,0,0,114,455,0.0,0.0,False,max_tpr_with_empirical_fpr_le_target,32,True,False,6.39318604828639,6.527421873872598,0.7456140350877193,BCP,GNB,dp,10.0,6
0.5155195681511471,0.10032774243300557,455,114,0.08351648351648351,0.08351648351648351,0.1,0.5268212302637747,38,8,106,417,0.08351648351648351,0.07017543859649122,True,max_tpr_with_empirical_fpr_le_target,0.03956043956043956,0.03956043956043956,0.01,0.9603918465704382,18,1,113,437,0.03956043956043956,0.008771929824561403,True,max_tpr_with_empirical_fpr_le_target,0.01098901098901099,0.01098901098901099,0.001,1.8239581232640978,5,0,114,450,0.01098901098901099,0.0,False,max_tpr_with_empirical_fpr_le_target,32,True,False,6.6081631913766,6.5027367445783355,0.7456140350877193,BCP,GNB,dp,10.0,7
0.4700790437632543,0.02055137844611532,455,114,0.07252747252747253,0.07252747252747253,0.1,0.576675117500419,33,11,103,422,0.07252747252747253,0.09649122807017543,True,max_tpr_with_empirical_fpr_le_target,0.006593406593406593,0.006593406593406593,0.01,2.3824251607995706,3,1,113,452,0.006593406593406593,0.008771929824561403,True,max_tpr_with_empirical_fpr_le_target,0.002197802197802198,0.002197802197802198,0.001,3.119648162473438,1,0,114,454,0.002197802197802198,0.0,False,max_tpr_with_empirical_fpr_le_target,32,True,False,5.781899379141195,5.842945840992148,0.7456140350877193,BCP,GNB,dp,10.0,8
0.473298631193368,0.01752458068247542,455,114,0.0945054945054945,0.0945054945054945,0.1,0.4706229176146035,43,11,103,412,0.0945054945054945,0.09649122807017543,True,max_tpr_with_empirical_fpr_le_target,0.004395604395604396,0.004395604395604396,0.01,1.5635112845395662,2,0,114,453,0.004395604395604396,0.0,True,max_tpr_with_empirical_fpr_le_target,0.004395604395604396,0.004395604395604396,0.001,1.5635112845395662,2,0,114,453,0.004395604395604396,0.0,False,max_tpr_with_empirical_fpr_le_target,32,True,False,7.358538197577513,7.413051104794583,0.7456140350877193,BCP,GNB,dp,10.0,9
0.4514555619818778,0.006477732793522373,455,114,0.09010989010989011,0.09010989010989011,0.1,0.5838765822287888,41,10,104,414,0.09010989010989011,0.08771929824561403,True,max_tpr_with_empirical_fpr_le_target,0.004395604395604396,0.004395604395604396,0.01,1.797068540086638,2,1,113,453,0.004395604395604396,0.008771929824561403,True,max_tpr_with_empirical_fpr_le_target,0.0,0.0,0.001,inf,0,0,114,455,0.0,0.0,False,max_tpr_with_empirical_fpr_le_target,32,True,False,6.38570924767692,6.520354141967021,0.7456140350877193,BCP,GNB,dp,10.0,10
0.5821669558511664,0.15955272797378062,455,114,0.17582417582417584,0.17582417582417584,0.1,0.25314381616167614,80,10,104,375,0.17582417582417584,0.08771929824561403,True,max_tpr_with_empirical_fpr_le_target,0.03296703296703297,0.03296703296703297,0.01,0.7373669225808563,15,1,113,440,0.03296703296703297,0.008771929824561403,True,max_tpr_with_empirical_fpr_le_target,0.013186813186813187,0.013186813186813187,0.001,1.070370628421557,6,0,114,449,0.013186813186813187,0.0,False,max_tpr_with_empirical_fpr_le_target,32,True,False,8.463639880254362,8.403677629038627,0.7456140350877193,BCP,GNB,dp,10.0,11
0.530730672835936,0.08403701561596302,455,114,0.15384615384615385,0.15384615384615385,0.1,0.3443459421693995,70,11,103,385,0.15384615384615385,0.09649122807017543,True,max_tpr_with_empirical_fpr_le_target,0.01098901098901099,0.01098901098901099,0.01,1.2359689044551216,5,1,113,450,0.01098901098901099,0.008771929824561403,True,max_tpr_with_empirical_fpr_le_target,0.0,0.0,0.001,inf,0,0,114,455,0.0,0.0,False,max_tpr_with_empirical_fpr_le_target,32,True,False,7.918188476891583,7.715218556124488,0.7456140350877193,BCP,GNB,dp,10.0,12
0.51114324272219,0.08276460381723538,455,114,0.1054945054945055,0.1054945054945055,0.1,0.44860866655131826,48,11,103,407,0.1054945054945055,0.09649122807017543,True,max_tpr_with_empirical_fpr_le_target,0.03736263736263736,0.03736263736263736,0.01,1.0289476002863371,17,1,113,438,0.03736263736263736,0.008771929824561403,True,max_tpr_with_empirical_fpr_le_target,0.002197802197802198,0.002197802197802198,0.001,3.202436751265626,1,0,114,454,0.002197802197802198,0.0,False,max_tpr_with_empirical_fpr_le_target,32,True,False,6.581019371128833,6.596421764686034,0.7456140350877193,BCP,GNB,dp,10.0,13
0.4801233853865433,0.02247927511085407,455,114,0.1054945054945055,0.1054945054945055,0.1,0.425724145097504,48,11,103,407,0.1054945054945055,0.09649122807017543,True,max_tpr_with_empirical_fpr_le_target,0.024175824175824177,0.024175824175824177,0.01,1.0476236547357871,11,1,113,444,0.024175824175824177,0.008771929824561403,True,max_tpr_with_empirical_fpr_le_target,0.01098901098901099,0.01098901098901099,0.001,1.3018700845882387,5,0,114,450,0.01098901098901099,0.0,False,max_tpr_with_empirical_fpr_le_target,32,True,False,7.011250639868787,6.932293975353784,0.7456140350877193,BCP,GNB,dp,10.0,14
0.5455851166377481,0.12180451127819547,455,114,0.13846153846153847,0.13846153846153847,0.1,0.2917172116606297,63,9,105,392,0.13846153846153847,0.07894736842105263,True,max_tpr_with_empirical_fpr_le_target,0.03076923076923077,0.03076923076923077,0.01,1.0905889397529895,14,1,113,441,0.03076923076923077,0.008771929824561403,True,max_tpr_with_empirical_fpr_le_target,0.017582417582417582,0.017582417582417582,0.001,1.4164431667679125,8,0,114,447,0.017582417582417582,0.0,False,max_tpr_with_empirical_fpr_le_target,32,True,False,5.6309672096431385,5.895617218556069,0.7456140350877193,BCP,GNB,dp,10.0,15
0.5097262386736071,0.05855022170811641,455,114,0.09010989010989011,0.09010989010989011,0.1,0.42792436363505804,41,10,104,414,0.09010989010989011,0.08771929824561403,True,max_tpr_with_empirical_fpr_le_target,0.004395604395604396,0.004395604395604396,0.01,1.5660570750806633,2,0,114,453,0.004395604395604396,0.0,True,max_tpr_with_empirical_fpr_le_target,0.004395604395604396,0.004395604395604396,0.001,1.5660570750806633,2,0,114,453,0.004395604395604396,0.0,False,max_tpr_with_empirical_fpr_le_target,32,True,False,7.0623454926841,7.0496231799807045,0.7456140350877193,BCP,GNB,dp,10.0,16
0.48224407171775596,0.043724696356275294,455,114,0.1010989010989011,0.1010989010989011,0.1,0.6745429818645459,46,11,103,409,0.1010989010989011,0.09649122807017543,True,max_tpr_with_empirical_fpr_le_target,0.002197802197802198,0.002197802197802198,0.01,3.6825420916794007,1,0,114,454,0.002197802197802198,0.0,True,max_tpr_with_empirical_fpr_le_target,0.002197802197802198,0.002197802197802198,0.001,3.6825420916794007,1,0,114,454,0.002197802197802198,0.0,False,max_tpr_with_empirical_fpr_le_target,32,True,False,5.252242642122829,5.111314900580827,0.7456140350877193,BCP,GNB,dp,10.0,17
0.465490649701176,0.019876614613456717,455,114,0.09010989010989011,0.09010989010989011,0.1,0.5437902678071116,41,11,103,414,0.09010989010989011,0.09649122807017543,True,max_tpr_with_empirical_fpr_le_target,0.015384615384615385,0.015384615384615385,0.01,1.850347374833417,7,0,114,448,0.015384615384615385,0.0,True,max_tpr_with_empirical_fpr_le_target,0.015384615384615385,0.015384615384615385,0.001,1.850347374833417,7,0,114,448,0.015384615384615385,0.0,False,max_tpr_with_empirical_fpr_le_target,32,True,False,5.891884156770829,5.880578743874372,0.7456140350877193,BCP,GNB,dp,10.0,18
0.5163678426836321,0.075534991324465,455,114,0.1076923076923077,0.1076923076923077,0.1,0.3266667689290661,49,11,103,406,0.1076923076923077,0.09649122807017543,True,max_tpr_with_empirical_fpr_le_target,0.008791208791208791,0.008791208791208791,0.01,1.6974165964892922,4,1,113,451,0.008791208791208791,0.008771929824561403,True,max_tpr_with_empirical_fpr_le_target,0.006593406593406593,0.006593406593406593,0.001,1.867678005239541,3,0,114,452,0.006593406593406593,0.0,False,max_tpr_with_empirical_fpr_le_target,32,True,False,7.016941726049925,7.20001024036585,0.7456140350877193,BCP,GNB,dp,10.0,19
0.4964333911702333,0.04129554655870449,455,114,0.12087912087912088,0.12087912087912088,0.1,0.34288629439524065,55,11,103,400,0.12087912087912088,0.09649122807017543,True,max_tpr_with_empirical_fpr_le_target,0.008791208791208791,0.008791208791208791,0.01,1.5439749519913955,4,0,114,451,0.008791208791208791,0.0,True,max_tpr_with_empirical_fpr_le_target,0.008791208791208791,0.008791208791208791,0.001,1.5439749519913955,4,0,114,451,0.008791208791208791,0.0,False,max_tpr_with_empirical_fpr_le_target,32,True,False,7.433126824301923,7.593671101512237,0.7456140350877193,BCP,GNB,dp,10.0,20
0.4979564295353769,0.04837092731829574,455,114,0.11428571428571428,0.11428571428571428,0.1,0.4044911838945673,52,11,103,403,0.11428571428571428,0.09649122807017543,True,max_tpr_with_empirical_fpr_le_target,0.05714285714285714,0.05714285714285714,0.01,0.7617549433227668,26,1,113,429,0.05714285714285714,0.008771929824561403,True,max_tpr_with_empirical_fpr_le_target,0.01098901098901099,0.01098901098901099,0.001,1.4772704673986885,5,0,114,450,0.01098901098901099,0.0,False,max_tpr_with_empirical_fpr_le_target,32,True,False,6.966425375051961,6.98788967475774,0.7456140350877193,BCP,GNB,dp,10.0,21
0.5024677077308657,0.041411220358588796,455,114,0.08351648351648351,0.08351648351648351,0.1,0.4301043949131369,38,10,104,417,0.08351648351648351,0.08771929824561403,True,max_tpr_with_empirical_fpr_le_target,0.002197802197802198,0.002197802197802198,0.01,1.7234621092552427,1,1,113,454,0.002197802197802198,0.008771929824561403,True,max_tpr_with_empirical_fpr_le_target,0.0,0.0,0.001,inf,0,0,114,455,0.0,0.0,False,max_tpr_with_empirical_fpr_le_target,32,True,False,7.074188759082947,7.250493556767409,0.7456140350877193,BCP,GNB,dp,10.0,22
0.450915750915751,0.01750530171582798,455,114,0.06813186813186813,0.06813186813186813,0.1,0.3849029610685091,31,11,103,424,0.06813186813186813,0.09649122807017543,True,max_tpr_with_empirical_fpr_le_target,0.008791208791208791,0.008791208791208791,0.01,1.4921747415633675,4,1,113,451,0.008791208791208791,0.008771929824561403,True,max_tpr_with_empirical_fpr_le_target,0.0,0.0,0.001,inf,0,0,114,455,0.0,0.0,False,max_tpr_with_empirical_fpr_le_target,32,True,False,6.995268413247082,7.138936025065491,0.7456140350877193,BCP,GNB,dp,10.0,23
0.49961442066705225,0.042857142857142816,455,114,0.07692307692307693,0.07692307692307693,0.1,0.6502963613257848,35,11,103,420,0.07692307692307693,0.09649122807017543,True,max_tpr_with_empirical_fpr_le_target,0.002197802197802198,0.002197802197802198,0.01,3.072555306471159,1,0,114,454,0.002197802197802198,0.0,True,max_tpr_with_empirical_fpr_le_target,0.002197802197802198,0.002197802197802198,0.001,3.072555306471159,1,0,114,454,0.002197802197802198,0.0,False,max_tpr_with_empirical_fpr_le_target,32,True,False,5.975958751324196,6.0365207144963104,0.7456140350877193,BCP,GNB,dp,10.0,24
0.5301137459032196,0.08625409678041257,455,114,0.1054945054945055,0.1054945054945055,0.1,0.38086098252600653,48,11,103,407,0.1054945054945055,0.09649122807017543,True,max_tpr_with_empirical_fpr_le_target,0.004395604395604396,0.004395604395604396,0.01,1.4041078254649237,2,1,113,453,0.004395604395604396,0.008771929824561403,True,max_tpr_with_empirical_fpr_le_target,0.0,0.0,0.001,inf,0,0,114,455,0.0,0.0,False,max_tpr_with_empirical_fpr_le_target,32,True,False,7.794567968342652,7.726440652554425,0.7456140350877193,BCP,GNB,dp,10.0,25
0.547638326585695,0.1112974744553692,455,114,0.13626373626373625,0.13626373626373625,0.1,0.28950799402445737,62,11,103,393,0.13626373626373625,0.09649122807017543,True,max_tpr_with_empirical_fpr_le_target,0.006593406593406593,0.006593406593406593,0.01,1.6349041415639562,3,0,114,452,0.006593406593406593,0.0,True,max_tpr_with_empirical_fpr_le_target,0.006593406593406593,0.006593406593406593,0.001,1.6349041415639562,3,0,114,452,0.006593406593406593,0.0,False,max_tpr_with_empirical_fpr_le_target,32,True,False,6.924308603467794,7.1833742416689255,0.7456140350877193,BCP,GNB,dp,10.0,26
0.46136495083863505,0.006149990360516666,455,114,0.07252747252747253,0.07252747252747253,0.1,0.7250119324802977,33,11,103,422,0.07252747252747253,0.09649122807017543,True,max_tpr_with_empirical_fpr_le_target,0.004395604395604396,0.004395604395604396,0.01,1.933241885291638,2,1,113,453,0.004395604395604396,0.008771929824561403,True,max_tpr_with_empirical_fpr_le_target,0.002197802197802198,0.002197802197802198,0.001,2.406875175651815,1,0,114,454,0.002197802197802198,0.0,False,max_tpr_with_empirical_fpr_le_target,32,True,False,6.386128715624464,6.180253050705885,0.7456140350877193,BCP,GNB,dp,10.0,27
0.48885675727781,0.0725660304607673,455,114,0.11648351648351649,0.11648351648351649,0.1,0.418595319426875,53,11,103,402,0.11648351648351649,0.09649122807017543,True,max_tpr_with_empirical_fpr_le_target,0.026373626373626374,0.026373626373626374,0.01,1.4097042381326155,12,1,113,443,0.026373626373626374,0.008771929824561403,True,max_tpr_with_empirical_fpr_le_target,0.024175824175824177,0.024175824175824177,0.001,1.4471363575223348,11,0,114,444,0.024175824175824177,0.0,False,max_tpr_with_empirical_fpr_le_target,32,True,False,6.455012524765483,6.373905084215454,0.7456140350877193,BCP,GNB,dp,10.0,28
0.545026026604974,0.10420281472913057,455,114,0.16703296703296702,0.16703296703296702,0.1,0.31950945635241323,76,11,103,379,0.16703296703296702,0.09649122807017543,True,max_tpr_with_empirical_fpr_le_target,0.03296703296703297,0.03296703296703297,0.01,0.9979291504853447,15,1,113,440,0.03296703296703297,0.008771929824561403,True,max_tpr_with_empirical_fpr_le_target,0.024175824175824177,0.024175824175824177,0.001,1.19392156606671,11,0,114,444,0.024175824175824177,0.0,False,max_tpr_with_empirical_fpr_le_target,32,True,False,6.603805825572993,6.595483898393295,0.7456140350877193,BCP,GNB,dp,10.0,29
0.566281087333719,0.10622710622710624,455,114,0.17582417582417584,0.17582417582417584,0.1,0.7576326989892577,80,10,104,375,0.17582417582417584,0.08771929824561403,True,max_tpr_with_empirical_fpr_le_target,0.07472527472527472,0.07472527472527472,0.01,1.6916442647945766,34,1,113,421,0.07472527472527472,0.008771929824561403,True,max_tpr_with_empirical_fpr_le_target,0.05934065934065934,0.05934065934065934,0.001,2.3980578183018686,27,0,114,428,0.05934065934065934,0.0,False,max_tpr_with_empirical_fpr_le_target,32,True,False,0.22575812455454797,0.2563201989180184,0.9473684210526315,BCP,SVM,standard,,0
0.584634663582032,0.13076923076923075,455,114,0.17582417582417584,0.17582417582417584,0.1,0.7181935286623473,80,11,103,375,0.17582417582417584,0.09649122807017543,True,max_tpr_with_empirical_fpr_le_target,0.054945054945054944,0.054945054945054944,0.01,2.053178413750473,25,1,113,430,0.054945054945054944,0.008771929824561403,True,max_tpr_with_empirical_fpr_le_target,0.046153846153846156,0.046153846153846156,0.001,2.585825214277626,21,0,114,434,0.046153846153846156,0.0,False,max_tpr_with_empirical_fpr_le_target,32,True,False,0.24132146096708204,0.25917985376339225,0.9473684210526315,BCP,SVM,standard,,1
0.5685560053981107,0.11893194524773473,455,114,0.1912087912087912,0.1912087912087912,0.1,0.619993269272854,87,10,104,368,0.1912087912087912,0.08771929824561403,True,max_tpr_with_empirical_fpr_le_target,0.06813186813186813,0.06813186813186813,0.01,1.9243110820588314,31,1,113,424,0.06813186813186813,0.008771929824561403,True,max_tpr_with_empirical_fpr_le_target,0.04835164835164835,0.04835164835164835,0.001,2.5979964320374833,22,0,114,433,0.04835164835164835,0.0,False,max_tpr_with_empirical_fpr_le_target,32,True,False,0.23985694332109556,0.26798734634032895,0.9473684210526315,BCP,SVM,standard,,2
0.5654713707345287,0.1113553113553114,455,114,0.16483516483516483,0.16483516483516483,0.1,0.7817013105797788,75,11,103,380,0.16483516483516483,0.09649122807017543,True,max_tpr_with_empirical_fpr_le_target,0.054945054945054944,0.054945054945054944,0.01,2.3754035323480265,25,1,113,430,0.054945054945054944,0.008771929824561403,True,max_tpr_with_empirical_fpr_le_target,0.05274725274725275,0.05274725274725275,0.001,2.6090974417469486,24,0,114,431,0.05274725274725275,0.0,False,max_tpr_with_empirical_fpr_le_target,32,True,False,0.23466223592393898,0.2529795668388026,0.9473684210526315,BCP,SVM,standard,,3
0.5502602660497398,0.12425294004241372,455,114,0.16923076923076924,0.16923076923076924,0.1,0.7684087384138012,77,11,103,378,0.16923076923076924,0.09649122807017543,True,max_tpr_with_empirical_fpr_le_target,0.06153846153846154,0.06153846153846154,0.01,2.300007321833071,28,0,114,427,0.06153846153846154,0.0,True,max_tpr_with_empirical_fpr_le_target,0.06153846153846154,0.06153846153846154,0.001,2.300007321833071,28,0,114,427,0.06153846153846154,0.0,False,max_tpr_with_empirical_fpr_le_target,32,True,False,0.22370501893939165,0.24283058716476155,0.9473684210526315,BCP,SVM,standard,,4
0.5708116444958551,0.11012145748987856,455,114,0.2043956043956044,0.2043956043956044,0.1,0.5867777767748914,93,11,103,362,0.2043956043956044,0.09649122807017543,True,max_tpr_with_empirical_fpr_le_target,0.06373626373626373,0.06373626373626373,0.01,2.0520745929762496,29,1,113,426,0.06373626373626373,0.008771929824561403,True,max_tpr_with_empirical_fpr_le_target,0.04395604395604396,0.04395604395604396,0.001,3.2644092333971466,20,0,114,435,0.04395604395604396,0.0,False,max_tpr_with_empirical_fpr_le_target,32,True,False,0.23391348574495568,0.26243255734428295,0.9473684210526315,BCP,SVM,standard,,5
0.6152303836514362,0.18573356468093305,455,114,0.21978021978021978,0.21978021978021978,0.1,0.556682961575294,100,11,103,355,0.21978021978021978,0.09649122807017543,True,max_tpr_with_empirical_fpr_le_target,0.03956043956043956,0.03956043956043956,0.01,3.1308364712141508,18,1,113,437,0.03956043956043956,0.008771929824561403,True,max_tpr_with_empirical_fpr_le_target,0.03736263736263736,0.03736263736263736,0.001,3.4099497034149087,17,0,114,438,0.03736263736263736,0.0,False,max_tpr_with_empirical_fpr_le_target,32,True,False,0.24593785311770686,0.2637264998254245,0.9473684210526315,BCP,SVM,standard,,6
0.5676691729323309,0.12567958357432044,455,114,0.1824175824175824,0.1824175824175824,0.1,0.6348282488753096,83,11,103,372,0.1824175824175824,0.09649122807017543,True,max_tpr_with_empirical_fpr_le_target,0.05274725274725275,0.05274725274725275,0.01,2.158270162008185,24,1,113,431,0.05274725274725275,0.008771929824561403,True,max_tpr_with_empirical_fpr_le_target,0.05054945054945055,0.05054945054945055,0.001,2.398600412426873,23,0,114,432,0.05054945054945055,0.0,False,max_tpr_with_empirical_fpr_le_target,32,True,False,0.24331581079636333,0.2710570688587629,0.9473684210526315,BCP,SVM,standard,,7
0.5480624638519376,0.09909388856757279,455,114,0.1912087912087912,0.1912087912087912,0.1,0.6725956218646713,87,11,103,368,0.1912087912087912,0.09649122807017543,True,max_tpr_with_empirical_fpr_le_target,0.054945054945054944,0.054945054945054944,0.01,2.4419005066279835,25,1,113,430,0.054945054945054944,0.008771929824561403,True,max_tpr_with_empirical_fpr_le_target,0.05274725274725275,0.05274725274725275,0.001,2.4742948589995244,24,0,114,431,0.05274725274725275,0.0,False,max_tpr_with_empirical_fpr_le_target,32,True,False,0.2442402157931163,0.26808715267676864,0.9473684210526315,BCP,SVM,standard,,8
0.6160593792172739,0.17701947175631383,455,114,0.24395604395604395,0.24395604395604395,0.1,0.5164378334134383,111,11,103,344,0.24395604395604395,0.09649122807017543,True,max_tpr_with_empirical_fpr_le_target,0.08571428571428572,0.08571428571428572,0.01,1.9038908413943885,39,1,113,416,0.08571428571428572,0.008771929824561403,True,max_tpr_with_empirical_fpr_le_target,0.07912087912087912,0.07912087912087912,0.001,2.2055191424050493,36,0,114,419,0.07912087912087912,0.0,False,max_tpr_with_empirical_fpr_le_target,32,True,False,0.22978362996374083,0.24813901282158604,0.9473684210526315,BCP,SVM,standard,,9
0.5568151147098517,0.14549836128783497,455,114,0.2021978021978022,0.2021978021978022,0.1,0.5744207385407085,92,11,103,363,0.2021978021978022,0.09649122807017543,True,max_tpr_with_empirical_fpr_le_target,0.08131868131868132,0.08131868131868132,0.01,1.5781307460804248,37,1,113,418,0.08131868131868132,0.008771929824561403,True,max_tpr_with_empirical_fpr_le_target,0.02857142857142857,0.02857142857142857,0.001,3.7287230017831594,13,0,114,442,0.02857142857142857,0.0,False,max_tpr_with_empirical_fpr_le_target,32,True,False,0.24213905838620106,0.26529318287549897,0.9473684210526315,BCP,SVM,standard,,10
0.589801426643532,0.18116444958550226,455,114,0.20659340659340658,0.20659340659340658,0.1,0.5580814528286218,94,11,103,361,0.20659340659340658,0.09649122807017543,True,max_tpr_with_empirical_fpr_le_target,0.08571428571428572,0.08571428571428572,0.01,1.552638905516735,39,1,113,416,0.08571428571428572,0.008771929824561403,True,max_tpr_with_empirical_fpr_le_target,0.07472527472527472,0.07472527472527472,0.001,1.8038255731194481,34,0,114,421,0.07472527472527472,0.0,False,max_tpr_with_empirical_fpr_le_target,32,True,False,0.2298531448905426,0.2588688859833307,0.9473684210526315,BCP,SVM,standard,,11
0.5914786967418547,0.14813957971852715,455,114,0.23516483516483516,0.23516483516483516,0.1,0.47708022497429425,107,11,103,348,0.23516483516483516,0.09649122807017543,True,max_tpr_with_empirical_fpr_le_target,0.07692307692307693,0.07692307692307693,0.01,1.8075715378025197,35,1,113,420,0.07692307692307693,0.008771929824561403,True,max_tpr_with_empirical_fpr_le_target,0.07252747252747253,0.07252747252747253,0.001,1.9312556763182567,33,0,114,422,0.07252747252747253,0.0,False,max_tpr_with_empirical_fpr_le_target,32,True,False,0.2351028419218342,0.2592010801311837,0.9473684210526315,BCP,SVM,standard,,12
0.602390591864276,0.17383844225949488,455,114,0.2703296703296703,0.2703296703296703,0.1,0.4147677456889358,123,11,103,332,0.2703296703296703,0.09649122807017543,True,max_tpr_with_empirical_fpr_le_target,0.09230769230769231,0.09230769230769231,0.01,1.4236424561059817,42,1,113,413,0.09230769230769231,0.008771929824561403,True,max_tpr_with_empirical_fpr_le_target,0.05934065934065934,0.05934065934065934,0.001,2.310544149695381,27,0,114,428,0.05934065934065934,0.0,False,max_tpr_with_empirical_fpr_le_target,32,True,False,0.23062343483648007,0.25797713721749893,0.9473684210526315,BCP,SVM,standard,,13
0.5638519375361482,0.1135531135531136,455,114,0.189010989010989,0.189010989010989,0.1,0.7360229757534072,86,11,103,369,0.189010989010989,0.09649122807017543,True,max_tpr_with_empirical_fpr_le_target,0.05714285714285714,0.05714285714285714,0.01,2.508375373502183,26,1,113,429,0.05714285714285714,0.008771929824561403,True,max_tpr_with_empirical_fpr_le_target,0.054945054945054944,0.054945054945054944,0.001,2.7137471546998384,25,0,114,430,0.054945054945054944,0.0,False,max_tpr_with_empirical_fpr_le_target,32,True,False,0.2288015788309207,0.2550453675502172,0.9473684210526315,BCP,SVM,standard,,14
0.6046076730287258,0.16747638326585698,455,114,0.22857142857142856,0.22857142857142856,0.1,0.5179717644411013,104,11,103,351,0.22857142857142856,0.09649122807017543,True,max_tpr_with_empirical_fpr_le_target,0.08791208791208792,0.08791208791208792,0.01,1.3634217872040182,40,1,113,415,0.08791208791208792,0.008771929824561403,True,max_tpr_with_empirical_fpr_le_target,0.05274725274725275,0.05274725274725275,0.001,2.0146255308093455,24,0,114,431,0.05274725274725275,0.0,False,max_tpr_with_empirical_fpr_le_target,32,True,False,0.2609261557857153,0.28607324067687284,0.9473684210526315,BCP,SVM,standard,,15
0.6054366685945634,0.16597262386736067,455,114,0.18461538461538463,0.18461538461538463,0.1,0.7033404607695672,84,11,103,371,0.18461538461538463,0.09649122807017543,True,max_tpr_with_empirical_fpr_le_target,0.07692307692307693,0.07692307692307693,0.01,1.6453443800196226,35,1,113,420,0.07692307692307693,0.008771929824561403,True,max_tpr_with_empirical_fpr_le_target,0.05274725274725275,0.05274725274725275,0.001,2.5088534906605924,24,0,114,431,0.05274725274725275,0.0,False,max_tpr_with_empirical_fpr_le_target,32,True,False,0.23281651253592403,0.2537055850109203,0.9473684210526315,BCP,SVM,standard,,16
0.604376325428957,0.17829188355504144,455,114,0.25054945054945055,0.25054945054945055,0.1,0.4942019316238153,114,10,104,341,0.25054945054945055,0.08771929824561403,True,max_tpr_with_empirical_fpr_le_target,0.11428571428571428,0.11428571428571428,0.01,1.286390683853056,52,1,113,403,0.11428571428571428,0.008771929824561403,True,max_tpr_with_empirical_fpr_le_target,0.054945054945054944,0.054945054945054944,0.001,2.0505651628134363,25,0,114,430,0.054945054945054944,0.0,False,max_tpr_with_empirical_fpr_le_target,32,True,False,0.24366831275527298,0.26569280138251583,0.9473684210526315,BCP,SVM,standard,,17
0.5904376325428957,0.14617312512049352,455,114,0.1956043956043956,0.1956043956043956,0.1,0.595624872952793,89,11,103,366,0.1956043956043956,0.09649122807017543,True,max_tpr_with_empirical_fpr_le_target,0.07252747252747253,0.07252747252747253,0.01,1.8721654632060438,33,1,113,422,0.07252747252747253,0.008771929824561403,True,max_tpr_with_empirical_fpr_le_target,0.06153846153846154,0.06153846153846154,0.001,2.189865671654954,28,0,114,427,0.06153846153846154,0.0,False,max_tpr_with_empirical_fpr_le_target,32,True,False,0.23689605841649544,0.2630251357882375,0.9473684210526315,BCP,SVM,standard,,18
0.5668787352997879,0.11247349142085983,455,114,0.1912087912087912,0.1912087912087912,0.1,0.6057901502130703,87,11,103,368,0.1912087912087912,0.09649122807017543,True,max_tpr_with_empirical_fpr_le_target,0.07472527472527472,0.07472527472527472,0.01,1.597854310613232,34,1,113,421,0.07472527472527472,0.008771929824561403,True,max_tpr_with_empirical_fpr_le_target,0.06593406593406594,0.06593406593406594,0.001,1.7910420965259437,30,0,114,425,0.06593406593406594,0.0,False,max_tpr_with_empirical_fpr_le_target,32,True,False,0.24132656560099924,0.2663021055733208,0.9473684210526315,BCP,SVM,standard,,19
0.5930788509735878,0.16142278773857716,455,114,0.21318681318681318,0.21318681318681318,0.1,0.5665714526768273,97,11,103,358,0.21318681318681318,0.09649122807017543,True,max_tpr_with_empirical_fpr_le_target,0.07032967032967033,0.07032967032967033,0.01,1.6684246110804244,32,1,113,423,0.07032967032967033,0.008771929824561403,True,max_tpr_with_empirical_fpr_le_target,0.046153846153846156,0.046153846153846156,0.001,2.5499762485432553,21,0,114,434,0.046153846153846156,0.0,False,max_tpr_with_empirical_fpr_le_target,32,True,False,0.25416239957258807,0.27515029468001434,0.9473684210526315,BCP,SVM,standard,,20
0.5787738577212261,0.15951417004048585,455,114,0.14725274725274726,0.14725274725274726,0.1,0.9261837517982434,67,11,103,388,0.14725274725274726,0.09649122807017543,True,max_tpr_with_empirical_fpr_le_target,0.05054945054945055,0.05054945054945055,0.01,2.543098557614706,23,1,113,432,0.05054945054945055,0.008771929824561403,True,max_tpr_with_empirical_fpr_le_target,0.04835164835164835,0.04835164835164835,0.001,2.585506335119971,22,0,114,433,0.04835164835164835,0.0,False,max_tpr_with_empirical_fpr_le_target,32,True,False,0.2156978647865411,0.24020362263338116,0.9473684210526315,BCP,SVM,standard,,21
0.5861384229805282,0.15835743204164257,455,114,0.21978021978021978,0.21978021978021978,0.1,0.5528170573802917,100,10,104,355,0.21978021978021978,0.08771929824561403,True,max_tpr_with_empirical_fpr_le_target,0.07692307692307693,0.07692307692307693,0.01,1.7226773404623539,35,1,113,420,0.07692307692307693,0.008771929824561403,True,max_tpr_with_empirical_fpr_le_target,0.06813186813186813,0.06813186813186813,0.001,2.0866521074973816,31,0,114,424,0.06813186813186813,0.0,False,max_tpr_with_empirical_fpr_le_target,32,True,False,0.24706902679157516,0.2671942597337881,0.9473684210526315,BCP,SVM,standard,,22
0.5812608444187392,0.17162136109504533,455,114,0.25934065934065936,0.25934065934065936,0.1,0.42445208400452894,118,10,104,337,0.25934065934065936,0.08771929824561403,True,max_tpr_with_empirical_fpr_le_target,0.11208791208791209,0.11208791208791209,0.01,1.4270338158219706,51,1,113,404,0.11208791208791209,0.008771929824561403,True,max_tpr_with_empirical_fpr_le_target,0.07252747252747253,0.07252747252747253,0.001,2.032524174797796,33,0,114,422,0.07252747252747253,0.0,False,max_tpr_with_empirical_fpr_le_target,32,True,False,0.2381312797905646,0.26792480558987747,0.9473684210526315,BCP,SVM,standard,,23
0.582995951417004,0.13549257759784072,455,114,0.1956043956043956,0.1956043956043956,0.1,0.5701549686362294,89,11,103,366,0.1956043956043956,0.09649122807017543,True,max_tpr_with_empirical_fpr_le_target,0.0967032967032967,0.0967032967032967,0.01,1.5119529682616508,44,1,113,411,0.0967032967032967,0.008771929824561403,True,max_tpr_with_empirical_fpr_le_target,0.0945054945054945,0.0945054945054945,0.001,1.5353442945599702,43,0,114,412,0.0945054945054945,0.0,False,max_tpr_with_empirical_fpr_le_target,32,True,False,0.2387054378305312,0.261159787324966,0.9473684210526315,BCP,SVM,standard,,24
0.5641218430692114,0.1132832080200501,455,114,0.1912087912087912,0.1912087912087912,0.1,0.6354551323965174,87,11,103,368,0.1912087912087912,0.09649122807017543,True,max_tpr_with_empirical_fpr_le_target,0.08131868131868132,0.08131868131868132,0.01,1.506532502237878,37,1,113,418,0.08131868131868132,0.008771929824561403,True,max_tpr_with_empirical_fpr_le_target,0.05934065934065934,0.05934065934065934,0.001,2.122942326984268,27,0,114,428,0.05934065934065934,0.0,False,max_tpr_with_empirical_fpr_le_target,32,True,False,0.24073608185805834,0.26500573171621944,0.9473684210526315,BCP,SVM,standard,,25
0.6051089261615578,0.17690379795642952,455,114,0.17582417582417584,0.17582417582417584,0.1,0.6655984329008442,80,11,103,375,0.17582417582417584,0.09649122807017543,True,max_tpr_with_empirical_fpr_le_target,0.08131868131868132,0.08131868131868132,0.01,1.6335725154501965,37,1,113,418,0.08131868131868132,0.008771929824561403,True,max_tpr_with_empirical_fpr_le_target,0.06593406593406594,0.06593406593406594,0.001,1.8747179333924933,30,0,114,425,0.06593406593406594,0.0,False,max_tpr_with_empirical_fpr_le_target,32,True,False,0.25736191792997987,0.290279034970404,0.9473684210526315,BCP,SVM,standard,,26
0.5612492770387507,0.10470406786196262,455,114,0.16703296703296702,0.16703296703296702,0.1,0.7541079657834706,76,11,103,379,0.16703296703296702,0.09649122807017543,True,max_tpr_with_empirical_fpr_le_target,0.08351648351648351,0.08351648351648351,0.01,1.67895967019998,38,1,113,417,0.08351648351648351,0.008771929824561403,True,max_tpr_with_empirical_fpr_le_target,0.05054945054945055,0.05054945054945055,0.001,3.136881999706183,23,0,114,432,0.05054945054945055,0.0,False,max_tpr_with_empirical_fpr_le_target,32,True,False,0.22785705661480624,0.24657015744765348,0.9473684210526315,BCP,SVM,standard,,27
0.5739155581260844,0.12591093117408908,455,114,0.2,0.2,0.1,0.5933259510343294,91,11,103,364,0.2,0.09649122807017543,True,max_tpr_with_empirical_fpr_le_target,0.07912087912087912,0.07912087912087912,0.01,1.6852760723022873,36,1,113,419,0.07912087912087912,0.008771929824561403,True,max_tpr_with_empirical_fpr_le_target,0.05934065934065934,0.05934065934065934,0.001,2.1545770982524197,27,0,114,428,0.05934065934065934,0.0,False,max_tpr_with_empirical_fpr_le_target,32,True,False,0.2459759097333147,0.2726126018088131,0.9473684210526315,BCP,SVM,standard,,28
0.5839984576826682,0.1546751494119915,455,114,0.14945054945054945,0.14945054945054945,0.1,0.8970026220779628,68,11,103,387,0.14945054945054945,0.09649122807017543,True,max_tpr_with_empirical_fpr_le_target,0.041758241758241756,0.041758241758241756,0.01,3.3489465695103293,19,1,113,436,0.041758241758241756,0.008771929824561403,True,max_tpr_with_empirical_fpr_le_target,0.03736263736263736,0.03736263736263736,0.001,4.117893706689754,17,0,114,438,0.03736263736263736,0.0,False,max_tpr_with_empirical_fpr_le_target,32,True,False,0.21544550418876873,0.23597161460262925,0.9473684210526315,BCP,SVM,standard,,29
0.5099672257566995,0.06338924233661081,455,114,0.08571428571428572,0.08571428571428572,0.1,0.32549247172926865,39,11,103,416,0.08571428571428572,0.09649122807017543,True,max_tpr_with_empirical_fpr_le_target,0.02197802197802198,0.02197802197802198,0.01,0.6603447914599596,10,1,113,445,0.02197802197802198,0.008771929824561403,True,max_tpr_with_empirical_fpr_le_target,0.002197802197802198,0.002197802197802198,0.001,1.251568483896576,1,0,114,454,0.002197802197802198,0.0,False,max_tpr_with_empirical_fpr_le_target,32,True,False,7.117926069726612,7.062293573678843,0.6666666666666666,BCP,SVM,dp,0.1,0
0.5362444572970888,0.09581646423751689,455,114,0.16703296703296702,0.16703296703296702,0.1,0.21435522742609603,76,11,103,379,0.16703296703296702,0.09649122807017543,True,max_tpr_with_empirical_fpr_le_target,0.02197802197802198,0.02197802197802198,0.01,0.9083529820658565,10,1,113,445,0.02197802197802198,0.008771929824561403,True,max_tpr_with_empirical_fpr_le_target,0.015384615384615385,0.015384615384615385,0.001,1.114163931960074,7,0,114,448,0.015384615384615385,0.0,False,max_tpr_with_empirical_fpr_le_target,32,True,False,6.948187475819466,7.007534259121954,0.6666666666666666,BCP,SVM,dp,0.1,1
0.5064391748602275,0.06171197223828803,455,114,0.14285714285714285,0.14285714285714285,0.1,0.2032005345053376,65,11,103,390,0.14285714285714285,0.09649122807017543,True,max_tpr_with_empirical_fpr_le_target,0.03296703296703297,0.03296703296703297,0.01,0.5402207135492372,15,1,113,440,0.03296703296703297,0.008771929824561403,True,max_tpr_with_empirical_fpr_le_target,0.017582417582417582,0.017582417582417582,0.001,0.825876750585893,8,0,114,447,0.017582417582417582,0.0,False,max_tpr_with_empirical_fpr_le_target,32,True,False,6.887729105126651,6.871649339070663,0.6666666666666666,BCP,SVM,dp,0.1,2
0.48569500674763827,0.03206092153460571,455,114,0.07032967032967033,0.07032967032967033,0.1,0.3273260161290006,32,10,104,423,0.07032967032967033,0.08771929824561403,True,max_tpr_with_empirical_fpr_le_target,0.013186813186813187,0.013186813186813187,0.01,0.8696162363388611,6,1,113,449,0.013186813186813187,0.008771929824561403,True,max_tpr_with_empirical_fpr_le_target,0.0,0.0,0.001,inf,0,0,114,455,0.0,0.0,False,max_tpr_with_empirical_fpr_le_target,32,True,False,6.6993385200703655,6.747847039961177,0.6666666666666666,BCP,SVM,dp,0.1,3
0.5664931559668401,0.12606516290726816,455,114,0.16043956043956045,0.16043956043956045,0.1,0.18766502475682945,73,10,104,382,0.16043956043956045,0.08771929824561403,True,max_tpr_with_empirical_fpr_le_target,0.03076923076923077,0.03076923076923077,0.01,0.5625085322480112,14,1,113,441,0.03076923076923077,0.008771929824561403,True,max_tpr_with_empirical_fpr_le_target,0.01978021978021978,0.01978021978021978,0.001,0.8942884906420492,9,0,114,446,0.01978021978021978,0.0,False,max_tpr_with_empirical_fpr_le_target,32,True,False,6.17460120802374,6.251497321005513,0.6666666666666666,BCP,SVM,dp,0.1,4
0.5034123770965876,0.028243686138422985,455,114,0.12087912087912088,0.12087912087912088,0.1,0.2238367445675653,55,11,103,400,0.12087912087912088,0.09649122807017543,True,max_tpr_with_empirical_fpr_le_target,0.01978021978021978,0.01978021978021978,0.01,0.7282708164504728,9,1,113,446,0.01978021978021978,0.008771929824561403,True,max_tpr_with_empirical_fpr_le_target,0.017582417582417582,0.017582417582417582,0.001,0.7644171635941914,8,0,114,447,0.017582417582417582,0.0,False,max_tpr_with_empirical_fpr_le_target,32,True,False,7.072351811157574,7.030327128227882,0.6666666666666666,BCP,SVM,dp,0.1,5
0.5390206284943128,0.07804125698862541,455,114,0.14065934065934066,0.14065934065934066,0.1,0.27173433279312986,64,11,103,391,0.14065934065934066,0.09649122807017543,True,max_tpr_with_empirical_fpr_le_target,0.05274725274725275,0.05274725274725275,0.01,0.5229467760365387,24,1,113,431,0.05274725274725275,0.008771929824561403,True,max_tpr_with_empirical_fpr_le_target,0.04835164835164835,0.04835164835164835,0.001,0.560438805606259,22,0,114,433,0.04835164835164835,0.0,False,max_tpr_with_empirical_fpr_le_target,32,True,False,6.849792017285248,6.948874185599577,0.6666666666666666,BCP,SVM,dp,0.1,6
0.43558897243107764,0.02427221900906111,455,114,0.0989010989010989,0.0989010989010989,0.1,0.2631618246531331,45,11,103,410,0.0989010989010989,0.09649122807017543,True,max_tpr_with_empirical_fpr_le_target,0.006593406593406593,0.006593406593406593,0.01,1.2026078241233602,3,1,113,452,0.006593406593406593,0.008771929824561403,True,max_tpr_with_empirical_fpr_le_target,0.0,0.0,0.001,inf,0,0,114,455,0.0,0.0,False,max_tpr_with_empirical_fpr_le_target,32,True,False,6.171554317625463,6.230485105391341,0.6666666666666666,BCP,SVM,dp,0.1,7
0.47948717948717945,0.02442645074224023,455,114,0.0967032967032967,0.0967032967032967,0.1,0.3323106365006341,44,9,105,411,0.0967032967032967,0.07894736842105263,True,max_tpr_with_empirical_fpr_le_target,0.02197802197802198,0.02197802197802198,0.01,0.9027285473763884,10,1,113,445,0.02197802197802198,0.008771929824561403,True,max_tpr_with_empirical_fpr_le_target,0.004395604395604396,0.004395604395604396,0.001,1.6290035361312034,2,0,114,453,0.004395604395604396,0.0,False,max_tpr_with_empirical_fpr_le_target,32,True,False,6.651125326018591,6.540138656216198,0.6666666666666666,BCP,SVM,dp,0.1,8
0.509099672257567,0.05234239444765765,455,114,0.11208791208791209,0.11208791208791209,0.1,0.2875931085686574,51,11,103,404,0.11208791208791209,0.09649122807017543,True,max_tpr_with_empirical_fpr_le_target,0.017582417582417582,0.017582417582417582,0.01,0.9593054403404411,8,1,113,447,0.017582417582417582,0.008771929824561403,True,max_tpr_with_empirical_fpr_le_target,0.013186813186813187,0.013186813186813187,0.001,1.3055286412844263,6,0,114,449,0.013186813186813187,0.0,False,max_tpr_with_empirical_fpr_le_target,32,True,False,6.009180722832521,6.047344977624551,0.6666666666666666,BCP,SVM,dp,0.1,9
0.49034123770965876,0.05982263350684405,455,114,0.09230769230769231,0.09230769230769231,0.1,0.27542263985273285,42,10,104,413,0.09230769230769231,0.08771929824561403,True,max_tpr_with_empirical_fpr_le_target,0.015384615384615385,0.015384615384615385,0.01,0.7412635563300651,7,1,113,448,0.015384615384615385,0.008771929824561403,True,max_tpr_with_empirical_fpr_le_target,0.006593406593406593,0.006593406593406593,0.001,0.9588039723456028,3,0,114,452,0.006593406593406593,0.0,False,max_tpr_with_empirical_fpr_le_target,32,True,False,6.0881814255273605,6.050781597297357,0.6666666666666666,BCP,SVM,dp,0.1,10
0.46383265856950073,0.019934451513398885,455,114,0.1054945054945055,0.1054945054945055,0.1,0.2954980393530744,48,11,103,407,0.1054945054945055,0.09649122807017543,True,max_tpr_with_empirical_fpr_le_target,0.013186813186813187,0.013186813186813187,0.01,0.9599427321798597,6,1,113,449,0.013186813186813187,0.008771929824561403,True,max_tpr_with_empirical_fpr_le_target,0.008791208791208791,0.008791208791208791,0.001,1.2689983505551243,4,0,114,451,0.008791208791208791,0.0,False,max_tpr_with_empirical_fpr_le_target,32,True,False,6.838471861097929,6.750732854176782,0.6666666666666666,BCP,SVM,dp,0.1,11
0.4474648158858685,0.026142278773857663,455,114,0.07032967032967033,0.07032967032967033,0.1,0.32890996847744347,32,10,104,423,0.07032967032967033,0.08771929824561403,True,max_tpr_with_empirical_fpr_le_target,0.004395604395604396,0.004395604395604396,0.01,1.1234147889279367,2,0,114,453,0.004395604395604396,0.0,True,max_tpr_with_empirical_fpr_le_target,0.004395604395604396,0.004395604395604396,0.001,1.1234147889279367,2,0,114,453,0.004395604395604396,0.0,False,max_tpr_with_empirical_fpr_le_target,32,True,False,6.912658476681196,7.033628889513276,0.6666666666666666,BCP,SVM,dp,0.1,12
0.5087912087912088,0.05299787931366878,455,114,0.12087912087912088,0.12087912087912088,0.1,0.27750440712553104,55,11,103,400,0.12087912087912088,0.09649122807017543,True,max_tpr_with_empirical_fpr_le_target,0.017582417582417582,0.017582417582417582,0.01,1.1740714199823739,8,1,113,447,0.017582417582417582,0.008771929824561403,True,max_tpr_with_empirical_fpr_le_target,0.004395604395604396,0.004395604395604396,0.001,1.5799813670449687,2,0,114,453,0.004395604395604396,0.0,False,max_tpr_with_empirical_fpr_le_target,32,True,False,6.163257290262756,6.149015773985917,0.6666666666666666,BCP,SVM,dp,0.1,13
0.48382494698284173,0.037189126662810934,455,114,0.0967032967032967,0.0967032967032967,0.1,0.2948023621959779,44,10,104,411,0.0967032967032967,0.08771929824561403,True,max_tpr_with_empirical_fpr_le_target,0.03076923076923077,0.03076923076923077,0.01,0.6721654048700243,14,1,113,441,0.03076923076923077,0.008771929824561403,True,max_tpr_with_empirical_fpr_le_target,0.017582417582417582,0.017582417582417582,0.001,0.7963151075126547,8,0,114,447,0.017582417582417582,0.0,False,max_tpr_with_empirical_fpr_le_target,32,True,False,6.560918600035565,6.588750800789267,0.6666666666666666,BCP,SVM,dp,0.1,14
0.5340080971659918,0.09300173510699827,455,114,0.12307692307692308,0.12307692307692308,0.1,0.26736697477134186,56,11,103,399,0.12307692307692308,0.09649122807017543,True,max_tpr_with_empirical_fpr_le_target,0.008791208791208791,0.008791208791208791,0.01,1.274324745400416,4,1,113,451,0.008791208791208791,0.008771929824561403,True,max_tpr_with_empirical_fpr_le_target,0.006593406593406593,0.006593406593406593,0.001,1.5404830408774295,3,0,114,452,0.006593406593406593,0.0,False,max_tpr_with_empirical_fpr_le_target,32,True,False,6.402816158660871,6.390287108214417,0.6666666666666666,BCP,SVM,dp,0.1,15
0.48542510121457494,0.04320416425679574,455,114,0.08131868131868132,0.08131868131868132,0.1,0.33986133730492263,37,11,103,418,0.08131868131868132,0.09649122807017543,True,max_tpr_with_empirical_fpr_le_target,0.0,0.0,0.01,1.6711264010082707,0,1,113,455,0.0,0.008771929824561403,True,max_tpr_with_empirical_fpr_le_target,0.0,0.0,0.001,inf,0,0,114,455,0.0,0.0,False,max_tpr_with_empirical_fpr_le_target,32,True,False,7.82197290294489,7.7234379335480075,0.6666666666666666,BCP,SVM,dp,0.1,16
0.49600925390399075,0.05652593021014074,455,114,0.11208791208791209,0.11208791208791209,0.1,0.1722521243357238,51,10,104,404,0.11208791208791209,0.08771929824561403,True,max_tpr_with_empirical_fpr_le_target,0.017582417582417582,0.017582417582417582,0.01,0.6325090617855094,8,1,113,447,0.017582417582417582,0.008771929824561403,True,max_tpr_with_empirical_fpr_le_target,0.0,0.0,0.001,inf,0,0,114,455,0.0,0.0,False,max_tpr_with_empirical_fpr_le_target,32,True,False,6.866144132834138,6.925420161599509,0.6666666666666666,BCP,SVM,dp,0.1,17
0.50258338153075,0.05326778484673225,455,114,0.13186813186813187,0.13186813186813187,0.1,0.17822090461744944,60,11,103,395,0.13186813186813187,0.09649122807017543,True,max_tpr_with_empirical_fpr_le_target,0.015384615384615385,0.015384615384615385,0.01,0.6627749583497047,7,1,113,448,0.015384615384615385,0.008771929824561403,True,max_tpr_with_empirical_fpr_le_target,0.004395604395604396,0.004395604395604396,0.001,1.4194795601540275,2,0,114,453,0.004395604395604396,0.0,False,max_tpr_with_empirical_fpr_le_target,32,True,False,8.188585666358554,8.059683378311034,0.6666666666666666,BCP,SVM,dp,0.1,18
0.4637169847696164,0.042085984191247344,455,114,0.0967032967032967,0.0967032967032967,0.1,0.25666462336468054,44,11,103,411,0.0967032967032967,0.09649122807017543,True,max_tpr_with_empirical_fpr_le_target,0.017582417582417582,0.017582417582417582,0.01,0.694414545974781,8,0,114,447,0.017582417582417582,0.0,True,max_tpr_with_empirical_fpr_le_target,0.017582417582417582,0.017582417582417582,0.001,0.694414545974781,8,0,114,447,0.017582417582417582,0.0,False,max_tpr_with_empirical_fpr_le_target,32,True,False,7.313289832804669,7.3693491084832665,0.6666666666666666,BCP,SVM,dp,0.1,19
0.49001349527665317,0.049296317717370364,455,114,0.10329670329670329,0.10329670329670329,0.1,0.26403064563256873,47,11,103,408,0.10329670329670329,0.09649122807017543,True,max_tpr_with_empirical_fpr_le_target,0.026373626373626374,0.026373626373626374,0.01,0.662835524788302,12,1,113,443,0.026373626373626374,0.008771929824561403,True,max_tpr_with_empirical_fpr_le_target,0.004395604395604396,0.004395604395604396,0.001,1.4342806660446699,2,0,114,453,0.004395604395604396,0.0,False,max_tpr_with_empirical_fpr_le_target,32,True,False,7.013462393887721,6.961171024840284,0.6666666666666666,BCP,SVM,dp,0.1,20
0.461808367071525,0.011008289955658376,455,114,0.07912087912087912,0.07912087912087912,0.1,0.4211866981987802,36,11,103,419,0.07912087912087912,0.09649122807017543,True,max_tpr_with_empirical_fpr_le_target,0.01978021978021978,0.01978021978021978,0.01,1.0493465984211268,9,1,113,446,0.01978021978021978,0.008771929824561403,True,max_tpr_with_empirical_fpr_le_target,0.0,0.0,0.001,inf,0,0,114,455,0.0,0.0,False,max_tpr_with_empirical_fpr_le_target,32,True,False,6.161094087983636,6.12318844158487,0.6666666666666666,BCP,SVM,dp,0.1,21
0.5074224021592442,0.062039714671293655,455,114,0.15384615384615385,0.15384615384615385,0.1,0.22108164819988785,70,11,103,385,0.15384615384615385,0.09649122807017543,True,max_tpr_with_empirical_fpr_le_target,0.01098901098901099,0.01098901098901099,0.01,0.9613197013700194,5,1,113,450,0.01098901098901099,0.008771929824561403,True,max_tpr_with_empirical_fpr_le_target,0.008791208791208791,0.008791208791208791,0.001,1.2545796022882785,4,0,114,451,0.008791208791208791,0.0,False,max_tpr_with_empirical_fpr_le_target,32,True,False,5.913640204980746,5.9918656629423745,0.6666666666666666,BCP,SVM,dp,0.1,22
0.47002120686331206,0.03894351262772311,455,114,0.05714285714285714,0.05714285714285714,0.1,0.4085097305798038,26,11,103,429,0.05714285714285714,0.09649122807017543,True,max_tpr_with_empirical_fpr_le_target,0.0,0.0,0.01,2.100445757341273,0,1,113,455,0.0,0.008771929824561403,True,max_tpr_with_empirical_fpr_le_target,0.0,0.0,0.001,inf,0,0,114,455,0.0,0.0,False,max_tpr_with_empirical_fpr_le_target,32,True,False,6.0475040759270815,6.054608306378652,0.6666666666666666,BCP,SVM,dp,0.1,23
0.49523809523809526,0.07960285328706382,455,114,0.11208791208791209,0.11208791208791209,0.1,0.20781477146506955,51,11,103,404,0.11208791208791209,0.09649122807017543,True,max_tpr_with_empirical_fpr_le_target,0.024175824175824177,0.024175824175824177,0.01,0.594293410378298,11,1,113,444,0.024175824175824177,0.008771929824561403,True,max_tpr_with_empirical_fpr_le_target,0.008791208791208791,0.008791208791208791,0.001,0.8990459162413993,4,0,114,451,0.008791208791208791,0.0,False,max_tpr_with_empirical_fpr_le_target,32,True,False,7.474400113094883,7.440502618049475,0.6666666666666666,BCP,SVM,dp,0.1,24
0.5090611143242721,0.06271447850395218,455,114,0.14505494505494507,0.14505494505494507,0.1,0.1824620541201396,66,11,103,389,0.14505494505494507,0.09649122807017543,True,max_tpr_with_empirical_fpr_le_target,0.01978021978021978,0.01978021978021978,0.01,0.9000863304857001,9,1,113,446,0.01978021978021978,0.008771929824561403,True,max_tpr_with_empirical_fpr_le_target,0.0,0.0,0.001,inf,0,0,114,455,0.0,0.0,False,max_tpr_with_empirical_fpr_le_target,32,True,False,6.303187801372187,6.298889222468604,0.6666666666666666,BCP,SVM,dp,0.1,25
0.4716984769616349,0.06171197223828803,455,114,0.14505494505494507,0.14505494505494507,0.1,0.1934837948149144,66,10,104,389,0.14505494505494507,0.08771929824561403,True,max_tpr_with_empirical_fpr_le_target,0.013186813186813187,0.013186813186813187,0.01,0.7941428410161282,6,1,113,449,0.013186813186813187,0.008771929824561403,True,max_tpr_with_empirical_fpr_le_target,0.002197802197802198,0.002197802197802198,0.001,1.0926988838789402,1,0,114,454,0.002197802197802198,0.0,False,max_tpr_with_empirical_fpr_le_target,32,True,False,7.312697260170255,7.302131157817679,0.6666666666666666,BCP,SVM,dp,0.1,26
0.4226527858106805,1.927896664738818e-05,455,114,0.03736263736263736,0.03736263736263736,0.1,0.8108135206189377,17,11,103,438,0.03736263736263736,0.09649122807017543,True,max_tpr_with_empirical_fpr_le_target,0.008791208791208791,0.008791208791208791,0.01,1.7627943244635524,4,1,113,451,0.008791208791208791,0.008771929824561403,True,max_tpr_with_empirical_fpr_le_target,0.0,0.0,0.001,inf,0,0,114,455,0.0,0.0,False,max_tpr_with_empirical_fpr_le_target,32,True,False,5.566445853340508,5.4421695970485455,0.6666666666666666,BCP,SVM,dp,0.1,27
0.4761519182571815,0.028359359938307294,455,114,0.0967032967032967,0.0967032967032967,0.1,0.26945941790324657,44,11,103,411,0.0967032967032967,0.09649122807017543,True,max_tpr_with_empirical_fpr_le_target,0.01098901098901099,0.01098901098901099,0.01,0.7929433194178555,5,1,113,450,0.01098901098901099,0.008771929824561403,True,max_tpr_with_empirical_fpr_le_target,0.0,0.0,0.001,inf,0,0,114,455,0.0,0.0,False,max_tpr_with_empirical_fpr_le_target,32,True,False,7.769480657840093,7.674300447056686,0.6666666666666666,BCP,SVM,dp,0.1,28
0.5436475804896858,0.0998457682668209,455,114,0.16043956043956045,0.16043956043956045,0.1,0.2280083558698771,73,11,103,382,0.16043956043956045,0.09649122807017543,True,max_tpr_with_empirical_fpr_le_target,0.06373626373626373,0.06373626373626373,0.01,0.5487758965324314,29,1,113,426,0.06373626373626373,0.008771929824561403,True,max_tpr_with_empirical_fpr_le_target,0.05714285714285714,0.05714285714285714,0.001,0.5685865818693099,26,0,114,429,0.05714285714285714,0.0,False,max_tpr_with_empirical_fpr_le_target,32,True,False,6.956988171380379,7.033184607485505,0.6666666666666666,BCP,SVM,dp,0.1,29
0.5140736456525931,0.05858877964141118,455,114,0.09230769230769231,0.09230769230769231,0.1,0.3441885958090456,42,11,103,413,0.09230769230769231,0.09649122807017543,True,max_tpr_with_empirical_fpr_le_target,0.017582417582417582,0.017582417582417582,0.01,0.9570244871780824,8,1,113,447,0.017582417582417582,0.008771929824561403,True,max_tpr_with_empirical_fpr_le_target,0.006593406593406593,0.006593406593406593,0.001,1.2360063968256636,3,0,114,452,0.006593406593406593,0.0,False,max_tpr_with_empirical_fpr_le_target,32,True,False,6.1346849861743555,6.106623393074635,0.6929824561403509,BCP,SVM,dp,0.2,0
0.5143821091189511,0.058434547908232104,455,114,0.12307692307692308,0.12307692307692308,0.1,0.3244755985650074,56,11,103,399,0.12307692307692308,0.09649122807017543,True,max_tpr_with_empirical_fpr_le_target,0.02197802197802198,0.02197802197802198,0.01,1.1344638487026124,10,1,113,445,0.02197802197802198,0.008771929824561403,True,max_tpr_with_empirical_fpr_le_target,0.015384615384615385,0.015384615384615385,0.001,1.5122119965216898,7,0,114,448,0.015384615384615385,0.0,False,max_tpr_with_empirical_fpr_le_target,32,True,False,5.8223109610658295,5.877158174813649,0.6929824561403509,BCP,SVM,dp,0.2,1
0.5142085984191248,0.06009253903990747,455,114,0.12747252747252746,0.12747252747252746,0.1,0.23666384574263954,58,11,103,397,0.12747252747252746,0.09649122807017543,True,max_tpr_with_empirical_fpr_le_target,0.03956043956043956,0.03956043956043956,0.01,0.5682780647652259,18,1,113,437,0.03956043956043956,0.008771929824561403,True,max_tpr_with_empirical_fpr_le_target,0.024175824175824177,0.024175824175824177,0.001,0.8149929738688355,11,0,114,444,0.024175824175824177,0.0,False,max_tpr_with_empirical_fpr_le_target,32,True,False,5.839485370263659,5.794244080450033,0.6929824561403509,BCP,SVM,dp,0.2,2
0.49774436090225554,0.060458839406207776,455,114,0.07252747252747253,0.07252747252747253,0.1,0.37818992614513114,33,9,105,422,0.07252747252747253,0.07894736842105263,True,max_tpr_with_empirical_fpr_le_target,0.015384615384615385,0.015384615384615385,0.01,1.11552331357053,7,1,113,448,0.015384615384615385,0.008771929824561403,True,max_tpr_with_empirical_fpr_le_target,0.0,0.0,0.001,inf,0,0,114,455,0.0,0.0,False,max_tpr_with_empirical_fpr_le_target,32,True,False,5.3050612469124,5.35058922849479,0.6929824561403509,BCP,SVM,dp,0.2,3
0.5630229419703103,0.13464430306535569,455,114,0.14725274725274726,0.14725274725274726,0.1,0.20969326955921774,67,11,103,388,0.14725274725274726,0.09649122807017543,True,max_tpr_with_empirical_fpr_le_target,0.03296703296703297,0.03296703296703297,0.01,0.6680628713414922,15,1,113,440,0.03296703296703297,0.008771929824561403,True,max_tpr_with_empirical_fpr_le_target,0.026373626373626374,0.026373626373626374,0.001,0.9648289664272149,12,0,114,443,0.026373626373626374,0.0,False,max_tpr_with_empirical_fpr_le_target,32,True,False,5.13449807409114,5.210724682664723,0.6929824561403509,BCP,SVM,dp,0.2,4
0.5171390013495276,0.06296510507036823,455,114,0.11868131868131868,0.11868131868131868,0.1,0.25328111406546583,54,11,103,401,0.11868131868131868,0.09649122807017543,True,max_tpr_with_empirical_fpr_le_target,0.01978021978021978,0.01978021978021978,0.01,0.8189554896250133,9,0,114,446,0.01978021978021978,0.0,True,max_tpr_with_empirical_fpr_le_target,0.01978021978021978,0.01978021978021978,0.001,0.8189554896250133,9,0,114,446,0.01978021978021978,0.0,False,max_tpr_with_empirical_fpr_le_target,32,True,False,6.124442487961186,6.068937937056591,0.6929824561403509,BCP,SVM,dp,0.2,5
0.5401580875265085,0.07370348949296313,455,114,0.12747252747252746,0.12747252747252746,0.1,0.3275154355068248,58,11,103,397,0.12747252747252746,0.09649122807017543,True,max_tpr_with_empirical_fpr_le_target,0.05934065934065934,0.05934065934065934,0.01,0.6453406756659619,27,1,113,428,0.05934065934065934,0.008771929824561403,True,max_tpr_with_empirical_fpr_le_target,0.035164835164835165,0.035164835164835165,0.001,0.8201216607606878,16,0,114,439,0.035164835164835165,0.0,False,max_tpr_with_empirical_fpr_le_target,32,True,False,5.444119341046664,5.5615037579120985,0.6929824561403509,BCP,SVM,dp,0.2,6
0.4343551185656449,0.017678812415654527,455,114,0.07692307692307693,0.07692307692307693,0.1,0.37484105985466165,35,11,103,420,0.07692307692307693,0.09649122807017543,True,max_tpr_with_empirical_fpr_le_target,0.0,0.0,0.01,2.7749637640843385,0,1,113,455,0.0,0.008771929824561403,True,max_tpr_with_empirical_fpr_le_target,0.0,0.0,0.001,inf,0,0,114,455,0.0,0.0,False,max_tpr_with_empirical_fpr_le_target,32,True,False,5.040920109451717,5.111375889691448,0.6929824561403509,BCP,SVM,dp,0.2,7
0.4836321573163679,0.037169847696163494,455,114,0.1076923076923077,0.1076923076923077,0.1,0.3682150570693512,49,11,103,406,0.1076923076923077,0.09649122807017543,True,max_tpr_with_empirical_fpr_le_target,0.01978021978021978,0.01978021978021978,0.01,1.3399676069828024,9,1,113,446,0.01978021978021978,0.008771929824561403,True,max_tpr_with_empirical_fpr_le_target,0.004395604395604396,0.004395604395604396,0.001,2.0521850337372607,2,0,114,453,0.004395604395604396,0.0,False,max_tpr_with_empirical_fpr_le_target,32,True,False,5.412815227969879,5.320537330916343,0.6929824561403509,BCP,SVM,dp,0.2,8
0.5156545209176788,0.0759976865240023,455,114,0.10989010989010989,0.10989010989010989,0.1,0.3288376406522002,50,11,103,405,0.10989010989010989,0.09649122807017543,True,max_tpr_with_empirical_fpr_le_target,0.015384615384615385,0.015384615384615385,0.01,1.3530941344636025,7,1,113,448,0.015384615384615385,0.008771929824561403,True,max_tpr_with_empirical_fpr_le_target,0.008791208791208791,0.008791208791208791,0.001,2.0040691437821954,4,0,114,451,0.008791208791208791,0.0,False,max_tpr_with_empirical_fpr_le_target,32,True,False,4.956949258908247,4.967323335670252,0.6929824561403509,BCP,SVM,dp,0.2,9
0.511085405822248,0.05604395604395607,455,114,0.0989010989010989,0.0989010989010989,0.1,0.3013645918100907,45,11,103,410,0.0989010989010989,0.09649122807017543,True,max_tpr_with_empirical_fpr_le_target,0.02197802197802198,0.02197802197802198,0.01,0.8687308347678657,10,1,113,445,0.02197802197802198,0.008771929824561403,True,max_tpr_with_empirical_fpr_le_target,0.017582417582417582,0.017582417582417582,0.001,0.9078399309711149,8,0,114,447,0.017582417582417582,0.0,False,max_tpr_with_empirical_fpr_le_target,32,True,False,5.105515927818887,5.056267567963778,0.6929824561403509,BCP,SVM,dp,0.2,10
0.4592057065741276,0.02864854443801812,455,114,0.09230769230769231,0.09230769230769231,0.1,0.3393645549820601,42,11,103,413,0.09230769230769231,0.09649122807017543,True,max_tpr_with_empirical_fpr_le_target,0.02197802197802198,0.02197802197802198,0.01,1.172701160504451,10,1,113,445,0.02197802197802198,0.008771929824561403,True,max_tpr_with_empirical_fpr_le_target,0.01098901098901099,0.01098901098901099,0.001,1.4646345135187864,5,0,114,450,0.01098901098901099,0.0,False,max_tpr_with_empirical_fpr_le_target,32,True,False,5.703556551558554,5.681133669535186,0.6929824561403509,BCP,SVM,dp,0.2,11
0.44206670522459995,0.006574127626759241,455,114,0.07252747252747253,0.07252747252747253,0.1,0.39212520220397407,33,10,104,422,0.07252747252747253,0.08771929824561403,True,max_tpr_with_empirical_fpr_le_target,0.004395604395604396,0.004395604395604396,0.01,1.62892494989753,2,0,114,453,0.004395604395604396,0.0,True,max_tpr_with_empirical_fpr_le_target,0.004395604395604396,0.004395604395604396,0.001,1.62892494989753,2,0,114,453,0.004395604395604396,0.0,False,max_tpr_with_empirical_fpr_le_target,32,True,False,5.512951227554574,5.614455584794978,0.6929824561403509,BCP,SVM,dp,0.2,12
0.5118951224214383,0.04528629265471373,455,114,0.0945054945054945,0.0945054945054945,0.1,0.38596977631107743,43,10,104,412,0.0945054945054945,0.08771929824561403,True,max_tpr_with_empirical_fpr_le_target,0.008791208791208791,0.008791208791208791,0.01,1.951512363319046,4,0,114,451,0.008791208791208791,0.0,True,max_tpr_with_empirical_fpr_le_target,0.008791208791208791,0.008791208791208791,0.001,1.951512363319046,4,0,114,451,0.008791208791208791,0.0,False,max_tpr_with_empirical_fpr_le_target,32,True,False,5.022532821392913,5.00002175010182,0.6929824561403509,BCP,SVM,dp,0.2,13
0.48687102371312896,0.04380181222286483,455,114,0.0989010989010989,0.0989010989010989,0.1,0.3597594645542115,45,11,103,410,0.0989010989010989,0.09649122807017543,True,max_tpr_with_empirical_fpr_le_target,0.026373626373626374,0.026373626373626374,0.01,0.8498275194772207,12,1,113,443,0.026373626373626374,0.008771929824561403,True,max_tpr_with_empirical_fpr_le_target,0.02197802197802198,0.02197802197802198,0.001,0.9700860612919433,10,0,114,445,0.02197802197802198,0.0,False,max_tpr_with_empirical_fpr_le_target,32,True,False,5.416832336770865,5.439703439264146,0.6929824561403509,BCP,SVM,dp,0.2,14
0.5391748602274918,0.12166955851166378,455,114,0.1010989010989011,0.1010989010989011,0.1,0.36071719693719917,46,11,103,409,0.1010989010989011,0.09649122807017543,True,max_tpr_with_empirical_fpr_le_target,0.008791208791208791,0.008791208791208791,0.01,1.551521775146461,4,1,113,451,0.008791208791208791,0.008771929824561403,True,max_tpr_with_empirical_fpr_le_target,0.006593406593406593,0.006593406593406593,0.001,1.9412048673188922,3,0,114,452,0.006593406593406593,0.0,False,max_tpr_with_empirical_fpr_le_target,32,True,False,5.37099190326602,5.414226891361236,0.6929824561403509,BCP,SVM,dp,0.2,15
0.4952188162714478,0.04324272219009062,455,114,0.07692307692307693,0.07692307692307693,0.1,0.4290180209784493,35,11,103,420,0.07692307692307693,0.09649122807017543,True,max_tpr_with_empirical_fpr_le_target,0.0,0.0,0.01,2.7144585535940258,0,1,113,455,0.0,0.008771929824561403,True,max_tpr_with_empirical_fpr_le_target,0.0,0.0,0.001,inf,0,0,114,455,0.0,0.0,False,max_tpr_with_empirical_fpr_le_target,32,True,False,6.178674622784638,6.101463022195128,0.6929824561403509,BCP,SVM,dp,0.2,16
0.5029496818970504,0.07175631386157699,455,114,0.13186813186813187,0.13186813186813187,0.1,0.19750260626781868,60,10,104,395,0.13186813186813187,0.08771929824561403,True,max_tpr_with_empirical_fpr_le_target,0.013186813186813187,0.013186813186813187,0.01,1.0715056410375592,6,1,113,449,0.013186813186813187,0.008771929824561403,True,max_tpr_with_empirical_fpr_le_target,0.002197802197802198,0.002197802197802198,0.001,2.100349625854345,1,0,114,454,0.002197802197802198,0.0,False,max_tpr_with_empirical_fpr_le_target,32,True,False,5.507594692875388,5.576297146535271,0.6929824561403509,BCP,SVM,dp,0.2,17
0.5012145748987855,0.06626180836707155,455,114,0.12087912087912088,0.12087912087912088,0.1,0.22665703503747858,55,11,103,400,0.12087912087912088,0.09649122807017543,True,max_tpr_with_empirical_fpr_le_target,0.02197802197802198,0.02197802197802198,0.01,0.7952410940693735,10,1,113,445,0.02197802197802198,0.008771929824561403,True,max_tpr_with_empirical_fpr_le_target,0.0,0.0,0.001,inf,0,0,114,455,0.0,0.0,False,max_tpr_with_empirical_fpr_le_target,32,True,False,6.53874475909451,6.423917767342494,0.6929824561403509,BCP,SVM,dp,0.2,18
0.46581839213418164,0.02864854443801812,455,114,0.1010989010989011,0.1010989010989011,0.1,0.30816597609283436,46,11,103,409,0.1010989010989011,0.09649122807017543,True,max_tpr_with_empirical_fpr_le_target,0.02197802197802198,0.02197802197802198,0.01,0.7977534629975516,10,1,113,445,0.02197802197802198,0.008771929824561403,True,max_tpr_with_empirical_fpr_le_target,0.017582417582417582,0.017582417582417582,0.001,0.9542680338571685,8,0,114,447,0.017582417582417582,0.0,False,max_tpr_with_empirical_fpr_le_target,32,True,False,5.811642966668208,5.886999114941277,0.6929824561403509,BCP,SVM,dp,0.2,19
0.4885675727780991,0.033757470599575845,455,114,0.09230769230769231,0.09230769230769231,0.1,0.3108420582095266,42,11,103,413,0.09230769230769231,0.09649122807017543,True,max_tpr_with_empirical_fpr_le_target,0.015384615384615385,0.015384615384615385,0.01,0.9513237430638686,7,1,113,448,0.015384615384615385,0.008771929824561403,True,max_tpr_with_empirical_fpr_le_target,0.002197802197802198,0.002197802197802198,0.001,2.5959398228037167,1,0,114,454,0.002197802197802198,0.0,False,max_tpr_with_empirical_fpr_le_target,32,True,False,5.919532148600451,5.918599764016857,0.6929824561403509,BCP,SVM,dp,0.2,20
0.4642182379024484,0.017293233082706694,455,114,0.07472527472527472,0.07472527472527472,0.1,0.46615207114280244,34,11,103,421,0.07472527472527472,0.09649122807017543,True,max_tpr_with_empirical_fpr_le_target,0.017582417582417582,0.017582417582417582,0.01,1.3568491679279333,8,1,113,447,0.017582417582417582,0.008771929824561403,True,max_tpr_with_empirical_fpr_le_target,0.0,0.0,0.001,inf,0,0,114,455,0.0,0.0,False,max_tpr_with_empirical_fpr_le_target,32,True,False,5.178556921853305,5.118507936289991,0.6929824561403509,BCP,SVM,dp,0.2,21
0.5029496818970504,0.058010410641989585,455,114,0.14725274725274726,0.14725274725274726,0.1,0.26058986855885014,67,11,103,388,0.14725274725274726,0.09649122807017543,True,max_tpr_with_empirical_fpr_le_target,0.013186813186813187,0.013186813186813187,0.01,1.2650346156324304,6,1,113,449,0.013186813186813187,0.008771929824561403,True,max_tpr_with_empirical_fpr_le_target,0.008791208791208791,0.008791208791208791,0.001,1.5395408882295882,4,0,114,451,0.008791208791208791,0.0,False,max_tpr_with_empirical_fpr_le_target,32,True,False,5.002945476534617,5.067602851055329,0.6929824561403509,BCP,SVM,dp,0.2,22
0.4714671293618662,0.05434740697898588,455,114,0.07252747252747253,0.07252747252747253,0.1,0.4376024128788547,33,11,103,422,0.07252747252747253,0.09649122807017543,True,max_tpr_with_empirical_fpr_le_target,0.0,0.0,0.01,2.950576975635845,0,1,113,455,0.0,0.008771929824561403,True,max_tpr_with_empirical_fpr_le_target,0.0,0.0,0.001,inf,0,0,114,455,0.0,0.0,False,max_tpr_with_empirical_fpr_le_target,32,True,False,4.884808740992246,4.94382501186226,0.6929824561403509,BCP,SVM,dp,0.2,23
0.5146134567187199,0.07526508579140162,455,114,0.12307692307692308,0.12307692307692308,0.1,0.2495561072996373,56,11,103,399,0.12307692307692308,0.09649122807017543,True,max_tpr_with_empirical_fpr_le_target,0.013186813186813187,0.013186813186813187,0.01,0.9919125287352681,6,1,113,449,0.013186813186813187,0.008771929824561403,True,max_tpr_with_empirical_fpr_le_target,0.008791208791208791,0.008791208791208791,0.001,1.1895297156952012,4,0,114,451,0.008791208791208791,0.0,False,max_tpr_with_empirical_fpr_le_target,32,True,False,6.174148037285013,6.121000472659249,0.6929824561403509,BCP,SVM,dp,0.2,24
0.5283015230383652,0.11293618662039717,455,114,0.14065934065934066,0.14065934065934066,0.1,0.21097294134955868,64,11,103,391,0.14065934065934066,0.09649122807017543,True,max_tpr_with_empirical_fpr_le_target,0.017582417582417582,0.017582417582417582,0.01,1.2248913604767333,8,1,113,447,0.017582417582417582,0.008771929824561403,True,max_tpr_with_empirical_fpr_le_target,0.0,0.0,0.001,inf,0,0,114,455,0.0,0.0,False,max_tpr_with_empirical_fpr_le_target,32,True,False,5.43203521951959,5.428222505108043,0.6929824561403509,BCP,SVM,dp,0.2,25
0.4815307499518026,0.0639290534027376,455,114,0.15384615384615385,0.15384615384615385,0.1,0.19083382135215166,70,11,103,385,0.15384615384615385,0.09649122807017543,True,max_tpr_with_empirical_fpr_le_target,0.015384615384615385,0.015384615384615385,0.01,0.8855668583432017,7,0,114,448,0.015384615384615385,0.0,True,max_tpr_with_empirical_fpr_le_target,0.015384615384615385,0.015384615384615385,0.001,0.8855668583432017,7,0,114,448,0.015384615384615385,0.0,False,max_tpr_with_empirical_fpr_le_target,32,True,False,6.362442703068726,6.394430168683352,0.6929824561403509,BCP,SVM,dp,0.2,26
0.4388278388278388,1.927896664738818e-05,455,114,0.05054945054945055,0.05054945054945055,0.1,1.0514481215160565,23,11,103,432,0.05054945054945055,0.09649122807017543,True,max_tpr_with_empirical_fpr_le_target,0.008791208791208791,0.008791208791208791,0.01,2.6911310242050774,4,1,113,451,0.008791208791208791,0.008771929824561403,True,max_tpr_with_empirical_fpr_le_target,0.0,0.0,0.001,inf,0,0,114,455,0.0,0.0,False,max_tpr_with_empirical_fpr_le_target,32,True,False,4.496813688534296,4.368693397787565,0.6929824561403509,BCP,SVM,dp,0.2,27
0.4845189897821477,0.036263736263736246,455,114,0.0967032967032967,0.0967032967032967,0.1,0.32146833952234566,44,9,105,411,0.0967032967032967,0.07894736842105263,True,max_tpr_with_empirical_fpr_le_target,0.008791208791208791,0.008791208791208791,0.01,1.0891705200811375,4,1,113,451,0.008791208791208791,0.008771929824561403,True,max_tpr_with_empirical_fpr_le_target,0.0,0.0,0.001,inf,0,0,114,455,0.0,0.0,False,max_tpr_with_empirical_fpr_le_target,32,True,False,6.510522037619174,6.402381391031177,0.6929824561403509,BCP,SVM,dp,0.2,28
0.531578947368421,0.08904954694428369,455,114,0.12747252747252746,0.12747252747252746,0.1,0.3073018941848469,58,11,103,397,0.12747252747252746,0.09649122807017543,True,max_tpr_with_empirical_fpr_le_target,0.05934065934065934,0.05934065934065934,0.01,0.5765398338235905,27,0,114,428,0.05934065934065934,0.0,True,max_tpr_with_empirical_fpr_le_target,0.05934065934065934,0.05934065934065934,0.001,0.5765398338235905,27,0,114,428,0.05934065934065934,0.0,False,max_tpr_with_empirical_fpr_le_target,32,True,False,6.037211289602912,6.106681552599312,0.6929824561403509,BCP,SVM,dp,0.2,29
0.4744939271255061,0.02710622710622712,455,114,0.05934065934065934,0.05934065934065934,0.1,1.5082502034290801,27,11,103,428,0.05934065934065934,0.09649122807017543,True,max_tpr_with_empirical_fpr_le_target,0.0,0.0,0.01,2.940161690022066,0,1,113,455,0.0,0.008771929824561403,True,max_tpr_with_empirical_fpr_le_target,0.0,0.0,0.001,inf,0,0,114,455,0.0,0.0,False,max_tpr_with_empirical_fpr_le_target,32,True,False,4.7734634963924005,4.789786470248779,0.45614035087719296,BCP,SVM,dp,0.4,0
0.5443801812222865,0.1114131482552535,455,114,0.0989010989010989,0.0989010989010989,0.1,1.4261864389037928,45,11,103,410,0.0989010989010989,0.09649122807017543,True,max_tpr_with_empirical_fpr_le_target,0.02857142857142857,0.02857142857142857,0.01,2.2760157195031034,13,1,113,442,0.02857142857142857,0.008771929824561403,True,max_tpr_with_empirical_fpr_le_target,0.006593406593406593,0.006593406593406593,0.001,3.0901127613956345,3,0,114,452,0.006593406593406593,0.0,False,max_tpr_with_empirical_fpr_le_target,32,True,False,4.786479174660203,4.822096528599411,0.45614035087719296,BCP,SVM,dp,0.4,1
0.503181029496819,0.07065741276267593,455,114,0.15604395604395604,0.15604395604395604,0.1,1.1474146810134735,71,11,103,384,0.15604395604395604,0.09649122807017543,True,max_tpr_with_empirical_fpr_le_target,0.035164835164835165,0.035164835164835165,0.01,2.3868127306365814,16,1,113,439,0.035164835164835165,0.008771929824561403,True,max_tpr_with_empirical_fpr_le_target,0.024175824175824177,0.024175824175824177,0.001,2.5787094008477185,11,0,114,444,0.024175824175824177,0.0,False,max_tpr_with_empirical_fpr_le_target,32,True,False,4.757759434784742,4.687656339705527,0.45614035087719296,BCP,SVM,dp,0.4,2
0.5007904376325429,0.0672450356660883,455,114,0.1076923076923077,0.1076923076923077,0.1,1.0839865123114194,49,11,103,406,0.1076923076923077,0.09649122807017543,True,max_tpr_with_empirical_fpr_le_target,0.006593406593406593,0.006593406593406593,0.01,3.593176907429168,3,1,113,452,0.006593406593406593,0.008771929824561403,True,max_tpr_with_empirical_fpr_le_target,0.0,0.0,0.001,inf,0,0,114,455,0.0,0.0,False,max_tpr_with_empirical_fpr_le_target,32,True,False,4.450614022453325,4.529582804441016,0.45614035087719296,BCP,SVM,dp,0.4,3
0.5491999228841333,0.1169462116830538,455,114,0.12747252747252746,0.12747252747252746,0.1,0.9429636514629163,58,11,103,397,0.12747252747252746,0.09649122807017543,True,max_tpr_with_empirical_fpr_le_target,0.024175824175824177,0.024175824175824177,0.01,2.2140928440447594,11,1,113,444,0.024175824175824177,0.008771929824561403,True,max_tpr_with_empirical_fpr_le_target,0.01098901098901099,0.01098901098901099,0.001,2.9434887355139345,5,0,114,450,0.01098901098901099,0.0,False,max_tpr_with_empirical_fpr_le_target,32,True,False,4.494155912373389,4.549538312148135,0.45614035087719296,BCP,SVM,dp,0.4,4
0.5173510699826489,0.09747445536919225,455,114,0.0967032967032967,0.0967032967032967,0.1,1.2366179291360906,44,11,103,411,0.0967032967032967,0.09649122807017543,True,max_tpr_with_empirical_fpr_le_target,0.01098901098901099,0.01098901098901099,0.01,2.2481849466847663,5,1,113,450,0.01098901098901099,0.008771929824561403,True,max_tpr_with_empirical_fpr_le_target,0.002197802197802198,0.002197802197802198,0.001,3.4020777500708546,1,0,114,454,0.002197802197802198,0.0,False,max_tpr_with_empirical_fpr_le_target,32,True,False,4.692493922539278,4.74435727322471,0.45614035087719296,BCP,SVM,dp,0.4,5
0.48490456911509544,0.0572199730094467,455,114,0.11648351648351649,0.11648351648351649,0.1,1.2344848774862012,53,11,103,402,0.11648351648351649,0.09649122807017543,True,max_tpr_with_empirical_fpr_le_target,0.03296703296703297,0.03296703296703297,0.01,2.310323705335506,15,1,113,440,0.03296703296703297,0.008771929824561403,True,max_tpr_with_empirical_fpr_le_target,0.004395604395604396,0.004395604395604396,0.001,4.1528410659092145,2,0,114,453,0.004395604395604396,0.0,False,max_tpr_with_empirical_fpr_le_target,32,True,False,4.052426686597919,4.178061752012508,0.45614035087719296,BCP,SVM,dp,0.4,6
0.44181607865818395,0.02427221900906111,455,114,0.08791208791208792,0.08791208791208792,0.1,1.238212927178255,40,11,103,415,0.08791208791208792,0.09649122807017543,True,max_tpr_with_empirical_fpr_le_target,0.002197802197802198,0.002197802197802198,0.01,3.624722960543375,1,0,114,454,0.002197802197802198,0.0,True,max_tpr_with_empirical_fpr_le_target,0.002197802197802198,0.002197802197802198,0.001,3.624722960543375,1,0,114,454,0.002197802197802198,0.0,False,max_tpr_with_empirical_fpr_le_target,32,True,False,4.350817556173358,4.41242386844989,0.45614035087719296,BCP,SVM,dp,0.4,7
0.43568536726431467,0.015288220551378462,455,114,0.06153846153846154,0.06153846153846154,0.1,2.08214918285851,28,10,104,427,0.06153846153846154,0.08771929824561403,True,max_tpr_with_empirical_fpr_le_target,0.006593406593406593,0.006593406593406593,0.01,3.9002215497653747,3,1,113,452,0.006593406593406593,0.008771929824561403,True,max_tpr_with_empirical_fpr_le_target,0.0,0.0,0.001,inf,0,0,114,455,0.0,0.0,False,max_tpr_with_empirical_fpr_le_target,32,True,False,4.238371065457642,4.179347258059134,0.45614035087719296,BCP,SVM,dp,0.4,8
0.5150954308849045,0.08033545401966447,455,114,0.0989010989010989,0.0989010989010989,0.1,1.6109570220762475,45,11,103,410,0.0989010989010989,0.09649122807017543,True,max_tpr_with_empirical_fpr_le_target,0.017582417582417582,0.017582417582417582,0.01,3.3478288664800147,8,0,114,447,0.017582417582417582,0.0,True,max_tpr_with_empirical_fpr_le_target,0.017582417582417582,0.017582417582417582,0.001,3.3478288664800147,8,0,114,447,0.017582417582417582,0.0,False,max_tpr_with_empirical_fpr_le_target,32,True,False,4.098844814289093,4.1057781894202385,0.45614035087719296,BCP,SVM,dp,0.4,9
0.5121650279545016,0.06651243493348757,455,114,0.10329670329670329,0.10329670329670329,0.1,1.3276535875439297,47,11,103,408,0.10329670329670329,0.09649122807017543,True,max_tpr_with_empirical_fpr_le_target,0.035164835164835165,0.035164835164835165,0.01,2.400074816440976,16,1,113,439,0.035164835164835165,0.008771929824561403,True,max_tpr_with_empirical_fpr_le_target,0.013186813186813187,0.013186813186813187,0.001,3.042483164211462,6,0,114,449,0.013186813186813187,0.0,False,max_tpr_with_empirical_fpr_le_target,32,True,False,4.3967632009195805,4.350564872467108,0.45614035087719296,BCP,SVM,dp,0.4,10
0.4751494119915172,0.02860998650472335,455,114,0.10329670329670329,0.10329670329670329,0.1,1.3984623595652703,47,11,103,408,0.10329670329670329,0.09649122807017543,True,max_tpr_with_empirical_fpr_le_target,0.01978021978021978,0.01978021978021978,0.01,2.7604198393799457,9,1,113,446,0.01978021978021978,0.008771929824561403,True,max_tpr_with_empirical_fpr_le_target,0.017582417582417582,0.017582417582417582,0.001,2.9106479776320437,8,0,114,447,0.017582417582417582,0.0,False,max_tpr_with_empirical_fpr_le_target,32,True,False,4.605597163691392,4.601542929780858,0.45614035087719296,BCP,SVM,dp,0.4,11
0.43796028532870646,0.030692114902641232,455,114,0.08351648351648351,0.08351648351648351,0.1,1.4924976802002003,38,10,104,417,0.08351648351648351,0.08771929824561403,True,max_tpr_with_empirical_fpr_le_target,0.0,0.0,0.01,5.151553161675641,0,1,113,455,0.0,0.008771929824561403,True,max_tpr_with_empirical_fpr_le_target,0.0,0.0,0.001,inf,0,0,114,455,0.0,0.0,False,max_tpr_with_empirical_fpr_le_target,32,True,False,4.27900547555889,4.366350942471321,0.45614035087719296,BCP,SVM,dp,0.4,12
0.5042220936957779,0.055214960478118386,455,114,0.14285714285714285,0.14285714285714285,0.1,1.214801620316857,65,11,103,390,0.14285714285714285,0.09649122807017543,True,max_tpr_with_empirical_fpr_le_target,0.03076923076923077,0.03076923076923077,0.01,2.7288582859537334,14,1,113,441,0.03076923076923077,0.008771929824561403,True,max_tpr_with_empirical_fpr_le_target,0.01978021978021978,0.01978021978021978,0.001,3.271790286607402,9,0,114,446,0.01978021978021978,0.0,False,max_tpr_with_empirical_fpr_le_target,32,True,False,4.168948113433652,4.141366047195965,0.45614035087719296,BCP,SVM,dp,0.4,13
0.5324079429342587,0.07640254482359743,455,114,0.13406593406593406,0.13406593406593406,0.1,1.2476814800660545,61,11,103,394,0.13406593406593406,0.09649122807017543,True,max_tpr_with_empirical_fpr_le_target,0.041758241758241756,0.041758241758241756,0.01,2.064591127573437,19,1,113,436,0.041758241758241756,0.008771929824561403,True,max_tpr_with_empirical_fpr_le_target,0.017582417582417582,0.017582417582417582,0.001,3.0648457053357294,8,0,114,447,0.017582417582417582,0.0,False,max_tpr_with_empirical_fpr_le_target,32,True,False,4.471313347704889,4.491839440610372,0.45614035087719296,BCP,SVM,dp,0.4,14
0.5514748409485253,0.11740890688259109,455,114,0.0945054945054945,0.0945054945054945,0.1,1.2856217189807726,43,11,103,412,0.0945054945054945,0.09649122807017543,True,max_tpr_with_empirical_fpr_le_target,0.015384615384615385,0.015384615384615385,0.01,2.434455319475113,7,0,114,448,0.015384615384615385,0.0,True,max_tpr_with_empirical_fpr_le_target,0.015384615384615385,0.015384615384615385,0.001,2.434455319475113,7,0,114,448,0.015384615384615385,0.0,False,max_tpr_with_empirical_fpr_le_target,32,True,False,4.374005788949909,4.4317111928023705,0.45614035087719296,BCP,SVM,dp,0.4,15
0.5206670522459996,0.10686331212646993,455,114,0.08131868131868132,0.08131868131868132,0.1,1.7029049077769693,37,11,103,418,0.08131868131868132,0.09649122807017543,True,max_tpr_with_empirical_fpr_le_target,0.008791208791208791,0.008791208791208791,0.01,3.6682449322175623,4,1,113,451,0.008791208791208791,0.008771929824561403,True,max_tpr_with_empirical_fpr_le_target,0.002197802197802198,0.002197802197802198,0.001,5.993101536732888,1,0,114,454,0.002197802197802198,0.0,False,max_tpr_with_empirical_fpr_le_target,32,True,False,4.905496912736187,4.858647285029495,0.45614035087719296,BCP,SVM,dp,0.4,16
0.5299016772700983,0.10011567379988429,455,114,0.1054945054945055,0.1054945054945055,0.1,1.1783089286171942,48,11,103,407,0.1054945054945055,0.09649122807017543,True,max_tpr_with_empirical_fpr_le_target,0.01098901098901099,0.01098901098901099,0.01,2.808104558369866,5,1,113,450,0.01098901098901099,0.008771929824561403,True,max_tpr_with_empirical_fpr_le_target,0.002197802197802198,0.002197802197802198,0.001,5.890501477889558,1,0,114,454,0.002197802197802198,0.0,False,max_tpr_with_empirical_fpr_le_target,32,True,False,4.430708530264038,4.481298780844913,0.45614035087719296,BCP,SVM,dp,0.4,17
0.5095430884904569,0.07426257952573745,455,114,0.1076923076923077,0.1076923076923077,0.1,1.328112497365427,49,11,103,406,0.1076923076923077,0.09649122807017543,True,max_tpr_with_empirical_fpr_le_target,0.026373626373626374,0.026373626373626374,0.01,2.266039580725904,12,1,113,443,0.026373626373626374,0.008771929824561403,True,max_tpr_with_empirical_fpr_le_target,0.002197802197802198,0.002197802197802198,0.001,4.111043617813403,1,0,114,454,0.002197802197802198,0.0,False,max_tpr_with_empirical_fpr_le_target,32,True,False,5.21578933297259,5.179342538498976,0.45614035087719296,BCP,SVM,dp,0.4,18
0.4593021014073646,0.015384615384615385,455,114,0.08131868131868132,0.08131868131868132,0.1,1.617472757619268,37,11,103,418,0.08131868131868132,0.09649122807017543,True,max_tpr_with_empirical_fpr_le_target,0.015384615384615385,0.015384615384615385,0.01,2.9477160827910183,7,0,114,448,0.015384615384615385,0.0,True,max_tpr_with_empirical_fpr_le_target,0.015384615384615385,0.015384615384615385,0.001,2.9477160827910183,7,0,114,448,0.015384615384615385,0.0,False,max_tpr_with_empirical_fpr_le_target,32,True,False,4.085921068326617,4.1222033835984355,0.45614035087719296,BCP,SVM,dp,0.4,19
0.4803354540196646,0.02573742047426264,455,114,0.07692307692307693,0.07692307692307693,0.1,1.2498526204725282,35,11,103,420,0.07692307692307693,0.09649122807017543,True,max_tpr_with_empirical_fpr_le_target,0.004395604395604396,0.004395604395604396,0.01,2.3636627227857456,2,1,113,453,0.004395604395604396,0.008771929824561403,True,max_tpr_with_empirical_fpr_le_target,0.0,0.0,0.001,inf,0,0,114,455,0.0,0.0,False,max_tpr_with_empirical_fpr_le_target,32,True,False,5.122672329133631,5.155764973258406,0.45614035087719296,BCP,SVM,dp,0.4,20
0.4675534991324465,0.008714092924619221,455,114,0.054945054945054944,0.054945054945054944,0.1,2.039132199658944,25,11,103,430,0.054945054945054944,0.09649122807017543,True,max_tpr_with_empirical_fpr_le_target,0.013186813186813187,0.013186813186813187,0.01,3.2820813043205375,6,1,113,449,0.013186813186813187,0.008771929824561403,True,max_tpr_with_empirical_fpr_le_target,0.0,0.0,0.001,inf,0,0,114,455,0.0,0.0,False,max_tpr_with_empirical_fpr_le_target,32,True,False,4.2497601284070345,4.2255989492907124,0.45614035087719296,BCP,SVM,dp,0.4,21
0.5110661268556005,0.06907653749759013,455,114,0.11868131868131868,0.11868131868131868,0.1,1.165373084107589,54,11,103,401,0.11868131868131868,0.09649122807017543,True,max_tpr_with_empirical_fpr_le_target,0.013186813186813187,0.013186813186813187,0.01,2.313729561015199,6,1,113,449,0.013186813186813187,0.008771929824561403,True,max_tpr_with_empirical_fpr_le_target,0.004395604395604396,0.004395604395604396,0.001,2.7446647287338255,2,0,114,453,0.004395604395604396,0.0,False,max_tpr_with_empirical_fpr_le_target,32,True,False,4.2332772920345985,4.279928918446343,0.45614035087719296,BCP,SVM,dp,0.4,22
0.4922691343743975,0.07433969539232699,455,114,0.09010989010989011,0.09010989010989011,0.1,1.3861323837701454,41,11,103,414,0.09010989010989011,0.09649122807017543,True,max_tpr_with_empirical_fpr_le_target,0.004395604395604396,0.004395604395604396,0.01,4.034758237127242,2,0,114,453,0.004395604395604396,0.0,True,max_tpr_with_empirical_fpr_le_target,0.004395604395604396,0.004395604395604396,0.001,4.034758237127242,2,0,114,453,0.004395604395604396,0.0,False,max_tpr_with_empirical_fpr_le_target,32,True,False,3.8485872551491913,3.9549294865969586,0.45614035087719296,BCP,SVM,dp,0.4,23
0.5398496240601505,0.12629651050703683,455,114,0.10329670329670329,0.10329670329670329,0.1,1.3537568879973758,47,11,103,408,0.10329670329670329,0.09649122807017543,True,max_tpr_with_empirical_fpr_le_target,0.004395604395604396,0.004395604395604396,0.01,4.418404261465717,2,0,114,453,0.004395604395604396,0.0,True,max_tpr_with_empirical_fpr_le_target,0.004395604395604396,0.004395604395604396,0.001,4.418404261465717,2,0,114,453,0.004395604395604396,0.0,False,max_tpr_with_empirical_fpr_le_target,32,True,False,4.65589843983528,4.613062709467014,0.45614035087719296,BCP,SVM,dp,0.4,24
0.5104491999228842,0.07588201272411799,455,114,0.06813186813186813,0.06813186813186813,0.1,1.320841333860006,31,11,103,424,0.06813186813186813,0.09649122807017543,True,max_tpr_with_empirical_fpr_le_target,0.002197802197802198,0.002197802197802198,0.01,3.4532649699795277,1,1,113,454,0.002197802197802198,0.008771929824561403,True,max_tpr_with_empirical_fpr_le_target,0.0,0.0,0.001,inf,0,0,114,455,0.0,0.0,False,max_tpr_with_empirical_fpr_le_target,32,True,False,4.806883935545699,4.830711676445954,0.45614035087719296,BCP,SVM,dp,0.4,25
0.4898399845768267,0.055214960478118386,455,114,0.1076923076923077,0.1076923076923077,0.1,1.0106426502824357,49,10,104,406,0.1076923076923077,0.08771929824561403,True,max_tpr_with_empirical_fpr_le_target,0.02197802197802198,0.02197802197802198,0.01,1.828314347035338,10,1,113,445,0.02197802197802198,0.008771929824561403,True,max_tpr_with_empirical_fpr_le_target,0.01978021978021978,0.01978021978021978,0.001,1.8803076098550369,9,0,114,446,0.01978021978021978,0.0,False,max_tpr_with_empirical_fpr_le_target,32,True,False,5.061484878338718,5.1567706263446755,0.45614035087719296,BCP,SVM,dp,0.4,26
0.4416618469250048,0.002197802197802198,455,114,0.06813186813186813,0.06813186813186813,0.1,2.7482010273822883,31,11,103,424,0.06813186813186813,0.09649122807017543,True,max_tpr_with_empirical_fpr_le_target,0.004395604395604396,0.004395604395604396,0.01,4.609747595645891,2,1,113,453,0.004395604395604396,0.008771929824561403,True,max_tpr_with_empirical_fpr_le_target,0.002197802197802198,0.002197802197802198,0.001,4.926910798239372,1,0,114,454,0.002197802197802198,0.0,False,max_tpr_with_empirical_fpr_le_target,32,True,False,3.8167207442626685,3.7043622594881827,0.45614035087719296,BCP,SVM,dp,0.4,27
0.4761519182571813,0.0367842683632158,455,114,0.0989010989010989,0.0989010989010989,0.1,1.4636895267969745,45,11,103,410,0.0989010989010989,0.09649122807017543,True,max_tpr_with_empirical_fpr_le_target,0.004395604395604396,0.004395604395604396,0.01,3.4072504478231567,2,1,113,453,0.004395604395604396,0.008771929824561403,True,max_tpr_with_empirical_fpr_le_target,0.002197802197802198,0.002197802197802198,0.001,3.4805870757228012,1,0,114,454,0.002197802197802198,0.0,False,max_tpr_with_empirical_fpr_le_target,32,True,False,5.039695330464554,4.993934558190166,0.45614035087719296,BCP,SVM,dp,0.4,28
0.520339309812994,0.06957779063042213,455,114,0.12307692307692308,0.12307692307692308,0.1,1.2973075132886152,56,11,103,399,0.12307692307692308,0.09649122807017543,True,max_tpr_with_empirical_fpr_le_target,0.035164835164835165,0.035164835164835165,0.01,1.9526229420558456,16,1,113,439,0.035164835164835165,0.008771929824561403,True,max_tpr_with_empirical_fpr_le_target,0.015384615384615385,0.015384615384615385,0.001,2.695933509977901,7,0,114,448,0.015384615384615385,0.0,False,max_tpr_with_empirical_fpr_le_target,32,True,False,4.93467754703748,5.017806487760539,0.45614035087719296,BCP,SVM,dp,0.4,29
0.4786774628879892,0.022016579911316753,455,114,0.07692307692307693,0.07692307692307693,0.1,0.30497881976277696,35,11,103,420,0.07692307692307693,0.09649122807017543,True,max_tpr_with_empirical_fpr_le_target,0.03076923076923077,0.03076923076923077,0.01,0.5906966998373915,14,1,113,441,0.03076923076923077,0.008771929824561403,True,max_tpr_with_empirical_fpr_le_target,0.008791208791208791,0.008791208791208791,0.001,0.898659407821385,4,0,114,451,0.008791208791208791,0.0,False,max_tpr_with_empirical_fpr_le_target,32,True,False,8.997357063751469,8.984635432574935,0.8157894736842105,BCP,SVM,dp,0.8,0
0.5490649701176018,0.12230576441102758,455,114,0.15384615384615385,0.15384615384615385,0.1,0.2311194467587523,70,11,103,385,0.15384615384615385,0.09649122807017543,True,max_tpr_with_empirical_fpr_le_target,0.03076923076923077,0.03076923076923077,0.01,0.67870907244356,14,0,114,441,0.03076923076923077,0.0,True,max_tpr_with_empirical_fpr_le_target,0.03076923076923077,0.03076923076923077,0.001,0.67870907244356,14,0,114,441,0.03076923076923077,0.0,False,max_tpr_with_empirical_fpr_le_target,32,True,False,8.873408272130535,9.058513223847592,0.8157894736842105,BCP,SVM,dp,0.8,1
0.5077887025255445,0.0597262386736071,455,114,0.11208791208791209,0.11208791208791209,0.1,0.1663741451645886,51,11,103,404,0.11208791208791209,0.09649122807017543,True,max_tpr_with_empirical_fpr_le_target,0.02197802197802198,0.02197802197802198,0.01,0.47871181986476463,10,1,113,445,0.02197802197802198,0.008771929824561403,True,max_tpr_with_empirical_fpr_le_target,0.015384615384615385,0.015384615384615385,0.001,0.7340285162918132,7,0,114,448,0.015384615384615385,0.0,False,max_tpr_with_empirical_fpr_le_target,32,True,False,8.67830322008953,8.615754221402817,0.8157894736842105,BCP,SVM,dp,0.8,2
0.48315018315018315,0.07351069982648933,455,114,0.08131868131868132,0.08131868131868132,0.1,0.2158945231806042,37,11,103,418,0.08131868131868132,0.09649122807017543,True,max_tpr_with_empirical_fpr_le_target,0.015384615384615385,0.015384615384615385,0.01,0.5193404256544367,7,1,113,448,0.015384615384615385,0.008771929824561403,True,max_tpr_with_empirical_fpr_le_target,0.0,0.0,0.001,inf,0,0,114,455,0.0,0.0,False,max_tpr_with_empirical_fpr_le_target,32,True,False,8.574587156235442,8.707231179443996,0.8157894736842105,BCP,SVM,dp,0.8,3
0.5263350684403316,0.08854829381145168,455,114,0.16043956043956045,0.16043956043956045,0.1,0.1271540852695665,73,11,103,382,0.16043956043956045,0.09649122807017543,True,max_tpr_with_empirical_fpr_le_target,0.046153846153846156,0.046153846153846156,0.01,0.30759259804179573,21,1,113,434,0.046153846153846156,0.008771929824561403,True,max_tpr_with_empirical_fpr_le_target,0.006593406593406593,0.006593406593406593,0.001,0.9343369524718188,3,0,114,452,0.006593406593406593,0.0,False,max_tpr_with_empirical_fpr_le_target,32,True,False,8.77460160200023,8.92971180618852,0.8157894736842105,BCP,SVM,dp,0.8,4
0.5130711393869288,0.07424330055909001,455,114,0.07692307692307693,0.07692307692307693,0.1,0.27189738100006533,35,11,103,420,0.07692307692307693,0.09649122807017543,True,max_tpr_with_empirical_fpr_le_target,0.013186813186813187,0.013186813186813187,0.01,0.7537314974419491,6,1,113,449,0.013186813186813187,0.008771929824561403,True,max_tpr_with_empirical_fpr_le_target,0.0,0.0,0.001,inf,0,0,114,455,0.0,0.0,False,max_tpr_with_empirical_fpr_le_target,32,True,False,8.683275113687372,8.767654000313955,0.8157894736842105,BCP,SVM,dp,0.8,5
0.5119529593213804,0.04864083285135917,455,114,0.12527472527472527,0.12527472527472527,0.1,0.23557202080166562,57,11,103,398,0.12527472527472527,0.09649122807017543,True,max_tpr_with_empirical_fpr_le_target,0.041758241758241756,0.041758241758241756,0.01,0.5083203400441851,19,0,114,436,0.041758241758241756,0.0,True,max_tpr_with_empirical_fpr_le_target,0.041758241758241756,0.041758241758241756,0.001,0.5083203400441851,19,0,114,436,0.041758241758241756,0.0,False,max_tpr_with_empirical_fpr_le_target,32,True,False,8.273899543599025,8.45937772085965,0.8157894736842105,BCP,SVM,dp,0.8,6
0.4430884904569115,0.008656256024677011,455,114,0.06593406593406594,0.06593406593406594,0.1,0.2283747522957027,30,11,103,425,0.06593406593406594,0.09649122807017543,True,max_tpr_with_empirical_fpr_le_target,0.0,0.0,0.01,1.1885195276673706,0,1,113,455,0.0,0.008771929824561403,True,max_tpr_with_empirical_fpr_le_target,0.0,0.0,0.001,inf,0,0,114,455,0.0,0.0,False,max_tpr_with_empirical_fpr_le_target,32,True,False,8.945441113199644,9.073932836067419,0.8157894736842105,BCP,SVM,dp,0.8,7
0.4661461345671872,0.013186813186813187,455,114,0.09010989010989011,0.09010989010989011,0.1,0.2897896380180116,41,11,103,414,0.09010989010989011,0.09649122807017543,True,max_tpr_with_empirical_fpr_le_target,0.013186813186813187,0.013186813186813187,0.01,0.8239449411589677,6,0,114,449,0.013186813186813187,0.0,True,max_tpr_with_empirical_fpr_le_target,0.013186813186813187,0.013186813186813187,0.001,0.8239449411589677,6,0,114,449,0.013186813186813187,0.0,False,max_tpr_with_empirical_fpr_le_target,32,True,False,8.971872887384226,9.036690541766593,0.8157894736842105,BCP,SVM,dp,0.8,8
0.4717177559282823,0.01769809138230191,455,114,0.0945054945054945,0.0945054945054945,0.1,0.235433288709209,43,11,103,412,0.0945054945054945,0.09649122807017543,True,max_tpr_with_empirical_fpr_le_target,0.01978021978021978,0.01978021978021978,0.01,0.6630887997519581,9,1,113,446,0.01978021978021978,0.008771929824561403,True,max_tpr_with_empirical_fpr_le_target,0.004395604395604396,0.004395604395604396,0.001,1.3917520506332197,2,0,114,453,0.004395604395604396,0.0,False,max_tpr_with_empirical_fpr_le_target,32,True,False,8.477140005303031,8.606376293039713,0.8157894736842105,BCP,SVM,dp,0.8,9
0.5400424137266242,0.1044727202621939,455,114,0.13186813186813187,0.13186813186813187,0.1,0.15461438418995543,60,11,103,395,0.13186813186813187,0.09649122807017543,True,max_tpr_with_empirical_fpr_le_target,0.01978021978021978,0.01978021978021978,0.01,0.43298930507115374,9,1,113,446,0.01978021978021978,0.008771929824561403,True,max_tpr_with_empirical_fpr_le_target,0.008791208791208791,0.008791208791208791,0.001,0.5623627522903161,4,0,114,451,0.008791208791208791,0.0,False,max_tpr_with_empirical_fpr_le_target,32,True,False,8.38252380088004,8.45987713902446,0.8157894736842105,BCP,SVM,dp,0.8,10
0.4994794679005205,0.0684981684981685,455,114,0.12747252747252746,0.12747252747252746,0.1,0.21601192899389154,58,11,103,397,0.12747252747252746,0.09649122807017543,True,max_tpr_with_empirical_fpr_le_target,0.024175824175824177,0.024175824175824177,0.01,0.7524252127414357,11,1,113,444,0.024175824175824177,0.008771929824561403,True,max_tpr_with_empirical_fpr_le_target,0.008791208791208791,0.008791208791208791,0.001,1.0666140824088153,4,0,114,451,0.008791208791208791,0.0,False,max_tpr_with_empirical_fpr_le_target,32,True,False,8.165775142554308,8.158347214730274,0.8157894736842105,BCP,SVM,dp,0.8,11
0.4395026026604974,0.017216117216117155,455,114,0.04835164835164835,0.04835164835164835,0.1,0.35384678867902464,22,10,104,433,0.04835164835164835,0.08771929824561403,True,max_tpr_with_empirical_fpr_le_target,0.002197802197802198,0.002197802197802198,0.01,0.8581770691478634,1,1,113,454,0.002197802197802198,0.008771929824561403,True,max_tpr_with_empirical_fpr_le_target,0.0,0.0,0.001,inf,0,0,114,455,0.0,0.0,False,max_tpr_with_empirical_fpr_le_target,32,True,False,8.532885284950716,8.750825827556127,0.8157894736842105,BCP,SVM,dp,0.8,12
0.5330055909003277,0.09369577790630423,455,114,0.12087912087912088,0.12087912087912088,0.1,0.18210865017539435,55,11,103,400,0.12087912087912088,0.09649122807017543,True,max_tpr_with_empirical_fpr_le_target,0.013186813186813187,0.013186813186813187,0.01,0.9200178156683401,6,1,113,449,0.013186813186813187,0.008771929824561403,True,max_tpr_with_empirical_fpr_le_target,0.004395604395604396,0.004395604395604396,0.001,1.554342098834025,2,0,114,453,0.004395604395604396,0.0,False,max_tpr_with_empirical_fpr_le_target,32,True,False,8.368557942525932,8.431594590665627,0.8157894736842105,BCP,SVM,dp,0.8,13
0.49331019857335645,0.044206670522459995,455,114,0.1010989010989011,0.1010989010989011,0.1,0.18506613408459316,46,11,103,409,0.1010989010989011,0.09649122807017543,True,max_tpr_with_empirical_fpr_le_target,0.02857142857142857,0.02857142857142857,0.01,0.46267611206278847,13,1,113,442,0.02857142857142857,0.008771929824561403,True,max_tpr_with_empirical_fpr_le_target,0.013186813186813187,0.013186813186813187,0.001,0.6891632714505551,6,0,114,449,0.013186813186813187,0.0,False,max_tpr_with_empirical_fpr_le_target,32,True,False,9.024534021208236,9.136873337059091,0.8157894736842105,BCP,SVM,dp,0.8,14
0.5265664160401003,0.08222479275110856,455,114,0.1054945054945055,0.1054945054945055,0.1,0.19701178031390487,48,11,103,407,0.1054945054945055,0.09649122807017543,True,max_tpr_with_empirical_fpr_le_target,0.008791208791208791,0.008791208791208791,0.01,0.7231047783834388,4,1,113,451,0.008791208791208791,0.008771929824561403,True,max_tpr_with_empirical_fpr_le_target,0.006593406593406593,0.006593406593406593,0.001,0.9554807846128668,3,0,114,452,0.006593406593406593,0.0,False,max_tpr_with_empirical_fpr_le_target,32,True,False,9.012610040270587,9.05514891162791,0.8157894736842105,BCP,SVM,dp,0.8,15
0.5277038750722961,0.11073838442259498,455,114,0.0967032967032967,0.0967032967032967,0.1,0.30641379320781903,44,11,103,411,0.0967032967032967,0.09649122807017543,True,max_tpr_with_empirical_fpr_le_target,0.0,0.0,0.01,2.1216607753030123,0,1,113,455,0.0,0.008771929824561403,True,max_tpr_with_empirical_fpr_le_target,0.0,0.0,0.001,inf,0,0,114,455,0.0,0.0,False,max_tpr_with_empirical_fpr_le_target,32,True,False,9.221044752688982,9.199003511527092,0.8157894736842105,BCP,SVM,dp,0.8,16
0.5439753229226914,0.10630422209369578,455,114,0.12307692307692308,0.12307692307692308,0.1,0.1177359105011373,56,11,103,399,0.12307692307692308,0.09649122807017543,True,max_tpr_with_empirical_fpr_le_target,0.004395604395604396,0.004395604395604396,0.01,0.8151560510117593,2,1,113,453,0.004395604395604396,0.008771929824561403,True,max_tpr_with_empirical_fpr_le_target,0.002197802197802198,0.002197802197802198,0.001,1.290217959364146,1,0,114,454,0.002197802197802198,0.0,False,max_tpr_with_empirical_fpr_le_target,32,True,False,8.341623959442881,8.368747102143944,0.8157894736842105,BCP,SVM,dp,0.8,17
0.5118180065548487,0.0815307499518026,455,114,0.17802197802197803,0.17802197802197803,0.1,0.13391719450445816,81,11,103,374,0.17802197802197803,0.09649122807017543,True,max_tpr_with_empirical_fpr_le_target,0.04395604395604396,0.04395604395604396,0.01,0.42362530942074006,20,1,113,435,0.04395604395604396,0.008771929824561403,True,max_tpr_with_empirical_fpr_le_target,0.0,0.0,0.001,inf,0,0,114,455,0.0,0.0,False,max_tpr_with_empirical_fpr_le_target,32,True,False,9.211741415472474,9.270481522826572,0.8157894736842105,BCP,SVM,dp,0.8,18
0.4570271833429728,0.02197802197802198,455,114,0.08791208791208792,0.08791208791208792,0.1,0.18573426250305847,40,11,103,415,0.08791208791208792,0.09649122807017543,True,max_tpr_with_empirical_fpr_le_target,0.02857142857142857,0.02857142857142857,0.01,0.38308992330741276,13,1,113,442,0.02857142857142857,0.008771929824561403,True,max_tpr_with_empirical_fpr_le_target,0.02197802197802198,0.02197802197802198,0.001,0.45652135775041547,10,0,114,445,0.02197802197802198,0.0,False,max_tpr_with_empirical_fpr_le_target,32,True,False,8.563268729824314,8.658963120702765,0.8157894736842105,BCP,SVM,dp,0.8,19
0.5196259880470407,0.06485444380181216,455,114,0.0989010989010989,0.0989010989010989,0.1,0.17336545203351683,45,10,104,410,0.0989010989010989,0.08771929824561403,True,max_tpr_with_empirical_fpr_le_target,0.002197802197802198,0.002197802197802198,0.01,1.4717339038848074,1,0,114,454,0.002197802197802198,0.0,True,max_tpr_with_empirical_fpr_le_target,0.002197802197802198,0.002197802197802198,0.001,1.4717339038848074,1,0,114,454,0.002197802197802198,0.0,False,max_tpr_with_empirical_fpr_le_target,32,True,False,8.934400613586394,9.007260210896549,0.8157894736842105,BCP,SVM,dp,0.8,20
0.45575477154424526,0.04428378638904956,455,114,0.0989010989010989,0.0989010989010989,0.1,0.27498352006961246,45,11,103,410,0.0989010989010989,0.09649122807017543,True,max_tpr_with_empirical_fpr_le_target,0.006593406593406593,0.006593406593406593,0.01,1.3680907006649208,3,1,113,452,0.006593406593406593,0.008771929824561403,True,max_tpr_with_empirical_fpr_le_target,0.0,0.0,0.001,inf,0,0,114,455,0.0,0.0,False,max_tpr_with_empirical_fpr_le_target,32,True,False,8.646577337640172,8.727494928231415,0.8157894736842105,BCP,SVM,dp,0.8,21
0.4801619433198381,0.08172353961827647,455,114,0.0967032967032967,0.0967032967032967,0.1,0.2318104727597099,44,11,103,411,0.0967032967032967,0.09649122807017543,True,max_tpr_with_empirical_fpr_le_target,0.013186813186813187,0.013186813186813187,0.01,0.6376539590302457,6,1,113,449,0.013186813186813187,0.008771929824561403,True,max_tpr_with_empirical_fpr_le_target,0.01098901098901099,0.01098901098901099,0.001,0.8557329145760608,5,0,114,450,0.01098901098901099,0.0,False,max_tpr_with_empirical_fpr_le_target,32,True,False,8.59053293740051,8.786862548515936,0.8157894736842105,BCP,SVM,dp,0.8,22
0.4972816657027183,0.056815114709851566,455,114,0.07472527472527472,0.07472527472527472,0.1,0.2341392103926938,34,11,103,421,0.07472527472527472,0.09649122807017543,True,max_tpr_with_empirical_fpr_le_target,0.006593406593406593,0.006593406593406593,0.01,0.9492064903510471,3,1,113,452,0.006593406593406593,0.008771929824561403,True,max_tpr_with_empirical_fpr_le_target,0.004395604395604396,0.004395604395604396,0.001,1.310677987699715,2,0,114,453,0.004395604395604396,0.0,False,max_tpr_with_empirical_fpr_le_target,32,True,False,8.060252638697925,8.177408604458298,0.8157894736842105,BCP,SVM,dp,0.8,23
0.5544823597455176,0.13262001156737996,455,114,0.12967032967032968,0.12967032967032968,0.1,0.16538906608616566,59,11,103,396,0.12967032967032968,0.09649122807017543,True,max_tpr_with_empirical_fpr_le_target,0.02857142857142857,0.02857142857142857,0.01,0.42564393539140877,13,1,113,442,0.02857142857142857,0.008771929824561403,True,max_tpr_with_empirical_fpr_le_target,0.0,0.0,0.001,inf,0,0,114,455,0.0,0.0,False,max_tpr_with_empirical_fpr_le_target,32,True,False,8.94669086413583,8.999320086112837,0.8157894736842105,BCP,SVM,dp,0.8,24
0.48586851744746484,0.021052631578947323,455,114,0.07692307692307693,0.07692307692307693,0.1,0.22484491409615348,35,11,103,420,0.07692307692307693,0.09649122807017543,True,max_tpr_with_empirical_fpr_le_target,0.01098901098901099,0.01098901098901099,0.01,0.6922032283972879,5,1,113,450,0.01098901098901099,0.008771929824561403,True,max_tpr_with_empirical_fpr_le_target,0.0,0.0,0.001,inf,0,0,114,455,0.0,0.0,False,max_tpr_with_empirical_fpr_le_target,32,True,False,8.746775299373294,8.796258409236927,0.8157894736842105,BCP,SVM,dp,0.8,25
0.4803354540196645,0.03315982263350685,455,114,0.12747252747252746,0.12747252747252746,0.1,0.14491849859781247,58,11,103,397,0.12747252747252746,0.09649122807017543,True,max_tpr_with_empirical_fpr_le_target,0.03076923076923077,0.03076923076923077,0.01,0.394040467695596,14,1,113,441,0.03076923076923077,0.008771929824561403,True,max_tpr_with_empirical_fpr_le_target,0.002197802197802198,0.002197802197802198,0.001,0.6503463880860374,1,0,114,454,0.002197802197802198,0.0,False,max_tpr_with_empirical_fpr_le_target,32,True,False,9.182475111335227,9.397314197320235,0.8157894736842105,BCP,SVM,dp,0.8,26
0.41345671871987666,0.002197802197802198,455,114,0.06813186813186813,0.06813186813186813,0.1,0.3697452208094538,31,10,104,424,0.06813186813186813,0.08771929824561403,True,max_tpr_with_empirical_fpr_le_target,0.006593406593406593,0.006593406593406593,0.01,1.0128675746019713,3,1,113,452,0.006593406593406593,0.008771929824561403,True,max_tpr_with_empirical_fpr_le_target,0.002197802197802198,0.002197802197802198,0.001,2.190637670698003,1,0,114,454,0.002197802197802198,0.0,False,max_tpr_with_empirical_fpr_le_target,32,True,False,8.51509110912371,8.504122831826413,0.8157894736842105,BCP,SVM,dp,0.8,27
0.4982456140350877,0.03892423366107578,455,114,0.10989010989010989,0.10989010989010989,0.1,0.2624424297107817,50,11,103,405,0.10989010989010989,0.09649122807017543,True,max_tpr_with_empirical_fpr_le_target,0.002197802197802198,0.002197802197802198,0.01,0.8956410175359588,1,1,113,454,0.002197802197802198,0.008771929824561403,True,max_tpr_with_empirical_fpr_le_target,0.0,0.0,0.001,inf,0,0,114,455,0.0,0.0,False,max_tpr_with_empirical_fpr_le_target,32,True,False,9.086216693812137,9.08842621645527,0.8157894736842105,BCP,SVM,dp,0.8,28
0.5578561789088106,0.12182379024484291,455,114,0.15824175824175823,0.15824175824175823,0.1,0.21824900726040797,72,10,104,383,0.15824175824175823,0.08771929824561403,True,max_tpr_with_empirical_fpr_le_target,0.041758241758241756,0.041758241758241756,0.01,0.46718627716520844,19,1,113,436,0.041758241758241756,0.008771929824561403,True,max_tpr_with_empirical_fpr_le_target,0.02857142857142857,0.02857142857142857,0.001,0.5897684694407648,13,0,114,442,0.02857142857142857,0.0,False,max_tpr_with_empirical_fpr_le_target,32,True,False,8.563626298775567,8.730991355537174,0.8157894736842105,BCP,SVM,dp,0.8,29
0.4703296703296703,0.022016579911316753,455,114,0.05934065934065934,0.05934065934065934,0.1,0.26711529765180364,27,11,103,428,0.05934065934065934,0.09649122807017543,True,max_tpr_with_empirical_fpr_le_target,0.03076923076923077,0.03076923076923077,0.01,0.49541940046305033,14,1,113,441,0.03076923076923077,0.008771929824561403,True,max_tpr_with_empirical_fpr_le_target,0.013186813186813187,0.013186813186813187,0.001,0.6356704675959435,6,0,114,449,0.013186813186813187,0.0,False,max_tpr_with_empirical_fpr_le_target,32,True,False,5.551014215878542,5.5384006046422485,0.868421052631579,BCP,SVM,dp,1.0,0
0.5445151339888182,0.1374590321958743,455,114,0.06593406593406594,0.06593406593406594,0.1,0.290048368354475,30,11,103,425,0.06593406593406594,0.09649122807017543,True,max_tpr_with_empirical_fpr_le_target,0.03956043956043956,0.03956043956043956,0.01,0.5335080424515151,18,1,113,437,0.03956043956043956,0.008771929824561403,True,max_tpr_with_empirical_fpr_le_target,0.01978021978021978,0.01978021978021978,0.001,0.7522399979459391,9,0,114,446,0.01978021978021978,0.0,False,max_tpr_with_empirical_fpr_le_target,32,True,False,5.572009300570597,5.652388600091876,0.868421052631579,BCP,SVM,dp,1.0,1
0.5063042220936957,0.057451320609215345,455,114,0.14065934065934066,0.14065934065934066,0.1,0.12792293473125183,64,11,103,391,0.14065934065934066,0.09649122807017543,True,max_tpr_with_empirical_fpr_le_target,0.02197802197802198,0.02197802197802198,0.01,0.5700306423058978,10,1,113,445,0.02197802197802198,0.008771929824561403,True,max_tpr_with_empirical_fpr_le_target,0.008791208791208791,0.008791208791208791,0.001,1.0833967277198076,4,0,114,451,0.008791208791208791,0.0,False,max_tpr_with_empirical_fpr_le_target,32,True,False,5.509937362293502,5.456279841863632,0.868421052631579,BCP,SVM,dp,1.0,2
0.4605359552727974,0.02793522267206483,455,114,0.08571428571428572,0.08571428571428572,0.1,0.16399365211267858,39,11,103,416,0.08571428571428572,0.09649122807017543,True,max_tpr_with_empirical_fpr_le_target,0.01098901098901099,0.01098901098901099,0.01,0.7126776357339386,5,1,113,450,0.01098901098901099,0.008771929824561403,True,max_tpr_with_empirical_fpr_le_target,0.0,0.0,0.001,inf,0,0,114,455,0.0,0.0,False,max_tpr_with_empirical_fpr_le_target,32,True,False,5.420841925269733,5.551158606824064,0.868421052631579,BCP,SVM,dp,1.0,3
0.5530364372469636,0.1347406978985926,455,114,0.1934065934065934,0.1934065934065934,0.1,0.09062206468612466,88,11,103,367,0.1934065934065934,0.09649122807017543,True,max_tpr_with_empirical_fpr_le_target,0.05054945054945055,0.05054945054945055,0.01,0.2796440575021002,23,1,113,432,0.05054945054945055,0.008771929824561403,True,max_tpr_with_empirical_fpr_le_target,0.015384615384615385,0.015384615384615385,0.001,0.5155744205213413,7,0,114,448,0.015384615384615385,0.0,False,max_tpr_with_empirical_fpr_le_target,32,True,False,5.52705865847212,5.581877406744633,0.868421052631579,BCP,SVM,dp,1.0,4
0.5321187584345479,0.10917678812415654,455,114,0.13626373626373625,0.13626373626373625,0.1,0.15223300542237528,62,11,103,393,0.13626373626373625,0.09649122807017543,True,max_tpr_with_empirical_fpr_le_target,0.013186813186813187,0.013186813186813187,0.01,0.664471221668653,6,1,113,449,0.013186813186813187,0.008771929824561403,True,max_tpr_with_empirical_fpr_le_target,0.004395604395604396,0.004395604395604396,0.001,1.0937952015775885,2,0,114,453,0.004395604395604396,0.0,False,max_tpr_with_empirical_fpr_le_target,32,True,False,5.330647152860352,5.445721796612282,0.868421052631579,BCP,SVM,dp,1.0,5
0.5130711393869289,0.0659726238673607,455,114,0.12967032967032968,0.12967032967032968,0.1,0.17252135502052557,59,11,103,396,0.12967032967032968,0.09649122807017543,True,max_tpr_with_empirical_fpr_le_target,0.054945054945054944,0.054945054945054944,0.01,0.48909931027813824,25,1,113,430,0.054945054945054944,0.008771929824561403,True,max_tpr_with_empirical_fpr_le_target,0.035164835164835165,0.035164835164835165,0.001,0.5993431949837906,16,0,114,439,0.035164835164835165,0.0,False,max_tpr_with_empirical_fpr_le_target,32,True,False,4.84741464905462,4.989533675865584,0.868421052631579,BCP,SVM,dp,1.0,6
0.4389242336610758,0.002178523231154861,455,114,0.08351648351648351,0.08351648351648351,0.1,0.1853838750170862,38,11,103,417,0.08351648351648351,0.09649122807017543,True,max_tpr_with_empirical_fpr_le_target,0.006593406593406593,0.006593406593406593,0.01,0.9419563889923768,3,1,113,452,0.006593406593406593,0.008771929824561403,True,max_tpr_with_empirical_fpr_le_target,0.0,0.0,0.001,inf,0,0,114,455,0.0,0.0,False,max_tpr_with_empirical_fpr_le_target,32,True,False,5.573961063497908,5.739764440040479,0.868421052631579,BCP,SVM,dp,1.0,7
0.46335068440331595,0.012897628687102314,455,114,0.06153846153846154,0.06153846153846154,0.1,0.29129150145272975,28,11,103,427,0.06153846153846154,0.09649122807017543,True,max_tpr_with_empirical_fpr_le_target,0.01098901098901099,0.01098901098901099,0.01,1.0109706557748122,5,1,113,450,0.01098901098901099,0.008771929824561403,True,max_tpr_with_empirical_fpr_le_target,0.0,0.0,0.001,inf,0,0,114,455,0.0,0.0,False,max_tpr_with_empirical_fpr_le_target,32,True,False,5.323352006937878,5.410392627612647,0.868421052631579,BCP,SVM,dp,1.0,8
0.49471756313861576,0.04933487565066513,455,114,0.08571428571428572,0.08571428571428572,0.1,0.23985285365574338,39,11,103,416,0.08571428571428572,0.09649122807017543,True,max_tpr_with_empirical_fpr_le_target,0.01978021978021978,0.01978021978021978,0.01,0.6712068242111111,9,1,113,446,0.01978021978021978,0.008771929824561403,True,max_tpr_with_empirical_fpr_le_target,0.004395604395604396,0.004395604395604396,0.001,2.1931117965277056,2,0,114,453,0.004395604395604396,0.0,False,max_tpr_with_empirical_fpr_le_target,32,True,False,4.951973552423867,5.039757360073435,0.868421052631579,BCP,SVM,dp,1.0,9
0.5480046269519954,0.10410641989589359,455,114,0.11648351648351649,0.11648351648351649,0.1,0.12590566943100168,53,10,104,402,0.11648351648351649,0.08771929824561403,True,max_tpr_with_empirical_fpr_le_target,0.03296703296703297,0.03296703296703297,0.01,0.3090399709122611,15,1,113,440,0.03296703296703297,0.008771929824561403,True,max_tpr_with_empirical_fpr_le_target,0.006593406593406593,0.006593406593406593,0.001,0.6687355832978881,3,0,114,452,0.006593406593406593,0.0,False,max_tpr_with_empirical_fpr_le_target,32,True,False,5.106236098699592,5.157197033413691,0.868421052631579,BCP,SVM,dp,1.0,10
0.48459610564873723,0.03618662039714671,455,114,0.09230769230769231,0.09230769230769231,0.1,0.25216147112664444,42,11,103,413,0.09230769230769231,0.09649122807017543,True,max_tpr_with_empirical_fpr_le_target,0.026373626373626374,0.026373626373626374,0.01,0.5482497582573145,12,1,113,443,0.026373626373626374,0.008771929824561403,True,max_tpr_with_empirical_fpr_le_target,0.013186813186813187,0.013186813186813187,0.001,0.8459690808205576,6,0,114,449,0.013186813186813187,0.0,False,max_tpr_with_empirical_fpr_le_target,32,True,False,5.04545704159697,5.084600012019396,0.868421052631579,BCP,SVM,dp,1.0,11
0.4443994601889339,0.011104684788895314,455,114,0.09010989010989011,0.09010989010989011,0.1,0.2568999409394457,41,11,103,414,0.09010989010989011,0.09649122807017543,True,max_tpr_with_empirical_fpr_le_target,0.006593406593406593,0.006593406593406593,0.01,0.6645663100050276,3,1,113,452,0.006593406593406593,0.008771929824561403,True,max_tpr_with_empirical_fpr_le_target,0.0,0.0,0.001,inf,0,0,114,455,0.0,0.0,False,max_tpr_with_empirical_fpr_le_target,32,True,False,5.268489159715289,5.425718193971851,0.868421052631579,BCP,SVM,dp,1.0,12
0.5060921534605745,0.07526508579140162,455,114,0.11208791208791209,0.11208791208791209,0.1,0.16852253556929497,51,11,103,404,0.11208791208791209,0.09649122807017543,True,max_tpr_with_empirical_fpr_le_target,0.008791208791208791,0.008791208791208791,0.01,1.006667153005698,4,1,113,451,0.008791208791208791,0.008771929824561403,True,max_tpr_with_empirical_fpr_le_target,0.002197802197802198,0.002197802197802198,0.001,2.778457791173108,1,0,114,454,0.002197802197802198,0.0,False,max_tpr_with_empirical_fpr_le_target,32,True,False,5.05758333627845,5.059079163278123,0.868421052631579,BCP,SVM,dp,1.0,13
0.502679776363987,0.04060150375939847,455,114,0.09010989010989011,0.09010989010989011,0.1,0.192221990500288,41,11,103,414,0.09010989010989011,0.09649122807017543,True,max_tpr_with_empirical_fpr_le_target,0.03736263736263736,0.03736263736263736,0.01,0.397907841209014,17,1,113,438,0.03736263736263736,0.008771929824561403,True,max_tpr_with_empirical_fpr_le_target,0.01098901098901099,0.01098901098901099,0.001,0.8649898778480694,5,0,114,450,0.01098901098901099,0.0,False,max_tpr_with_empirical_fpr_le_target,32,True,False,5.507168563106027,5.6138129854657315,0.868421052631579,BCP,SVM,dp,1.0,14
0.5014652014652015,0.05191825718141507,455,114,0.12087912087912088,0.12087912087912088,0.1,0.14994271145682836,55,11,103,400,0.12087912087912088,0.09649122807017543,True,max_tpr_with_empirical_fpr_le_target,0.008791208791208791,0.008791208791208791,0.01,0.7752327462902144,4,1,113,451,0.008791208791208791,0.008771929824561403,True,max_tpr_with_empirical_fpr_le_target,0.002197802197802198,0.002197802197802198,0.001,1.2967414956887038,1,0,114,454,0.002197802197802198,0.0,False,max_tpr_with_empirical_fpr_le_target,32,True,False,5.526462319740868,5.612742652142727,0.868421052631579,BCP,SVM,dp,1.0,15
0.5219394640447272,0.08714092924619243,455,114,0.07252747252747253,0.07252747252747253,0.1,0.3252714311992131,33,8,106,422,0.07252747252747253,0.07017543859649122,True,max_tpr_with_empirical_fpr_le_target,0.004395604395604396,0.004395604395604396,0.01,1.5103785631524884,2,1,113,453,0.004395604395604396,0.008771929824561403,True,max_tpr_with_empirical_fpr_le_target,0.002197802197802198,0.002197802197802198,0.001,1.9867291307015407,1,0,114,454,0.002197802197802198,0.0,False,max_tpr_with_empirical_fpr_le_target,32,True,False,5.896780897101869,5.8963336890790154,0.868421052631579,BCP,SVM,dp,1.0,16
0.5409870830923462,0.13707345286292655,455,114,0.10989010989010989,0.10989010989010989,0.1,0.14291813192781433,50,11,103,405,0.10989010989010989,0.09649122807017543,True,max_tpr_with_empirical_fpr_le_target,0.002197802197802198,0.002197802197802198,0.01,1.483022594780417,1,1,113,454,0.002197802197802198,0.008771929824561403,True,max_tpr_with_empirical_fpr_le_target,0.0,0.0,0.001,inf,0,0,114,455,0.0,0.0,False,max_tpr_with_empirical_fpr_le_target,32,True,False,5.270912610158055,5.34560482700146,0.868421052631579,BCP,SVM,dp,1.0,17
0.49529593213803735,0.04198958935801042,455,114,0.12087912087912088,0.12087912087912088,0.1,0.18573213146926326,55,11,103,400,0.12087912087912088,0.09649122807017543,True,max_tpr_with_empirical_fpr_le_target,0.01098901098901099,0.01098901098901099,0.01,0.9011752154657793,5,1,113,450,0.01098901098901099,0.008771929824561403,True,max_tpr_with_empirical_fpr_le_target,0.0,0.0,0.001,inf,0,0,114,455,0.0,0.0,False,max_tpr_with_empirical_fpr_le_target,32,True,False,5.830131818467165,5.955319788341388,0.868421052631579,BCP,SVM,dp,1.0,18
0.4650279545016387,0.02859070753807596,455,114,0.09230769230769231,0.09230769230769231,0.1,0.2213533495870066,42,11,103,413,0.09230769230769231,0.09649122807017543,True,max_tpr_with_empirical_fpr_le_target,0.03736263736263736,0.03736263736263736,0.01,0.4998385650554553,17,1,113,438,0.03736263736263736,0.008771929824561403,True,max_tpr_with_empirical_fpr_le_target,0.013186813186813187,0.013186813186813187,0.001,0.8003852535173119,6,0,114,449,0.013186813186813187,0.0,False,max_tpr_with_empirical_fpr_le_target,32,True,False,4.907075642069188,4.945162196978452,0.868421052631579,BCP,SVM,dp,1.0,19
0.5409678041256989,0.09969153653364177,455,114,0.14725274725274726,0.14725274725274726,0.1,0.13825464272535326,67,11,103,388,0.14725274725274726,0.09649122807017543,True,max_tpr_with_empirical_fpr_le_target,0.01098901098901099,0.01098901098901099,0.01,0.4873733721243618,5,1,113,450,0.01098901098901099,0.008771929824561403,True,max_tpr_with_empirical_fpr_le_target,0.002197802197802198,0.002197802197802198,0.001,1.477760933334988,1,0,114,454,0.002197802197802198,0.0,False,max_tpr_with_empirical_fpr_le_target,32,True,False,5.878353322454748,5.993404941024278,0.868421052631579,BCP,SVM,dp,1.0,20
0.4694042799305958,0.026045883940620795,455,114,0.08791208791208792,0.08791208791208792,0.1,0.23183134835222763,40,11,103,415,0.08791208791208792,0.09649122807017543,True,max_tpr_with_empirical_fpr_le_target,0.015384615384615385,0.015384615384615385,0.01,0.9024696442748503,7,1,113,448,0.015384615384615385,0.008771929824561403,True,max_tpr_with_empirical_fpr_le_target,0.002197802197802198,0.002197802197802198,0.001,2.2811585687174896,1,0,114,454,0.002197802197802198,0.0,False,max_tpr_with_empirical_fpr_le_target,32,True,False,5.285948496594325,5.379446972814478,0.868421052631579,BCP,SVM,dp,1.0,21
0.4966454598033545,0.057412762675920576,455,114,0.11868131868131868,0.11868131868131868,0.1,0.1887455796170343,54,10,104,401,0.11868131868131868,0.08771929824561403,True,max_tpr_with_empirical_fpr_le_target,0.008791208791208791,0.008791208791208791,0.01,1.3345536911087987,4,0,114,451,0.008791208791208791,0.0,True,max_tpr_with_empirical_fpr_le_target,0.008791208791208791,0.008791208791208791,0.001,1.3345536911087987,4,0,114,451,0.008791208791208791,0.0,False,max_tpr_with_empirical_fpr_le_target,32,True,False,5.329525387831272,5.449868169237844,0.868421052631579,BCP,SVM,dp,1.0,22
0.4771158665895508,0.03240794293425875,455,114,0.07032967032967033,0.07032967032967033,0.1,0.2262247417319565,32,11,103,423,0.07032967032967033,0.09649122807017543,True,max_tpr_with_empirical_fpr_le_target,0.0,0.0,0.01,1.6266167123946937,0,1,113,455,0.0,0.008771929824561403,True,max_tpr_with_empirical_fpr_le_target,0.0,0.0,0.001,inf,0,0,114,455,0.0,0.0,False,max_tpr_with_empirical_fpr_le_target,32,True,False,4.839946677067414,4.984507011314276,0.868421052631579,BCP,SVM,dp,1.0,23
0.5566994409099673,0.11966454598033543,455,114,0.16043956043956045,0.16043956043956045,0.1,0.1325934578533432,73,11,103,382,0.16043956043956045,0.09649122807017543,True,max_tpr_with_empirical_fpr_le_target,0.006593406593406593,0.006593406593406593,0.01,0.9199012763641168,3,1,113,452,0.006593406593406593,0.008771929824561403,True,max_tpr_with_empirical_fpr_le_target,0.004395604395604396,0.004395604395604396,0.001,1.1030812034913708,2,0,114,453,0.004395604395604396,0.0,False,max_tpr_with_empirical_fpr_le_target,32,True,False,5.411505069345783,5.408027217560321,0.868421052631579,BCP,SVM,dp,1.0,24
0.4839598997493735,0.04096780412569889,455,114,0.08131868131868132,0.08131868131868132,0.1,0.18046068360422352,37,11,103,418,0.08131868131868132,0.09649122807017543,True,max_tpr_with_empirical_fpr_le_target,0.008791208791208791,0.008791208791208791,0.01,0.8877427477247046,4,1,113,451,0.008791208791208791,0.008771929824561403,True,max_tpr_with_empirical_fpr_le_target,0.002197802197802198,0.002197802197802198,0.001,2.1687285090266375,1,0,114,454,0.002197802197802198,0.0,False,max_tpr_with_empirical_fpr_le_target,32,True,False,5.702509630474897,5.766694494845731,0.868421052631579,BCP,SVM,dp,1.0,25
0.5052245999614421,0.09086176980913824,455,114,0.13406593406593406,0.13406593406593406,0.1,0.15041384714618378,61,11,103,394,0.13406593406593406,0.09649122807017543,True,max_tpr_with_empirical_fpr_le_target,0.03076923076923077,0.03076923076923077,0.01,0.3339234987477129,14,1,113,441,0.03076923076923077,0.008771929824561403,True,max_tpr_with_empirical_fpr_le_target,0.02197802197802198,0.02197802197802198,0.001,0.4120656446668236,10,0,114,445,0.02197802197802198,0.0,False,max_tpr_with_empirical_fpr_le_target,32,True,False,5.646872557191527,5.84536505620419,0.868421052631579,BCP,SVM,dp,1.0,26
0.44015808752650853,0.001927896664738804,455,114,0.054945054945054944,0.054945054945054944,0.1,0.40353001034397584,25,10,104,430,0.054945054945054944,0.08771929824561403,True,max_tpr_with_empirical_fpr_le_target,0.004395604395604396,0.004395604395604396,0.01,1.3755003929139495,2,1,113,453,0.004395604395604396,0.008771929824561403,True,max_tpr_with_empirical_fpr_le_target,0.0,0.0,0.001,inf,0,0,114,455,0.0,0.0,False,max_tpr_with_empirical_fpr_le_target,32,True,False,4.968050198672463,4.932458084108219,0.868421052631579,BCP,SVM,dp,1.0,27
0.5057258530942741,0.05949489107383846,455,114,0.14065934065934066,0.14065934065934066,0.1,0.1730827966956605,64,11,103,391,0.14065934065934066,0.09649122807017543,True,max_tpr_with_empirical_fpr_le_target,0.0,0.0,0.01,1.3879443373212705,0,1,113,455,0.0,0.008771929824561403,True,max_tpr_with_empirical_fpr_le_target,0.0,0.0,0.001,inf,0,0,114,455,0.0,0.0,False,max_tpr_with_empirical_fpr_le_target,32,True,False,5.764959605942358,5.787541135362319,0.868421052631579,BCP,SVM,dp,1.0,28
0.568922305764411,0.13666859456333144,455,114,0.17802197802197803,0.17802197802197803,0.1,0.1546652382746747,81,10,104,374,0.17802197802197803,0.08771929824561403,True,max_tpr_with_empirical_fpr_le_target,0.05714285714285714,0.05714285714285714,0.01,0.401355189448795,26,1,113,429,0.05714285714285714,0.008771929824561403,True,max_tpr_with_empirical_fpr_le_target,0.04395604395604396,0.04395604395604396,0.001,0.45950311701857416,20,0,114,435,0.04395604395604396,0.0,False,max_tpr_with_empirical_fpr_le_target,32,True,False,5.526028141841958,5.68189022872361,0.868421052631579,BCP,SVM,dp,1.0,29
0.4921727395411606,0.04923848081742821,455,114,0.08791208791208792,0.08791208791208792,0.1,0.20966663642527772,40,11,103,415,0.08791208791208792,0.09649122807017543,True,max_tpr_with_empirical_fpr_le_target,0.015384615384615385,0.015384615384615385,0.01,1.039346376955272,7,1,113,448,0.015384615384615385,0.008771929824561403,True,max_tpr_with_empirical_fpr_le_target,0.013186813186813187,0.013186813186813187,0.001,1.1375180768272686,6,0,114,449,0.013186813186813187,0.0,False,max_tpr_with_empirical_fpr_le_target,32,True,False,1.4764840622746365,1.51735312659394,0.8859649122807017,BCP,SVM,dp,2.0,0
0.5088297667245035,0.05228455754771544,455,114,0.09010989010989011,0.09010989010989011,0.1,0.2750526865652241,41,11,103,414,0.09010989010989011,0.09649122807017543,True,max_tpr_with_empirical_fpr_le_target,0.02197802197802198,0.02197802197802198,0.01,0.7909230061919632,10,1,113,445,0.02197802197802198,0.008771929824561403,True,max_tpr_with_empirical_fpr_le_target,0.008791208791208791,0.008791208791208791,0.001,1.092607448262035,4,0,114,451,0.008791208791208791,0.0,False,max_tpr_with_empirical_fpr_le_target,32,True,False,1.2881785818900497,1.3225948588408822,0.8859649122807017,BCP,SVM,dp,2.0,1
0.5394254867939079,0.12837863890495466,455,114,0.12307692307692308,0.12307692307692308,0.1,0.14263154167814052,56,11,103,399,0.12307692307692308,0.09649122807017543,True,max_tpr_with_empirical_fpr_le_target,0.024175824175824177,0.024175824175824177,0.01,0.6606073173363918,11,1,113,444,0.024175824175824177,0.008771929824561403,True,max_tpr_with_empirical_fpr_le_target,0.0,0.0,0.001,inf,0,0,114,455,0.0,0.0,False,max_tpr_with_empirical_fpr_le_target,32,True,False,1.4793215261454367,1.4477832303169473,0.8859649122807017,BCP,SVM,dp,2.0,2
0.4429535376903798,0.0022363601310969733,455,114,0.06593406593406594,0.06593406593406594,0.1,0.22936521590011316,30,11,103,425,0.06593406593406594,0.09649122807017543,True,max_tpr_with_empirical_fpr_le_target,0.0,0.0,0.01,2.024752271519698,0,1,113,455,0.0,0.008771929824561403,True,max_tpr_with_empirical_fpr_le_target,0.0,0.0,0.001,inf,0,0,114,455,0.0,0.0,False,max_tpr_with_empirical_fpr_le_target,32,True,False,1.453508657337479,1.499927118441669,0.8859649122807017,BCP,SVM,dp,2.0,3
0.5448235974551764,0.1192596876807403,455,114,0.2043956043956044,0.2043956043956044,0.1,0.09554582607931872,93,10,104,362,0.2043956043956044,0.08771929824561403,True,max_tpr_with_empirical_fpr_le_target,0.035164835164835165,0.035164835164835165,0.01,0.42986097558183434,16,1,113,439,0.035164835164835165,0.008771929824561403,True,max_tpr_with_empirical_fpr_le_target,0.01098901098901099,0.01098901098901099,0.001,0.6706543697976712,5,0,114,450,0.01098901098901099,0.0,False,max_tpr_with_empirical_fpr_le_target,32,True,False,1.4779307544840257,1.5147882510497344,0.8859649122807017,BCP,SVM,dp,2.0,4
0.535704646230962,0.09402352033930983,455,114,0.13186813186813187,0.13186813186813187,0.1,0.16855057490182745,60,11,103,395,0.13186813186813187,0.09649122807017543,True,max_tpr_with_empirical_fpr_le_target,0.046153846153846156,0.046153846153846156,0.01,0.41069689813589627,21,1,113,434,0.046153846153846156,0.008771929824561403,True,max_tpr_with_empirical_fpr_le_target,0.03296703296703297,0.03296703296703297,0.001,0.582672314007959,15,0,114,440,0.03296703296703297,0.0,False,max_tpr_with_empirical_fpr_le_target,32,True,False,1.4142136737620765,1.444271790255343,0.8859649122807017,BCP,SVM,dp,2.0,5
0.49888181993445146,0.05498361287834973,455,114,0.12747252747252746,0.12747252747252746,0.1,0.17683067122582652,58,11,103,397,0.12747252747252746,0.09649122807017543,True,max_tpr_with_empirical_fpr_le_target,0.05054945054945055,0.05054945054945055,0.01,0.5099037489441733,23,1,113,432,0.05054945054945055,0.008771929824561403,True,max_tpr_with_empirical_fpr_le_target,0.04395604395604396,0.04395604395604396,0.001,0.5901869567672677,20,0,114,435,0.04395604395604396,0.0,False,max_tpr_with_empirical_fpr_le_target,32,True,False,1.259111877536107,1.3168100154610627,0.8859649122807017,BCP,SVM,dp,2.0,6
0.47229612492770384,0.01390013495276654,455,114,0.08351648351648351,0.08351648351648351,0.1,0.17195873285903573,38,9,105,417,0.08351648351648351,0.07894736842105263,True,max_tpr_with_empirical_fpr_le_target,0.01098901098901099,0.01098901098901099,0.01,0.8366158154356691,5,1,113,450,0.01098901098901099,0.008771929824561403,True,max_tpr_with_empirical_fpr_le_target,0.0,0.0,0.001,inf,0,0,114,455,0.0,0.0,False,max_tpr_with_empirical_fpr_le_target,32,True,False,1.5083472357340628,1.57647649109662,0.8859649122807017,BCP,SVM,dp,2.0,7
0.4678812415654521,0.015018315018314965,455,114,0.08571428571428572,0.08571428571428572,0.1,0.2544873646881487,39,11,103,416,0.08571428571428572,0.09649122807017543,True,max_tpr_with_empirical_fpr_le_target,0.004395604395604396,0.004395604395604396,0.01,1.0833045937041943,2,1,113,453,0.004395604395604396,0.008771929824561403,True,max_tpr_with_empirical_fpr_le_target,0.0,0.0,0.001,inf,0,0,114,455,0.0,0.0,False,max_tpr_with_empirical_fpr_le_target,32,True,False,1.3526445073191538,1.3702823926841365,0.8859649122807017,BCP,SVM,dp,2.0,8
0.49055330634278005,0.030827067669172932,455,114,0.0967032967032967,0.0967032967032967,0.1,0.2590256046908852,44,11,103,411,0.0967032967032967,0.09649122807017543,True,max_tpr_with_empirical_fpr_le_target,0.024175824175824177,0.024175824175824177,0.01,0.8924118351769095,11,1,113,444,0.024175824175824177,0.008771929824561403,True,max_tpr_with_empirical_fpr_le_target,0.008791208791208791,0.008791208791208791,0.001,1.772841956591341,4,0,114,451,0.008791208791208791,0.0,False,max_tpr_with_empirical_fpr_le_target,32,True,False,1.268564771062727,1.2987835847403473,0.8859649122807017,BCP,SVM,dp,2.0,9
0.5588779641411221,0.1236360131096973,455,114,0.12527472527472527,0.12527472527472527,0.1,0.13249938546640694,57,10,104,398,0.12527472527472527,0.08771929824561403,True,max_tpr_with_empirical_fpr_le_target,0.02197802197802198,0.02197802197802198,0.01,0.648716931039176,10,1,113,445,0.02197802197802198,0.008771929824561403,True,max_tpr_with_empirical_fpr_le_target,0.01978021978021978,0.01978021978021978,0.001,0.8342489121667804,9,0,114,446,0.01978021978021978,0.0,False,max_tpr_with_empirical_fpr_le_target,32,True,False,1.320498969815236,1.3476073905204657,0.8859649122807017,BCP,SVM,dp,2.0,10
0.48731443994601886,0.040794293425872374,455,114,0.1054945054945055,0.1054945054945055,0.1,0.1939738246321132,48,11,103,407,0.1054945054945055,0.09649122807017543,True,max_tpr_with_empirical_fpr_le_target,0.024175824175824177,0.024175824175824177,0.01,0.8006752112197473,11,1,113,444,0.024175824175824177,0.008771929824561403,True,max_tpr_with_empirical_fpr_le_target,0.01978021978021978,0.01978021978021978,0.001,0.9439372748569497,9,0,114,446,0.01978021978021978,0.0,False,max_tpr_with_empirical_fpr_le_target,32,True,False,1.272797186129548,1.297490681641721,0.8859649122807017,BCP,SVM,dp,2.0,11
0.42754964333911705,0.02197802197802198,455,114,0.08571428571428572,0.08571428571428572,0.1,0.23405330672224856,39,11,103,416,0.08571428571428572,0.09649122807017543,True,max_tpr_with_empirical_fpr_le_target,0.02857142857142857,0.02857142857142857,0.01,0.5153424310537986,13,1,113,442,0.02857142857142857,0.008771929824561403,True,max_tpr_with_empirical_fpr_le_target,0.02197802197802198,0.02197802197802198,0.001,0.6922992769492109,10,0,114,445,0.02197802197802198,0.0,False,max_tpr_with_empirical_fpr_le_target,32,True,False,1.3427043818299136,1.371990484634089,0.8859649122807017,BCP,SVM,dp,2.0,12
0.5037979564295354,0.05598611914401391,455,114,0.11648351648351649,0.11648351648351649,0.1,0.1926763401449214,53,11,103,402,0.11648351648351649,0.09649122807017543,True,max_tpr_with_empirical_fpr_le_target,0.013186813186813187,0.013186813186813187,0.01,1.43849672801967,6,1,113,449,0.013186813186813187,0.008771929824561403,True,max_tpr_with_empirical_fpr_le_target,0.008791208791208791,0.008791208791208791,0.001,1.665480336253504,4,0,114,451,0.008791208791208791,0.0,False,max_tpr_with_empirical_fpr_le_target,32,True,False,1.2553208795346924,1.3028253659900113,0.8859649122807017,BCP,SVM,dp,2.0,13
0.5059957586273376,0.039984576826682106,455,114,0.10329670329670329,0.10329670329670329,0.1,0.15377340700502962,47,11,103,408,0.10329670329670329,0.09649122807017543,True,max_tpr_with_empirical_fpr_le_target,0.046153846153846156,0.046153846153846156,0.01,0.4093387892456599,21,1,113,434,0.046153846153846156,0.008771929824561403,True,max_tpr_with_empirical_fpr_le_target,0.006593406593406593,0.006593406593406593,0.001,1.0503721200453984,3,0,114,452,0.006593406593406593,0.0,False,max_tpr_with_empirical_fpr_le_target,32,True,False,1.4327980502168096,1.442162111832152,0.8859649122807017,BCP,SVM,dp,2.0,14
0.4858299595141701,0.03670715249662626,455,114,0.09010989010989011,0.09010989010989011,0.1,0.20706497359670362,41,10,104,414,0.09010989010989011,0.08771929824561403,True,max_tpr_with_empirical_fpr_le_target,0.013186813186813187,0.013186813186813187,0.01,0.7718903619066568,6,1,113,449,0.013186813186813187,0.008771929824561403,True,max_tpr_with_empirical_fpr_le_target,0.004395604395604396,0.004395604395604396,0.001,1.180995271459862,2,0,114,453,0.004395604395604396,0.0,False,max_tpr_with_empirical_fpr_le_target,32,True,False,1.467343877052471,1.5093858668391718,0.8859649122807017,BCP,SVM,dp,2.0,15
0.505320994794679,0.07100443416232888,455,114,0.12087912087912088,0.12087912087912088,0.1,0.17472805788342782,55,11,103,400,0.12087912087912088,0.09649122807017543,True,max_tpr_with_empirical_fpr_le_target,0.002197802197802198,0.002197802197802198,0.01,4.479822838292839,1,0,114,454,0.002197802197802198,0.0,True,max_tpr_with_empirical_fpr_le_target,0.002197802197802198,0.002197802197802198,0.001,4.479822838292839,1,0,114,454,0.002197802197802198,0.0,False,max_tpr_with_empirical_fpr_le_target,32,True,False,1.465804298377595,1.4534407192462566,0.8859649122807017,BCP,SVM,dp,2.0,16
0.5099286678234047,0.0666088297667245,455,114,0.08571428571428572,0.08571428571428572,0.1,0.17155787593219518,39,11,103,416,0.08571428571428572,0.09649122807017543,True,max_tpr_with_empirical_fpr_le_target,0.0,0.0,0.01,2.596882119522959,0,1,113,455,0.0,0.008771929824561403,True,max_tpr_with_empirical_fpr_le_target,0.0,0.0,0.001,inf,0,0,114,455,0.0,0.0,False,max_tpr_with_empirical_fpr_le_target,32,True,False,1.4253175367152457,1.4721673624296558,0.8859649122807017,BCP,SVM,dp,2.0,17
0.5003084634663582,0.06506651243493344,455,114,0.09230769230769231,0.09230769230769231,0.1,0.20093636676358972,42,11,103,413,0.09230769230769231,0.09649122807017543,True,max_tpr_with_empirical_fpr_le_target,0.002197802197802198,0.002197802197802198,0.01,3.427369631817021,1,1,113,454,0.002197802197802198,0.008771929824561403,True,max_tpr_with_empirical_fpr_le_target,0.0,0.0,0.001,inf,0,0,114,455,0.0,0.0,False,max_tpr_with_empirical_fpr_le_target,32,True,False,1.4732991538446965,1.5033562392576254,0.8859649122807017,BCP,SVM,dp,2.0,18
0.48725660304607676,0.053132832080200504,455,114,0.13626373626373625,0.13626373626373625,0.1,0.14402340795011037,62,11,103,393,0.13626373626373625,0.09649122807017543,True,max_tpr_with_empirical_fpr_le_target,0.035164835164835165,0.035164835164835165,0.01,0.5770870454376402,16,1,113,439,0.035164835164835165,0.008771929824561403,True,max_tpr_with_empirical_fpr_le_target,0.01098901098901099,0.01098901098901099,0.001,1.0898540641450478,5,0,114,450,0.01098901098901099,0.0,False,max_tpr_with_empirical_fpr_le_target,32,True,False,1.3227682452510656,1.3321542278069185,0.8859649122807017,BCP,SVM,dp,2.0,19
0.5220165799113168,0.07102371312897632,455,114,0.10329670329670329,0.10329670329670329,0.1,0.16150807808653256,47,11,103,408,0.10329670329670329,0.09649122807017543,True,max_tpr_with_empirical_fpr_le_target,0.035164835164835165,0.035164835164835165,0.01,0.442975288506956,16,0,114,439,0.035164835164835165,0.0,True,max_tpr_with_empirical_fpr_le_target,0.035164835164835165,0.035164835164835165,0.001,0.442975288506956,16,0,114,439,0.035164835164835165,0.0,False,max_tpr_with_empirical_fpr_le_target,32,True,False,1.5501212338149823,1.6147453687349473,0.8859649122807017,BCP,SVM,dp,2.0,20
0.47061885482938115,0.04788895315211106,455,114,0.08351648351648351,0.08351648351648351,0.1,0.24678641484568575,38,11,103,417,0.08351648351648351,0.09649122807017543,True,max_tpr_with_empirical_fpr_le_target,0.006593406593406593,0.006593406593406593,0.01,1.385548679506269,3,1,113,452,0.006593406593406593,0.008771929824561403,True,max_tpr_with_empirical_fpr_le_target,0.004395604395604396,0.004395604395604396,0.001,1.8031526697524094,2,0,114,453,0.004395604395604396,0.0,False,max_tpr_with_empirical_fpr_le_target,32,True,False,1.3121021377737987,1.3135929698790776,0.8859649122807017,BCP,SVM,dp,2.0,21
0.5275882012724118,0.06953923269712747,455,114,0.12967032967032968,0.12967032967032968,0.1,0.16094744976339181,59,11,103,396,0.12967032967032968,0.09649122807017543,True,max_tpr_with_empirical_fpr_le_target,0.01098901098901099,0.01098901098901099,0.01,1.1843522646016402,5,1,113,450,0.01098901098901099,0.008771929824561403,True,max_tpr_with_empirical_fpr_le_target,0.0,0.0,0.001,inf,0,0,114,455,0.0,0.0,False,max_tpr_with_empirical_fpr_le_target,32,True,False,1.2867274693709672,1.3366784258386846,0.8859649122807017,BCP,SVM,dp,2.0,22
0.45922498554077507,0.0038172353961828387,455,114,0.06153846153846154,0.06153846153846154,0.1,0.21227064239105964,28,11,103,427,0.06153846153846154,0.09649122807017543,True,max_tpr_with_empirical_fpr_le_target,0.002197802197802198,0.002197802197802198,0.01,2.313982854198894,1,1,113,454,0.002197802197802198,0.008771929824561403,True,max_tpr_with_empirical_fpr_le_target,0.0,0.0,0.001,inf,0,0,114,455,0.0,0.0,False,max_tpr_with_empirical_fpr_le_target,32,True,False,1.2544406462100226,1.3086473401411878,0.8859649122807017,BCP,SVM,dp,2.0,23
0.485328706381338,0.05006747638326592,455,114,0.08791208791208792,0.08791208791208792,0.1,0.19489072558404086,40,11,103,415,0.08791208791208792,0.09649122807017543,True,max_tpr_with_empirical_fpr_le_target,0.01098901098901099,0.01098901098901099,0.01,1.0913310026795378,5,0,114,450,0.01098901098901099,0.0,True,max_tpr_with_empirical_fpr_le_target,0.01098901098901099,0.01098901098901099,0.001,1.0913310026795378,5,0,114,450,0.01098901098901099,0.0,False,max_tpr_with_empirical_fpr_le_target,32,True,False,1.5135154834512348,1.5184267921602421,0.8859649122807017,BCP,SVM,dp,2.0,24
0.4711779448621555,0.01764025448235975,455,114,0.08131868131868132,0.08131868131868132,0.1,0.20062262870795555,37,10,104,418,0.08131868131868132,0.08771929824561403,True,max_tpr_with_empirical_fpr_le_target,0.013186813186813187,0.013186813186813187,0.01,0.8777461972769367,6,1,113,449,0.013186813186813187,0.008771929824561403,True,max_tpr_with_empirical_fpr_le_target,0.0,0.0,0.001,inf,0,0,114,455,0.0,0.0,False,max_tpr_with_empirical_fpr_le_target,32,True,False,1.4431665218445544,1.4574650825266529,0.8859649122807017,BCP,SVM,dp,2.0,25
0.5013495276653173,0.060208212839791775,455,114,0.10329670329670329,0.10329670329670329,0.1,0.14090787541582195,47,11,103,408,0.10329670329670329,0.09649122807017543,True,max_tpr_with_empirical_fpr_le_target,0.01098901098901099,0.01098901098901099,0.01,0.762305085145055,5,1,113,450,0.01098901098901099,0.008771929824561403,True,max_tpr_with_empirical_fpr_le_target,0.006593406593406593,0.006593406593406593,0.001,0.9382847616819645,3,0,114,452,0.006593406593406593,0.0,False,max_tpr_with_empirical_fpr_le_target,32,True,False,1.517053620376475,1.5556334547131534,0.8859649122807017,BCP,SVM,dp,2.0,26
0.464198958935801,0.028128012338538566,455,114,0.07032967032967033,0.07032967032967033,0.1,0.3395239700679178,32,11,103,423,0.07032967032967033,0.09649122807017543,True,max_tpr_with_empirical_fpr_le_target,0.008791208791208791,0.008791208791208791,0.01,2.0140663134965986,4,1,113,451,0.008791208791208791,0.008771929824561403,True,max_tpr_with_empirical_fpr_le_target,0.0,0.0,0.001,inf,0,0,114,455,0.0,0.0,False,max_tpr_with_empirical_fpr_le_target,32,True,False,1.2876908466189076,1.244991175126949,0.8859649122807017,BCP,SVM,dp,2.0,27
0.5155002891844997,0.07499518025833815,455,114,0.11428571428571428,0.11428571428571428,0.1,0.15155843785055478,52,10,104,403,0.11428571428571428,0.08771929824561403,True,max_tpr_with_empirical_fpr_le_target,0.013186813186813187,0.013186813186813187,0.01,0.9498670281587298,6,1,113,449,0.013186813186813187,0.008771929824561403,True,max_tpr_with_empirical_fpr_le_target,0.0,0.0,0.001,inf,0,0,114,455,0.0,0.0,False,max_tpr_with_empirical_fpr_le_target,32,True,False,1.494557874439429,1.4851605038423206,0.8859649122807017,BCP,SVM,dp,2.0,28
0.535550414497783,0.12359745517640255,455,114,0.10329670329670329,0.10329670329670329,0.1,0.25071841651676774,47,11,103,408,0.10329670329670329,0.09649122807017543,True,max_tpr_with_empirical_fpr_le_target,0.015384615384615385,0.015384615384615385,0.01,1.1100684122058209,7,1,113,448,0.015384615384615385,0.008771929824561403,True,max_tpr_with_empirical_fpr_le_target,0.004395604395604396,0.004395604395604396,0.001,2.4664047292724645,2,0,114,453,0.004395604395604396,0.0,False,max_tpr_with_empirical_fpr_le_target,32,True,False,1.407844937636968,1.473905094158039,0.8859649122807017,BCP,SVM,dp,2.0,29
0.5054366685945634,0.05596684017736653,455,114,0.0967032967032967,0.0967032967032967,0.1,0.21466758867309332,44,11,103,411,0.0967032967032967,0.09649122807017543,True,max_tpr_with_empirical_fpr_le_target,0.01098901098901099,0.01098901098901099,0.01,1.484563662231538,5,0,114,450,0.01098901098901099,0.0,True,max_tpr_with_empirical_fpr_le_target,0.01098901098901099,0.01098901098901099,0.001,1.484563662231538,5,0,114,450,0.01098901098901099,0.0,False,max_tpr_with_empirical_fpr_le_target,32,True,False,0.543707971858416,0.5633338685560583,0.8947368421052632,BCP,SVM,dp,4.0,0
0.5049161364950838,0.0692307692307692,455,114,0.0945054945054945,0.0945054945054945,0.1,0.26554555906521404,43,11,103,412,0.0945054945054945,0.09649122807017543,True,max_tpr_with_empirical_fpr_le_target,0.01978021978021978,0.01978021978021978,0.01,0.9413684756470566,9,1,113,446,0.01978021978021978,0.008771929824561403,True,max_tpr_with_empirical_fpr_le_target,0.013186813186813187,0.013186813186813187,0.001,1.065097527424994,6,0,114,449,0.013186813186813187,0.0,False,max_tpr_with_empirical_fpr_le_target,32,True,False,0.5022166600459035,0.5156733701476064,0.8947368421052632,BCP,SVM,dp,4.0,1
0.550028918449971,0.1325236167341431,455,114,0.16703296703296702,0.16703296703296702,0.1,0.1019545104716415,76,11,103,379,0.16703296703296702,0.09649122807017543,True,max_tpr_with_empirical_fpr_le_target,0.013186813186813187,0.013186813186813187,0.01,0.950282386788335,6,1,113,449,0.013186813186813187,0.008771929824561403,True,max_tpr_with_empirical_fpr_le_target,0.0,0.0,0.001,inf,0,0,114,455,0.0,0.0,False,max_tpr_with_empirical_fpr_le_target,32,True,False,0.5573290000600798,0.5513705180867661,0.8947368421052632,BCP,SVM,dp,4.0,2
0.44478503952188164,3.855793329477636e-05,455,114,0.06813186813186813,0.06813186813186813,0.1,0.25097943302248393,31,10,104,424,0.06813186813186813,0.08771929824561403,True,max_tpr_with_empirical_fpr_le_target,0.0,0.0,0.01,1.8633154431292192,0,1,113,455,0.0,0.008771929824561403,True,max_tpr_with_empirical_fpr_le_target,0.0,0.0,0.001,inf,0,0,114,455,0.0,0.0,False,max_tpr_with_empirical_fpr_le_target,32,True,False,0.549241219056522,0.5709181867524221,0.8947368421052632,BCP,SVM,dp,4.0,3
0.5604202814729131,0.14975901291690769,455,114,0.20659340659340658,0.20659340659340658,0.1,0.10553588985220053,94,11,103,361,0.20659340659340658,0.09649122807017543,True,max_tpr_with_empirical_fpr_le_target,0.035164835164835165,0.035164835164835165,0.01,0.45608600538292365,16,1,113,439,0.035164835164835165,0.008771929824561403,True,max_tpr_with_empirical_fpr_le_target,0.006593406593406593,0.006593406593406593,0.001,0.8521592069838837,3,0,114,452,0.006593406593406593,0.0,False,max_tpr_with_empirical_fpr_le_target,32,True,False,0.5641203262994181,0.5821778237119538,0.8947368421052632,BCP,SVM,dp,4.0,4
0.5266242529400424,0.06919221129747449,455,114,0.10989010989010989,0.10989010989010989,0.1,0.2154311927957019,50,10,104,405,0.10989010989010989,0.08771929824561403,True,max_tpr_with_empirical_fpr_le_target,0.05274725274725275,0.05274725274725275,0.01,0.46740914574503223,24,1,113,431,0.05274725274725275,0.008771929824561403,True,max_tpr_with_empirical_fpr_le_target,0.026373626373626374,0.026373626373626374,0.001,0.7640806471529664,12,0,114,443,0.026373626373626374,0.0,False,max_tpr_with_empirical_fpr_le_target,32,True,False,0.5372265140522156,0.5509375015328384,0.8947368421052632,BCP,SVM,dp,4.0,5
0.5249469828417197,0.07085020242914983,455,114,0.14065934065934066,0.14065934065934066,0.1,0.1788570044713823,64,11,103,391,0.14065934065934066,0.09649122807017543,True,max_tpr_with_empirical_fpr_le_target,0.04395604395604396,0.04395604395604396,0.01,0.6074566094577006,20,1,113,435,0.04395604395604396,0.008771929824561403,True,max_tpr_with_empirical_fpr_le_target,0.041758241758241756,0.041758241758241756,0.001,0.6702786970359315,19,0,114,436,0.041758241758241756,0.0,False,max_tpr_with_empirical_fpr_le_target,32,True,False,0.4921278170607396,0.5175388267980247,0.8947368421052632,BCP,SVM,dp,4.0,6
0.4679390784653943,0.021110468478889532,455,114,0.08351648351648351,0.08351648351648351,0.1,0.17303490057111448,38,11,103,417,0.08351648351648351,0.09649122807017543,True,max_tpr_with_empirical_fpr_le_target,0.004395604395604396,0.004395604395604396,0.01,1.0486579118630714,2,1,113,453,0.004395604395604396,0.008771929824561403,True,max_tpr_with_empirical_fpr_le_target,0.0,0.0,0.001,inf,0,0,114,455,0.0,0.0,False,max_tpr_with_empirical_fpr_le_target,32,True,False,0.5711374074200933,0.6033270481486268,0.8947368421052632,BCP,SVM,dp,4.0,7
0.47657605552342397,0.013128976286871041,455,114,0.08351648351648351,0.08351648351648351,0.1,0.26682260145985714,38,11,103,417,0.08351648351648351,0.09649122807017543,True,max_tpr_with_empirical_fpr_le_target,0.004395604395604396,0.004395604395604396,0.01,2.1517132740395204,2,1,113,453,0.004395604395604396,0.008771929824561403,True,max_tpr_with_empirical_fpr_le_target,0.0,0.0,0.001,inf,0,0,114,455,0.0,0.0,False,max_tpr_with_empirical_fpr_le_target,32,True,False,0.5185051585522902,0.524113614870087,0.8947368421052632,BCP,SVM,dp,4.0,8
0.47358781569307884,0.019857335646809332,455,114,0.08571428571428572,0.08571428571428572,0.1,0.2743365395680769,39,11,103,416,0.08571428571428572,0.09649122807017543,True,max_tpr_with_empirical_fpr_le_target,0.024175824175824177,0.024175824175824177,0.01,0.9855331582986779,11,1,113,444,0.024175824175824177,0.008771929824561403,True,max_tpr_with_empirical_fpr_le_target,0.004395604395604396,0.004395604395604396,0.001,2.5877728138137166,2,0,114,453,0.004395604395604396,0.0,False,max_tpr_with_empirical_fpr_le_target,32,True,False,0.49583375931641044,0.5108016233073758,0.8947368421052632,BCP,SVM,dp,4.0,9
0.5531135531135531,0.12409870830923464,455,114,0.12967032967032968,0.12967032967032968,0.1,0.13590573650536797,59,10,104,396,0.12967032967032968,0.08771929824561403,True,max_tpr_with_empirical_fpr_le_target,0.01978021978021978,0.01978021978021978,0.01,0.7205264514711763,9,1,113,446,0.01978021978021978,0.008771929824561403,True,max_tpr_with_empirical_fpr_le_target,0.015384615384615385,0.015384615384615385,0.001,0.9995942284113295,7,0,114,448,0.015384615384615385,0.0,False,max_tpr_with_empirical_fpr_le_target,32,True,False,0.5030942761217989,0.516915112313425,0.8947368421052632,BCP,SVM,dp,4.0,10
0.48120300751879697,0.037497590129169076,455,114,0.11208791208791209,0.11208791208791209,0.1,0.1812988914657142,51,11,103,404,0.11208791208791209,0.09649122807017543,True,max_tpr_with_empirical_fpr_le_target,0.02197802197802198,0.02197802197802198,0.01,0.9594789567474225,10,1,113,445,0.02197802197802198,0.008771929824561403,True,max_tpr_with_empirical_fpr_le_target,0.01978021978021978,0.01978021978021978,0.001,1.1510361882306688,9,0,114,446,0.01978021978021978,0.0,False,max_tpr_with_empirical_fpr_le_target,32,True,False,0.4946915984056096,0.501824402779379,0.8947368421052632,BCP,SVM,dp,4.0,11
0.44792751108540585,0.019799498746867168,455,114,0.07692307692307693,0.07692307692307693,0.1,0.24517810081681346,35,11,103,420,0.07692307692307693,0.09649122807017543,True,max_tpr_with_empirical_fpr_le_target,0.02857142857142857,0.02857142857142857,0.01,0.5671048745913578,13,1,113,442,0.02857142857142857,0.008771929824561403,True,max_tpr_with_empirical_fpr_le_target,0.017582417582417582,0.017582417582417582,0.001,0.8389958460864435,8,0,114,447,0.017582417582417582,0.0,False,max_tpr_with_empirical_fpr_le_target,32,True,False,0.5188043983172035,0.5255629644771792,0.8947368421052632,BCP,SVM,dp,4.0,12
0.4851359167148641,0.04254867939078466,455,114,0.09230769230769231,0.09230769230769231,0.1,0.2689961900384801,42,11,103,413,0.09230769230769231,0.09649122807017543,True,max_tpr_with_empirical_fpr_le_target,0.01098901098901099,0.01098901098901099,0.01,1.8029515975794506,5,1,113,450,0.01098901098901099,0.008771929824561403,True,max_tpr_with_empirical_fpr_le_target,0.006593406593406593,0.006593406593406593,0.001,4.218375246195535,3,0,114,452,0.006593406593406593,0.0,False,max_tpr_with_empirical_fpr_le_target,32,True,False,0.494778851441738,0.5170977374861553,0.8947368421052632,BCP,SVM,dp,4.0,13
0.4980142664353191,0.037150568729516054,455,114,0.10989010989010989,0.10989010989010989,0.1,0.17217722988631912,50,11,103,405,0.10989010989010989,0.09649122807017543,True,max_tpr_with_empirical_fpr_le_target,0.02857142857142857,0.02857142857142857,0.01,0.5178669619156282,13,1,113,442,0.02857142857142857,0.008771929824561403,True,max_tpr_with_empirical_fpr_le_target,0.008791208791208791,0.008791208791208791,0.001,1.038134281296872,4,0,114,451,0.008791208791208791,0.0,False,max_tpr_with_empirical_fpr_le_target,32,True,False,0.5466671405738105,0.5479610926004859,0.8947368421052632,BCP,SVM,dp,4.0,14
0.4814921920185078,0.035492577597840774,455,114,0.1054945054945055,0.1054945054945055,0.1,0.1703033399233176,48,11,103,407,0.1054945054945055,0.09649122807017543,True,max_tpr_with_empirical_fpr_le_target,0.017582417582417582,0.017582417582417582,0.01,0.7235995276341685,8,1,113,447,0.017582417582417582,0.008771929824561403,True,max_tpr_with_empirical_fpr_le_target,0.002197802197802198,0.002197802197802198,0.001,3.3690331251505405,1,0,114,454,0.002197802197802198,0.0,False,max_tpr_with_empirical_fpr_le_target,32,True,False,0.5523490679641643,0.56690564260902,0.8947368421052632,BCP,SVM,dp,4.0,15
0.5084634663582032,0.06915365336417967,455,114,0.1054945054945055,0.1054945054945055,0.1,0.20823502079147438,48,10,104,407,0.1054945054945055,0.08771929824561403,True,max_tpr_with_empirical_fpr_le_target,0.002197802197802198,0.002197802197802198,0.01,5.196190887525053,1,0,114,454,0.002197802197802198,0.0,True,max_tpr_with_empirical_fpr_le_target,0.002197802197802198,0.002197802197802198,0.001,5.196190887525053,1,0,114,454,0.002197802197802198,0.0,False,max_tpr_with_empirical_fpr_le_target,32,True,False,0.5687021782455128,0.5663021427867765,0.8947368421052632,BCP,SVM,dp,4.0,16
0.4970888760362444,0.0387700019278967,455,114,0.12747252747252746,0.12747252747252746,0.1,0.1293947461458298,58,11,103,397,0.12747252747252746,0.09649122807017543,True,max_tpr_with_empirical_fpr_le_target,0.0,0.0,0.01,2.661385657367987,0,1,113,455,0.0,0.008771929824561403,True,max_tpr_with_empirical_fpr_le_target,0.0,0.0,0.001,inf,0,0,114,455,0.0,0.0,False,max_tpr_with_empirical_fpr_le_target,32,True,False,0.5362059973036727,0.5560915130777647,0.8947368421052632,BCP,SVM,dp,4.0,17
0.508058608058608,0.05157123578176215,455,114,0.08351648351648351,0.08351648351648351,0.1,0.22043016611025013,38,11,103,417,0.08351648351648351,0.09649122807017543,True,max_tpr_with_empirical_fpr_le_target,0.002197802197802198,0.002197802197802198,0.01,4.2072886582992295,1,1,113,454,0.002197802197802198,0.008771929824561403,True,max_tpr_with_empirical_fpr_le_target,0.0,0.0,0.001,inf,0,0,114,455,0.0,0.0,False,max_tpr_with_empirical_fpr_le_target,32,True,False,0.5625483180965846,0.5734886116839666,0.8947368421052632,BCP,SVM,dp,4.0,18
0.48816271447850396,0.055292076344707924,455,114,0.11868131868131868,0.11868131868131868,0.1,0.18559058979606113,54,11,103,401,0.11868131868131868,0.09649122807017543,True,max_tpr_with_empirical_fpr_le_target,0.026373626373626374,0.026373626373626374,0.01,0.6968765954390128,12,1,113,443,0.026373626373626374,0.008771929824561403,True,max_tpr_with_empirical_fpr_le_target,0.02197802197802198,0.02197802197802198,0.001,0.812404778371863,10,0,114,445,0.02197802197802198,0.0,False,max_tpr_with_empirical_fpr_le_target,32,True,False,0.5072719022719963,0.513927448214362,0.8947368421052632,BCP,SVM,dp,4.0,19
0.5104106419895893,0.08847117794486214,455,114,0.1076923076923077,0.1076923076923077,0.1,0.15448676818807627,49,11,103,406,0.1076923076923077,0.09649122807017543,True,max_tpr_with_empirical_fpr_le_target,0.03296703296703297,0.03296703296703297,0.01,0.5018582872269391,15,0,114,440,0.03296703296703297,0.0,True,max_tpr_with_empirical_fpr_le_target,0.03296703296703297,0.03296703296703297,0.001,0.5018582872269391,15,0,114,440,0.03296703296703297,0.0,False,max_tpr_with_empirical_fpr_le_target,32,True,False,0.5807417224396753,0.6033725670182555,0.8947368421052632,BCP,SVM,dp,4.0,20
0.45396182764603815,0.019857335646809332,455,114,0.08791208791208792,0.08791208791208792,0.1,0.24725688722097228,40,11,103,415,0.08791208791208792,0.09649122807017543,True,max_tpr_with_empirical_fpr_le_target,0.01098901098901099,0.01098901098901099,0.01,1.4863755560432752,5,1,113,450,0.01098901098901099,0.008771929824561403,True,max_tpr_with_empirical_fpr_le_target,0.008791208791208791,0.008791208791208791,0.001,1.5607463669450246,4,0,114,451,0.008791208791208791,0.0,False,max_tpr_with_empirical_fpr_le_target,32,True,False,0.5101978850984773,0.5160613855933648,0.8947368421052632,BCP,SVM,dp,4.0,21
0.5286292654713708,0.07370348949296313,455,114,0.15384615384615385,0.15384615384615385,0.1,0.14174273373379231,70,11,103,385,0.15384615384615385,0.09649122807017543,True,max_tpr_with_empirical_fpr_le_target,0.013186813186813187,0.013186813186813187,0.01,1.0672319288265983,6,1,113,449,0.013186813186813187,0.008771929824561403,True,max_tpr_with_empirical_fpr_le_target,0.0,0.0,0.001,inf,0,0,114,455,0.0,0.0,False,max_tpr_with_empirical_fpr_le_target,32,True,False,0.49194126040691344,0.5108460661628139,0.8947368421052632,BCP,SVM,dp,4.0,22
0.4711008289955658,0.029438982070561004,455,114,0.07032967032967033,0.07032967032967033,0.1,0.23254077543192175,32,11,103,423,0.07032967032967033,0.09649122807017543,True,max_tpr_with_empirical_fpr_le_target,0.002197802197802198,0.002197802197802198,0.01,3.424957395102175,1,0,114,454,0.002197802197802198,0.0,True,max_tpr_with_empirical_fpr_le_target,0.002197802197802198,0.002197802197802198,0.001,3.424957395102175,1,0,114,454,0.002197802197802198,0.0,False,max_tpr_with_empirical_fpr_le_target,32,True,False,0.48297067744925004,0.5053021594929674,0.8947368421052632,BCP,SVM,dp,4.0,23
0.4723154038943512,0.0214189319452478,455,114,0.0945054945054945,0.0945054945054945,0.1,0.19484391203238316,43,11,103,412,0.0945054945054945,0.09649122807017543,True,max_tpr_with_empirical_fpr_le_target,0.01978021978021978,0.01978021978021978,0.01,0.8213256595527961,9,1,113,446,0.01978021978021978,0.008771929824561403,True,max_tpr_with_empirical_fpr_le_target,0.01098901098901099,0.01098901098901099,0.001,1.2211451671923772,5,0,114,450,0.01098901098901099,0.0,False,max_tpr_with_empirical_fpr_le_target,32,True,False,0.5584336292900492,0.5665788341555302,0.8947368421052632,BCP,SVM,dp,4.0,24
0.4806631964526702,0.029689608636977005,455,114,0.09230769230769231,0.09230769230769231,0.1,0.2004731120670903,42,11,103,413,0.09230769230769231,0.09649122807017543,True,max_tpr_with_empirical_fpr_le_target,0.026373626373626374,0.026373626373626374,0.01,0.7476040317751421,12,1,113,443,0.026373626373626374,0.008771929824561403,True,max_tpr_with_empirical_fpr_le_target,0.0,0.0,0.001,inf,0,0,114,455,0.0,0.0,False,max_tpr_with_empirical_fpr_le_target,32,True,False,0.5396861220900574,0.5494226919417743,0.8947368421052632,BCP,SVM,dp,4.0,25
0.5101407364565259,0.07775207248891458,455,114,0.13626373626373625,0.13626373626373625,0.1,0.1139917290498832,62,11,103,393,0.13626373626373625,0.09649122807017543,True,max_tpr_with_empirical_fpr_le_target,0.015384615384615385,0.015384615384615385,0.01,0.6921418689452852,7,1,113,448,0.015384615384615385,0.008771929824561403,True,max_tpr_with_empirical_fpr_le_target,0.002197802197802198,0.002197802197802198,0.001,1.8519413775706686,1,0,114,454,0.002197802197802198,0.0,False,max_tpr_with_empirical_fpr_le_target,32,True,False,0.5711416669361692,0.5847244668629945,0.8947368421052632,BCP,SVM,dp,4.0,26
0.4765374975901292,0.04089068825910935,455,114,0.07252747252747253,0.07252747252747253,0.1,0.3420047523609422,33,11,103,422,0.07252747252747253,0.09649122807017543,True,max_tpr_with_empirical_fpr_le_target,0.01098901098901099,0.01098901098901099,0.01,1.8833782141210493,5,1,113,450,0.01098901098901099,0.008771929824561403,True,max_tpr_with_empirical_fpr_le_target,0.0,0.0,0.001,inf,0,0,114,455,0.0,0.0,False,max_tpr_with_empirical_fpr_le_target,32,True,False,0.5050029838673544,0.4922759707043485,0.8947368421052632,BCP,SVM,dp,4.0,27
0.49897821476768844,0.03722768459610559,455,114,0.11648351648351649,0.11648351648351649,0.1,0.178617802147935,53,11,103,402,0.11648351648351649,0.09649122807017543,True,max_tpr_with_empirical_fpr_le_target,0.017582417582417582,0.017582417582417582,0.01,0.9716842028444583,8,1,113,447,0.017582417582417582,0.008771929824561403,True,max_tpr_with_empirical_fpr_le_target,0.0,0.0,0.001,inf,0,0,114,455,0.0,0.0,False,max_tpr_with_empirical_fpr_le_target,32,True,False,0.5570383078906159,0.5661992971786077,0.8947368421052632,BCP,SVM,dp,4.0,28
0.5282629651050703,0.11746674378253324,455,114,0.07472527472527472,0.07472527472527472,0.1,0.31498804257785873,34,10,104,421,0.07472527472527472,0.08771929824561403,True,max_tpr_with_empirical_fpr_le_target,0.01098901098901099,0.01098901098901099,0.01,1.359391858241791,5,1,113,450,0.01098901098901099,0.008771929824561403,True,max_tpr_with_empirical_fpr_le_target,0.002197802197802198,0.002197802197802198,0.001,3.615493866261692,1,0,114,454,0.002197802197802198,0.0,False,max_tpr_with_empirical_fpr_le_target,32,True,False,0.5324751403555236,0.5586654392467236,0.8947368421052632,BCP,SVM,dp,4.0,29
0.5304222093695777,0.09955658376711007,455,114,0.07912087912087912,0.07912087912087912,0.1,0.267283408383836,36,9,105,419,0.07912087912087912,0.07894736842105263,True,max_tpr_with_empirical_fpr_le_target,0.006593406593406593,0.006593406593406593,0.01,1.9060536169699602,3,0,114,452,0.006593406593406593,0.0,True,max_tpr_with_empirical_fpr_le_target,0.006593406593406593,0.006593406593406593,0.001,1.9060536169699602,3,0,114,452,0.006593406593406593,0.0,False,max_tpr_with_empirical_fpr_le_target,32,True,False,0.25834076307308396,0.2678182547750494,0.9035087719298246,BCP,SVM,dp,8.0,0
0.5195681511470985,0.0956043956043956,455,114,0.08571428571428572,0.08571428571428572,0.1,0.30266701317651723,39,11,103,416,0.08571428571428572,0.09649122807017543,True,max_tpr_with_empirical_fpr_le_target,0.013186813186813187,0.013186813186813187,0.01,1.0733765664885486,6,0,114,449,0.013186813186813187,0.0,True,max_tpr_with_empirical_fpr_le_target,0.013186813186813187,0.013186813186813187,0.001,1.0733765664885486,6,0,114,449,0.013186813186813187,0.0,False,max_tpr_with_empirical_fpr_le_target,32,True,False,0.24748946533912883,0.2544123780182385,0.9035087719298246,BCP,SVM,dp,8.0,1
0.5606323501060344,0.12830152303836512,455,114,0.17802197802197803,0.17802197802197803,0.1,0.10575407923448776,81,11,103,374,0.17802197802197803,0.09649122807017543,True,max_tpr_with_empirical_fpr_le_target,0.01098901098901099,0.01098901098901099,0.01,1.3238483376882224,5,0,114,450,0.01098901098901099,0.0,True,max_tpr_with_empirical_fpr_le_target,0.01098901098901099,0.01098901098901099,0.001,1.3238483376882224,5,0,114,450,0.01098901098901099,0.0,False,max_tpr_with_empirical_fpr_le_target,32,True,False,0.27442912756397964,0.2759169093480639,0.9035087719298246,BCP,SVM,dp,8.0,2
0.4878349720454984,0.044765760555234235,455,114,0.06593406593406594,0.06593406593406594,0.1,0.2163941898307904,30,11,103,425,0.06593406593406594,0.09649122807017543,True,max_tpr_with_empirical_fpr_le_target,0.015384615384615385,0.015384615384615385,0.01,1.0309363736865271,7,1,113,448,0.015384615384615385,0.008771929824561403,True,max_tpr_with_empirical_fpr_le_target,0.004395604395604396,0.004395604395604396,0.001,2.0099065554515168,2,0,114,453,0.004395604395604396,0.0,False,max_tpr_with_empirical_fpr_le_target,32,True,False,0.2713523307938635,0.2836117824193567,0.9035087719298246,BCP,SVM,dp,8.0,3
0.5579911316753422,0.12789666473877004,455,114,0.18021978021978022,0.18021978021978022,0.1,0.11409513799170534,82,11,103,373,0.18021978021978022,0.09649122807017543,True,max_tpr_with_empirical_fpr_le_target,0.02197802197802198,0.02197802197802198,0.01,0.5529615508342978,10,1,113,445,0.02197802197802198,0.008771929824561403,True,max_tpr_with_empirical_fpr_le_target,0.015384615384615385,0.015384615384615385,0.001,0.861602467799097,7,0,114,448,0.015384615384615385,0.0,False,max_tpr_with_empirical_fpr_le_target,32,True,False,0.28542483153085424,0.2958435485702407,0.9035087719298246,BCP,SVM,dp,8.0,4
0.5126855600539811,0.048043184885290136,455,114,0.12967032967032968,0.12967032967032968,0.1,0.19368721565436386,59,11,103,396,0.12967032967032968,0.09649122807017543,True,max_tpr_with_empirical_fpr_le_target,0.046153846153846156,0.046153846153846156,0.01,0.5192185322233605,21,1,113,434,0.046153846153846156,0.008771929824561403,True,max_tpr_with_empirical_fpr_le_target,0.017582417582417582,0.017582417582417582,0.001,1.004526913438605,8,0,114,447,0.017582417582417582,0.0,False,max_tpr_with_empirical_fpr_le_target,32,True,False,0.26216579405971197,0.27339190023443755,0.9035087719298246,BCP,SVM,dp,8.0,5
0.5326392905340274,0.08544438018122236,455,114,0.14285714285714285,0.14285714285714285,0.1,0.1783386854849507,65,10,104,390,0.14285714285714285,0.08771929824561403,True,max_tpr_with_empirical_fpr_le_target,0.03956043956043956,0.03956043956043956,0.01,0.7033770492967979,18,1,113,437,0.03956043956043956,0.008771929824561403,True,max_tpr_with_empirical_fpr_le_target,0.03296703296703297,0.03296703296703297,0.001,0.8688492381530085,15,0,114,440,0.03296703296703297,0.0,False,max_tpr_with_empirical_fpr_le_target,32,True,False,0.24591910318073454,0.259628161213975,0.9035087719298246,BCP,SVM,dp,8.0,6
0.48976286871023716,0.03142471563524196,455,114,0.0945054945054945,0.0945054945054945,0.1,0.17414914588627606,43,11,103,412,0.0945054945054945,0.09649122807017543,True,max_tpr_with_empirical_fpr_le_target,0.008791208791208791,0.008791208791208791,0.01,1.0132838812314426,4,1,113,451,0.008791208791208791,0.008771929824561403,True,max_tpr_with_empirical_fpr_le_target,0.0,0.0,0.001,inf,0,0,114,455,0.0,0.0,False,max_tpr_with_empirical_fpr_le_target,32,True,False,0.2840641994279085,0.29745325820150015,0.9035087719298246,BCP,SVM,dp,8.0,7
0.4809716599190284,0.026103720840563005,455,114,0.11428571428571428,0.11428571428571428,0.1,0.19311757621600867,52,11,103,403,0.11428571428571428,0.09649122807017543,True,max_tpr_with_empirical_fpr_le_target,0.004395604395604396,0.004395604395604396,0.01,2.544056080995497,2,0,114,453,0.004395604395604396,0.0,True,max_tpr_with_empirical_fpr_le_target,0.004395604395604396,0.004395604395604396,0.001,2.544056080995497,2,0,114,453,0.004395604395604396,0.0,False,max_tpr_with_empirical_fpr_le_target,32,True,False,0.26016413001939986,0.2632663400240969,0.9035087719298246,BCP,SVM,dp,8.0,8
0.49182571814150755,0.05326778484673225,455,114,0.07032967032967033,0.07032967032967033,0.1,0.2544054614969016,32,11,103,423,0.07032967032967033,0.09649122807017543,True,max_tpr_with_empirical_fpr_le_target,0.006593406593406593,0.006593406593406593,0.01,1.5900230954369956,3,0,114,452,0.006593406593406593,0.0,True,max_tpr_with_empirical_fpr_le_target,0.006593406593406593,0.006593406593406593,0.001,1.5900230954369956,3,0,114,452,0.006593406593406593,0.0,False,max_tpr_with_empirical_fpr_le_target,32,True,False,0.24942801109598214,0.25706339387751537,0.9035087719298246,BCP,SVM,dp,8.0,9
0.5228455754771545,0.07308656256024676,455,114,0.0989010989010989,0.0989010989010989,0.1,0.16838948723381586,45,11,103,410,0.0989010989010989,0.09649122807017543,True,max_tpr_with_empirical_fpr_le_target,0.041758241758241756,0.041758241758241756,0.01,0.41619080815982845,19,1,113,436,0.041758241758241756,0.008771929824561403,True,max_tpr_with_empirical_fpr_le_target,0.01098901098901099,0.01098901098901099,0.001,1.3515583861749612,5,0,114,450,0.01098901098901099,0.0,False,max_tpr_with_empirical_fpr_le_target,32,True,False,0.2503353052387889,0.25739547001572194,0.9035087719298246,BCP,SVM,dp,8.0,10
0.49305957200694045,0.036321573163678456,455,114,0.1010989010989011,0.1010989010989011,0.1,0.18473207880440845,46,11,103,409,0.1010989010989011,0.09649122807017543,True,max_tpr_with_empirical_fpr_le_target,0.01978021978021978,0.01978021978021978,0.01,1.0515359398519772,9,0,114,446,0.01978021978021978,0.0,True,max_tpr_with_empirical_fpr_le_target,0.01978021978021978,0.01978021978021978,0.001,1.0515359398519772,9,0,114,446,0.01978021978021978,0.0,False,max_tpr_with_empirical_fpr_le_target,32,True,False,0.2527066114674179,0.2558551550555566,0.9035087719298246,BCP,SVM,dp,8.0,11
0.48099093888567573,0.02427221900906111,455,114,0.0967032967032967,0.0967032967032967,0.1,0.1935509863073761,44,11,103,411,0.0967032967032967,0.09649122807017543,True,max_tpr_with_empirical_fpr_le_target,0.02197802197802198,0.02197802197802198,0.01,0.6820807849105908,10,0,114,445,0.02197802197802198,0.0,True,max_tpr_with_empirical_fpr_le_target,0.02197802197802198,0.02197802197802198,0.001,0.6820807849105908,10,0,114,445,0.02197802197802198,0.0,False,max_tpr_with_empirical_fpr_le_target,32,True,False,0.25317017455167445,0.2549020610000557,0.9035087719298246,BCP,SVM,dp,8.0,12
0.4575091575091575,0.017312512049354245,455,114,0.04835164835164835,0.04835164835164835,0.1,0.3441174680620793,22,11,103,433,0.04835164835164835,0.09649122807017543,True,max_tpr_with_empirical_fpr_le_target,0.01098901098901099,0.01098901098901099,0.01,1.636621609851082,5,1,113,450,0.01098901098901099,0.008771929824561403,True,max_tpr_with_empirical_fpr_le_target,0.008791208791208791,0.008791208791208791,0.001,2.2151346681310735,4,0,114,451,0.008791208791208791,0.0,False,max_tpr_with_empirical_fpr_le_target,32,True,False,0.25561407271195813,0.2687526581434521,0.9035087719298246,BCP,SVM,dp,8.0,13
0.47603624445729714,0.03539618276460382,455,114,0.12307692307692308,0.12307692307692308,0.1,0.16392630401121389,56,11,103,399,0.12307692307692308,0.09649122807017543,True,max_tpr_with_empirical_fpr_le_target,0.026373626373626374,0.026373626373626374,0.01,0.4968244092767301,12,1,113,443,0.026373626373626374,0.008771929824561403,True,max_tpr_with_empirical_fpr_le_target,0.017582417582417582,0.017582417582417582,0.001,0.9091392809878012,8,0,114,447,0.017582417582417582,0.0,False,max_tpr_with_empirical_fpr_le_target,32,True,False,0.27428527670520686,0.27470760964963614,0.9035087719298246,BCP,SVM,dp,8.0,14
0.48070175438596485,0.024195103142471565,455,114,0.07692307692307693,0.07692307692307693,0.1,0.23169241102969984,35,11,103,420,0.07692307692307693,0.09649122807017543,True,max_tpr_with_empirical_fpr_le_target,0.03296703296703297,0.03296703296703297,0.01,0.6062165485000037,15,1,113,440,0.03296703296703297,0.008771929824561403,True,max_tpr_with_empirical_fpr_le_target,0.004395604395604396,0.004395604395604396,0.001,1.700333388751076,2,0,114,453,0.004395604395604396,0.0,False,max_tpr_with_empirical_fpr_le_target,32,True,False,0.28101759461224857,0.2868226134179214,0.9035087719298246,BCP,SVM,dp,8.0,15
0.5213225371120108,0.06655099286678234,455,114,0.09230769230769231,0.09230769230769231,0.1,0.23723803172518232,42,11,103,413,0.09230769230769231,0.09649122807017543,True,max_tpr_with_empirical_fpr_le_target,0.002197802197802198,0.002197802197802198,0.01,3.9986790603174365,1,0,114,454,0.002197802197802198,0.0,True,max_tpr_with_empirical_fpr_le_target,0.002197802197802198,0.002197802197802198,0.001,3.9986790603174365,1,0,114,454,0.002197802197802198,0.0,False,max_tpr_with_empirical_fpr_le_target,32,True,False,0.289900445212896,0.2900560039663979,0.9035087719298246,BCP,SVM,dp,8.0,16
0.5316560632350105,0.08052824368613842,455,114,0.15384615384615385,0.15384615384615385,0.1,0.10726660292639667,70,11,103,385,0.15384615384615385,0.09649122807017543,True,max_tpr_with_empirical_fpr_le_target,0.002197802197802198,0.002197802197802198,0.01,2.615196374765455,1,0,114,454,0.002197802197802198,0.0,True,max_tpr_with_empirical_fpr_le_target,0.002197802197802198,0.002197802197802198,0.001,2.615196374765455,1,0,114,454,0.002197802197802198,0.0,False,max_tpr_with_empirical_fpr_le_target,32,True,False,0.2611742308772383,0.2714480132452337,0.9035087719298246,BCP,SVM,dp,8.0,17
0.5091189512242144,0.07565066512434937,455,114,0.10329670329670329,0.10329670329670329,0.1,0.16666025007137297,47,11,103,408,0.10329670329670329,0.09649122807017543,True,max_tpr_with_empirical_fpr_le_target,0.002197802197802198,0.002197802197802198,0.01,3.680998978474071,1,1,113,454,0.002197802197802198,0.008771929824561403,True,max_tpr_with_empirical_fpr_le_target,0.0,0.0,0.001,inf,0,0,114,455,0.0,0.0,False,max_tpr_with_empirical_fpr_le_target,32,True,False,0.2778482401191926,0.2831863974007916,0.9035087719298246,BCP,SVM,dp,8.0,18
0.4981299402352034,0.0418546365914787,455,114,0.11648351648351649,0.11648351648351649,0.1,0.1810532983916917,53,11,103,402,0.11648351648351649,0.09649122807017543,True,max_tpr_with_empirical_fpr_le_target,0.041758241758241756,0.041758241758241756,0.01,0.44437440148760055,19,1,113,436,0.041758241758241756,0.008771929824561403,True,max_tpr_with_empirical_fpr_le_target,0.01978021978021978,0.01978021978021978,0.001,0.8977906673477707,9,0,114,446,0.01978021978021978,0.0,False,max_tpr_with_empirical_fpr_le_target,32,True,False,0.2565063198848347,0.26078257396278104,0.9035087719298246,BCP,SVM,dp,8.0,19
0.5172739541160594,0.078368999421631,455,114,0.11428571428571428,0.11428571428571428,0.1,0.14821270371961737,52,11,103,403,0.11428571428571428,0.09649122807017543,True,max_tpr_with_empirical_fpr_le_target,0.035164835164835165,0.035164835164835165,0.01,0.38873177126096214,16,0,114,439,0.035164835164835165,0.0,True,max_tpr_with_empirical_fpr_le_target,0.035164835164835165,0.035164835164835165,0.001,0.38873177126096214,16,0,114,439,0.035164835164835165,0.0,False,max_tpr_with_empirical_fpr_le_target,32,True,False,0.28498252308758126,0.29258911159041573,0.9035087719298246,BCP,SVM,dp,8.0,20
0.4396568343936764,0.013206092153460577,455,114,0.07692307692307693,0.07692307692307693,0.1,0.2455188505229038,35,11,103,420,0.07692307692307693,0.09649122807017543,True,max_tpr_with_empirical_fpr_le_target,0.02197802197802198,0.02197802197802198,0.01,0.7934133973699662,10,1,113,445,0.02197802197802198,0.008771929824561403,True,max_tpr_with_empirical_fpr_le_target,0.008791208791208791,0.008791208791208791,0.001,1.3772397121234705,4,0,114,451,0.008791208791208791,0.0,False,max_tpr_with_empirical_fpr_le_target,32,True,False,0.25849438613968007,0.26392994112943274,0.9035087719298246,BCP,SVM,dp,8.0,21
0.5272219009061114,0.07993059572006944,455,114,0.12967032967032968,0.12967032967032968,0.1,0.14766681555635752,59,11,103,396,0.12967032967032968,0.09649122807017543,True,max_tpr_with_empirical_fpr_le_target,0.01098901098901099,0.01098901098901099,0.01,1.0379659735977425,5,1,113,450,0.01098901098901099,0.008771929824561403,True,max_tpr_with_empirical_fpr_le_target,0.002197802197802198,0.002197802197802198,0.001,2.4505514705551996,1,0,114,454,0.002197802197802198,0.0,False,max_tpr_with_empirical_fpr_le_target,32,True,False,0.24658637344438308,0.25442869888006603,0.9035087719298246,BCP,SVM,dp,8.0,22
0.48787352997879313,0.0823019086176981,455,114,0.07032967032967033,0.07032967032967033,0.1,0.25283088936674036,32,11,103,423,0.07032967032967033,0.09649122807017543,True,max_tpr_with_empirical_fpr_le_target,0.004395604395604396,0.004395604395604396,0.01,1.6782597019634977,2,1,113,453,0.004395604395604396,0.008771929824561403,True,max_tpr_with_empirical_fpr_le_target,0.002197802197802198,0.002197802197802198,0.001,3.3244383446532213,1,0,114,454,0.002197802197802198,0.0,False,max_tpr_with_empirical_fpr_le_target,32,True,False,0.24348246879313243,0.2565599322127278,0.9035087719298246,BCP,SVM,dp,8.0,23
0.4615577405051089,0.023770965876229067,455,114,0.08571428571428572,0.08571428571428572,0.1,0.1942969046913634,39,11,103,416,0.08571428571428572,0.09649122807017543,True,max_tpr_with_empirical_fpr_le_target,0.017582417582417582,0.017582417582417582,0.01,1.0605111765485007,8,0,114,447,0.017582417582417582,0.0,True,max_tpr_with_empirical_fpr_le_target,0.017582417582417582,0.017582417582417582,0.001,1.0605111765485007,8,0,114,447,0.017582417582417582,0.0,False,max_tpr_with_empirical_fpr_le_target,32,True,False,0.27086911348541165,0.27641667212415033,0.9035087719298246,BCP,SVM,dp,8.0,24
0.4974358974358974,0.04931559668401775,455,114,0.1076923076923077,0.1076923076923077,0.1,0.1810862950606209,49,11,103,406,0.1076923076923077,0.09649122807017543,True,max_tpr_with_empirical_fpr_le_target,0.01978021978021978,0.01978021978021978,0.01,0.8826512930824222,9,1,113,446,0.01978021978021978,0.008771929824561403,True,max_tpr_with_empirical_fpr_le_target,0.002197802197802198,0.002197802197802198,0.001,3.331241157557705,1,0,114,454,0.002197802197802198,0.0,False,max_tpr_with_empirical_fpr_le_target,32,True,False,0.26237658450004836,0.2707578078396768,0.9035087719298246,BCP,SVM,dp,8.0,25
0.5043570464623096,0.06001542317331787,455,114,0.11648351648351649,0.11648351648351649,0.1,0.12522225227711858,53,11,103,402,0.11648351648351649,0.09649122807017543,True,max_tpr_with_empirical_fpr_le_target,0.017582417582417582,0.017582417582417582,0.01,0.5452057876760477,8,1,113,447,0.017582417582417582,0.008771929824561403,True,max_tpr_with_empirical_fpr_le_target,0.002197802197802198,0.002197802197802198,0.001,2.3412724469129538,1,0,114,454,0.002197802197802198,0.0,False,max_tpr_with_empirical_fpr_le_target,32,True,False,0.28664849239835855,0.29458271758914145,0.9035087719298246,BCP,SVM,dp,8.0,26
0.4956622325043377,0.04700212068633125,455,114,0.07252747252747253,0.07252747252747253,0.1,0.3211194847799512,33,11,103,422,0.07252747252747253,0.09649122807017543,True,max_tpr_with_empirical_fpr_le_target,0.01098901098901099,0.01098901098901099,0.01,1.8983172479915118,5,1,113,450,0.01098901098901099,0.008771929824561403,True,max_tpr_with_empirical_fpr_le_target,0.006593406593406593,0.006593406593406593,0.001,3.562291150480135,3,0,114,452,0.006593406593406593,0.0,False,max_tpr_with_empirical_fpr_le_target,32,True,False,0.25684363172332897,0.25406327507912724,0.9035087719298246,BCP,SVM,dp,8.0,27
0.48313090418353577,0.054675149411991586,455,114,0.09010989010989011,0.09010989010989011,0.1,0.2628615982735585,41,11,103,414,0.09010989010989011,0.09649122807017543,True,max_tpr_with_empirical_fpr_le_target,0.03076923076923077,0.03076923076923077,0.01,0.5540228528863478,14,1,113,441,0.03076923076923077,0.008771929824561403,True,max_tpr_with_empirical_fpr_le_target,0.002197802197802198,0.002197802197802198,0.001,2.765939014704553,1,0,114,454,0.002197802197802198,0.0,False,max_tpr_with_empirical_fpr_le_target,32,True,False,0.27398528637977265,0.2819422499306505,0.9035087719298246,BCP,SVM,dp,8.0,28
0.5158858685174474,0.0688644688644689,455,114,0.1076923076923077,0.1076923076923077,0.1,0.19450507785230342,49,11,103,406,0.1076923076923077,0.09649122807017543,True,max_tpr_with_empirical_fpr_le_target,0.01098901098901099,0.01098901098901099,0.01,1.1646365079429948,5,1,113,450,0.01098901098901099,0.008771929824561403,True,max_tpr_with_empirical_fpr_le_target,0.002197802197802198,0.002197802197802198,0.001,4.066891797221413,1,0,114,454,0.002197802197802198,0.0,False,max_tpr_with_empirical_fpr_le_target,32,True,False,0.2572782441496957,0.2715183691424972,0.9035087719298246,BCP,SVM,dp,8.0,29
0.5333333333333333,0.07985347985347985,455,114,0.11208791208791209,0.11208791208791209,0.1,0.18527587928680833,51,11,103,404,0.11208791208791209,0.09649122807017543,True,max_tpr_with_empirical_fpr_le_target,0.006593406593406593,0.006593406593406593,0.01,2.0047397976889125,3,1,113,452,0.006593406593406593,0.008771929824561403,True,max_tpr_with_empirical_fpr_le_target,0.004395604395604396,0.004395604395604396,0.001,2.797093958528204,2,0,114,453,0.004395604395604396,0.0,False,max_tpr_with_empirical_fpr_le_target,32,True,False,0.21508375526725315,0.2223734630336875,0.9035087719298246,BCP,SVM,dp,10.0,0
0.5201465201465202,0.08457682668208982,455,114,0.1010989010989011,0.1010989010989011,0.1,0.24286794961289904,46,11,103,409,0.1010989010989011,0.09649122807017543,True,max_tpr_with_empirical_fpr_le_target,0.017582417582417582,0.017582417582417582,0.01,0.9417554357409156,8,0,114,447,0.017582417582417582,0.0,True,max_tpr_with_empirical_fpr_le_target,0.017582417582417582,0.017582417582417582,0.001,0.9417554357409156,8,0,114,447,0.017582417582417582,0.0,False,max_tpr_with_empirical_fpr_le_target,32,True,False,0.20667229642186594,0.21273961980449335,0.9035087719298246,BCP,SVM,dp,10.0,1
0.5461152882205513,0.10609215346057449,455,114,0.15824175824175823,0.15824175824175823,0.1,0.13117416861122577,72,11,103,383,0.15824175824175823,0.09649122807017543,True,max_tpr_with_empirical_fpr_le_target,0.01098901098901099,0.01098901098901099,0.01,1.3482607580006145,5,0,114,450,0.01098901098901099,0.0,True,max_tpr_with_empirical_fpr_le_target,0.01098901098901099,0.01098901098901099,0.001,1.3482607580006145,5,0,114,450,0.01098901098901099,0.0,False,max_tpr_with_empirical_fpr_le_target,32,True,False,0.23042627868700413,0.2330070088154041,0.9035087719298246,BCP,SVM,dp,10.0,2
0.4981684981684982,0.0556776556776557,455,114,0.07472527472527472,0.07472527472527472,0.1,0.18186418492552747,34,11,103,421,0.07472527472527472,0.09649122807017543,True,max_tpr_with_empirical_fpr_le_target,0.015384615384615385,0.015384615384615385,0.01,1.0239466168240765,7,0,114,448,0.015384615384615385,0.0,True,max_tpr_with_empirical_fpr_le_target,0.015384615384615385,0.015384615384615385,0.001,1.0239466168240765,7,0,114,448,0.015384615384615385,0.0,False,max_tpr_with_empirical_fpr_le_target,32,True,False,0.22768006232875543,0.23817824028972026,0.9035087719298246,BCP,SVM,dp,10.0,3
0.5552727973780605,0.11523038365143623,455,114,0.13626373626373625,0.13626373626373625,0.1,0.1358551391134195,62,11,103,393,0.13626373626373625,0.09649122807017543,True,max_tpr_with_empirical_fpr_le_target,0.02197802197802198,0.02197802197802198,0.01,0.5594891623920799,10,1,113,445,0.02197802197802198,0.008771929824561403,True,max_tpr_with_empirical_fpr_le_target,0.015384615384615385,0.015384615384615385,0.001,0.9574322125174486,7,0,114,448,0.015384615384615385,0.0,False,max_tpr_with_empirical_fpr_le_target,32,True,False,0.24232941406935593,0.25106058111869795,0.9035087719298246,BCP,SVM,dp,10.0,4
0.5080007711586659,0.03603238866396763,455,114,0.1076923076923077,0.1076923076923077,0.1,0.24082730654543694,49,11,103,406,0.1076923076923077,0.09649122807017543,True,max_tpr_with_empirical_fpr_le_target,0.024175824175824177,0.024175824175824177,0.01,0.8717622640156951,11,1,113,444,0.024175824175824177,0.008771929824561403,True,max_tpr_with_empirical_fpr_le_target,0.01978021978021978,0.01978021978021978,0.001,1.0478104916639246,9,0,114,446,0.01978021978021978,0.0,False,max_tpr_with_empirical_fpr_le_target,32,True,False,0.21972246945298002,0.23023637141414757,0.9035087719298246,BCP,SVM,dp,10.0,5
0.5340852130325815,0.08542510121457492,455,114,0.14725274725274726,0.14725274725274726,0.1,0.17306982690107076,67,11,103,388,0.14725274725274726,0.09649122807017543,True,max_tpr_with_empirical_fpr_le_target,0.02857142857142857,0.02857142857142857,0.01,0.8482924403338739,13,0,114,442,0.02857142857142857,0.0,True,max_tpr_with_empirical_fpr_le_target,0.02857142857142857,0.02857142857142857,0.001,0.8482924403338739,13,0,114,442,0.02857142857142857,0.0,False,max_tpr_with_empirical_fpr_le_target,32,True,False,0.20731856794467823,0.21902862344869356,0.9035087719298246,BCP,SVM,dp,10.0,6
0.4982648930017351,0.04985540775014452,455,114,0.0967032967032967,0.0967032967032967,0.1,0.18063896866998708,44,10,104,411,0.0967032967032967,0.08771929824561403,True,max_tpr_with_empirical_fpr_le_target,0.017582417582417582,0.017582417582417582,0.01,0.7859641589545157,8,1,113,447,0.017582417582417582,0.008771929824561403,True,max_tpr_with_empirical_fpr_le_target,0.0,0.0,0.001,inf,0,0,114,455,0.0,0.0,False,max_tpr_with_empirical_fpr_le_target,32,True,False,0.23930706259770979,0.24979364053738926,0.9035087719298246,BCP,SVM,dp,10.0,7
0.48527086948139586,0.04347406978985924,455,114,0.07252747252747253,0.07252747252747253,0.1,0.23636797939607979,33,11,103,422,0.07252747252747253,0.09649122807017543,True,max_tpr_with_empirical_fpr_le_target,0.006593406593406593,0.006593406593406593,0.01,1.3208897429979674,3,1,113,452,0.006593406593406593,0.008771929824561403,True,max_tpr_with_empirical_fpr_le_target,0.004395604395604396,0.004395604395604396,0.001,2.3148422146587984,2,0,114,453,0.004395604395604396,0.0,False,max_tpr_with_empirical_fpr_le_target,32,True,False,0.21976531395934135,0.22274007371886484,0.9035087719298246,BCP,SVM,dp,10.0,8
0.49248120300751874,0.03892423366107578,455,114,0.06813186813186813,0.06813186813186813,0.1,0.2441470389396635,31,10,104,424,0.06813186813186813,0.08771929824561403,True,max_tpr_with_empirical_fpr_le_target,0.008791208791208791,0.008791208791208791,0.01,1.2017103757988157,4,1,113,451,0.008791208791208791,0.008771929824561403,True,max_tpr_with_empirical_fpr_le_target,0.004395604395604396,0.004395604395604396,0.001,3.4250034502442506,2,0,114,453,0.004395604395604396,0.0,False,max_tpr_with_empirical_fpr_le_target,32,True,False,0.211069326405999,0.21735608464191977,0.9035087719298246,BCP,SVM,dp,10.0,9
0.5202429149797572,0.0774436090225564,455,114,0.08571428571428572,0.08571428571428572,0.1,0.1920706653214339,39,11,103,416,0.08571428571428572,0.09649122807017543,True,max_tpr_with_empirical_fpr_le_target,0.03296703296703297,0.03296703296703297,0.01,0.49478920695543116,15,1,113,440,0.03296703296703297,0.008771929824561403,True,max_tpr_with_empirical_fpr_le_target,0.008791208791208791,0.008791208791208791,0.001,1.2627402010023594,4,0,114,451,0.008791208791208791,0.0,False,max_tpr_with_empirical_fpr_le_target,32,True,False,0.21282100064495196,0.21879796494923645,0.9035087719298246,BCP,SVM,dp,10.0,10
0.5001349527665316,0.060478118372855105,455,114,0.10989010989010989,0.10989010989010989,0.1,0.16925246905646085,50,11,103,405,0.10989010989010989,0.09649122807017543,True,max_tpr_with_empirical_fpr_le_target,0.015384615384615385,0.015384615384615385,0.01,0.9765845703994314,7,0,114,448,0.015384615384615385,0.0,True,max_tpr_with_empirical_fpr_le_target,0.015384615384615385,0.015384615384615385,0.001,0.9765845703994314,7,0,114,448,0.015384615384615385,0.0,False,max_tpr_with_empirical_fpr_le_target,32,True,False,0.2146420656697538,0.21737012476083267,0.9035087719298246,BCP,SVM,dp,10.0,11
0.49429342587237324,0.03664931559668405,455,114,0.11648351648351649,0.11648351648351649,0.1,0.1648360507630504,53,11,103,402,0.11648351648351649,0.09649122807017543,True,max_tpr_with_empirical_fpr_le_target,0.035164835164835165,0.035164835164835165,0.01,0.5820821047023153,16,1,113,439,0.035164835164835165,0.008771929824561403,True,max_tpr_with_empirical_fpr_le_target,0.02197802197802198,0.02197802197802198,0.001,0.7567163279210214,10,0,114,445,0.02197802197802198,0.0,False,max_tpr_with_empirical_fpr_le_target,32,True,False,0.2107037482300269,0.21165672851628006,0.9035087719298246,BCP,SVM,dp,10.0,12
0.4497590129169076,0.021727395411605954,455,114,0.054945054945054944,0.054945054945054944,0.1,0.3099013899847931,25,11,103,430,0.054945054945054944,0.09649122807017543,True,max_tpr_with_empirical_fpr_le_target,0.01098901098901099,0.01098901098901099,0.01,1.4929070213645417,5,1,113,450,0.01098901098901099,0.008771929824561403,True,max_tpr_with_empirical_fpr_le_target,0.008791208791208791,0.008791208791208791,0.001,2.105165655106828,4,0,114,451,0.008791208791208791,0.0,False,max_tpr_with_empirical_fpr_le_target,32,True,False,0.21811949344536033,0.22939081605755016,0.9035087719298246,BCP,SVM,dp,10.0,13
0.4809138230190862,0.041835357624831315,455,114,0.12307692307692308,0.12307692307692308,0.1,0.15394052310960826,56,11,103,399,0.12307692307692308,0.09649122807017543,True,max_tpr_with_empirical_fpr_le_target,0.024175824175824177,0.024175824175824177,0.01,0.4644649473397081,11,1,113,444,0.024175824175824177,0.008771929824561403,True,max_tpr_with_empirical_fpr_le_target,0.015384615384615385,0.015384615384615385,0.001,0.8366095686401689,7,0,114,448,0.015384615384615385,0.0,False,max_tpr_with_empirical_fpr_le_target,32,True,False,0.23080703029366467,0.23158455999575944,0.9035087719298246,BCP,SVM,dp,10.0,14
0.47549643339117026,0.037034894929631745,455,114,0.07252747252747253,0.07252747252747253,0.1,0.2485173756589163,33,10,104,422,0.07252747252747253,0.08771929824561403,True,max_tpr_with_empirical_fpr_le_target,0.017582417582417582,0.017582417582417582,0.01,0.7630451248533938,8,1,113,447,0.017582417582417582,0.008771929824561403,True,max_tpr_with_empirical_fpr_le_target,0.004395604395604396,0.004395604395604396,0.001,1.7051579211430155,2,0,114,453,0.004395604395604396,0.0,False,max_tpr_with_empirical_fpr_le_target,32,True,False,0.23979097919936274,0.24432061816414447,0.9035087719298246,BCP,SVM,dp,10.0,15
0.5288027761711973,0.0887989203778678,455,114,0.08791208791208792,0.08791208791208792,0.1,0.2327484519780313,40,11,103,415,0.08791208791208792,0.09649122807017543,True,max_tpr_with_empirical_fpr_le_target,0.002197802197802198,0.002197802197802198,0.01,3.3936864111776313,1,0,114,454,0.002197802197802198,0.0,True,max_tpr_with_empirical_fpr_le_target,0.002197802197802198,0.002197802197802198,0.001,3.3936864111776313,1,0,114,454,0.002197802197802198,0.0,False,max_tpr_with_empirical_fpr_le_target,32,True,False,0.24447642593495678,0.24524519683047563,0.9035087719298246,BCP,SVM,dp,10.0,16
0.5378060535955274,0.10429920956236749,455,114,0.13846153846153847,0.13846153846153847,0.1,0.11317952897715333,63,11,103,392,0.13846153846153847,0.09649122807017543,True,max_tpr_with_empirical_fpr_le_target,0.002197802197802198,0.002197802197802198,0.01,2.5915209012027196,1,0,114,454,0.002197802197802198,0.0,True,max_tpr_with_empirical_fpr_le_target,0.002197802197802198,0.002197802197802198,0.001,2.5915209012027196,1,0,114,454,0.002197802197802198,0.0,False,max_tpr_with_empirical_fpr_le_target,32,True,False,0.21935671148394578,0.2279790603756473,0.9035087719298246,BCP,SVM,dp,10.0,17
0.5067861962598805,0.06930788509735875,455,114,0.11648351648351649,0.11648351648351649,0.1,0.1339847752445027,53,11,103,402,0.11648351648351649,0.09649122807017543,True,max_tpr_with_empirical_fpr_le_target,0.002197802197802198,0.002197802197802198,0.01,3.038567653981512,1,1,113,454,0.002197802197802198,0.008771929824561403,True,max_tpr_with_empirical_fpr_le_target,0.0,0.0,0.001,inf,0,0,114,455,0.0,0.0,False,max_tpr_with_empirical_fpr_le_target,32,True,False,0.23259179484869547,0.23712040090703257,0.9035087719298246,BCP,SVM,dp,10.0,18
0.5113167534220165,0.05565837671100826,455,114,0.1076923076923077,0.1076923076923077,0.1,0.18934963727284937,49,9,105,406,0.1076923076923077,0.07894736842105263,True,max_tpr_with_empirical_fpr_le_target,0.03956043956043956,0.03956043956043956,0.01,0.44249099341668097,18,1,113,437,0.03956043956043956,0.008771929824561403,True,max_tpr_with_empirical_fpr_le_target,0.017582417582417582,0.017582417582417582,0.001,0.869459383813783,8,0,114,447,0.017582417582417582,0.0,False,max_tpr_with_empirical_fpr_le_target,32,True,False,0.21783620145868174,0.22163951409970956,0.9035087719298246,BCP,SVM,dp,10.0,19
0.5052631578947369,0.06512434933487565,455,114,0.14725274725274726,0.14725274725274726,0.1,0.11539953615554466,67,11,103,388,0.14725274725274726,0.09649122807017543,True,max_tpr_with_empirical_fpr_le_target,0.035164835164835165,0.035164835164835165,0.01,0.38778870302074187,16,1,113,439,0.035164835164835165,0.008771929824561403,True,max_tpr_with_empirical_fpr_le_target,0.026373626373626374,0.026373626373626374,0.001,0.47149658628684565,12,0,114,443,0.026373626373626374,0.0,False,max_tpr_with_empirical_fpr_le_target,32,True,False,0.2380369854475823,0.24323470401092953,0.9035087719298246,BCP,SVM,dp,10.0,20
0.44164256795835743,0.013186813186813187,455,114,0.06373626373626373,0.06373626373626373,0.1,0.26387171641964113,29,9,105,426,0.06373626373626373,0.07894736842105263,True,max_tpr_with_empirical_fpr_le_target,0.01978021978021978,0.01978021978021978,0.01,0.9289362225402262,9,1,113,446,0.01978021978021978,0.008771929824561403,True,max_tpr_with_empirical_fpr_le_target,0.013186813186813187,0.013186813186813187,0.001,1.196812096210034,6,0,114,449,0.013186813186813187,0.0,False,max_tpr_with_empirical_fpr_le_target,32,True,False,0.21964793703624438,0.22469446291111622,0.9035087719298246,BCP,SVM,dp,10.0,21
0.5269134374397533,0.08876036244457297,455,114,0.12967032967032968,0.12967032967032968,0.1,0.14483345805431813,59,11,103,396,0.12967032967032968,0.09649122807017543,True,max_tpr_with_empirical_fpr_le_target,0.013186813186813187,0.013186813186813187,0.01,0.9937867854652866,6,1,113,449,0.013186813186813187,0.008771929824561403,True,max_tpr_with_empirical_fpr_le_target,0.004395604395604396,0.004395604395604396,0.001,1.8640194756730326,2,0,114,453,0.004395604395604396,0.0,False,max_tpr_with_empirical_fpr_le_target,32,True,False,0.2088937186786992,0.21478475914703893,0.9035087719298246,BCP,SVM,dp,10.0,22
0.48224407171775585,0.05596684017736653,455,114,0.06153846153846154,0.06153846153846154,0.1,0.30442873084498445,28,10,104,427,0.06153846153846154,0.08771929824561403,True,max_tpr_with_empirical_fpr_le_target,0.008791208791208791,0.008791208791208791,0.01,1.6290289636023596,4,0,114,451,0.008791208791208791,0.0,True,max_tpr_with_empirical_fpr_le_target,0.008791208791208791,0.008791208791208791,0.001,1.6290289636023596,4,0,114,451,0.008791208791208791,0.0,False,max_tpr_with_empirical_fpr_le_target,32,True,False,0.20678361855827235,0.2182977304928358,0.9035087719298246,BCP,SVM,dp,10.0,23
0.47171775592828225,0.021534605745131996,455,114,0.08571428571428572,0.08571428571428572,0.1,0.207925113638445,39,11,103,416,0.08571428571428572,0.09649122807017543,True,max_tpr_with_empirical_fpr_le_target,0.02197802197802198,0.02197802197802198,0.01,0.7412944492276139,10,1,113,445,0.02197802197802198,0.008771929824561403,True,max_tpr_with_empirical_fpr_le_target,0.017582417582417582,0.017582417582417582,0.001,0.9347322668313198,8,0,114,447,0.017582417582417582,0.0,False,max_tpr_with_empirical_fpr_le_target,32,True,False,0.22695176576611845,0.23206472277412982,0.9035087719298246,BCP,SVM,dp,10.0,24
0.5086176980913824,0.07786774628879889,455,114,0.08791208791208792,0.08791208791208792,0.1,0.21143908473293282,40,10,104,415,0.08791208791208792,0.08771929824561403,True,max_tpr_with_empirical_fpr_le_target,0.013186813186813187,0.013186813186813187,0.01,1.1038937872748569,6,1,113,449,0.013186813186813187,0.008771929824561403,True,max_tpr_with_empirical_fpr_le_target,0.002197802197802198,0.002197802197802198,0.001,3.297937576290087,1,0,114,454,0.002197802197802198,0.0,False,max_tpr_with_empirical_fpr_le_target,32,True,False,0.21984339243963846,0.22777834321762988,0.9035087719298246,BCP,SVM,dp,10.0,25
0.4964526701368807,0.04648158858685175,455,114,0.13626373626373625,0.13626373626373625,0.1,0.1172151873750158,62,11,103,393,0.13626373626373625,0.09649122807017543,True,max_tpr_with_empirical_fpr_le_target,0.01978021978021978,0.01978021978021978,0.01,0.5143203052056126,9,1,113,446,0.01978021978021978,0.008771929824561403,True,max_tpr_with_empirical_fpr_le_target,0.002197802197802198,0.002197802197802198,0.001,2.1643191470441288,1,0,114,454,0.002197802197802198,0.0,False,max_tpr_with_empirical_fpr_le_target,32,True,False,0.24353834636975613,0.2504335610315885,0.9035087719298246,BCP,SVM,dp,10.0,26
0.500848274532485,0.06259880470406781,455,114,0.07032967032967033,0.07032967032967033,0.1,0.3349056218215323,32,10,104,423,0.07032967032967033,0.08771929824561403,True,max_tpr_with_empirical_fpr_le_target,0.01098901098901099,0.01098901098901099,0.01,1.8062418396358861,5,1,113,450,0.01098901098901099,0.008771929824561403,True,max_tpr_with_empirical_fpr_le_target,0.006593406593406593,0.006593406593406593,0.001,3.364148925706542,3,0,114,452,0.006593406593406593,0.0,False,max_tpr_with_empirical_fpr_le_target,32,True,False,0.2176135945576509,0.216522334429424,0.9035087719298246,BCP,SVM,dp,10.0,27
0.4788316946211683,0.054675149411991586,455,114,0.08131868131868132,0.08131868131868132,0.1,0.2867440264088015,37,11,103,418,0.08131868131868132,0.09649122807017543,True,max_tpr_with_empirical_fpr_le_target,0.03956043956043956,0.03956043956043956,0.01,0.507862768924362,18,1,113,437,0.03956043956043956,0.008771929824561403,True,max_tpr_with_empirical_fpr_le_target,0.002197802197802198,0.002197802197802198,0.001,3.2194129320756155,1,0,114,454,0.002197802197802198,0.0,False,max_tpr_with_empirical_fpr_le_target,32,True,False,0.23017764707980576,0.23771593360408877,0.9035087719298246,BCP,SVM,dp,10.0,28
0.5107962213225371,0.06205899363794101,455,114,0.12307692307692308,0.12307692307692308,0.1,0.1639003061869403,56,11,103,399,0.12307692307692308,0.09649122807017543,True,max_tpr_with_empirical_fpr_le_target,0.01098901098901099,0.01098901098901099,0.01,1.158550306236988,5,1,113,450,0.01098901098901099,0.008771929824561403,True,max_tpr_with_empirical_fpr_le_target,0.004395604395604396,0.004395604395604396,0.001,3.5173437761256228,2,0,114,453,0.004395604395604396,0.0,False,max_tpr_with_empirical_fpr_le_target,32,True,False,0.21393426406684124,0.2259698683921058,0.9035087719298246,BCP,SVM,dp,10.0,29
0.5369385000963948,0.10798149219201852,455,114,0.17802197802197803,0.17802197802197803,0.1,0.3983133556390924,81,11,103,374,0.17802197802197803,0.09649122807017543,True,max_tpr_with_empirical_fpr_le_target,0.03736263736263736,0.03736263736263736,0.01,1.2279151918709488,17,1,113,438,0.03736263736263736,0.008771929824561403,True,max_tpr_with_empirical_fpr_le_target,0.03076923076923077,0.03076923076923077,0.001,1.340804294085534,14,0,114,441,0.03076923076923077,0.0,False,max_tpr_with_empirical_fpr_le_target,32,True,False,0.8856504750183873,0.9199226242734018,0.9736842105263158,BCP,DNN,standard,,0
0.5354732986311933,0.08636977058029693,455,114,0.14725274725274726,0.14725274725274726,0.1,0.39684978356792255,67,11,103,388,0.14725274725274726,0.09649122807017543,True,max_tpr_with_empirical_fpr_le_target,0.02197802197802198,0.02197802197802198,0.01,1.4679632420378792,10,1,113,445,0.02197802197802198,0.008771929824561403,True,max_tpr_with_empirical_fpr_le_target,0.013186813186813187,0.013186813186813187,0.001,2.1372740862003705,6,0,114,449,0.013186813186813187,0.0,False,max_tpr_with_empirical_fpr_le_target,32,True,False,1.0228172409453973,1.0510368394738758,0.9736842105263158,BCP,DNN,standard,,1
0.5135531135531135,0.07815693078850972,455,114,0.12967032967032968,0.12967032967032968,0.1,0.3879776907923913,59,10,104,396,0.12967032967032968,0.08771929824561403,True,max_tpr_with_empirical_fpr_le_target,0.07252747252747253,0.07252747252747253,0.01,0.6609406940213389,33,1,113,422,0.07252747252747253,0.008771929824561403,True,max_tpr_with_empirical_fpr_le_target,0.03736263736263736,0.03736263736263736,0.001,1.1746533395249839,17,0,114,438,0.03736263736263736,0.0,False,max_tpr_with_empirical_fpr_le_target,32,True,False,1.0414349121329385,1.0492334820207374,0.9736842105263158,BCP,DNN,standard,,2
0.5018507807981492,0.0541931752458068,455,114,0.08791208791208792,0.08791208791208792,0.1,0.5171088575441749,40,9,105,415,0.08791208791208792,0.07894736842105263,True,max_tpr_with_empirical_fpr_le_target,0.026373626373626374,0.026373626373626374,0.01,1.1626525702802253,12,1,113,443,0.026373626373626374,0.008771929824561403,True,max_tpr_with_empirical_fpr_le_target,0.024175824175824177,0.024175824175824177,0.001,1.4317141594853522,11,0,114,444,0.024175824175824177,0.0,False,max_tpr_with_empirical_fpr_le_target,32,True,False,0.9390551187856893,0.974484243565926,0.9736842105263158,BCP,DNN,standard,,3
0.5152303836514363,0.05743204164256796,455,114,0.12087912087912088,0.12087912087912088,0.1,0.5828770618323498,55,11,103,400,0.12087912087912088,0.09649122807017543,True,max_tpr_with_empirical_fpr_le_target,0.03076923076923077,0.03076923076923077,0.01,1.1553670438072619,14,1,113,441,0.03076923076923077,0.008771929824561403,True,max_tpr_with_empirical_fpr_le_target,0.02857142857142857,0.02857142857142857,0.001,1.2144360577559117,13,0,114,442,0.02857142857142857,0.0,False,max_tpr_with_empirical_fpr_le_target,32,True,False,0.9284475634068201,0.9568220020185525,0.9736842105263158,BCP,DNN,standard,,4
0.45700790437632544,0.042182379024484296,455,114,0.1054945054945055,0.1054945054945055,0.1,1.3663020727150013,48,11,103,407,0.1054945054945055,0.09649122807017543,True,max_tpr_with_empirical_fpr_le_target,0.02197802197802198,0.02197802197802198,0.01,4.662091105622377,10,1,113,445,0.02197802197802198,0.008771929824561403,True,max_tpr_with_empirical_fpr_le_target,0.01978021978021978,0.01978021978021978,0.001,5.664179078236117,9,0,114,446,0.01978021978021978,0.0,False,max_tpr_with_empirical_fpr_le_target,32,True,False,0.8511259056159173,0.8774517457987788,0.631578947368421,BCP,DNN,dp,0.1,0
0.5025062656641603,0.090649701176017,455,114,0.11648351648351649,0.11648351648351649,0.1,1.414419436639193,53,11,103,402,0.11648351648351649,0.09649122807017543,True,max_tpr_with_empirical_fpr_le_target,0.024175824175824177,0.024175824175824177,0.01,4.6578350558425115,11,1,113,444,0.024175824175824177,0.008771929824561403,True,max_tpr_with_empirical_fpr_le_target,0.004395604395604396,0.004395604395604396,0.001,10.069511349404241,2,0,114,453,0.004395604395604396,0.0,False,max_tpr_with_empirical_fpr_le_target,32,True,False,0.8517701634745449,0.8755389692495579,0.631578947368421,BCP,DNN,dp,0.1,1
0.5090225563909774,0.057971852708694815,455,114,0.1054945054945055,0.1054945054945055,0.1,2.884081565860221,48,11,103,407,0.1054945054945055,0.09649122807017543,True,max_tpr_with_empirical_fpr_le_target,0.008791208791208791,0.008791208791208791,0.01,8.567327865815024,4,1,113,451,0.008791208791208791,0.008771929824561403,True,max_tpr_with_empirical_fpr_le_target,0.006593406593406593,0.006593406593406593,0.001,12.673719539858546,3,0,114,452,0.006593406593406593,0.0,False,max_tpr_with_empirical_fpr_le_target,32,True,False,0.9501621648101539,0.9515031388769543,0.631578947368421,BCP,DNN,dp,0.1,2
0.536398689030268,0.07570850202429152,455,114,0.12527472527472527,0.12527472527472527,0.1,0.9229777170205118,57,11,103,398,0.12527472527472527,0.09649122807017543,True,max_tpr_with_empirical_fpr_le_target,0.026373626373626374,0.026373626373626374,0.01,3.254452652343865,12,1,113,443,0.026373626373626374,0.008771929824561403,True,max_tpr_with_empirical_fpr_le_target,0.01978021978021978,0.01978021978021978,0.001,3.8304552529261997,9,0,114,446,0.01978021978021978,0.0,False,max_tpr_with_empirical_fpr_le_target,32,True,False,0.8547456329559536,0.8900876976432185,0.631578947368421,BCP,DNN,dp,0.1,3
0.4958164642375169,0.05847310584152687,455,114,0.10329670329670329,0.10329670329670329,0.1,0.9137666341652171,47,10,104,408,0.10329670329670329,0.08771929824561403,True,max_tpr_with_empirical_fpr_le_target,0.024175824175824177,0.024175824175824177,0.01,3.206929878328097,11,1,113,444,0.024175824175824177,0.008771929824561403,True,max_tpr_with_empirical_fpr_le_target,0.01098901098901099,0.01098901098901099,0.001,6.229824411862367,5,0,114,450,0.01098901098901099,0.0,False,max_tpr_with_empirical_fpr_le_target,32,True,False,0.8532549552100736,0.8854543379466862,0.631578947368421,BCP,DNN,dp,0.1,4
0.4580489685752843,0.044380181222286486,455,114,0.1054945054945055,0.1054945054945055,0.1,1.3609309106243028,48,11,103,407,0.1054945054945055,0.09649122807017543,True,max_tpr_with_empirical_fpr_le_target,0.02197802197802198,0.02197802197802198,0.01,4.586691531855628,10,1,113,445,0.02197802197802198,0.008771929824561403,True,max_tpr_with_empirical_fpr_le_target,0.01978021978021978,0.01978021978021978,0.001,5.669833716404938,9,0,114,446,0.01978021978021978,0.0,False,max_tpr_with_empirical_fpr_le_target,32,True,False,0.8511259056159173,0.8774517457987788,0.631578947368421,BCP,DNN,dp,0.2,0
0.502834008097166,0.09055330634278005,455,114,0.11868131868131868,0.11868131868131868,0.1,1.3897257621572408,54,11,103,401,0.11868131868131868,0.09649122807017543,True,max_tpr_with_empirical_fpr_le_target,0.024175824175824177,0.024175824175824177,0.01,4.659299398453101,11,1,113,444,0.024175824175824177,0.008771929824561403,True,max_tpr_with_empirical_fpr_le_target,0.004395604395604396,0.004395604395604396,0.001,9.877734600956886,2,0,114,453,0.004395604395604396,0.0,False,max_tpr_with_empirical_fpr_le_target,32,True,False,0.8517701634745449,0.8755389692495579,0.631578947368421,BCP,DNN,dp,0.2,1
0.5094852515905147,0.06036244457297091,455,114,0.10989010989010989,0.10989010989010989,0.1,2.8127487540152103,50,11,103,405,0.10989010989010989,0.09649122807017543,True,max_tpr_with_empirical_fpr_le_target,0.008791208791208791,0.008791208791208791,0.01,8.617296502763793,4,1,113,451,0.008791208791208791,0.008771929824561403,True,max_tpr_with_empirical_fpr_le_target,0.006593406593406593,0.006593406593406593,0.001,12.461913334248841,3,0,114,452,0.006593406593406593,0.0,False,max_tpr_with_empirical_fpr_le_target,32,True,False,0.9501621648101539,0.9515031388769543,0.631578947368421,BCP,DNN,dp,0.2,2
0.5361866203971467,0.08608058608058608,455,114,0.12527472527472527,0.12527472527472527,0.1,0.9432877688840264,57,11,103,398,0.12527472527472527,0.09649122807017543,True,max_tpr_with_empirical_fpr_le_target,0.026373626373626374,0.026373626373626374,0.01,3.2489026555094753,12,1,113,443,0.026373626373626374,0.008771929824561403,True,max_tpr_with_empirical_fpr_le_target,0.01978021978021978,0.01978021978021978,0.001,3.8107828573785696,9,0,114,446,0.01978021978021978,0.0,False,max_tpr_with_empirical_fpr_le_target,32,True,False,0.8547456329559536,0.8900876976432185,0.631578947368421,BCP,DNN,dp,0.2,3
0.4963562753036438,0.06090225563909779,455,114,0.10329670329670329,0.10329670329670329,0.1,0.9287990608281049,47,10,104,408,0.10329670329670329,0.08771929824561403,True,max_tpr_with_empirical_fpr_le_target,0.024175824175824177,0.024175824175824177,0.01,3.1791299237129635,11,1,113,444,0.024175824175824177,0.008771929824561403,True,max_tpr_with_empirical_fpr_le_target,0.01098901098901099,0.01098901098901099,0.001,6.183910249637378,5,0,114,450,0.01098901098901099,0.0,False,max_tpr_with_empirical_fpr_le_target,32,True,False,0.8532549552100736,0.8854543379466862,0.631578947368421,BCP,DNN,dp,0.2,4
0.45914786967418547,0.04875650665124351,455,114,0.10329670329670329,0.10329670329670329,0.1,1.4071071543701485,47,11,103,408,0.10329670329670329,0.09649122807017543,True,max_tpr_with_empirical_fpr_le_target,0.01978021978021978,0.01978021978021978,0.01,5.679878458136912,9,0,114,446,0.01978021978021978,0.0,True,max_tpr_with_empirical_fpr_le_target,0.01978021978021978,0.01978021978021978,0.001,5.679878458136912,9,0,114,446,0.01978021978021978,0.0,False,max_tpr_with_empirical_fpr_le_target,32,True,False,0.8511259056159173,0.8774517457987788,0.631578947368421,BCP,DNN,dp,0.4,0
0.5038365143628303,0.09502602660497397,455,114,0.12307692307692308,0.12307692307692308,0.1,1.36136283332797,56,11,103,399,0.12307692307692308,0.09649122807017543,True,max_tpr_with_empirical_fpr_le_target,0.024175824175824177,0.024175824175824177,0.01,4.630206507113304,11,1,113,444,0.024175824175824177,0.008771929824561403,True,max_tpr_with_empirical_fpr_le_target,0.004395604395604396,0.004395604395604396,0.001,9.524490550034296,2,0,114,453,0.004395604395604396,0.0,False,max_tpr_with_empirical_fpr_le_target,32,True,False,0.8517701634745449,0.8755389692495579,0.631578947368421,BCP,DNN,dp,0.4,1
0.5100057836899943,0.06921149026412188,455,114,0.11868131868131868,0.11868131868131868,0.1,2.56114048281308,54,11,103,401,0.11868131868131868,0.09649122807017543,True,max_tpr_with_empirical_fpr_le_target,0.008791208791208791,0.008791208791208791,0.01,8.720497276550418,4,1,113,451,0.008791208791208791,0.008771929824561403,True,max_tpr_with_empirical_fpr_le_target,0.006593406593406593,0.006593406593406593,0.001,12.072097377717615,3,0,114,452,0.006593406593406593,0.0,False,max_tpr_with_empirical_fpr_le_target,32,True,False,0.9501621648101539,0.9515031388769543,0.631578947368421,BCP,DNN,dp,0.4,2
0.5346828609986505,0.0882398303450935,455,114,0.12527472527472527,0.12527472527472527,0.1,0.9577902154340023,57,11,103,398,0.12527472527472527,0.09649122807017543,True,max_tpr_with_empirical_fpr_le_target,0.02857142857142857,0.02857142857142857,0.01,3.1498152364298235,13,1,113,442,0.02857142857142857,0.008771929824561403,True,max_tpr_with_empirical_fpr_le_target,0.01978021978021978,0.01978021978021978,0.001,3.772915751334409,9,0,114,446,0.01978021978021978,0.0,False,max_tpr_with_empirical_fpr_le_target,32,True,False,0.8547456329559536,0.8900876976432185,0.631578947368421,BCP,DNN,dp,0.4,3
0.4974937343358396,0.07410834779255826,455,114,0.1076923076923077,0.1076923076923077,0.1,0.9381042367563435,49,10,104,406,0.1076923076923077,0.08771929824561403,True,max_tpr_with_empirical_fpr_le_target,0.024175824175824177,0.024175824175824177,0.01,3.125914441941447,11,1,113,444,0.024175824175824177,0.008771929824561403,True,max_tpr_with_empirical_fpr_le_target,0.01098901098901099,0.01098901098901099,0.001,6.085932060277486,5,0,114,450,0.01098901098901099,0.0,False,max_tpr_with_empirical_fpr_le_target,32,True,False,0.8532549552100736,0.8854543379466862,0.631578947368421,BCP,DNN,dp,0.4,4
0.46202043570464624,0.04655870445344132,455,114,0.0989010989010989,0.0989010989010989,0.1,1.4181541433317904,45,10,104,410,0.0989010989010989,0.08771929824561403,True,max_tpr_with_empirical_fpr_le_target,0.01978021978021978,0.01978021978021978,0.01,5.58555087772627,9,0,114,446,0.01978021978021978,0.0,True,max_tpr_with_empirical_fpr_le_target,0.01978021978021978,0.01978021978021978,0.001,5.58555087772627,9,0,114,446,0.01978021978021978,0.0,False,max_tpr_with_empirical_fpr_le_target,32,True,False,0.8511259056159173,0.8774517457987788,0.631578947368421,BCP,DNN,dp,0.8,0
0.5070561017929439,0.09519953730480046,455,114,0.13846153846153847,0.13846153846153847,0.1,1.2512357742139566,63,10,104,392,0.13846153846153847,0.08771929824561403,True,max_tpr_with_empirical_fpr_le_target,0.02857142857142857,0.02857142857142857,0.01,3.976374297578303,13,1,113,442,0.02857142857142857,0.008771929824561403,True,max_tpr_with_empirical_fpr_le_target,0.0,0.0,0.001,inf,0,0,114,455,0.0,0.0,False,max_tpr_with_empirical_fpr_le_target,32,True,False,0.8517701634745449,0.8755389692495579,0.631578947368421,BCP,DNN,dp,0.8,1
0.510738384422595,0.07578561789088106,455,114,0.11208791208791209,0.11208791208791209,0.1,2.5794421029150882,51,11,103,404,0.11208791208791209,0.09649122807017543,True,max_tpr_with_empirical_fpr_le_target,0.008791208791208791,0.008791208791208791,0.01,8.939010896256633,4,1,113,451,0.008791208791208791,0.008771929824561403,True,max_tpr_with_empirical_fpr_le_target,0.0,0.0,0.001,inf,0,0,114,455,0.0,0.0,False,max_tpr_with_empirical_fpr_le_target,32,True,False,0.9501621648101539,0.9515031388769543,0.631578947368421,BCP,DNN,dp,0.8,2
0.5331212647002121,0.10591864276074803,455,114,0.12747252747252746,0.12747252747252746,0.1,0.9037441977840179,58,11,103,397,0.12747252747252746,0.09649122807017543,True,max_tpr_with_empirical_fpr_le_target,0.02857142857142857,0.02857142857142857,0.01,3.1411386736790803,13,1,113,442,0.02857142857142857,0.008771929824561403,True,max_tpr_with_empirical_fpr_le_target,0.01978021978021978,0.01978021978021978,0.001,3.6836866260643006,9,0,114,446,0.01978021978021978,0.0,False,max_tpr_with_empirical_fpr_le_target,32,True,False,0.8547456329559536,0.8900876976432185,0.631578947368421,BCP,DNN,dp,0.8,3
0.5028918449971082,0.06529786003470217,455,114,0.1054945054945055,0.1054945054945055,0.1,0.9200609347800004,48,11,103,407,0.1054945054945055,0.09649122807017543,True,max_tpr_with_empirical_fpr_le_target,0.024175824175824177,0.024175824175824177,0.01,2.9173677681776944,11,1,113,444,0.024175824175824177,0.008771929824561403,True,max_tpr_with_empirical_fpr_le_target,0.013186813186813187,0.013186813186813187,0.001,4.6962213106339235,6,0,114,449,0.013186813186813187,0.0,False,max_tpr_with_empirical_fpr_le_target,32,True,False,0.8532549552100736,0.8854543379466862,0.631578947368421,BCP,DNN,dp,0.8,4
0.46462309620204356,0.0355889724310777,455,114,0.11208791208791209,0.11208791208791209,0.1,1.2660395830699755,51,11,103,404,0.11208791208791209,0.09649122807017543,True,max_tpr_with_empirical_fpr_le_target,0.01978021978021978,0.01978021978021978,0.01,5.4159861032947525,9,0,114,446,0.01978021978021978,0.0,True,max_tpr_with_empirical_fpr_le_target,0.01978021978021978,0.01978021978021978,0.001,5.4159861032947525,9,0,114,446,0.01978021978021978,0.0,False,max_tpr_with_empirical_fpr_le_target,32,True,False,0.8511259056159173,0.8774517457987788,0.631578947368421,BCP,DNN,dp,1.0,0
0.5081935608251398,0.08638904954694426,455,114,0.13846153846153847,0.13846153846153847,0.1,1.197735712474966,63,11,103,392,0.13846153846153847,0.09649122807017543,True,max_tpr_with_empirical_fpr_le_target,0.02857142857142857,0.02857142857142857,0.01,3.9666217157808035,13,1,113,442,0.02857142857142857,0.008771929824561403,True,max_tpr_with_empirical_fpr_le_target,0.0,0.0,0.001,inf,0,0,114,455,0.0,0.0,False,max_tpr_with_empirical_fpr_le_target,32,True,False,0.8517701634745449,0.8755389692495579,0.631578947368421,BCP,DNN,dp,1.0,1
0.5109504530557163,0.07140929246192407,455,114,0.11648351648351649,0.11648351648351649,0.1,2.4321892054353285,53,11,103,402,0.11648351648351649,0.09649122807017543,True,max_tpr_with_empirical_fpr_le_target,0.008791208791208791,0.008791208791208791,0.01,9.054941602047933,4,1,113,451,0.008791208791208791,0.008771929824561403,True,max_tpr_with_empirical_fpr_le_target,0.0,0.0,0.001,inf,0,0,114,455,0.0,0.0,False,max_tpr_with_empirical_fpr_le_target,32,True,False,0.9501621648101539,0.9515031388769543,0.631578947368421,BCP,DNN,dp,1.0,2
0.5335454019664546,0.10809716599190286,455,114,0.13406593406593406,0.13406593406593406,0.1,0.8950130669608427,61,11,103,394,0.13406593406593406,0.09649122807017543,True,max_tpr_with_empirical_fpr_le_target,0.02857142857142857,0.02857142857142857,0.01,3.0728439973249877,13,1,113,442,0.02857142857142857,0.008771929824561403,True,max_tpr_with_empirical_fpr_le_target,0.01978021978021978,0.01978021978021978,0.001,3.6319222361912438,9,0,114,446,0.01978021978021978,0.0,False,max_tpr_with_empirical_fpr_le_target,32,True,False,0.8547456329559536,0.8900876976432185,0.631578947368421,BCP,DNN,dp,1.0,3
0.5049161364950838,0.0630614999036051,455,114,0.10329670329670329,0.10329670329670329,0.1,0.9927619677811312,47,9,105,408,0.10329670329670329,0.07894736842105263,True,max_tpr_with_empirical_fpr_le_target,0.02197802197802198,0.02197802197802198,0.01,2.926550732737496,10,1,113,445,0.02197802197802198,0.008771929824561403,True,max_tpr_with_empirical_fpr_le_target,0.013186813186813187,0.013186813186813187,0.001,4.704581362536743,6,0,114,449,0.013186813186813187,0.0,False,max_tpr_with_empirical_fpr_le_target,32,True,False,0.8532549552100736,0.8854543379466862,0.631578947368421,BCP,DNN,dp,1.0,4
0.47073452862926546,0.042143821091189526,455,114,0.1076923076923077,0.1076923076923077,0.1,1.28434237726578,49,10,104,406,0.1076923076923077,0.08771929824561403,True,max_tpr_with_empirical_fpr_le_target,0.017582417582417582,0.017582417582417582,0.01,4.7152120994277205,8,0,114,447,0.017582417582417582,0.0,True,max_tpr_with_empirical_fpr_le_target,0.017582417582417582,0.017582417582417582,0.001,4.7152120994277205,8,0,114,447,0.017582417582417582,0.0,False,max_tpr_with_empirical_fpr_le_target,32,True,False,0.8511259056159173,0.8774517457987788,0.631578947368421,BCP,DNN,dp,2.0,0
0.514420667052246,0.09502602660497397,455,114,0.14725274725274726,0.14725274725274726,0.1,1.0801343175994589,67,11,103,388,0.14725274725274726,0.09649122807017543,True,max_tpr_with_empirical_fpr_le_target,0.035164835164835165,0.035164835164835165,0.01,3.149000814787769,16,1,113,439,0.035164835164835165,0.008771929824561403,True,max_tpr_with_empirical_fpr_le_target,0.0,0.0,0.001,inf,0,0,114,455,0.0,0.0,False,max_tpr_with_empirical_fpr_le_target,32,True,False,0.8517701634745449,0.8755389692495579,0.631578947368421,BCP,DNN,dp,2.0,1
0.5110854058222479,0.058029689608637025,455,114,0.11868131868131868,0.11868131868131868,0.1,2.1490606071947695,54,11,103,401,0.11868131868131868,0.09649122807017543,True,max_tpr_with_empirical_fpr_le_target,0.002197802197802198,0.002197802197802198,0.01,9.287906389524352,1,1,113,454,0.002197802197802198,0.008771929824561403,True,max_tpr_with_empirical_fpr_le_target,0.0,0.0,0.001,inf,0,0,114,455,0.0,0.0,False,max_tpr_with_empirical_fpr_le_target,32,True,False,0.9501621648101539,0.9515031388769543,0.631578947368421,BCP,DNN,dp,2.0,2
0.5311355311355311,0.09269327164064006,455,114,0.14505494505494507,0.14505494505494507,0.1,0.8220156614343992,66,11,103,389,0.14505494505494507,0.09649122807017543,True,max_tpr_with_empirical_fpr_le_target,0.024175824175824177,0.024175824175824177,0.01,2.843870536995368,11,1,113,444,0.024175824175824177,0.008771929824561403,True,max_tpr_with_empirical_fpr_le_target,0.01978021978021978,0.01978021978021978,0.001,3.5108602625570313,9,0,114,446,0.01978021978021978,0.0,False,max_tpr_with_empirical_fpr_le_target,32,True,False,0.8547456329559536,0.8900876976432185,0.631578947368421,BCP,DNN,dp,2.0,3
0.511432427221901,0.0867939078465394,455,114,0.1054945054945055,0.1054945054945055,0.1,0.8790787276277836,48,11,103,407,0.1054945054945055,0.09649122807017543,True,max_tpr_with_empirical_fpr_le_target,0.026373626373626374,0.026373626373626374,0.01,2.6176622250603936,12,1,113,443,0.026373626373626374,0.008771929824561403,True,max_tpr_with_empirical_fpr_le_target,0.017582417582417582,0.017582417582417582,0.001,4.030388627949161,8,0,114,447,0.017582417582417582,0.0,False,max_tpr_with_empirical_fpr_le_target,32,True,False,0.8532549552100736,0.8854543379466862,0.631578947368421,BCP,DNN,dp,2.0,4
0.4724310776942356,0.03556969346443031,455,114,0.11868131868131868,0.11868131868131868,0.1,1.1462699712431565,54,11,103,401,0.11868131868131868,0.09649122807017543,True,max_tpr_with_empirical_fpr_le_target,0.024175824175824177,0.024175824175824177,0.01,3.0343412021490934,11,1,113,444,0.024175824175824177,0.008771929824561403,True,max_tpr_with_empirical_fpr_le_target,0.013186813186813187,0.013186813186813187,0.001,5.015931347486946,6,0,114,449,0.013186813186813187,0.0,False,max_tpr_with_empirical_fpr_le_target,32,True,False,0.8511259056159173,0.8774517457987788,0.631578947368421,BCP,DNN,dp,4.0,0
0.5179487179487179,0.09502602660497397,455,114,0.14945054945054945,0.14945054945054945,0.1,1.0128482661672482,68,11,103,387,0.14945054945054945,0.09649122807017543,True,max_tpr_with_empirical_fpr_le_target,0.026373626373626374,0.026373626373626374,0.01,3.575618167337609,12,1,113,443,0.026373626373626374,0.008771929824561403,True,max_tpr_with_empirical_fpr_le_target,0.0,0.0,0.001,inf,0,0,114,455,0.0,0.0,False,max_tpr_with_empirical_fpr_le_target,32,True,False,0.8517701634745449,0.8755389692495579,0.631578947368421,BCP,DNN,dp,4.0,1
0.5103720840562946,0.060227491806439215,455,114,0.12527472527472527,0.12527472527472527,0.1,1.9033210354964947,57,11,103,398,0.12527472527472527,0.09649122807017543,True,max_tpr_with_empirical_fpr_le_target,0.002197802197802198,0.002197802197802198,0.01,8.943685206133239,1,1,113,454,0.002197802197802198,0.008771929824561403,True,max_tpr_with_empirical_fpr_le_target,0.0,0.0,0.001,inf,0,0,114,455,0.0,0.0,False,max_tpr_with_empirical_fpr_le_target,32,True,False,0.9501621648101539,0.9515031388769543,0.631578947368421,BCP,DNN,dp,4.0,2
0.5305764411027569,0.09068825910931178,455,114,0.16923076923076924,0.16923076923076924,0.1,0.7040800344116942,77,11,103,378,0.16923076923076924,0.09649122807017543,True,max_tpr_with_empirical_fpr_le_target,0.02197802197802198,0.02197802197802198,0.01,3.0984195029030346,10,1,113,445,0.02197802197802198,0.008771929824561403,True,max_tpr_with_empirical_fpr_le_target,0.01978021978021978,0.01978021978021978,0.001,3.653640324691054,9,0,114,446,0.01978021978021978,0.0,False,max_tpr_with_empirical_fpr_le_target,32,True,False,0.8547456329559536,0.8900876976432185,0.631578947368421,BCP,DNN,dp,4.0,3
0.5139965297860034,0.08918449971081543,455,114,0.10989010989010989,0.10989010989010989,0.1,0.8573555236715258,50,11,103,405,0.10989010989010989,0.09649122807017543,True,max_tpr_with_empirical_fpr_le_target,0.03296703296703297,0.03296703296703297,0.01,2.3396606804975466,15,1,113,440,0.03296703296703297,0.008771929824561403,True,max_tpr_with_empirical_fpr_le_target,0.017582417582417582,0.017582417582417582,0.001,2.9829988372478375,8,0,114,447,0.017582417582417582,0.0,False,max_tpr_with_empirical_fpr_le_target,32,True,False,0.8532549552100736,0.8854543379466862,0.631578947368421,BCP,DNN,dp,4.0,4
0.47121650279545024,0.04216310005783691,455,114,0.12087912087912088,0.12087912087912088,0.1,1.0038812231934058,55,11,103,400,0.12087912087912088,0.09649122807017543,True,max_tpr_with_empirical_fpr_le_target,0.024175824175824177,0.024175824175824177,0.01,3.0989415920655716,11,1,113,444,0.024175824175824177,0.008771929824561403,True,max_tpr_with_empirical_fpr_le_target,0.008791208791208791,0.008791208791208791,0.001,5.584239611828522,4,0,114,451,0.008791208791208791,0.0,False,max_tpr_with_empirical_fpr_le_target,32,True,False,0.8511259056159173,0.8774517457987788,0.7631578947368421,BCP,DNN,dp,8.0,0
0.5190090611143243,0.08395989974937343,455,114,0.15164835164835164,0.15164835164835164,0.1,0.8608630041261573,69,11,103,386,0.15164835164835164,0.09649122807017543,True,max_tpr_with_empirical_fpr_le_target,0.015384615384615385,0.015384615384615385,0.01,3.983266765577902,7,1,113,448,0.015384615384615385,0.008771929824561403,True,max_tpr_with_empirical_fpr_le_target,0.004395604395604396,0.004395604395604396,0.001,5.5531640235042445,2,0,114,453,0.004395604395604396,0.0,False,max_tpr_with_empirical_fpr_le_target,32,True,False,0.8517701634745449,0.8755389692495579,0.7631578947368421,BCP,DNN,dp,8.0,1
0.5100057836899943,0.055851166377482164,455,114,0.1076923076923077,0.1076923076923077,0.1,1.7067805768839222,49,11,103,406,0.1076923076923077,0.09649122807017543,True,max_tpr_with_empirical_fpr_le_target,0.002197802197802198,0.002197802197802198,0.01,7.989000787048468,1,1,113,454,0.002197802197802198,0.008771929824561403,True,max_tpr_with_empirical_fpr_le_target,0.0,0.0,0.001,inf,0,0,114,455,0.0,0.0,False,max_tpr_with_empirical_fpr_le_target,32,True,False,0.9501621648101539,0.9515031388769543,0.7631578947368421,BCP,DNN,dp,8.0,2
0.530730672835936,0.07964141122035859,455,114,0.17142857142857143,0.17142857142857143,0.1,0.6382719807976756,78,11,103,377,0.17142857142857143,0.09649122807017543,True,max_tpr_with_empirical_fpr_le_target,0.024175824175824177,0.024175824175824177,0.01,2.8386170377962188,11,1,113,444,0.024175824175824177,0.008771929824561403,True,max_tpr_with_empirical_fpr_le_target,0.015384615384615385,0.015384615384615385,0.001,3.5295696452662932,7,0,114,448,0.015384615384615385,0.0,False,max_tpr_with_empirical_fpr_le_target,32,True,False,0.8547456329559536,0.8900876976432185,0.7631578947368421,BCP,DNN,dp,8.0,3
0.5167727009832273,0.082494698284172,455,114,0.1010989010989011,0.1010989010989011,0.1,0.770449208582328,46,10,104,409,0.1010989010989011,0.08771929824561403,True,max_tpr_with_empirical_fpr_le_target,0.03076923076923077,0.03076923076923077,0.01,2.251035218624602,14,0,114,441,0.03076923076923077,0.0,True,max_tpr_with_empirical_fpr_le_target,0.03076923076923077,0.03076923076923077,0.001,2.251035218624602,14,0,114,441,0.03076923076923077,0.0,False,max_tpr_with_empirical_fpr_le_target,32,True,False,0.8532549552100736,0.8854543379466862,0.7631578947368421,BCP,DNN,dp,8.0,4
0.47019471756313863,0.039849624060150385,455,114,0.11648351648351649,0.11648351648351649,0.1,0.9463709143014083,53,11,103,402,0.11648351648351649,0.09649122807017543,True,max_tpr_with_empirical_fpr_le_target,0.01978021978021978,0.01978021978021978,0.01,3.135718177323639,9,1,113,446,0.01978021978021978,0.008771929824561403,True,max_tpr_with_empirical_fpr_le_target,0.008791208791208791,0.008791208791208791,0.001,5.376509933875372,4,0,114,451,0.008791208791208791,0.0,False,max_tpr_with_empirical_fpr_le_target,32,True,False,0.8511259056159173,0.8774517457987788,0.8421052631578947,BCP,DNN,dp,10.0,0
0.5188933873144399,0.08847117794486214,455,114,0.14285714285714285,0.14285714285714285,0.1,0.8394516417454163,65,11,103,390,0.14285714285714285,0.09649122807017543,True,max_tpr_with_empirical_fpr_le_target,0.015384615384615385,0.015384615384615385,0.01,3.8722716998872144,7,1,113,448,0.015384615384615385,0.008771929824561403,True,max_tpr_with_empirical_fpr_le_target,0.006593406593406593,0.006593406593406593,0.001,4.953817656138298,3,0,114,452,0.006593406593406593,0.0,False,max_tpr_with_empirical_fpr_le_target,32,True,False,0.8517701634745449,0.8755389692495579,0.8421052631578947,BCP,DNN,dp,10.0,1
0.5095623674571044,0.056236745710429914,455,114,0.0989010989010989,0.0989010989010989,0.1,1.5960831648156883,45,10,104,410,0.0989010989010989,0.08771929824561403,True,max_tpr_with_empirical_fpr_le_target,0.002197802197802198,0.002197802197802198,0.01,7.630950323497757,1,1,113,454,0.002197802197802198,0.008771929824561403,True,max_tpr_with_empirical_fpr_le_target,0.0,0.0,0.001,inf,0,0,114,455,0.0,0.0,False,max_tpr_with_empirical_fpr_le_target,32,True,False,0.9501621648101539,0.9515031388769543,0.8421052631578947,BCP,DNN,dp,10.0,2
0.5292847503373819,0.0841526894158473,455,114,0.15164835164835164,0.15164835164835164,0.1,0.6684700101792975,69,11,103,386,0.15164835164835164,0.09649122807017543,True,max_tpr_with_empirical_fpr_le_target,0.026373626373626374,0.026373626373626374,0.01,2.5043604352230613,12,1,113,443,0.026373626373626374,0.008771929824561403,True,max_tpr_with_empirical_fpr_le_target,0.01098901098901099,0.01098901098901099,0.001,3.637460491660187,5,0,114,450,0.01098901098901099,0.0,False,max_tpr_with_empirical_fpr_le_target,32,True,False,0.8547456329559536,0.8900876976432185,0.8421052631578947,BCP,DNN,dp,10.0,3
0.5182764603817236,0.08052824368613842,455,114,0.1054945054945055,0.1054945054945055,0.1,0.7107267738282999,48,10,104,407,0.1054945054945055,0.08771929824561403,True,max_tpr_with_empirical_fpr_le_target,0.03956043956043956,0.03956043956043956,0.01,1.8250805744030503,18,1,113,437,0.03956043956043956,0.008771929824561403,True,max_tpr_with_empirical_fpr_le_target,0.03076923076923077,0.03076923076923077,0.001,2.173431322333358,14,0,114,441,0.03076923076923077,0.0,False,max_tpr_with_empirical_fpr_le_target,32,True,False,0.8532549552100736,0.8854543379466862,0.8421052631578947,BCP,DNN,dp,10.0,4
