attack_auc,advantage,n_members,n_nonmembers,tpr_at_10pct,tpr_at_10pct_interpolated,op_10pct_target_fpr,op_10pct_threshold,op_10pct_tp,op_10pct_fp,op_10pct_tn,op_10pct_fn,op_10pct_tpr,op_10pct_fpr,op_10pct_fpr_resolvable,op_10pct_selection_rule,tpr_at_1pct,tpr_at_1pct_interpolated,op_1pct_target_fpr,op_1pct_threshold,op_1pct_tp,op_1pct_fp,op_1pct_tn,op_1pct_fn,op_1pct_tpr,op_1pct_fpr,op_1pct_fpr_resolvable,op_1pct_selection_rule,tpr_at_0p1pct,tpr_at_0p1pct_interpolated,op_0p1pct_target_fpr,op_0p1pct_threshold,op_0p1pct_tp,op_0p1pct_fp,op_0p1pct_tn,op_0p1pct_fn,op_0p1pct_tpr,op_0p1pct_fpr,op_0p1pct_fpr_resolvable,op_0p1pct_selection_rule,n_shadow_trained,online,balanced,sd_in,sd_out,test_acc,dataset,model,variant,epsilon,run_seed
0.5027074218750001,0.02375000000000005,3200,800,0.115625,0.115625,0.1,0.7707180235868711,370,80,720,2830,0.115625,0.1,True,max_tpr_with_empirical_fpr_le_target,0.021875,0.021875,0.01,1.999975876135788,70,8,792,3130,0.021875,0.01,True,max_tpr_with_empirical_fpr_le_target,0.001875,0.001875,0.001,3.8307478091655556,6,0,800,3194,0.001875,0.0,False,max_tpr_with_empirical_fpr_le_target,32,True,False,0.1569104215569455,0.15899856301954918,0.9225,KIDNEY_STONE,LR,standard,,0
0.507837890625,0.029375000000000012,3200,800,0.1203125,0.1203125,0.1,0.7202780728067582,385,80,720,2815,0.1203125,0.1,True,max_tpr_with_empirical_fpr_le_target,0.018125,0.018125,0.01,2.0367948693552043,58,8,792,3142,0.018125,0.01,True,max_tpr_with_empirical_fpr_le_target,0.010625,0.010625,0.001,2.573255594793566,34,0,800,3166,0.010625,0.0,False,max_tpr_with_empirical_fpr_le_target,32,True,False,0.16516320090103281,0.16674260640254282,0.9225,KIDNEY_STONE,LR,standard,,1
0.49684921875000004,0.021562499999999984,3200,800,0.0996875,0.0996875,0.1,0.685829825474338,319,80,720,2881,0.0996875,0.1,True,max_tpr_with_empirical_fpr_le_target,0.0190625,0.0190625,0.01,1.6925664516985026,61,8,792,3139,0.0190625,0.01,True,max_tpr_with_empirical_fpr_le_target,0.0009375,0.0009375,0.001,4.350663657948151,3,0,800,3197,0.0009375,0.0,False,max_tpr_with_empirical_fpr_le_target,32,True,False,0.20548494959648356,0.2079073935215878,0.9225,KIDNEY_STONE,LR,standard,,2
0.48339921875,0.010312500000000002,3200,800,0.0953125,0.0953125,0.1,0.9476541051570204,305,80,720,2895,0.0953125,0.1,True,max_tpr_with_empirical_fpr_le_target,0.0096875,0.0096875,0.01,2.709534726659649,31,7,793,3169,0.0096875,0.00875,True,max_tpr_with_empirical_fpr_le_target,0.0025,0.0025,0.001,3.7632029190630245,8,0,800,3192,0.0025,0.0,False,max_tpr_with_empirical_fpr_le_target,32,True,False,0.16230059625964247,0.162367011178142,0.9225,KIDNEY_STONE,LR,standard,,3
0.524261328125,0.06281250000000005,3200,800,0.1278125,0.1278125,0.1,0.7150370373705179,409,80,720,2791,0.1278125,0.1,True,max_tpr_with_empirical_fpr_le_target,0.01875,0.01875,0.01,1.9504974701477327,60,8,792,3140,0.01875,0.01,True,max_tpr_with_empirical_fpr_le_target,0.0075,0.0075,0.001,2.7247442456314213,24,0,800,3176,0.0075,0.0,False,max_tpr_with_empirical_fpr_le_target,32,True,False,0.17368573810123805,0.1749611023100938,0.9225,KIDNEY_STONE,LR,standard,,4
0.495299609375,0.015000000000000013,3200,800,0.098125,0.098125,0.1,0.8459379659156834,314,80,720,2886,0.098125,0.1,True,max_tpr_with_empirical_fpr_le_target,0.0171875,0.0171875,0.01,2.039369615912002,55,8,792,3145,0.0171875,0.01,True,max_tpr_with_empirical_fpr_le_target,0.0,0.0,0.001,inf,0,0,800,3200,0.0,0.0,False,max_tpr_with_empirical_fpr_le_target,32,True,False,0.16317576458484612,0.16460182265737774,0.9225,KIDNEY_STONE,LR,standard,,5
0.49645703124999996,0.022499999999999992,3200,800,0.11375,0.11375,0.1,0.7419618304339199,364,80,720,2836,0.11375,0.1,True,max_tpr_with_empirical_fpr_le_target,0.019375,0.019375,0.01,2.0194753742512797,62,8,792,3138,0.019375,0.01,True,max_tpr_with_empirical_fpr_le_target,0.0009375,0.0009375,0.001,4.61556306282665,3,0,800,3197,0.0009375,0.0,False,max_tpr_with_empirical_fpr_le_target,32,True,False,0.16857781091511664,0.16938872481171485,0.9225,KIDNEY_STONE,LR,standard,,6
0.48835859375,0.008125,3200,800,0.105625,0.105625,0.1,0.7891302042846553,338,80,720,2862,0.105625,0.1,True,max_tpr_with_empirical_fpr_le_target,0.0109375,0.0109375,0.01,2.190884599097111,35,8,792,3165,0.0109375,0.01,True,max_tpr_with_empirical_fpr_le_target,0.00125,0.00125,0.001,3.8757529275459097,4,0,800,3196,0.00125,0.0,False,max_tpr_with_empirical_fpr_le_target,32,True,False,0.16790703100882537,0.16952384731483308,0.9225,KIDNEY_STONE,LR,standard,,7
0.50549140625,0.03343750000000001,3200,800,0.1103125,0.1103125,0.1,0.8229469196327683,353,80,720,2847,0.1103125,0.1,True,max_tpr_with_empirical_fpr_le_target,0.0075,0.0075,0.01,2.5951829974861758,24,8,792,3176,0.0075,0.01,True,max_tpr_with_empirical_fpr_le_target,0.0,0.0,0.001,inf,0,0,800,3200,0.0,0.0,False,max_tpr_with_empirical_fpr_le_target,32,True,False,0.16504463541094325,0.16521251956117644,0.9225,KIDNEY_STONE,LR,standard,,8
0.476377734375,0.016875,3200,800,0.104375,0.104375,0.1,0.7174604888844509,334,80,720,2866,0.104375,0.1,True,max_tpr_with_empirical_fpr_le_target,0.011875,0.011875,0.01,2.017123640501909,38,8,792,3162,0.011875,0.01,True,max_tpr_with_empirical_fpr_le_target,0.0009375,0.0009375,0.001,5.011148890297225,3,0,800,3197,0.0009375,0.0,False,max_tpr_with_empirical_fpr_le_target,32,True,False,0.18095778675383833,0.1818961310504465,0.9225,KIDNEY_STONE,LR,standard,,9
0.4948875,0.029374999999999984,3200,800,0.121875,0.121875,0.1,0.7633455165918241,390,80,720,2810,0.121875,0.1,True,max_tpr_with_empirical_fpr_le_target,0.0196875,0.0196875,0.01,1.9634738579981876,63,8,792,3137,0.0196875,0.01,True,max_tpr_with_empirical_fpr_le_target,0.00125,0.00125,0.001,4.820238952181814,4,0,800,3196,0.00125,0.0,False,max_tpr_with_empirical_fpr_le_target,32,True,False,0.16195619629977073,0.16306328598289752,0.9225,KIDNEY_STONE,LR,standard,,10
0.506107421875,0.03562500000000002,3200,800,0.106875,0.106875,0.1,0.8541211964819326,342,79,721,2858,0.106875,0.09875,True,max_tpr_with_empirical_fpr_le_target,0.0103125,0.0103125,0.01,2.6120125876147195,33,8,792,3167,0.0103125,0.01,True,max_tpr_with_empirical_fpr_le_target,0.001875,0.001875,0.001,3.9156200831322643,6,0,800,3194,0.001875,0.0,False,max_tpr_with_empirical_fpr_le_target,32,True,False,0.17856258591798224,0.1796343956325661,0.9225,KIDNEY_STONE,LR,standard,,11
0.493758984375,0.016250000000000014,3200,800,0.1090625,0.1090625,0.1,0.7393143407432761,349,80,720,2851,0.1090625,0.1,True,max_tpr_with_empirical_fpr_le_target,0.016875,0.016875,0.01,2.0125181574582687,54,8,792,3146,0.016875,0.01,True,max_tpr_with_empirical_fpr_le_target,0.000625,0.000625,0.001,4.970337639616087,2,0,800,3198,0.000625,0.0,False,max_tpr_with_empirical_fpr_le_target,32,True,False,0.17101091270355526,0.17288257647273123,0.9225,KIDNEY_STONE,LR,standard,,12
0.4795390625,0.01156249999999992,3200,800,0.0940625,0.0940625,0.1,0.8072253560780236,301,80,720,2899,0.0940625,0.1,True,max_tpr_with_empirical_fpr_le_target,0.011875,0.011875,0.01,2.324196923816834,38,8,792,3162,0.011875,0.01,True,max_tpr_with_empirical_fpr_le_target,0.0009375,0.0009375,0.001,4.7377797261742725,3,0,800,3197,0.0009375,0.0,False,max_tpr_with_empirical_fpr_le_target,32,True,False,0.16901455917326322,0.170128664016533,0.9225,KIDNEY_STONE,LR,standard,,13
0.500341015625,0.018437499999999996,3200,800,0.115,0.115,0.1,0.7572738563240142,368,80,720,2832,0.115,0.1,True,max_tpr_with_empirical_fpr_le_target,0.01,0.01,0.01,2.574534607655645,32,8,792,3168,0.01,0.01,True,max_tpr_with_empirical_fpr_le_target,0.00375,0.00375,0.001,3.281127077275732,12,0,800,3188,0.00375,0.0,False,max_tpr_with_empirical_fpr_le_target,32,True,False,0.17424932141391045,0.17577648106045948,0.9225,KIDNEY_STONE,LR,standard,,14
0.502309765625,0.03,3200,800,0.125,0.125,0.1,0.6714562614492791,400,79,721,2800,0.125,0.09875,True,max_tpr_with_empirical_fpr_le_target,0.0115625,0.0115625,0.01,2.348170561350954,37,8,792,3163,0.0115625,0.01,True,max_tpr_with_empirical_fpr_le_target,0.0009375,0.0009375,0.001,3.755564137470106,3,0,800,3197,0.0009375,0.0,False,max_tpr_with_empirical_fpr_le_target,32,True,False,0.16878719988923757,0.16959604831031033,0.9225,KIDNEY_STONE,LR,standard,,15
0.49034921875000004,0.0225,3200,800,0.105625,0.105625,0.1,0.8288253520620064,338,80,720,2862,0.105625,0.1,True,max_tpr_with_empirical_fpr_le_target,0.0128125,0.0128125,0.01,2.451138884016176,41,8,792,3159,0.0128125,0.01,True,max_tpr_with_empirical_fpr_le_target,0.0021875,0.0021875,0.001,4.243001459967795,7,0,800,3193,0.0021875,0.0,False,max_tpr_with_empirical_fpr_le_target,32,True,False,0.16400304948674344,0.16581899596287297,0.9225,KIDNEY_STONE,LR,standard,,16
0.48553710937499994,0.018750000000000003,3200,800,0.1125,0.1125,0.1,0.7493521300680444,360,80,720,2840,0.1125,0.1,True,max_tpr_with_empirical_fpr_le_target,0.0121875,0.0121875,0.01,2.2079109719807954,39,7,793,3161,0.0121875,0.00875,True,max_tpr_with_empirical_fpr_le_target,0.0003125,0.0003125,0.001,5.282278925428761,1,0,800,3199,0.0003125,0.0,False,max_tpr_with_empirical_fpr_le_target,32,True,False,0.16623944796974627,0.1685281604066631,0.9225,KIDNEY_STONE,LR,standard,,17
0.505772265625,0.026874999999999982,3200,800,0.1190625,0.1190625,0.1,0.7789587271550036,381,78,722,2819,0.1190625,0.0975,True,max_tpr_with_empirical_fpr_le_target,0.016875,0.016875,0.01,2.012304637704373,54,8,792,3146,0.016875,0.01,True,max_tpr_with_empirical_fpr_le_target,0.0015625,0.0015625,0.001,4.249110428910633,5,0,800,3195,0.0015625,0.0,False,max_tpr_with_empirical_fpr_le_target,32,True,False,0.17332858512747518,0.17329343492449711,0.9225,KIDNEY_STONE,LR,standard,,18
0.502535546875,0.04812500000000003,3200,800,0.1025,0.1025,0.1,0.858204019117857,328,80,720,2872,0.1025,0.1,True,max_tpr_with_empirical_fpr_le_target,0.0090625,0.0090625,0.01,2.6133780809226144,29,8,792,3171,0.0090625,0.01,True,max_tpr_with_empirical_fpr_le_target,0.0021875,0.0021875,0.001,3.5140730730578458,7,0,800,3193,0.0021875,0.0,False,max_tpr_with_empirical_fpr_le_target,32,True,False,0.1570262008192737,0.1581758760269441,0.9225,KIDNEY_STONE,LR,standard,,19
0.515766796875,0.04156250000000006,3200,800,0.1103125,0.1103125,0.1,0.7541622267214976,353,80,720,2847,0.1103125,0.1,True,max_tpr_with_empirical_fpr_le_target,0.0128125,0.0128125,0.01,2.1872725505374744,41,8,792,3159,0.0128125,0.01,True,max_tpr_with_empirical_fpr_le_target,0.0040625,0.0040625,0.001,3.279566996711365,13,0,800,3187,0.0040625,0.0,False,max_tpr_with_empirical_fpr_le_target,32,True,False,0.17512885671275583,0.1773894686509129,0.9225,KIDNEY_STONE,LR,standard,,20
0.503600390625,0.04656250000000001,3200,800,0.1184375,0.1184375,0.1,0.8359308011179372,379,80,720,2821,0.1184375,0.1,True,max_tpr_with_empirical_fpr_le_target,0.0103125,0.0103125,0.01,2.597820886833354,33,8,792,3167,0.0103125,0.01,True,max_tpr_with_empirical_fpr_le_target,0.0009375,0.0009375,0.001,4.654338833551346,3,0,800,3197,0.0009375,0.0,False,max_tpr_with_empirical_fpr_le_target,32,True,False,0.16106333514057228,0.1616278206412405,0.9225,KIDNEY_STONE,LR,standard,,21
0.5123109374999999,0.041562500000000016,3200,800,0.1271875,0.1271875,0.1,0.6331257052362874,407,80,720,2793,0.1271875,0.1,True,max_tpr_with_empirical_fpr_le_target,0.01875,0.01875,0.01,1.8339194517804787,60,8,792,3140,0.01875,0.01,True,max_tpr_with_empirical_fpr_le_target,0.00125,0.00125,0.001,4.362576982638599,4,0,800,3196,0.00125,0.0,False,max_tpr_with_empirical_fpr_le_target,32,True,False,0.1806218116118781,0.1817406887437694,0.9225,KIDNEY_STONE,LR,standard,,22
0.509643359375,0.04250000000000004,3200,800,0.1034375,0.1034375,0.1,0.7417954391592041,331,80,720,2869,0.1034375,0.1,True,max_tpr_with_empirical_fpr_le_target,0.0065625,0.0065625,0.01,2.4091573236394277,21,8,792,3179,0.0065625,0.01,True,max_tpr_with_empirical_fpr_le_target,0.0003125,0.0003125,0.001,5.656120506530619,1,0,800,3199,0.0003125,0.0,False,max_tpr_with_empirical_fpr_le_target,32,True,False,0.178152878418576,0.18137716353399377,0.9225,KIDNEY_STONE,LR,standard,,23
0.49039335937500006,0.016562500000000008,3200,800,0.099375,0.099375,0.1,0.9213400551563191,318,79,721,2882,0.099375,0.09875,True,max_tpr_with_empirical_fpr_le_target,0.0146875,0.0146875,0.01,2.3619912831973977,47,8,792,3153,0.0146875,0.01,True,max_tpr_with_empirical_fpr_le_target,0.0034375,0.0034375,0.001,3.9514612873991295,11,0,800,3189,0.0034375,0.0,False,max_tpr_with_empirical_fpr_le_target,32,True,False,0.16324533492688129,0.16350995572916158,0.9225,KIDNEY_STONE,LR,standard,,24
0.503380078125,0.029375000000000012,3200,800,0.116875,0.116875,0.1,0.759665013642645,374,80,720,2826,0.116875,0.1,True,max_tpr_with_empirical_fpr_le_target,0.013125,0.013125,0.01,2.178137780491153,42,8,792,3158,0.013125,0.01,True,max_tpr_with_empirical_fpr_le_target,0.0015625,0.0015625,0.001,3.926348592746182,5,0,800,3195,0.0015625,0.0,False,max_tpr_with_empirical_fpr_le_target,32,True,False,0.16940278827274904,0.1702356455867252,0.9225,KIDNEY_STONE,LR,standard,,25
0.47481718749999996,0.004062499999999997,3200,800,0.088125,0.088125,0.1,0.902682524726613,282,80,720,2918,0.088125,0.1,True,max_tpr_with_empirical_fpr_le_target,0.0103125,0.0103125,0.01,2.562067771660624,33,8,792,3167,0.0103125,0.01,True,max_tpr_with_empirical_fpr_le_target,0.0,0.0,0.001,inf,0,0,800,3200,0.0,0.0,False,max_tpr_with_empirical_fpr_le_target,32,True,False,0.16903571404023668,0.1701445588992916,0.9225,KIDNEY_STONE,LR,standard,,26
0.4811203125,0.012187500000000004,3200,800,0.0896875,0.0896875,0.1,0.9415701880078386,287,79,721,2913,0.0896875,0.09875,True,max_tpr_with_empirical_fpr_le_target,0.0184375,0.0184375,0.01,2.1094139996399397,59,8,792,3141,0.0184375,0.01,True,max_tpr_with_empirical_fpr_le_target,0.0015625,0.0015625,0.001,4.188296932180748,5,0,800,3195,0.0015625,0.0,False,max_tpr_with_empirical_fpr_le_target,32,True,False,0.16490528227043463,0.16544389909650878,0.9225,KIDNEY_STONE,LR,standard,,27
0.500821875,0.017187499999999967,3200,800,0.1075,0.1075,0.1,0.7947914693612721,344,80,720,2856,0.1075,0.1,True,max_tpr_with_empirical_fpr_le_target,0.01875,0.01875,0.01,1.917767583817199,60,8,792,3140,0.01875,0.01,True,max_tpr_with_empirical_fpr_le_target,0.0,0.0,0.001,inf,0,0,800,3200,0.0,0.0,False,max_tpr_with_empirical_fpr_le_target,32,True,False,0.17578946294672726,0.17554546335387358,0.9225,KIDNEY_STONE,LR,standard,,28
0.510052734375,0.03687499999999999,3200,800,0.1240625,0.1240625,0.1,0.7916999645024558,397,80,720,2803,0.1240625,0.1,True,max_tpr_with_empirical_fpr_le_target,0.0146875,0.0146875,0.01,2.3391507160526395,47,7,793,3153,0.0146875,0.00875,True,max_tpr_with_empirical_fpr_le_target,0.0003125,0.0003125,0.001,5.355037805359638,1,0,800,3199,0.0003125,0.0,False,max_tpr_with_empirical_fpr_le_target,32,True,False,0.17427655122959718,0.17537662975977003,0.9225,KIDNEY_STONE,LR,standard,,29
0.50666640625,0.025937500000000002,3200,800,0.12,0.12,0.1,0.3495323354143691,384,80,720,2816,0.12,0.1,True,max_tpr_with_empirical_fpr_le_target,0.018125,0.018125,0.01,0.830835838974382,58,8,792,3142,0.018125,0.01,True,max_tpr_with_empirical_fpr_le_target,0.0028125,0.0028125,0.001,1.4258771348826835,9,0,800,3191,0.0028125,0.0,False,max_tpr_with_empirical_fpr_le_target,32,True,False,9.332425600937329,9.336732376974004,0.76,KIDNEY_STONE,LR,dp,0.1,0
0.514959765625,0.0390625,3200,800,0.1084375,0.1084375,0.1,0.36994690587835244,347,79,721,2853,0.1084375,0.09875,True,max_tpr_with_empirical_fpr_le_target,0.0175,0.0175,0.01,0.8565330812694465,56,7,793,3144,0.0175,0.00875,True,max_tpr_with_empirical_fpr_le_target,0.00125,0.00125,0.001,1.5637390262449835,4,0,800,3196,0.00125,0.0,False,max_tpr_with_empirical_fpr_le_target,32,True,False,9.157720355094547,9.173031027351756,0.76,KIDNEY_STONE,LR,dp,0.1,1
0.49569335937500003,0.02031250000000001,3200,800,0.0821875,0.0821875,0.1,0.40258255335182724,263,80,720,2937,0.0821875,0.1,True,max_tpr_with_empirical_fpr_le_target,0.0053125,0.0053125,0.01,1.0065933489922352,17,8,792,3183,0.0053125,0.01,True,max_tpr_with_empirical_fpr_le_target,0.0,0.0,0.001,inf,0,0,800,3200,0.0,0.0,False,max_tpr_with_empirical_fpr_le_target,32,True,False,9.08928719686034,9.158894162212889,0.76,KIDNEY_STONE,LR,dp,0.1,2
0.48205312499999997,0.007499999999999993,3200,800,0.0990625,0.0990625,0.1,0.39485355789636944,317,80,720,2883,0.0990625,0.1,True,max_tpr_with_empirical_fpr_le_target,0.0125,0.0125,0.01,0.8856404144336851,40,8,792,3160,0.0125,0.01,True,max_tpr_with_empirical_fpr_le_target,0.0015625,0.0015625,0.001,1.3540674309427643,5,0,800,3195,0.0015625,0.0,False,max_tpr_with_empirical_fpr_le_target,32,True,False,8.849678630325583,8.916178704907578,0.76,KIDNEY_STONE,LR,dp,0.1,3
0.47911210937500004,0.0146875,3200,800,0.1015625,0.1015625,0.1,0.3483354630221891,325,80,720,2875,0.1015625,0.1,True,max_tpr_with_empirical_fpr_le_target,0.01875,0.01875,0.01,0.746925282648724,60,8,792,3140,0.01875,0.01,True,max_tpr_with_empirical_fpr_le_target,0.0040625,0.0040625,0.001,1.3816912688266934,13,0,800,3187,0.0040625,0.0,False,max_tpr_with_empirical_fpr_le_target,32,True,False,8.895312012225864,8.864785317183175,0.76,KIDNEY_STONE,LR,dp,0.1,4
0.499151953125,0.022812500000000013,3200,800,0.090625,0.090625,0.1,0.38755345768661176,290,80,720,2910,0.090625,0.1,True,max_tpr_with_empirical_fpr_le_target,0.0121875,0.0121875,0.01,0.929668597311144,39,8,792,3161,0.0121875,0.01,True,max_tpr_with_empirical_fpr_le_target,0.000625,0.000625,0.001,1.5177696020930957,2,0,800,3198,0.000625,0.0,False,max_tpr_with_empirical_fpr_le_target,32,True,False,9.037816266295346,9.12406831921058,0.76,KIDNEY_STONE,LR,dp,0.1,5
0.48529882812499997,0.004062499999999969,3200,800,0.085,0.085,0.1,0.42497357540412883,272,80,720,2928,0.085,0.1,True,max_tpr_with_empirical_fpr_le_target,0.0075,0.0075,0.01,1.0236951051688958,24,8,792,3176,0.0075,0.01,True,max_tpr_with_empirical_fpr_le_target,0.00125,0.00125,0.001,1.4880423938794984,4,0,800,3196,0.00125,0.0,False,max_tpr_with_empirical_fpr_le_target,32,True,False,8.853735330656784,8.921786294393227,0.76,KIDNEY_STONE,LR,dp,0.1,6
0.501039453125,0.01781250000000001,3200,800,0.10375,0.10375,0.1,0.36918931368860974,332,80,720,2868,0.10375,0.1,True,max_tpr_with_empirical_fpr_le_target,0.015625,0.015625,0.01,0.8251026631656817,50,8,792,3150,0.015625,0.01,True,max_tpr_with_empirical_fpr_le_target,0.00375,0.00375,0.001,1.1133259267852234,12,0,800,3188,0.00375,0.0,False,max_tpr_with_empirical_fpr_le_target,32,True,False,9.342598844721898,9.326065305668886,0.76,KIDNEY_STONE,LR,dp,0.1,7
0.5136671875000001,0.03843750000000001,3200,800,0.111875,0.111875,0.1,0.35860135030084894,358,80,720,2842,0.111875,0.1,True,max_tpr_with_empirical_fpr_le_target,0.01125,0.01125,0.01,0.9945032319654317,36,8,792,3164,0.01125,0.01,True,max_tpr_with_empirical_fpr_le_target,0.0003125,0.0003125,0.001,1.5778209165968113,1,0,800,3199,0.0003125,0.0,False,max_tpr_with_empirical_fpr_le_target,32,True,False,8.904170710074524,8.891540956452507,0.76,KIDNEY_STONE,LR,dp,0.1,8
0.476960546875,0.0012499999999999734,3200,800,0.09375,0.09375,0.1,0.4350800494607179,300,80,720,2900,0.09375,0.1,True,max_tpr_with_empirical_fpr_le_target,0.005625,0.005625,0.01,1.1142620170962458,18,8,792,3182,0.005625,0.01,True,max_tpr_with_empirical_fpr_le_target,0.0009375,0.0009375,0.001,1.7938350160004397,3,0,800,3197,0.0009375,0.0,False,max_tpr_with_empirical_fpr_le_target,32,True,False,8.843605406854621,8.871613188263039,0.76,KIDNEY_STONE,LR,dp,0.1,9
0.5042324218750001,0.02906249999999999,3200,800,0.11375,0.11375,0.1,0.360996926921743,364,78,722,2836,0.11375,0.0975,True,max_tpr_with_empirical_fpr_le_target,0.0134375,0.0134375,0.01,0.8612250005988029,43,8,792,3157,0.0134375,0.01,True,max_tpr_with_empirical_fpr_le_target,0.0025,0.0025,0.001,1.3804570492271657,8,0,800,3192,0.0025,0.0,False,max_tpr_with_empirical_fpr_le_target,32,True,False,9.058219060591775,9.092435828172626,0.76,KIDNEY_STONE,LR,dp,0.1,10
0.5237515625,0.04562500000000003,3200,800,0.1225,0.1225,0.1,0.35298890718355747,392,80,720,2808,0.1225,0.1,True,max_tpr_with_empirical_fpr_le_target,0.01375,0.01375,0.01,0.9062147645155063,44,8,792,3156,0.01375,0.01,True,max_tpr_with_empirical_fpr_le_target,0.000625,0.000625,0.001,1.5809840260715688,2,0,800,3198,0.000625,0.0,False,max_tpr_with_empirical_fpr_le_target,32,True,False,9.239789502044262,9.267592544103236,0.76,KIDNEY_STONE,LR,dp,0.1,11
0.5076234375,0.035937499999999956,3200,800,0.1109375,0.1109375,0.1,0.40287435366961866,355,77,723,2845,0.1109375,0.09625,True,max_tpr_with_empirical_fpr_le_target,0.02,0.02,0.01,0.868808709316248,64,8,792,3136,0.02,0.01,True,max_tpr_with_empirical_fpr_le_target,0.0065625,0.0065625,0.001,1.1915692524773975,21,0,800,3179,0.0065625,0.0,False,max_tpr_with_empirical_fpr_le_target,32,True,False,8.985025209140035,8.948535630287283,0.76,KIDNEY_STONE,LR,dp,0.1,12
0.49796523437499995,0.011562500000000031,3200,800,0.0978125,0.0978125,0.1,0.38815248602002006,313,79,721,2887,0.0978125,0.09875,True,max_tpr_with_empirical_fpr_le_target,0.0075,0.0075,0.01,1.044038251186957,24,8,792,3176,0.0075,0.01,True,max_tpr_with_empirical_fpr_le_target,0.0003125,0.0003125,0.001,1.7118685100468891,1,0,800,3199,0.0003125,0.0,False,max_tpr_with_empirical_fpr_le_target,32,True,False,9.190161182566312,9.228719356277953,0.76,KIDNEY_STONE,LR,dp,0.1,13
0.5010328125000001,0.017499999999999988,3200,800,0.106875,0.106875,0.1,0.44112106019945685,342,80,720,2858,0.106875,0.1,True,max_tpr_with_empirical_fpr_le_target,0.010625,0.010625,0.01,1.1961674669203224,34,8,792,3166,0.010625,0.01,True,max_tpr_with_empirical_fpr_le_target,0.003125,0.003125,0.001,1.4236284127203263,10,0,800,3190,0.003125,0.0,False,max_tpr_with_empirical_fpr_le_target,32,True,False,9.0672308981621,9.051793133907152,0.76,KIDNEY_STONE,LR,dp,0.1,14
0.47837890625,0.0021875,3200,800,0.0915625,0.0915625,0.1,0.3666855700452194,293,80,720,2907,0.0915625,0.1,True,max_tpr_with_empirical_fpr_le_target,0.0096875,0.0096875,0.01,0.9039303988827294,31,8,792,3169,0.0096875,0.01,True,max_tpr_with_empirical_fpr_le_target,0.001875,0.001875,0.001,1.2198672786983922,6,0,800,3194,0.001875,0.0,False,max_tpr_with_empirical_fpr_le_target,32,True,False,9.121013342970558,9.108866323230504,0.76,KIDNEY_STONE,LR,dp,0.1,15
0.48641875,0.009687499999999988,3200,800,0.105,0.105,0.1,0.4002951766148999,336,80,720,2864,0.105,0.1,True,max_tpr_with_empirical_fpr_le_target,0.0140625,0.0140625,0.01,0.9049754701794814,45,8,792,3155,0.0140625,0.01,True,max_tpr_with_empirical_fpr_le_target,0.001875,0.001875,0.001,1.4149434479014316,6,0,800,3194,0.001875,0.0,False,max_tpr_with_empirical_fpr_le_target,32,True,False,8.818807462959244,8.85840264062143,0.76,KIDNEY_STONE,LR,dp,0.1,16
0.511075390625,0.03343749999999998,3200,800,0.1190625,0.1190625,0.1,0.3557809434185195,381,80,720,2819,0.1190625,0.1,True,max_tpr_with_empirical_fpr_le_target,0.0115625,0.0115625,0.01,1.0398619367176698,37,8,792,3163,0.0115625,0.01,True,max_tpr_with_empirical_fpr_le_target,0.0015625,0.0015625,0.001,1.7937045234962703,5,0,800,3195,0.0015625,0.0,False,max_tpr_with_empirical_fpr_le_target,32,True,False,9.233295684005135,9.162485511621655,0.76,KIDNEY_STONE,LR,dp,0.1,17
0.5034109375,0.0415625,3200,800,0.095,0.095,0.1,0.3826538969961786,304,80,720,2896,0.095,0.1,True,max_tpr_with_empirical_fpr_le_target,0.014375,0.014375,0.01,0.813902890724302,46,7,793,3154,0.014375,0.00875,True,max_tpr_with_empirical_fpr_le_target,0.0009375,0.0009375,0.001,1.2527491360556704,3,0,800,3197,0.0009375,0.0,False,max_tpr_with_empirical_fpr_le_target,32,True,False,9.306535749043494,9.317402194664604,0.76,KIDNEY_STONE,LR,dp,0.1,18
0.49251718749999995,0.01375000000000004,3200,800,0.098125,0.098125,0.1,0.3796421647662207,314,79,721,2886,0.098125,0.09875,True,max_tpr_with_empirical_fpr_le_target,0.010625,0.010625,0.01,0.9260343475009654,34,8,792,3166,0.010625,0.01,True,max_tpr_with_empirical_fpr_le_target,0.001875,0.001875,0.001,1.4072517446449009,6,0,800,3194,0.001875,0.0,False,max_tpr_with_empirical_fpr_le_target,32,True,False,9.065088838487917,9.08208263191104,0.76,KIDNEY_STONE,LR,dp,0.1,19
0.49156679687500004,0.01781250000000001,3200,800,0.1075,0.1075,0.1,0.3850506841939936,344,80,720,2856,0.1075,0.1,True,max_tpr_with_empirical_fpr_le_target,0.006875,0.006875,0.01,1.0146160830296016,22,8,792,3178,0.006875,0.01,True,max_tpr_with_empirical_fpr_le_target,0.0,0.0,0.001,inf,0,0,800,3200,0.0,0.0,False,max_tpr_with_empirical_fpr_le_target,32,True,False,8.457188308785135,8.481495013990907,0.76,KIDNEY_STONE,LR,dp,0.1,20
0.48951601562499997,0.011249999999999996,3200,800,0.0884375,0.0884375,0.1,0.4062395945354442,283,80,720,2917,0.0884375,0.1,True,max_tpr_with_empirical_fpr_le_target,0.015625,0.015625,0.01,0.9194713093966147,50,8,792,3150,0.015625,0.01,True,max_tpr_with_empirical_fpr_le_target,0.0009375,0.0009375,0.001,1.8089122792664423,3,0,800,3197,0.0009375,0.0,False,max_tpr_with_empirical_fpr_le_target,32,True,False,9.117313378400596,9.171245140337685,0.76,KIDNEY_STONE,LR,dp,0.1,21
0.505933203125,0.03375,3200,800,0.1015625,0.1015625,0.1,0.3816179107807893,325,80,720,2875,0.1015625,0.1,True,max_tpr_with_empirical_fpr_le_target,0.015,0.015,0.01,0.863900820086716,48,7,793,3152,0.015,0.00875,True,max_tpr_with_empirical_fpr_le_target,0.0028125,0.0028125,0.001,1.3641980586841065,9,0,800,3191,0.0028125,0.0,False,max_tpr_with_empirical_fpr_le_target,32,True,False,8.89262571981116,8.936469972969347,0.76,KIDNEY_STONE,LR,dp,0.1,22
0.50222421875,0.029687500000000033,3200,800,0.1078125,0.1078125,0.1,0.3491762560967948,345,80,720,2855,0.1078125,0.1,True,max_tpr_with_empirical_fpr_le_target,0.0075,0.0075,0.01,0.9143421338070894,24,7,793,3176,0.0075,0.00875,True,max_tpr_with_empirical_fpr_le_target,0.0,0.0,0.001,inf,0,0,800,3200,0.0,0.0,False,max_tpr_with_empirical_fpr_le_target,32,True,False,8.612073935655195,8.643083533268964,0.76,KIDNEY_STONE,LR,dp,0.1,23
0.514715625,0.04593750000000002,3200,800,0.106875,0.106875,0.1,0.38049746276962804,342,80,720,2858,0.106875,0.1,True,max_tpr_with_empirical_fpr_le_target,0.0159375,0.0159375,0.01,0.845126552895457,51,8,792,3149,0.0159375,0.01,True,max_tpr_with_empirical_fpr_le_target,0.0015625,0.0015625,0.001,1.3723729170154515,5,0,800,3195,0.0015625,0.0,False,max_tpr_with_empirical_fpr_le_target,32,True,False,8.79732101459158,8.769834143162944,0.76,KIDNEY_STONE,LR,dp,0.1,24
0.49865742187499995,0.021875000000000033,3200,800,0.1053125,0.1053125,0.1,0.35332028834071405,337,80,720,2863,0.1053125,0.1,True,max_tpr_with_empirical_fpr_le_target,0.011875,0.011875,0.01,0.8892967230453506,38,8,792,3162,0.011875,0.01,True,max_tpr_with_empirical_fpr_le_target,0.0009375,0.0009375,0.001,1.7369051473113553,3,0,800,3197,0.0009375,0.0,False,max_tpr_with_empirical_fpr_le_target,32,True,False,8.853649461838085,8.789657819526225,0.76,KIDNEY_STONE,LR,dp,0.1,25
0.502243359375,0.027500000000000024,3200,800,0.1146875,0.1146875,0.1,0.3286960369949683,367,79,721,2833,0.1146875,0.09875,True,max_tpr_with_empirical_fpr_le_target,0.0115625,0.0115625,0.01,0.910170917873709,37,8,792,3163,0.0115625,0.01,True,max_tpr_with_empirical_fpr_le_target,0.0009375,0.0009375,0.001,1.8173758893771979,3,0,800,3197,0.0009375,0.0,False,max_tpr_with_empirical_fpr_le_target,32,True,False,8.934204994622744,8.967762344565228,0.76,KIDNEY_STONE,LR,dp,0.1,26
0.502683203125,0.030312499999999992,3200,800,0.1153125,0.1153125,0.1,0.36352424259248295,369,80,720,2831,0.1153125,0.1,True,max_tpr_with_empirical_fpr_le_target,0.0178125,0.0178125,0.01,0.8838045666503458,57,8,792,3143,0.0178125,0.01,True,max_tpr_with_empirical_fpr_le_target,0.0015625,0.0015625,0.001,1.5881369187247598,5,0,800,3195,0.0015625,0.0,False,max_tpr_with_empirical_fpr_le_target,32,True,False,8.338783909339675,8.315868648260096,0.76,KIDNEY_STONE,LR,dp,0.1,27
0.49872578125,0.030312499999999964,3200,800,0.0984375,0.0984375,0.1,0.43672514803397267,315,80,720,2885,0.0984375,0.1,True,max_tpr_with_empirical_fpr_le_target,0.0115625,0.0115625,0.01,1.020515612744501,37,8,792,3163,0.0115625,0.01,True,max_tpr_with_empirical_fpr_le_target,0.0046875,0.0046875,0.001,1.2619196226893847,15,0,800,3185,0.0046875,0.0,False,max_tpr_with_empirical_fpr_le_target,32,True,False,8.993699786976684,8.98128612553537,0.76,KIDNEY_STONE,LR,dp,0.1,28
0.5249421875,0.057812500000000044,3200,800,0.13,0.13,0.1,0.36851020029057,416,80,720,2784,0.13,0.1,True,max_tpr_with_empirical_fpr_le_target,0.01,0.01,0.01,1.0833955200588763,32,8,792,3168,0.01,0.01,True,max_tpr_with_empirical_fpr_le_target,0.0021875,0.0021875,0.001,1.4266303159712321,7,0,800,3193,0.0021875,0.0,False,max_tpr_with_empirical_fpr_le_target,32,True,False,8.48410608278444,8.507105808346022,0.76,KIDNEY_STONE,LR,dp,0.1,29
0.50975078125,0.03562500000000002,3200,800,0.1140625,0.1140625,0.1,0.32816615387183967,365,80,720,2835,0.1140625,0.1,True,max_tpr_with_empirical_fpr_le_target,0.01625,0.01625,0.01,0.8154685117341103,52,8,792,3148,0.01625,0.01,True,max_tpr_with_empirical_fpr_le_target,0.00125,0.00125,0.001,1.4354452347888347,4,0,800,3196,0.00125,0.0,False,max_tpr_with_empirical_fpr_le_target,32,True,False,8.25252715271303,8.273254838596516,0.7975,KIDNEY_STONE,LR,dp,0.2,0
0.515367578125,0.04562500000000003,3200,800,0.11,0.11,0.1,0.33180479900744686,352,80,720,2848,0.11,0.1,True,max_tpr_with_empirical_fpr_le_target,0.008125,0.008125,0.01,0.9713826973015824,26,8,792,3174,0.008125,0.01,True,max_tpr_with_empirical_fpr_le_target,0.0003125,0.0003125,0.001,1.7425668283983757,1,0,800,3199,0.0003125,0.0,False,max_tpr_with_empirical_fpr_le_target,32,True,False,7.903469141314604,7.94333550536532,0.7975,KIDNEY_STONE,LR,dp,0.2,1
0.49522890625000004,0.025000000000000022,3200,800,0.098125,0.098125,0.1,0.33736269064607427,314,79,721,2886,0.098125,0.09875,True,max_tpr_with_empirical_fpr_le_target,0.0034375,0.0034375,0.01,1.0723420993851405,11,7,793,3189,0.0034375,0.00875,True,max_tpr_with_empirical_fpr_le_target,0.000625,0.000625,0.001,1.555167799823221,2,0,800,3198,0.000625,0.0,False,max_tpr_with_empirical_fpr_le_target,32,True,False,8.035600756090327,8.10989908508495,0.7975,KIDNEY_STONE,LR,dp,0.2,2
0.482230859375,0.010937500000000003,3200,800,0.0978125,0.0978125,0.1,0.3619657205651796,313,80,720,2887,0.0978125,0.1,True,max_tpr_with_empirical_fpr_le_target,0.0075,0.0075,0.01,0.9582511510894292,24,5,795,3176,0.0075,0.00625,True,max_tpr_with_empirical_fpr_le_target,0.0009375,0.0009375,0.001,1.6252556263388627,3,0,800,3197,0.0009375,0.0,False,max_tpr_with_empirical_fpr_le_target,32,True,False,7.676107388473786,7.768390581673092,0.7975,KIDNEY_STONE,LR,dp,0.2,3
0.477941015625,0.017812499999999995,3200,800,0.0978125,0.0978125,0.1,0.32549840637060523,313,80,720,2887,0.0978125,0.1,True,max_tpr_with_empirical_fpr_le_target,0.0175,0.0175,0.01,0.7887067217300512,56,8,792,3144,0.0175,0.01,True,max_tpr_with_empirical_fpr_le_target,0.005,0.005,0.001,1.3048351764464563,16,0,800,3184,0.005,0.0,False,max_tpr_with_empirical_fpr_le_target,32,True,False,7.836507001920832,7.800404750709981,0.7975,KIDNEY_STONE,LR,dp,0.2,4
0.49711953124999997,0.01624999999999993,3200,800,0.0978125,0.0978125,0.1,0.34821238250900155,313,80,720,2887,0.0978125,0.1,True,max_tpr_with_empirical_fpr_le_target,0.0103125,0.0103125,0.01,0.9352703364131427,33,8,792,3167,0.0103125,0.01,True,max_tpr_with_empirical_fpr_le_target,0.000625,0.000625,0.001,1.5330222967180451,2,0,800,3198,0.000625,0.0,False,max_tpr_with_empirical_fpr_le_target,32,True,False,7.909893312939604,8.000534356365433,0.7975,KIDNEY_STONE,LR,dp,0.2,5
0.48285234375,0.002187500000000009,3200,800,0.0846875,0.0846875,0.1,0.39070098868619496,271,80,720,2929,0.0846875,0.1,True,max_tpr_with_empirical_fpr_le_target,0.0065625,0.0065625,0.01,1.0065984166422268,21,8,792,3179,0.0065625,0.01,True,max_tpr_with_empirical_fpr_le_target,0.0003125,0.0003125,0.001,1.7304486438426627,1,0,800,3199,0.0003125,0.0,False,max_tpr_with_empirical_fpr_le_target,32,True,False,7.745644863358022,7.841043604650521,0.7975,KIDNEY_STONE,LR,dp,0.2,6
0.49819296875,0.009999999999999981,3200,800,0.1025,0.1025,0.1,0.34785284938419725,328,80,720,2872,0.1025,0.1,True,max_tpr_with_empirical_fpr_le_target,0.015,0.015,0.01,0.7692848728052564,48,7,793,3152,0.015,0.00875,True,max_tpr_with_empirical_fpr_le_target,0.0040625,0.0040625,0.001,1.0763460878495374,13,0,800,3187,0.0040625,0.0,False,max_tpr_with_empirical_fpr_le_target,32,True,False,8.159870131995973,8.141167794323655,0.7975,KIDNEY_STONE,LR,dp,0.2,7
0.507429296875,0.03156249999999994,3200,800,0.1134375,0.1134375,0.1,0.3310272129843428,363,80,720,2837,0.1134375,0.1,True,max_tpr_with_empirical_fpr_le_target,0.01,0.01,0.01,0.9910485396296753,32,8,792,3168,0.01,0.01,True,max_tpr_with_empirical_fpr_le_target,0.0015625,0.0015625,0.001,1.4918368358320393,5,0,800,3195,0.0015625,0.0,False,max_tpr_with_empirical_fpr_le_target,32,True,False,7.756371704287405,7.759778947073047,0.7975,KIDNEY_STONE,LR,dp,0.2,8
0.4762859375,0.00125,3200,800,0.0875,0.0875,0.1,0.40410291895627726,280,80,720,2920,0.0875,0.1,True,max_tpr_with_empirical_fpr_le_target,0.0071875,0.0071875,0.01,1.0374513829161565,23,7,793,3177,0.0071875,0.00875,True,max_tpr_with_empirical_fpr_le_target,0.00125,0.00125,0.001,1.5610559789544385,4,0,800,3196,0.00125,0.0,False,max_tpr_with_empirical_fpr_le_target,32,True,False,7.747922850577058,7.80600835735344,0.7975,KIDNEY_STONE,LR,dp,0.2,9
0.49905781250000003,0.019375000000000003,3200,800,0.1125,0.1125,0.1,0.3340325212969635,360,79,721,2840,0.1125,0.09875,True,max_tpr_with_empirical_fpr_le_target,0.011875,0.011875,0.01,0.857286505757648,38,8,792,3162,0.011875,0.01,True,max_tpr_with_empirical_fpr_le_target,0.000625,0.000625,0.001,1.9258069000473976,2,0,800,3198,0.000625,0.0,False,max_tpr_with_empirical_fpr_le_target,32,True,False,7.900287755922262,7.9439920507563375,0.7975,KIDNEY_STONE,LR,dp,0.2,10
0.5178046875,0.03843750000000001,3200,800,0.115,0.115,0.1,0.33605989985462426,368,80,720,2832,0.115,0.1,True,max_tpr_with_empirical_fpr_le_target,0.02,0.02,0.01,0.7902112319779997,64,8,792,3136,0.02,0.01,True,max_tpr_with_empirical_fpr_le_target,0.000625,0.000625,0.001,1.789445922904112,2,0,800,3198,0.000625,0.0,False,max_tpr_with_empirical_fpr_le_target,32,True,False,8.054968551096136,8.094874450834245,0.7975,KIDNEY_STONE,LR,dp,0.2,11
0.509312109375,0.035937499999999956,3200,800,0.1221875,0.1221875,0.1,0.3494080123238934,391,80,720,2809,0.1221875,0.1,True,max_tpr_with_empirical_fpr_le_target,0.01875,0.01875,0.01,0.8247229308360104,60,8,792,3140,0.01875,0.01,True,max_tpr_with_empirical_fpr_le_target,0.0028125,0.0028125,0.001,1.439285548160325,9,0,800,3191,0.0028125,0.0,False,max_tpr_with_empirical_fpr_le_target,32,True,False,7.833636496576283,7.828551075560387,0.7975,KIDNEY_STONE,LR,dp,0.2,12
0.496535546875,0.02312499999999995,3200,800,0.096875,0.096875,0.1,0.35130872621985354,310,80,720,2890,0.096875,0.1,True,max_tpr_with_empirical_fpr_le_target,0.0115625,0.0115625,0.01,0.8835533548589813,37,8,792,3163,0.0115625,0.01,True,max_tpr_with_empirical_fpr_le_target,0.000625,0.000625,0.001,1.5656546070176391,2,0,800,3198,0.000625,0.0,False,max_tpr_with_empirical_fpr_le_target,32,True,False,7.958906640483011,8.030863410963399,0.7975,KIDNEY_STONE,LR,dp,0.2,13
0.499289453125,0.017187500000000022,3200,800,0.105625,0.105625,0.1,0.40839220880847016,338,80,720,2862,0.105625,0.1,True,max_tpr_with_empirical_fpr_le_target,0.0096875,0.0096875,0.01,1.0845101879817935,31,7,793,3169,0.0096875,0.00875,True,max_tpr_with_empirical_fpr_le_target,0.0009375,0.0009375,0.001,1.5148473094347619,3,0,800,3197,0.0009375,0.0,False,max_tpr_with_empirical_fpr_le_target,32,True,False,8.025898931319226,8.026169219494827,0.7975,KIDNEY_STONE,LR,dp,0.2,14
0.47833984375,0.004999999999999999,3200,800,0.0825,0.0825,0.1,0.3615335371052564,264,79,721,2936,0.0825,0.09875,True,max_tpr_with_empirical_fpr_le_target,0.0125,0.0125,0.01,0.8062612838081913,40,8,792,3160,0.0125,0.01,True,max_tpr_with_empirical_fpr_le_target,0.00125,0.00125,0.001,1.2990384117451983,4,0,800,3196,0.00125,0.0,False,max_tpr_with_empirical_fpr_le_target,32,True,False,8.031765700582666,8.027600911632138,0.7975,KIDNEY_STONE,LR,dp,0.2,15
0.48712617187500007,0.010937500000000001,3200,800,0.094375,0.094375,0.1,0.39669823389181147,302,80,720,2898,0.094375,0.1,True,max_tpr_with_empirical_fpr_le_target,0.0209375,0.0209375,0.01,0.7675003804431277,67,8,792,3133,0.0209375,0.01,True,max_tpr_with_empirical_fpr_le_target,0.00625,0.00625,0.001,1.0454606444602277,20,0,800,3180,0.00625,0.0,False,max_tpr_with_empirical_fpr_le_target,32,True,False,7.775234894830202,7.8192843728422305,0.7975,KIDNEY_STONE,LR,dp,0.2,16
0.5087250000000001,0.028437500000000004,3200,800,0.11625,0.11625,0.1,0.32349577976934896,372,80,720,2828,0.11625,0.1,True,max_tpr_with_empirical_fpr_le_target,0.02,0.02,0.01,0.8421639190982555,64,8,792,3136,0.02,0.01,True,max_tpr_with_empirical_fpr_le_target,0.000625,0.000625,0.001,1.9517119012126978,2,0,800,3198,0.000625,0.0,False,max_tpr_with_empirical_fpr_le_target,32,True,False,8.082991886505477,8.00842620374682,0.7975,KIDNEY_STONE,LR,dp,0.2,17
0.507843359375,0.04062500000000002,3200,800,0.1040625,0.1040625,0.1,0.32689358324923123,333,80,720,2867,0.1040625,0.1,True,max_tpr_with_empirical_fpr_le_target,0.0159375,0.0159375,0.01,0.7472450800790504,51,8,792,3149,0.0159375,0.01,True,max_tpr_with_empirical_fpr_le_target,0.0009375,0.0009375,0.001,1.328987618556348,3,0,800,3197,0.0009375,0.0,False,max_tpr_with_empirical_fpr_le_target,32,True,False,8.158964290561514,8.169091618794658,0.7975,KIDNEY_STONE,LR,dp,0.2,18
0.48986601562500004,0.011249999999999982,3200,800,0.1025,0.1025,0.1,0.3554605987327033,328,80,720,2872,0.1025,0.1,True,max_tpr_with_empirical_fpr_le_target,0.00875,0.00875,0.01,0.9294596375133919,28,8,792,3172,0.00875,0.01,True,max_tpr_with_empirical_fpr_le_target,0.0028125,0.0028125,0.001,1.2941605614703118,9,0,800,3191,0.0028125,0.0,False,max_tpr_with_empirical_fpr_le_target,32,True,False,7.945934896603374,7.980486843050291,0.7975,KIDNEY_STONE,LR,dp,0.2,19
0.48821562500000004,0.024062499999999987,3200,800,0.1078125,0.1078125,0.1,0.3549368333218137,345,80,720,2855,0.1078125,0.1,True,max_tpr_with_empirical_fpr_le_target,0.0075,0.0075,0.01,0.945607323892923,24,8,792,3176,0.0075,0.01,True,max_tpr_with_empirical_fpr_le_target,0.0003125,0.0003125,0.001,2.1670656265697996,1,0,800,3199,0.0003125,0.0,False,max_tpr_with_empirical_fpr_le_target,32,True,False,7.415195913761096,7.426715026771864,0.7975,KIDNEY_STONE,LR,dp,0.2,20
0.49152265625,0.007187500000000013,3200,800,0.0865625,0.0865625,0.1,0.38179777153007954,277,80,720,2923,0.0865625,0.1,True,max_tpr_with_empirical_fpr_le_target,0.0109375,0.0109375,0.01,0.9102579382769971,35,7,793,3165,0.0109375,0.00875,True,max_tpr_with_empirical_fpr_le_target,0.0021875,0.0021875,0.001,1.3625653773582038,7,0,800,3193,0.0021875,0.0,False,max_tpr_with_empirical_fpr_le_target,32,True,False,7.9458135741407245,8.00303899345178,0.7975,KIDNEY_STONE,LR,dp,0.2,21
0.512555859375,0.03875000000000001,3200,800,0.0984375,0.0984375,0.1,0.35624261981796446,315,80,720,2885,0.0984375,0.1,True,max_tpr_with_empirical_fpr_le_target,0.01375,0.01375,0.01,0.8642791994739332,44,8,792,3156,0.01375,0.01,True,max_tpr_with_empirical_fpr_le_target,0.00125,0.00125,0.001,1.8345843136930853,4,0,800,3196,0.00125,0.0,False,max_tpr_with_empirical_fpr_le_target,32,True,False,7.675957551180724,7.736601494189414,0.7975,KIDNEY_STONE,LR,dp,0.2,22
0.504672265625,0.03531249999999997,3200,800,0.106875,0.106875,0.1,0.3179641428815052,342,80,720,2858,0.106875,0.1,True,max_tpr_with_empirical_fpr_le_target,0.0096875,0.0096875,0.01,0.8107874409566853,31,8,792,3169,0.0096875,0.01,True,max_tpr_with_empirical_fpr_le_target,0.000625,0.000625,0.001,1.6096768843493208,2,0,800,3198,0.000625,0.0,False,max_tpr_with_empirical_fpr_le_target,32,True,False,7.461623946851816,7.498428737822953,0.7975,KIDNEY_STONE,LR,dp,0.2,23
0.51669609375,0.05343750000000003,3200,800,0.1146875,0.1146875,0.1,0.3310718917394193,367,80,720,2833,0.1146875,0.1,True,max_tpr_with_empirical_fpr_le_target,0.019375,0.019375,0.01,0.7506507349840099,62,8,792,3138,0.019375,0.01,True,max_tpr_with_empirical_fpr_le_target,0.0009375,0.0009375,0.001,1.57749366552278,3,0,800,3197,0.0009375,0.0,False,max_tpr_with_empirical_fpr_le_target,32,True,False,7.6547409873788395,7.624247144208982,0.7975,KIDNEY_STONE,LR,dp,0.2,24
0.50008671875,0.02718750000000003,3200,800,0.096875,0.096875,0.1,0.3516628744668444,310,80,720,2890,0.096875,0.1,True,max_tpr_with_empirical_fpr_le_target,0.00875,0.00875,0.01,0.9669659664270922,28,8,792,3172,0.00875,0.01,True,max_tpr_with_empirical_fpr_le_target,0.0009375,0.0009375,0.001,1.7939656282089018,3,0,800,3197,0.0009375,0.0,False,max_tpr_with_empirical_fpr_le_target,32,True,False,7.690047910668417,7.626255308343912,0.7975,KIDNEY_STONE,LR,dp,0.2,25
0.502830859375,0.026562500000000003,3200,800,0.10875,0.10875,0.1,0.3112687658220432,348,80,720,2852,0.10875,0.1,True,max_tpr_with_empirical_fpr_le_target,0.01,0.01,0.01,0.8630347107487824,32,8,792,3168,0.01,0.01,True,max_tpr_with_empirical_fpr_le_target,0.001875,0.001875,0.001,1.5119383777704019,6,0,800,3194,0.001875,0.0,False,max_tpr_with_empirical_fpr_le_target,32,True,False,7.866037670068267,7.926665897324778,0.7975,KIDNEY_STONE,LR,dp,0.2,26
0.502,0.035312500000000024,3200,800,0.1146875,0.1146875,0.1,0.3454241009245025,367,80,720,2833,0.1146875,0.1,True,max_tpr_with_empirical_fpr_le_target,0.0153125,0.0153125,0.01,0.8727669957781892,49,8,792,3151,0.0153125,0.01,True,max_tpr_with_empirical_fpr_le_target,0.0015625,0.0015625,0.001,1.5180957086916527,5,0,800,3195,0.0015625,0.0,False,max_tpr_with_empirical_fpr_le_target,32,True,False,7.356861956810482,7.337585126142329,0.7975,KIDNEY_STONE,LR,dp,0.2,27
0.5006843750000001,0.027812500000000018,3200,800,0.099375,0.099375,0.1,0.384287442707433,318,80,720,2882,0.099375,0.1,True,max_tpr_with_empirical_fpr_le_target,0.0115625,0.0115625,0.01,0.9260655945059062,37,8,792,3163,0.0115625,0.01,True,max_tpr_with_empirical_fpr_le_target,0.00125,0.00125,0.001,1.571185541142789,4,0,800,3196,0.00125,0.0,False,max_tpr_with_empirical_fpr_le_target,32,True,False,7.99322878587074,7.99210310361784,0.7975,KIDNEY_STONE,LR,dp,0.2,28
0.522164453125,0.044062500000000004,3200,800,0.1221875,0.1221875,0.1,0.3469673535247706,391,79,721,2809,0.1221875,0.09875,True,max_tpr_with_empirical_fpr_le_target,0.0125,0.0125,0.01,0.9462775758568753,40,8,792,3160,0.0125,0.01,True,max_tpr_with_empirical_fpr_le_target,0.0021875,0.0021875,0.001,1.4131630441519265,7,0,800,3193,0.0021875,0.0,False,max_tpr_with_empirical_fpr_le_target,32,True,False,7.507033159926937,7.5323502710339465,0.7975,KIDNEY_STONE,LR,dp,0.2,29
0.511433984375,0.03375,3200,800,0.108125,0.108125,0.1,0.3050307138649644,346,80,720,2854,0.108125,0.1,True,max_tpr_with_empirical_fpr_le_target,0.0175,0.0175,0.01,0.7562895074637037,56,8,792,3144,0.0175,0.01,True,max_tpr_with_empirical_fpr_le_target,0.00125,0.00125,0.001,1.3050794607203757,4,0,800,3196,0.00125,0.0,False,max_tpr_with_empirical_fpr_le_target,32,True,False,6.940823050936206,6.9624746070671755,0.82875,KIDNEY_STONE,LR,dp,0.4,0
0.50878984375,0.03156249999999999,3200,800,0.108125,0.108125,0.1,0.30233936758067426,346,80,720,2854,0.108125,0.1,True,max_tpr_with_empirical_fpr_le_target,0.01,0.01,0.01,0.881438125328792,32,8,792,3168,0.01,0.01,True,max_tpr_with_empirical_fpr_le_target,0.0003125,0.0003125,0.001,1.871542397611491,1,0,800,3199,0.0003125,0.0,False,max_tpr_with_empirical_fpr_le_target,32,True,False,6.666059605368652,6.713654312072024,0.82875,KIDNEY_STONE,LR,dp,0.4,1
0.48859257812499995,0.023124999999999993,3200,800,0.1084375,0.1084375,0.1,0.27684381472336117,347,80,720,2853,0.1084375,0.1,True,max_tpr_with_empirical_fpr_le_target,0.005,0.005,0.01,0.9375399365929287,16,7,793,3184,0.005,0.00875,True,max_tpr_with_empirical_fpr_le_target,0.001875,0.001875,0.001,1.2773712553206362,6,0,800,3194,0.001875,0.0,False,max_tpr_with_empirical_fpr_le_target,32,True,False,6.878001520272914,6.96109057417866,0.82875,KIDNEY_STONE,LR,dp,0.4,2
0.48888046875,0.018125000000000002,3200,800,0.0984375,0.0984375,0.1,0.31848208594194194,315,80,720,2885,0.0984375,0.1,True,max_tpr_with_empirical_fpr_le_target,0.0096875,0.0096875,0.01,0.8775283286401314,31,7,793,3169,0.0096875,0.00875,True,max_tpr_with_empirical_fpr_le_target,0.0021875,0.0021875,0.001,1.2863514173238726,7,0,800,3193,0.0021875,0.0,False,max_tpr_with_empirical_fpr_le_target,32,True,False,6.511848976086772,6.60849681684707,0.82875,KIDNEY_STONE,LR,dp,0.4,3
0.48389609375000003,0.016875,3200,800,0.0934375,0.0934375,0.1,0.30702538911264776,299,80,720,2901,0.0934375,0.1,True,max_tpr_with_empirical_fpr_le_target,0.0228125,0.0228125,0.01,0.679419668432522,73,8,792,3127,0.0228125,0.01,True,max_tpr_with_empirical_fpr_le_target,0.0075,0.0075,0.001,1.0587106598974776,24,0,800,3176,0.0075,0.0,False,max_tpr_with_empirical_fpr_le_target,32,True,False,6.735112114178067,6.709532773711468,0.82875,KIDNEY_STONE,LR,dp,0.4,4
0.49794375,0.014062500000000006,3200,800,0.101875,0.101875,0.1,0.3000518605857647,326,80,720,2874,0.101875,0.1,True,max_tpr_with_empirical_fpr_le_target,0.013125,0.013125,0.01,0.8424082903781347,42,8,792,3158,0.013125,0.01,True,max_tpr_with_empirical_fpr_le_target,0.0028125,0.0028125,0.001,1.1895910258254374,9,0,800,3191,0.0028125,0.0,False,max_tpr_with_empirical_fpr_le_target,32,True,False,6.748349690943942,6.8304020720510685,0.82875,KIDNEY_STONE,LR,dp,0.4,5
0.48333046874999996,0.0034375000000000933,3200,800,0.080625,0.080625,0.1,0.3606322879256547,258,80,720,2942,0.080625,0.1,True,max_tpr_with_empirical_fpr_le_target,0.0059375,0.0059375,0.01,1.016105993781676,19,8,792,3181,0.0059375,0.01,True,max_tpr_with_empirical_fpr_le_target,0.000625,0.000625,0.001,1.6183106198102877,2,0,800,3198,0.000625,0.0,False,max_tpr_with_empirical_fpr_le_target,32,True,False,6.668331165604072,6.761414122950429,0.82875,KIDNEY_STONE,LR,dp,0.4,6
0.50317265625,0.023749999999999993,3200,800,0.104375,0.104375,0.1,0.28727240908869334,334,80,720,2866,0.104375,0.1,True,max_tpr_with_empirical_fpr_le_target,0.0184375,0.0184375,0.01,0.6935607422583345,59,8,792,3141,0.0184375,0.01,True,max_tpr_with_empirical_fpr_le_target,0.003125,0.003125,0.001,1.1092073721226612,10,0,800,3190,0.003125,0.0,False,max_tpr_with_empirical_fpr_le_target,32,True,False,6.8953514028226595,6.900307225227998,0.82875,KIDNEY_STONE,LR,dp,0.4,7
0.506933984375,0.030937500000000007,3200,800,0.11125,0.11125,0.1,0.300106450692887,356,80,720,2844,0.11125,0.1,True,max_tpr_with_empirical_fpr_le_target,0.010625,0.010625,0.01,0.9276573638035419,34,8,792,3166,0.010625,0.01,True,max_tpr_with_empirical_fpr_le_target,0.000625,0.000625,0.001,1.6778748038839058,2,0,800,3198,0.000625,0.0,False,max_tpr_with_empirical_fpr_le_target,32,True,False,6.6675434980716295,6.680402437153409,0.82875,KIDNEY_STONE,LR,dp,0.4,8
0.48103984375,0.007187500000000013,3200,800,0.0784375,0.0784375,0.1,0.38318948493315874,251,80,720,2949,0.0784375,0.1,True,max_tpr_with_empirical_fpr_le_target,0.0084375,0.0084375,0.01,0.9765767316356708,27,7,793,3173,0.0084375,0.00875,True,max_tpr_with_empirical_fpr_le_target,0.00125,0.00125,0.001,1.4584906471543286,4,0,800,3196,0.00125,0.0,False,max_tpr_with_empirical_fpr_le_target,32,True,False,6.598238683153715,6.685671913275316,0.82875,KIDNEY_STONE,LR,dp,0.4,9
0.49658710937499995,0.015625,3200,800,0.1071875,0.1071875,0.1,0.2974531277254151,343,80,720,2857,0.1071875,0.1,True,max_tpr_with_empirical_fpr_le_target,0.0146875,0.0146875,0.01,0.7422996559807946,47,8,792,3153,0.0146875,0.01,True,max_tpr_with_empirical_fpr_le_target,0.00125,0.00125,0.001,1.6103370191990618,4,0,800,3196,0.00125,0.0,False,max_tpr_with_empirical_fpr_le_target,32,True,False,6.7160389184124325,6.77153473808069,0.82875,KIDNEY_STONE,LR,dp,0.4,10
0.508865234375,0.028125000000000067,3200,800,0.1,0.1,0.1,0.3230657955333567,320,80,720,2880,0.1,0.1,True,max_tpr_with_empirical_fpr_le_target,0.016875,0.016875,0.01,0.7638707640776294,54,8,792,3146,0.016875,0.01,True,max_tpr_with_empirical_fpr_le_target,0.000625,0.000625,0.001,2.0644667012972002,2,0,800,3198,0.000625,0.0,False,max_tpr_with_empirical_fpr_le_target,32,True,False,6.771861319289279,6.826461952907777,0.82875,KIDNEY_STONE,LR,dp,0.4,11
0.50665234375,0.02718750000000003,3200,800,0.1028125,0.1028125,0.1,0.3358484195280651,329,79,721,2871,0.1028125,0.09875,True,max_tpr_with_empirical_fpr_le_target,0.0175,0.0175,0.01,0.7831884311285711,56,8,792,3144,0.0175,0.01,True,max_tpr_with_empirical_fpr_le_target,0.0021875,0.0021875,0.001,1.4864899168817218,7,0,800,3193,0.0021875,0.0,False,max_tpr_with_empirical_fpr_le_target,32,True,False,6.617753859564707,6.637456173194723,0.82875,KIDNEY_STONE,LR,dp,0.4,12
0.49972421875,0.02906249999999999,3200,800,0.0953125,0.0953125,0.1,0.32047916606186533,305,80,720,2895,0.0953125,0.1,True,max_tpr_with_empirical_fpr_le_target,0.0103125,0.0103125,0.01,0.8287547338263992,33,8,792,3167,0.0103125,0.01,True,max_tpr_with_empirical_fpr_le_target,0.0003125,0.0003125,0.001,1.5961794413611479,1,0,800,3199,0.0003125,0.0,False,max_tpr_with_empirical_fpr_le_target,32,True,False,6.7279701084976695,6.8160058070064515,0.82875,KIDNEY_STONE,LR,dp,0.4,13
0.500210546875,0.016249999999999987,3200,800,0.1065625,0.1065625,0.1,0.3544464685304427,341,80,720,2859,0.1065625,0.1,True,max_tpr_with_empirical_fpr_le_target,0.0134375,0.0134375,0.01,0.8977828981425278,43,8,792,3157,0.0134375,0.01,True,max_tpr_with_empirical_fpr_le_target,0.0,0.0,0.001,inf,0,0,800,3200,0.0,0.0,False,max_tpr_with_empirical_fpr_le_target,32,True,False,6.847391392084496,6.856594088373609,0.82875,KIDNEY_STONE,LR,dp,0.4,14
0.4807484375,0.004687500000000001,3200,800,0.090625,0.090625,0.1,0.3039492396792429,290,80,720,2910,0.090625,0.1,True,max_tpr_with_empirical_fpr_le_target,0.013125,0.013125,0.01,0.7336955673671421,42,8,792,3158,0.013125,0.01,True,max_tpr_with_empirical_fpr_le_target,0.0046875,0.0046875,0.001,0.9765283450040405,15,0,800,3185,0.0046875,0.0,False,max_tpr_with_empirical_fpr_le_target,32,True,False,6.8784659254075855,6.867164255965295,0.82875,KIDNEY_STONE,LR,dp,0.4,15
0.47819218750000003,0.013125000000000001,3200,800,0.091875,0.091875,0.1,0.34043069202742826,294,80,720,2906,0.091875,0.1,True,max_tpr_with_empirical_fpr_le_target,0.02125,0.02125,0.01,0.703634407442709,68,8,792,3132,0.02125,0.01,True,max_tpr_with_empirical_fpr_le_target,0.013125,0.013125,0.001,0.8072024192400824,42,0,800,3158,0.013125,0.0,False,max_tpr_with_empirical_fpr_le_target,32,True,False,6.644010678949108,6.695391126179056,0.82875,KIDNEY_STONE,LR,dp,0.4,16
0.504936328125,0.024375000000000036,3200,800,0.105,0.105,0.1,0.31624186893741957,336,80,720,2864,0.105,0.1,True,max_tpr_with_empirical_fpr_le_target,0.01625,0.01625,0.01,0.8207282188248302,52,8,792,3148,0.01625,0.01,True,max_tpr_with_empirical_fpr_le_target,0.0009375,0.0009375,0.001,1.592117352711388,3,0,800,3197,0.0009375,0.0,False,max_tpr_with_empirical_fpr_le_target,32,True,False,6.870733140266067,6.831175053207947,0.82875,KIDNEY_STONE,LR,dp,0.4,17
0.5112953125,0.035,3200,800,0.1003125,0.1003125,0.1,0.2826442572637493,321,80,720,2879,0.1003125,0.1,True,max_tpr_with_empirical_fpr_le_target,0.0109375,0.0109375,0.01,0.789276039980344,35,8,792,3165,0.0109375,0.01,True,max_tpr_with_empirical_fpr_le_target,0.0015625,0.0015625,0.001,1.236693451898201,5,0,800,3195,0.0015625,0.0,False,max_tpr_with_empirical_fpr_le_target,32,True,False,6.948395078598419,6.964092022491506,0.82875,KIDNEY_STONE,LR,dp,0.4,18
0.491126171875,0.01781250000000001,3200,800,0.1015625,0.1015625,0.1,0.31070167985816344,325,80,720,2875,0.1015625,0.1,True,max_tpr_with_empirical_fpr_le_target,0.0140625,0.0140625,0.01,0.8051405477031333,45,8,792,3155,0.0140625,0.01,True,max_tpr_with_empirical_fpr_le_target,0.0021875,0.0021875,0.001,1.3106054427096323,7,0,800,3193,0.0021875,0.0,False,max_tpr_with_empirical_fpr_le_target,32,True,False,6.7318071846422525,6.772296262612547,0.82875,KIDNEY_STONE,LR,dp,0.4,19
0.48453085937499996,0.008124999999999993,3200,800,0.1003125,0.1003125,0.1,0.3265325776433765,321,80,720,2879,0.1003125,0.1,True,max_tpr_with_empirical_fpr_le_target,0.006875,0.006875,0.01,0.9663339548467373,22,8,792,3178,0.006875,0.01,True,max_tpr_with_empirical_fpr_le_target,0.0003125,0.0003125,0.001,2.1547550049076047,1,0,800,3199,0.0003125,0.0,False,max_tpr_with_empirical_fpr_le_target,32,True,False,6.378452369729343,6.384029915942703,0.82875,KIDNEY_STONE,LR,dp,0.4,20
0.491139453125,0.011562500000000031,3200,800,0.085625,0.085625,0.1,0.34012543874159995,274,78,722,2926,0.085625,0.0975,True,max_tpr_with_empirical_fpr_le_target,0.0109375,0.0109375,0.01,0.8287250696031876,35,7,793,3165,0.0109375,0.00875,True,max_tpr_with_empirical_fpr_le_target,0.001875,0.001875,0.001,1.438385008505187,6,0,800,3194,0.001875,0.0,False,max_tpr_with_empirical_fpr_le_target,32,True,False,6.708387438514177,6.753583120349742,0.82875,KIDNEY_STONE,LR,dp,0.4,21
0.5140882812500001,0.046875,3200,800,0.110625,0.110625,0.1,0.2991836472755103,354,80,720,2846,0.110625,0.1,True,max_tpr_with_empirical_fpr_le_target,0.0121875,0.0121875,0.01,0.8298532289049496,39,8,792,3161,0.0121875,0.01,True,max_tpr_with_empirical_fpr_le_target,0.0015625,0.0015625,0.001,1.4133439491724973,5,0,800,3195,0.0015625,0.0,False,max_tpr_with_empirical_fpr_le_target,32,True,False,6.5033921289808685,6.589167323190159,0.82875,KIDNEY_STONE,LR,dp,0.4,22
0.5074183593749999,0.030000000000000027,3200,800,0.0940625,0.0940625,0.1,0.31261229066485896,301,80,720,2899,0.0940625,0.1,True,max_tpr_with_empirical_fpr_le_target,0.0125,0.0125,0.01,0.7959184709682496,40,8,792,3160,0.0125,0.01,True,max_tpr_with_empirical_fpr_le_target,0.0,0.0,0.001,inf,0,0,800,3200,0.0,0.0,False,max_tpr_with_empirical_fpr_le_target,32,True,False,6.372638258549411,6.395601641015151,0.82875,KIDNEY_STONE,LR,dp,0.4,23
0.510376171875,0.03843750000000001,3200,800,0.11375,0.11375,0.1,0.30905806989631834,364,79,721,2836,0.11375,0.09875,True,max_tpr_with_empirical_fpr_le_target,0.01625,0.01625,0.01,0.721018031930825,52,8,792,3148,0.01625,0.01,True,max_tpr_with_empirical_fpr_le_target,0.0003125,0.0003125,0.001,1.6266708270725245,1,0,800,3199,0.0003125,0.0,False,max_tpr_with_empirical_fpr_le_target,32,True,False,6.483825750713416,6.460136212056387,0.82875,KIDNEY_STONE,LR,dp,0.4,24
0.501696484375,0.019374999999999976,3200,800,0.1075,0.1075,0.1,0.28975973310054837,344,80,720,2856,0.1075,0.1,True,max_tpr_with_empirical_fpr_le_target,0.01125,0.01125,0.01,0.8548116017870058,36,8,792,3164,0.01125,0.01,True,max_tpr_with_empirical_fpr_le_target,0.000625,0.000625,0.001,1.70894824510487,2,0,800,3198,0.000625,0.0,False,max_tpr_with_empirical_fpr_le_target,32,True,False,6.55486453397093,6.495128960274271,0.82875,KIDNEY_STONE,LR,dp,0.4,25
0.5071621093750001,0.032187500000000036,3200,800,0.1040625,0.1040625,0.1,0.2898849351085424,333,79,721,2867,0.1040625,0.09875,True,max_tpr_with_empirical_fpr_le_target,0.009375,0.009375,0.01,0.8526457673442751,30,8,792,3170,0.009375,0.01,True,max_tpr_with_empirical_fpr_le_target,0.00125,0.00125,0.001,1.5308489767759283,4,0,800,3196,0.00125,0.0,False,max_tpr_with_empirical_fpr_le_target,32,True,False,6.763171642867182,6.825733888557903,0.82875,KIDNEY_STONE,LR,dp,0.4,26
0.501676953125,0.03375,3200,800,0.11125,0.11125,0.1,0.3160878575982706,356,80,720,2844,0.11125,0.1,True,max_tpr_with_empirical_fpr_le_target,0.0159375,0.0159375,0.01,0.7894944486331745,51,8,792,3149,0.0159375,0.01,True,max_tpr_with_empirical_fpr_le_target,0.0025,0.0025,0.001,1.3318722404094392,8,0,800,3192,0.0025,0.0,False,max_tpr_with_empirical_fpr_le_target,32,True,False,6.347242700132417,6.335422786395941,0.82875,KIDNEY_STONE,LR,dp,0.4,27
0.4992749999999999,0.021874999999999978,3200,800,0.1034375,0.1034375,0.1,0.3251923891677162,331,80,720,2869,0.1034375,0.1,True,max_tpr_with_empirical_fpr_le_target,0.013125,0.013125,0.01,0.8413209102319454,42,8,792,3158,0.013125,0.01,True,max_tpr_with_empirical_fpr_le_target,0.0003125,0.0003125,0.001,2.1563007952686224,1,0,800,3199,0.0003125,0.0,False,max_tpr_with_empirical_fpr_le_target,32,True,False,6.855452337721327,6.876434998213531,0.82875,KIDNEY_STONE,LR,dp,0.4,28
0.5116140625,0.03843750000000001,3200,800,0.1171875,0.1171875,0.1,0.3171449028127502,375,80,720,2825,0.1171875,0.1,True,max_tpr_with_empirical_fpr_le_target,0.0184375,0.0184375,0.01,0.7824944232295783,59,8,792,3141,0.0184375,0.01,True,max_tpr_with_empirical_fpr_le_target,0.0028125,0.0028125,0.001,1.2559455566307909,9,0,800,3191,0.0028125,0.0,False,max_tpr_with_empirical_fpr_le_target,32,True,False,6.472013329433705,6.508707613982214,0.82875,KIDNEY_STONE,LR,dp,0.4,29
0.49451953125000003,0.018124999999999947,3200,800,0.096875,0.096875,0.1,0.33108841972187664,310,80,720,2890,0.096875,0.1,True,max_tpr_with_empirical_fpr_le_target,0.0115625,0.0115625,0.01,0.9914032172504825,37,8,792,3163,0.0115625,0.01,True,max_tpr_with_empirical_fpr_le_target,0.001875,0.001875,0.001,1.7617933627897324,6,0,800,3194,0.001875,0.0,False,max_tpr_with_empirical_fpr_le_target,32,True,False,9.115651977917384,9.164805366026973,0.8175,KIDNEY_STONE,LR,dp,0.8,0
0.515765625,0.03250000000000003,3200,800,0.1184375,0.1184375,0.1,0.27686388358516023,379,80,720,2821,0.1184375,0.1,True,max_tpr_with_empirical_fpr_le_target,0.01375,0.01375,0.01,0.9026157798239423,44,8,792,3156,0.01375,0.01,True,max_tpr_with_empirical_fpr_le_target,0.0046875,0.0046875,0.001,1.5062136967917388,15,0,800,3185,0.0046875,0.0,False,max_tpr_with_empirical_fpr_le_target,32,True,False,8.882781488925744,8.978221379259615,0.8175,KIDNEY_STONE,LR,dp,0.8,1
0.499073828125,0.02906249999999999,3200,800,0.0909375,0.0909375,0.1,0.30530541836824554,291,80,720,2909,0.0909375,0.1,True,max_tpr_with_empirical_fpr_le_target,0.0075,0.0075,0.01,0.9728893327075498,24,8,792,3176,0.0075,0.01,True,max_tpr_with_empirical_fpr_le_target,0.0009375,0.0009375,0.001,2.084614147885057,3,0,800,3197,0.0009375,0.0,False,max_tpr_with_empirical_fpr_le_target,32,True,False,8.789539241075367,8.913351147302604,0.8175,KIDNEY_STONE,LR,dp,0.8,2
0.48636718749999996,0.0053125,3200,800,0.0878125,0.0878125,0.1,0.36501163810746373,281,79,721,2919,0.0878125,0.09875,True,max_tpr_with_empirical_fpr_le_target,0.0115625,0.0115625,0.01,0.9493108521206866,37,7,793,3163,0.0115625,0.00875,True,max_tpr_with_empirical_fpr_le_target,0.0053125,0.0053125,0.001,1.2328960144876628,17,0,800,3183,0.0053125,0.0,False,max_tpr_with_empirical_fpr_le_target,32,True,False,8.58547797495167,8.725394239613957,0.8175,KIDNEY_STONE,LR,dp,0.8,3
0.4758451171875,0.009062500000000001,3200,800,0.089375,0.089375,0.1,0.3144345545105458,286,80,720,2914,0.089375,0.1,True,max_tpr_with_empirical_fpr_le_target,0.010625,0.010625,0.01,1.125862694154932,34,6,794,3166,0.010625,0.0075,True,max_tpr_with_empirical_fpr_le_target,0.0025,0.0025,0.001,1.9940887461946044,8,0,800,3192,0.0025,0.0,False,max_tpr_with_empirical_fpr_le_target,32,True,False,8.63340418366828,8.618317162319403,0.8175,KIDNEY_STONE,LR,dp,0.8,4
0.494763671875,0.02531249999999996,3200,800,0.0984375,0.0984375,0.1,0.3209536512283635,315,79,721,2885,0.0984375,0.09875,True,max_tpr_with_empirical_fpr_le_target,0.0084375,0.0084375,0.01,1.0511932066583336,27,8,792,3173,0.0084375,0.01,True,max_tpr_with_empirical_fpr_le_target,0.000625,0.000625,0.001,2.314107014642147,2,0,800,3198,0.000625,0.0,False,max_tpr_with_empirical_fpr_le_target,32,True,False,8.855836536573165,8.995130265168052,0.8175,KIDNEY_STONE,LR,dp,0.8,5
0.497264453125,0.022500000000000075,3200,800,0.0934375,0.0934375,0.1,0.3587519647498141,299,80,720,2901,0.0934375,0.1,True,max_tpr_with_empirical_fpr_le_target,0.0075,0.0075,0.01,1.0918172546992286,24,8,792,3176,0.0075,0.01,True,max_tpr_with_empirical_fpr_le_target,0.000625,0.000625,0.001,1.8694615718801897,2,0,800,3198,0.000625,0.0,False,max_tpr_with_empirical_fpr_le_target,32,True,False,8.647658105413488,8.791920073490596,0.8175,KIDNEY_STONE,LR,dp,0.8,6
0.49390937500000004,0.020312499999999997,3200,800,0.11375,0.11375,0.1,0.2801255041959454,364,80,720,2836,0.11375,0.1,True,max_tpr_with_empirical_fpr_le_target,0.010625,0.010625,0.01,1.080486260857585,34,8,792,3166,0.010625,0.01,True,max_tpr_with_empirical_fpr_le_target,0.004375,0.004375,0.001,1.458888935159882,14,0,800,3186,0.004375,0.0,False,max_tpr_with_empirical_fpr_le_target,32,True,False,8.988309110379275,8.974799590244027,0.8175,KIDNEY_STONE,LR,dp,0.8,7
0.51465,0.038124999999999964,3200,800,0.11,0.11,0.1,0.2974858559115421,352,79,721,2848,0.11,0.09875,True,max_tpr_with_empirical_fpr_le_target,0.0140625,0.0140625,0.01,1.0209853747189932,45,8,792,3155,0.0140625,0.01,True,max_tpr_with_empirical_fpr_le_target,0.0015625,0.0015625,0.001,1.971143483271101,5,0,800,3195,0.0015625,0.0,False,max_tpr_with_empirical_fpr_le_target,32,True,False,8.529092081040712,8.576118444595808,0.8175,KIDNEY_STONE,LR,dp,0.8,8
0.46267929687500003,0.003124999999999996,3200,800,0.09125,0.09125,0.1,0.3592466557797849,292,79,721,2908,0.09125,0.09875,True,max_tpr_with_empirical_fpr_le_target,0.0065625,0.0065625,0.01,1.1048980880089,21,8,792,3179,0.0065625,0.01,True,max_tpr_with_empirical_fpr_le_target,0.0015625,0.0015625,0.001,1.613052646264988,5,0,800,3195,0.0015625,0.0,False,max_tpr_with_empirical_fpr_le_target,32,True,False,8.697298672783957,8.81748454005399,0.8175,KIDNEY_STONE,LR,dp,0.8,9
0.49629687499999997,0.022812500000000013,3200,800,0.098125,0.098125,0.1,0.32934545598410914,314,80,720,2886,0.098125,0.1,True,max_tpr_with_empirical_fpr_le_target,0.010625,0.010625,0.01,1.02289701545189,34,7,793,3166,0.010625,0.00875,True,max_tpr_with_empirical_fpr_le_target,0.0009375,0.0009375,0.001,2.4055945683955606,3,0,800,3197,0.0009375,0.0,False,max_tpr_with_empirical_fpr_le_target,32,True,False,8.85661291313717,8.902012508773284,0.8175,KIDNEY_STONE,LR,dp,0.8,10
0.51915078125,0.04093749999999996,3200,800,0.1121875,0.1121875,0.1,0.31526136936399896,359,79,721,2841,0.1121875,0.09875,True,max_tpr_with_empirical_fpr_le_target,0.01,0.01,0.01,1.0669097138046992,32,7,793,3168,0.01,0.00875,True,max_tpr_with_empirical_fpr_le_target,0.0003125,0.0003125,0.001,2.7779601698401404,1,0,800,3199,0.0003125,0.0,False,max_tpr_with_empirical_fpr_le_target,32,True,False,9.065133304774152,9.10354538694503,0.8175,KIDNEY_STONE,LR,dp,0.8,11
0.511925,0.03468749999999998,3200,800,0.1090625,0.1090625,0.1,0.31961357806852053,349,80,720,2851,0.1090625,0.1,True,max_tpr_with_empirical_fpr_le_target,0.0125,0.0125,0.01,0.9904573452819871,40,8,792,3160,0.0125,0.01,True,max_tpr_with_empirical_fpr_le_target,0.000625,0.000625,0.001,1.8494977330892084,2,0,800,3198,0.000625,0.0,False,max_tpr_with_empirical_fpr_le_target,32,True,False,8.772588711948872,8.756596298981105,0.8175,KIDNEY_STONE,LR,dp,0.8,12
0.5056078125000001,0.030000000000000027,3200,800,0.1109375,0.1109375,0.1,0.29714724513377266,355,80,720,2845,0.1109375,0.1,True,max_tpr_with_empirical_fpr_le_target,0.0090625,0.0090625,0.01,0.9575030203644044,29,6,794,3171,0.0090625,0.0075,True,max_tpr_with_empirical_fpr_le_target,0.0003125,0.0003125,0.001,2.112244415839604,1,0,800,3199,0.0003125,0.0,False,max_tpr_with_empirical_fpr_le_target,32,True,False,8.971760895220623,9.077070293550374,0.8175,KIDNEY_STONE,LR,dp,0.8,13
0.502194140625,0.025937500000000058,3200,800,0.10875,0.10875,0.1,0.34913750049133396,348,79,721,2852,0.10875,0.09875,True,max_tpr_with_empirical_fpr_le_target,0.0115625,0.0115625,0.01,0.9789384309533133,37,8,792,3163,0.0115625,0.01,True,max_tpr_with_empirical_fpr_le_target,0.0003125,0.0003125,0.001,2.161975706688552,1,0,800,3199,0.0003125,0.0,False,max_tpr_with_empirical_fpr_le_target,32,True,False,9.000789811735054,9.005092484966392,0.8175,KIDNEY_STONE,LR,dp,0.8,14
0.49675195312500003,0.01968749999999997,3200,800,0.1003125,0.1003125,0.1,0.30454951459700297,321,79,721,2879,0.1003125,0.09875,True,max_tpr_with_empirical_fpr_le_target,0.01,0.01,0.01,0.9543583191719991,32,7,793,3168,0.01,0.00875,True,max_tpr_with_empirical_fpr_le_target,0.0028125,0.0028125,0.001,1.653533178136147,9,0,800,3191,0.0028125,0.0,False,max_tpr_with_empirical_fpr_le_target,32,True,False,8.8323586127369,8.840861081380986,0.8175,KIDNEY_STONE,LR,dp,0.8,15
0.494875390625,0.01125000000000001,3200,800,0.1,0.1,0.1,0.341855152272855,320,78,722,2880,0.1,0.0975,True,max_tpr_with_empirical_fpr_le_target,0.013125,0.013125,0.01,0.9446444665277358,42,7,793,3158,0.013125,0.00875,True,max_tpr_with_empirical_fpr_le_target,0.0021875,0.0021875,0.001,1.5338800627050508,7,0,800,3193,0.0021875,0.0,False,max_tpr_with_empirical_fpr_le_target,32,True,False,8.725422497016451,8.802101771472504,0.8175,KIDNEY_STONE,LR,dp,0.8,16
0.503522265625,0.028124999999999956,3200,800,0.1140625,0.1140625,0.1,0.28536055288266704,365,80,720,2835,0.1140625,0.1,True,max_tpr_with_empirical_fpr_le_target,0.0184375,0.0184375,0.01,0.9486662439523528,59,8,792,3141,0.0184375,0.01,True,max_tpr_with_empirical_fpr_le_target,0.0003125,0.0003125,0.001,2.447786427563374,1,0,800,3199,0.0003125,0.0,False,max_tpr_with_empirical_fpr_le_target,32,True,False,8.830150953681422,8.741377196590008,0.8175,KIDNEY_STONE,LR,dp,0.8,17
0.507357421875,0.032187500000000036,3200,800,0.0959375,0.0959375,0.1,0.30874402803976597,307,80,720,2893,0.0959375,0.1,True,max_tpr_with_empirical_fpr_le_target,0.01125,0.01125,0.01,1.0146397728819387,36,8,792,3164,0.01125,0.01,True,max_tpr_with_empirical_fpr_le_target,0.0028125,0.0028125,0.001,1.6153885132620367,9,0,800,3191,0.0028125,0.0,False,max_tpr_with_empirical_fpr_le_target,32,True,False,9.023029321323953,9.05822690299364,0.8175,KIDNEY_STONE,LR,dp,0.8,18
0.4998869140625,0.022187500000000027,3200,800,0.105,0.105,0.1,0.305176335649731,336,80,720,2864,0.105,0.1,True,max_tpr_with_empirical_fpr_le_target,0.0115625,0.0115625,0.01,0.9326863398754592,37,8,792,3163,0.0115625,0.01,True,max_tpr_with_empirical_fpr_le_target,0.0021875,0.0021875,0.001,1.6249637513006494,7,0,800,3193,0.0021875,0.0,False,max_tpr_with_empirical_fpr_le_target,32,True,False,8.841871438926475,8.903837817758232,0.8175,KIDNEY_STONE,LR,dp,0.8,19
0.491315234375,0.014374999999999971,3200,800,0.1071875,0.1071875,0.1,0.31041236649686166,343,80,720,2857,0.1071875,0.1,True,max_tpr_with_empirical_fpr_le_target,0.0078125,0.0078125,0.01,1.071260531555791,25,8,792,3175,0.0078125,0.01,True,max_tpr_with_empirical_fpr_le_target,0.0,0.0,0.001,inf,0,0,800,3200,0.0,0.0,False,max_tpr_with_empirical_fpr_le_target,32,True,False,8.419122837722435,8.496231777983919,0.8175,KIDNEY_STONE,LR,dp,0.8,20
0.49737226562500003,0.020625000000000004,3200,800,0.0815625,0.0815625,0.1,0.3574204256203064,261,80,720,2939,0.0815625,0.1,True,max_tpr_with_empirical_fpr_le_target,0.0140625,0.0140625,0.01,0.8456477798769066,45,8,792,3155,0.0140625,0.01,True,max_tpr_with_empirical_fpr_le_target,0.0025,0.0025,0.001,1.542019995257757,8,0,800,3192,0.0025,0.0,False,max_tpr_with_empirical_fpr_le_target,32,True,False,9.028026033543952,9.149242792814638,0.8175,KIDNEY_STONE,LR,dp,0.8,21
0.5082265625,0.049687499999999996,3200,800,0.0915625,0.0915625,0.1,0.33172312962179173,293,80,720,2907,0.0915625,0.1,True,max_tpr_with_empirical_fpr_le_target,0.005625,0.005625,0.01,1.2127059385083037,18,7,793,3182,0.005625,0.00875,True,max_tpr_with_empirical_fpr_le_target,0.0,0.0,0.001,inf,0,0,800,3200,0.0,0.0,False,max_tpr_with_empirical_fpr_le_target,32,True,False,8.645949406989295,8.75068507651988,0.8175,KIDNEY_STONE,LR,dp,0.8,22
0.49863554687499995,0.02812500000000001,3200,800,0.096875,0.096875,0.1,0.3005481219456483,310,80,720,2890,0.096875,0.1,True,max_tpr_with_empirical_fpr_le_target,0.0078125,0.0078125,0.01,1.0901385183919459,25,8,792,3175,0.0078125,0.01,True,max_tpr_with_empirical_fpr_le_target,0.0003125,0.0003125,0.001,2.4936078156645918,1,0,800,3199,0.0003125,0.0,False,max_tpr_with_empirical_fpr_le_target,32,True,False,8.47095715837541,8.557995944811724,0.8175,KIDNEY_STONE,LR,dp,0.8,23
0.519555859375,0.04468749999999999,3200,800,0.1184375,0.1184375,0.1,0.27452791649885055,379,80,720,2821,0.1184375,0.1,True,max_tpr_with_empirical_fpr_le_target,0.0146875,0.0146875,0.01,0.9008174773063331,47,8,792,3153,0.0146875,0.01,True,max_tpr_with_empirical_fpr_le_target,0.001875,0.001875,0.001,1.9317929788308295,6,0,800,3194,0.001875,0.0,False,max_tpr_with_empirical_fpr_le_target,32,True,False,8.684637304617612,8.64964228869761,0.8175,KIDNEY_STONE,LR,dp,0.8,24
0.5060988281250001,0.03749999999999998,3200,800,0.1015625,0.1015625,0.1,0.3216100554294483,325,80,720,2875,0.1015625,0.1,True,max_tpr_with_empirical_fpr_le_target,0.00625,0.00625,0.01,1.128047740725603,20,8,792,3180,0.00625,0.01,True,max_tpr_with_empirical_fpr_le_target,0.0,0.0,0.001,inf,0,0,800,3200,0.0,0.0,False,max_tpr_with_empirical_fpr_le_target,32,True,False,8.592803710651387,8.552385764436902,0.8175,KIDNEY_STONE,LR,dp,0.8,25
0.50468359375,0.020625000000000004,3200,800,0.1015625,0.1015625,0.1,0.29831369444157607,325,80,720,2875,0.1015625,0.1,True,max_tpr_with_empirical_fpr_le_target,0.011875,0.011875,0.01,0.9186250057985834,38,8,792,3162,0.011875,0.01,True,max_tpr_with_empirical_fpr_le_target,0.000625,0.000625,0.001,2.373530649508254,2,0,800,3198,0.000625,0.0,False,max_tpr_with_empirical_fpr_le_target,32,True,False,8.67050915069771,8.738279294538318,0.8175,KIDNEY_STONE,LR,dp,0.8,26
0.4875830078125,0.005624999999999998,3200,800,0.0925,0.0925,0.1,0.3413758831503908,296,80,720,2904,0.0925,0.1,True,max_tpr_with_empirical_fpr_le_target,0.01125,0.01125,0.01,1.1390279345527556,36,7,793,3164,0.01125,0.00875,True,max_tpr_with_empirical_fpr_le_target,0.00125,0.00125,0.001,1.943915140159536,4,0,800,3196,0.00125,0.0,False,max_tpr_with_empirical_fpr_le_target,32,True,False,8.243837583102563,8.238319331283572,0.8175,KIDNEY_STONE,LR,dp,0.8,27
0.5021921874999999,0.021562500000000012,3200,800,0.098125,0.098125,0.1,0.3408771713113907,314,80,720,2886,0.098125,0.1,True,max_tpr_with_empirical_fpr_le_target,0.0103125,0.0103125,0.01,1.1058366878845485,33,8,792,3167,0.0103125,0.01,True,max_tpr_with_empirical_fpr_le_target,0.0015625,0.0015625,0.001,1.75069905125472,5,0,800,3195,0.0015625,0.0,False,max_tpr_with_empirical_fpr_le_target,32,True,False,8.882491076276624,8.933067544550212,0.8175,KIDNEY_STONE,LR,dp,0.8,28
0.522858984375,0.041874999999999996,3200,800,0.1075,0.1075,0.1,0.3242062803022332,344,80,720,2856,0.1075,0.1,True,max_tpr_with_empirical_fpr_le_target,0.020625,0.020625,0.01,0.8660467061012991,66,8,792,3134,0.020625,0.01,True,max_tpr_with_empirical_fpr_le_target,0.00125,0.00125,0.001,2.059846707286485,4,0,800,3196,0.00125,0.0,False,max_tpr_with_empirical_fpr_le_target,32,True,False,8.41915350265592,8.51849846564892,0.8175,KIDNEY_STONE,LR,dp,0.8,29
0.50452890625,0.0246875,3200,800,0.1115625,0.1115625,0.1,0.27979988047902404,357,80,720,2843,0.1115625,0.1,True,max_tpr_with_empirical_fpr_le_target,0.01375,0.01375,0.01,0.7723772028838507,44,8,792,3156,0.01375,0.01,True,max_tpr_with_empirical_fpr_le_target,0.001875,0.001875,0.001,1.2015448603642014,6,0,800,3194,0.001875,0.0,False,max_tpr_with_empirical_fpr_le_target,32,True,False,6.577626211138852,6.603178211635201,0.84625,KIDNEY_STONE,LR,dp,1.0,0
0.49338710937499997,0.013437500000000005,3200,800,0.11125,0.11125,0.1,0.26721314909445715,356,80,720,2844,0.11125,0.1,True,max_tpr_with_empirical_fpr_le_target,0.016875,0.016875,0.01,0.752144198447573,54,8,792,3146,0.016875,0.01,True,max_tpr_with_empirical_fpr_le_target,0.0009375,0.0009375,0.001,1.4913559076781766,3,0,800,3197,0.0009375,0.0,False,max_tpr_with_empirical_fpr_le_target,32,True,False,6.352183797485714,6.424464833836763,0.84625,KIDNEY_STONE,LR,dp,1.0,1
0.484715625,0.01750000000000007,3200,800,0.0965625,0.0965625,0.1,0.27558043319742254,309,80,720,2891,0.0965625,0.1,True,max_tpr_with_empirical_fpr_le_target,0.0103125,0.0103125,0.01,0.8467500327606281,33,7,793,3167,0.0103125,0.00875,True,max_tpr_with_empirical_fpr_le_target,0.000625,0.000625,0.001,1.7049875483191226,2,0,800,3198,0.000625,0.0,False,max_tpr_with_empirical_fpr_le_target,32,True,False,6.545170339595615,6.65336345944859,0.84625,KIDNEY_STONE,LR,dp,1.0,2
0.494738671875,0.01656249999999998,3200,800,0.0915625,0.0915625,0.1,0.3190785864031511,293,80,720,2907,0.0915625,0.1,True,max_tpr_with_empirical_fpr_le_target,0.010625,0.010625,0.01,0.8529332477858258,34,7,793,3166,0.010625,0.00875,True,max_tpr_with_empirical_fpr_le_target,0.0028125,0.0028125,0.001,1.227150941227392,9,0,800,3191,0.0028125,0.0,False,max_tpr_with_empirical_fpr_le_target,32,True,False,6.271957686039396,6.3868758759467115,0.84625,KIDNEY_STONE,LR,dp,1.0,3
0.48099648437500003,0.013124999999999998,3200,800,0.1009375,0.1009375,0.1,0.28148007622123616,323,80,720,2877,0.1009375,0.1,True,max_tpr_with_empirical_fpr_le_target,0.0159375,0.0159375,0.01,0.7872507578766901,51,8,792,3149,0.0159375,0.01,True,max_tpr_with_empirical_fpr_le_target,0.005,0.005,0.001,1.3316319597256592,16,0,800,3184,0.005,0.0,False,max_tpr_with_empirical_fpr_le_target,32,True,False,6.47387298302521,6.46290548051032,0.84625,KIDNEY_STONE,LR,dp,1.0,4
0.5065328125,0.02718749999999992,3200,800,0.0884375,0.0884375,0.1,0.31864908745759246,283,80,720,2917,0.0884375,0.1,True,max_tpr_with_empirical_fpr_le_target,0.015,0.015,0.01,0.8107872425183471,48,8,792,3152,0.015,0.01,True,max_tpr_with_empirical_fpr_le_target,0.0025,0.0025,0.001,1.33429530616077,8,0,800,3192,0.0025,0.0,False,max_tpr_with_empirical_fpr_le_target,32,True,False,6.4619515750742265,6.563900207818162,0.84625,KIDNEY_STONE,LR,dp,1.0,5
0.486395703125,0.007187499999999902,3200,800,0.083125,0.083125,0.1,0.33964729631166435,266,80,720,2934,0.083125,0.1,True,max_tpr_with_empirical_fpr_le_target,0.0065625,0.0065625,0.01,0.9570101900105064,21,7,793,3179,0.0065625,0.00875,True,max_tpr_with_empirical_fpr_le_target,0.0009375,0.0009375,0.001,1.5011353209463216,3,0,800,3197,0.0009375,0.0,False,max_tpr_with_empirical_fpr_le_target,32,True,False,6.433399856350268,6.547878418778489,0.84625,KIDNEY_STONE,LR,dp,1.0,6
0.5162152343749999,0.03656250000000005,3200,800,0.1015625,0.1015625,0.1,0.2806953984731315,325,79,721,2875,0.1015625,0.09875,True,max_tpr_with_empirical_fpr_le_target,0.0153125,0.0153125,0.01,0.7668466035145407,49,8,792,3151,0.0153125,0.01,True,max_tpr_with_empirical_fpr_le_target,0.0053125,0.0053125,0.001,1.0377364235298185,17,0,800,3183,0.0053125,0.0,False,max_tpr_with_empirical_fpr_le_target,32,True,False,6.564560592248013,6.603234874029908,0.84625,KIDNEY_STONE,LR,dp,1.0,7
0.50437421875,0.023125000000000007,3200,800,0.1040625,0.1040625,0.1,0.29861197539724804,333,79,721,2867,0.1040625,0.09875,True,max_tpr_with_empirical_fpr_le_target,0.00875,0.00875,0.01,1.0149226865401486,28,7,793,3172,0.00875,0.00875,True,max_tpr_with_empirical_fpr_le_target,0.0003125,0.0003125,0.001,2.0885055357184896,1,0,800,3199,0.0003125,0.0,False,max_tpr_with_empirical_fpr_le_target,32,True,False,6.379733954829339,6.41204573902119,0.84625,KIDNEY_STONE,LR,dp,1.0,8
0.47637734374999996,0.001875,3200,800,0.071875,0.071875,0.1,0.3487518713563693,230,80,720,2970,0.071875,0.1,True,max_tpr_with_empirical_fpr_le_target,0.0071875,0.0071875,0.01,0.9629667489024092,23,7,793,3177,0.0071875,0.00875,True,max_tpr_with_empirical_fpr_le_target,0.0003125,0.0003125,0.001,2.2505656217403014,1,0,800,3199,0.0003125,0.0,False,max_tpr_with_empirical_fpr_le_target,32,True,False,6.321232160878496,6.458427136684219,0.84625,KIDNEY_STONE,LR,dp,1.0,9
0.49863828125,0.01937500000000003,3200,800,0.1046875,0.1046875,0.1,0.2692270859031134,335,79,721,2865,0.1046875,0.09875,True,max_tpr_with_empirical_fpr_le_target,0.008125,0.008125,0.01,0.891781299914733,26,8,792,3174,0.008125,0.01,True,max_tpr_with_empirical_fpr_le_target,0.0009375,0.0009375,0.001,1.8879177018402133,3,0,800,3197,0.0009375,0.0,False,max_tpr_with_empirical_fpr_le_target,32,True,False,6.415817905676829,6.479911768242803,0.84625,KIDNEY_STONE,LR,dp,1.0,10
0.505601171875,0.02937500000000004,3200,800,0.1009375,0.1009375,0.1,0.291257092757093,323,80,720,2877,0.1009375,0.1,True,max_tpr_with_empirical_fpr_le_target,0.01125,0.01125,0.01,0.8675584295542937,36,8,792,3164,0.01125,0.01,True,max_tpr_with_empirical_fpr_le_target,0.000625,0.000625,0.001,1.7933727272661777,2,0,800,3198,0.000625,0.0,False,max_tpr_with_empirical_fpr_le_target,32,True,False,6.4649734911956696,6.553711960763243,0.84625,KIDNEY_STONE,LR,dp,1.0,11
0.5034328125,0.020937500000000053,3200,800,0.1046875,0.1046875,0.1,0.31855044908218133,335,80,720,2865,0.1046875,0.1,True,max_tpr_with_empirical_fpr_le_target,0.0190625,0.0190625,0.01,0.7675129924106274,61,8,792,3139,0.0190625,0.01,True,max_tpr_with_empirical_fpr_le_target,0.00375,0.00375,0.001,1.1409512578703227,12,0,800,3188,0.00375,0.0,False,max_tpr_with_empirical_fpr_le_target,32,True,False,6.322456869549963,6.352746911074128,0.84625,KIDNEY_STONE,LR,dp,1.0,12
0.506676171875,0.03843750000000001,3200,800,0.0928125,0.0928125,0.1,0.3075539400707359,297,80,720,2903,0.0928125,0.1,True,max_tpr_with_empirical_fpr_le_target,0.0125,0.0125,0.01,0.7785023217593348,40,8,792,3160,0.0125,0.01,True,max_tpr_with_empirical_fpr_le_target,0.0003125,0.0003125,0.001,1.5945176710813787,1,0,800,3199,0.0003125,0.0,False,max_tpr_with_empirical_fpr_le_target,32,True,False,6.457350070387459,6.562658108021534,0.84625,KIDNEY_STONE,LR,dp,1.0,13
0.4974,0.022500000000000006,3200,800,0.1140625,0.1140625,0.1,0.2988726560284265,365,80,720,2835,0.1140625,0.1,True,max_tpr_with_empirical_fpr_le_target,0.0121875,0.0121875,0.01,0.8771648493085964,39,8,792,3161,0.0121875,0.01,True,max_tpr_with_empirical_fpr_le_target,0.0021875,0.0021875,0.001,1.3887041579948978,7,0,800,3193,0.0021875,0.0,False,max_tpr_with_empirical_fpr_le_target,32,True,False,6.532820761151438,6.560193275836712,0.84625,KIDNEY_STONE,LR,dp,1.0,14
0.498605859375,0.01718749999999991,3200,800,0.0884375,0.0884375,0.1,0.3026585112871114,283,80,720,2917,0.0884375,0.1,True,max_tpr_with_empirical_fpr_le_target,0.008125,0.008125,0.01,0.9240432056264174,26,7,793,3174,0.008125,0.00875,True,max_tpr_with_empirical_fpr_le_target,0.0009375,0.0009375,0.001,1.584346180228458,3,0,800,3197,0.0009375,0.0,False,max_tpr_with_empirical_fpr_le_target,32,True,False,6.526434788314239,6.519676408114609,0.84625,KIDNEY_STONE,LR,dp,1.0,15
0.467926171875,0.0053124999999999995,3200,800,0.0859375,0.0859375,0.1,0.33363508519011686,275,78,722,2925,0.0859375,0.0975,True,max_tpr_with_empirical_fpr_le_target,0.0146875,0.0146875,0.01,0.7944364018950631,47,8,792,3153,0.0146875,0.01,True,max_tpr_with_empirical_fpr_le_target,0.001875,0.001875,0.001,1.2665925076443694,6,0,800,3194,0.001875,0.0,False,max_tpr_with_empirical_fpr_le_target,32,True,False,6.363625467732203,6.452696580185435,0.84625,KIDNEY_STONE,LR,dp,1.0,16
0.5003484375,0.014999999999999958,3200,800,0.09125,0.09125,0.1,0.3211538592325054,292,80,720,2908,0.09125,0.1,True,max_tpr_with_empirical_fpr_le_target,0.0090625,0.0090625,0.01,1.008366914140796,29,8,792,3171,0.0090625,0.01,True,max_tpr_with_empirical_fpr_le_target,0.001875,0.001875,0.001,1.4806268096805937,6,0,800,3194,0.001875,0.0,False,max_tpr_with_empirical_fpr_le_target,32,True,False,6.5306881093200735,6.504775487900078,0.84625,KIDNEY_STONE,LR,dp,1.0,17
0.52067109375,0.04843750000000002,3200,800,0.1021875,0.1021875,0.1,0.2639357110896512,327,80,720,2873,0.1021875,0.1,True,max_tpr_with_empirical_fpr_le_target,0.0125,0.0125,0.01,0.7371907208607382,40,7,793,3160,0.0125,0.00875,True,max_tpr_with_empirical_fpr_le_target,0.0021875,0.0021875,0.001,1.1716616081481215,7,0,800,3193,0.0021875,0.0,False,max_tpr_with_empirical_fpr_le_target,32,True,False,6.610562454722687,6.647176660294203,0.84625,KIDNEY_STONE,LR,dp,1.0,18
0.5033417968749999,0.020000000000000018,3200,800,0.1075,0.1075,0.1,0.2848394411113069,344,80,720,2856,0.1075,0.1,True,max_tpr_with_empirical_fpr_le_target,0.013125,0.013125,0.01,0.8272129555885197,42,8,792,3158,0.013125,0.01,True,max_tpr_with_empirical_fpr_le_target,0.0009375,0.0009375,0.001,1.8317657298823624,3,0,800,3197,0.0009375,0.0,False,max_tpr_with_empirical_fpr_le_target,32,True,False,6.411081055681871,6.47099448019328,0.84625,KIDNEY_STONE,LR,dp,1.0,19
0.48096328125,0.004374999999999962,3200,800,0.088125,0.088125,0.1,0.3083799005676586,282,80,720,2918,0.088125,0.1,True,max_tpr_with_empirical_fpr_le_target,0.0075,0.0075,0.01,1.0270732956762942,24,8,792,3176,0.0075,0.01,True,max_tpr_with_empirical_fpr_le_target,0.000625,0.000625,0.001,1.762003185403291,2,0,800,3198,0.000625,0.0,False,max_tpr_with_empirical_fpr_le_target,32,True,False,6.171600520667135,6.185549028308893,0.84625,KIDNEY_STONE,LR,dp,1.0,20
0.48380468750000005,0.009062499999999973,3200,800,0.084375,0.084375,0.1,0.30763391753368907,270,80,720,2930,0.084375,0.1,True,max_tpr_with_empirical_fpr_le_target,0.0134375,0.0134375,0.01,0.7525479274880591,43,8,792,3157,0.0134375,0.01,True,max_tpr_with_empirical_fpr_le_target,0.0025,0.0025,0.001,1.5485381379680505,8,0,800,3192,0.0025,0.0,False,max_tpr_with_empirical_fpr_le_target,32,True,False,6.476172016921677,6.5372837285484255,0.84625,KIDNEY_STONE,LR,dp,1.0,21
0.511525,0.04031249999999997,3200,800,0.096875,0.096875,0.1,0.29531909932960865,310,80,720,2890,0.096875,0.1,True,max_tpr_with_empirical_fpr_le_target,0.0134375,0.0134375,0.01,0.8036445840793416,43,8,792,3157,0.0134375,0.01,True,max_tpr_with_empirical_fpr_le_target,0.0009375,0.0009375,0.001,1.4842772556033923,3,0,800,3197,0.0009375,0.0,False,max_tpr_with_empirical_fpr_le_target,32,True,False,6.2139214342838285,6.336086707576519,0.84625,KIDNEY_STONE,LR,dp,1.0,22
0.515382421875,0.03656249999999994,3200,800,0.0990625,0.0990625,0.1,0.2799965182813575,317,80,720,2883,0.0990625,0.1,True,max_tpr_with_empirical_fpr_le_target,0.013125,0.013125,0.01,0.8213922219219416,42,8,792,3158,0.013125,0.01,True,max_tpr_with_empirical_fpr_le_target,0.0003125,0.0003125,0.001,2.0257802590817224,1,0,800,3199,0.0003125,0.0,False,max_tpr_with_empirical_fpr_le_target,32,True,False,6.131954552181796,6.144011554492908,0.84625,KIDNEY_STONE,LR,dp,1.0,23
0.49808398437499996,0.01593750000000005,3200,800,0.103125,0.103125,0.1,0.30287127901523103,330,80,720,2870,0.103125,0.1,True,max_tpr_with_empirical_fpr_le_target,0.0225,0.0225,0.01,0.71174894098161,72,7,793,3128,0.0225,0.00875,True,max_tpr_with_empirical_fpr_le_target,0.0,0.0,0.001,inf,0,0,800,3200,0.0,0.0,False,max_tpr_with_empirical_fpr_le_target,32,True,False,6.219817959293757,6.216440794590982,0.84625,KIDNEY_STONE,LR,dp,1.0,24
0.49752734374999996,0.019374999999999976,3200,800,0.0846875,0.0846875,0.1,0.31419841839048734,271,80,720,2929,0.0846875,0.1,True,max_tpr_with_empirical_fpr_le_target,0.0125,0.0125,0.01,0.8729454760802549,40,8,792,3160,0.0125,0.01,True,max_tpr_with_empirical_fpr_le_target,0.000625,0.000625,0.001,1.6351630792978344,2,0,800,3198,0.000625,0.0,False,max_tpr_with_empirical_fpr_le_target,32,True,False,6.295979496355862,6.241026848284311,0.84625,KIDNEY_STONE,LR,dp,1.0,25
0.51424296875,0.043749999999999956,3200,800,0.0978125,0.0978125,0.1,0.3018471361421611,313,80,720,2887,0.0978125,0.1,True,max_tpr_with_empirical_fpr_le_target,0.01,0.01,0.01,0.884648396354323,32,8,792,3168,0.01,0.01,True,max_tpr_with_empirical_fpr_le_target,0.0003125,0.0003125,0.001,1.862558776607378,1,0,800,3199,0.0003125,0.0,False,max_tpr_with_empirical_fpr_le_target,32,True,False,6.467421216680026,6.551672335958765,0.84625,KIDNEY_STONE,LR,dp,1.0,26
0.4899734375,0.012187500000000018,3200,800,0.094375,0.094375,0.1,0.3065745758542353,302,80,720,2898,0.094375,0.1,True,max_tpr_with_empirical_fpr_le_target,0.009375,0.009375,0.01,0.9688250946254833,30,8,792,3170,0.009375,0.01,True,max_tpr_with_empirical_fpr_le_target,0.00125,0.00125,0.001,1.518095872569246,4,0,800,3196,0.00125,0.0,False,max_tpr_with_empirical_fpr_le_target,32,True,False,6.074929041705126,6.091960829709711,0.84625,KIDNEY_STONE,LR,dp,1.0,27
0.50489453125,0.02937500000000004,3200,800,0.11,0.11,0.1,0.2901759984869625,352,80,720,2848,0.11,0.1,True,max_tpr_with_empirical_fpr_le_target,0.009375,0.009375,0.01,0.9193916094187751,30,8,792,3170,0.009375,0.01,True,max_tpr_with_empirical_fpr_le_target,0.000625,0.000625,0.001,1.7840414987789117,2,0,800,3198,0.000625,0.0,False,max_tpr_with_empirical_fpr_le_target,32,True,False,6.544485908682615,6.5981207137313325,0.84625,KIDNEY_STONE,LR,dp,1.0,28
0.50543671875,0.03281250000000002,3200,800,0.100625,0.100625,0.1,0.31852912724033544,322,80,720,2878,0.100625,0.1,True,max_tpr_with_empirical_fpr_le_target,0.0090625,0.0090625,0.01,0.9775669928831694,29,7,793,3171,0.0090625,0.00875,True,max_tpr_with_empirical_fpr_le_target,0.00125,0.00125,0.001,1.545966011237092,4,0,800,3196,0.00125,0.0,False,max_tpr_with_empirical_fpr_le_target,32,True,False,6.263266852099272,6.330864229291938,0.84625,KIDNEY_STONE,LR,dp,1.0,29
0.51251796875,0.04187500000000005,3200,800,0.0946875,0.0946875,0.1,0.26360762798757165,303,80,720,2897,0.0946875,0.1,True,max_tpr_with_empirical_fpr_le_target,0.018125,0.018125,0.01,0.719798381167811,58,8,792,3142,0.018125,0.01,True,max_tpr_with_empirical_fpr_le_target,0.00375,0.00375,0.001,1.56774261989303,12,0,800,3188,0.00375,0.0,False,max_tpr_with_empirical_fpr_le_target,32,True,False,2.1087736919091227,2.1091055361355164,0.92,KIDNEY_STONE,LR,dp,2.0,0
0.5015828125,0.02312499999999995,3200,800,0.108125,0.108125,0.1,0.24484266384542064,346,80,720,2854,0.108125,0.1,True,max_tpr_with_empirical_fpr_le_target,0.013125,0.013125,0.01,0.8704773324763524,42,8,792,3158,0.013125,0.01,True,max_tpr_with_empirical_fpr_le_target,0.005,0.005,0.001,1.344227846713221,16,0,800,3184,0.005,0.0,False,max_tpr_with_empirical_fpr_le_target,32,True,False,1.9251842669614887,1.9392803568410926,0.92,KIDNEY_STONE,LR,dp,2.0,1
0.486263671875,0.01156249999999992,3200,800,0.09,0.09,0.1,0.2520811866311383,288,80,720,2912,0.09,0.1,True,max_tpr_with_empirical_fpr_le_target,0.0075,0.0075,0.01,1.0278443776422397,24,7,793,3176,0.0075,0.00875,True,max_tpr_with_empirical_fpr_le_target,0.0028125,0.0028125,0.001,1.4480409828300127,9,0,800,3191,0.0028125,0.0,False,max_tpr_with_empirical_fpr_le_target,32,True,False,2.3037555871811337,2.3234107296664037,0.92,KIDNEY_STONE,LR,dp,2.0,2
0.5077929687499999,0.03562500000000002,3200,800,0.0946875,0.0946875,0.1,0.24846724545688126,303,80,720,2897,0.0946875,0.1,True,max_tpr_with_empirical_fpr_le_target,0.0096875,0.0096875,0.01,0.994734639549121,31,7,793,3169,0.0096875,0.00875,True,max_tpr_with_empirical_fpr_le_target,0.00375,0.00375,0.001,1.7385264313516062,12,0,800,3188,0.00375,0.0,False,max_tpr_with_empirical_fpr_le_target,32,True,False,1.9777027722458809,1.9912870733686168,0.92,KIDNEY_STONE,LR,dp,2.0,3
0.5047296875,0.029999999999999916,3200,800,0.098125,0.098125,0.1,0.26360920700384494,314,80,720,2886,0.098125,0.1,True,max_tpr_with_empirical_fpr_le_target,0.009375,0.009375,0.01,0.9295802401559827,30,8,792,3170,0.009375,0.01,True,max_tpr_with_empirical_fpr_le_target,0.00125,0.00125,0.001,1.7032431005212638,4,0,800,3196,0.00125,0.0,False,max_tpr_with_empirical_fpr_le_target,32,True,False,2.3292094648678603,2.323040361829426,0.92,KIDNEY_STONE,LR,dp,2.0,4
0.494416796875,0.01968750000000008,3200,800,0.089375,0.089375,0.1,0.27927746959804445,286,80,720,2914,0.089375,0.1,True,max_tpr_with_empirical_fpr_le_target,0.016875,0.016875,0.01,0.8230031869432961,54,8,792,3146,0.016875,0.01,True,max_tpr_with_empirical_fpr_le_target,0.0003125,0.0003125,0.001,2.265799204942391,1,0,800,3199,0.0003125,0.0,False,max_tpr_with_empirical_fpr_le_target,32,True,False,2.162842846563599,2.1780147583641574,0.92,KIDNEY_STONE,LR,dp,2.0,5
0.489609375,0.008124999999999938,3200,800,0.085625,0.085625,0.1,0.2829936157029236,274,80,720,2926,0.085625,0.1,True,max_tpr_with_empirical_fpr_le_target,0.014375,0.014375,0.01,0.7668917299255935,46,7,793,3154,0.014375,0.00875,True,max_tpr_with_empirical_fpr_le_target,0.0009375,0.0009375,0.001,1.7885344684520685,3,0,800,3197,0.0009375,0.0,False,max_tpr_with_empirical_fpr_le_target,32,True,False,2.1875792120661974,2.2045731872786587,0.92,KIDNEY_STONE,LR,dp,2.0,6
0.51044296875,0.03781249999999997,3200,800,0.111875,0.111875,0.1,0.22921741671144247,358,80,720,2842,0.111875,0.1,True,max_tpr_with_empirical_fpr_le_target,0.01625,0.01625,0.01,0.8239380398784291,52,8,792,3148,0.01625,0.01,True,max_tpr_with_empirical_fpr_le_target,0.000625,0.000625,0.001,2.533064691852127,2,0,800,3198,0.000625,0.0,False,max_tpr_with_empirical_fpr_le_target,32,True,False,2.1193635381299454,2.1337166765599274,0.92,KIDNEY_STONE,LR,dp,2.0,7
0.49135117187500005,0.013125000000000053,3200,800,0.0884375,0.0884375,0.1,0.2908812362968809,283,79,721,2917,0.0884375,0.09875,True,max_tpr_with_empirical_fpr_le_target,0.0075,0.0075,0.01,1.0903684209208802,24,7,793,3176,0.0075,0.00875,True,max_tpr_with_empirical_fpr_le_target,0.0003125,0.0003125,0.001,3.4808253137064034,1,0,800,3199,0.0003125,0.0,False,max_tpr_with_empirical_fpr_le_target,32,True,False,2.2825910073417646,2.2513328091976414,0.92,KIDNEY_STONE,LR,dp,2.0,8
0.4871390625,0.0068749999999999645,3200,800,0.0728125,0.0728125,0.1,0.3229469047926936,233,80,720,2967,0.0728125,0.1,True,max_tpr_with_empirical_fpr_le_target,0.0090625,0.0090625,0.01,0.9594177423319499,29,7,793,3171,0.0090625,0.00875,True,max_tpr_with_empirical_fpr_le_target,0.00125,0.00125,0.001,1.9666242732161479,4,0,800,3196,0.00125,0.0,False,max_tpr_with_empirical_fpr_le_target,32,True,False,1.9221160177190753,1.937274673923318,0.92,KIDNEY_STONE,LR,dp,2.0,9
0.4924511718749999,0.010624999999999996,3200,800,0.105625,0.105625,0.1,0.22843960525092988,338,79,721,2862,0.105625,0.09875,True,max_tpr_with_empirical_fpr_le_target,0.0128125,0.0128125,0.01,0.881285812970594,41,8,792,3159,0.0128125,0.01,True,max_tpr_with_empirical_fpr_le_target,0.0021875,0.0021875,0.001,1.6958944153262387,7,0,800,3193,0.0021875,0.0,False,max_tpr_with_empirical_fpr_le_target,32,True,False,2.0905083713739403,2.1320550186614673,0.92,KIDNEY_STONE,LR,dp,2.0,10
0.501428515625,0.021874999999999978,3200,800,0.0990625,0.0990625,0.1,0.25674990755433624,317,80,720,2883,0.0990625,0.1,True,max_tpr_with_empirical_fpr_le_target,0.0059375,0.0059375,0.01,1.2547373207912988,19,7,793,3181,0.0059375,0.00875,True,max_tpr_with_empirical_fpr_le_target,0.0003125,0.0003125,0.001,2.6303497690041584,1,0,800,3199,0.0003125,0.0,False,max_tpr_with_empirical_fpr_le_target,32,True,False,2.0691848484117363,2.0791121855709602,0.92,KIDNEY_STONE,LR,dp,2.0,11
0.513689453125,0.030312500000000075,3200,800,0.1090625,0.1090625,0.1,0.24436862704670204,349,80,720,2851,0.1090625,0.1,True,max_tpr_with_empirical_fpr_le_target,0.0103125,0.0103125,0.01,0.9910317917863516,33,7,793,3167,0.0103125,0.00875,True,max_tpr_with_empirical_fpr_le_target,0.0015625,0.0015625,0.001,1.7929003440654423,5,0,800,3195,0.0015625,0.0,False,max_tpr_with_empirical_fpr_le_target,32,True,False,1.9941711650461393,2.006892643674483,0.92,KIDNEY_STONE,LR,dp,2.0,12
0.496030078125,0.01937499999999992,3200,800,0.08625,0.08625,0.1,0.28254077246355447,276,80,720,2924,0.08625,0.1,True,max_tpr_with_empirical_fpr_le_target,0.009375,0.009375,0.01,0.9322548351395428,30,8,792,3170,0.009375,0.01,True,max_tpr_with_empirical_fpr_le_target,0.0021875,0.0021875,0.001,1.7713287932860498,7,0,800,3193,0.0021875,0.0,False,max_tpr_with_empirical_fpr_le_target,32,True,False,2.0253213106137364,2.051548302979678,0.92,KIDNEY_STONE,LR,dp,2.0,13
0.493494921875,0.027812500000000018,3200,800,0.085,0.085,0.1,0.28934048722216055,272,79,721,2928,0.085,0.09875,True,max_tpr_with_empirical_fpr_le_target,0.010625,0.010625,0.01,0.7975291969263965,34,8,792,3166,0.010625,0.01,True,max_tpr_with_empirical_fpr_le_target,0.000625,0.000625,0.001,1.52454458852759,2,0,800,3198,0.000625,0.0,False,max_tpr_with_empirical_fpr_le_target,32,True,False,2.4182812570105945,2.4099993063185705,0.92,KIDNEY_STONE,LR,dp,2.0,14
0.495709375,0.018437500000000107,3200,800,0.0940625,0.0940625,0.1,0.24069797411084837,301,80,720,2899,0.0940625,0.1,True,max_tpr_with_empirical_fpr_le_target,0.0090625,0.0090625,0.01,0.8639728669965479,29,8,792,3171,0.0090625,0.01,True,max_tpr_with_empirical_fpr_le_target,0.0021875,0.0021875,0.001,1.3750718921805918,7,0,800,3193,0.0021875,0.0,False,max_tpr_with_empirical_fpr_le_target,32,True,False,2.132382720615478,2.1346152585378957,0.92,KIDNEY_STONE,LR,dp,2.0,15
0.488823828125,0.011250000000000093,3200,800,0.105625,0.105625,0.1,0.25570091684831686,338,80,720,2862,0.105625,0.1,True,max_tpr_with_empirical_fpr_le_target,0.00875,0.00875,0.01,0.8126585868906071,28,8,792,3172,0.00875,0.01,True,max_tpr_with_empirical_fpr_le_target,0.000625,0.000625,0.001,2.57686467223804,2,0,800,3198,0.000625,0.0,False,max_tpr_with_empirical_fpr_le_target,32,True,False,2.105467285167471,2.15581350128625,0.92,KIDNEY_STONE,LR,dp,2.0,16
0.5119328125,0.032500000000000084,3200,800,0.0953125,0.0953125,0.1,0.2775924721699228,305,80,720,2895,0.0953125,0.1,True,max_tpr_with_empirical_fpr_le_target,0.0125,0.0125,0.01,0.789619816092316,40,8,792,3160,0.0125,0.01,True,max_tpr_with_empirical_fpr_le_target,0.00125,0.00125,0.001,1.6175251274308933,4,0,800,3196,0.00125,0.0,False,max_tpr_with_empirical_fpr_le_target,32,True,False,2.0805582532445124,2.0952702540953583,0.92,KIDNEY_STONE,LR,dp,2.0,17
0.5041992187500001,0.0353125,3200,800,0.1025,0.1025,0.1,0.20450680039305746,328,80,720,2872,0.1025,0.1,True,max_tpr_with_empirical_fpr_le_target,0.0065625,0.0065625,0.01,1.0798668514878909,21,8,792,3179,0.0065625,0.01,True,max_tpr_with_empirical_fpr_le_target,0.000625,0.000625,0.001,2.4753550399841466,2,0,800,3198,0.000625,0.0,False,max_tpr_with_empirical_fpr_le_target,32,True,False,2.2897615041805115,2.3144838470909743,0.92,KIDNEY_STONE,LR,dp,2.0,18
0.490173828125,0.011875000000000024,3200,800,0.0846875,0.0846875,0.1,0.28853746420348747,271,80,720,2929,0.0846875,0.1,True,max_tpr_with_empirical_fpr_le_target,0.0134375,0.0134375,0.01,1.0418376256899102,43,8,792,3157,0.0134375,0.01,True,max_tpr_with_empirical_fpr_le_target,0.0025,0.0025,0.001,2.1106320876702234,8,0,800,3192,0.0025,0.0,False,max_tpr_with_empirical_fpr_le_target,32,True,False,2.0208981589027015,2.0439737706379457,0.92,KIDNEY_STONE,LR,dp,2.0,19
0.48634414062500003,0.011874999999999969,3200,800,0.09375,0.09375,0.1,0.24055422639169732,300,80,720,2900,0.09375,0.1,True,max_tpr_with_empirical_fpr_le_target,0.0121875,0.0121875,0.01,0.9276096563974678,39,7,793,3161,0.0121875,0.00875,True,max_tpr_with_empirical_fpr_le_target,0.0021875,0.0021875,0.001,1.939871496772287,7,0,800,3193,0.0021875,0.0,False,max_tpr_with_empirical_fpr_le_target,32,True,False,2.0787256827385043,2.062236285226575,0.92,KIDNEY_STONE,LR,dp,2.0,20
0.5004199218750001,0.01937500000000003,3200,800,0.1025,0.1025,0.1,0.24645265514641812,328,80,720,2872,0.1025,0.1,True,max_tpr_with_empirical_fpr_le_target,0.016875,0.016875,0.01,0.7972280021587563,54,8,792,3146,0.016875,0.01,True,max_tpr_with_empirical_fpr_le_target,0.0003125,0.0003125,0.001,2.0440552962790792,1,0,800,3199,0.0003125,0.0,False,max_tpr_with_empirical_fpr_le_target,32,True,False,1.9154843351876711,1.9176203119690711,0.92,KIDNEY_STONE,LR,dp,2.0,21
0.49138671875,0.010937500000000044,3200,800,0.0903125,0.0903125,0.1,0.267650654293746,289,79,721,2911,0.0903125,0.09875,True,max_tpr_with_empirical_fpr_le_target,0.0103125,0.0103125,0.01,1.0930582836952594,33,7,793,3167,0.0103125,0.00875,True,max_tpr_with_empirical_fpr_le_target,0.0009375,0.0009375,0.001,2.519180944555001,3,0,800,3197,0.0009375,0.0,False,max_tpr_with_empirical_fpr_le_target,32,True,False,1.9671483941594956,1.9830737278003785,0.92,KIDNEY_STONE,LR,dp,2.0,22
0.497891796875,0.025000000000000022,3200,800,0.0925,0.0925,0.1,0.23158156173463462,296,80,720,2904,0.0925,0.1,True,max_tpr_with_empirical_fpr_le_target,0.0075,0.0075,0.01,1.1235670495341066,24,8,792,3176,0.0075,0.01,True,max_tpr_with_empirical_fpr_le_target,0.000625,0.000625,0.001,2.921709856100505,2,0,800,3198,0.000625,0.0,False,max_tpr_with_empirical_fpr_le_target,32,True,False,2.2087486450923968,2.2165457452366963,0.92,KIDNEY_STONE,LR,dp,2.0,23
0.496287890625,0.02124999999999999,3200,800,0.086875,0.086875,0.1,0.29409327537977115,278,79,721,2922,0.086875,0.09875,True,max_tpr_with_empirical_fpr_le_target,0.0078125,0.0078125,0.01,1.0872091655220584,25,8,792,3175,0.0078125,0.01,True,max_tpr_with_empirical_fpr_le_target,0.0009375,0.0009375,0.001,2.1332788351528906,3,0,800,3197,0.0009375,0.0,False,max_tpr_with_empirical_fpr_le_target,32,True,False,1.9524410351719719,1.9597629519289739,0.92,KIDNEY_STONE,LR,dp,2.0,24
0.505669140625,0.02718749999999992,3200,800,0.1009375,0.1009375,0.1,0.23847658852276288,323,80,720,2877,0.1009375,0.1,True,max_tpr_with_empirical_fpr_le_target,0.0128125,0.0128125,0.01,0.9468557342717929,41,8,792,3159,0.0128125,0.01,True,max_tpr_with_empirical_fpr_le_target,0.000625,0.000625,0.001,2.0292571330579228,2,0,800,3198,0.000625,0.0,False,max_tpr_with_empirical_fpr_le_target,32,True,False,2.1266496002997615,2.1307398769345616,0.92,KIDNEY_STONE,LR,dp,2.0,25
0.48609492187500003,0.0034374999999999822,3200,800,0.0925,0.0925,0.1,0.24916181786320668,296,80,720,2904,0.0925,0.1,True,max_tpr_with_empirical_fpr_le_target,0.0109375,0.0109375,0.01,0.8747827873302731,35,8,792,3165,0.0109375,0.01,True,max_tpr_with_empirical_fpr_le_target,0.0003125,0.0003125,0.001,2.1811769483686723,1,0,800,3199,0.0003125,0.0,False,max_tpr_with_empirical_fpr_le_target,32,True,False,2.3126811640671994,2.334509975778744,0.92,KIDNEY_STONE,LR,dp,2.0,26
0.499397265625,0.020625000000000004,3200,800,0.1075,0.1075,0.1,0.24055128408460646,344,80,720,2856,0.1075,0.1,True,max_tpr_with_empirical_fpr_le_target,0.0165625,0.0165625,0.01,0.7830110857134642,53,8,792,3147,0.0165625,0.01,True,max_tpr_with_empirical_fpr_le_target,0.0015625,0.0015625,0.001,1.8298255984759377,5,0,800,3195,0.0015625,0.0,False,max_tpr_with_empirical_fpr_le_target,32,True,False,2.0800555781913284,2.0836850972364513,0.92,KIDNEY_STONE,LR,dp,2.0,27
0.4907,0.016250000000000014,3200,800,0.0934375,0.0934375,0.1,0.2673007448746083,299,80,720,2901,0.0934375,0.1,True,max_tpr_with_empirical_fpr_le_target,0.0109375,0.0109375,0.01,0.951736738668314,35,8,792,3165,0.0109375,0.01,True,max_tpr_with_empirical_fpr_le_target,0.0,0.0,0.001,inf,0,0,800,3200,0.0,0.0,False,max_tpr_with_empirical_fpr_le_target,32,True,False,2.0963767797142623,2.1120176997605165,0.92,KIDNEY_STONE,LR,dp,2.0,28
0.5033171875,0.02468750000000003,3200,800,0.1034375,0.1034375,0.1,0.2407195416550172,331,80,720,2869,0.1034375,0.1,True,max_tpr_with_empirical_fpr_le_target,0.0090625,0.0090625,0.01,0.9621425842668438,29,8,792,3171,0.0090625,0.01,True,max_tpr_with_empirical_fpr_le_target,0.0009375,0.0009375,0.001,2.035193395551352,3,0,800,3197,0.0009375,0.0,False,max_tpr_with_empirical_fpr_le_target,32,True,False,2.141247363590197,2.1442585676716766,0.92,KIDNEY_STONE,LR,dp,2.0,29
0.5074015625,0.027812499999999907,3200,800,0.100625,0.100625,0.1,0.26142965958344544,322,80,720,2878,0.100625,0.1,True,max_tpr_with_empirical_fpr_le_target,0.01125,0.01125,0.01,1.0945272298469888,36,7,793,3164,0.01125,0.00875,True,max_tpr_with_empirical_fpr_le_target,0.0028125,0.0028125,0.001,2.0726651596940306,9,0,800,3191,0.0028125,0.0,False,max_tpr_with_empirical_fpr_le_target,32,True,False,0.7606119704298693,0.7629736397709032,0.925,KIDNEY_STONE,LR,dp,4.0,0
0.5068109375000001,0.024375000000000008,3200,800,0.1121875,0.1121875,0.1,0.27430462350766605,359,80,720,2841,0.1121875,0.1,True,max_tpr_with_empirical_fpr_le_target,0.014375,0.014375,0.01,0.9272020871834696,46,8,792,3154,0.014375,0.01,True,max_tpr_with_empirical_fpr_le_target,0.004375,0.004375,0.001,1.509587531169743,14,0,800,3186,0.004375,0.0,False,max_tpr_with_empirical_fpr_le_target,32,True,False,0.6929263119288843,0.6985180492417591,0.925,KIDNEY_STONE,LR,dp,4.0,1
0.4772078125,0.0031250000000000444,3200,800,0.08,0.08,0.1,0.2908379367534015,256,80,720,2944,0.08,0.1,True,max_tpr_with_empirical_fpr_le_target,0.004375,0.004375,0.01,1.4045654649697688,14,6,794,3186,0.004375,0.0075,True,max_tpr_with_empirical_fpr_le_target,0.001875,0.001875,0.001,1.9061853011306866,6,0,800,3194,0.001875,0.0,False,max_tpr_with_empirical_fpr_le_target,32,True,False,0.8001084104029272,0.8110862325367053,0.925,KIDNEY_STONE,LR,dp,4.0,2
0.500609375,0.02656249999999999,3200,800,0.105,0.105,0.1,0.2597990009288291,336,80,720,2864,0.105,0.1,True,max_tpr_with_empirical_fpr_le_target,0.0084375,0.0084375,0.01,1.108254867222078,27,8,792,3173,0.0084375,0.01,True,max_tpr_with_empirical_fpr_le_target,0.0009375,0.0009375,0.001,2.3174820967092424,3,0,800,3197,0.0009375,0.0,False,max_tpr_with_empirical_fpr_le_target,32,True,False,0.7205159734312632,0.7263715658774912,0.925,KIDNEY_STONE,LR,dp,4.0,3
0.506159375,0.036250000000000004,3200,800,0.090625,0.090625,0.1,0.2843293349537164,290,80,720,2910,0.090625,0.1,True,max_tpr_with_empirical_fpr_le_target,0.009375,0.009375,0.01,0.9890284029621211,30,8,792,3170,0.009375,0.01,True,max_tpr_with_empirical_fpr_le_target,0.0003125,0.0003125,0.001,3.635769454484968,1,0,800,3199,0.0003125,0.0,False,max_tpr_with_empirical_fpr_le_target,32,True,False,0.7994305826715616,0.7979375069662046,0.925,KIDNEY_STONE,LR,dp,4.0,4
0.4836921875,0.010624999999999996,3200,800,0.1009375,0.1009375,0.1,0.2859483168132386,323,77,723,2877,0.1009375,0.09625,True,max_tpr_with_empirical_fpr_le_target,0.00875,0.00875,0.01,1.0623021790037654,28,7,793,3172,0.00875,0.00875,True,max_tpr_with_empirical_fpr_le_target,0.0003125,0.0003125,0.001,2.747447293586875,1,0,800,3199,0.0003125,0.0,False,max_tpr_with_empirical_fpr_le_target,32,True,False,0.75772887889499,0.765741328414769,0.925,KIDNEY_STONE,LR,dp,4.0,5
0.49240820312500005,0.010624999999999996,3200,800,0.0846875,0.0846875,0.1,0.2902467662505639,271,79,721,2929,0.0846875,0.09875,True,max_tpr_with_empirical_fpr_le_target,0.010625,0.010625,0.01,1.0527267318293616,34,8,792,3166,0.010625,0.01,True,max_tpr_with_empirical_fpr_le_target,0.0003125,0.0003125,0.001,3.4611600284489406,1,0,800,3199,0.0003125,0.0,False,max_tpr_with_empirical_fpr_le_target,32,True,False,0.7797392275034428,0.7830219870269594,0.925,KIDNEY_STONE,LR,dp,4.0,6
0.509622265625,0.027187500000000003,3200,800,0.1109375,0.1109375,0.1,0.2454687186774328,355,80,720,2845,0.1109375,0.1,True,max_tpr_with_empirical_fpr_le_target,0.015625,0.015625,0.01,0.8494352945011083,50,8,792,3150,0.015625,0.01,True,max_tpr_with_empirical_fpr_le_target,0.0003125,0.0003125,0.001,6.832450456872171,1,0,800,3199,0.0003125,0.0,False,max_tpr_with_empirical_fpr_le_target,32,True,False,0.7667309419028097,0.7741948611967786,0.925,KIDNEY_STONE,LR,dp,4.0,7
0.50086484375,0.024375000000000036,3200,800,0.1053125,0.1053125,0.1,0.27227099813051026,337,79,721,2863,0.1053125,0.09875,True,max_tpr_with_empirical_fpr_le_target,0.01,0.01,0.01,1.02055647708535,32,8,792,3168,0.01,0.01,True,max_tpr_with_empirical_fpr_le_target,0.000625,0.000625,0.001,2.8591324384970673,2,0,800,3198,0.000625,0.0,False,max_tpr_with_empirical_fpr_le_target,32,True,False,0.7576037092293002,0.7477970859972213,0.925,KIDNEY_STONE,LR,dp,4.0,8
0.48086523437499995,0.005937499999999929,3200,800,0.0778125,0.0778125,0.1,0.3602952989142092,249,80,720,2951,0.0778125,0.1,True,max_tpr_with_empirical_fpr_le_target,0.0090625,0.0090625,0.01,1.203102224149495,29,8,792,3171,0.0090625,0.01,True,max_tpr_with_empirical_fpr_le_target,0.000625,0.000625,0.001,3.0099350875637465,2,0,800,3198,0.000625,0.0,False,max_tpr_with_empirical_fpr_le_target,32,True,False,0.6889295328474534,0.6955762586889156,0.925,KIDNEY_STONE,LR,dp,4.0,9
0.490116015625,0.00406250000000008,3200,800,0.091875,0.091875,0.1,0.287136808701546,294,80,720,2906,0.091875,0.1,True,max_tpr_with_empirical_fpr_le_target,0.01,0.01,0.01,1.0224544564083686,32,8,792,3168,0.01,0.01,True,max_tpr_with_empirical_fpr_le_target,0.0034375,0.0034375,0.001,1.7113555178963449,11,0,800,3189,0.0034375,0.0,False,max_tpr_with_empirical_fpr_le_target,32,True,False,0.7423899383445618,0.7559573115734982,0.925,KIDNEY_STONE,LR,dp,4.0,10
0.5073792968749999,0.0234375,3200,800,0.09625,0.09625,0.1,0.3000563077172642,308,79,721,2892,0.09625,0.09875,True,max_tpr_with_empirical_fpr_le_target,0.0075,0.0075,0.01,1.3291151965274541,24,8,792,3176,0.0075,0.01,True,max_tpr_with_empirical_fpr_le_target,0.0009375,0.0009375,0.001,2.80530394406847,3,0,800,3197,0.0009375,0.0,False,max_tpr_with_empirical_fpr_le_target,32,True,False,0.7347751098588774,0.7383032789013024,0.925,KIDNEY_STONE,LR,dp,4.0,11
0.5103417968749999,0.03593750000000001,3200,800,0.1015625,0.1015625,0.1,0.29037079504102214,325,80,720,2875,0.1015625,0.1,True,max_tpr_with_empirical_fpr_le_target,0.0084375,0.0084375,0.01,1.2844336631014288,27,7,793,3173,0.0084375,0.00875,True,max_tpr_with_empirical_fpr_le_target,0.001875,0.001875,0.001,2.0087982449150372,6,0,800,3194,0.001875,0.0,False,max_tpr_with_empirical_fpr_le_target,32,True,False,0.7009900124489149,0.7056125393808382,0.925,KIDNEY_STONE,LR,dp,4.0,12
0.49779179687499997,0.03156249999999994,3200,800,0.088125,0.088125,0.1,0.31102628068825156,282,78,722,2918,0.088125,0.0975,True,max_tpr_with_empirical_fpr_le_target,0.006875,0.006875,0.01,1.375493050089175,22,8,792,3178,0.006875,0.01,True,max_tpr_with_empirical_fpr_le_target,0.0028125,0.0028125,0.001,2.0514070214030946,9,0,800,3191,0.0028125,0.0,False,max_tpr_with_empirical_fpr_le_target,32,True,False,0.7348834598500905,0.7439568780749393,0.925,KIDNEY_STONE,LR,dp,4.0,13
0.49871640625,0.024687499999999973,3200,800,0.09125,0.09125,0.1,0.2618826308177026,292,80,720,2908,0.09125,0.1,True,max_tpr_with_empirical_fpr_le_target,0.015625,0.015625,0.01,0.810349189733919,50,7,793,3150,0.015625,0.00875,True,max_tpr_with_empirical_fpr_le_target,0.003125,0.003125,0.001,1.4160070465156744,10,0,800,3190,0.003125,0.0,False,max_tpr_with_empirical_fpr_le_target,32,True,False,0.8405801888449075,0.8394616534994956,0.925,KIDNEY_STONE,LR,dp,4.0,14
0.510391015625,0.03874999999999995,3200,800,0.1046875,0.1046875,0.1,0.23534268648411938,335,80,720,2865,0.1046875,0.1,True,max_tpr_with_empirical_fpr_le_target,0.01125,0.01125,0.01,0.9126583191096747,36,7,793,3164,0.01125,0.00875,True,max_tpr_with_empirical_fpr_le_target,0.0003125,0.0003125,0.001,3.275377699766261,1,0,800,3199,0.0003125,0.0,False,max_tpr_with_empirical_fpr_le_target,32,True,False,0.76190496849029,0.763896611409483,0.925,KIDNEY_STONE,LR,dp,4.0,15
0.5073667968750001,0.028125000000000067,3200,800,0.1153125,0.1153125,0.1,0.2555296187184851,369,79,721,2831,0.1153125,0.09875,True,max_tpr_with_empirical_fpr_le_target,0.0059375,0.0059375,0.01,1.0887596267803517,19,6,794,3181,0.0059375,0.0075,True,max_tpr_with_empirical_fpr_le_target,0.0,0.0,0.001,inf,0,0,800,3200,0.0,0.0,False,max_tpr_with_empirical_fpr_le_target,32,True,False,0.7540930358744882,0.7694256959220056,0.925,KIDNEY_STONE,LR,dp,4.0,16
0.515946875,0.042812499999999976,3200,800,0.1096875,0.1096875,0.1,0.24587324599473526,351,80,720,2849,0.1096875,0.1,True,max_tpr_with_empirical_fpr_le_target,0.0146875,0.0146875,0.01,0.788079735977874,47,8,792,3153,0.0146875,0.01,True,max_tpr_with_empirical_fpr_le_target,0.0003125,0.0003125,0.001,2.2639010479776727,1,0,800,3199,0.0003125,0.0,False,max_tpr_with_empirical_fpr_le_target,32,True,False,0.7480561967083581,0.7529313644284231,0.925,KIDNEY_STONE,LR,dp,4.0,17
0.513584375,0.041874999999999996,3200,800,0.12375,0.12375,0.1,0.19662619951261595,396,80,720,2804,0.12375,0.1,True,max_tpr_with_empirical_fpr_le_target,0.005625,0.005625,0.01,1.2625211056091188,18,8,792,3182,0.005625,0.01,True,max_tpr_with_empirical_fpr_le_target,0.001875,0.001875,0.001,1.9981762452783292,6,0,800,3194,0.001875,0.0,False,max_tpr_with_empirical_fpr_le_target,32,True,False,0.7653407762867844,0.7729587892536933,0.925,KIDNEY_STONE,LR,dp,4.0,18
0.487726171875,0.008125,3200,800,0.08625,0.08625,0.1,0.3007949768311373,276,80,720,2924,0.08625,0.1,True,max_tpr_with_empirical_fpr_le_target,0.014375,0.014375,0.01,1.1095199901355262,46,8,792,3154,0.014375,0.01,True,max_tpr_with_empirical_fpr_le_target,0.0021875,0.0021875,0.001,2.363362518558233,7,0,800,3193,0.0021875,0.0,False,max_tpr_with_empirical_fpr_le_target,32,True,False,0.73704049210662,0.7442335551985529,0.925,KIDNEY_STONE,LR,dp,4.0,19
0.491639453125,0.010624999999999996,3200,800,0.096875,0.096875,0.1,0.2814656384026588,310,80,720,2890,0.096875,0.1,True,max_tpr_with_empirical_fpr_le_target,0.0125,0.0125,0.01,1.0669331890178304,40,8,792,3160,0.0125,0.01,True,max_tpr_with_empirical_fpr_le_target,0.003125,0.003125,0.001,1.695626565154124,10,0,800,3190,0.003125,0.0,False,max_tpr_with_empirical_fpr_le_target,32,True,False,0.7349333888049018,0.7310609966993799,0.925,KIDNEY_STONE,LR,dp,4.0,20
0.5081031250000001,0.028437500000000004,3200,800,0.104375,0.104375,0.1,0.2979494342563769,334,80,720,2866,0.104375,0.1,True,max_tpr_with_empirical_fpr_le_target,0.013125,0.013125,0.01,1.017298531096053,42,8,792,3158,0.013125,0.01,True,max_tpr_with_empirical_fpr_le_target,0.0,0.0,0.001,inf,0,0,800,3200,0.0,0.0,False,max_tpr_with_empirical_fpr_le_target,32,True,False,0.6998458883933477,0.6993268163403907,0.925,KIDNEY_STONE,LR,dp,4.0,21
0.50460390625,0.03187499999999999,3200,800,0.089375,0.089375,0.1,0.3034308280595408,286,80,720,2914,0.089375,0.1,True,max_tpr_with_empirical_fpr_le_target,0.014375,0.014375,0.01,1.0153783134462644,46,8,792,3154,0.014375,0.01,True,max_tpr_with_empirical_fpr_le_target,0.000625,0.000625,0.001,3.119327392563178,2,0,800,3198,0.000625,0.0,False,max_tpr_with_empirical_fpr_le_target,32,True,False,0.7154952728432676,0.7259170790538059,0.925,KIDNEY_STONE,LR,dp,4.0,22
0.5128804687499999,0.03781250000000003,3200,800,0.1028125,0.1028125,0.1,0.27449799119869445,329,77,723,2871,0.1028125,0.09625,True,max_tpr_with_empirical_fpr_le_target,0.009375,0.009375,0.01,1.0476337483717302,30,7,793,3170,0.009375,0.00875,True,max_tpr_with_empirical_fpr_le_target,0.0009375,0.0009375,0.001,2.462381480173429,3,0,800,3197,0.0009375,0.0,False,max_tpr_with_empirical_fpr_le_target,32,True,False,0.7348728991693385,0.7443429686146683,0.925,KIDNEY_STONE,LR,dp,4.0,23
0.48576523437499997,0.0234375,3200,800,0.099375,0.099375,0.1,0.29950685989796955,318,80,720,2882,0.099375,0.1,True,max_tpr_with_empirical_fpr_le_target,0.0090625,0.0090625,0.01,1.1135075747649448,29,8,792,3171,0.0090625,0.01,True,max_tpr_with_empirical_fpr_le_target,0.001875,0.001875,0.001,1.906000878427509,6,0,800,3194,0.001875,0.0,False,max_tpr_with_empirical_fpr_le_target,32,True,False,0.7137081454694635,0.7175590668438685,0.925,KIDNEY_STONE,LR,dp,4.0,24
0.505603515625,0.016875,3200,800,0.11125,0.11125,0.1,0.2573650648771846,356,80,720,2844,0.11125,0.1,True,max_tpr_with_empirical_fpr_le_target,0.015,0.015,0.01,0.9328801998390467,48,8,792,3152,0.015,0.01,True,max_tpr_with_empirical_fpr_le_target,0.0021875,0.0021875,0.001,2.1449823820539167,7,0,800,3193,0.0021875,0.0,False,max_tpr_with_empirical_fpr_le_target,32,True,False,0.7382642543180054,0.7400653667392669,0.925,KIDNEY_STONE,LR,dp,4.0,25
0.481568359375,0.004375000000000018,3200,800,0.0746875,0.0746875,0.1,0.31936243124632924,239,80,720,2961,0.0746875,0.1,True,max_tpr_with_empirical_fpr_le_target,0.0059375,0.0059375,0.01,1.1507314271979492,19,8,792,3181,0.0059375,0.01,True,max_tpr_with_empirical_fpr_le_target,0.000625,0.000625,0.001,2.0248210576569043,2,0,800,3198,0.000625,0.0,False,max_tpr_with_empirical_fpr_le_target,32,True,False,0.7964535128024814,0.8074601753545838,0.925,KIDNEY_STONE,LR,dp,4.0,26
0.5157714843750001,0.04093750000000007,3200,800,0.11,0.11,0.1,0.23843508685715853,352,80,720,2848,0.11,0.1,True,max_tpr_with_empirical_fpr_le_target,0.0053125,0.0053125,0.01,1.2040450003334549,17,7,793,3183,0.0053125,0.00875,True,max_tpr_with_empirical_fpr_le_target,0.0015625,0.0015625,0.001,1.9485873218682337,5,0,800,3195,0.0015625,0.0,False,max_tpr_with_empirical_fpr_le_target,32,True,False,0.7215142533037349,0.7258293107327118,0.925,KIDNEY_STONE,LR,dp,4.0,27
0.48763281249999996,0.008437499999999987,3200,800,0.0871875,0.0871875,0.1,0.28641812162126823,279,80,720,2921,0.0871875,0.1,True,max_tpr_with_empirical_fpr_le_target,0.01375,0.01375,0.01,0.9188145428853756,44,8,792,3156,0.01375,0.01,True,max_tpr_with_empirical_fpr_le_target,0.0,0.0,0.001,inf,0,0,800,3200,0.0,0.0,False,max_tpr_with_empirical_fpr_le_target,32,True,False,0.7727117344882254,0.7814035366126882,0.925,KIDNEY_STONE,LR,dp,4.0,28
0.5187496093749999,0.04656249999999998,3200,800,0.12375,0.12375,0.1,0.23333679126071227,396,80,720,2804,0.12375,0.1,True,max_tpr_with_empirical_fpr_le_target,0.0153125,0.0153125,0.01,0.8501416431804789,49,8,792,3151,0.0153125,0.01,True,max_tpr_with_empirical_fpr_le_target,0.0,0.0,0.001,inf,0,0,800,3200,0.0,0.0,False,max_tpr_with_empirical_fpr_le_target,32,True,False,0.7687829416410399,0.7706888344598168,0.925,KIDNEY_STONE,LR,dp,4.0,29
0.49994140625,0.034999999999999976,3200,800,0.1103125,0.1103125,0.1,0.3544788563576926,353,80,720,2847,0.1103125,0.1,True,max_tpr_with_empirical_fpr_le_target,0.0134375,0.0134375,0.01,1.3631909898581647,43,8,792,3157,0.0134375,0.01,True,max_tpr_with_empirical_fpr_le_target,0.0028125,0.0028125,0.001,3.097687598161737,9,0,800,3191,0.0028125,0.0,False,max_tpr_with_empirical_fpr_le_target,32,True,False,0.36826035082531405,0.37035935965727607,0.925,KIDNEY_STONE,LR,dp,8.0,0
0.51207734375,0.03468749999999998,3200,800,0.1184375,0.1184375,0.1,0.3882655464505187,379,80,720,2821,0.1184375,0.1,True,max_tpr_with_empirical_fpr_le_target,0.0190625,0.0190625,0.01,1.171974512849096,61,8,792,3139,0.0190625,0.01,True,max_tpr_with_empirical_fpr_le_target,0.005,0.005,0.001,1.9578755466289017,16,0,800,3184,0.005,0.0,False,max_tpr_with_empirical_fpr_le_target,32,True,False,0.3407275684683513,0.343594417383798,0.925,KIDNEY_STONE,LR,dp,8.0,1
0.471274609375,0.0018750000000000001,3200,800,0.07875,0.07875,0.1,0.4012721456634095,252,79,721,2948,0.07875,0.09875,True,max_tpr_with_empirical_fpr_le_target,0.004375,0.004375,0.01,1.7309634272773473,14,8,792,3186,0.004375,0.01,True,max_tpr_with_empirical_fpr_le_target,0.0009375,0.0009375,0.001,3.0154793866071263,3,0,800,3197,0.0009375,0.0,False,max_tpr_with_empirical_fpr_le_target,32,True,False,0.39785065314659307,0.40299084533249885,0.925,KIDNEY_STONE,LR,dp,8.0,2
0.48873828125,0.02124999999999999,3200,800,0.0978125,0.0978125,0.1,0.40591837799013675,313,78,722,2887,0.0978125,0.0975,True,max_tpr_with_empirical_fpr_le_target,0.009375,0.009375,0.01,1.3366889564950306,30,8,792,3170,0.009375,0.01,True,max_tpr_with_empirical_fpr_le_target,0.0003125,0.0003125,0.001,4.098940475210176,1,0,800,3199,0.0003125,0.0,False,max_tpr_with_empirical_fpr_le_target,32,True,False,0.34955026411130125,0.35304661315440944,0.925,KIDNEY_STONE,LR,dp,8.0,3
0.512512890625,0.0396875000000001,3200,800,0.0996875,0.0996875,0.1,0.3888800791632492,319,79,721,2881,0.0996875,0.09875,True,max_tpr_with_empirical_fpr_le_target,0.014375,0.014375,0.01,1.128386191577662,46,8,792,3154,0.014375,0.01,True,max_tpr_with_empirical_fpr_le_target,0.000625,0.000625,0.001,2.9511870520510297,2,0,800,3198,0.000625,0.0,False,max_tpr_with_empirical_fpr_le_target,32,True,False,0.38220840421517005,0.3821542702544043,0.925,KIDNEY_STONE,LR,dp,8.0,4
0.49075351562499997,0.018437499999999996,3200,800,0.1125,0.1125,0.1,0.3773925341473612,360,80,720,2840,0.1125,0.1,True,max_tpr_with_empirical_fpr_le_target,0.0065625,0.0065625,0.01,1.4690715806928862,21,8,792,3179,0.0065625,0.01,True,max_tpr_with_empirical_fpr_le_target,0.0,0.0,0.001,inf,0,0,800,3200,0.0,0.0,False,max_tpr_with_empirical_fpr_le_target,32,True,False,0.3601183002252856,0.3637381679901143,0.925,KIDNEY_STONE,LR,dp,8.0,5
0.49905546875,0.01656249999999998,3200,800,0.10375,0.10375,0.1,0.38162402806379925,332,80,720,2868,0.10375,0.1,True,max_tpr_with_empirical_fpr_le_target,0.01125,0.01125,0.01,1.3595022008420639,36,8,792,3164,0.01125,0.01,True,max_tpr_with_empirical_fpr_le_target,0.0,0.0,0.001,inf,0,0,800,3200,0.0,0.0,False,max_tpr_with_empirical_fpr_le_target,32,True,False,0.3729427643659537,0.37478670941187564,0.925,KIDNEY_STONE,LR,dp,8.0,6
0.50707578125,0.04625000000000001,3200,800,0.1096875,0.1096875,0.1,0.36830602983343275,351,80,720,2849,0.1096875,0.1,True,max_tpr_with_empirical_fpr_le_target,0.014375,0.014375,0.01,1.2012866018304722,46,8,792,3154,0.014375,0.01,True,max_tpr_with_empirical_fpr_le_target,0.00125,0.00125,0.001,2.4883486146363945,4,0,800,3196,0.00125,0.0,False,max_tpr_with_empirical_fpr_le_target,32,True,False,0.3692785049379014,0.3725440526931108,0.925,KIDNEY_STONE,LR,dp,8.0,7
0.508674609375,0.040937500000000016,3200,800,0.1140625,0.1140625,0.1,0.37910433215724604,365,80,720,2835,0.1140625,0.1,True,max_tpr_with_empirical_fpr_le_target,0.0084375,0.0084375,0.01,1.386823315407986,27,8,792,3173,0.0084375,0.01,True,max_tpr_with_empirical_fpr_le_target,0.000625,0.000625,0.001,3.032179100030114,2,0,800,3198,0.000625,0.0,False,max_tpr_with_empirical_fpr_le_target,32,True,False,0.3633773497775496,0.3592650113148214,0.925,KIDNEY_STONE,LR,dp,8.0,8
0.48433203125,0.006249999999999978,3200,800,0.0925,0.0925,0.1,0.4257425599570617,296,79,721,2904,0.0925,0.09875,True,max_tpr_with_empirical_fpr_le_target,0.0109375,0.0109375,0.01,1.4763800306725403,35,8,792,3165,0.0109375,0.01,True,max_tpr_with_empirical_fpr_le_target,0.000625,0.000625,0.001,3.6491810029043874,2,0,800,3198,0.000625,0.0,False,max_tpr_with_empirical_fpr_le_target,32,True,False,0.3376288837823127,0.34066460832211787,0.925,KIDNEY_STONE,LR,dp,8.0,9
0.49126953124999995,0.01843750000000001,3200,800,0.105,0.105,0.1,0.386068784213597,336,80,720,2864,0.105,0.1,True,max_tpr_with_empirical_fpr_le_target,0.006875,0.006875,0.01,1.6388706622970632,22,8,792,3178,0.006875,0.01,True,max_tpr_with_empirical_fpr_le_target,0.0009375,0.0009375,0.001,3.12547585464348,3,0,800,3197,0.0009375,0.0,False,max_tpr_with_empirical_fpr_le_target,32,True,False,0.3484969407162997,0.35323914290154906,0.925,KIDNEY_STONE,LR,dp,8.0,10
0.5141,0.044375,3200,800,0.0971875,0.0971875,0.1,0.4521439121133519,311,78,722,2889,0.0971875,0.0975,True,max_tpr_with_empirical_fpr_le_target,0.0203125,0.0203125,0.01,1.3133622581004394,65,8,792,3135,0.0203125,0.01,True,max_tpr_with_empirical_fpr_le_target,0.0034375,0.0034375,0.001,3.0006882413148945,11,0,800,3189,0.0034375,0.0,False,max_tpr_with_empirical_fpr_le_target,32,True,False,0.3589995579798366,0.3606615928957294,0.925,KIDNEY_STONE,LR,dp,8.0,11
0.50591015625,0.025312500000000016,3200,800,0.1065625,0.1065625,0.1,0.4124267260387887,341,80,720,2859,0.1065625,0.1,True,max_tpr_with_empirical_fpr_le_target,0.0125,0.0125,0.01,1.491115052737789,40,8,792,3160,0.0125,0.01,True,max_tpr_with_empirical_fpr_le_target,0.001875,0.001875,0.001,2.6126651705843367,6,0,800,3194,0.001875,0.0,False,max_tpr_with_empirical_fpr_le_target,32,True,False,0.3373145480080599,0.3386665943342367,0.925,KIDNEY_STONE,LR,dp,8.0,12
0.48362695312500004,0.015937499999999938,3200,800,0.0953125,0.0953125,0.1,0.42328665435099455,305,80,720,2895,0.0953125,0.1,True,max_tpr_with_empirical_fpr_le_target,0.0078125,0.0078125,0.01,1.5225653768775984,25,8,792,3175,0.0078125,0.01,True,max_tpr_with_empirical_fpr_le_target,0.0015625,0.0015625,0.001,2.9620321200406052,5,0,800,3195,0.0015625,0.0,False,max_tpr_with_empirical_fpr_le_target,32,True,False,0.3608987186363694,0.3644888249231252,0.925,KIDNEY_STONE,LR,dp,8.0,13
0.4998921875,0.01968749999999997,3200,800,0.1,0.1,0.1,0.34127919983464794,320,80,720,2880,0.1,0.1,True,max_tpr_with_empirical_fpr_le_target,0.01125,0.01125,0.01,1.2257372429073539,36,8,792,3164,0.01125,0.01,True,max_tpr_with_empirical_fpr_le_target,0.0025,0.0025,0.001,2.090657884132066,8,0,800,3192,0.0025,0.0,False,max_tpr_with_empirical_fpr_le_target,32,True,False,0.39855900973389763,0.39913441734504296,0.925,KIDNEY_STONE,LR,dp,8.0,14
0.51660546875,0.036250000000000004,3200,800,0.115625,0.115625,0.1,0.31156205126962966,370,80,720,2830,0.115625,0.1,True,max_tpr_with_empirical_fpr_le_target,0.013125,0.013125,0.01,1.101549245521749,42,8,792,3158,0.013125,0.01,True,max_tpr_with_empirical_fpr_le_target,0.0009375,0.0009375,0.001,2.4965083899666327,3,0,800,3197,0.0009375,0.0,False,max_tpr_with_empirical_fpr_le_target,32,True,False,0.3702982135229594,0.3719815215043528,0.925,KIDNEY_STONE,LR,dp,8.0,15
0.51983828125,0.06437499999999996,3200,800,0.125,0.125,0.1,0.34628731334798035,400,80,720,2800,0.125,0.1,True,max_tpr_with_empirical_fpr_le_target,0.0059375,0.0059375,0.01,1.5923797126495038,19,8,792,3181,0.0059375,0.01,True,max_tpr_with_empirical_fpr_le_target,0.0,0.0,0.001,inf,0,0,800,3200,0.0,0.0,False,max_tpr_with_empirical_fpr_le_target,32,True,False,0.36096207714014916,0.36788320307167566,0.925,KIDNEY_STONE,LR,dp,8.0,16
0.513934765625,0.04031249999999997,3200,800,0.128125,0.128125,0.1,0.3003896115699577,410,80,720,2790,0.128125,0.1,True,max_tpr_with_empirical_fpr_le_target,0.01375,0.01375,0.01,1.1910429936670917,44,8,792,3156,0.01375,0.01,True,max_tpr_with_empirical_fpr_le_target,0.0009375,0.0009375,0.001,2.630472264928626,3,0,800,3197,0.0009375,0.0,False,max_tpr_with_empirical_fpr_le_target,32,True,False,0.3658212024746422,0.36834008002184243,0.925,KIDNEY_STONE,LR,dp,8.0,17
0.5172765625,0.049375,3200,800,0.1271875,0.1271875,0.1,0.29859372158316944,407,80,720,2793,0.1271875,0.1,True,max_tpr_with_empirical_fpr_le_target,0.0059375,0.0059375,0.01,1.7151325190454942,19,7,793,3181,0.0059375,0.00875,True,max_tpr_with_empirical_fpr_le_target,0.0021875,0.0021875,0.001,2.180252346721997,7,0,800,3193,0.0021875,0.0,False,max_tpr_with_empirical_fpr_le_target,32,True,False,0.36883857698039735,0.37086875869956176,0.925,KIDNEY_STONE,LR,dp,8.0,18
0.49188437500000004,0.010937499999999989,3200,800,0.0865625,0.0865625,0.1,0.42426101235496705,277,79,721,2923,0.0865625,0.09875,True,max_tpr_with_empirical_fpr_le_target,0.0115625,0.0115625,0.01,1.5943981915815708,37,8,792,3163,0.0115625,0.01,True,max_tpr_with_empirical_fpr_le_target,0.0025,0.0025,0.001,2.656469279981181,8,0,800,3192,0.0025,0.0,False,max_tpr_with_empirical_fpr_le_target,32,True,False,0.3503652017537806,0.35279295613771544,0.925,KIDNEY_STONE,LR,dp,8.0,19
0.49128671874999996,0.005625,3200,800,0.0928125,0.0928125,0.1,0.43621217460196715,297,80,720,2903,0.0928125,0.1,True,max_tpr_with_empirical_fpr_le_target,0.014375,0.014375,0.01,1.319369909403716,46,7,793,3154,0.014375,0.00875,True,max_tpr_with_empirical_fpr_le_target,0.004375,0.004375,0.001,2.0921849663321352,14,0,800,3186,0.004375,0.0,False,max_tpr_with_empirical_fpr_le_target,32,True,False,0.3557171965779474,0.35624635217070694,0.925,KIDNEY_STONE,LR,dp,8.0,20
0.507128515625,0.02812500000000001,3200,800,0.109375,0.109375,0.1,0.45014737320959963,350,80,720,2850,0.109375,0.1,True,max_tpr_with_empirical_fpr_le_target,0.0175,0.0175,0.01,1.2376704317466647,56,8,792,3144,0.0175,0.01,True,max_tpr_with_empirical_fpr_le_target,0.000625,0.000625,0.001,2.917250653954697,2,0,800,3198,0.000625,0.0,False,max_tpr_with_empirical_fpr_le_target,32,True,False,0.3434376540124751,0.34206752172276955,0.925,KIDNEY_STONE,LR,dp,8.0,21
0.508103515625,0.03031250000000002,3200,800,0.1084375,0.1084375,0.1,0.3822734837853883,347,80,720,2853,0.1084375,0.1,True,max_tpr_with_empirical_fpr_le_target,0.0125,0.0125,0.01,1.3158860022685142,40,8,792,3160,0.0125,0.01,True,max_tpr_with_empirical_fpr_le_target,0.0003125,0.0003125,0.001,3.852758133819745,1,0,800,3199,0.0003125,0.0,False,max_tpr_with_empirical_fpr_le_target,32,True,False,0.35460961084119913,0.36065749015691984,0.925,KIDNEY_STONE,LR,dp,8.0,22
0.50708203125,0.030937500000000007,3200,800,0.115625,0.115625,0.1,0.33870886269512224,370,80,720,2830,0.115625,0.1,True,max_tpr_with_empirical_fpr_le_target,0.01375,0.01375,0.01,1.1256171901336374,44,8,792,3156,0.01375,0.01,True,max_tpr_with_empirical_fpr_le_target,0.001875,0.001875,0.001,2.2210526936820036,6,0,800,3194,0.001875,0.0,False,max_tpr_with_empirical_fpr_le_target,32,True,False,0.3621543123495058,0.3679916653549681,0.925,KIDNEY_STONE,LR,dp,8.0,23
0.486655859375,0.008124999999999938,3200,800,0.0909375,0.0909375,0.1,0.44493478036644296,291,79,721,2909,0.0909375,0.09875,True,max_tpr_with_empirical_fpr_le_target,0.009375,0.009375,0.01,1.411501828001915,30,7,793,3170,0.009375,0.00875,True,max_tpr_with_empirical_fpr_le_target,0.0015625,0.0015625,0.001,2.925481651793069,5,0,800,3195,0.0015625,0.0,False,max_tpr_with_empirical_fpr_le_target,32,True,False,0.34826235707466763,0.3494292264899532,0.925,KIDNEY_STONE,LR,dp,8.0,24
0.5143375,0.04468749999999999,3200,800,0.11375,0.11375,0.1,0.364469766395767,364,79,721,2836,0.11375,0.09875,True,max_tpr_with_empirical_fpr_le_target,0.0125,0.0125,0.01,1.2804854576038824,40,8,792,3160,0.0125,0.01,True,max_tpr_with_empirical_fpr_le_target,0.0046875,0.0046875,0.001,2.0030035390275156,15,0,800,3185,0.0046875,0.0,False,max_tpr_with_empirical_fpr_le_target,32,True,False,0.3538110316919324,0.35427231494361905,0.925,KIDNEY_STONE,LR,dp,8.0,25
0.47077773437500003,0.0003125,3200,800,0.0846875,0.0846875,0.1,0.41612742602306085,271,79,721,2929,0.0846875,0.09875,True,max_tpr_with_empirical_fpr_le_target,0.0059375,0.0059375,0.01,1.4135596397742396,19,8,792,3181,0.0059375,0.01,True,max_tpr_with_empirical_fpr_le_target,0.0003125,0.0003125,0.001,4.443309878119203,1,0,800,3199,0.0003125,0.0,False,max_tpr_with_empirical_fpr_le_target,32,True,False,0.37931488290424065,0.3842802169197977,0.925,KIDNEY_STONE,LR,dp,8.0,26
0.5122703125,0.029374999999999984,3200,800,0.0940625,0.0940625,0.1,0.3728554827038504,301,80,720,2899,0.0940625,0.1,True,max_tpr_with_empirical_fpr_le_target,0.018125,0.018125,0.01,1.0183257994165418,58,8,792,3142,0.018125,0.01,True,max_tpr_with_empirical_fpr_le_target,0.000625,0.000625,0.001,2.4472466354683577,2,0,800,3198,0.000625,0.0,False,max_tpr_with_empirical_fpr_le_target,32,True,False,0.3513948565195957,0.35409772942992945,0.925,KIDNEY_STONE,LR,dp,8.0,27
0.48903359375,0.018125000000000002,3200,800,0.101875,0.101875,0.1,0.36883845006573945,326,80,720,2874,0.101875,0.1,True,max_tpr_with_empirical_fpr_le_target,0.013125,0.013125,0.01,1.2431838769323416,42,8,792,3158,0.013125,0.01,True,max_tpr_with_empirical_fpr_le_target,0.0,0.0,0.001,inf,0,0,800,3200,0.0,0.0,False,max_tpr_with_empirical_fpr_le_target,32,True,False,0.3812944405400918,0.3851194471597114,0.925,KIDNEY_STONE,LR,dp,8.0,28
0.5307167968750001,0.06125000000000003,3200,800,0.1325,0.1325,0.1,0.3558709461041072,424,80,720,2776,0.1325,0.1,True,max_tpr_with_empirical_fpr_le_target,0.0175,0.0175,0.01,1.1866211065953038,56,8,792,3144,0.0175,0.01,True,max_tpr_with_empirical_fpr_le_target,0.0003125,0.0003125,0.001,3.440624328119944,1,0,800,3199,0.0003125,0.0,False,max_tpr_with_empirical_fpr_le_target,32,True,False,0.3733686392518827,0.37535960083022096,0.925,KIDNEY_STONE,LR,dp,8.0,29
0.5016203124999999,0.029375000000000012,3200,800,0.1228125,0.1228125,0.1,0.3917733341552312,393,80,720,2807,0.1228125,0.1,True,max_tpr_with_empirical_fpr_le_target,0.01,0.01,0.01,1.6726844716400788,32,8,792,3168,0.01,0.01,True,max_tpr_with_empirical_fpr_le_target,0.0028125,0.0028125,0.001,3.3448347702482035,9,0,800,3191,0.0028125,0.0,False,max_tpr_with_empirical_fpr_le_target,32,True,False,0.30582882750158247,0.3079134563584231,0.925,KIDNEY_STONE,LR,dp,10.0,0
0.5140480468749999,0.03593749999999998,3200,800,0.1109375,0.1109375,0.1,0.47901722922900825,355,80,720,2845,0.1109375,0.1,True,max_tpr_with_empirical_fpr_le_target,0.019375,0.019375,0.01,1.3079410987891569,62,8,792,3138,0.019375,0.01,True,max_tpr_with_empirical_fpr_le_target,0.0046875,0.0046875,0.001,2.145041730430324,15,0,800,3185,0.0046875,0.0,False,max_tpr_with_empirical_fpr_le_target,32,True,False,0.2854405751302276,0.28791362680267746,0.925,KIDNEY_STONE,LR,dp,10.0,1
0.47447734375000006,0.00125,3200,800,0.0765625,0.0765625,0.1,0.45501838916063053,245,80,720,2955,0.0765625,0.1,True,max_tpr_with_empirical_fpr_le_target,0.006875,0.006875,0.01,1.6955154639341388,22,8,792,3178,0.006875,0.01,True,max_tpr_with_empirical_fpr_le_target,0.000625,0.000625,0.001,3.34369608129877,2,0,800,3198,0.000625,0.0,False,max_tpr_with_empirical_fpr_le_target,32,True,False,0.3376852677176517,0.3420105994627977,0.925,KIDNEY_STONE,LR,dp,10.0,2
0.487050390625,0.024375000000000036,3200,800,0.093125,0.093125,0.1,0.4722586035434433,298,80,720,2902,0.093125,0.1,True,max_tpr_with_empirical_fpr_le_target,0.008125,0.008125,0.01,1.5287004964306128,26,8,792,3174,0.008125,0.01,True,max_tpr_with_empirical_fpr_le_target,0.0003125,0.0003125,0.001,4.180857770968788,1,0,800,3199,0.0003125,0.0,False,max_tpr_with_empirical_fpr_le_target,32,True,False,0.2917215059759876,0.29467663554938706,0.925,KIDNEY_STONE,LR,dp,10.0,3
0.514855078125,0.03718750000000004,3200,800,0.1025,0.1025,0.1,0.4523734444841474,328,80,720,2872,0.1025,0.1,True,max_tpr_with_empirical_fpr_le_target,0.01375,0.01375,0.01,1.3214694239931006,44,8,792,3156,0.01375,0.01,True,max_tpr_with_empirical_fpr_le_target,0.0009375,0.0009375,0.001,2.8005413689905847,3,0,800,3197,0.0009375,0.0,False,max_tpr_with_empirical_fpr_le_target,32,True,False,0.3180199895932056,0.31817894261254576,0.925,KIDNEY_STONE,LR,dp,10.0,4
0.491675390625,0.025312500000000016,3200,800,0.118125,0.118125,0.1,0.4294356907302761,378,79,721,2822,0.118125,0.09875,True,max_tpr_with_empirical_fpr_le_target,0.0075,0.0075,0.01,1.6385536560333982,24,8,792,3176,0.0075,0.01,True,max_tpr_with_empirical_fpr_le_target,0.0003125,0.0003125,0.001,3.4262476441110996,1,0,800,3199,0.0003125,0.0,False,max_tpr_with_empirical_fpr_le_target,32,True,False,0.2988512048668748,0.3017029264219033,0.925,KIDNEY_STONE,LR,dp,10.0,5
0.49541367187499996,0.014687499999999992,3200,800,0.114375,0.114375,0.1,0.40839891608581635,366,80,720,2834,0.114375,0.1,True,max_tpr_with_empirical_fpr_le_target,0.01,0.01,0.01,1.5222264357984128,32,8,792,3168,0.01,0.01,True,max_tpr_with_empirical_fpr_le_target,0.0,0.0,0.001,inf,0,0,800,3200,0.0,0.0,False,max_tpr_with_empirical_fpr_le_target,32,True,False,0.3104034787256023,0.31194923594249624,0.925,KIDNEY_STONE,LR,dp,10.0,6
0.507267578125,0.04343750000000002,3200,800,0.1115625,0.1115625,0.1,0.42232171159671617,357,80,720,2843,0.1115625,0.1,True,max_tpr_with_empirical_fpr_le_target,0.013125,0.013125,0.01,1.3992023469483372,42,8,792,3158,0.013125,0.01,True,max_tpr_with_empirical_fpr_le_target,0.0021875,0.0021875,0.001,2.2815716401987256,7,0,800,3193,0.0021875,0.0,False,max_tpr_with_empirical_fpr_le_target,32,True,False,0.3063838818606975,0.30899923519906414,0.925,KIDNEY_STONE,LR,dp,10.0,7
0.5106105468750001,0.044375,3200,800,0.1134375,0.1134375,0.1,0.4428966543743136,363,80,720,2837,0.1134375,0.1,True,max_tpr_with_empirical_fpr_le_target,0.009375,0.009375,0.01,1.4815613336156073,30,8,792,3170,0.009375,0.01,True,max_tpr_with_empirical_fpr_le_target,0.0009375,0.0009375,0.001,3.06063039671241,3,0,800,3197,0.0009375,0.0,False,max_tpr_with_empirical_fpr_le_target,32,True,False,0.3024747021179737,0.29917893108101185,0.925,KIDNEY_STONE,LR,dp,10.0,8
0.485828125,0.0037500000000000033,3200,800,0.09625,0.09625,0.1,0.47047143041760386,308,79,721,2892,0.09625,0.09875,True,max_tpr_with_empirical_fpr_le_target,0.01375,0.01375,0.01,1.5193904494128236,44,8,792,3156,0.01375,0.01,True,max_tpr_with_empirical_fpr_le_target,0.0003125,0.0003125,0.001,3.808988190346823,1,0,800,3199,0.0003125,0.0,False,max_tpr_with_empirical_fpr_le_target,32,True,False,0.2843262236640429,0.28666868148828556,0.925,KIDNEY_STONE,LR,dp,10.0,9
0.48797890625,0.019375000000000003,3200,800,0.1140625,0.1140625,0.1,0.4202259867512492,365,79,721,2835,0.1140625,0.09875,True,max_tpr_with_empirical_fpr_le_target,0.0071875,0.0071875,0.01,1.8927873250168732,23,8,792,3177,0.0071875,0.01,True,max_tpr_with_empirical_fpr_le_target,0.000625,0.000625,0.001,3.5777827577580066,2,0,800,3198,0.000625,0.0,False,max_tpr_with_empirical_fpr_le_target,32,True,False,0.28929440475260404,0.29285706018505236,0.925,KIDNEY_STONE,LR,dp,10.0,10
0.51509609375,0.05343750000000003,3200,800,0.104375,0.104375,0.1,0.5035939650394432,334,80,720,2866,0.104375,0.1,True,max_tpr_with_empirical_fpr_le_target,0.0190625,0.0190625,0.01,1.4706803242988433,61,8,792,3139,0.0190625,0.01,True,max_tpr_with_empirical_fpr_le_target,0.0034375,0.0034375,0.001,3.0248623832629544,11,0,800,3189,0.0034375,0.0,False,max_tpr_with_empirical_fpr_le_target,32,True,False,0.30058034328616495,0.30188959258960535,0.925,KIDNEY_STONE,LR,dp,10.0,11
0.506293359375,0.024375000000000036,3200,800,0.100625,0.100625,0.1,0.4961739404351331,322,80,720,2878,0.100625,0.1,True,max_tpr_with_empirical_fpr_le_target,0.009375,0.009375,0.01,1.786062890075078,30,8,792,3170,0.009375,0.01,True,max_tpr_with_empirical_fpr_le_target,0.00125,0.00125,0.001,2.9903990546730204,4,0,800,3196,0.00125,0.0,False,max_tpr_with_empirical_fpr_le_target,32,True,False,0.28147676944563527,0.28241518079532113,0.925,KIDNEY_STONE,LR,dp,10.0,12
0.48310273437499995,0.015000000000000013,3200,800,0.0884375,0.0884375,0.1,0.500840211247398,283,80,720,2917,0.0884375,0.1,True,max_tpr_with_empirical_fpr_le_target,0.006875,0.006875,0.01,1.897652612179735,22,8,792,3178,0.006875,0.01,True,max_tpr_with_empirical_fpr_le_target,0.001875,0.001875,0.001,2.9915450851727066,6,0,800,3194,0.001875,0.0,False,max_tpr_with_empirical_fpr_le_target,32,True,False,0.3011392405049393,0.30377817053364287,0.925,KIDNEY_STONE,LR,dp,10.0,13
0.49912812500000003,0.015312500000000062,3200,800,0.105,0.105,0.1,0.3958246849274314,336,80,720,2864,0.105,0.1,True,max_tpr_with_empirical_fpr_le_target,0.0128125,0.0128125,0.01,1.367498150386547,41,8,792,3159,0.0128125,0.01,True,max_tpr_with_empirical_fpr_le_target,0.0025,0.0025,0.001,2.2876623125563222,8,0,800,3192,0.0025,0.0,False,max_tpr_with_empirical_fpr_le_target,32,True,False,0.33116923846176427,0.3319187105394168,0.925,KIDNEY_STONE,LR,dp,10.0,14
0.516565234375,0.03937499999999999,3200,800,0.1221875,0.1221875,0.1,0.34874690847614653,391,80,720,2809,0.1221875,0.1,True,max_tpr_with_empirical_fpr_le_target,0.0140625,0.0140625,0.01,1.1965317278434335,45,7,793,3155,0.0140625,0.00875,True,max_tpr_with_empirical_fpr_le_target,0.0003125,0.0003125,0.001,3.1061700184659267,1,0,800,3199,0.0003125,0.0,False,max_tpr_with_empirical_fpr_le_target,32,True,False,0.3086816702333116,0.310344795018222,0.925,KIDNEY_STONE,LR,dp,10.0,15
0.5182570312500001,0.06156250000000002,3200,800,0.12125,0.12125,0.1,0.4109635714846953,388,80,720,2812,0.12125,0.1,True,max_tpr_with_empirical_fpr_le_target,0.00625,0.00625,0.01,1.811616414156974,20,7,793,3180,0.00625,0.00875,True,max_tpr_with_empirical_fpr_le_target,0.0,0.0,0.001,inf,0,0,800,3200,0.0,0.0,False,max_tpr_with_empirical_fpr_le_target,32,True,False,0.30011676113950997,0.305682664345936,0.925,KIDNEY_STONE,LR,dp,10.0,16
0.5131796875000001,0.04062500000000002,3200,800,0.12,0.12,0.1,0.369853062589826,384,80,720,2816,0.12,0.1,True,max_tpr_with_empirical_fpr_le_target,0.02,0.02,0.01,1.1656533861711997,64,8,792,3136,0.02,0.01,True,max_tpr_with_empirical_fpr_le_target,0.0021875,0.0021875,0.001,2.361949343020968,7,0,800,3193,0.0021875,0.0,False,max_tpr_with_empirical_fpr_le_target,32,True,False,0.3047129765577395,0.30699088445559913,0.925,KIDNEY_STONE,LR,dp,10.0,17
0.520096875,0.05250000000000005,3200,800,0.13125,0.13125,0.1,0.3582662256507396,420,79,721,2780,0.13125,0.09875,True,max_tpr_with_empirical_fpr_le_target,0.008125,0.008125,0.01,1.693854370825923,26,8,792,3174,0.008125,0.01,True,max_tpr_with_empirical_fpr_le_target,0.0034375,0.0034375,0.001,2.3566486023016164,11,0,800,3189,0.0034375,0.0,False,max_tpr_with_empirical_fpr_le_target,32,True,False,0.30767443017198953,0.3089037993670255,0.925,KIDNEY_STONE,LR,dp,10.0,18
0.49548710937499996,0.016250000000000042,3200,800,0.0903125,0.0903125,0.1,0.4726222981220807,289,80,720,2911,0.0903125,0.1,True,max_tpr_with_empirical_fpr_le_target,0.014375,0.014375,0.01,1.5996234011091328,46,8,792,3154,0.014375,0.01,True,max_tpr_with_empirical_fpr_le_target,0.0040625,0.0040625,0.001,2.4385574641901178,13,0,800,3187,0.0040625,0.0,False,max_tpr_with_empirical_fpr_le_target,32,True,False,0.2897857276277509,0.29154663141603904,0.925,KIDNEY_STONE,LR,dp,10.0,19
0.4938765625,0.0059375,3200,800,0.095,0.095,0.1,0.49859480911097265,304,80,720,2896,0.095,0.1,True,max_tpr_with_empirical_fpr_le_target,0.013125,0.013125,0.01,1.492930028215457,42,8,792,3158,0.013125,0.01,True,max_tpr_with_empirical_fpr_le_target,0.004375,0.004375,0.001,2.399056066157109,14,0,800,3186,0.004375,0.0,False,max_tpr_with_empirical_fpr_le_target,32,True,False,0.2984037617103545,0.29952694941108915,0.925,KIDNEY_STONE,LR,dp,10.0,20
0.50505390625,0.029374999999999984,3200,800,0.106875,0.106875,0.1,0.5340287337157417,342,80,720,2858,0.106875,0.1,True,max_tpr_with_empirical_fpr_le_target,0.0153125,0.0153125,0.01,1.4682932029418296,49,6,794,3151,0.0153125,0.0075,True,max_tpr_with_empirical_fpr_le_target,0.000625,0.000625,0.001,3.400318658056288,2,0,800,3198,0.000625,0.0,False,max_tpr_with_empirical_fpr_le_target,32,True,False,0.2866766880480192,0.2852448023848146,0.925,KIDNEY_STONE,LR,dp,10.0,21
0.509608203125,0.04062499999999997,3200,800,0.113125,0.113125,0.1,0.40644834381811434,362,80,720,2838,0.113125,0.1,True,max_tpr_with_empirical_fpr_le_target,0.0140625,0.0140625,0.01,1.4388506938579675,45,8,792,3155,0.0140625,0.01,True,max_tpr_with_empirical_fpr_le_target,0.0003125,0.0003125,0.001,3.9392908821901154,1,0,800,3199,0.0003125,0.0,False,max_tpr_with_empirical_fpr_le_target,32,True,False,0.298539806687162,0.3036341963124787,0.925,KIDNEY_STONE,LR,dp,10.0,22
0.50872265625,0.0415625,3200,800,0.12375,0.12375,0.1,0.370064157820726,396,78,722,2804,0.12375,0.0975,True,max_tpr_with_empirical_fpr_le_target,0.0125,0.0125,0.01,1.272015940658906,40,8,792,3160,0.0125,0.01,True,max_tpr_with_empirical_fpr_le_target,0.001875,0.001875,0.001,2.3513807673453844,6,0,800,3194,0.001875,0.0,False,max_tpr_with_empirical_fpr_le_target,32,True,False,0.30578961241145525,0.31102378595840596,0.925,KIDNEY_STONE,LR,dp,10.0,23
0.48550234375,0.005624999999999991,3200,800,0.0846875,0.0846875,0.1,0.5357419006549298,271,78,722,2929,0.0846875,0.0975,True,max_tpr_with_empirical_fpr_le_target,0.0103125,0.0103125,0.01,1.4946903419936035,33,8,792,3167,0.0103125,0.01,True,max_tpr_with_empirical_fpr_le_target,0.00125,0.00125,0.001,3.255905983760816,4,0,800,3196,0.00125,0.0,False,max_tpr_with_empirical_fpr_le_target,32,True,False,0.29028122280996677,0.2911631531279222,0.925,KIDNEY_STONE,LR,dp,10.0,24
0.5139464843750001,0.03781249999999997,3200,800,0.1146875,0.1146875,0.1,0.41711689988244993,367,80,720,2833,0.1146875,0.1,True,max_tpr_with_empirical_fpr_le_target,0.0125,0.0125,0.01,1.3858591779212526,40,8,792,3160,0.0125,0.01,True,max_tpr_with_empirical_fpr_le_target,0.005,0.005,0.001,2.088646818215815,16,0,800,3184,0.005,0.0,False,max_tpr_with_empirical_fpr_le_target,32,True,False,0.29481049405845805,0.2951786585212747,0.925,KIDNEY_STONE,LR,dp,10.0,25
0.46812265625,0.0003125,3200,800,0.0775,0.0775,0.1,0.49534902502823064,248,80,720,2952,0.0775,0.1,True,max_tpr_with_empirical_fpr_le_target,0.004375,0.004375,0.01,1.8094288258542344,14,8,792,3186,0.004375,0.01,True,max_tpr_with_empirical_fpr_le_target,0.0003125,0.0003125,0.001,5.198329367292285,1,0,800,3199,0.0003125,0.0,False,max_tpr_with_empirical_fpr_le_target,32,True,False,0.31603347639733775,0.3201883591543951,0.925,KIDNEY_STONE,LR,dp,10.0,26
0.5127433593749999,0.044999999999999984,3200,800,0.0928125,0.0928125,0.1,0.44289117140146606,297,79,721,2903,0.0928125,0.09875,True,max_tpr_with_empirical_fpr_le_target,0.018125,0.018125,0.01,1.1451158767194225,58,8,792,3142,0.018125,0.01,True,max_tpr_with_empirical_fpr_le_target,0.0003125,0.0003125,0.001,4.113335054768623,1,0,800,3199,0.0003125,0.0,False,max_tpr_with_empirical_fpr_le_target,32,True,False,0.2943236754786493,0.2966546254068413,0.925,KIDNEY_STONE,LR,dp,10.0,27
0.48992226562499996,0.019687499999999997,3200,800,0.0975,0.0975,0.1,0.4244427887662068,312,79,721,2888,0.0975,0.09875,True,max_tpr_with_empirical_fpr_le_target,0.01125,0.01125,0.01,1.4930591016238055,36,7,793,3164,0.01125,0.00875,True,max_tpr_with_empirical_fpr_le_target,0.0,0.0,0.001,inf,0,0,800,3200,0.0,0.0,False,max_tpr_with_empirical_fpr_le_target,32,True,False,0.3190597173402962,0.3219026649204627,0.925,KIDNEY_STONE,LR,dp,10.0,28
0.529081640625,0.06906250000000003,3200,800,0.1325,0.1325,0.1,0.4009704082942689,424,80,720,2776,0.1325,0.1,True,max_tpr_with_empirical_fpr_le_target,0.0153125,0.0153125,0.01,1.4485428138295464,49,8,792,3151,0.0153125,0.01,True,max_tpr_with_empirical_fpr_le_target,0.0,0.0,0.001,inf,0,0,800,3200,0.0,0.0,False,max_tpr_with_empirical_fpr_le_target,32,True,False,0.31301004662779586,0.3148098435207948,0.925,KIDNEY_STONE,LR,dp,10.0,29
0.510046875,0.047812500000000036,3200,800,0.12,0.12,0.1,0.27102899173191386,384,80,720,2816,0.12,0.1,True,max_tpr_with_empirical_fpr_le_target,0.0140625,0.0140625,0.01,1.3081975831010593,45,8,792,3155,0.0140625,0.01,True,max_tpr_with_empirical_fpr_le_target,0.0025,0.0025,0.001,3.5738457979575853,8,0,800,3192,0.0025,0.0,False,max_tpr_with_empirical_fpr_le_target,32,True,False,0.6296983090305425,0.6606189079622001,0.94375,KIDNEY_STONE,RF,standard,,0
0.5147015625,0.03874999999999995,3200,800,0.116875,0.116875,0.1,0.28181800784589206,374,80,720,2826,0.116875,0.1,True,max_tpr_with_empirical_fpr_le_target,0.015,0.015,0.01,1.2621906122041737,48,7,793,3152,0.015,0.00875,True,max_tpr_with_empirical_fpr_le_target,0.0021875,0.0021875,0.001,3.0004851828445664,7,0,800,3193,0.0021875,0.0,False,max_tpr_with_empirical_fpr_le_target,32,True,False,0.6608211311586343,0.6907217966728533,0.94375,KIDNEY_STONE,RF,standard,,1
0.49948945312500004,0.0159375,3200,800,0.098125,0.098125,0.1,0.1957225778520123,314,80,720,2886,0.098125,0.1,True,max_tpr_with_empirical_fpr_le_target,0.010625,0.010625,0.01,1.1532195773153477,34,7,793,3166,0.010625,0.00875,True,max_tpr_with_empirical_fpr_le_target,0.001875,0.001875,0.001,2.4436195831198244,6,0,800,3194,0.001875,0.0,False,max_tpr_with_empirical_fpr_le_target,32,True,False,0.9441538115569739,0.9928836237610927,0.94375,KIDNEY_STONE,RF,standard,,2
0.53720234375,0.06374999999999997,3200,800,0.1415625,0.1415625,0.1,0.25229602095863735,453,80,720,2747,0.1415625,0.1,True,max_tpr_with_empirical_fpr_le_target,0.018125,0.018125,0.01,1.225802727919974,58,8,792,3142,0.018125,0.01,True,max_tpr_with_empirical_fpr_le_target,0.0009375,0.0009375,0.001,7.992956347021081,3,0,800,3197,0.0009375,0.0,False,max_tpr_with_empirical_fpr_le_target,32,True,False,0.5545096194793947,0.5872119877542349,0.94375,KIDNEY_STONE,RF,standard,,3
0.49433671875,0.01375000000000004,3200,800,0.091875,0.091875,0.1,0.28079001064644227,294,80,720,2906,0.091875,0.1,True,max_tpr_with_empirical_fpr_le_target,0.008125,0.008125,0.01,1.5666065404305325,26,7,793,3174,0.008125,0.00875,True,max_tpr_with_empirical_fpr_le_target,0.001875,0.001875,0.001,3.480308612443274,6,0,800,3194,0.001875,0.0,False,max_tpr_with_empirical_fpr_le_target,32,True,False,0.7165298532557272,0.723792096608174,0.94375,KIDNEY_STONE,RF,standard,,4
0.5083058593750001,0.03281250000000002,3200,800,0.093125,0.093125,0.1,0.31887889671873193,298,80,720,2902,0.093125,0.1,True,max_tpr_with_empirical_fpr_le_target,0.01125,0.01125,0.01,1.49107089606464,36,8,792,3164,0.01125,0.01,True,max_tpr_with_empirical_fpr_le_target,0.000625,0.000625,0.001,9.193724947906475,2,0,800,3198,0.000625,0.0,False,max_tpr_with_empirical_fpr_le_target,32,True,False,0.5890727575804914,0.6134653926668109,0.94375,KIDNEY_STONE,RF,standard,,5
0.514419921875,0.026875000000000038,3200,800,0.1159375,0.1159375,0.1,0.19433947609687385,371,80,720,2829,0.1159375,0.1,True,max_tpr_with_empirical_fpr_le_target,0.0165625,0.0165625,0.01,1.0734300251241342,53,8,792,3147,0.0165625,0.01,True,max_tpr_with_empirical_fpr_le_target,0.0025,0.0025,0.001,2.8777843308202513,8,0,800,3192,0.0025,0.0,False,max_tpr_with_empirical_fpr_le_target,32,True,False,0.766066818783517,0.7870092977783293,0.94375,KIDNEY_STONE,RF,standard,,6
0.512365234375,0.03843750000000001,3200,800,0.1221875,0.1221875,0.1,0.2438703757500919,391,80,720,2809,0.1221875,0.1,True,max_tpr_with_empirical_fpr_le_target,0.01875,0.01875,0.01,1.0396622444097408,60,8,792,3140,0.01875,0.01,True,max_tpr_with_empirical_fpr_le_target,0.0025,0.0025,0.001,3.7152165059034727,8,0,800,3192,0.0025,0.0,False,max_tpr_with_empirical_fpr_le_target,32,True,False,0.6074448877376579,0.6474519682820845,0.94375,KIDNEY_STONE,RF,standard,,7
0.50232109375,0.028437500000000004,3200,800,0.104375,0.104375,0.1,0.29904018774568086,334,80,720,2866,0.104375,0.1,True,max_tpr_with_empirical_fpr_le_target,0.0175,0.0175,0.01,1.1283025031780567,56,8,792,3144,0.0175,0.01,True,max_tpr_with_empirical_fpr_le_target,0.0025,0.0025,0.001,2.9522663896204473,8,0,800,3192,0.0025,0.0,False,max_tpr_with_empirical_fpr_le_target,32,True,False,0.6144927655124791,0.6297216829151736,0.94375,KIDNEY_STONE,RF,standard,,8
0.5037792968749999,0.021250000000000102,3200,800,0.0971875,0.0971875,0.1,0.2770494430405972,311,80,720,2889,0.0971875,0.1,True,max_tpr_with_empirical_fpr_le_target,0.01,0.01,0.01,1.5706727272910779,32,7,793,3168,0.01,0.00875,True,max_tpr_with_empirical_fpr_le_target,0.0015625,0.0015625,0.001,4.424599174783732,5,0,800,3195,0.0015625,0.0,False,max_tpr_with_empirical_fpr_le_target,32,True,False,0.6412691962027736,0.6666373270313759,0.94375,KIDNEY_STONE,RF,standard,,9
0.507478125,0.030312499999999964,3200,800,0.128125,0.128125,0.1,0.26704302547264736,410,79,721,2790,0.128125,0.09875,True,max_tpr_with_empirical_fpr_le_target,0.0096875,0.0096875,0.01,1.721835530330945,31,6,794,3169,0.0096875,0.0075,True,max_tpr_with_empirical_fpr_le_target,0.000625,0.000625,0.001,7.702915776749615,2,0,800,3198,0.000625,0.0,False,max_tpr_with_empirical_fpr_le_target,32,True,False,0.5937554834805551,0.6220805334913571,0.94375,KIDNEY_STONE,RF,standard,,10
0.50337890625,0.025312500000000016,3200,800,0.1121875,0.1121875,0.1,0.28784752547548464,359,80,720,2841,0.1121875,0.1,True,max_tpr_with_empirical_fpr_le_target,0.0246875,0.0246875,0.01,0.9015510916683898,79,8,792,3121,0.0246875,0.01,True,max_tpr_with_empirical_fpr_le_target,0.0046875,0.0046875,0.001,2.3830218226681135,15,0,800,3185,0.0046875,0.0,False,max_tpr_with_empirical_fpr_le_target,32,True,False,0.5976644745058626,0.6142213052498744,0.94375,KIDNEY_STONE,RF,standard,,11
0.52357109375,0.05812499999999998,3200,800,0.118125,0.118125,0.1,0.22941947767751236,378,80,720,2822,0.118125,0.1,True,max_tpr_with_empirical_fpr_le_target,0.0175,0.0175,0.01,1.0685272575703857,56,8,792,3144,0.0175,0.01,True,max_tpr_with_empirical_fpr_le_target,0.000625,0.000625,0.001,6.770459652634433,2,0,800,3198,0.000625,0.0,False,max_tpr_with_empirical_fpr_le_target,32,True,False,0.6821505050478784,0.7215527902684199,0.94375,KIDNEY_STONE,RF,standard,,12
0.5033296875,0.03187499999999999,3200,800,0.129375,0.129375,0.1,0.19717382681122397,414,80,720,2786,0.129375,0.1,True,max_tpr_with_empirical_fpr_le_target,0.00875,0.00875,0.01,1.299596676214003,28,8,792,3172,0.00875,0.01,True,max_tpr_with_empirical_fpr_le_target,0.0025,0.0025,0.001,3.1943771529360134,8,0,800,3192,0.0025,0.0,False,max_tpr_with_empirical_fpr_le_target,32,True,False,0.7234481402863425,0.7349054570530417,0.94375,KIDNEY_STONE,RF,standard,,13
0.50995703125,0.04312499999999997,3200,800,0.106875,0.106875,0.1,0.21223373730652084,342,80,720,2858,0.106875,0.1,True,max_tpr_with_empirical_fpr_le_target,0.015625,0.015625,0.01,1.0461403388606791,50,8,792,3150,0.015625,0.01,True,max_tpr_with_empirical_fpr_le_target,0.000625,0.000625,0.001,4.4658800533521,2,0,800,3198,0.000625,0.0,False,max_tpr_with_empirical_fpr_le_target,32,True,False,0.7371476185775759,0.7618817484547302,0.94375,KIDNEY_STONE,RF,standard,,14
0.5129105468749999,0.030625000000000013,3200,800,0.1125,0.1125,0.1,0.2363974021334444,360,80,720,2840,0.1125,0.1,True,max_tpr_with_empirical_fpr_le_target,0.014375,0.014375,0.01,1.377720583437445,46,8,792,3154,0.014375,0.01,True,max_tpr_with_empirical_fpr_le_target,0.003125,0.003125,0.001,2.7555880962922243,10,0,800,3190,0.003125,0.0,False,max_tpr_with_empirical_fpr_le_target,32,True,False,0.6788614478880036,0.6827368881806415,0.94375,KIDNEY_STONE,RF,standard,,15
0.50052421875,0.02437499999999998,3200,800,0.1046875,0.1046875,0.1,0.26244377051100987,335,79,721,2865,0.1046875,0.09875,True,max_tpr_with_empirical_fpr_le_target,0.014375,0.014375,0.01,1.0239203119757945,46,8,792,3154,0.014375,0.01,True,max_tpr_with_empirical_fpr_le_target,0.0028125,0.0028125,0.001,2.5748034256000913,9,0,800,3191,0.0028125,0.0,False,max_tpr_with_empirical_fpr_le_target,32,True,False,0.6618588169225398,0.6879403773725948,0.94375,KIDNEY_STONE,RF,standard,,16
0.513156640625,0.038124999999999964,3200,800,0.126875,0.126875,0.1,0.2545291430772927,406,80,720,2794,0.126875,0.1,True,max_tpr_with_empirical_fpr_le_target,0.0125,0.0125,0.01,1.3702640890851918,40,8,792,3160,0.0125,0.01,True,max_tpr_with_empirical_fpr_le_target,0.0009375,0.0009375,0.001,6.502831838435701,3,0,800,3197,0.0009375,0.0,False,max_tpr_with_empirical_fpr_le_target,32,True,False,0.5960380806527071,0.6131595792380349,0.94375,KIDNEY_STONE,RF,standard,,17
0.5186703125000001,0.03749999999999998,3200,800,0.1103125,0.1103125,0.1,0.2690631355166836,353,80,720,2847,0.1103125,0.1,True,max_tpr_with_empirical_fpr_le_target,0.01125,0.01125,0.01,1.375892078297099,36,8,792,3164,0.01125,0.01,True,max_tpr_with_empirical_fpr_le_target,0.00125,0.00125,0.001,5.675541306387044,4,0,800,3196,0.00125,0.0,False,max_tpr_with_empirical_fpr_le_target,32,True,False,0.630691291361645,0.6654379031678588,0.94375,KIDNEY_STONE,RF,standard,,18
0.51076796875,0.03375,3200,800,0.1165625,0.1165625,0.1,0.2453978065919964,373,80,720,2827,0.1165625,0.1,True,max_tpr_with_empirical_fpr_le_target,0.01125,0.01125,0.01,1.3942375846829609,36,8,792,3164,0.01125,0.01,True,max_tpr_with_empirical_fpr_le_target,0.000625,0.000625,0.001,5.892902914217886,2,0,800,3198,0.000625,0.0,False,max_tpr_with_empirical_fpr_le_target,32,True,False,0.6009373558145612,0.6293075095085808,0.94375,KIDNEY_STONE,RF,standard,,19
0.51562734375,0.04625000000000001,3200,800,0.1084375,0.1084375,0.1,0.19849424289968787,347,80,720,2853,0.1084375,0.1,True,max_tpr_with_empirical_fpr_le_target,0.0171875,0.0171875,0.01,1.02787836896227,55,8,792,3145,0.0171875,0.01,True,max_tpr_with_empirical_fpr_le_target,0.0028125,0.0028125,0.001,2.222606343990722,9,0,800,3191,0.0028125,0.0,False,max_tpr_with_empirical_fpr_le_target,32,True,False,0.8275672592221236,0.8220885689760902,0.94375,KIDNEY_STONE,RF,standard,,20
0.505956640625,0.027812500000000018,3200,800,0.1071875,0.1071875,0.1,0.3111444529261538,343,80,720,2857,0.1071875,0.1,True,max_tpr_with_empirical_fpr_le_target,0.015625,0.015625,0.01,1.317662901585241,50,8,792,3150,0.015625,0.01,True,max_tpr_with_empirical_fpr_le_target,0.001875,0.001875,0.001,5.612485424996022,6,0,800,3194,0.001875,0.0,False,max_tpr_with_empirical_fpr_le_target,32,True,False,0.5797346456873959,0.5981810924110917,0.94375,KIDNEY_STONE,RF,standard,,21
0.5077015625,0.03343750000000001,3200,800,0.101875,0.101875,0.1,0.21291815500231837,326,80,720,2874,0.101875,0.1,True,max_tpr_with_empirical_fpr_le_target,0.0121875,0.0121875,0.01,1.0384329397542813,39,7,793,3161,0.0121875,0.00875,True,max_tpr_with_empirical_fpr_le_target,0.0034375,0.0034375,0.001,2.0761532944622814,11,0,800,3189,0.0034375,0.0,False,max_tpr_with_empirical_fpr_le_target,32,True,False,0.8203878127161698,0.8459026834609911,0.94375,KIDNEY_STONE,RF,standard,,22
0.4992046875,0.01937500000000003,3200,800,0.1115625,0.1115625,0.1,0.27245899301296694,357,80,720,2843,0.1115625,0.1,True,max_tpr_with_empirical_fpr_le_target,0.010625,0.010625,0.01,1.5296032331468412,34,8,792,3166,0.010625,0.01,True,max_tpr_with_empirical_fpr_le_target,0.0003125,0.0003125,0.001,9.13869810356565,1,0,800,3199,0.0003125,0.0,False,max_tpr_with_empirical_fpr_le_target,32,True,False,0.6378829580310383,0.6478590455451132,0.94375,KIDNEY_STONE,RF,standard,,23
0.49836914062499993,0.02124999999999999,3200,800,0.101875,0.101875,0.1,0.27178731213385254,326,80,720,2874,0.101875,0.1,True,max_tpr_with_empirical_fpr_le_target,0.01375,0.01375,0.01,1.1853492901472578,44,8,792,3156,0.01375,0.01,True,max_tpr_with_empirical_fpr_le_target,0.0021875,0.0021875,0.001,3.4962069853051974,7,0,800,3193,0.0021875,0.0,False,max_tpr_with_empirical_fpr_le_target,32,True,False,0.6649512431465255,0.6755338334469873,0.94375,KIDNEY_STONE,RF,standard,,24
0.51045859375,0.03468749999999998,3200,800,0.1159375,0.1159375,0.1,0.27782801017301884,371,79,721,2829,0.1159375,0.09875,True,max_tpr_with_empirical_fpr_le_target,0.0178125,0.0178125,0.01,1.1301338641034413,57,8,792,3143,0.0178125,0.01,True,max_tpr_with_empirical_fpr_le_target,0.0009375,0.0009375,0.001,5.942724249076491,3,0,800,3197,0.0009375,0.0,False,max_tpr_with_empirical_fpr_le_target,32,True,False,0.6054961909564714,0.6292038664538179,0.94375,KIDNEY_STONE,RF,standard,,25
0.534766015625,0.06375000000000003,3200,800,0.1334375,0.1334375,0.1,0.18426039897809066,427,80,720,2773,0.1334375,0.1,True,max_tpr_with_empirical_fpr_le_target,0.01125,0.01125,0.01,1.2054383729777585,36,8,792,3164,0.01125,0.01,True,max_tpr_with_empirical_fpr_le_target,0.000625,0.000625,0.001,7.379025040099106,2,0,800,3198,0.000625,0.0,False,max_tpr_with_empirical_fpr_le_target,32,True,False,0.7553119457622242,0.7818929274617425,0.94375,KIDNEY_STONE,RF,standard,,26
0.49539062500000003,0.01187500000000008,3200,800,0.10625,0.10625,0.1,0.2737043516835591,340,80,720,2860,0.10625,0.1,True,max_tpr_with_empirical_fpr_le_target,0.01,0.01,0.01,1.3431086036395092,32,8,792,3168,0.01,0.01,True,max_tpr_with_empirical_fpr_le_target,0.00375,0.00375,0.001,2.710417194291316,12,0,800,3188,0.00375,0.0,False,max_tpr_with_empirical_fpr_le_target,32,True,False,0.6106525060354987,0.6383705854349825,0.94375,KIDNEY_STONE,RF,standard,,27
0.517123828125,0.044999999999999984,3200,800,0.1359375,0.1359375,0.1,0.2218497136994767,435,80,720,2765,0.1359375,0.1,True,max_tpr_with_empirical_fpr_le_target,0.023125,0.023125,0.01,0.882328844942372,74,8,792,3126,0.023125,0.01,True,max_tpr_with_empirical_fpr_le_target,0.0009375,0.0009375,0.001,5.0103622600007185,3,0,800,3197,0.0009375,0.0,False,max_tpr_with_empirical_fpr_le_target,32,True,False,0.6520045275620043,0.6744817260978453,0.94375,KIDNEY_STONE,RF,standard,,28
0.51031796875,0.0353125,3200,800,0.116875,0.116875,0.1,0.2671239254208432,374,79,721,2826,0.116875,0.09875,True,max_tpr_with_empirical_fpr_le_target,0.01375,0.01375,0.01,1.2021946939345045,44,8,792,3156,0.01375,0.01,True,max_tpr_with_empirical_fpr_le_target,0.0071875,0.0071875,0.001,2.127191696173632,23,0,800,3177,0.0071875,0.0,False,max_tpr_with_empirical_fpr_le_target,32,True,False,0.6554654639399546,0.673812054950387,0.94375,KIDNEY_STONE,RF,standard,,29
0.48389218749999996,0.006874999999999999,3200,800,0.1009375,0.1009375,0.1,0.34972091221383916,323,79,721,2877,0.1009375,0.09875,True,max_tpr_with_empirical_fpr_le_target,0.01125,0.01125,0.01,6.577176545844878,36,8,792,3164,0.01125,0.01,True,max_tpr_with_empirical_fpr_le_target,0.000625,0.000625,0.001,24.856000304268917,2,0,800,3198,0.000625,0.0,False,max_tpr_with_empirical_fpr_le_target,32,True,False,0.8649185582984948,0.8472353928040971,0.83,KIDNEY_STONE,RF,dp,0.1,0
0.501246875,0.021562499999999984,3200,800,0.109375,0.109375,0.1,0.21944351261474182,350,79,721,2850,0.109375,0.09875,True,max_tpr_with_empirical_fpr_le_target,0.0203125,0.0203125,0.01,2.7098981678179825,65,8,792,3135,0.0203125,0.01,True,max_tpr_with_empirical_fpr_le_target,0.0009375,0.0009375,0.001,21.101761732619693,3,0,800,3197,0.0009375,0.0,False,max_tpr_with_empirical_fpr_le_target,32,True,False,1.038159923691502,1.0202599993210437,0.83,KIDNEY_STONE,RF,dp,0.1,1
0.49180742187500004,0.015312500000000007,3200,800,0.0915625,0.0915625,0.1,0.2555801301127274,293,80,720,2907,0.0915625,0.1,True,max_tpr_with_empirical_fpr_le_target,0.016875,0.016875,0.01,0.854263807157631,54,7,793,3146,0.016875,0.00875,True,max_tpr_with_empirical_fpr_le_target,0.0003125,0.0003125,0.001,9.664104741491812,1,0,800,3199,0.0003125,0.0,False,max_tpr_with_empirical_fpr_le_target,32,True,False,0.8784294555670489,0.9020385710200982,0.83,KIDNEY_STONE,RF,dp,0.1,2
0.49242382812499996,0.018437499999999996,3200,800,0.1034375,0.1034375,0.1,0.323217318725743,331,80,720,2869,0.1034375,0.1,True,max_tpr_with_empirical_fpr_le_target,0.023125,0.023125,0.01,3.79271621690728,74,8,792,3126,0.023125,0.01,True,max_tpr_with_empirical_fpr_le_target,0.0084375,0.0084375,0.001,10.085079769790042,27,0,800,3173,0.0084375,0.0,False,max_tpr_with_empirical_fpr_le_target,32,True,False,0.8991753929821708,0.8829198338212572,0.83,KIDNEY_STONE,RF,dp,0.1,3
0.48273515624999996,0.009062500000000001,3200,800,0.091875,0.091875,0.1,0.26941858282652476,294,80,720,2906,0.091875,0.1,True,max_tpr_with_empirical_fpr_le_target,0.0153125,0.0153125,0.01,7.1525546614358575,49,8,792,3151,0.0153125,0.01,True,max_tpr_with_empirical_fpr_le_target,0.006875,0.006875,0.001,9.710336068156465,22,0,800,3178,0.006875,0.0,False,max_tpr_with_empirical_fpr_le_target,32,True,False,1.0771954735848093,1.0354364362925232,0.83,KIDNEY_STONE,RF,dp,0.1,4
0.5133097656250001,0.03968749999999999,3200,800,0.1159375,0.1159375,0.1,0.3031690293242474,371,79,721,2829,0.1159375,0.09875,True,max_tpr_with_empirical_fpr_le_target,0.011875,0.011875,0.01,7.034311074568819,38,7,793,3162,0.011875,0.00875,True,max_tpr_with_empirical_fpr_le_target,0.0009375,0.0009375,0.001,17.64435841720355,3,0,800,3197,0.0009375,0.0,False,max_tpr_with_empirical_fpr_le_target,32,True,False,0.8974190051316487,0.8726593900876656,0.83,KIDNEY_STONE,RF,dp,0.1,5
0.52701328125,0.05249999999999999,3200,800,0.11875,0.11875,0.1,0.14613254331415937,380,80,720,2820,0.11875,0.1,True,max_tpr_with_empirical_fpr_le_target,0.0140625,0.0140625,0.01,3.351476504324239,45,7,793,3155,0.0140625,0.00875,True,max_tpr_with_empirical_fpr_le_target,0.000625,0.000625,0.001,11.768711793583321,2,0,800,3198,0.000625,0.0,False,max_tpr_with_empirical_fpr_le_target,32,True,False,1.3284261431244813,1.299722204058018,0.83,KIDNEY_STONE,RF,dp,0.1,6
0.48589921875,0.012499999999999997,3200,800,0.1040625,0.1040625,0.1,0.19036428496271918,333,80,720,2867,0.1040625,0.1,True,max_tpr_with_empirical_fpr_le_target,0.01375,0.01375,0.01,0.8878485571442831,44,7,793,3156,0.01375,0.00875,True,max_tpr_with_empirical_fpr_le_target,0.0015625,0.0015625,0.001,6.975867404270332,5,0,800,3195,0.0015625,0.0,False,max_tpr_with_empirical_fpr_le_target,32,True,False,1.0555894203498728,1.0935357704622728,0.83,KIDNEY_STONE,RF,dp,0.1,7
0.487415625,0.011249999999999982,3200,800,0.0946875,0.0946875,0.1,0.22796670595892632,303,80,720,2897,0.0946875,0.1,True,max_tpr_with_empirical_fpr_le_target,0.0146875,0.0146875,0.01,1.1819896544793416,47,8,792,3153,0.0146875,0.01,True,max_tpr_with_empirical_fpr_le_target,0.0021875,0.0021875,0.001,9.197941967277082,7,0,800,3193,0.0021875,0.0,False,max_tpr_with_empirical_fpr_le_target,32,True,False,1.0781637445293097,1.084316886926639,0.83,KIDNEY_STONE,RF,dp,0.1,8
0.501094921875,0.01937499999999992,3200,800,0.0996875,0.0996875,0.1,0.25760830533709855,319,80,720,2881,0.0996875,0.1,True,max_tpr_with_empirical_fpr_le_target,0.0221875,0.0221875,0.01,0.8078489050887279,71,8,792,3129,0.0221875,0.01,True,max_tpr_with_empirical_fpr_le_target,0.006875,0.006875,0.001,1.855224145159852,22,0,800,3178,0.006875,0.0,False,max_tpr_with_empirical_fpr_le_target,32,True,False,0.900928966041304,0.9162093884141116,0.83,KIDNEY_STONE,RF,dp,0.1,9
0.50342421875,0.03281249999999997,3200,800,0.1028125,0.1028125,0.1,0.37743673596290694,329,79,721,2871,0.1028125,0.09875,True,max_tpr_with_empirical_fpr_le_target,0.0159375,0.0159375,0.01,6.783997364606947,51,8,792,3149,0.0159375,0.01,True,max_tpr_with_empirical_fpr_le_target,0.0003125,0.0003125,0.001,30.35565944492116,1,0,800,3199,0.0003125,0.0,False,max_tpr_with_empirical_fpr_le_target,32,True,False,0.8546481206672076,0.83337384244987,0.83,KIDNEY_STONE,RF,dp,0.1,10
0.51524453125,0.034999999999999976,3200,800,0.103125,0.103125,0.1,0.25732727181912196,330,80,720,2870,0.103125,0.1,True,max_tpr_with_empirical_fpr_le_target,0.0153125,0.0153125,0.01,5.287451456066236,49,7,793,3151,0.0153125,0.00875,True,max_tpr_with_empirical_fpr_le_target,0.0015625,0.0015625,0.001,14.883295073203769,5,0,800,3195,0.0015625,0.0,False,max_tpr_with_empirical_fpr_le_target,32,True,False,1.0318853898256137,1.0052119131085955,0.83,KIDNEY_STONE,RF,dp,0.1,11
0.49957968750000004,0.02562500000000001,3200,800,0.1146875,0.1146875,0.1,0.16799275181446505,367,80,720,2833,0.1146875,0.1,True,max_tpr_with_empirical_fpr_le_target,0.0134375,0.0134375,0.01,0.8596892557117626,43,8,792,3157,0.0134375,0.01,True,max_tpr_with_empirical_fpr_le_target,0.00125,0.00125,0.001,8.260815320988598,4,0,800,3196,0.00125,0.0,False,max_tpr_with_empirical_fpr_le_target,32,True,False,1.0694377634814147,1.091000088808979,0.83,KIDNEY_STONE,RF,dp,0.1,12
0.48588085937500003,0.010000000000000002,3200,800,0.099375,0.099375,0.1,0.28499478175945225,318,79,721,2882,0.099375,0.09875,True,max_tpr_with_empirical_fpr_le_target,0.0196875,0.0196875,0.01,4.755116455191171,63,8,792,3137,0.0196875,0.01,True,max_tpr_with_empirical_fpr_le_target,0.0,0.0,0.001,inf,0,0,800,3200,0.0,0.0,False,max_tpr_with_empirical_fpr_le_target,32,True,False,1.0022414662443517,0.9753875639472259,0.83,KIDNEY_STONE,RF,dp,0.1,13
0.48951328125,0.017187499999999994,3200,800,0.105625,0.105625,0.1,0.19029971306307303,338,80,720,2862,0.105625,0.1,True,max_tpr_with_empirical_fpr_le_target,0.019375,0.019375,0.01,0.7401546989719932,62,8,792,3138,0.019375,0.01,True,max_tpr_with_empirical_fpr_le_target,0.00375,0.00375,0.001,4.112412272549072,12,0,800,3188,0.00375,0.0,False,max_tpr_with_empirical_fpr_le_target,32,True,False,1.0820998348318451,1.1084586956086397,0.83,KIDNEY_STONE,RF,dp,0.1,14
0.5024199218750001,0.03749999999999998,3200,800,0.1146875,0.1146875,0.1,0.2787158824750797,367,80,720,2833,0.1146875,0.1,True,max_tpr_with_empirical_fpr_le_target,0.0096875,0.0096875,0.01,8.904983052136899,31,7,793,3169,0.0096875,0.00875,True,max_tpr_with_empirical_fpr_le_target,0.0003125,0.0003125,0.001,32.80302476700795,1,0,800,3199,0.0003125,0.0,False,max_tpr_with_empirical_fpr_le_target,32,True,False,0.9188273639701428,0.8928735274691805,0.83,KIDNEY_STONE,RF,dp,0.1,15
0.5003277343749999,0.02124999999999999,3200,800,0.1096875,0.1096875,0.1,0.35696371995252996,351,80,720,2849,0.1096875,0.1,True,max_tpr_with_empirical_fpr_le_target,0.0103125,0.0103125,0.01,8.033401071633861,33,8,792,3167,0.0103125,0.01,True,max_tpr_with_empirical_fpr_le_target,0.000625,0.000625,0.001,23.4688453355828,2,0,800,3198,0.000625,0.0,False,max_tpr_with_empirical_fpr_le_target,32,True,False,0.8347031612102798,0.8154650977343396,0.83,KIDNEY_STONE,RF,dp,0.1,16
0.507564453125,0.03374999999999995,3200,800,0.1046875,0.1046875,0.1,0.27367854456413276,335,80,720,2865,0.1046875,0.1,True,max_tpr_with_empirical_fpr_le_target,0.00875,0.00875,0.01,7.008749480903191,28,7,793,3172,0.00875,0.00875,True,max_tpr_with_empirical_fpr_le_target,0.000625,0.000625,0.001,18.150890044239425,2,0,800,3198,0.000625,0.0,False,max_tpr_with_empirical_fpr_le_target,32,True,False,1.0241203612890437,1.0017063492009117,0.83,KIDNEY_STONE,RF,dp,0.1,17
0.51423359375,0.03468750000000009,3200,800,0.10625,0.10625,0.1,0.2977150555342336,340,80,720,2860,0.10625,0.1,True,max_tpr_with_empirical_fpr_le_target,0.0178125,0.0178125,0.01,9.886562356834702,57,8,792,3143,0.0178125,0.01,True,max_tpr_with_empirical_fpr_le_target,0.00375,0.00375,0.001,18.89426731683767,12,0,800,3188,0.00375,0.0,False,max_tpr_with_empirical_fpr_le_target,32,True,False,0.9918937705859093,0.9385695482010896,0.83,KIDNEY_STONE,RF,dp,0.1,18
0.488104296875,0.011874999999999997,3200,800,0.108125,0.108125,0.1,0.19639274378698923,346,80,720,2854,0.108125,0.1,True,max_tpr_with_empirical_fpr_le_target,0.0078125,0.0078125,0.01,5.693069343809682,25,8,792,3175,0.0078125,0.01,True,max_tpr_with_empirical_fpr_le_target,0.0025,0.0025,0.001,12.401914619630517,8,0,800,3192,0.0025,0.0,False,max_tpr_with_empirical_fpr_le_target,32,True,False,1.15713830048924,1.1294253081150314,0.83,KIDNEY_STONE,RF,dp,0.1,19
0.49949453125,0.020937499999999998,3200,800,0.1125,0.1125,0.1,0.21409007700089622,360,80,720,2840,0.1125,0.1,True,max_tpr_with_empirical_fpr_le_target,0.014375,0.014375,0.01,3.053260311597782,46,8,792,3154,0.014375,0.01,True,max_tpr_with_empirical_fpr_le_target,0.0003125,0.0003125,0.001,18.249846636167447,1,0,800,3199,0.0003125,0.0,False,max_tpr_with_empirical_fpr_le_target,32,True,False,1.0311068934617311,1.0197355017700107,0.83,KIDNEY_STONE,RF,dp,0.1,20
0.48328046875,0.004062499999999997,3200,800,0.0884375,0.0884375,0.1,0.3201077989876686,283,80,720,2917,0.0884375,0.1,True,max_tpr_with_empirical_fpr_le_target,0.0103125,0.0103125,0.01,2.511596638373632,33,8,792,3167,0.0103125,0.01,True,max_tpr_with_empirical_fpr_le_target,0.00125,0.00125,0.001,12.60307257504256,4,0,800,3196,0.00125,0.0,False,max_tpr_with_empirical_fpr_le_target,32,True,False,0.9078367300474663,0.9123709119957385,0.83,KIDNEY_STONE,RF,dp,0.1,21
0.513066796875,0.03749999999999998,3200,800,0.110625,0.110625,0.1,0.2028723256055187,354,80,720,2846,0.110625,0.1,True,max_tpr_with_empirical_fpr_le_target,0.015,0.015,0.01,2.866784954817561,48,8,792,3152,0.015,0.01,True,max_tpr_with_empirical_fpr_le_target,0.0025,0.0025,0.001,10.40648214589082,8,0,800,3192,0.0025,0.0,False,max_tpr_with_empirical_fpr_le_target,32,True,False,1.0729149783650591,1.062355722523396,0.83,KIDNEY_STONE,RF,dp,0.1,22
0.516063671875,0.035312500000000024,3200,800,0.11375,0.11375,0.1,0.26102682120834664,364,80,720,2836,0.11375,0.1,True,max_tpr_with_empirical_fpr_le_target,0.0096875,0.0096875,0.01,9.069731279704968,31,6,794,3169,0.0096875,0.0075,True,max_tpr_with_empirical_fpr_le_target,0.0028125,0.0028125,0.001,15.834284631260928,9,0,800,3191,0.0028125,0.0,False,max_tpr_with_empirical_fpr_le_target,32,True,False,0.9712453576021934,0.9356560908260134,0.83,KIDNEY_STONE,RF,dp,0.1,23
0.5165605468750001,0.04249999999999998,3200,800,0.12125,0.12125,0.1,0.21179468048581684,388,80,720,2812,0.12125,0.1,True,max_tpr_with_empirical_fpr_le_target,0.0184375,0.0184375,0.01,1.7882695556463943,59,8,792,3141,0.0184375,0.01,True,max_tpr_with_empirical_fpr_le_target,0.001875,0.001875,0.001,13.384743980443105,6,0,800,3194,0.001875,0.0,False,max_tpr_with_empirical_fpr_le_target,32,True,False,1.0350879997264546,1.0272269256126312,0.83,KIDNEY_STONE,RF,dp,0.1,24
0.5256625,0.06343749999999998,3200,800,0.108125,0.108125,0.1,0.21104956053338575,346,80,720,2854,0.108125,0.1,True,max_tpr_with_empirical_fpr_le_target,0.0128125,0.0128125,0.01,1.1418887792214178,41,8,792,3159,0.0128125,0.01,True,max_tpr_with_empirical_fpr_le_target,0.0,0.0,0.001,inf,0,0,800,3200,0.0,0.0,False,max_tpr_with_empirical_fpr_le_target,32,True,False,0.9181324217718436,0.9279404169540849,0.83,KIDNEY_STONE,RF,dp,0.1,25
0.48969140625,0.0053125,3200,800,0.086875,0.086875,0.1,0.2170266449326208,278,79,721,2922,0.086875,0.09875,True,max_tpr_with_empirical_fpr_le_target,0.01,0.01,0.01,0.9725159621019444,32,8,792,3168,0.01,0.01,True,max_tpr_with_empirical_fpr_le_target,0.0053125,0.0053125,0.001,2.634239127968627,17,0,800,3183,0.0053125,0.0,False,max_tpr_with_empirical_fpr_le_target,32,True,False,1.0412174460222143,1.070711236242904,0.83,KIDNEY_STONE,RF,dp,0.1,26
0.51389375,0.04749999999999999,3200,800,0.1165625,0.1165625,0.1,0.19346353399526428,373,80,720,2827,0.1165625,0.1,True,max_tpr_with_empirical_fpr_le_target,0.0140625,0.0140625,0.01,0.8591856559007187,45,7,793,3155,0.0140625,0.00875,True,max_tpr_with_empirical_fpr_le_target,0.0021875,0.0021875,0.001,3.648440864390693,7,0,800,3193,0.0021875,0.0,False,max_tpr_with_empirical_fpr_le_target,32,True,False,0.9780933606216873,1.0268274723788542,0.83,KIDNEY_STONE,RF,dp,0.1,27
0.516109765625,0.04375000000000001,3200,800,0.121875,0.121875,0.1,0.2514738071817737,390,80,720,2810,0.121875,0.1,True,max_tpr_with_empirical_fpr_le_target,0.0125,0.0125,0.01,7.109676341416048,40,8,792,3160,0.0125,0.01,True,max_tpr_with_empirical_fpr_le_target,0.0015625,0.0015625,0.001,18.336551967285843,5,0,800,3195,0.0015625,0.0,False,max_tpr_with_empirical_fpr_le_target,32,True,False,0.9836791486804578,0.9548193210003868,0.83,KIDNEY_STONE,RF,dp,0.1,28
0.490732421875,0.017500000000000016,3200,800,0.104375,0.104375,0.1,0.1980085401991185,334,80,720,2866,0.104375,0.1,True,max_tpr_with_empirical_fpr_le_target,0.019375,0.019375,0.01,0.910879957708588,62,8,792,3138,0.019375,0.01,True,max_tpr_with_empirical_fpr_le_target,0.0059375,0.0059375,0.001,2.1350568710403053,19,0,800,3181,0.0059375,0.0,False,max_tpr_with_empirical_fpr_le_target,32,True,False,0.9518484519784391,0.9718030371460724,0.83,KIDNEY_STONE,RF,dp,0.1,29
0.509523828125,0.04218750000000002,3200,800,0.1221875,0.1221875,0.1,0.1510012291007401,391,78,722,2809,0.1221875,0.0975,True,max_tpr_with_empirical_fpr_le_target,0.0128125,0.0128125,0.01,2.781342977676509,41,8,792,3159,0.0128125,0.01,True,max_tpr_with_empirical_fpr_le_target,0.000625,0.000625,0.001,6.601864448907143,2,0,800,3198,0.000625,0.0,False,max_tpr_with_empirical_fpr_le_target,32,True,False,1.6871248700388208,1.7034187514561356,0.86125,KIDNEY_STONE,RF,dp,0.2,0
0.497687109375,0.016249999999999987,3200,800,0.0990625,0.0990625,0.1,0.1934946431722262,317,80,720,2883,0.0990625,0.1,True,max_tpr_with_empirical_fpr_le_target,0.0109375,0.0109375,0.01,3.2838095152701037,35,8,792,3165,0.0109375,0.01,True,max_tpr_with_empirical_fpr_le_target,0.0003125,0.0003125,0.001,8.79528220687191,1,0,800,3199,0.0003125,0.0,False,max_tpr_with_empirical_fpr_le_target,32,True,False,1.862468698130227,1.8522011372448814,0.86125,KIDNEY_STONE,RF,dp,0.2,1
0.511927734375,0.02999999999999997,3200,800,0.1228125,0.1228125,0.1,0.13342877216029025,393,80,720,2807,0.1228125,0.1,True,max_tpr_with_empirical_fpr_le_target,0.013125,0.013125,0.01,2.8853858327763575,42,8,792,3158,0.013125,0.01,True,max_tpr_with_empirical_fpr_le_target,0.003125,0.003125,0.001,7.352908065099211,10,0,800,3190,0.003125,0.0,False,max_tpr_with_empirical_fpr_le_target,32,True,False,1.7180554916243644,1.730263997757417,0.86125,KIDNEY_STONE,RF,dp,0.2,2
0.4737546875,0.0015625,3200,800,0.0853125,0.0853125,0.1,0.19774372983697885,273,80,720,2927,0.0853125,0.1,True,max_tpr_with_empirical_fpr_le_target,0.0034375,0.0034375,0.01,5.311917135978984,11,7,793,3189,0.0034375,0.00875,True,max_tpr_with_empirical_fpr_le_target,0.0015625,0.0015625,0.001,8.162506934261339,5,0,800,3195,0.0015625,0.0,False,max_tpr_with_empirical_fpr_le_target,32,True,False,1.8141937075707621,1.8214434739975023,0.86125,KIDNEY_STONE,RF,dp,0.2,3
0.495033984375,0.010937499999999989,3200,800,0.091875,0.091875,0.1,0.17592641940912168,294,80,720,2906,0.091875,0.1,True,max_tpr_with_empirical_fpr_le_target,0.01,0.01,0.01,3.26294454854197,32,6,794,3168,0.01,0.0075,True,max_tpr_with_empirical_fpr_le_target,0.0009375,0.0009375,0.001,6.3057011793333615,3,0,800,3197,0.0009375,0.0,False,max_tpr_with_empirical_fpr_le_target,32,True,False,1.8574608052724346,1.851832418727076,0.86125,KIDNEY_STONE,RF,dp,0.2,4
0.502801953125,0.022812500000000013,3200,800,0.1028125,0.1028125,0.1,0.14449130811425626,329,80,720,2871,0.1028125,0.1,True,max_tpr_with_empirical_fpr_le_target,0.01625,0.01625,0.01,2.3141827831064923,52,8,792,3148,0.01625,0.01,True,max_tpr_with_empirical_fpr_le_target,0.00125,0.00125,0.001,6.212303580958785,4,0,800,3196,0.00125,0.0,False,max_tpr_with_empirical_fpr_le_target,32,True,False,1.8686786819424368,1.8727135032597135,0.86125,KIDNEY_STONE,RF,dp,0.2,5
0.5153828125,0.0353125,3200,800,0.1284375,0.1284375,0.1,0.13237887927454173,411,80,720,2789,0.1284375,0.1,True,max_tpr_with_empirical_fpr_le_target,0.009375,0.009375,0.01,3.816955989202441,30,8,792,3170,0.009375,0.01,True,max_tpr_with_empirical_fpr_le_target,0.0034375,0.0034375,0.001,5.5227998831970915,11,0,800,3189,0.0034375,0.0,False,max_tpr_with_empirical_fpr_le_target,32,True,False,1.9692738893640296,1.9406400727845645,0.86125,KIDNEY_STONE,RF,dp,0.2,6
0.5065597656249999,0.030000000000000027,3200,800,0.0975,0.0975,0.1,0.17021173807922985,312,79,721,2888,0.0975,0.09875,True,max_tpr_with_empirical_fpr_le_target,0.0053125,0.0053125,0.01,4.539295307275777,17,7,793,3183,0.0053125,0.00875,True,max_tpr_with_empirical_fpr_le_target,0.0021875,0.0021875,0.001,6.007244824474423,7,0,800,3193,0.0021875,0.0,False,max_tpr_with_empirical_fpr_le_target,32,True,False,1.926860296292568,1.9052642855750528,0.86125,KIDNEY_STONE,RF,dp,0.2,7
0.5022015625,0.0240625,3200,800,0.11875,0.11875,0.1,0.14891348098426072,380,80,720,2820,0.11875,0.1,True,max_tpr_with_empirical_fpr_le_target,0.01125,0.01125,0.01,4.500923739106515,36,8,792,3164,0.01125,0.01,True,max_tpr_with_empirical_fpr_le_target,0.001875,0.001875,0.001,9.338624533879887,6,0,800,3194,0.001875,0.0,False,max_tpr_with_empirical_fpr_le_target,32,True,False,1.7299097222233466,1.6976208475198808,0.86125,KIDNEY_STONE,RF,dp,0.2,8
0.48491210937499996,0.009062500000000001,3200,800,0.09875,0.09875,0.1,0.1982496642866911,316,80,720,2884,0.09875,0.1,True,max_tpr_with_empirical_fpr_le_target,0.0109375,0.0109375,0.01,5.646083136315589,35,8,792,3165,0.0109375,0.01,True,max_tpr_with_empirical_fpr_le_target,0.000625,0.000625,0.001,9.741022262297657,2,0,800,3198,0.000625,0.0,False,max_tpr_with_empirical_fpr_le_target,32,True,False,1.7830831922882246,1.721495564854471,0.86125,KIDNEY_STONE,RF,dp,0.2,9
0.49877109374999995,0.013437500000000005,3200,800,0.1065625,0.1065625,0.1,0.19050540308060748,341,80,720,2859,0.1065625,0.1,True,max_tpr_with_empirical_fpr_le_target,0.0203125,0.0203125,0.01,3.2073194928531805,65,8,792,3135,0.0203125,0.01,True,max_tpr_with_empirical_fpr_le_target,0.0003125,0.0003125,0.001,9.61363527193355,1,0,800,3199,0.0003125,0.0,False,max_tpr_with_empirical_fpr_le_target,32,True,False,1.6409022338293944,1.6250071461072515,0.86125,KIDNEY_STONE,RF,dp,0.2,10
0.499462890625,0.012187500000000018,3200,800,0.0903125,0.0903125,0.1,0.18132660077240326,289,80,720,2911,0.0903125,0.1,True,max_tpr_with_empirical_fpr_le_target,0.013125,0.013125,0.01,3.370647006001432,42,8,792,3158,0.013125,0.01,True,max_tpr_with_empirical_fpr_le_target,0.0028125,0.0028125,0.001,5.752229593019727,9,0,800,3191,0.0028125,0.0,False,max_tpr_with_empirical_fpr_le_target,32,True,False,2.039031709192108,2.0145549766940802,0.86125,KIDNEY_STONE,RF,dp,0.2,11
0.498503515625,0.012812500000000004,3200,800,0.1084375,0.1084375,0.1,0.1594601286733821,347,80,720,2853,0.1084375,0.1,True,max_tpr_with_empirical_fpr_le_target,0.013125,0.013125,0.01,3.0483112345877394,42,8,792,3158,0.013125,0.01,True,max_tpr_with_empirical_fpr_le_target,0.0003125,0.0003125,0.001,9.98937050704678,1,0,800,3199,0.0003125,0.0,False,max_tpr_with_empirical_fpr_le_target,32,True,False,1.9029121951405303,1.8873004153435013,0.86125,KIDNEY_STONE,RF,dp,0.2,12
0.49338203125,0.015625,3200,800,0.1009375,0.1009375,0.1,0.15834165036333236,323,79,721,2877,0.1009375,0.09875,True,max_tpr_with_empirical_fpr_le_target,0.016875,0.016875,0.01,2.1120078197035355,54,8,792,3146,0.016875,0.01,True,max_tpr_with_empirical_fpr_le_target,0.0021875,0.0021875,0.001,6.463865369479082,7,0,800,3193,0.0021875,0.0,False,max_tpr_with_empirical_fpr_le_target,32,True,False,1.9462772360488616,1.9601605751071411,0.86125,KIDNEY_STONE,RF,dp,0.2,13
0.49773125,0.017499999999999988,3200,800,0.1078125,0.1078125,0.1,0.15701516715707475,345,80,720,2855,0.1078125,0.1,True,max_tpr_with_empirical_fpr_le_target,0.010625,0.010625,0.01,3.7414964384923426,34,8,792,3166,0.010625,0.01,True,max_tpr_with_empirical_fpr_le_target,0.0034375,0.0034375,0.001,5.812356114780318,11,0,800,3189,0.0034375,0.0,False,max_tpr_with_empirical_fpr_le_target,32,True,False,1.9264127959167878,1.9058587918575398,0.86125,KIDNEY_STONE,RF,dp,0.2,14
0.47596796875,0.0040625,3200,800,0.085,0.085,0.1,0.17997010793702728,272,80,720,2928,0.085,0.1,True,max_tpr_with_empirical_fpr_le_target,0.0090625,0.0090625,0.01,3.244300596444191,29,8,792,3171,0.0090625,0.01,True,max_tpr_with_empirical_fpr_le_target,0.0040625,0.0040625,0.001,5.266924328789246,13,0,800,3187,0.0040625,0.0,False,max_tpr_with_empirical_fpr_le_target,32,True,False,2.0051521590981394,1.994809779269534,0.86125,KIDNEY_STONE,RF,dp,0.2,15
0.503380859375,0.025312500000000016,3200,800,0.1040625,0.1040625,0.1,0.17074583784668973,333,80,720,2867,0.1040625,0.1,True,max_tpr_with_empirical_fpr_le_target,0.0109375,0.0109375,0.01,5.369588521350337,35,8,792,3165,0.0109375,0.01,True,max_tpr_with_empirical_fpr_le_target,0.0,0.0,0.001,inf,0,0,800,3200,0.0,0.0,False,max_tpr_with_empirical_fpr_le_target,32,True,False,1.8801199469820087,1.812972466697157,0.86125,KIDNEY_STONE,RF,dp,0.2,16
0.49495820312500005,0.026874999999999996,3200,800,0.125,0.125,0.1,0.11690748861679268,400,80,720,2800,0.125,0.1,True,max_tpr_with_empirical_fpr_le_target,0.0140625,0.0140625,0.01,3.0375660545542367,45,8,792,3155,0.0140625,0.01,True,max_tpr_with_empirical_fpr_le_target,0.004375,0.004375,0.001,4.800340385572179,14,0,800,3186,0.004375,0.0,False,max_tpr_with_empirical_fpr_le_target,32,True,False,2.2333916002257785,2.1758017682911017,0.86125,KIDNEY_STONE,RF,dp,0.2,17
0.5203789062499999,0.04437500000000005,3200,800,0.1196875,0.1196875,0.1,0.15773017933000855,383,79,721,2817,0.1196875,0.09875,True,max_tpr_with_empirical_fpr_le_target,0.0121875,0.0121875,0.01,3.768977029358325,39,7,793,3161,0.0121875,0.00875,True,max_tpr_with_empirical_fpr_le_target,0.0,0.0,0.001,inf,0,0,800,3200,0.0,0.0,False,max_tpr_with_empirical_fpr_le_target,32,True,False,1.800965510501268,1.763749789194535,0.86125,KIDNEY_STONE,RF,dp,0.2,18
0.501083203125,0.027499999999999997,3200,800,0.1125,0.1125,0.1,0.14869306517752667,360,80,720,2840,0.1125,0.1,True,max_tpr_with_empirical_fpr_le_target,0.0121875,0.0121875,0.01,3.63117706889944,39,8,792,3161,0.0121875,0.01,True,max_tpr_with_empirical_fpr_le_target,0.0,0.0,0.001,inf,0,0,800,3200,0.0,0.0,False,max_tpr_with_empirical_fpr_le_target,32,True,False,1.915325500365042,1.8838814588563326,0.86125,KIDNEY_STONE,RF,dp,0.2,19
0.50557109375,0.02624999999999994,3200,800,0.1015625,0.1015625,0.1,0.1462919304008492,325,80,720,2875,0.1015625,0.1,True,max_tpr_with_empirical_fpr_le_target,0.0103125,0.0103125,0.01,3.5948538264055934,33,8,792,3167,0.0103125,0.01,True,max_tpr_with_empirical_fpr_le_target,0.000625,0.000625,0.001,6.8201426180276865,2,0,800,3198,0.000625,0.0,False,max_tpr_with_empirical_fpr_le_target,32,True,False,2.1906873332092114,2.1565848760870217,0.86125,KIDNEY_STONE,RF,dp,0.2,20
0.5301378906249999,0.059687500000000004,3200,800,0.1371875,0.1371875,0.1,0.1079988700781922,439,80,720,2761,0.1371875,0.1,True,max_tpr_with_empirical_fpr_le_target,0.0153125,0.0153125,0.01,2.7011268413913747,49,8,792,3151,0.0153125,0.01,True,max_tpr_with_empirical_fpr_le_target,0.00375,0.00375,0.001,5.135605186220452,12,0,800,3188,0.00375,0.0,False,max_tpr_with_empirical_fpr_le_target,32,True,False,1.9430576153089871,1.9364248604339855,0.86125,KIDNEY_STONE,RF,dp,0.2,21
0.503946875,0.03656249999999994,3200,800,0.0834375,0.0834375,0.1,0.18824640459360187,267,78,722,2933,0.0834375,0.0975,True,max_tpr_with_empirical_fpr_le_target,0.013125,0.013125,0.01,3.411333825075417,42,8,792,3158,0.013125,0.01,True,max_tpr_with_empirical_fpr_le_target,0.0015625,0.0015625,0.001,6.4086820556991135,5,0,800,3195,0.0015625,0.0,False,max_tpr_with_empirical_fpr_le_target,32,True,False,1.6640173772501075,1.6674356456025061,0.86125,KIDNEY_STONE,RF,dp,0.2,22
0.5042753906249999,0.030625000000000013,3200,800,0.105,0.105,0.1,0.15468600783559294,336,80,720,2864,0.105,0.1,True,max_tpr_with_empirical_fpr_le_target,0.0071875,0.0071875,0.01,4.201977740005102,23,8,792,3177,0.0071875,0.01,True,max_tpr_with_empirical_fpr_le_target,0.000625,0.000625,0.001,8.541540198210685,2,0,800,3198,0.000625,0.0,False,max_tpr_with_empirical_fpr_le_target,32,True,False,1.8257533765568628,1.8286137760090635,0.86125,KIDNEY_STONE,RF,dp,0.2,23
0.49659765625,0.019375000000000003,3200,800,0.1021875,0.1021875,0.1,0.1695920324706104,327,80,720,2873,0.1021875,0.1,True,max_tpr_with_empirical_fpr_le_target,0.0090625,0.0090625,0.01,4.1442271086274065,29,8,792,3171,0.0090625,0.01,True,max_tpr_with_empirical_fpr_le_target,0.0,0.0,0.001,inf,0,0,800,3200,0.0,0.0,False,max_tpr_with_empirical_fpr_le_target,32,True,False,1.884858419454307,1.8567319977532948,0.86125,KIDNEY_STONE,RF,dp,0.2,24
0.5019039062499999,0.027500000000000024,3200,800,0.0996875,0.0996875,0.1,0.17114436873070327,319,80,720,2881,0.0996875,0.1,True,max_tpr_with_empirical_fpr_le_target,0.005625,0.005625,0.01,3.5886698052623682,18,7,793,3182,0.005625,0.00875,True,max_tpr_with_empirical_fpr_le_target,0.001875,0.001875,0.001,7.059405170252246,6,0,800,3194,0.001875,0.0,False,max_tpr_with_empirical_fpr_le_target,32,True,False,1.8774940236227582,1.879179147184392,0.86125,KIDNEY_STONE,RF,dp,0.2,25
0.488280859375,0.005312500000000001,3200,800,0.086875,0.086875,0.1,0.22014993082969525,278,80,720,2922,0.086875,0.1,True,max_tpr_with_empirical_fpr_le_target,0.0134375,0.0134375,0.01,4.2961281132614,43,8,792,3157,0.0134375,0.01,True,max_tpr_with_empirical_fpr_le_target,0.0003125,0.0003125,0.001,12.85119598852682,1,0,800,3199,0.0003125,0.0,False,max_tpr_with_empirical_fpr_le_target,32,True,False,1.6970759907874866,1.675626768743972,0.86125,KIDNEY_STONE,RF,dp,0.2,26
0.51763203125,0.03375,3200,800,0.1190625,0.1190625,0.1,0.15044364896748075,381,80,720,2819,0.1190625,0.1,True,max_tpr_with_empirical_fpr_le_target,0.013125,0.013125,0.01,3.77257311899848,42,8,792,3158,0.013125,0.01,True,max_tpr_with_empirical_fpr_le_target,0.0,0.0,0.001,inf,0,0,800,3200,0.0,0.0,False,max_tpr_with_empirical_fpr_le_target,32,True,False,1.844402176647249,1.8108404985952433,0.86125,KIDNEY_STONE,RF,dp,0.2,27
0.5124765625,0.03562500000000002,3200,800,0.098125,0.098125,0.1,0.21856352730742246,314,80,720,2886,0.098125,0.1,True,max_tpr_with_empirical_fpr_le_target,0.0196875,0.0196875,0.01,4.311715242228306,63,8,792,3137,0.0196875,0.01,True,max_tpr_with_empirical_fpr_le_target,0.0015625,0.0015625,0.001,8.880295140824192,5,0,800,3195,0.0015625,0.0,False,max_tpr_with_empirical_fpr_le_target,32,True,False,1.7256242389372267,1.6659734792201,0.86125,KIDNEY_STONE,RF,dp,0.2,28
0.501738671875,0.02437499999999998,3200,800,0.1046875,0.1046875,0.1,0.15330295611206024,335,80,720,2865,0.1046875,0.1,True,max_tpr_with_empirical_fpr_le_target,0.0053125,0.0053125,0.01,3.156681444097295,17,8,792,3183,0.0053125,0.01,True,max_tpr_with_empirical_fpr_le_target,0.000625,0.000625,0.001,8.847306389595982,2,0,800,3198,0.000625,0.0,False,max_tpr_with_empirical_fpr_le_target,32,True,False,1.6296084284448038,1.6649724034414024,0.86125,KIDNEY_STONE,RF,dp,0.2,29
0.5025570312500001,0.026562500000000044,3200,800,0.1171875,0.1171875,0.1,0.2185900227923483,375,79,721,2825,0.1171875,0.09875,True,max_tpr_with_empirical_fpr_le_target,0.0215625,0.0215625,0.01,1.9402534282825439,69,8,792,3131,0.0215625,0.01,True,max_tpr_with_empirical_fpr_le_target,0.00125,0.00125,0.001,4.833466496008163,4,0,800,3196,0.00125,0.0,False,max_tpr_with_empirical_fpr_le_target,32,True,False,2.7377983231435348,2.7214200855099113,0.88875,KIDNEY_STONE,RF,dp,0.4,0
0.484400390625,0.014062499999999992,3200,800,0.1059375,0.1059375,0.1,0.2248514159607653,339,79,721,2861,0.1059375,0.09875,True,max_tpr_with_empirical_fpr_le_target,0.00875,0.00875,0.01,2.9147458748092703,28,7,793,3172,0.00875,0.00875,True,max_tpr_with_empirical_fpr_le_target,0.0,0.0,0.001,inf,0,0,800,3200,0.0,0.0,False,max_tpr_with_empirical_fpr_le_target,32,True,False,2.5464086786296987,2.535729838900587,0.88875,KIDNEY_STONE,RF,dp,0.4,1
0.513896484375,0.03531249999999997,3200,800,0.105,0.105,0.1,0.291309585407751,336,79,721,2864,0.105,0.09875,True,max_tpr_with_empirical_fpr_le_target,0.0140625,0.0140625,0.01,2.6429045530740183,45,8,792,3155,0.0140625,0.01,True,max_tpr_with_empirical_fpr_le_target,0.0015625,0.0015625,0.001,4.587283063851988,5,0,800,3195,0.0015625,0.0,False,max_tpr_with_empirical_fpr_le_target,32,True,False,2.732183679207331,2.692079358103611,0.88875,KIDNEY_STONE,RF,dp,0.4,2
0.504523828125,0.02062499999999995,3200,800,0.10875,0.10875,0.1,0.26306805642540887,348,80,720,2852,0.10875,0.1,True,max_tpr_with_empirical_fpr_le_target,0.0128125,0.0128125,0.01,2.9029871804023797,41,8,792,3159,0.0128125,0.01,True,max_tpr_with_empirical_fpr_le_target,0.00125,0.00125,0.001,4.834744914645196,4,0,800,3196,0.00125,0.0,False,max_tpr_with_empirical_fpr_le_target,32,True,False,2.609329636868217,2.584363982870821,0.88875,KIDNEY_STONE,RF,dp,0.4,3
0.5162828125,0.03875000000000006,3200,800,0.1103125,0.1103125,0.1,0.2172410277103003,353,80,720,2847,0.1103125,0.1,True,max_tpr_with_empirical_fpr_le_target,0.0134375,0.0134375,0.01,2.8204788763023245,43,8,792,3157,0.0134375,0.01,True,max_tpr_with_empirical_fpr_le_target,0.000625,0.000625,0.001,6.025586453831728,2,0,800,3198,0.000625,0.0,False,max_tpr_with_empirical_fpr_le_target,32,True,False,2.6026779748115674,2.5574816192496286,0.88875,KIDNEY_STONE,RF,dp,0.4,4
0.495778515625,0.03125,3200,800,0.100625,0.100625,0.1,0.26905229508019457,322,80,720,2878,0.100625,0.1,True,max_tpr_with_empirical_fpr_le_target,0.01,0.01,0.01,3.1477662853258996,32,8,792,3168,0.01,0.01,True,max_tpr_with_empirical_fpr_le_target,0.0021875,0.0021875,0.001,4.6587542565813305,7,0,800,3193,0.0021875,0.0,False,max_tpr_with_empirical_fpr_le_target,32,True,False,2.618325224831184,2.5976891124806754,0.88875,KIDNEY_STONE,RF,dp,0.4,5
0.5184464843750001,0.04250000000000004,3200,800,0.115,0.115,0.1,0.20401198995286318,368,80,720,2832,0.115,0.1,True,max_tpr_with_empirical_fpr_le_target,0.018125,0.018125,0.01,2.193353471460483,58,8,792,3142,0.018125,0.01,True,max_tpr_with_empirical_fpr_le_target,0.0034375,0.0034375,0.001,3.6147328198439466,11,0,800,3189,0.0034375,0.0,False,max_tpr_with_empirical_fpr_le_target,32,True,False,2.683037862513389,2.6902524308066122,0.88875,KIDNEY_STONE,RF,dp,0.4,6
0.5122375,0.03968749999999999,3200,800,0.101875,0.101875,0.1,0.28303507329823185,326,80,720,2874,0.101875,0.1,True,max_tpr_with_empirical_fpr_le_target,0.015625,0.015625,0.01,2.065862790979283,50,8,792,3150,0.015625,0.01,True,max_tpr_with_empirical_fpr_le_target,0.0028125,0.0028125,0.001,3.622967381925954,9,0,800,3191,0.0028125,0.0,False,max_tpr_with_empirical_fpr_le_target,32,True,False,2.9105325602073364,2.8710101058276574,0.88875,KIDNEY_STONE,RF,dp,0.4,7
0.522036328125,0.04437500000000005,3200,800,0.1296875,0.1296875,0.1,0.15891119763119077,415,80,720,2785,0.1296875,0.1,True,max_tpr_with_empirical_fpr_le_target,0.0209375,0.0209375,0.01,2.0653042895327687,67,8,792,3133,0.0209375,0.01,True,max_tpr_with_empirical_fpr_le_target,0.0040625,0.0040625,0.001,3.5371330234202363,13,0,800,3187,0.0040625,0.0,False,max_tpr_with_empirical_fpr_le_target,32,True,False,2.7172780062218584,2.7006700931291663,0.88875,KIDNEY_STONE,RF,dp,0.4,8
0.500712890625,0.01781250000000001,3200,800,0.1046875,0.1046875,0.1,0.263193485917371,335,80,720,2865,0.1046875,0.1,True,max_tpr_with_empirical_fpr_le_target,0.011875,0.011875,0.01,2.8713723295281213,38,7,793,3162,0.011875,0.00875,True,max_tpr_with_empirical_fpr_le_target,0.001875,0.001875,0.001,5.148866320866466,6,0,800,3194,0.001875,0.0,False,max_tpr_with_empirical_fpr_le_target,32,True,False,2.6968061245447186,2.6339079554485516,0.88875,KIDNEY_STONE,RF,dp,0.4,9
0.504185546875,0.028749999999999998,3200,800,0.115,0.115,0.1,0.24977648832522226,368,80,720,2832,0.115,0.1,True,max_tpr_with_empirical_fpr_le_target,0.0075,0.0075,0.01,2.7742609266807543,24,8,792,3176,0.0075,0.01,True,max_tpr_with_empirical_fpr_le_target,0.0,0.0,0.001,inf,0,0,800,3200,0.0,0.0,False,max_tpr_with_empirical_fpr_le_target,32,True,False,2.8532470487162134,2.841521385217143,0.88875,KIDNEY_STONE,RF,dp,0.4,10
0.503862890625,0.029375,3200,800,0.1259375,0.1259375,0.1,0.24737825958022697,403,80,720,2797,0.1259375,0.1,True,max_tpr_with_empirical_fpr_le_target,0.01125,0.01125,0.01,2.4905907962466864,36,8,792,3164,0.01125,0.01,True,max_tpr_with_empirical_fpr_le_target,0.0040625,0.0040625,0.001,3.2779148485754748,13,0,800,3187,0.0040625,0.0,False,max_tpr_with_empirical_fpr_le_target,32,True,False,2.999509864698509,2.958718545109441,0.88875,KIDNEY_STONE,RF,dp,0.4,11
0.48760351562500004,0.01781250000000001,3200,800,0.1140625,0.1140625,0.1,0.27224117598637054,365,80,720,2835,0.1140625,0.1,True,max_tpr_with_empirical_fpr_le_target,0.0075,0.0075,0.01,2.825541624856249,24,6,794,3176,0.0075,0.0075,True,max_tpr_with_empirical_fpr_le_target,0.0025,0.0025,0.001,3.980242865313448,8,0,800,3192,0.0025,0.0,False,max_tpr_with_empirical_fpr_le_target,32,True,False,2.962622558945878,2.9170567844270057,0.88875,KIDNEY_STONE,RF,dp,0.4,12
0.49341640624999994,0.010937499999999989,3200,800,0.1075,0.1075,0.1,0.29949209984184577,344,80,720,2856,0.1075,0.1,True,max_tpr_with_empirical_fpr_le_target,0.011875,0.011875,0.01,1.9812489563785745,38,7,793,3162,0.011875,0.00875,True,max_tpr_with_empirical_fpr_le_target,0.000625,0.000625,0.001,4.676031783535804,2,0,800,3198,0.000625,0.0,False,max_tpr_with_empirical_fpr_le_target,32,True,False,3.0646527315805465,3.067428526178443,0.88875,KIDNEY_STONE,RF,dp,0.4,13
0.49547968750000004,0.018750000000000003,3200,800,0.1040625,0.1040625,0.1,0.29234408114819455,333,80,720,2867,0.1040625,0.1,True,max_tpr_with_empirical_fpr_le_target,0.016875,0.016875,0.01,2.49933739973162,54,8,792,3146,0.016875,0.01,True,max_tpr_with_empirical_fpr_le_target,0.0015625,0.0015625,0.001,4.458719972307972,5,0,800,3195,0.0015625,0.0,False,max_tpr_with_empirical_fpr_le_target,32,True,False,2.7882184282716724,2.721881666486633,0.88875,KIDNEY_STONE,RF,dp,0.4,14
0.50464921875,0.020625000000000004,3200,800,0.1096875,0.1096875,0.1,0.25915195480298037,351,80,720,2849,0.1096875,0.1,True,max_tpr_with_empirical_fpr_le_target,0.0134375,0.0134375,0.01,2.360215330066122,43,7,793,3157,0.0134375,0.00875,True,max_tpr_with_empirical_fpr_le_target,0.0,0.0,0.001,inf,0,0,800,3200,0.0,0.0,False,max_tpr_with_empirical_fpr_le_target,32,True,False,2.844479087289209,2.814633453058815,0.88875,KIDNEY_STONE,RF,dp,0.4,15
0.49516992187500003,0.023125000000000062,3200,800,0.114375,0.114375,0.1,0.22555962041489774,366,80,720,2834,0.114375,0.1,True,max_tpr_with_empirical_fpr_le_target,0.011875,0.011875,0.01,2.2822795315106417,38,8,792,3162,0.011875,0.01,True,max_tpr_with_empirical_fpr_le_target,0.0009375,0.0009375,0.001,3.9468210894423166,3,0,800,3197,0.0009375,0.0,False,max_tpr_with_empirical_fpr_le_target,32,True,False,2.9534171490984287,2.936674702380501,0.88875,KIDNEY_STONE,RF,dp,0.4,16
0.5143773437500001,0.032187500000000036,3200,800,0.1221875,0.1221875,0.1,0.1842911739464479,391,80,720,2809,0.1221875,0.1,True,max_tpr_with_empirical_fpr_le_target,0.0178125,0.0178125,0.01,2.453599019409298,57,8,792,3143,0.0178125,0.01,True,max_tpr_with_empirical_fpr_le_target,0.0028125,0.0028125,0.001,4.068768774216371,9,0,800,3191,0.0028125,0.0,False,max_tpr_with_empirical_fpr_le_target,32,True,False,2.637432151611512,2.6254923007741207,0.88875,KIDNEY_STONE,RF,dp,0.4,17
0.500069921875,0.015937499999999938,3200,800,0.1034375,0.1034375,0.1,0.2897388375120187,331,79,721,2869,0.1034375,0.09875,True,max_tpr_with_empirical_fpr_le_target,0.0121875,0.0121875,0.01,2.264639034235307,39,7,793,3161,0.0121875,0.00875,True,max_tpr_with_empirical_fpr_le_target,0.004375,0.004375,0.001,3.2537398569584646,14,0,800,3186,0.004375,0.0,False,max_tpr_with_empirical_fpr_le_target,32,True,False,2.911584414035433,2.9057151741930403,0.88875,KIDNEY_STONE,RF,dp,0.4,18
0.49110234374999995,0.017187499999999994,3200,800,0.10125,0.10125,0.1,0.3237591585204296,324,79,721,2876,0.10125,0.09875,True,max_tpr_with_empirical_fpr_le_target,0.0075,0.0075,0.01,2.959482444862947,24,8,792,3176,0.0075,0.01,True,max_tpr_with_empirical_fpr_le_target,0.0,0.0,0.001,inf,0,0,800,3200,0.0,0.0,False,max_tpr_with_empirical_fpr_le_target,32,True,False,2.8486246576916385,2.77020437783398,0.88875,KIDNEY_STONE,RF,dp,0.4,19
0.49478828125,0.013437499999999991,3200,800,0.0984375,0.0984375,0.1,0.2932071594131678,315,80,720,2885,0.0984375,0.1,True,max_tpr_with_empirical_fpr_le_target,0.0090625,0.0090625,0.01,2.3175315503553406,29,8,792,3171,0.0090625,0.01,True,max_tpr_with_empirical_fpr_le_target,0.000625,0.000625,0.001,3.7037183299496768,2,0,800,3198,0.000625,0.0,False,max_tpr_with_empirical_fpr_le_target,32,True,False,2.985479747041792,2.962166983048112,0.88875,KIDNEY_STONE,RF,dp,0.4,20
0.49026953125,0.018125000000000002,3200,800,0.1084375,0.1084375,0.1,0.24773187055983037,347,80,720,2853,0.1084375,0.1,True,max_tpr_with_empirical_fpr_le_target,0.0084375,0.0084375,0.01,3.1888912426046048,27,7,793,3173,0.0084375,0.00875,True,max_tpr_with_empirical_fpr_le_target,0.0003125,0.0003125,0.001,7.352793910280024,1,0,800,3199,0.0003125,0.0,False,max_tpr_with_empirical_fpr_le_target,32,True,False,2.4895245684659106,2.4452346561208804,0.88875,KIDNEY_STONE,RF,dp,0.4,21
0.50119921875,0.021874999999999978,3200,800,0.10375,0.10375,0.1,0.28557309471445924,332,79,721,2868,0.10375,0.09875,True,max_tpr_with_empirical_fpr_le_target,0.0221875,0.0221875,0.01,1.7929280177990172,71,7,793,3129,0.0221875,0.00875,True,max_tpr_with_empirical_fpr_le_target,0.0078125,0.0078125,0.001,2.7102509174278353,25,0,800,3175,0.0078125,0.0,False,max_tpr_with_empirical_fpr_le_target,32,True,False,2.988772043075402,2.9723089373979574,0.88875,KIDNEY_STONE,RF,dp,0.4,22
0.48512421875,0.01125,3200,800,0.0978125,0.0978125,0.1,0.30798526557240535,313,80,720,2887,0.0978125,0.1,True,max_tpr_with_empirical_fpr_le_target,0.015,0.015,0.01,2.055988881055466,48,8,792,3152,0.015,0.01,True,max_tpr_with_empirical_fpr_le_target,0.00125,0.00125,0.001,3.8050124209302734,4,0,800,3196,0.00125,0.0,False,max_tpr_with_empirical_fpr_le_target,32,True,False,2.9123000878530503,2.9028829429587586,0.88875,KIDNEY_STONE,RF,dp,0.4,23
0.51877109375,0.039687500000000014,3200,800,0.1221875,0.1221875,0.1,0.23224245305806512,391,80,720,2809,0.1221875,0.1,True,max_tpr_with_empirical_fpr_le_target,0.0140625,0.0140625,0.01,2.484526892367384,45,7,793,3155,0.0140625,0.00875,True,max_tpr_with_empirical_fpr_le_target,0.0003125,0.0003125,0.001,5.32642157966739,1,0,800,3199,0.0003125,0.0,False,max_tpr_with_empirical_fpr_le_target,32,True,False,2.826928201041226,2.8077310037102827,0.88875,KIDNEY_STONE,RF,dp,0.4,24
0.502411328125,0.02562500000000001,3200,800,0.11,0.11,0.1,0.23048325435974348,352,79,721,2848,0.11,0.09875,True,max_tpr_with_empirical_fpr_le_target,0.020625,0.020625,0.01,1.8717965503756808,66,8,792,3134,0.020625,0.01,True,max_tpr_with_empirical_fpr_le_target,0.006875,0.006875,0.001,3.1791160464495327,22,0,800,3178,0.006875,0.0,False,max_tpr_with_empirical_fpr_le_target,32,True,False,2.8508910444634545,2.851073032968762,0.88875,KIDNEY_STONE,RF,dp,0.4,25
0.4819726562500001,0.0028124999999999956,3200,800,0.096875,0.096875,0.1,0.22053623777167264,310,80,720,2890,0.096875,0.1,True,max_tpr_with_empirical_fpr_le_target,0.006875,0.006875,0.01,3.4007623725936718,22,8,792,3178,0.006875,0.01,True,max_tpr_with_empirical_fpr_le_target,0.0,0.0,0.001,inf,0,0,800,3200,0.0,0.0,False,max_tpr_with_empirical_fpr_le_target,32,True,False,2.389776151091353,2.3808737065025465,0.88875,KIDNEY_STONE,RF,dp,0.4,26
0.49788710937499997,0.016874999999999973,3200,800,0.1015625,0.1015625,0.1,0.29475842375235506,325,79,721,2875,0.1015625,0.09875,True,max_tpr_with_empirical_fpr_le_target,0.0134375,0.0134375,0.01,2.4228905461938286,43,8,792,3157,0.0134375,0.01,True,max_tpr_with_empirical_fpr_le_target,0.0,0.0,0.001,inf,0,0,800,3200,0.0,0.0,False,max_tpr_with_empirical_fpr_le_target,32,True,False,2.623721468456231,2.6106081467405295,0.88875,KIDNEY_STONE,RF,dp,0.4,27
0.511578125,0.03625,3200,800,0.1290625,0.1290625,0.1,0.1813701938866159,413,80,720,2787,0.1290625,0.1,True,max_tpr_with_empirical_fpr_le_target,0.0125,0.0125,0.01,2.7373232502087816,40,8,792,3160,0.0125,0.01,True,max_tpr_with_empirical_fpr_le_target,0.0021875,0.0021875,0.001,4.189526212274412,7,0,800,3193,0.0021875,0.0,False,max_tpr_with_empirical_fpr_le_target,32,True,False,2.6162123600884333,2.5832066835390077,0.88875,KIDNEY_STONE,RF,dp,0.4,28
0.501515234375,0.018437499999999996,3200,800,0.114375,0.114375,0.1,0.18801920634288338,366,80,720,2834,0.114375,0.1,True,max_tpr_with_empirical_fpr_le_target,0.0153125,0.0153125,0.01,2.6709300238761475,49,8,792,3151,0.0153125,0.01,True,max_tpr_with_empirical_fpr_le_target,0.0,0.0,0.001,inf,0,0,800,3200,0.0,0.0,False,max_tpr_with_empirical_fpr_le_target,32,True,False,2.431685374960636,2.4073325371881147,0.88875,KIDNEY_STONE,RF,dp,0.4,29
0.497094140625,0.019375000000000003,3200,800,0.093125,0.093125,0.1,0.4936656282502536,298,80,720,2902,0.093125,0.1,True,max_tpr_with_empirical_fpr_le_target,0.01125,0.01125,0.01,2.587078696500657,36,8,792,3164,0.01125,0.01,True,max_tpr_with_empirical_fpr_le_target,0.0009375,0.0009375,0.001,4.51995303330656,3,0,800,3197,0.0009375,0.0,False,max_tpr_with_empirical_fpr_le_target,32,True,False,3.1133870011410805,3.0530858737622197,0.88875,KIDNEY_STONE,RF,dp,0.8,0
0.491009375,0.011562500000000003,3200,800,0.1,0.1,0.1,0.4562687846820488,320,80,720,2880,0.1,0.1,True,max_tpr_with_empirical_fpr_le_target,0.0084375,0.0084375,0.01,2.7669254266091494,27,8,792,3173,0.0084375,0.01,True,max_tpr_with_empirical_fpr_le_target,0.0,0.0,0.001,inf,0,0,800,3200,0.0,0.0,False,max_tpr_with_empirical_fpr_le_target,32,True,False,2.9548425597786916,2.9373004527045454,0.88875,KIDNEY_STONE,RF,dp,0.8,1
0.49066171875,0.024062499999999987,3200,800,0.091875,0.091875,0.1,0.4327049995452916,294,80,720,2906,0.091875,0.1,True,max_tpr_with_empirical_fpr_le_target,0.0121875,0.0121875,0.01,2.2946591557736893,39,8,792,3161,0.0121875,0.01,True,max_tpr_with_empirical_fpr_le_target,0.0003125,0.0003125,0.001,4.22607540172318,1,0,800,3199,0.0003125,0.0,False,max_tpr_with_empirical_fpr_le_target,32,True,False,3.1188778196916185,3.125361877300748,0.88875,KIDNEY_STONE,RF,dp,0.8,2
0.48437656250000005,0.001875,3200,800,0.0896875,0.0896875,0.1,0.46875111196721786,287,80,720,2913,0.0896875,0.1,True,max_tpr_with_empirical_fpr_le_target,0.0084375,0.0084375,0.01,2.4524194679373243,27,8,792,3173,0.0084375,0.01,True,max_tpr_with_empirical_fpr_le_target,0.0,0.0,0.001,inf,0,0,800,3200,0.0,0.0,False,max_tpr_with_empirical_fpr_le_target,32,True,False,3.087495358578046,3.0799940633895906,0.88875,KIDNEY_STONE,RF,dp,0.8,3
0.51205390625,0.02937500000000004,3200,800,0.1046875,0.1046875,0.1,0.43849338585401654,335,80,720,2865,0.1046875,0.1,True,max_tpr_with_empirical_fpr_le_target,0.0125,0.0125,0.01,2.5698193144945565,40,8,792,3160,0.0125,0.01,True,max_tpr_with_empirical_fpr_le_target,0.0,0.0,0.001,inf,0,0,800,3200,0.0,0.0,False,max_tpr_with_empirical_fpr_le_target,32,True,False,3.084078399285977,3.034487265879628,0.88875,KIDNEY_STONE,RF,dp,0.8,4
0.5041921874999999,0.023437499999999986,3200,800,0.1184375,0.1184375,0.1,0.3147566909355568,379,80,720,2821,0.1184375,0.1,True,max_tpr_with_empirical_fpr_le_target,0.0140625,0.0140625,0.01,2.241068830108863,45,8,792,3155,0.0140625,0.01,True,max_tpr_with_empirical_fpr_le_target,0.0021875,0.0021875,0.001,3.7133990489984585,7,0,800,3193,0.0021875,0.0,False,max_tpr_with_empirical_fpr_le_target,32,True,False,3.1037207310341888,3.1033488414869748,0.88875,KIDNEY_STONE,RF,dp,0.8,5
0.525478125,0.05593749999999997,3200,800,0.1046875,0.1046875,0.1,0.3943084126495586,335,80,720,2865,0.1046875,0.1,True,max_tpr_with_empirical_fpr_le_target,0.013125,0.013125,0.01,2.2462106388938077,42,7,793,3158,0.013125,0.00875,True,max_tpr_with_empirical_fpr_le_target,0.005,0.005,0.001,2.9517530133582,16,0,800,3184,0.005,0.0,False,max_tpr_with_empirical_fpr_le_target,32,True,False,3.15889034684287,3.1754269911637767,0.88875,KIDNEY_STONE,RF,dp,0.8,6
0.518470703125,0.04718749999999994,3200,800,0.1078125,0.1078125,0.1,0.4034697312050457,345,78,722,2855,0.1078125,0.0975,True,max_tpr_with_empirical_fpr_le_target,0.015,0.015,0.01,1.9719796588948206,48,8,792,3152,0.015,0.01,True,max_tpr_with_empirical_fpr_le_target,0.005625,0.005625,0.001,2.589761661334869,18,0,800,3182,0.005625,0.0,False,max_tpr_with_empirical_fpr_le_target,32,True,False,3.354862827574521,3.3254917227243066,0.88875,KIDNEY_STONE,RF,dp,0.8,7
0.513383984375,0.035312500000000024,3200,800,0.114375,0.114375,0.1,0.3856642884499104,366,80,720,2834,0.114375,0.1,True,max_tpr_with_empirical_fpr_le_target,0.015625,0.015625,0.01,2.2207343360279426,50,8,792,3150,0.015625,0.01,True,max_tpr_with_empirical_fpr_le_target,0.0,0.0,0.001,inf,0,0,800,3200,0.0,0.0,False,max_tpr_with_empirical_fpr_le_target,32,True,False,3.1995945566269257,3.1666270660902653,0.88875,KIDNEY_STONE,RF,dp,0.8,8
0.49799296875000004,0.01375000000000004,3200,800,0.110625,0.110625,0.1,0.36536147503698846,354,80,720,2846,0.110625,0.1,True,max_tpr_with_empirical_fpr_le_target,0.0109375,0.0109375,0.01,2.3867325688889025,35,8,792,3165,0.0109375,0.01,True,max_tpr_with_empirical_fpr_le_target,0.0003125,0.0003125,0.001,4.006850360368965,1,0,800,3199,0.0003125,0.0,False,max_tpr_with_empirical_fpr_le_target,32,True,False,3.206621853254089,3.183217853569366,0.88875,KIDNEY_STONE,RF,dp,0.8,9
0.49562656250000003,0.023125000000000007,3200,800,0.1025,0.1025,0.1,0.5624386418644871,328,80,720,2872,0.1025,0.1,True,max_tpr_with_empirical_fpr_le_target,0.0059375,0.0059375,0.01,3.021726747040171,19,7,793,3181,0.0059375,0.00875,True,max_tpr_with_empirical_fpr_le_target,0.00125,0.00125,0.001,4.024917307809291,4,0,800,3196,0.00125,0.0,False,max_tpr_with_empirical_fpr_le_target,32,True,False,3.0450496124224427,2.9974623413253187,0.88875,KIDNEY_STONE,RF,dp,0.8,10
0.49740546875,0.015000000000000013,3200,800,0.0971875,0.0971875,0.1,0.5094795732947555,311,80,720,2889,0.0971875,0.1,True,max_tpr_with_empirical_fpr_le_target,0.0125,0.0125,0.01,2.192027868497071,40,8,792,3160,0.0125,0.01,True,max_tpr_with_empirical_fpr_le_target,0.0,0.0,0.001,inf,0,0,800,3200,0.0,0.0,False,max_tpr_with_empirical_fpr_le_target,32,True,False,3.3454667558495443,3.307543764771591,0.88875,KIDNEY_STONE,RF,dp,0.8,11
0.48042578125,0.01,3200,800,0.090625,0.090625,0.1,0.5547769593146024,290,80,720,2910,0.090625,0.1,True,max_tpr_with_empirical_fpr_le_target,0.018125,0.018125,0.01,1.9995161963280141,58,7,793,3142,0.018125,0.00875,True,max_tpr_with_empirical_fpr_le_target,0.0003125,0.0003125,0.001,3.773900217486685,1,0,800,3199,0.0003125,0.0,False,max_tpr_with_empirical_fpr_le_target,32,True,False,3.3451929237750893,3.301098175784219,0.88875,KIDNEY_STONE,RF,dp,0.8,12
0.514953125,0.04562500000000003,3200,800,0.1125,0.1125,0.1,0.4165641011471468,360,80,720,2840,0.1125,0.1,True,max_tpr_with_empirical_fpr_le_target,0.0103125,0.0103125,0.01,2.282096024447041,33,7,793,3167,0.0103125,0.00875,True,max_tpr_with_empirical_fpr_le_target,0.0,0.0,0.001,inf,0,0,800,3200,0.0,0.0,False,max_tpr_with_empirical_fpr_le_target,32,True,False,3.2596344685197183,3.2308261293150085,0.88875,KIDNEY_STONE,RF,dp,0.8,13
0.48378828125,0.009062500000000001,3200,800,0.100625,0.100625,0.1,0.4480058267050664,322,80,720,2878,0.100625,0.1,True,max_tpr_with_empirical_fpr_le_target,0.0165625,0.0165625,0.01,1.8737310055617442,53,8,792,3147,0.0165625,0.01,True,max_tpr_with_empirical_fpr_le_target,0.000625,0.000625,0.001,3.6537014707883992,2,0,800,3198,0.000625,0.0,False,max_tpr_with_empirical_fpr_le_target,32,True,False,3.3976584828819103,3.390405961169782,0.88875,KIDNEY_STONE,RF,dp,0.8,14
0.4747992187500001,0.005312499999999998,3200,800,0.0865625,0.0865625,0.1,0.5699150070900991,277,79,721,2923,0.0865625,0.09875,True,max_tpr_with_empirical_fpr_le_target,0.0046875,0.0046875,0.01,3.1389874209557402,15,8,792,3185,0.0046875,0.01,True,max_tpr_with_empirical_fpr_le_target,0.0003125,0.0003125,0.001,5.023024960372265,1,0,800,3199,0.0003125,0.0,False,max_tpr_with_empirical_fpr_le_target,32,True,False,3.130236666948857,3.1045446310131637,0.88875,KIDNEY_STONE,RF,dp,0.8,15
0.49950742187499997,0.020625000000000004,3200,800,0.1128125,0.1128125,0.1,0.37667036154679323,361,80,720,2839,0.1128125,0.1,True,max_tpr_with_empirical_fpr_le_target,0.0071875,0.0071875,0.01,2.4876262526698527,23,8,792,3177,0.0071875,0.01,True,max_tpr_with_empirical_fpr_le_target,0.00375,0.00375,0.001,2.747437023508841,12,0,800,3188,0.00375,0.0,False,max_tpr_with_empirical_fpr_le_target,32,True,False,3.285056439388208,3.252531265624761,0.88875,KIDNEY_STONE,RF,dp,0.8,16
0.5132148437499999,0.030625000000000013,3200,800,0.12125,0.12125,0.1,0.347020824804825,388,78,722,2812,0.12125,0.0975,True,max_tpr_with_empirical_fpr_le_target,0.0146875,0.0146875,0.01,2.083945869015884,47,8,792,3153,0.0146875,0.01,True,max_tpr_with_empirical_fpr_le_target,0.00125,0.00125,0.001,3.2078319127965296,4,0,800,3196,0.00125,0.0,False,max_tpr_with_empirical_fpr_le_target,32,True,False,3.268566151436468,3.2615226023237143,0.88875,KIDNEY_STONE,RF,dp,0.8,17
0.49635039062499997,0.015625,3200,800,0.11125,0.11125,0.1,0.37847720043193434,356,80,720,2844,0.11125,0.1,True,max_tpr_with_empirical_fpr_le_target,0.0128125,0.0128125,0.01,2.116466150233311,41,8,792,3159,0.0128125,0.01,True,max_tpr_with_empirical_fpr_le_target,0.000625,0.000625,0.001,3.665628259770435,2,0,800,3198,0.000625,0.0,False,max_tpr_with_empirical_fpr_le_target,32,True,False,3.365688528125159,3.3401296369076,0.88875,KIDNEY_STONE,RF,dp,0.8,18
0.497499609375,0.012812500000000004,3200,800,0.0953125,0.0953125,0.1,0.5139515208875336,305,80,720,2895,0.0953125,0.1,True,max_tpr_with_empirical_fpr_le_target,0.0071875,0.0071875,0.01,2.3762762165770717,23,5,795,3177,0.0071875,0.00625,True,max_tpr_with_empirical_fpr_le_target,0.0009375,0.0009375,0.001,3.559553063128731,3,0,800,3197,0.0009375,0.0,False,max_tpr_with_empirical_fpr_le_target,32,True,False,3.375497623691946,3.3430099083005502,0.88875,KIDNEY_STONE,RF,dp,0.8,19
0.47849804687499997,0.0021875,3200,800,0.0975,0.0975,0.1,0.4989594492023688,312,80,720,2888,0.0975,0.1,True,max_tpr_with_empirical_fpr_le_target,0.0071875,0.0071875,0.01,2.3304538887768285,23,7,793,3177,0.0071875,0.00875,True,max_tpr_with_empirical_fpr_le_target,0.0021875,0.0021875,0.001,2.8223505147060255,7,0,800,3193,0.0021875,0.0,False,max_tpr_with_empirical_fpr_le_target,32,True,False,3.3212127141998478,3.298123321498661,0.88875,KIDNEY_STONE,RF,dp,0.8,20
0.49632070312500004,0.016250000000000014,3200,800,0.1025,0.1025,0.1,0.47102849044419415,328,80,720,2872,0.1025,0.1,True,max_tpr_with_empirical_fpr_le_target,0.0103125,0.0103125,0.01,2.584535892249285,33,8,792,3167,0.0103125,0.01,True,max_tpr_with_empirical_fpr_le_target,0.0,0.0,0.001,inf,0,0,800,3200,0.0,0.0,False,max_tpr_with_empirical_fpr_le_target,32,True,False,3.109905147901987,3.0534704992510893,0.88875,KIDNEY_STONE,RF,dp,0.8,21
0.4973875,0.010937499999999989,3200,800,0.103125,0.103125,0.1,0.4511378825052512,330,79,721,2870,0.103125,0.09875,True,max_tpr_with_empirical_fpr_le_target,0.0115625,0.0115625,0.01,2.2258603552637988,37,8,792,3163,0.0115625,0.01,True,max_tpr_with_empirical_fpr_le_target,0.0015625,0.0015625,0.001,3.033041126805382,5,0,800,3195,0.0015625,0.0,False,max_tpr_with_empirical_fpr_le_target,32,True,False,3.270678341576792,3.2370944714390504,0.88875,KIDNEY_STONE,RF,dp,0.8,22
0.51023359375,0.030937500000000062,3200,800,0.114375,0.114375,0.1,0.42397346905166566,366,80,720,2834,0.114375,0.1,True,max_tpr_with_empirical_fpr_le_target,0.01,0.01,0.01,2.0968998099768505,32,8,792,3168,0.01,0.01,True,max_tpr_with_empirical_fpr_le_target,0.0009375,0.0009375,0.001,3.516239891911175,3,0,800,3197,0.0009375,0.0,False,max_tpr_with_empirical_fpr_le_target,32,True,False,3.4010210943441743,3.386701069472903,0.88875,KIDNEY_STONE,RF,dp,0.8,23
0.526043359375,0.04562500000000003,3200,800,0.1240625,0.1240625,0.1,0.38899935062088975,397,79,721,2803,0.1240625,0.09875,True,max_tpr_with_empirical_fpr_le_target,0.0146875,0.0146875,0.01,2.2317532465597614,47,8,792,3153,0.0146875,0.01,True,max_tpr_with_empirical_fpr_le_target,0.0,0.0,0.001,inf,0,0,800,3200,0.0,0.0,False,max_tpr_with_empirical_fpr_le_target,32,True,False,3.2471388550777722,3.2147220662807228,0.88875,KIDNEY_STONE,RF,dp,0.8,24
0.49824960937500007,0.026874999999999982,3200,800,0.1003125,0.1003125,0.1,0.4524436410587427,321,80,720,2879,0.1003125,0.1,True,max_tpr_with_empirical_fpr_le_target,0.004375,0.004375,0.01,2.7103530362526875,14,7,793,3186,0.004375,0.00875,True,max_tpr_with_empirical_fpr_le_target,0.0003125,0.0003125,0.001,5.004008032997806,1,0,800,3199,0.0003125,0.0,False,max_tpr_with_empirical_fpr_le_target,32,True,False,3.206908137344882,3.186689197132352,0.88875,KIDNEY_STONE,RF,dp,0.8,25
0.5051308593749999,0.024687499999999973,3200,800,0.1034375,0.1034375,0.1,0.3914160892587013,331,80,720,2869,0.1034375,0.1,True,max_tpr_with_empirical_fpr_le_target,0.011875,0.011875,0.01,2.642470271219029,38,8,792,3162,0.011875,0.01,True,max_tpr_with_empirical_fpr_le_target,0.0,0.0,0.001,inf,0,0,800,3200,0.0,0.0,False,max_tpr_with_empirical_fpr_le_target,32,True,False,2.975860272719801,2.9490820988357873,0.88875,KIDNEY_STONE,RF,dp,0.8,26
0.5105207031250001,0.03468749999999998,3200,800,0.12,0.12,0.1,0.38380671922253384,384,80,720,2816,0.12,0.1,True,max_tpr_with_empirical_fpr_le_target,0.00875,0.00875,0.01,2.438687750489816,28,7,793,3172,0.00875,0.00875,True,max_tpr_with_empirical_fpr_le_target,0.0009375,0.0009375,0.001,3.5721309023925834,3,0,800,3197,0.0009375,0.0,False,max_tpr_with_empirical_fpr_le_target,32,True,False,3.1778244428362172,3.166090021254159,0.88875,KIDNEY_STONE,RF,dp,0.8,27
0.49508515625,0.014687500000000075,3200,800,0.0965625,0.0965625,0.1,0.4618981911535158,309,80,720,2891,0.0965625,0.1,True,max_tpr_with_empirical_fpr_le_target,0.011875,0.011875,0.01,2.185993076674751,38,8,792,3162,0.011875,0.01,True,max_tpr_with_empirical_fpr_le_target,0.0009375,0.0009375,0.001,3.33118725701768,3,0,800,3197,0.0009375,0.0,False,max_tpr_with_empirical_fpr_le_target,32,True,False,3.2381355891560544,3.2074259495390893,0.88875,KIDNEY_STONE,RF,dp,0.8,28
0.516192578125,0.03312499999999996,3200,800,0.1125,0.1125,0.1,0.40876788551682175,360,80,720,2840,0.1125,0.1,True,max_tpr_with_empirical_fpr_le_target,0.0096875,0.0096875,0.01,2.9714114666462885,31,8,792,3169,0.0096875,0.01,True,max_tpr_with_empirical_fpr_le_target,0.0015625,0.0015625,0.001,4.271125789129587,5,0,800,3195,0.0015625,0.0,False,max_tpr_with_empirical_fpr_le_target,32,True,False,2.8768112539487865,2.8640835678074295,0.88875,KIDNEY_STONE,RF,dp,0.8,29
0.5064496093749999,0.028750000000000053,3200,800,0.0990625,0.0990625,0.1,0.37219419457555913,317,80,720,2883,0.0990625,0.1,True,max_tpr_with_empirical_fpr_le_target,0.0125,0.0125,0.01,2.190801166828787,40,8,792,3160,0.0125,0.01,True,max_tpr_with_empirical_fpr_le_target,0.0015625,0.0015625,0.001,3.30480517154857,5,0,800,3195,0.0015625,0.0,False,max_tpr_with_empirical_fpr_le_target,32,True,False,3.281941241569089,3.2258535367799057,0.88875,KIDNEY_STONE,RF,dp,1.0,0
0.494030078125,0.020937499999999998,3200,800,0.1096875,0.1096875,0.1,0.32030104202770326,351,80,720,2849,0.1096875,0.1,True,max_tpr_with_empirical_fpr_le_target,0.0090625,0.0090625,0.01,2.606458892736798,29,8,792,3171,0.0090625,0.01,True,max_tpr_with_empirical_fpr_le_target,0.0009375,0.0009375,0.001,3.961516523083894,3,0,800,3197,0.0009375,0.0,False,max_tpr_with_empirical_fpr_le_target,32,True,False,3.057371483785895,3.0401311745516777,0.88875,KIDNEY_STONE,RF,dp,1.0,1
0.50451640625,0.028125000000000067,3200,800,0.1046875,0.1046875,0.1,0.28653352669798204,335,80,720,2865,0.1046875,0.1,True,max_tpr_with_empirical_fpr_le_target,0.0078125,0.0078125,0.01,2.4167665520972044,25,8,792,3175,0.0078125,0.01,True,max_tpr_with_empirical_fpr_le_target,0.001875,0.001875,0.001,3.3222385202001963,6,0,800,3194,0.001875,0.0,False,max_tpr_with_empirical_fpr_le_target,32,True,False,3.142829442057514,3.1471561127740193,0.88875,KIDNEY_STONE,RF,dp,1.0,2
0.48537421875,0.01125,3200,800,0.0925,0.0925,0.1,0.40898523151477173,296,78,722,2904,0.0925,0.0975,True,max_tpr_with_empirical_fpr_le_target,0.0146875,0.0146875,0.01,1.9633540684804665,47,8,792,3153,0.0146875,0.01,True,max_tpr_with_empirical_fpr_le_target,0.001875,0.001875,0.001,3.680119726025075,6,0,800,3194,0.001875,0.0,False,max_tpr_with_empirical_fpr_le_target,32,True,False,3.1874436956868237,3.1932339544735533,0.88875,KIDNEY_STONE,RF,dp,1.0,3
0.49936914062500004,0.0246875,3200,800,0.1046875,0.1046875,0.1,0.3527114638230584,335,78,722,2865,0.1046875,0.0975,True,max_tpr_with_empirical_fpr_le_target,0.0153125,0.0153125,0.01,2.2536908749411992,49,8,792,3151,0.0153125,0.01,True,max_tpr_with_empirical_fpr_le_target,0.0,0.0,0.001,inf,0,0,800,3200,0.0,0.0,False,max_tpr_with_empirical_fpr_le_target,32,True,False,3.094499584693267,3.0533984890917525,0.88875,KIDNEY_STONE,RF,dp,1.0,4
0.49713437499999996,0.02562500000000001,3200,800,0.0978125,0.0978125,0.1,0.35485961387299536,313,80,720,2887,0.0978125,0.1,True,max_tpr_with_empirical_fpr_le_target,0.013125,0.013125,0.01,2.0454456052051047,42,8,792,3158,0.013125,0.01,True,max_tpr_with_empirical_fpr_le_target,0.0015625,0.0015625,0.001,3.244236772303368,5,0,800,3195,0.0015625,0.0,False,max_tpr_with_empirical_fpr_le_target,32,True,False,3.2150444254076955,3.202177306628458,0.88875,KIDNEY_STONE,RF,dp,1.0,5
0.515565625,0.046875,3200,800,0.093125,0.093125,0.1,0.394941278134902,298,79,721,2902,0.093125,0.09875,True,max_tpr_with_empirical_fpr_le_target,0.013125,0.013125,0.01,1.9577030133104705,42,8,792,3158,0.013125,0.01,True,max_tpr_with_empirical_fpr_le_target,0.004375,0.004375,0.001,2.608728568025799,14,0,800,3186,0.004375,0.0,False,max_tpr_with_empirical_fpr_le_target,32,True,False,3.317260627199126,3.3198550912473794,0.88875,KIDNEY_STONE,RF,dp,1.0,6
0.50503828125,0.03312500000000007,3200,800,0.105625,0.105625,0.1,0.3718328491234657,338,80,720,2862,0.105625,0.1,True,max_tpr_with_empirical_fpr_le_target,0.0146875,0.0146875,0.01,1.7091740458304496,47,8,792,3153,0.0146875,0.01,True,max_tpr_with_empirical_fpr_le_target,0.005625,0.005625,0.001,2.265514686408167,18,0,800,3182,0.005625,0.0,False,max_tpr_with_empirical_fpr_le_target,32,True,False,3.4689796265144732,3.4566720114716363,0.88875,KIDNEY_STONE,RF,dp,1.0,7
0.493103515625,0.01750000000000007,3200,800,0.103125,0.103125,0.1,0.3490677744245976,330,80,720,2870,0.103125,0.1,True,max_tpr_with_empirical_fpr_le_target,0.0165625,0.0165625,0.01,2.058333504127802,53,8,792,3147,0.0165625,0.01,True,max_tpr_with_empirical_fpr_le_target,0.00125,0.00125,0.001,3.5332889817424293,4,0,800,3196,0.00125,0.0,False,max_tpr_with_empirical_fpr_le_target,32,True,False,3.243006233914282,3.2159778634009757,0.88875,KIDNEY_STONE,RF,dp,1.0,8
0.5010980468749999,0.02062499999999999,3200,800,0.11125,0.11125,0.1,0.2969099444982364,356,80,720,2844,0.11125,0.1,True,max_tpr_with_empirical_fpr_le_target,0.0128125,0.0128125,0.01,2.1709230168185227,41,8,792,3159,0.0128125,0.01,True,max_tpr_with_empirical_fpr_le_target,0.0034375,0.0034375,0.001,3.1212051051941083,11,0,800,3189,0.0034375,0.0,False,max_tpr_with_empirical_fpr_le_target,32,True,False,3.269572470868435,3.24763993766037,0.88875,KIDNEY_STONE,RF,dp,1.0,9
0.49391523437499996,0.015625,3200,800,0.10875,0.10875,0.1,0.3309008901645498,348,80,720,2852,0.10875,0.1,True,max_tpr_with_empirical_fpr_le_target,0.009375,0.009375,0.01,2.240733254170512,30,7,793,3170,0.009375,0.00875,True,max_tpr_with_empirical_fpr_le_target,0.0003125,0.0003125,0.001,3.7874340810401277,1,0,800,3199,0.0003125,0.0,False,max_tpr_with_empirical_fpr_le_target,32,True,False,3.2262040970669883,3.185152613006383,0.88875,KIDNEY_STONE,RF,dp,1.0,10
0.491327734375,0.014374999999999999,3200,800,0.1028125,0.1028125,0.1,0.40110373141052014,329,79,721,2871,0.1028125,0.09875,True,max_tpr_with_empirical_fpr_le_target,0.0134375,0.0134375,0.01,1.8620574778262995,43,8,792,3157,0.0134375,0.01,True,max_tpr_with_empirical_fpr_le_target,0.0,0.0,0.001,inf,0,0,800,3200,0.0,0.0,False,max_tpr_with_empirical_fpr_le_target,32,True,False,3.4844056074547454,3.458582513395461,0.88875,KIDNEY_STONE,RF,dp,1.0,11
0.49436796875,0.019062499999999982,3200,800,0.1053125,0.1053125,0.1,0.35275087656607074,337,80,720,2863,0.1053125,0.1,True,max_tpr_with_empirical_fpr_le_target,0.0128125,0.0128125,0.01,1.916102280238797,41,8,792,3159,0.0128125,0.01,True,max_tpr_with_empirical_fpr_le_target,0.00125,0.00125,0.001,3.5830996876509653,4,0,800,3196,0.00125,0.0,False,max_tpr_with_empirical_fpr_le_target,32,True,False,3.369578728098679,3.321356431624271,0.88875,KIDNEY_STONE,RF,dp,1.0,12
0.51197890625,0.03875000000000001,3200,800,0.1128125,0.1128125,0.1,0.29737692803010063,361,79,721,2839,0.1128125,0.09875,True,max_tpr_with_empirical_fpr_le_target,0.011875,0.011875,0.01,2.1070806867140828,38,8,792,3162,0.011875,0.01,True,max_tpr_with_empirical_fpr_le_target,0.000625,0.000625,0.001,4.0777573081696445,2,0,800,3198,0.000625,0.0,False,max_tpr_with_empirical_fpr_le_target,32,True,False,3.1570382376392336,3.1407185329794114,0.88875,KIDNEY_STONE,RF,dp,1.0,13
0.511953125,0.03968749999999999,3200,800,0.111875,0.111875,0.1,0.40976895410289504,358,80,720,2842,0.111875,0.1,True,max_tpr_with_empirical_fpr_le_target,0.0084375,0.0084375,0.01,2.311351128757015,27,8,792,3173,0.0084375,0.01,True,max_tpr_with_empirical_fpr_le_target,0.0,0.0,0.001,inf,0,0,800,3200,0.0,0.0,False,max_tpr_with_empirical_fpr_le_target,32,True,False,3.4377863421056984,3.3737731880439354,0.88875,KIDNEY_STONE,RF,dp,1.0,14
0.47882109375,0.009375000000000001,3200,800,0.0934375,0.0934375,0.1,0.4164478398847855,299,80,720,2901,0.0934375,0.1,True,max_tpr_with_empirical_fpr_le_target,0.0065625,0.0065625,0.01,2.4730829835045594,21,7,793,3179,0.0065625,0.00875,True,max_tpr_with_empirical_fpr_le_target,0.0,0.0,0.001,inf,0,0,800,3200,0.0,0.0,False,max_tpr_with_empirical_fpr_le_target,32,True,False,3.2768033822982567,3.2605570459690916,0.88875,KIDNEY_STONE,RF,dp,1.0,15
0.50800234375,0.03093749999999995,3200,800,0.130625,0.130625,0.1,0.27569790355306356,418,80,720,2782,0.130625,0.1,True,max_tpr_with_empirical_fpr_le_target,0.014375,0.014375,0.01,2.0701616906038387,46,8,792,3154,0.014375,0.01,True,max_tpr_with_empirical_fpr_le_target,0.0046875,0.0046875,0.001,2.6463402323913447,15,0,800,3185,0.0046875,0.0,False,max_tpr_with_empirical_fpr_le_target,32,True,False,3.375555632667483,3.324353690220771,0.88875,KIDNEY_STONE,RF,dp,1.0,16
0.5029054687500001,0.026562500000000003,3200,800,0.125,0.125,0.1,0.25885706071504977,400,80,720,2800,0.125,0.1,True,max_tpr_with_empirical_fpr_le_target,0.0234375,0.0234375,0.01,1.5769234360390731,75,8,792,3125,0.0234375,0.01,True,max_tpr_with_empirical_fpr_le_target,0.00125,0.00125,0.001,3.464781333079248,4,0,800,3196,0.00125,0.0,False,max_tpr_with_empirical_fpr_le_target,32,True,False,3.3103280439059883,3.3064114019571416,0.88875,KIDNEY_STONE,RF,dp,1.0,17
0.49805820312499993,0.019062500000000003,3200,800,0.1028125,0.1028125,0.1,0.3939655970311047,329,79,721,2871,0.1028125,0.09875,True,max_tpr_with_empirical_fpr_le_target,0.0090625,0.0090625,0.01,2.010380711289943,29,8,792,3171,0.0090625,0.01,True,max_tpr_with_empirical_fpr_le_target,0.00125,0.00125,0.001,2.7963576692133607,4,0,800,3196,0.00125,0.0,False,max_tpr_with_empirical_fpr_le_target,32,True,False,3.527023124723569,3.5088218292059783,0.88875,KIDNEY_STONE,RF,dp,1.0,18
0.47424140625,0.002187499999999995,3200,800,0.089375,0.089375,0.1,0.4571029015709973,286,78,722,2914,0.089375,0.0975,True,max_tpr_with_empirical_fpr_le_target,0.0034375,0.0034375,0.01,2.3175706026707106,11,8,792,3189,0.0034375,0.01,True,max_tpr_with_empirical_fpr_le_target,0.0,0.0,0.001,inf,0,0,800,3200,0.0,0.0,False,max_tpr_with_empirical_fpr_le_target,32,True,False,3.50494184815747,3.471640696619445,0.88875,KIDNEY_STONE,RF,dp,1.0,19
0.49597382812499996,0.014375000000000027,3200,800,0.0953125,0.0953125,0.1,0.385281674576035,305,79,721,2895,0.0953125,0.09875,True,max_tpr_with_empirical_fpr_le_target,0.0084375,0.0084375,0.01,2.224195712653195,27,6,794,3173,0.0084375,0.0075,True,max_tpr_with_empirical_fpr_le_target,0.0003125,0.0003125,0.001,3.479828564969556,1,0,800,3199,0.0003125,0.0,False,max_tpr_with_empirical_fpr_le_target,32,True,False,3.3215837767879886,3.3259579604207445,0.88875,KIDNEY_STONE,RF,dp,1.0,20
0.5041796875,0.031250000000000014,3200,800,0.1275,0.1275,0.1,0.26646095572553197,408,80,720,2792,0.1275,0.1,True,max_tpr_with_empirical_fpr_le_target,0.0090625,0.0090625,0.01,2.4716123376943555,29,8,792,3171,0.0090625,0.01,True,max_tpr_with_empirical_fpr_le_target,0.0,0.0,0.001,inf,0,0,800,3200,0.0,0.0,False,max_tpr_with_empirical_fpr_le_target,32,True,False,3.250750136249734,3.1983744127621687,0.88875,KIDNEY_STONE,RF,dp,1.0,21
0.5007902343749999,0.01656249999999998,3200,800,0.10125,0.10125,0.1,0.4026328565197259,324,79,721,2876,0.10125,0.09875,True,max_tpr_with_empirical_fpr_le_target,0.016875,0.016875,0.01,1.8725353545819958,54,7,793,3146,0.016875,0.00875,True,max_tpr_with_empirical_fpr_le_target,0.0021875,0.0021875,0.001,3.1110573871773672,7,0,800,3193,0.0021875,0.0,False,max_tpr_with_empirical_fpr_le_target,32,True,False,3.338836800281423,3.2936426415960467,0.88875,KIDNEY_STONE,RF,dp,1.0,22
0.5117455078125,0.028749999999999998,3200,800,0.1215625,0.1215625,0.1,0.32353414518047696,389,79,721,2811,0.1215625,0.09875,True,max_tpr_with_empirical_fpr_le_target,0.02125,0.02125,0.01,1.4438572718009768,68,8,792,3132,0.02125,0.01,True,max_tpr_with_empirical_fpr_le_target,0.0028125,0.0028125,0.001,2.4722531010595175,9,0,800,3191,0.0028125,0.0,False,max_tpr_with_empirical_fpr_le_target,32,True,False,3.488002660578508,3.4769295060540606,0.88875,KIDNEY_STONE,RF,dp,1.0,23
0.52683671875,0.05437499999999995,3200,800,0.135625,0.135625,0.1,0.29281150440846027,434,80,720,2766,0.135625,0.1,True,max_tpr_with_empirical_fpr_le_target,0.0090625,0.0090625,0.01,2.2132373560711027,29,8,792,3171,0.0090625,0.01,True,max_tpr_with_empirical_fpr_le_target,0.0003125,0.0003125,0.001,3.501281872664565,1,0,800,3199,0.0003125,0.0,False,max_tpr_with_empirical_fpr_le_target,32,True,False,3.4294841375628957,3.3865169034556257,0.88875,KIDNEY_STONE,RF,dp,1.0,24
0.49116132812499996,0.011562500000000003,3200,800,0.1046875,0.1046875,0.1,0.3337180819664649,335,80,720,2865,0.1046875,0.1,True,max_tpr_with_empirical_fpr_le_target,0.0065625,0.0065625,0.01,2.4220047876787607,21,8,792,3179,0.0065625,0.01,True,max_tpr_with_empirical_fpr_le_target,0.000625,0.000625,0.001,3.3863921813729094,2,0,800,3198,0.000625,0.0,False,max_tpr_with_empirical_fpr_le_target,32,True,False,3.257112357568262,3.233662758259025,0.88875,KIDNEY_STONE,RF,dp,1.0,25
0.4843359374999999,0.009062500000000001,3200,800,0.1028125,0.1028125,0.1,0.3187946056422204,329,80,720,2871,0.1028125,0.1,True,max_tpr_with_empirical_fpr_le_target,0.01125,0.01125,0.01,2.1663172440904113,36,8,792,3164,0.01125,0.01,True,max_tpr_with_empirical_fpr_le_target,0.0015625,0.0015625,0.001,3.689110562998388,5,0,800,3195,0.0015625,0.0,False,max_tpr_with_empirical_fpr_le_target,32,True,False,3.159809161931819,3.1353329739253786,0.88875,KIDNEY_STONE,RF,dp,1.0,26
0.5078953125,0.032187500000000036,3200,800,0.1228125,0.1228125,0.1,0.3137490508580081,393,80,720,2807,0.1228125,0.1,True,max_tpr_with_empirical_fpr_le_target,0.011875,0.011875,0.01,2.070724782006426,38,8,792,3162,0.011875,0.01,True,max_tpr_with_empirical_fpr_le_target,0.0028125,0.0028125,0.001,2.940812834972556,9,0,800,3191,0.0028125,0.0,False,max_tpr_with_empirical_fpr_le_target,32,True,False,3.215989550723313,3.2154137935093394,0.88875,KIDNEY_STONE,RF,dp,1.0,27
0.499420703125,0.020000000000000004,3200,800,0.1159375,0.1159375,0.1,0.27318208209350425,371,80,720,2829,0.1159375,0.1,True,max_tpr_with_empirical_fpr_le_target,0.016875,0.016875,0.01,1.8243671288699392,54,8,792,3146,0.016875,0.01,True,max_tpr_with_empirical_fpr_le_target,0.0028125,0.0028125,0.001,2.8810095885648934,9,0,800,3191,0.0028125,0.0,False,max_tpr_with_empirical_fpr_le_target,32,True,False,3.239732296048149,3.2240849431693106,0.88875,KIDNEY_STONE,RF,dp,1.0,28
0.5130839843749999,0.04312499999999997,3200,800,0.1209375,0.1209375,0.1,0.2416788178337672,387,80,720,2813,0.1209375,0.1,True,max_tpr_with_empirical_fpr_le_target,0.01,0.01,0.01,2.4710850592660094,32,8,792,3168,0.01,0.01,True,max_tpr_with_empirical_fpr_le_target,0.0003125,0.0003125,0.001,5.6886798864403305,1,0,800,3199,0.0003125,0.0,False,max_tpr_with_empirical_fpr_le_target,32,True,False,2.9674240662822053,2.975990504871572,0.88875,KIDNEY_STONE,RF,dp,1.0,29
0.49007890625,0.012812499999999998,3200,800,0.105625,0.105625,0.1,0.29848179406986475,338,79,721,2862,0.105625,0.09875,True,max_tpr_with_empirical_fpr_le_target,0.0134375,0.0134375,0.01,1.8466827206369087,43,8,792,3157,0.0134375,0.01,True,max_tpr_with_empirical_fpr_le_target,0.0,0.0,0.001,inf,0,0,800,3200,0.0,0.0,False,max_tpr_with_empirical_fpr_le_target,32,True,False,3.4558826531468143,3.420278378788377,0.89,KIDNEY_STONE,RF,dp,2.0,0
0.47024609375,0.0034374999999999996,3200,800,0.0928125,0.0928125,0.1,0.3949484013092013,297,80,720,2903,0.0928125,0.1,True,max_tpr_with_empirical_fpr_le_target,0.0090625,0.0090625,0.01,2.359277919375076,29,7,793,3171,0.0090625,0.00875,True,max_tpr_with_empirical_fpr_le_target,0.0015625,0.0015625,0.001,3.649390828646201,5,0,800,3195,0.0015625,0.0,False,max_tpr_with_empirical_fpr_le_target,32,True,False,3.2246957335326925,3.183663696410178,0.89,KIDNEY_STONE,RF,dp,2.0,1
0.5044468750000001,0.03156250000000001,3200,800,0.1290625,0.1290625,0.1,0.25873505565893806,413,80,720,2787,0.1290625,0.1,True,max_tpr_with_empirical_fpr_le_target,0.0175,0.0175,0.01,1.8916400598082488,56,8,792,3144,0.0175,0.01,True,max_tpr_with_empirical_fpr_le_target,0.0040625,0.0040625,0.001,2.8509226142712363,13,0,800,3187,0.0040625,0.0,False,max_tpr_with_empirical_fpr_le_target,32,True,False,3.348584163867368,3.3237871271167037,0.89,KIDNEY_STONE,RF,dp,2.0,2
0.503008203125,0.025000000000000022,3200,800,0.1078125,0.1078125,0.1,0.3313931009425177,345,79,721,2855,0.1078125,0.09875,True,max_tpr_with_empirical_fpr_le_target,0.0065625,0.0065625,0.01,2.485769912965205,21,8,792,3179,0.0065625,0.01,True,max_tpr_with_empirical_fpr_le_target,0.0003125,0.0003125,0.001,3.812075515458959,1,0,800,3199,0.0003125,0.0,False,max_tpr_with_empirical_fpr_le_target,32,True,False,3.22946077493173,3.2125625698263494,0.89,KIDNEY_STONE,RF,dp,2.0,3
0.497412109375,0.0153125,3200,800,0.1065625,0.1065625,0.1,0.33500689271840045,341,80,720,2859,0.1065625,0.1,True,max_tpr_with_empirical_fpr_le_target,0.0153125,0.0153125,0.01,1.9614786038515293,49,8,792,3151,0.0153125,0.01,True,max_tpr_with_empirical_fpr_le_target,0.0,0.0,0.001,inf,0,0,800,3200,0.0,0.0,False,max_tpr_with_empirical_fpr_le_target,32,True,False,3.2539701832856496,3.20652292911867,0.89,KIDNEY_STONE,RF,dp,2.0,4
0.51128203125,0.03187499999999999,3200,800,0.1115625,0.1115625,0.1,0.3023692139059433,357,80,720,2843,0.1115625,0.1,True,max_tpr_with_empirical_fpr_le_target,0.0134375,0.0134375,0.01,2.090350407788942,43,8,792,3157,0.0134375,0.01,True,max_tpr_with_empirical_fpr_le_target,0.0,0.0,0.001,inf,0,0,800,3200,0.0,0.0,False,max_tpr_with_empirical_fpr_le_target,32,True,False,3.2322510414222223,3.21524908405459,0.89,KIDNEY_STONE,RF,dp,2.0,5
0.505552734375,0.024687500000000084,3200,800,0.1096875,0.1096875,0.1,0.32745818175329244,351,80,720,2849,0.1096875,0.1,True,max_tpr_with_empirical_fpr_le_target,0.0128125,0.0128125,0.01,1.6860127651712205,41,7,793,3159,0.0128125,0.00875,True,max_tpr_with_empirical_fpr_le_target,0.0028125,0.0028125,0.001,2.696293292586284,9,0,800,3191,0.0028125,0.0,False,max_tpr_with_empirical_fpr_le_target,32,True,False,3.445437681512051,3.4429573456232814,0.89,KIDNEY_STONE,RF,dp,2.0,6
0.505193359375,0.020937499999999942,3200,800,0.1128125,0.1128125,0.1,0.3621258952062236,361,80,720,2839,0.1128125,0.1,True,max_tpr_with_empirical_fpr_le_target,0.0146875,0.0146875,0.01,1.6381854732119399,47,8,792,3153,0.0146875,0.01,True,max_tpr_with_empirical_fpr_le_target,0.0009375,0.0009375,0.001,2.998671305171225,3,0,800,3197,0.0009375,0.0,False,max_tpr_with_empirical_fpr_le_target,32,True,False,3.571739172081483,3.557773363955526,0.89,KIDNEY_STONE,RF,dp,2.0,7
0.5089480468750001,0.028749999999999942,3200,800,0.114375,0.114375,0.1,0.34880806047104773,366,80,720,2834,0.114375,0.1,True,max_tpr_with_empirical_fpr_le_target,0.015,0.015,0.01,1.8154969599732795,48,8,792,3152,0.015,0.01,True,max_tpr_with_empirical_fpr_le_target,0.0,0.0,0.001,inf,0,0,800,3200,0.0,0.0,False,max_tpr_with_empirical_fpr_le_target,32,True,False,3.507461745115087,3.472871602762131,0.89,KIDNEY_STONE,RF,dp,2.0,8
0.5043607421874999,0.026875000000000093,3200,800,0.1134375,0.1134375,0.1,0.30746675266659196,363,80,720,2837,0.1134375,0.1,True,max_tpr_with_empirical_fpr_le_target,0.0084375,0.0084375,0.01,2.2671556559110133,27,8,792,3173,0.0084375,0.01,True,max_tpr_with_empirical_fpr_le_target,0.0003125,0.0003125,0.001,3.9605195890148988,1,0,800,3199,0.0003125,0.0,False,max_tpr_with_empirical_fpr_le_target,32,True,False,3.366840782328038,3.343873300353832,0.89,KIDNEY_STONE,RF,dp,2.0,9
0.49764179687500004,0.020937499999999998,3200,800,0.11125,0.11125,0.1,0.34895157275218214,356,80,720,2844,0.11125,0.1,True,max_tpr_with_empirical_fpr_le_target,0.015625,0.015625,0.01,1.9153771763133989,50,8,792,3150,0.015625,0.01,True,max_tpr_with_empirical_fpr_le_target,0.000625,0.000625,0.001,3.686771437632519,2,0,800,3198,0.000625,0.0,False,max_tpr_with_empirical_fpr_le_target,32,True,False,3.329166068042341,3.2816834918352247,0.89,KIDNEY_STONE,RF,dp,2.0,10
0.4965175781250001,0.013437500000000019,3200,800,0.1046875,0.1046875,0.1,0.3822065953117493,335,80,720,2865,0.1046875,0.1,True,max_tpr_with_empirical_fpr_le_target,0.0084375,0.0084375,0.01,2.0174867013043922,27,7,793,3173,0.0084375,0.00875,True,max_tpr_with_empirical_fpr_le_target,0.0003125,0.0003125,0.001,3.8819421033761983,1,0,800,3199,0.0003125,0.0,False,max_tpr_with_empirical_fpr_le_target,32,True,False,3.5556639199121625,3.5236304958245737,0.89,KIDNEY_STONE,RF,dp,2.0,11
0.49953007812499994,0.018750000000000044,3200,800,0.0965625,0.0965625,0.1,0.4192717236646262,309,80,720,2891,0.0965625,0.1,True,max_tpr_with_empirical_fpr_le_target,0.006875,0.006875,0.01,2.0938467258502573,22,7,793,3178,0.006875,0.00875,True,max_tpr_with_empirical_fpr_le_target,0.0009375,0.0009375,0.001,3.085796349761762,3,0,800,3197,0.0009375,0.0,False,max_tpr_with_empirical_fpr_le_target,32,True,False,3.551920104597218,3.524177993038961,0.89,KIDNEY_STONE,RF,dp,2.0,12
0.49939531249999997,0.016562500000000036,3200,800,0.10375,0.10375,0.1,0.368270109902169,332,80,720,2868,0.10375,0.1,True,max_tpr_with_empirical_fpr_le_target,0.0084375,0.0084375,0.01,2.2001436450256415,27,8,792,3173,0.0084375,0.01,True,max_tpr_with_empirical_fpr_le_target,0.0003125,0.0003125,0.001,4.09630719127677,1,0,800,3199,0.0003125,0.0,False,max_tpr_with_empirical_fpr_le_target,32,True,False,3.2451044177248694,3.2419334470687344,0.89,KIDNEY_STONE,RF,dp,2.0,13
0.50059453125,0.024375,3200,800,0.1053125,0.1053125,0.1,0.397269570743076,337,79,721,2863,0.1053125,0.09875,True,max_tpr_with_empirical_fpr_le_target,0.0053125,0.0053125,0.01,2.0630943876943704,17,8,792,3183,0.0053125,0.01,True,max_tpr_with_empirical_fpr_le_target,0.000625,0.000625,0.001,2.9302044235346987,2,0,800,3198,0.000625,0.0,False,max_tpr_with_empirical_fpr_le_target,32,True,False,3.572164961455057,3.527155279423908,0.89,KIDNEY_STONE,RF,dp,2.0,14
0.486328515625,0.007499999999999951,3200,800,0.0978125,0.0978125,0.1,0.3994215430812815,313,80,720,2887,0.0978125,0.1,True,max_tpr_with_empirical_fpr_le_target,0.0078125,0.0078125,0.01,2.2273258664868747,25,8,792,3175,0.0078125,0.01,True,max_tpr_with_empirical_fpr_le_target,0.0,0.0,0.001,inf,0,0,800,3200,0.0,0.0,False,max_tpr_with_empirical_fpr_le_target,32,True,False,3.3708029533418475,3.341722474561933,0.89,KIDNEY_STONE,RF,dp,2.0,15
0.505327734375,0.02250000000000002,3200,800,0.099375,0.099375,0.1,0.39799585665886816,318,80,720,2882,0.099375,0.1,True,max_tpr_with_empirical_fpr_le_target,0.0128125,0.0128125,0.01,1.7387175481020734,41,8,792,3159,0.0128125,0.01,True,max_tpr_with_empirical_fpr_le_target,0.0003125,0.0003125,0.001,3.10687043593736,1,0,800,3199,0.0003125,0.0,False,max_tpr_with_empirical_fpr_le_target,32,True,False,3.5704083880790476,3.5356941809358124,0.89,KIDNEY_STONE,RF,dp,2.0,16
0.50616015625,0.026562500000000044,3200,800,0.115625,0.115625,0.1,0.29162395500561056,370,80,720,2830,0.115625,0.1,True,max_tpr_with_empirical_fpr_le_target,0.02,0.02,0.01,1.6718467135709592,64,8,792,3136,0.02,0.01,True,max_tpr_with_empirical_fpr_le_target,0.0009375,0.0009375,0.001,2.8936943857918394,3,0,800,3197,0.0009375,0.0,False,max_tpr_with_empirical_fpr_le_target,32,True,False,3.477133961259336,3.4732671793865975,0.89,KIDNEY_STONE,RF,dp,2.0,17
0.48964335937500003,0.020937499999999998,3200,800,0.10375,0.10375,0.1,0.37402335490894956,332,80,720,2868,0.10375,0.1,True,max_tpr_with_empirical_fpr_le_target,0.0125,0.0125,0.01,1.688927756790053,40,8,792,3160,0.0125,0.01,True,max_tpr_with_empirical_fpr_le_target,0.000625,0.000625,0.001,2.9437104157926637,2,0,800,3198,0.000625,0.0,False,max_tpr_with_empirical_fpr_le_target,32,True,False,3.6435644459859646,3.623049007138312,0.89,KIDNEY_STONE,RF,dp,2.0,18
0.47934921875,0.002187500000000002,3200,800,0.0996875,0.0996875,0.1,0.41583310051054534,319,80,720,2881,0.0996875,0.1,True,max_tpr_with_empirical_fpr_le_target,0.0065625,0.0065625,0.01,2.0229742849825243,21,8,792,3179,0.0065625,0.01,True,max_tpr_with_empirical_fpr_le_target,0.0,0.0,0.001,inf,0,0,800,3200,0.0,0.0,False,max_tpr_with_empirical_fpr_le_target,32,True,False,3.6488485855631354,3.614790637728641,0.89,KIDNEY_STONE,RF,dp,2.0,19
0.505628515625,0.03718750000000004,3200,800,0.0853125,0.0853125,0.1,0.4527878413476554,273,80,720,2927,0.0853125,0.1,True,max_tpr_with_empirical_fpr_le_target,0.014375,0.014375,0.01,1.6939719859310705,46,8,792,3154,0.014375,0.01,True,max_tpr_with_empirical_fpr_le_target,0.0015625,0.0015625,0.001,2.6999134367358595,5,0,800,3195,0.0015625,0.0,False,max_tpr_with_empirical_fpr_le_target,32,True,False,3.552059814182595,3.529435474051479,0.89,KIDNEY_STONE,RF,dp,2.0,20
0.515100390625,0.03937500000000005,3200,800,0.1234375,0.1234375,0.1,0.31826324928247596,395,80,720,2805,0.1234375,0.1,True,max_tpr_with_empirical_fpr_le_target,0.0203125,0.0203125,0.01,1.8242439394546848,65,8,792,3135,0.0203125,0.01,True,max_tpr_with_empirical_fpr_le_target,0.0,0.0,0.001,inf,0,0,800,3200,0.0,0.0,False,max_tpr_with_empirical_fpr_le_target,32,True,False,3.3769826944827646,3.32228062749134,0.89,KIDNEY_STONE,RF,dp,2.0,21
0.509508984375,0.02656249999999999,3200,800,0.1121875,0.1121875,0.1,0.35712869797886704,359,80,720,2841,0.1121875,0.1,True,max_tpr_with_empirical_fpr_le_target,0.014375,0.014375,0.01,1.9223122967501043,46,7,793,3154,0.014375,0.00875,True,max_tpr_with_empirical_fpr_le_target,0.00125,0.00125,0.001,3.2007998184652173,4,0,800,3196,0.00125,0.0,False,max_tpr_with_empirical_fpr_le_target,32,True,False,3.508895835543647,3.4483485003822407,0.89,KIDNEY_STONE,RF,dp,2.0,22
0.51075625,0.027812500000000004,3200,800,0.12625,0.12625,0.1,0.31583118648812025,404,80,720,2796,0.12625,0.1,True,max_tpr_with_empirical_fpr_le_target,0.01375,0.01375,0.01,1.5354164963234354,44,7,793,3156,0.01375,0.00875,True,max_tpr_with_empirical_fpr_le_target,0.00375,0.00375,0.001,2.207721411584905,12,0,800,3188,0.00375,0.0,False,max_tpr_with_empirical_fpr_le_target,32,True,False,3.6584219985634516,3.642584888971456,0.89,KIDNEY_STONE,RF,dp,2.0,23
0.5231398437499999,0.046875,3200,800,0.126875,0.126875,0.1,0.327983392643453,406,80,720,2794,0.126875,0.1,True,max_tpr_with_empirical_fpr_le_target,0.009375,0.009375,0.01,1.9454664872159686,30,8,792,3170,0.009375,0.01,True,max_tpr_with_empirical_fpr_le_target,0.0003125,0.0003125,0.001,3.127189285549438,1,0,800,3199,0.0003125,0.0,False,max_tpr_with_empirical_fpr_le_target,32,True,False,3.571855218113871,3.563004338183166,0.89,KIDNEY_STONE,RF,dp,2.0,24
0.505582421875,0.035,3200,800,0.1015625,0.1015625,0.1,0.35610059720664733,325,80,720,2875,0.1015625,0.1,True,max_tpr_with_empirical_fpr_le_target,0.0090625,0.0090625,0.01,2.000998633613536,29,8,792,3171,0.0090625,0.01,True,max_tpr_with_empirical_fpr_le_target,0.0003125,0.0003125,0.001,3.6694647619505134,1,0,800,3199,0.0003125,0.0,False,max_tpr_with_empirical_fpr_le_target,32,True,False,3.4085450482216415,3.394623632906216,0.89,KIDNEY_STONE,RF,dp,2.0,25
0.4926109375,0.010312500000000058,3200,800,0.099375,0.099375,0.1,0.36878833412966605,318,80,720,2882,0.099375,0.1,True,max_tpr_with_empirical_fpr_le_target,0.0134375,0.0134375,0.01,1.9296864065660468,43,5,795,3157,0.0134375,0.00625,True,max_tpr_with_empirical_fpr_le_target,0.0,0.0,0.001,inf,0,0,800,3200,0.0,0.0,False,max_tpr_with_empirical_fpr_le_target,32,True,False,3.3751849354323995,3.332254093624844,0.89,KIDNEY_STONE,RF,dp,2.0,26
0.503519140625,0.02124999999999999,3200,800,0.12125,0.12125,0.1,0.29398910622122143,388,80,720,2812,0.12125,0.1,True,max_tpr_with_empirical_fpr_le_target,0.0084375,0.0084375,0.01,2.1951753978771817,27,6,794,3173,0.0084375,0.0075,True,max_tpr_with_empirical_fpr_le_target,0.0015625,0.0015625,0.001,2.9903926512551653,5,0,800,3195,0.0015625,0.0,False,max_tpr_with_empirical_fpr_le_target,32,True,False,3.302258827951793,3.3039877727906304,0.89,KIDNEY_STONE,RF,dp,2.0,27
0.4944046875,0.015625000000000007,3200,800,0.1040625,0.1040625,0.1,0.34318129591254154,333,80,720,2867,0.1040625,0.1,True,max_tpr_with_empirical_fpr_le_target,0.0078125,0.0078125,0.01,2.0752495226897985,25,8,792,3175,0.0078125,0.01,True,max_tpr_with_empirical_fpr_le_target,0.0,0.0,0.001,inf,0,0,800,3200,0.0,0.0,False,max_tpr_with_empirical_fpr_le_target,32,True,False,3.421735807438244,3.4094109938467905,0.89,KIDNEY_STONE,RF,dp,2.0,28
0.5124187499999999,0.04343750000000002,3200,800,0.1178125,0.1178125,0.1,0.3102673222851733,377,80,720,2823,0.1178125,0.1,True,max_tpr_with_empirical_fpr_le_target,0.00875,0.00875,0.01,2.673252326101848,28,8,792,3172,0.00875,0.01,True,max_tpr_with_empirical_fpr_le_target,0.0003125,0.0003125,0.001,5.105362043863037,1,0,800,3199,0.0003125,0.0,False,max_tpr_with_empirical_fpr_le_target,32,True,False,3.160067457260502,3.1255288238810075,0.89,KIDNEY_STONE,RF,dp,2.0,29
0.49696757812500003,0.01656249999999998,3200,800,0.1025,0.1025,0.1,0.32512574870576083,328,80,720,2872,0.1025,0.1,True,max_tpr_with_empirical_fpr_le_target,0.0153125,0.0153125,0.01,1.7783139061593496,49,7,793,3151,0.0153125,0.00875,True,max_tpr_with_empirical_fpr_le_target,0.0,0.0,0.001,inf,0,0,800,3200,0.0,0.0,False,max_tpr_with_empirical_fpr_le_target,32,True,False,3.4702006465306297,3.4383330695606444,0.89125,KIDNEY_STONE,RF,dp,4.0,0
0.47387578124999996,0.0040625,3200,800,0.0846875,0.0846875,0.1,0.47076823568097215,271,80,720,2929,0.0846875,0.1,True,max_tpr_with_empirical_fpr_le_target,0.0121875,0.0121875,0.01,2.0869079038842706,39,8,792,3161,0.0121875,0.01,True,max_tpr_with_empirical_fpr_le_target,0.001875,0.001875,0.001,3.494159198150851,6,0,800,3194,0.001875,0.0,False,max_tpr_with_empirical_fpr_le_target,32,True,False,3.2897691671790663,3.2482380278897676,0.89125,KIDNEY_STONE,RF,dp,4.0,1
0.49888906250000004,0.025937500000000002,3200,800,0.123125,0.123125,0.1,0.2869736734161963,394,79,721,2806,0.123125,0.09875,True,max_tpr_with_empirical_fpr_le_target,0.0128125,0.0128125,0.01,2.0435207945876974,41,8,792,3159,0.0128125,0.01,True,max_tpr_with_empirical_fpr_le_target,0.0025,0.0025,0.001,2.8715657689923795,8,0,800,3192,0.0025,0.0,False,max_tpr_with_empirical_fpr_le_target,32,True,False,3.370049440777852,3.3597523884390204,0.89125,KIDNEY_STONE,RF,dp,4.0,2
0.495851953125,0.018125000000000002,3200,800,0.0978125,0.0978125,0.1,0.3867299251437819,313,80,720,2887,0.0978125,0.1,True,max_tpr_with_empirical_fpr_le_target,0.0084375,0.0084375,0.01,2.339301398325489,27,8,792,3173,0.0084375,0.01,True,max_tpr_with_empirical_fpr_le_target,0.0,0.0,0.001,inf,0,0,800,3200,0.0,0.0,False,max_tpr_with_empirical_fpr_le_target,32,True,False,3.2550947647687334,3.2338520669276534,0.89125,KIDNEY_STONE,RF,dp,4.0,3
0.500322265625,0.026249999999999996,3200,800,0.1071875,0.1071875,0.1,0.3372074557724596,343,79,721,2857,0.1071875,0.09875,True,max_tpr_with_empirical_fpr_le_target,0.014375,0.014375,0.01,1.9474213713386037,46,7,793,3154,0.014375,0.00875,True,max_tpr_with_empirical_fpr_le_target,0.0,0.0,0.001,inf,0,0,800,3200,0.0,0.0,False,max_tpr_with_empirical_fpr_le_target,32,True,False,3.279500165938978,3.2298066035339783,0.89125,KIDNEY_STONE,RF,dp,4.0,4
0.508652734375,0.035312500000000024,3200,800,0.1178125,0.1178125,0.1,0.2989997799132391,377,80,720,2823,0.1178125,0.1,True,max_tpr_with_empirical_fpr_le_target,0.015,0.015,0.01,1.911550620494463,48,8,792,3152,0.015,0.01,True,max_tpr_with_empirical_fpr_le_target,0.0003125,0.0003125,0.001,3.9786231473168803,1,0,800,3199,0.0003125,0.0,False,max_tpr_with_empirical_fpr_le_target,32,True,False,3.289418736910351,3.273092729302712,0.89125,KIDNEY_STONE,RF,dp,4.0,5
0.506294921875,0.026874999999999982,3200,800,0.1153125,0.1153125,0.1,0.33519997042088745,369,80,720,2831,0.1153125,0.1,True,max_tpr_with_empirical_fpr_le_target,0.0125,0.0125,0.01,1.6660526377567901,40,8,792,3160,0.0125,0.01,True,max_tpr_with_empirical_fpr_le_target,0.0034375,0.0034375,0.001,2.5986402975095544,11,0,800,3189,0.0034375,0.0,False,max_tpr_with_empirical_fpr_le_target,32,True,False,3.4984308234721135,3.4953104030972555,0.89125,KIDNEY_STONE,RF,dp,4.0,6
0.507694921875,0.026249999999999996,3200,800,0.1090625,0.1090625,0.1,0.37905675385541127,349,80,720,2851,0.1090625,0.1,True,max_tpr_with_empirical_fpr_le_target,0.01375,0.01375,0.01,1.646628726877732,44,8,792,3156,0.01375,0.01,True,max_tpr_with_empirical_fpr_le_target,0.0059375,0.0059375,0.001,2.1650796985683467,19,0,800,3181,0.0059375,0.0,False,max_tpr_with_empirical_fpr_le_target,32,True,False,3.58456567766576,3.5692355429156675,0.89125,KIDNEY_STONE,RF,dp,4.0,7
0.5030109375,0.025000000000000022,3200,800,0.11125,0.11125,0.1,0.3560696399998253,356,80,720,2844,0.11125,0.1,True,max_tpr_with_empirical_fpr_le_target,0.0109375,0.0109375,0.01,1.8596321495610715,35,8,792,3165,0.0109375,0.01,True,max_tpr_with_empirical_fpr_le_target,0.0,0.0,0.001,inf,0,0,800,3200,0.0,0.0,False,max_tpr_with_empirical_fpr_le_target,32,True,False,3.5243354420561133,3.488208124921214,0.89125,KIDNEY_STONE,RF,dp,4.0,8
0.503768359375,0.028124999999999956,3200,800,0.11,0.11,0.1,0.34104187486315496,352,80,720,2848,0.11,0.1,True,max_tpr_with_empirical_fpr_le_target,0.006875,0.006875,0.01,2.290054735413464,22,6,794,3178,0.006875,0.0075,True,max_tpr_with_empirical_fpr_le_target,0.0015625,0.0015625,0.001,2.8985150914096964,5,0,800,3195,0.0015625,0.0,False,max_tpr_with_empirical_fpr_le_target,32,True,False,3.400002570901898,3.3875387961448507,0.89125,KIDNEY_STONE,RF,dp,4.0,9
0.498615234375,0.01625,3200,800,0.1075,0.1075,0.1,0.3776383909950045,344,80,720,2856,0.1075,0.1,True,max_tpr_with_empirical_fpr_le_target,0.0159375,0.0159375,0.01,1.864644357981458,51,8,792,3149,0.0159375,0.01,True,max_tpr_with_empirical_fpr_le_target,0.0003125,0.0003125,0.001,3.5950692864240406,1,0,800,3199,0.0003125,0.0,False,max_tpr_with_empirical_fpr_le_target,32,True,False,3.373245856509177,3.3237601156162073,0.89125,KIDNEY_STONE,RF,dp,4.0,10
0.50013984375,0.018750000000000044,3200,800,0.09375,0.09375,0.1,0.40306104203606985,300,80,720,2900,0.09375,0.1,True,max_tpr_with_empirical_fpr_le_target,0.0084375,0.0084375,0.01,2.083354704305262,27,8,792,3173,0.0084375,0.01,True,max_tpr_with_empirical_fpr_le_target,0.0003125,0.0003125,0.001,3.815135284696147,1,0,800,3199,0.0003125,0.0,False,max_tpr_with_empirical_fpr_le_target,32,True,False,3.588764096565237,3.546599617660802,0.89125,KIDNEY_STONE,RF,dp,4.0,11
0.49307480468750003,0.011562500000000003,3200,800,0.1071875,0.1071875,0.1,0.37279203075087475,343,80,720,2857,0.1071875,0.1,True,max_tpr_with_empirical_fpr_le_target,0.0109375,0.0109375,0.01,1.7514961902762467,35,8,792,3165,0.0109375,0.01,True,max_tpr_with_empirical_fpr_le_target,0.0028125,0.0028125,0.001,2.7104139464444703,9,0,800,3191,0.0028125,0.0,False,max_tpr_with_empirical_fpr_le_target,32,True,False,3.5861180983966965,3.5522829968212144,0.89125,KIDNEY_STONE,RF,dp,4.0,12
0.49950585937499997,0.01968749999999997,3200,800,0.1034375,0.1034375,0.1,0.37718501741127053,331,80,720,2869,0.1034375,0.1,True,max_tpr_with_empirical_fpr_le_target,0.0140625,0.0140625,0.01,1.7279705892889083,45,8,792,3155,0.0140625,0.01,True,max_tpr_with_empirical_fpr_le_target,0.0003125,0.0003125,0.001,4.124926938187414,1,0,800,3199,0.0003125,0.0,False,max_tpr_with_empirical_fpr_le_target,32,True,False,3.3772258745337513,3.3775649674602515,0.89125,KIDNEY_STONE,RF,dp,4.0,13
0.5096890625,0.028750000000000053,3200,800,0.1103125,0.1103125,0.1,0.3681443389310384,353,80,720,2847,0.1103125,0.1,True,max_tpr_with_empirical_fpr_le_target,0.008125,0.008125,0.01,1.854834987114816,26,8,792,3174,0.008125,0.01,True,max_tpr_with_empirical_fpr_le_target,0.001875,0.001875,0.001,2.540162879643963,6,0,800,3194,0.001875,0.0,False,max_tpr_with_empirical_fpr_le_target,32,True,False,3.6486444418062094,3.6124163342456574,0.89125,KIDNEY_STONE,RF,dp,4.0,14
0.48536640625,0.009687500000000071,3200,800,0.0959375,0.0959375,0.1,0.4188447394488044,307,79,721,2893,0.0959375,0.09875,True,max_tpr_with_empirical_fpr_le_target,0.0071875,0.0071875,0.01,2.173092722303547,23,8,792,3177,0.0071875,0.01,True,max_tpr_with_empirical_fpr_le_target,0.0003125,0.0003125,0.001,3.9684104222407024,1,0,800,3199,0.0003125,0.0,False,max_tpr_with_empirical_fpr_le_target,32,True,False,3.433648972774041,3.396982979367494,0.89125,KIDNEY_STONE,RF,dp,4.0,15
0.498523046875,0.015937499999999938,3200,800,0.0953125,0.0953125,0.1,0.4054081535418046,305,80,720,2895,0.0953125,0.1,True,max_tpr_with_empirical_fpr_le_target,0.0115625,0.0115625,0.01,1.76498772074032,37,8,792,3163,0.0115625,0.01,True,max_tpr_with_empirical_fpr_le_target,0.000625,0.000625,0.001,2.620256678083156,2,0,800,3198,0.000625,0.0,False,max_tpr_with_empirical_fpr_le_target,32,True,False,3.6279395941219534,3.601165439582133,0.89125,KIDNEY_STONE,RF,dp,4.0,16
0.5123908203125,0.029374999999999984,3200,800,0.1190625,0.1190625,0.1,0.2955796294260997,381,79,721,2819,0.1190625,0.09875,True,max_tpr_with_empirical_fpr_le_target,0.0153125,0.0153125,0.01,1.7821928895808776,49,8,792,3151,0.0153125,0.01,True,max_tpr_with_empirical_fpr_le_target,0.00125,0.00125,0.001,2.8982800599983953,4,0,800,3196,0.00125,0.0,False,max_tpr_with_empirical_fpr_le_target,32,True,False,3.4964001616632823,3.4778414101833794,0.89125,KIDNEY_STONE,RF,dp,4.0,17
0.486990625,0.008125,3200,800,0.0971875,0.0971875,0.1,0.4076193891752675,311,80,720,2889,0.0971875,0.1,True,max_tpr_with_empirical_fpr_le_target,0.0090625,0.0090625,0.01,1.7795702254519266,29,8,792,3171,0.0090625,0.01,True,max_tpr_with_empirical_fpr_le_target,0.001875,0.001875,0.001,2.5869132438042595,6,0,800,3194,0.001875,0.0,False,max_tpr_with_empirical_fpr_le_target,32,True,False,3.6398594583885813,3.6304478632103216,0.89125,KIDNEY_STONE,RF,dp,4.0,18
0.477653125,0.0006249999999999867,3200,800,0.08125,0.08125,0.1,0.5020508727736122,260,80,720,2940,0.08125,0.1,True,max_tpr_with_empirical_fpr_le_target,0.0071875,0.0071875,0.01,2.0288264370590614,23,8,792,3177,0.0071875,0.01,True,max_tpr_with_empirical_fpr_le_target,0.0003125,0.0003125,0.001,3.3624008415275615,1,0,800,3199,0.0003125,0.0,False,max_tpr_with_empirical_fpr_le_target,32,True,False,3.6462426873374096,3.6038301744619305,0.89125,KIDNEY_STONE,RF,dp,4.0,19
0.498941015625,0.0234375,3200,800,0.090625,0.090625,0.1,0.43946547809605985,290,80,720,2910,0.090625,0.1,True,max_tpr_with_empirical_fpr_le_target,0.0134375,0.0134375,0.01,1.7586039188270606,43,8,792,3157,0.0134375,0.01,True,max_tpr_with_empirical_fpr_le_target,0.00125,0.00125,0.001,2.6334397750942196,4,0,800,3196,0.00125,0.0,False,max_tpr_with_empirical_fpr_le_target,32,True,False,3.608042976074734,3.5761528965798215,0.89125,KIDNEY_STONE,RF,dp,4.0,20
0.507884375,0.025000000000000022,3200,800,0.10875,0.10875,0.1,0.34991681925388196,348,80,720,2852,0.10875,0.1,True,max_tpr_with_empirical_fpr_le_target,0.01375,0.01375,0.01,2.006093014912972,44,7,793,3156,0.01375,0.00875,True,max_tpr_with_empirical_fpr_le_target,0.0,0.0,0.001,inf,0,0,800,3200,0.0,0.0,False,max_tpr_with_empirical_fpr_le_target,32,True,False,3.3971264808916426,3.3501300875193922,0.89125,KIDNEY_STONE,RF,dp,4.0,21
0.503510546875,0.017812499999999898,3200,800,0.101875,0.101875,0.1,0.39476193838109097,326,78,722,2874,0.101875,0.0975,True,max_tpr_with_empirical_fpr_le_target,0.019375,0.019375,0.01,1.6190850601712503,62,8,792,3138,0.019375,0.01,True,max_tpr_with_empirical_fpr_le_target,0.001875,0.001875,0.001,2.9995169640641324,6,0,800,3194,0.001875,0.0,False,max_tpr_with_empirical_fpr_le_target,32,True,False,3.5787451427123207,3.51643949438716,0.89125,KIDNEY_STONE,RF,dp,4.0,22
0.503249609375,0.022500000000000075,3200,800,0.1115625,0.1115625,0.1,0.3613398016338345,357,80,720,2843,0.1115625,0.1,True,max_tpr_with_empirical_fpr_le_target,0.0125,0.0125,0.01,1.5531145399895854,40,8,792,3160,0.0125,0.01,True,max_tpr_with_empirical_fpr_le_target,0.004375,0.004375,0.001,2.153884313457154,14,0,800,3186,0.004375,0.0,False,max_tpr_with_empirical_fpr_le_target,32,True,False,3.694981282368935,3.6729089966574913,0.89125,KIDNEY_STONE,RF,dp,4.0,23
0.527178125,0.044375,3200,800,0.128125,0.128125,0.1,0.32611358012328084,410,80,720,2790,0.128125,0.1,True,max_tpr_with_empirical_fpr_le_target,0.0096875,0.0096875,0.01,1.9245803754605388,31,8,792,3169,0.0096875,0.01,True,max_tpr_with_empirical_fpr_le_target,0.000625,0.000625,0.001,2.9724445956239967,2,0,800,3198,0.000625,0.0,False,max_tpr_with_empirical_fpr_le_target,32,True,False,3.586086875741826,3.5723852225685717,0.89125,KIDNEY_STONE,RF,dp,4.0,24
0.5054546875,0.0390625,3200,800,0.1059375,0.1059375,0.1,0.32721161628246787,339,80,720,2861,0.1059375,0.1,True,max_tpr_with_empirical_fpr_le_target,0.0090625,0.0090625,0.01,1.9218067705315711,29,8,792,3171,0.0090625,0.01,True,max_tpr_with_empirical_fpr_le_target,0.0021875,0.0021875,0.001,2.7796921466155586,7,0,800,3193,0.0021875,0.0,False,max_tpr_with_empirical_fpr_le_target,32,True,False,3.4032507808452617,3.3967113330378202,0.89125,KIDNEY_STONE,RF,dp,4.0,25
0.49482773437499994,0.020625000000000004,3200,800,0.1075,0.1075,0.1,0.32465992427984824,344,80,720,2856,0.1075,0.1,True,max_tpr_with_empirical_fpr_le_target,0.01,0.01,0.01,2.094619463907005,32,8,792,3168,0.01,0.01,True,max_tpr_with_empirical_fpr_le_target,0.0,0.0,0.001,inf,0,0,800,3200,0.0,0.0,False,max_tpr_with_empirical_fpr_le_target,32,True,False,3.411173747179649,3.3648529035983015,0.89125,KIDNEY_STONE,RF,dp,4.0,26
0.50172265625,0.018437499999999996,3200,800,0.105625,0.105625,0.1,0.33059429890452385,338,80,720,2862,0.105625,0.1,True,max_tpr_with_empirical_fpr_le_target,0.010625,0.010625,0.01,2.0839845079512784,34,8,792,3166,0.010625,0.01,True,max_tpr_with_empirical_fpr_le_target,0.0,0.0,0.001,inf,0,0,800,3200,0.0,0.0,False,max_tpr_with_empirical_fpr_le_target,32,True,False,3.333815232701216,3.3375634987687532,0.89125,KIDNEY_STONE,RF,dp,4.0,27
0.5046480468750001,0.025000000000000022,3200,800,0.111875,0.111875,0.1,0.30516189856340104,358,80,720,2842,0.111875,0.1,True,max_tpr_with_empirical_fpr_le_target,0.0059375,0.0059375,0.01,2.0761448571267227,19,8,792,3181,0.0059375,0.01,True,max_tpr_with_empirical_fpr_le_target,0.0003125,0.0003125,0.001,3.0144292127578654,1,0,800,3199,0.0003125,0.0,False,max_tpr_with_empirical_fpr_le_target,32,True,False,3.4671751240161828,3.4493782237872743,0.89125,KIDNEY_STONE,RF,dp,4.0,28
0.50621328125,0.029374999999999984,3200,800,0.1040625,0.1040625,0.1,0.3522529354578907,333,80,720,2867,0.1040625,0.1,True,max_tpr_with_empirical_fpr_le_target,0.008125,0.008125,0.01,2.5384675046613516,26,8,792,3174,0.008125,0.01,True,max_tpr_with_empirical_fpr_le_target,0.0009375,0.0009375,0.001,3.5223271313404467,3,0,800,3197,0.0009375,0.0,False,max_tpr_with_empirical_fpr_le_target,32,True,False,3.2154302332514884,3.19661484286193,0.89125,KIDNEY_STONE,RF,dp,4.0,29
0.500435546875,0.021562499999999984,3200,800,0.1065625,0.1065625,0.1,0.3108297292068687,341,80,720,2859,0.1065625,0.1,True,max_tpr_with_empirical_fpr_le_target,0.015,0.015,0.01,1.816931746412962,48,7,793,3152,0.015,0.00875,True,max_tpr_with_empirical_fpr_le_target,0.0,0.0,0.001,inf,0,0,800,3200,0.0,0.0,False,max_tpr_with_empirical_fpr_le_target,32,True,False,3.4720565145516353,3.436111024898618,0.89125,KIDNEY_STONE,RF,dp,8.0,0
0.47584531249999995,0.0031249999999999993,3200,800,0.0846875,0.0846875,0.1,0.4525296604561113,271,80,720,2929,0.0846875,0.1,True,max_tpr_with_empirical_fpr_le_target,0.0090625,0.0090625,0.01,2.3246593397672717,29,5,795,3171,0.0090625,0.00625,True,max_tpr_with_empirical_fpr_le_target,0.001875,0.001875,0.001,3.4736794392635053,6,0,800,3194,0.001875,0.0,False,max_tpr_with_empirical_fpr_le_target,32,True,False,3.302870029178693,3.258855722616721,0.89125,KIDNEY_STONE,RF,dp,8.0,1
0.4994078125,0.025937500000000002,3200,800,0.123125,0.123125,0.1,0.2860312093100452,394,78,722,2806,0.123125,0.0975,True,max_tpr_with_empirical_fpr_le_target,0.0128125,0.0128125,0.01,2.0469295381567107,41,7,793,3159,0.0128125,0.00875,True,max_tpr_with_empirical_fpr_le_target,0.0025,0.0025,0.001,2.8963701880863564,8,0,800,3192,0.0025,0.0,False,max_tpr_with_empirical_fpr_le_target,32,True,False,3.375780352204013,3.3651959304066548,0.89125,KIDNEY_STONE,RF,dp,8.0,2
0.49730351562499997,0.019687499999999997,3200,800,0.099375,0.099375,0.1,0.3805839320442619,318,80,720,2882,0.099375,0.1,True,max_tpr_with_empirical_fpr_le_target,0.008125,0.008125,0.01,2.3548111365639866,26,8,792,3174,0.008125,0.01,True,max_tpr_with_empirical_fpr_le_target,0.0,0.0,0.001,inf,0,0,800,3200,0.0,0.0,False,max_tpr_with_empirical_fpr_le_target,32,True,False,3.25281417327278,3.234938136677273,0.89125,KIDNEY_STONE,RF,dp,8.0,3
0.4961484375,0.0246875,3200,800,0.1084375,0.1084375,0.1,0.3366652085251416,347,80,720,2853,0.1084375,0.1,True,max_tpr_with_empirical_fpr_le_target,0.015,0.015,0.01,1.9082642378717622,48,8,792,3152,0.015,0.01,True,max_tpr_with_empirical_fpr_le_target,0.0,0.0,0.001,inf,0,0,800,3200,0.0,0.0,False,max_tpr_with_empirical_fpr_le_target,32,True,False,3.282740113488423,3.2351234483141105,0.89125,KIDNEY_STONE,RF,dp,8.0,4
0.50256171875,0.027187499999999976,3200,800,0.11125,0.11125,0.1,0.3119132364628072,356,80,720,2844,0.11125,0.1,True,max_tpr_with_empirical_fpr_le_target,0.0134375,0.0134375,0.01,1.9003469234919788,43,8,792,3157,0.0134375,0.01,True,max_tpr_with_empirical_fpr_le_target,0.0003125,0.0003125,0.001,3.9587946460319596,1,0,800,3199,0.0003125,0.0,False,max_tpr_with_empirical_fpr_le_target,32,True,False,3.2957281330348773,3.2806949956032048,0.89125,KIDNEY_STONE,RF,dp,8.0,5
0.506616015625,0.02562500000000001,3200,800,0.11,0.11,0.1,0.3507757525806263,352,80,720,2848,0.11,0.1,True,max_tpr_with_empirical_fpr_le_target,0.0134375,0.0134375,0.01,1.6945365196694917,43,8,792,3157,0.0134375,0.01,True,max_tpr_with_empirical_fpr_le_target,0.003125,0.003125,0.001,2.6174972654669784,10,0,800,3190,0.003125,0.0,False,max_tpr_with_empirical_fpr_le_target,32,True,False,3.488117670519984,3.4832567778140486,0.89125,KIDNEY_STONE,RF,dp,8.0,6
0.5068167968749999,0.023749999999999938,3200,800,0.1096875,0.1096875,0.1,0.36794990721564114,351,80,720,2849,0.1096875,0.1,True,max_tpr_with_empirical_fpr_le_target,0.0146875,0.0146875,0.01,1.5074737971564547,47,8,792,3153,0.0146875,0.01,True,max_tpr_with_empirical_fpr_le_target,0.004375,0.004375,0.001,2.3472938524131335,14,0,800,3186,0.004375,0.0,False,max_tpr_with_empirical_fpr_le_target,32,True,False,3.61509838041877,3.595379124209893,0.89125,KIDNEY_STONE,RF,dp,8.0,7
0.50384609375,0.028437500000000004,3200,800,0.11375,0.11375,0.1,0.35129252600429606,364,80,720,2836,0.11375,0.1,True,max_tpr_with_empirical_fpr_le_target,0.010625,0.010625,0.01,1.8576364943090855,34,8,792,3166,0.010625,0.01,True,max_tpr_with_empirical_fpr_le_target,0.0,0.0,0.001,inf,0,0,800,3200,0.0,0.0,False,max_tpr_with_empirical_fpr_le_target,32,True,False,3.5234818682338913,3.4890565456043516,0.89125,KIDNEY_STONE,RF,dp,8.0,8
0.5078859375,0.03156249999999994,3200,800,0.1090625,0.1090625,0.1,0.33934112288645935,349,80,720,2851,0.1090625,0.1,True,max_tpr_with_empirical_fpr_le_target,0.0078125,0.0078125,0.01,2.214447638556779,25,8,792,3175,0.0078125,0.01,True,max_tpr_with_empirical_fpr_le_target,0.0015625,0.0015625,0.001,2.8959997104907043,5,0,800,3195,0.0015625,0.0,False,max_tpr_with_empirical_fpr_le_target,32,True,False,3.4075067050902037,3.3910920183380924,0.89125,KIDNEY_STONE,RF,dp,8.0,9
0.499166015625,0.013749999999999929,3200,800,0.105625,0.105625,0.1,0.3773306060627726,338,80,720,2862,0.105625,0.1,True,max_tpr_with_empirical_fpr_le_target,0.0115625,0.0115625,0.01,2.0513506210109167,37,6,794,3163,0.0115625,0.0075,True,max_tpr_with_empirical_fpr_le_target,0.0015625,0.0015625,0.001,3.1252555745068102,5,0,800,3195,0.0015625,0.0,False,max_tpr_with_empirical_fpr_le_target,32,True,False,3.37432950719672,3.322737301572808,0.89125,KIDNEY_STONE,RF,dp,8.0,10
0.49850390624999996,0.019375000000000003,3200,800,0.098125,0.098125,0.1,0.38838272007910124,314,80,720,2886,0.098125,0.1,True,max_tpr_with_empirical_fpr_le_target,0.0084375,0.0084375,0.01,2.029015292317081,27,8,792,3173,0.0084375,0.01,True,max_tpr_with_empirical_fpr_le_target,0.0003125,0.0003125,0.001,3.7937444698797043,1,0,800,3199,0.0003125,0.0,False,max_tpr_with_empirical_fpr_le_target,32,True,False,3.5949013322449597,3.556521802477326,0.89125,KIDNEY_STONE,RF,dp,8.0,11
0.49229921875,0.01187500000000001,3200,800,0.106875,0.106875,0.1,0.370251055945638,342,80,720,2858,0.106875,0.1,True,max_tpr_with_empirical_fpr_le_target,0.013125,0.013125,0.01,1.6934584937121864,42,8,792,3158,0.013125,0.01,True,max_tpr_with_empirical_fpr_le_target,0.003125,0.003125,0.001,2.6864294152574457,10,0,800,3190,0.003125,0.0,False,max_tpr_with_empirical_fpr_le_target,32,True,False,3.5814287938946663,3.549505850399791,0.89125,KIDNEY_STONE,RF,dp,8.0,12
0.5000949218749999,0.01843750000000005,3200,800,0.108125,0.108125,0.1,0.37288271369730897,346,80,720,2854,0.108125,0.1,True,max_tpr_with_empirical_fpr_le_target,0.013125,0.013125,0.01,1.6794385429302991,42,7,793,3158,0.013125,0.00875,True,max_tpr_with_empirical_fpr_le_target,0.0,0.0,0.001,inf,0,0,800,3200,0.0,0.0,False,max_tpr_with_empirical_fpr_le_target,32,True,False,3.4300115369909085,3.4275690277138535,0.89125,KIDNEY_STONE,RF,dp,8.0,13
0.5089054687500001,0.024375000000000036,3200,800,0.1084375,0.1084375,0.1,0.376980094471568,347,80,720,2853,0.1084375,0.1,True,max_tpr_with_empirical_fpr_le_target,0.008125,0.008125,0.01,1.8599368863901873,26,8,792,3174,0.008125,0.01,True,max_tpr_with_empirical_fpr_le_target,0.0021875,0.0021875,0.001,2.547797139549506,7,0,800,3193,0.0021875,0.0,False,max_tpr_with_empirical_fpr_le_target,32,True,False,3.6478712210613984,3.607336151007687,0.89125,KIDNEY_STONE,RF,dp,8.0,14
0.489854296875,0.013437499999999991,3200,800,0.093125,0.093125,0.1,0.4456993716897162,298,80,720,2902,0.093125,0.1,True,max_tpr_with_empirical_fpr_le_target,0.0078125,0.0078125,0.01,2.138335881267934,25,8,792,3175,0.0078125,0.01,True,max_tpr_with_empirical_fpr_le_target,0.0009375,0.0009375,0.001,3.511726218313531,3,0,800,3197,0.0009375,0.0,False,max_tpr_with_empirical_fpr_le_target,32,True,False,3.444564629769261,3.415034913494389,0.89125,KIDNEY_STONE,RF,dp,8.0,15
0.49231796875,0.013125000000000053,3200,800,0.09375,0.09375,0.1,0.4170084039526545,300,80,720,2900,0.09375,0.1,True,max_tpr_with_empirical_fpr_le_target,0.014375,0.014375,0.01,1.6333007052621489,46,8,792,3154,0.014375,0.01,True,max_tpr_with_empirical_fpr_le_target,0.0003125,0.0003125,0.001,3.2389965007041237,1,0,800,3199,0.0003125,0.0,False,max_tpr_with_empirical_fpr_le_target,32,True,False,3.622659170122761,3.5948893099695933,0.89125,KIDNEY_STONE,RF,dp,8.0,16
0.5151109375,0.03125,3200,800,0.1234375,0.1234375,0.1,0.2818726694979721,395,80,720,2805,0.1234375,0.1,True,max_tpr_with_empirical_fpr_le_target,0.0159375,0.0159375,0.01,1.7352910055501374,51,8,792,3149,0.0159375,0.01,True,max_tpr_with_empirical_fpr_le_target,0.0015625,0.0015625,0.001,3.059733361151297,5,0,800,3195,0.0015625,0.0,False,max_tpr_with_empirical_fpr_le_target,32,True,False,3.509966417063113,3.490907573236815,0.89125,KIDNEY_STONE,RF,dp,8.0,17
0.491315234375,0.010624999999999996,3200,800,0.1046875,0.1046875,0.1,0.3846805500593309,335,80,720,2865,0.1046875,0.1,True,max_tpr_with_empirical_fpr_le_target,0.0159375,0.0159375,0.01,1.5695642580776425,51,8,792,3149,0.0159375,0.01,True,max_tpr_with_empirical_fpr_le_target,0.0015625,0.0015625,0.001,2.5128615644299854,5,0,800,3195,0.0015625,0.0,False,max_tpr_with_empirical_fpr_le_target,32,True,False,3.671563854473853,3.654720024843262,0.89125,KIDNEY_STONE,RF,dp,8.0,18
0.47761757812500005,0.0015625000000000222,3200,800,0.081875,0.081875,0.1,0.5010424921490717,262,80,720,2938,0.081875,0.1,True,max_tpr_with_empirical_fpr_le_target,0.0065625,0.0065625,0.01,2.0396183139801796,21,8,792,3179,0.0065625,0.01,True,max_tpr_with_empirical_fpr_le_target,0.0003125,0.0003125,0.001,3.356105331290049,1,0,800,3199,0.0003125,0.0,False,max_tpr_with_empirical_fpr_le_target,32,True,False,3.6498306382506374,3.607228986788573,0.89125,KIDNEY_STONE,RF,dp,8.0,19
0.49803046875,0.020000000000000018,3200,800,0.0896875,0.0896875,0.1,0.4567476047937067,287,80,720,2913,0.0896875,0.1,True,max_tpr_with_empirical_fpr_le_target,0.015,0.015,0.01,1.657879928469927,48,8,792,3152,0.015,0.01,True,max_tpr_with_empirical_fpr_le_target,0.0009375,0.0009375,0.001,2.6601464938466783,3,0,800,3197,0.0009375,0.0,False,max_tpr_with_empirical_fpr_le_target,32,True,False,3.6098104601369028,3.5811904788781592,0.89125,KIDNEY_STONE,RF,dp,8.0,20
0.506722265625,0.024062499999999987,3200,800,0.1090625,0.1090625,0.1,0.3502322182302695,349,80,720,2851,0.1090625,0.1,True,max_tpr_with_empirical_fpr_le_target,0.013125,0.013125,0.01,2.0209350895413003,42,7,793,3158,0.013125,0.00875,True,max_tpr_with_empirical_fpr_le_target,0.0,0.0,0.001,inf,0,0,800,3200,0.0,0.0,False,max_tpr_with_empirical_fpr_le_target,32,True,False,3.4075440800988193,3.358729854661741,0.89125,KIDNEY_STONE,RF,dp,8.0,21
0.504378515625,0.01968750000000008,3200,800,0.1034375,0.1034375,0.1,0.3928054661323732,331,80,720,2869,0.1034375,0.1,True,max_tpr_with_empirical_fpr_le_target,0.0203125,0.0203125,0.01,1.563003470701723,65,8,792,3135,0.0203125,0.01,True,max_tpr_with_empirical_fpr_le_target,0.0015625,0.0015625,0.001,2.986332194166584,5,0,800,3195,0.0015625,0.0,False,max_tpr_with_empirical_fpr_le_target,32,True,False,3.58262390529614,3.5226268818206115,0.89125,KIDNEY_STONE,RF,dp,8.0,22
0.5022884765625,0.01968749999999997,3200,800,0.11125,0.11125,0.1,0.3632689750891247,356,80,720,2844,0.11125,0.1,True,max_tpr_with_empirical_fpr_le_target,0.0125,0.0125,0.01,1.5409702109189976,40,8,792,3160,0.0125,0.01,True,max_tpr_with_empirical_fpr_le_target,0.001875,0.001875,0.001,2.43705195720558,6,0,800,3194,0.001875,0.0,False,max_tpr_with_empirical_fpr_le_target,32,True,False,3.6994094133353803,3.6793602222394886,0.89125,KIDNEY_STONE,RF,dp,8.0,23
0.52543984375,0.04437500000000005,3200,800,0.129375,0.129375,0.1,0.3248575979171271,414,80,720,2786,0.129375,0.1,True,max_tpr_with_empirical_fpr_le_target,0.0096875,0.0096875,0.01,1.9279003136104667,31,7,793,3169,0.0096875,0.00875,True,max_tpr_with_empirical_fpr_le_target,0.000625,0.000625,0.001,2.9775528335145687,2,0,800,3198,0.000625,0.0,False,max_tpr_with_empirical_fpr_le_target,32,True,False,3.5830434940343876,3.569335109536806,0.89125,KIDNEY_STONE,RF,dp,8.0,24
0.504167578125,0.0390625,3200,800,0.1059375,0.1059375,0.1,0.32727482512492223,339,80,720,2861,0.1059375,0.1,True,max_tpr_with_empirical_fpr_le_target,0.009375,0.009375,0.01,1.9157998638421612,30,8,792,3170,0.009375,0.01,True,max_tpr_with_empirical_fpr_le_target,0.0021875,0.0021875,0.001,2.7697101899427654,7,0,800,3193,0.0021875,0.0,False,max_tpr_with_empirical_fpr_le_target,32,True,False,3.402672904620014,3.394079072022069,0.89125,KIDNEY_STONE,RF,dp,8.0,25
0.49292734375,0.017812499999999995,3200,800,0.1084375,0.1084375,0.1,0.32181063584220393,347,80,720,2853,0.1084375,0.1,True,max_tpr_with_empirical_fpr_le_target,0.010625,0.010625,0.01,2.1175834737652517,34,8,792,3166,0.010625,0.01,True,max_tpr_with_empirical_fpr_le_target,0.0,0.0,0.001,inf,0,0,800,3200,0.0,0.0,False,max_tpr_with_empirical_fpr_le_target,32,True,False,3.3979317898510155,3.349832591442095,0.89125,KIDNEY_STONE,RF,dp,8.0,26
0.50336875,0.022187500000000027,3200,800,0.103125,0.103125,0.1,0.33764133014440656,330,80,720,2870,0.103125,0.1,True,max_tpr_with_empirical_fpr_le_target,0.0096875,0.0096875,0.01,2.0771137031525626,31,8,792,3169,0.0096875,0.01,True,max_tpr_with_empirical_fpr_le_target,0.0,0.0,0.001,inf,0,0,800,3200,0.0,0.0,False,max_tpr_with_empirical_fpr_le_target,32,True,False,3.331771460808776,3.339051989611786,0.89125,KIDNEY_STONE,RF,dp,8.0,27
0.500076953125,0.021874999999999978,3200,800,0.10875,0.10875,0.1,0.3250414432813047,348,79,721,2852,0.10875,0.09875,True,max_tpr_with_empirical_fpr_le_target,0.0053125,0.0053125,0.01,2.0821066355693505,17,8,792,3183,0.0053125,0.01,True,max_tpr_with_empirical_fpr_le_target,0.0003125,0.0003125,0.001,3.019558827083773,1,0,800,3199,0.0003125,0.0,False,max_tpr_with_empirical_fpr_le_target,32,True,False,3.4661245913958987,3.4472145634714217,0.89125,KIDNEY_STONE,RF,dp,8.0,28
0.503980859375,0.026562500000000044,3200,800,0.1034375,0.1034375,0.1,0.35737739962460324,331,80,720,2869,0.1034375,0.1,True,max_tpr_with_empirical_fpr_le_target,0.0078125,0.0078125,0.01,2.511497615057931,25,8,792,3175,0.0078125,0.01,True,max_tpr_with_empirical_fpr_le_target,0.0009375,0.0009375,0.001,3.4882785420788562,3,0,800,3197,0.0009375,0.0,False,max_tpr_with_empirical_fpr_le_target,32,True,False,3.2264092527804324,3.210843832232556,0.89125,KIDNEY_STONE,RF,dp,8.0,29
0.500435546875,0.021562499999999984,3200,800,0.1065625,0.1065625,0.1,0.3108297292068687,341,80,720,2859,0.1065625,0.1,True,max_tpr_with_empirical_fpr_le_target,0.015,0.015,0.01,1.816931746412962,48,7,793,3152,0.015,0.00875,True,max_tpr_with_empirical_fpr_le_target,0.0,0.0,0.001,inf,0,0,800,3200,0.0,0.0,False,max_tpr_with_empirical_fpr_le_target,32,True,False,3.4720565145516353,3.436111024898618,0.89125,KIDNEY_STONE,RF,dp,10.0,0
0.47584531249999995,0.0031249999999999993,3200,800,0.0846875,0.0846875,0.1,0.4525296604561113,271,80,720,2929,0.0846875,0.1,True,max_tpr_with_empirical_fpr_le_target,0.0090625,0.0090625,0.01,2.3246593397672717,29,5,795,3171,0.0090625,0.00625,True,max_tpr_with_empirical_fpr_le_target,0.001875,0.001875,0.001,3.4736794392635053,6,0,800,3194,0.001875,0.0,False,max_tpr_with_empirical_fpr_le_target,32,True,False,3.302870029178693,3.258855722616721,0.89125,KIDNEY_STONE,RF,dp,10.0,1
0.4994078125,0.025937500000000002,3200,800,0.123125,0.123125,0.1,0.2860312093100452,394,78,722,2806,0.123125,0.0975,True,max_tpr_with_empirical_fpr_le_target,0.0128125,0.0128125,0.01,2.0469295381567107,41,7,793,3159,0.0128125,0.00875,True,max_tpr_with_empirical_fpr_le_target,0.0025,0.0025,0.001,2.8963701880863564,8,0,800,3192,0.0025,0.0,False,max_tpr_with_empirical_fpr_le_target,32,True,False,3.375780352204013,3.3651959304066548,0.89125,KIDNEY_STONE,RF,dp,10.0,2
0.49730351562499997,0.019687499999999997,3200,800,0.099375,0.099375,0.1,0.3805839320442619,318,80,720,2882,0.099375,0.1,True,max_tpr_with_empirical_fpr_le_target,0.008125,0.008125,0.01,2.3548111365639866,26,8,792,3174,0.008125,0.01,True,max_tpr_with_empirical_fpr_le_target,0.0,0.0,0.001,inf,0,0,800,3200,0.0,0.0,False,max_tpr_with_empirical_fpr_le_target,32,True,False,3.25281417327278,3.234938136677273,0.89125,KIDNEY_STONE,RF,dp,10.0,3
0.4961484375,0.0246875,3200,800,0.1084375,0.1084375,0.1,0.3366652085251416,347,80,720,2853,0.1084375,0.1,True,max_tpr_with_empirical_fpr_le_target,0.015,0.015,0.01,1.9082642378717622,48,8,792,3152,0.015,0.01,True,max_tpr_with_empirical_fpr_le_target,0.0,0.0,0.001,inf,0,0,800,3200,0.0,0.0,False,max_tpr_with_empirical_fpr_le_target,32,True,False,3.282740113488423,3.2351234483141105,0.89125,KIDNEY_STONE,RF,dp,10.0,4
0.5024875000000001,0.02749999999999997,3200,800,0.11125,0.11125,0.1,0.31195634257348326,356,80,720,2844,0.11125,0.1,True,max_tpr_with_empirical_fpr_le_target,0.0134375,0.0134375,0.01,1.9007014526338137,43,8,792,3157,0.0134375,0.01,True,max_tpr_with_empirical_fpr_le_target,0.0003125,0.0003125,0.001,3.959451326943947,1,0,800,3199,0.0003125,0.0,False,max_tpr_with_empirical_fpr_le_target,32,True,False,3.29549969284273,3.2804366650760977,0.89125,KIDNEY_STONE,RF,dp,10.0,5
0.506616015625,0.02562500000000001,3200,800,0.11,0.11,0.1,0.3507757525806263,352,80,720,2848,0.11,0.1,True,max_tpr_with_empirical_fpr_le_target,0.0134375,0.0134375,0.01,1.6945365196694917,43,8,792,3157,0.0134375,0.01,True,max_tpr_with_empirical_fpr_le_target,0.003125,0.003125,0.001,2.6174972654669784,10,0,800,3190,0.003125,0.0,False,max_tpr_with_empirical_fpr_le_target,32,True,False,3.488117670519984,3.4832567778140486,0.89125,KIDNEY_STONE,RF,dp,10.0,6
0.5068167968749999,0.023749999999999938,3200,800,0.1096875,0.1096875,0.1,0.36794990721564114,351,80,720,2849,0.1096875,0.1,True,max_tpr_with_empirical_fpr_le_target,0.0146875,0.0146875,0.01,1.5074737971564547,47,8,792,3153,0.0146875,0.01,True,max_tpr_with_empirical_fpr_le_target,0.004375,0.004375,0.001,2.3472938524131335,14,0,800,3186,0.004375,0.0,False,max_tpr_with_empirical_fpr_le_target,32,True,False,3.61509838041877,3.595379124209893,0.89125,KIDNEY_STONE,RF,dp,10.0,7
0.504205859375,0.02718750000000003,3200,800,0.1140625,0.1140625,0.1,0.35068230599049155,365,80,720,2835,0.1140625,0.1,True,max_tpr_with_empirical_fpr_le_target,0.010625,0.010625,0.01,1.8581919544382766,34,8,792,3166,0.010625,0.01,True,max_tpr_with_empirical_fpr_le_target,0.0,0.0,0.001,inf,0,0,800,3200,0.0,0.0,False,max_tpr_with_empirical_fpr_le_target,32,True,False,3.5235437212746374,3.4887551611177363,0.89125,KIDNEY_STONE,RF,dp,10.0,8
0.5078859375,0.03156249999999994,3200,800,0.1090625,0.1090625,0.1,0.33934112288645935,349,80,720,2851,0.1090625,0.1,True,max_tpr_with_empirical_fpr_le_target,0.0078125,0.0078125,0.01,2.214447638556779,25,8,792,3175,0.0078125,0.01,True,max_tpr_with_empirical_fpr_le_target,0.0015625,0.0015625,0.001,2.8959997104907043,5,0,800,3195,0.0015625,0.0,False,max_tpr_with_empirical_fpr_le_target,32,True,False,3.4075067050902037,3.3910920183380924,0.89125,KIDNEY_STONE,RF,dp,10.0,9
0.499166015625,0.013749999999999929,3200,800,0.105625,0.105625,0.1,0.3773306060627726,338,80,720,2862,0.105625,0.1,True,max_tpr_with_empirical_fpr_le_target,0.0115625,0.0115625,0.01,2.0513506210109167,37,6,794,3163,0.0115625,0.0075,True,max_tpr_with_empirical_fpr_le_target,0.0015625,0.0015625,0.001,3.1252555745068102,5,0,800,3195,0.0015625,0.0,False,max_tpr_with_empirical_fpr_le_target,32,True,False,3.37432950719672,3.322737301572808,0.89125,KIDNEY_STONE,RF,dp,10.0,10
0.49850390624999996,0.019375000000000003,3200,800,0.098125,0.098125,0.1,0.38838272007910124,314,80,720,2886,0.098125,0.1,True,max_tpr_with_empirical_fpr_le_target,0.0084375,0.0084375,0.01,2.029015292317081,27,8,792,3173,0.0084375,0.01,True,max_tpr_with_empirical_fpr_le_target,0.0003125,0.0003125,0.001,3.7937444698797043,1,0,800,3199,0.0003125,0.0,False,max_tpr_with_empirical_fpr_le_target,32,True,False,3.5949013322449597,3.556521802477326,0.89125,KIDNEY_STONE,RF,dp,10.0,11
0.49229921875,0.01187500000000001,3200,800,0.106875,0.106875,0.1,0.370251055945638,342,80,720,2858,0.106875,0.1,True,max_tpr_with_empirical_fpr_le_target,0.013125,0.013125,0.01,1.6934584937121864,42,8,792,3158,0.013125,0.01,True,max_tpr_with_empirical_fpr_le_target,0.003125,0.003125,0.001,2.6864294152574457,10,0,800,3190,0.003125,0.0,False,max_tpr_with_empirical_fpr_le_target,32,True,False,3.5814287938946663,3.549505850399791,0.89125,KIDNEY_STONE,RF,dp,10.0,12
0.5000949218749999,0.01843750000000005,3200,800,0.108125,0.108125,0.1,0.37288271369730897,346,80,720,2854,0.108125,0.1,True,max_tpr_with_empirical_fpr_le_target,0.013125,0.013125,0.01,1.6794385429302991,42,7,793,3158,0.013125,0.00875,True,max_tpr_with_empirical_fpr_le_target,0.0,0.0,0.001,inf,0,0,800,3200,0.0,0.0,False,max_tpr_with_empirical_fpr_le_target,32,True,False,3.4300115369909085,3.4275690277138535,0.89125,KIDNEY_STONE,RF,dp,10.0,13
0.5089054687500001,0.024375000000000036,3200,800,0.1084375,0.1084375,0.1,0.376980094471568,347,80,720,2853,0.1084375,0.1,True,max_tpr_with_empirical_fpr_le_target,0.008125,0.008125,0.01,1.8599368863901873,26,8,792,3174,0.008125,0.01,True,max_tpr_with_empirical_fpr_le_target,0.0021875,0.0021875,0.001,2.547797139549506,7,0,800,3193,0.0021875,0.0,False,max_tpr_with_empirical_fpr_le_target,32,True,False,3.6478712210613984,3.607336151007687,0.89125,KIDNEY_STONE,RF,dp,10.0,14
0.489854296875,0.013437499999999991,3200,800,0.093125,0.093125,0.1,0.4456993716897162,298,80,720,2902,0.093125,0.1,True,max_tpr_with_empirical_fpr_le_target,0.0078125,0.0078125,0.01,2.138335881267934,25,8,792,3175,0.0078125,0.01,True,max_tpr_with_empirical_fpr_le_target,0.0009375,0.0009375,0.001,3.511726218313531,3,0,800,3197,0.0009375,0.0,False,max_tpr_with_empirical_fpr_le_target,32,True,False,3.444564629769261,3.415034913494389,0.89125,KIDNEY_STONE,RF,dp,10.0,15
0.49231796875,0.013125000000000053,3200,800,0.09375,0.09375,0.1,0.4170084039526545,300,80,720,2900,0.09375,0.1,True,max_tpr_with_empirical_fpr_le_target,0.014375,0.014375,0.01,1.6333007052621489,46,8,792,3154,0.014375,0.01,True,max_tpr_with_empirical_fpr_le_target,0.0003125,0.0003125,0.001,3.2389965007041237,1,0,800,3199,0.0003125,0.0,False,max_tpr_with_empirical_fpr_le_target,32,True,False,3.622659170122761,3.5948893099695933,0.89125,KIDNEY_STONE,RF,dp,10.0,16
0.5151109375,0.03125,3200,800,0.1234375,0.1234375,0.1,0.2818726694979721,395,80,720,2805,0.1234375,0.1,True,max_tpr_with_empirical_fpr_le_target,0.0159375,0.0159375,0.01,1.7352910055501374,51,8,792,3149,0.0159375,0.01,True,max_tpr_with_empirical_fpr_le_target,0.0015625,0.0015625,0.001,3.059733361151297,5,0,800,3195,0.0015625,0.0,False,max_tpr_with_empirical_fpr_le_target,32,True,False,3.509966417063113,3.490907573236815,0.89125,KIDNEY_STONE,RF,dp,10.0,17
0.491315234375,0.010624999999999996,3200,800,0.1046875,0.1046875,0.1,0.3846805500593309,335,80,720,2865,0.1046875,0.1,True,max_tpr_with_empirical_fpr_le_target,0.0159375,0.0159375,0.01,1.5695642580776425,51,8,792,3149,0.0159375,0.01,True,max_tpr_with_empirical_fpr_le_target,0.0015625,0.0015625,0.001,2.5128615644299854,5,0,800,3195,0.0015625,0.0,False,max_tpr_with_empirical_fpr_le_target,32,True,False,3.671563854473853,3.654720024843262,0.89125,KIDNEY_STONE,RF,dp,10.0,18
0.47761757812500005,0.0015625000000000222,3200,800,0.081875,0.081875,0.1,0.5010424921490717,262,80,720,2938,0.081875,0.1,True,max_tpr_with_empirical_fpr_le_target,0.0065625,0.0065625,0.01,2.0396183139801796,21,8,792,3179,0.0065625,0.01,True,max_tpr_with_empirical_fpr_le_target,0.0003125,0.0003125,0.001,3.356105331290049,1,0,800,3199,0.0003125,0.0,False,max_tpr_with_empirical_fpr_le_target,32,True,False,3.6498306382506374,3.607228986788573,0.89125,KIDNEY_STONE,RF,dp,10.0,19
0.49803046875,0.020000000000000018,3200,800,0.0896875,0.0896875,0.1,0.4567476047937067,287,80,720,2913,0.0896875,0.1,True,max_tpr_with_empirical_fpr_le_target,0.015,0.015,0.01,1.657879928469927,48,8,792,3152,0.015,0.01,True,max_tpr_with_empirical_fpr_le_target,0.0009375,0.0009375,0.001,2.6601464938466783,3,0,800,3197,0.0009375,0.0,False,max_tpr_with_empirical_fpr_le_target,32,True,False,3.6098104601369028,3.5811904788781592,0.89125,KIDNEY_STONE,RF,dp,10.0,20
0.506722265625,0.024062499999999987,3200,800,0.1090625,0.1090625,0.1,0.3502322182302695,349,80,720,2851,0.1090625,0.1,True,max_tpr_with_empirical_fpr_le_target,0.013125,0.013125,0.01,2.0209350895413003,42,7,793,3158,0.013125,0.00875,True,max_tpr_with_empirical_fpr_le_target,0.0,0.0,0.001,inf,0,0,800,3200,0.0,0.0,False,max_tpr_with_empirical_fpr_le_target,32,True,False,3.4075440800988193,3.358729854661741,0.89125,KIDNEY_STONE,RF,dp,10.0,21
0.504378515625,0.01968750000000008,3200,800,0.1034375,0.1034375,0.1,0.3928054661323732,331,80,720,2869,0.1034375,0.1,True,max_tpr_with_empirical_fpr_le_target,0.0203125,0.0203125,0.01,1.563003470701723,65,8,792,3135,0.0203125,0.01,True,max_tpr_with_empirical_fpr_le_target,0.0015625,0.0015625,0.001,2.986332194166584,5,0,800,3195,0.0015625,0.0,False,max_tpr_with_empirical_fpr_le_target,32,True,False,3.58262390529614,3.5226268818206115,0.89125,KIDNEY_STONE,RF,dp,10.0,22
0.5022884765625,0.01968749999999997,3200,800,0.11125,0.11125,0.1,0.3632689750891247,356,80,720,2844,0.11125,0.1,True,max_tpr_with_empirical_fpr_le_target,0.0125,0.0125,0.01,1.5409702109189976,40,8,792,3160,0.0125,0.01,True,max_tpr_with_empirical_fpr_le_target,0.001875,0.001875,0.001,2.43705195720558,6,0,800,3194,0.001875,0.0,False,max_tpr_with_empirical_fpr_le_target,32,True,False,3.6994094133353803,3.6793602222394886,0.89125,KIDNEY_STONE,RF,dp,10.0,23
0.525546484375,0.045937500000000075,3200,800,0.129375,0.129375,0.1,0.32485658005177864,414,80,720,2786,0.129375,0.1,True,max_tpr_with_empirical_fpr_le_target,0.0096875,0.0096875,0.01,1.927901024126914,31,7,793,3169,0.0096875,0.00875,True,max_tpr_with_empirical_fpr_le_target,0.000625,0.000625,0.001,2.9775546725496405,2,0,800,3198,0.000625,0.0,False,max_tpr_with_empirical_fpr_le_target,32,True,False,3.583040965341566,3.5693334588514407,0.89125,KIDNEY_STONE,RF,dp,10.0,24
0.504167578125,0.0390625,3200,800,0.1059375,0.1059375,0.1,0.32727482512492223,339,80,720,2861,0.1059375,0.1,True,max_tpr_with_empirical_fpr_le_target,0.009375,0.009375,0.01,1.9157998638421612,30,8,792,3170,0.009375,0.01,True,max_tpr_with_empirical_fpr_le_target,0.0021875,0.0021875,0.001,2.7697101899427654,7,0,800,3193,0.0021875,0.0,False,max_tpr_with_empirical_fpr_le_target,32,True,False,3.402672904620014,3.394079072022069,0.89125,KIDNEY_STONE,RF,dp,10.0,25
0.49292734375,0.017812499999999995,3200,800,0.1084375,0.1084375,0.1,0.32181063584220393,347,80,720,2853,0.1084375,0.1,True,max_tpr_with_empirical_fpr_le_target,0.010625,0.010625,0.01,2.1175834737652517,34,8,792,3166,0.010625,0.01,True,max_tpr_with_empirical_fpr_le_target,0.0,0.0,0.001,inf,0,0,800,3200,0.0,0.0,False,max_tpr_with_empirical_fpr_le_target,32,True,False,3.3979317898510155,3.349832591442095,0.89125,KIDNEY_STONE,RF,dp,10.0,26
0.50336875,0.022187500000000027,3200,800,0.103125,0.103125,0.1,0.33764133014440656,330,80,720,2870,0.103125,0.1,True,max_tpr_with_empirical_fpr_le_target,0.0096875,0.0096875,0.01,2.0771137031525626,31,8,792,3169,0.0096875,0.01,True,max_tpr_with_empirical_fpr_le_target,0.0,0.0,0.001,inf,0,0,800,3200,0.0,0.0,False,max_tpr_with_empirical_fpr_le_target,32,True,False,3.331771460808776,3.339051989611786,0.89125,KIDNEY_STONE,RF,dp,10.0,27
0.500076953125,0.021874999999999978,3200,800,0.10875,0.10875,0.1,0.3250414432813047,348,79,721,2852,0.10875,0.09875,True,max_tpr_with_empirical_fpr_le_target,0.0053125,0.0053125,0.01,2.0821066355693505,17,8,792,3183,0.0053125,0.01,True,max_tpr_with_empirical_fpr_le_target,0.0003125,0.0003125,0.001,3.019558827083773,1,0,800,3199,0.0003125,0.0,False,max_tpr_with_empirical_fpr_le_target,32,True,False,3.4661245913958987,3.4472145634714217,0.89125,KIDNEY_STONE,RF,dp,10.0,28
0.50347734375,0.025000000000000022,3200,800,0.103125,0.103125,0.1,0.3575642920976039,330,80,720,2870,0.103125,0.1,True,max_tpr_with_empirical_fpr_le_target,0.0078125,0.0078125,0.01,2.5123527070681586,25,8,792,3175,0.0078125,0.01,True,max_tpr_with_empirical_fpr_le_target,0.0009375,0.0009375,0.001,3.489594916479112,3,0,800,3197,0.0009375,0.0,False,max_tpr_with_empirical_fpr_le_target,32,True,False,3.2256226756881694,3.210188589022687,0.89125,KIDNEY_STONE,RF,dp,10.0,29
0.499244921875,0.005,3200,800,0.0084375,0.10061386768447837,0.1,-0.038037060300097014,27,6,794,3173,0.0084375,0.0075,True,max_tpr_with_empirical_fpr_le_target,0.0084375,0.010928753180661579,0.01,-0.038037060300097014,27,6,794,3173,0.0084375,0.0075,True,max_tpr_with_empirical_fpr_le_target,0.0046875,0.0046875,0.001,3.1482270191249166,15,0,800,3185,0.0046875,0.0,False,max_tpr_with_empirical_fpr_le_target,32,True,False,0.0328825674198414,0.031651526053645004,0.89,KIDNEY_STONE,GNB,standard,,0
0.493394140625,0.0028125000000000003,3200,800,0.0134375,0.09548682519280205,0.1,-0.058721398855714035,43,14,786,3157,0.0134375,0.0175,True,max_tpr_with_empirical_fpr_le_target,0.008125,0.008125,0.01,0.17954662256715936,26,7,793,3174,0.008125,0.00875,True,max_tpr_with_empirical_fpr_le_target,0.0021875,0.0021875,0.001,6.489768852613312,7,0,800,3193,0.0021875,0.0,False,max_tpr_with_empirical_fpr_le_target,32,True,False,0.050587755661893975,0.04768096741190877,0.89,KIDNEY_STONE,GNB,standard,,1
0.5035509765625001,0.0078125,3200,800,0.016875,0.10423387096774195,0.1,-0.011141956383140528,54,10,790,3146,0.016875,0.0125,True,max_tpr_with_empirical_fpr_le_target,0.015,0.015,0.01,-0.003056252318021313,48,8,792,3152,0.015,0.01,True,max_tpr_with_empirical_fpr_le_target,0.0015625,0.0015625,0.001,14.394716095923567,5,0,800,3195,0.0015625,0.0,False,max_tpr_with_empirical_fpr_le_target,32,True,False,0.05458325707500724,0.0539777983289043,0.89,KIDNEY_STONE,GNB,standard,,2
0.49908671874999994,0.0059375,3200,800,0.0128125,0.1011085358056266,0.1,0.07028782467977379,41,9,791,3159,0.0128125,0.01125,True,max_tpr_with_empirical_fpr_le_target,0.0128125,0.0128125,0.01,0.07278948520741668,41,6,794,3159,0.0128125,0.0075,True,max_tpr_with_empirical_fpr_le_target,0.0034375,0.0034375,0.001,3.1103525317692235,11,0,800,3189,0.0034375,0.0,False,max_tpr_with_empirical_fpr_le_target,32,True,False,0.037867685043089024,0.04062508320731446,0.89,KIDNEY_STONE,GNB,standard,,3
0.49971210937500005,0.0053125,3200,800,0.01375,0.10096955128205128,0.1,-0.04988046915651667,44,10,790,3156,0.01375,0.0125,True,max_tpr_with_empirical_fpr_le_target,0.0134375,0.0134375,0.01,-0.04153006632048806,43,8,792,3157,0.0134375,0.01,True,max_tpr_with_empirical_fpr_le_target,0.0040625,0.0040625,0.001,6.98294494848937,13,0,800,3187,0.0040625,0.0,False,max_tpr_with_empirical_fpr_le_target,32,True,False,0.04394949740926746,0.04179633446168188,0.89,KIDNEY_STONE,GNB,standard,,4
0.49646503906249995,0.0031249999999999993,3200,800,0.0153125,0.09653629032258065,0.1,-0.011893298236070216,49,15,785,3151,0.0153125,0.01875,True,max_tpr_with_empirical_fpr_le_target,0.0128125,0.0128125,0.01,0.04664790007515629,41,8,792,3159,0.0128125,0.01,True,max_tpr_with_empirical_fpr_le_target,0.001875,0.001875,0.001,21.810777475025446,6,0,800,3194,0.001875,0.0,False,max_tpr_with_empirical_fpr_le_target,32,True,False,0.051332269630459344,0.05070229226858165,0.89,KIDNEY_STONE,GNB,standard,,5
0.5053566406250001,0.009062500000000001,3200,800,0.0140625,0.1083639705882353,0.1,0.002173383342195745,45,4,796,3155,0.0140625,0.005,True,max_tpr_with_empirical_fpr_le_target,0.0140625,0.01902573529411765,0.01,0.002173383342195745,45,4,796,3155,0.0140625,0.005,True,max_tpr_with_empirical_fpr_le_target,0.0009375,0.0009375,0.001,18.269408250975438,3,0,800,3197,0.0009375,0.0,False,max_tpr_with_empirical_fpr_le_target,32,True,False,0.04729225768137862,0.047370036816465975,0.89,KIDNEY_STONE,GNB,standard,,6
0.500340625,0.0071874999999999994,3200,800,0.013125,0.10260841836734695,0.1,-0.02421346353898235,42,8,792,3158,0.013125,0.01,True,max_tpr_with_empirical_fpr_le_target,0.013125,0.013125,0.01,-0.02421346353898235,42,8,792,3158,0.013125,0.01,True,max_tpr_with_empirical_fpr_le_target,0.0040625,0.0040625,0.001,6.5809785980276105,13,0,800,3187,0.0040625,0.0,False,max_tpr_with_empirical_fpr_le_target,32,True,False,0.04035622204442822,0.03936526947009844,0.89,KIDNEY_STONE,GNB,standard,,7
0.500599609375,0.0040625,3200,800,0.0078125,0.10339070431472082,0.1,0.11157555879445136,25,3,797,3175,0.0078125,0.00375,True,max_tpr_with_empirical_fpr_le_target,0.0078125,0.0140188769035533,0.01,0.11157555879445136,25,3,797,3175,0.0078125,0.00375,True,max_tpr_with_empirical_fpr_le_target,0.0021875,0.0021875,0.001,8.892500202812462,7,0,800,3193,0.0021875,0.0,False,max_tpr_with_empirical_fpr_le_target,32,True,False,0.031940233451332276,0.03569682511231468,0.89,KIDNEY_STONE,GNB,standard,,8
0.5031992187500001,0.0053124999999999995,3200,800,0.014375,0.10315359213917527,0.1,-0.06470150886835979,46,9,791,3154,0.014375,0.01125,True,max_tpr_with_empirical_fpr_le_target,0.01375,0.01375,0.01,-0.06272651392281503,44,8,792,3156,0.01375,0.01,True,max_tpr_with_empirical_fpr_le_target,0.0021875,0.0021875,0.001,14.914974701055861,7,0,800,3193,0.0021875,0.0,False,max_tpr_with_empirical_fpr_le_target,32,True,False,0.049329303011859484,0.04623563805689981,0.89,KIDNEY_STONE,GNB,standard,,9
0.499509765625,0.0040625,3200,800,0.009375,0.10143255739795919,0.1,-0.012643870535342216,30,6,794,3170,0.009375,0.0075,True,max_tpr_with_empirical_fpr_le_target,0.009375,0.011863042091836735,0.01,-0.012643870535342216,30,6,794,3170,0.009375,0.0075,True,max_tpr_with_empirical_fpr_le_target,0.0034375,0.0034375,0.001,5.244974238807838,11,0,800,3189,0.0034375,0.0,False,max_tpr_with_empirical_fpr_le_target,32,True,False,0.04036577616569594,0.03985797677442257,0.89,KIDNEY_STONE,GNB,standard,,10
0.496922265625,0.004375,3200,800,0.0128125,0.09867597631241999,0.1,-0.01700320013048673,41,11,789,3159,0.0128125,0.01375,True,max_tpr_with_empirical_fpr_le_target,0.0090625,0.0090625,0.01,0.10072912316839266,29,8,792,3171,0.0090625,0.01,True,max_tpr_with_empirical_fpr_le_target,0.004375,0.004375,0.001,3.0217012939432903,14,0,800,3186,0.004375,0.0,False,max_tpr_with_empirical_fpr_le_target,32,True,False,0.04789466381031727,0.047086938603067445,0.89,KIDNEY_STONE,GNB,standard,,11
0.500033984375,0.0065625,3200,800,0.010625,0.10253881495564005,0.1,0.001704127907351971,34,6,794,3166,0.010625,0.0075,True,max_tpr_with_empirical_fpr_le_target,0.010625,0.013109157160963246,0.01,0.001704127907351971,34,6,794,3166,0.010625,0.0075,True,max_tpr_with_empirical_fpr_le_target,0.00125,0.00125,0.001,9.791130521993441,4,0,800,3196,0.00125,0.0,False,max_tpr_with_empirical_fpr_le_target,32,True,False,0.03245086103127661,0.0324918661597859,0.89,KIDNEY_STONE,GNB,standard,,12
0.499371875,0.0046875,3200,800,0.0134375,0.10065705128205128,0.1,-0.03924067992362046,43,10,790,3157,0.0134375,0.0125,True,max_tpr_with_empirical_fpr_le_target,0.0128125,0.0128125,0.01,-0.028401003637274158,41,8,792,3159,0.0128125,0.01,True,max_tpr_with_empirical_fpr_le_target,0.0003125,0.0003125,0.001,71.40831823346711,1,0,800,3199,0.0003125,0.0,False,max_tpr_with_empirical_fpr_le_target,32,True,False,0.03986910647304762,0.0383329274565041,0.89,KIDNEY_STONE,GNB,standard,,13
0.5033796875000001,0.006875000000000001,3200,800,0.0146875,0.1054713441890166,0.1,-0.0805043328508468,47,7,793,3153,0.0146875,0.00875,True,max_tpr_with_empirical_fpr_le_target,0.0146875,0.015931114303959132,0.01,-0.0805043328508468,47,7,793,3153,0.0146875,0.00875,True,max_tpr_with_empirical_fpr_le_target,0.0021875,0.0021875,0.001,5.211086421043932,7,0,800,3193,0.0021875,0.0,False,max_tpr_with_empirical_fpr_le_target,32,True,False,0.04496350697750728,0.04146066301559067,0.89,KIDNEY_STONE,GNB,standard,,14
0.49613222656249995,0.0028125,3200,800,0.014375,0.09777469433719434,0.1,-0.0275430527616205,46,13,787,3154,0.014375,0.01625,True,max_tpr_with_empirical_fpr_le_target,0.0103125,0.0103125,0.01,0.10544345354671969,33,8,792,3167,0.0103125,0.01,True,max_tpr_with_empirical_fpr_le_target,0.00125,0.00125,0.001,20.811044104812517,4,0,800,3196,0.00125,0.0,False,max_tpr_with_empirical_fpr_le_target,32,True,False,0.05209812425762131,0.05067721292065986,0.89,KIDNEY_STONE,GNB,standard,,15
0.5013505859374999,0.0034374999999999996,3200,800,0.011875,0.10280451787994892,0.1,-0.036240418254461115,38,7,793,3162,0.011875,0.00875,True,max_tpr_with_empirical_fpr_le_target,0.011875,0.013120609833971902,0.01,-0.036240418254461115,38,7,793,3162,0.011875,0.00875,True,max_tpr_with_empirical_fpr_le_target,0.00125,0.00125,0.001,17.145651129947453,4,0,800,3196,0.00125,0.0,False,max_tpr_with_empirical_fpr_le_target,32,True,False,0.0388451738340605,0.03742084377214333,0.89,KIDNEY_STONE,GNB,standard,,16
0.49736542968749997,0.004375,3200,800,0.0128125,0.09875802310654687,0.1,-0.05582354407285539,41,11,789,3159,0.0128125,0.01375,True,max_tpr_with_empirical_fpr_le_target,0.0115625,0.0115625,0.01,-0.0422835700451496,37,8,792,3163,0.0115625,0.01,True,max_tpr_with_empirical_fpr_le_target,0.0003125,0.0003125,0.001,36.59022715937752,1,0,800,3199,0.0003125,0.0,False,max_tpr_with_empirical_fpr_le_target,32,True,False,0.04373184283227141,0.041355281076070324,0.89,KIDNEY_STONE,GNB,standard,,17
0.500948046875,0.006875000000000001,3200,800,0.0128125,0.10448975540025413,0.1,-0.034431126077749674,41,6,794,3159,0.0128125,0.0075,True,max_tpr_with_empirical_fpr_le_target,0.0128125,0.015290263659466327,0.01,-0.034431126077749674,41,6,794,3159,0.0128125,0.0075,True,max_tpr_with_empirical_fpr_le_target,0.0034375,0.0034375,0.001,5.181518139765121,11,0,800,3189,0.0034375,0.0,False,max_tpr_with_empirical_fpr_le_target,32,True,False,0.041435447796185756,0.04001509159419224,0.89,KIDNEY_STONE,GNB,standard,,18
0.500588671875,0.00625,3200,800,0.0125,0.1041751592356688,0.1,-0.016784397768630832,40,6,794,3160,0.0125,0.0075,True,max_tpr_with_empirical_fpr_le_target,0.0125,0.014977707006369427,0.01,-0.016784397768630832,40,6,794,3160,0.0125,0.0075,True,max_tpr_with_empirical_fpr_le_target,0.00125,0.00125,0.001,30.46620668035545,4,0,800,3196,0.00125,0.0,False,max_tpr_with_empirical_fpr_le_target,32,True,False,0.04287734935716933,0.042032960372404525,0.89,KIDNEY_STONE,GNB,standard,,19
0.5011863281250001,0.0053125,3200,800,0.0109375,0.10403065286624202,0.1,0.09038316496744381,35,5,795,3165,0.0109375,0.00625,True,max_tpr_with_empirical_fpr_le_target,0.0109375,0.01466122611464968,0.01,0.09038316496744381,35,5,795,3165,0.0109375,0.00625,True,max_tpr_with_empirical_fpr_le_target,0.001875,0.001875,0.001,9.887119247217651,6,0,800,3194,0.001875,0.0,False,max_tpr_with_empirical_fpr_le_target,32,True,False,0.035806327790445534,0.03918939849256937,0.89,KIDNEY_STONE,GNB,standard,,20
0.500942578125,0.0059375,3200,800,0.0125,0.10221190781049938,0.1,0.0033665625277583544,40,8,792,3160,0.0125,0.01,True,max_tpr_with_empirical_fpr_le_target,0.0125,0.0125,0.01,0.0033665625277583544,40,8,792,3160,0.0125,0.01,True,max_tpr_with_empirical_fpr_le_target,0.0059375,0.0059375,0.001,2.8043799305647568,19,0,800,3181,0.0059375,0.0,False,max_tpr_with_empirical_fpr_le_target,32,True,False,0.04600663933873491,0.04615526368835724,0.89,KIDNEY_STONE,GNB,standard,,21
0.4970373046874999,0.0028125000000000008,3200,800,0.01125,0.1014854669631512,0.1,0.13344108995356452,36,7,793,3164,0.01125,0.00875,True,max_tpr_with_empirical_fpr_le_target,0.01125,0.012486102287166454,0.01,0.13344108995356452,36,7,793,3164,0.01125,0.00875,True,max_tpr_with_empirical_fpr_le_target,0.0003125,0.0003125,0.001,47.82840912769105,1,0,800,3199,0.0003125,0.0,False,max_tpr_with_empirical_fpr_le_target,32,True,False,0.03964090959418889,0.045051230014994455,0.89,KIDNEY_STONE,GNB,standard,,22
0.5016423828125,0.0034375,3200,800,0.0146875,0.10210260349288487,0.1,-0.030400281103234228,47,10,790,3153,0.0146875,0.0125,True,max_tpr_with_empirical_fpr_le_target,0.0109375,0.0109375,0.01,0.01050951437216785,35,8,792,3165,0.0109375,0.01,True,max_tpr_with_empirical_fpr_le_target,0.0034375,0.0034375,0.001,2.988465933633211,11,0,800,3189,0.0034375,0.0,False,max_tpr_with_empirical_fpr_le_target,32,True,False,0.04991377415359605,0.048418610277376255,0.89,KIDNEY_STONE,GNB,standard,,23
0.5015328125,0.0053125,3200,800,0.0115625,0.10459685114503817,0.1,0.02355622068343921,37,5,795,3163,0.0115625,0.00625,True,max_tpr_with_empirical_fpr_le_target,0.0115625,0.015283874045801527,0.01,0.02355622068343921,37,5,795,3163,0.0115625,0.00625,True,max_tpr_with_empirical_fpr_le_target,0.0015625,0.0015625,0.001,11.141496355437958,5,0,800,3195,0.0015625,0.0,False,max_tpr_with_empirical_fpr_le_target,32,True,False,0.035758257575252965,0.036592251337943395,0.89,KIDNEY_STONE,GNB,standard,,24
0.494747265625,0.0025000000000000005,3200,800,0.0109375,0.09674632352941177,0.1,0.009298407413726117,35,11,789,3165,0.0109375,0.01375,True,max_tpr_with_empirical_fpr_le_target,0.0103125,0.0103125,0.01,0.015363254789679814,33,7,793,3167,0.0103125,0.00875,True,max_tpr_with_empirical_fpr_le_target,0.0,0.0,0.001,inf,0,0,800,3200,0.0,0.0,False,max_tpr_with_empirical_fpr_le_target,32,True,False,0.04217043192240549,0.04256428927657256,0.89,KIDNEY_STONE,GNB,standard,,25
0.502141015625,0.0053124999999999995,3200,800,0.0115625,0.1047168837357052,0.1,0.02684083475477239,37,5,795,3163,0.0115625,0.00625,True,max_tpr_with_empirical_fpr_le_target,0.0115625,0.015288675349428208,0.01,0.02684083475477239,37,5,795,3163,0.0115625,0.00625,True,max_tpr_with_empirical_fpr_le_target,0.000625,0.000625,0.001,15.871613649716114,2,0,800,3198,0.000625,0.0,False,max_tpr_with_empirical_fpr_le_target,32,True,False,0.033704597878241094,0.03461955055001122,0.89,KIDNEY_STONE,GNB,standard,,26
0.503645703125,0.006562500000000001,3200,800,0.0165625,0.1060412644787645,0.1,-0.0729616019049546,53,8,792,3147,0.0165625,0.01,True,max_tpr_with_empirical_fpr_le_target,0.0165625,0.0165625,0.01,-0.0729616019049546,53,8,792,3147,0.0165625,0.01,True,max_tpr_with_empirical_fpr_le_target,0.0028125,0.0028125,0.001,7.3451255925980306,9,0,800,3191,0.0028125,0.0,False,max_tpr_with_empirical_fpr_le_target,32,True,False,0.04979816279636435,0.0462927208038657,0.89,KIDNEY_STONE,GNB,standard,,27
0.49906328125,0.003125,3200,800,0.0134375,0.10162293256997457,0.1,0.12465426865940499,43,9,791,3157,0.0134375,0.01125,True,max_tpr_with_empirical_fpr_le_target,0.011875,0.011875,0.01,0.15272698831265696,38,8,792,3162,0.011875,0.01,True,max_tpr_with_empirical_fpr_le_target,0.000625,0.000625,0.001,15.71216959198493,2,0,800,3198,0.000625,0.0,False,max_tpr_with_empirical_fpr_le_target,32,True,False,0.03698547256780047,0.04186897219363987,0.89,KIDNEY_STONE,GNB,standard,,28
0.5024625,0.00625,3200,800,0.0109375,0.10527104591836733,0.1,-0.03726044015991148,35,4,796,3165,0.0109375,0.005,True,max_tpr_with_empirical_fpr_le_target,0.0109375,0.015902423469387753,0.01,-0.03726044015991148,35,4,796,3165,0.0109375,0.005,True,max_tpr_with_empirical_fpr_le_target,0.00625,0.00625,0.001,1.5785130714922198,20,0,800,3180,0.00625,0.0,False,max_tpr_with_empirical_fpr_le_target,32,True,False,0.04259001702008305,0.04098781298514713,0.89,KIDNEY_STONE,GNB,standard,,29
0.49149687499999994,0.016562500000000036,3200,800,0.0934375,0.0934375,0.1,0.3132456091694702,299,80,720,2901,0.0934375,0.1,True,max_tpr_with_empirical_fpr_le_target,0.0115625,0.0115625,0.01,0.6984540535298196,37,8,792,3163,0.0115625,0.01,True,max_tpr_with_empirical_fpr_le_target,0.0003125,0.0003125,0.001,1.8602713333069456,1,0,800,3199,0.0003125,0.0,False,max_tpr_with_empirical_fpr_le_target,32,True,False,9.99769452955575,9.952071361692289,0.785,KIDNEY_STONE,GNB,dp,0.1,0
0.486996875,0.011562500000000031,3200,800,0.095,0.095,0.1,0.3113794844606619,304,80,720,2896,0.095,0.1,True,max_tpr_with_empirical_fpr_le_target,0.0109375,0.0109375,0.01,0.690771801409888,35,8,792,3165,0.0109375,0.01,True,max_tpr_with_empirical_fpr_le_target,0.0003125,0.0003125,0.001,2.2541922287189027,1,0,800,3199,0.0003125,0.0,False,max_tpr_with_empirical_fpr_le_target,32,True,False,9.145808741713507,9.120586510010014,0.785,KIDNEY_STONE,GNB,dp,0.1,1
0.47268984375,0.0012499999999999734,3200,800,0.0753125,0.0753125,0.1,0.44842354695101516,241,80,720,2959,0.0753125,0.1,True,max_tpr_with_empirical_fpr_le_target,0.005,0.005,0.01,0.9621273130316146,16,8,792,3184,0.005,0.01,True,max_tpr_with_empirical_fpr_le_target,0.0009375,0.0009375,0.001,1.2297548492128705,3,0,800,3197,0.0009375,0.0,False,max_tpr_with_empirical_fpr_le_target,32,True,False,9.357891261994961,9.384989481489127,0.785,KIDNEY_STONE,GNB,dp,0.1,2
0.4986203125,0.020312499999999956,3200,800,0.0728125,0.0728125,0.1,0.4874308535375027,233,79,721,2967,0.0728125,0.09875,True,max_tpr_with_empirical_fpr_le_target,0.006875,0.006875,0.01,1.0609368329426117,22,8,792,3178,0.006875,0.01,True,max_tpr_with_empirical_fpr_le_target,0.0034375,0.0034375,0.001,1.215159696018243,11,0,800,3189,0.0034375,0.0,False,max_tpr_with_empirical_fpr_le_target,32,True,False,9.514029560010487,9.545797404841931,0.785,KIDNEY_STONE,GNB,dp,0.1,3
0.49243906249999997,0.004062499999999997,3200,800,0.0984375,0.0984375,0.1,0.3526876247275985,315,80,720,2885,0.0984375,0.1,True,max_tpr_with_empirical_fpr_le_target,0.0103125,0.0103125,0.01,0.7699061106176099,33,8,792,3167,0.0103125,0.01,True,max_tpr_with_empirical_fpr_le_target,0.0003125,0.0003125,0.001,1.5082106371232529,1,0,800,3199,0.0003125,0.0,False,max_tpr_with_empirical_fpr_le_target,32,True,False,9.599812336000106,9.626283450818676,0.785,KIDNEY_STONE,GNB,dp,0.1,4
0.4887734375,0.0050000000000000044,3200,800,0.09875,0.09875,0.1,0.35952367519386996,316,80,720,2884,0.09875,0.1,True,max_tpr_with_empirical_fpr_le_target,0.0109375,0.0109375,0.01,0.886093637258452,35,7,793,3165,0.0109375,0.00875,True,max_tpr_with_empirical_fpr_le_target,0.000625,0.000625,0.001,1.4388972993169862,2,0,800,3198,0.000625,0.0,False,max_tpr_with_empirical_fpr_le_target,32,True,False,10.230351791850188,10.21304437590055,0.785,KIDNEY_STONE,GNB,dp,0.1,5
0.47978750000000003,0.024687499999999973,3200,800,0.07125,0.07125,0.1,0.41490276932259373,228,80,720,2972,0.07125,0.1,True,max_tpr_with_empirical_fpr_le_target,0.0078125,0.0078125,0.01,0.7998430883026484,25,8,792,3175,0.0078125,0.01,True,max_tpr_with_empirical_fpr_le_target,0.000625,0.000625,0.001,1.2310476600632754,2,0,800,3198,0.000625,0.0,False,max_tpr_with_empirical_fpr_le_target,32,True,False,9.388876455593083,9.342456854528818,0.785,KIDNEY_STONE,GNB,dp,0.1,6
0.5000144531249999,0.01937500000000003,3200,800,0.0934375,0.0934375,0.1,0.29453758254669005,299,79,721,2901,0.0934375,0.09875,True,max_tpr_with_empirical_fpr_le_target,0.01625,0.01625,0.01,0.6097011973216988,52,8,792,3148,0.01625,0.01,True,max_tpr_with_empirical_fpr_le_target,0.0021875,0.0021875,0.001,1.0438605902738027,7,0,800,3193,0.0021875,0.0,False,max_tpr_with_empirical_fpr_le_target,32,True,False,9.817376693424738,9.830373910634309,0.785,KIDNEY_STONE,GNB,dp,0.1,7
0.489483203125,0.03562499999999991,3200,800,0.0890625,0.0890625,0.1,0.39021703724321277,285,80,720,2915,0.0890625,0.1,True,max_tpr_with_empirical_fpr_le_target,0.010625,0.010625,0.01,0.8045363810541413,34,8,792,3166,0.010625,0.01,True,max_tpr_with_empirical_fpr_le_target,0.0021875,0.0021875,0.001,1.1052109184957328,7,0,800,3193,0.0021875,0.0,False,max_tpr_with_empirical_fpr_le_target,32,True,False,9.3884754004211,9.388113484422794,0.785,KIDNEY_STONE,GNB,dp,0.1,8
0.495425,0.016249999999999987,3200,800,0.0840625,0.0840625,0.1,0.3656046113534557,269,80,720,2931,0.0840625,0.1,True,max_tpr_with_empirical_fpr_le_target,0.0090625,0.0090625,0.01,0.7685225779689802,29,8,792,3171,0.0090625,0.01,True,max_tpr_with_empirical_fpr_le_target,0.0,0.0,0.001,inf,0,0,800,3200,0.0,0.0,False,max_tpr_with_empirical_fpr_le_target,32,True,False,9.375100495496985,9.396809422643749,0.785,KIDNEY_STONE,GNB,dp,0.1,9
0.48183242187499997,0.010000000000000009,3200,800,0.0915625,0.0915625,0.1,0.3705205996894225,293,80,720,2907,0.0915625,0.1,True,max_tpr_with_empirical_fpr_le_target,0.0075,0.0075,0.01,0.8048844691812365,24,8,792,3176,0.0075,0.01,True,max_tpr_with_empirical_fpr_le_target,0.000625,0.000625,0.001,1.3566437108090956,2,0,800,3198,0.000625,0.0,False,max_tpr_with_empirical_fpr_le_target,32,True,False,9.424292946724332,9.426605959028713,0.785,KIDNEY_STONE,GNB,dp,0.1,10
0.48923046875,0.012500000000000067,3200,800,0.0909375,0.0909375,0.1,0.36698820704100177,291,79,721,2909,0.0909375,0.09875,True,max_tpr_with_empirical_fpr_le_target,0.00875,0.00875,0.01,0.782186748169214,28,8,792,3172,0.00875,0.01,True,max_tpr_with_empirical_fpr_le_target,0.000625,0.000625,0.001,1.2038267723490912,2,0,800,3198,0.000625,0.0,False,max_tpr_with_empirical_fpr_le_target,32,True,False,9.927767982235741,9.980134145621467,0.785,KIDNEY_STONE,GNB,dp,0.1,11
0.513214453125,0.03187499999999999,3200,800,0.09125,0.09125,0.1,0.33955236105196995,292,80,720,2908,0.09125,0.1,True,max_tpr_with_empirical_fpr_le_target,0.0075,0.0075,0.01,0.7711525035423179,24,8,792,3176,0.0075,0.01,True,max_tpr_with_empirical_fpr_le_target,0.0003125,0.0003125,0.001,1.237486170157474,1,0,800,3199,0.0003125,0.0,False,max_tpr_with_empirical_fpr_le_target,32,True,False,9.498267336141113,9.479419079366052,0.785,KIDNEY_STONE,GNB,dp,0.1,12
0.5103871093750001,0.03750000000000009,3200,800,0.1115625,0.1115625,0.1,0.32862878870095535,357,80,720,2843,0.1115625,0.1,True,max_tpr_with_empirical_fpr_le_target,0.0090625,0.0090625,0.01,0.7455530716354821,29,8,792,3171,0.0090625,0.01,True,max_tpr_with_empirical_fpr_le_target,0.000625,0.000625,0.001,1.2926628261988986,2,0,800,3198,0.000625,0.0,False,max_tpr_with_empirical_fpr_le_target,32,True,False,9.712432186088042,9.749981451285242,0.785,KIDNEY_STONE,GNB,dp,0.1,13
0.5081218750000001,0.04093749999999996,3200,800,0.0828125,0.0828125,0.1,0.38074733249121184,265,80,720,2935,0.0828125,0.1,True,max_tpr_with_empirical_fpr_le_target,0.015625,0.015625,0.01,0.7184468929313761,50,8,792,3150,0.015625,0.01,True,max_tpr_with_empirical_fpr_le_target,0.000625,0.000625,0.001,1.3766257430077866,2,0,800,3198,0.000625,0.0,False,max_tpr_with_empirical_fpr_le_target,32,True,False,9.364769806278673,9.360372482452458,0.785,KIDNEY_STONE,GNB,dp,0.1,14
0.5003500000000001,0.026875000000000038,3200,800,0.090625,0.090625,0.1,0.41842800105369005,290,80,720,2910,0.090625,0.1,True,max_tpr_with_empirical_fpr_le_target,0.0084375,0.0084375,0.01,0.876790538609642,27,8,792,3173,0.0084375,0.01,True,max_tpr_with_empirical_fpr_le_target,0.000625,0.000625,0.001,1.4073621894378303,2,0,800,3198,0.000625,0.0,False,max_tpr_with_empirical_fpr_le_target,32,True,False,10.150224789787943,10.220431854291354,0.785,KIDNEY_STONE,GNB,dp,0.1,15
0.5188109375000001,0.04531249999999998,3200,800,0.108125,0.108125,0.1,0.3059303202344963,346,80,720,2854,0.108125,0.1,True,max_tpr_with_empirical_fpr_le_target,0.0059375,0.0059375,0.01,0.8350294371601001,19,8,792,3181,0.0059375,0.01,True,max_tpr_with_empirical_fpr_le_target,0.0003125,0.0003125,0.001,1.3438769854642625,1,0,800,3199,0.0003125,0.0,False,max_tpr_with_empirical_fpr_le_target,32,True,False,9.702614482116047,9.693883037409568,0.785,KIDNEY_STONE,GNB,dp,0.1,16
0.48284492187500005,0.015,3200,800,0.1090625,0.1090625,0.1,0.3108428265753669,349,80,720,2851,0.1090625,0.1,True,max_tpr_with_empirical_fpr_le_target,0.0115625,0.0115625,0.01,0.6807181102590962,37,8,792,3163,0.0115625,0.01,True,max_tpr_with_empirical_fpr_le_target,0.000625,0.000625,0.001,1.4000206971266556,2,0,800,3198,0.000625,0.0,False,max_tpr_with_empirical_fpr_le_target,32,True,False,9.549792314777813,9.518328210192202,0.785,KIDNEY_STONE,GNB,dp,0.1,17
0.48691757812500003,0.01281249999999999,3200,800,0.1115625,0.1115625,0.1,0.35457117452443,357,79,721,2843,0.1115625,0.09875,True,max_tpr_with_empirical_fpr_le_target,0.0178125,0.0178125,0.01,0.7441846176296258,57,8,792,3143,0.0178125,0.01,True,max_tpr_with_empirical_fpr_le_target,0.0003125,0.0003125,0.001,1.4308801311580708,1,0,800,3199,0.0003125,0.0,False,max_tpr_with_empirical_fpr_le_target,32,True,False,9.324400963928566,9.379433993817464,0.785,KIDNEY_STONE,GNB,dp,0.1,18
0.454531640625,0.0043749999999999995,3200,800,0.08625,0.08625,0.1,0.47374618950396297,276,80,720,2924,0.08625,0.1,True,max_tpr_with_empirical_fpr_le_target,0.00875,0.00875,0.01,0.9713615859455,28,7,793,3172,0.00875,0.00875,True,max_tpr_with_empirical_fpr_le_target,0.003125,0.003125,0.001,1.2218763673222037,10,0,800,3190,0.003125,0.0,False,max_tpr_with_empirical_fpr_le_target,32,True,False,9.861734410934968,9.83836536801253,0.785,KIDNEY_STONE,GNB,dp,0.1,19
0.49299296875,0.010937500000000044,3200,800,0.0971875,0.0971875,0.1,0.36386625090083236,311,80,720,2889,0.0971875,0.1,True,max_tpr_with_empirical_fpr_le_target,0.00875,0.00875,0.01,0.8226254108379916,28,8,792,3172,0.00875,0.01,True,max_tpr_with_empirical_fpr_le_target,0.0025,0.0025,0.001,1.043628592360096,8,0,800,3192,0.0025,0.0,False,max_tpr_with_empirical_fpr_le_target,32,True,False,9.025047618555831,9.085273241786858,0.785,KIDNEY_STONE,GNB,dp,0.1,20
0.51251875,0.05156250000000007,3200,800,0.11125,0.11125,0.1,0.3372272707220052,356,80,720,2844,0.11125,0.1,True,max_tpr_with_empirical_fpr_le_target,0.005625,0.005625,0.01,0.8614132655066897,18,8,792,3182,0.005625,0.01,True,max_tpr_with_empirical_fpr_le_target,0.0009375,0.0009375,0.001,1.2995997267783697,3,0,800,3197,0.0009375,0.0,False,max_tpr_with_empirical_fpr_le_target,32,True,False,9.711721366755707,9.748386968954682,0.785,KIDNEY_STONE,GNB,dp,0.1,21
0.48672460937499995,0.001875,3200,800,0.091875,0.091875,0.1,0.5240136403395064,294,80,720,2906,0.091875,0.1,True,max_tpr_with_empirical_fpr_le_target,0.006875,0.006875,0.01,1.1738809132639174,22,8,792,3178,0.006875,0.01,True,max_tpr_with_empirical_fpr_le_target,0.001875,0.001875,0.001,1.5201529196255432,6,0,800,3194,0.001875,0.0,False,max_tpr_with_empirical_fpr_le_target,32,True,False,9.520823577386379,9.547359110254156,0.785,KIDNEY_STONE,GNB,dp,0.1,22
0.4911328125,0.023749999999999993,3200,800,0.1190625,0.1190625,0.1,0.3442856428865051,381,80,720,2819,0.1190625,0.1,True,max_tpr_with_empirical_fpr_le_target,0.0134375,0.0134375,0.01,0.8420071181508089,43,8,792,3157,0.0134375,0.01,True,max_tpr_with_empirical_fpr_le_target,0.000625,0.000625,0.001,1.453713181601327,2,0,800,3198,0.000625,0.0,False,max_tpr_with_empirical_fpr_le_target,32,True,False,9.605881076727185,9.637350411038438,0.785,KIDNEY_STONE,GNB,dp,0.1,23
0.5046167968749999,0.02375000000000002,3200,800,0.08875,0.08875,0.1,0.3787719889919794,284,80,720,2916,0.08875,0.1,True,max_tpr_with_empirical_fpr_le_target,0.0078125,0.0078125,0.01,0.8535107871999914,25,8,792,3175,0.0078125,0.01,True,max_tpr_with_empirical_fpr_le_target,0.000625,0.000625,0.001,1.484991833709783,2,0,800,3198,0.000625,0.0,False,max_tpr_with_empirical_fpr_le_target,32,True,False,8.992805118929152,9.017344367790225,0.785,KIDNEY_STONE,GNB,dp,0.1,24
0.508196484375,0.036250000000000004,3200,800,0.101875,0.101875,0.1,0.31601143382684294,326,80,720,2874,0.101875,0.1,True,max_tpr_with_empirical_fpr_le_target,0.015,0.015,0.01,0.6636447892763826,48,8,792,3152,0.015,0.01,True,max_tpr_with_empirical_fpr_le_target,0.003125,0.003125,0.001,0.9422083710186029,10,0,800,3190,0.003125,0.0,False,max_tpr_with_empirical_fpr_le_target,32,True,False,9.745746133105271,9.71509017288202,0.785,KIDNEY_STONE,GNB,dp,0.1,25
0.504016796875,0.024687500000000084,3200,800,0.1115625,0.1115625,0.1,0.32627943455895725,357,80,720,2843,0.1115625,0.1,True,max_tpr_with_empirical_fpr_le_target,0.015,0.015,0.01,0.7398415227619122,48,8,792,3152,0.015,0.01,True,max_tpr_with_empirical_fpr_le_target,0.0015625,0.0015625,0.001,1.251564176744357,5,0,800,3195,0.0015625,0.0,False,max_tpr_with_empirical_fpr_le_target,32,True,False,9.450926103675773,9.435259017215042,0.785,KIDNEY_STONE,GNB,dp,0.1,26
0.497330078125,0.018125000000000002,3200,800,0.1015625,0.1015625,0.1,0.40804686570598214,325,80,720,2875,0.1015625,0.1,True,max_tpr_with_empirical_fpr_le_target,0.015625,0.015625,0.01,0.8222195090040936,50,8,792,3150,0.015625,0.01,True,max_tpr_with_empirical_fpr_le_target,0.000625,0.000625,0.001,1.4781272764837556,2,0,800,3198,0.000625,0.0,False,max_tpr_with_empirical_fpr_le_target,32,True,False,8.712900737580698,8.75679570602547,0.785,KIDNEY_STONE,GNB,dp,0.1,27
0.49554375,0.015625,3200,800,0.1115625,0.1115625,0.1,0.31585275036002036,357,80,720,2843,0.1115625,0.1,True,max_tpr_with_empirical_fpr_le_target,0.0096875,0.0096875,0.01,0.8010810567175595,31,8,792,3169,0.0096875,0.01,True,max_tpr_with_empirical_fpr_le_target,0.0028125,0.0028125,0.001,1.0593284492549158,9,0,800,3191,0.0028125,0.0,False,max_tpr_with_empirical_fpr_le_target,32,True,False,10.155526541407003,10.166808246704537,0.785,KIDNEY_STONE,GNB,dp,0.1,28
0.48248125,0.001875,3200,800,0.085625,0.085625,0.1,0.3624341440275005,274,79,721,2926,0.085625,0.09875,True,max_tpr_with_empirical_fpr_le_target,0.00375,0.00375,0.01,0.8458252324927225,12,8,792,3188,0.00375,0.01,True,max_tpr_with_empirical_fpr_le_target,0.001875,0.001875,0.001,1.0709066590322744,6,0,800,3194,0.001875,0.0,False,max_tpr_with_empirical_fpr_le_target,32,True,False,9.01964440855328,9.051773839258406,0.785,KIDNEY_STONE,GNB,dp,0.1,29
0.49471445312500006,0.018750000000000044,3200,800,0.100625,0.100625,0.1,0.3721512364283903,322,80,720,2878,0.100625,0.1,True,max_tpr_with_empirical_fpr_le_target,0.01,0.01,0.01,1.0299986214787697,32,6,794,3168,0.01,0.0075,True,max_tpr_with_empirical_fpr_le_target,0.0,0.0,0.001,inf,0,0,800,3200,0.0,0.0,False,max_tpr_with_empirical_fpr_le_target,32,True,False,8.568858512850214,8.61753503560044,0.76625,KIDNEY_STONE,GNB,dp,0.2,0
0.48387734375,0.0153125,3200,800,0.0971875,0.0971875,0.1,0.38085855038683336,311,79,721,2889,0.0971875,0.09875,True,max_tpr_with_empirical_fpr_le_target,0.01375,0.01375,0.01,0.8613248536789948,44,8,792,3156,0.01375,0.01,True,max_tpr_with_empirical_fpr_le_target,0.0009375,0.0009375,0.001,1.6426722879315339,3,0,800,3197,0.0009375,0.0,False,max_tpr_with_empirical_fpr_le_target,32,True,False,9.205945308027287,9.166512562307338,0.76625,KIDNEY_STONE,GNB,dp,0.2,1
0.502254296875,0.029687499999999978,3200,800,0.1184375,0.1184375,0.1,0.3485930402758717,379,80,720,2821,0.1184375,0.1,True,max_tpr_with_empirical_fpr_le_target,0.02625,0.02625,0.01,0.7891470189028404,84,8,792,3116,0.02625,0.01,True,max_tpr_with_empirical_fpr_le_target,0.00125,0.00125,0.001,2.1972786108989,4,0,800,3196,0.00125,0.0,False,max_tpr_with_empirical_fpr_le_target,32,True,False,8.953233299902752,8.936854354949629,0.76625,KIDNEY_STONE,GNB,dp,0.2,2
0.503529296875,0.027187499999999976,3200,800,0.10375,0.10375,0.1,0.3595942750490515,332,79,721,2868,0.10375,0.09875,True,max_tpr_with_empirical_fpr_le_target,0.0103125,0.0103125,0.01,1.049216744007011,33,8,792,3167,0.0103125,0.01,True,max_tpr_with_empirical_fpr_le_target,0.001875,0.001875,0.001,1.8010904318366734,6,0,800,3194,0.001875,0.0,False,max_tpr_with_empirical_fpr_le_target,32,True,False,8.421466782560476,8.407094792118908,0.76625,KIDNEY_STONE,GNB,dp,0.2,3
0.50647734375,0.03249999999999997,3200,800,0.1134375,0.1134375,0.1,0.3962961389638755,363,80,720,2837,0.1134375,0.1,True,max_tpr_with_empirical_fpr_le_target,0.011875,0.011875,0.01,1.1788035683564648,38,7,793,3162,0.011875,0.00875,True,max_tpr_with_empirical_fpr_le_target,0.0003125,0.0003125,0.001,2.5186289530632484,1,0,800,3199,0.0003125,0.0,False,max_tpr_with_empirical_fpr_le_target,32,True,False,8.291429004873894,8.251931291849125,0.76625,KIDNEY_STONE,GNB,dp,0.2,4
0.51041875,0.04062500000000002,3200,800,0.1046875,0.1046875,0.1,0.38787686263553267,335,80,720,2865,0.1046875,0.1,True,max_tpr_with_empirical_fpr_le_target,0.019375,0.019375,0.01,0.8689309413410689,62,6,794,3138,0.019375,0.0075,True,max_tpr_with_empirical_fpr_le_target,0.000625,0.000625,0.001,1.9223791253360716,2,0,800,3198,0.000625,0.0,False,max_tpr_with_empirical_fpr_le_target,32,True,False,9.180312782037285,9.211376564407457,0.76625,KIDNEY_STONE,GNB,dp,0.2,5
0.508162890625,0.036875000000000005,3200,800,0.123125,0.123125,0.1,0.32816813647662757,394,80,720,2806,0.123125,0.1,True,max_tpr_with_empirical_fpr_le_target,0.0275,0.0275,0.01,0.7321186495628811,88,8,792,3112,0.0275,0.01,True,max_tpr_with_empirical_fpr_le_target,0.0034375,0.0034375,0.001,1.510818800148468,11,0,800,3189,0.0034375,0.0,False,max_tpr_with_empirical_fpr_le_target,32,True,False,8.951174626602674,8.959281226984118,0.76625,KIDNEY_STONE,GNB,dp,0.2,6
0.4901429687500001,0.016562499999999994,3200,800,0.113125,0.113125,0.1,0.43717351053493037,362,80,720,2838,0.113125,0.1,True,max_tpr_with_empirical_fpr_le_target,0.0134375,0.0134375,0.01,0.8979832506161758,43,8,792,3157,0.0134375,0.01,True,max_tpr_with_empirical_fpr_le_target,0.000625,0.000625,0.001,1.478305223538964,2,0,800,3198,0.000625,0.0,False,max_tpr_with_empirical_fpr_le_target,32,True,False,9.642488562673842,9.679099910892326,0.76625,KIDNEY_STONE,GNB,dp,0.2,7
0.51704609375,0.03781249999999997,3200,800,0.111875,0.111875,0.1,0.346065705954119,358,80,720,2842,0.111875,0.1,True,max_tpr_with_empirical_fpr_le_target,0.016875,0.016875,0.01,0.8029580854629033,54,8,792,3146,0.016875,0.01,True,max_tpr_with_empirical_fpr_le_target,0.0003125,0.0003125,0.001,1.8323486879378912,1,0,800,3199,0.0003125,0.0,False,max_tpr_with_empirical_fpr_le_target,32,True,False,8.73855055990747,8.787971791504434,0.76625,KIDNEY_STONE,GNB,dp,0.2,8
0.48896328125,0.009062500000000001,3200,800,0.0896875,0.0896875,0.1,0.36416943211757413,287,80,720,2913,0.0896875,0.1,True,max_tpr_with_empirical_fpr_le_target,0.01375,0.01375,0.01,0.9713086613206703,44,8,792,3156,0.01375,0.01,True,max_tpr_with_empirical_fpr_le_target,0.001875,0.001875,0.001,1.6151949098397775,6,0,800,3194,0.001875,0.0,False,max_tpr_with_empirical_fpr_le_target,32,True,False,8.687219938466466,8.653164656314331,0.76625,KIDNEY_STONE,GNB,dp,0.2,9
0.47197226562499994,0.0037500000000000033,3200,800,0.0996875,0.0996875,0.1,0.5111586984588672,319,80,720,2881,0.0996875,0.1,True,max_tpr_with_empirical_fpr_le_target,0.0084375,0.0084375,0.01,1.0724512967361033,27,8,792,3173,0.0084375,0.01,True,max_tpr_with_empirical_fpr_le_target,0.0,0.0,0.001,inf,0,0,800,3200,0.0,0.0,False,max_tpr_with_empirical_fpr_le_target,32,True,False,8.406593465748506,8.423915448399724,0.76625,KIDNEY_STONE,GNB,dp,0.2,10
0.509243359375,0.030937500000000007,3200,800,0.1209375,0.1209375,0.1,0.30889111303778316,387,80,720,2813,0.1209375,0.1,True,max_tpr_with_empirical_fpr_le_target,0.01625,0.01625,0.01,0.92023923862829,52,8,792,3148,0.01625,0.01,True,max_tpr_with_empirical_fpr_le_target,0.000625,0.000625,0.001,2.278686725666016,2,0,800,3198,0.000625,0.0,False,max_tpr_with_empirical_fpr_le_target,32,True,False,8.011635468670796,8.04535207430888,0.76625,KIDNEY_STONE,GNB,dp,0.2,11
0.4974878906250001,0.018125000000000058,3200,800,0.1034375,0.1034375,0.1,0.43450711856919977,331,80,720,2869,0.1034375,0.1,True,max_tpr_with_empirical_fpr_le_target,0.0053125,0.0053125,0.01,1.1796652378513572,17,8,792,3183,0.0053125,0.01,True,max_tpr_with_empirical_fpr_le_target,0.0003125,0.0003125,0.001,2.465508466846126,1,0,800,3199,0.0003125,0.0,False,max_tpr_with_empirical_fpr_le_target,32,True,False,9.240030016566404,9.286458345276573,0.76625,KIDNEY_STONE,GNB,dp,0.2,12
0.5013085937499999,0.022187500000000006,3200,800,0.111875,0.111875,0.1,0.3935990239318783,358,80,720,2842,0.111875,0.1,True,max_tpr_with_empirical_fpr_le_target,0.0134375,0.0134375,0.01,0.8477961164598069,43,8,792,3157,0.0134375,0.01,True,max_tpr_with_empirical_fpr_le_target,0.000625,0.000625,0.001,1.7850778299847523,2,0,800,3198,0.000625,0.0,False,max_tpr_with_empirical_fpr_le_target,32,True,False,9.422780266423645,9.485970070562109,0.76625,KIDNEY_STONE,GNB,dp,0.2,13
0.5028453125,0.02562500000000001,3200,800,0.095,0.095,0.1,0.40597996222133315,304,78,722,2896,0.095,0.0975,True,max_tpr_with_empirical_fpr_le_target,0.0084375,0.0084375,0.01,0.9632043112451871,27,8,792,3173,0.0084375,0.01,True,max_tpr_with_empirical_fpr_le_target,0.00125,0.00125,0.001,1.685643534642658,4,0,800,3196,0.00125,0.0,False,max_tpr_with_empirical_fpr_le_target,32,True,False,9.03570582367026,9.054229703269206,0.76625,KIDNEY_STONE,GNB,dp,0.2,14
0.50452265625,0.028437499999999977,3200,800,0.1146875,0.1146875,0.1,0.3773210596351366,367,80,720,2833,0.1146875,0.1,True,max_tpr_with_empirical_fpr_le_target,0.0225,0.0225,0.01,0.7430579347210982,72,8,792,3128,0.0225,0.01,True,max_tpr_with_empirical_fpr_le_target,0.00375,0.00375,0.001,1.3881193223533428,12,0,800,3188,0.00375,0.0,False,max_tpr_with_empirical_fpr_le_target,32,True,False,8.211548430478116,8.210328212645088,0.76625,KIDNEY_STONE,GNB,dp,0.2,15
0.487337890625,0.010312500000000002,3200,800,0.0846875,0.0846875,0.1,0.3773166708514766,271,80,720,2929,0.0846875,0.1,True,max_tpr_with_empirical_fpr_le_target,0.0053125,0.0053125,0.01,1.0784597849764568,17,8,792,3183,0.0053125,0.01,True,max_tpr_with_empirical_fpr_le_target,0.0003125,0.0003125,0.001,2.1908988792671593,1,0,800,3199,0.0003125,0.0,False,max_tpr_with_empirical_fpr_le_target,32,True,False,8.881267128921419,8.900245610081228,0.76625,KIDNEY_STONE,GNB,dp,0.2,16
0.49723359375,0.010624999999999996,3200,800,0.1059375,0.1059375,0.1,0.3782956903049559,339,80,720,2861,0.1059375,0.1,True,max_tpr_with_empirical_fpr_le_target,0.009375,0.009375,0.01,1.1017279421207853,30,8,792,3170,0.009375,0.01,True,max_tpr_with_empirical_fpr_le_target,0.0,0.0,0.001,inf,0,0,800,3200,0.0,0.0,False,max_tpr_with_empirical_fpr_le_target,32,True,False,8.400191716908605,8.438955857989352,0.76625,KIDNEY_STONE,GNB,dp,0.2,17
0.490884765625,0.010312499999999995,3200,800,0.1009375,0.1009375,0.1,0.48967560150568357,323,80,720,2877,0.1009375,0.1,True,max_tpr_with_empirical_fpr_le_target,0.0115625,0.0115625,0.01,1.0391975332692684,37,8,792,3163,0.0115625,0.01,True,max_tpr_with_empirical_fpr_le_target,0.000625,0.000625,0.001,1.943200355673099,2,0,800,3198,0.000625,0.0,False,max_tpr_with_empirical_fpr_le_target,32,True,False,9.716584967945293,9.73282282035146,0.76625,KIDNEY_STONE,GNB,dp,0.2,18
0.508156640625,0.0365625,3200,800,0.1278125,0.1278125,0.1,0.3517994073626829,409,80,720,2791,0.1278125,0.1,True,max_tpr_with_empirical_fpr_le_target,0.01125,0.01125,0.01,0.8713297131747098,36,8,792,3164,0.01125,0.01,True,max_tpr_with_empirical_fpr_le_target,0.0003125,0.0003125,0.001,2.126574433151679,1,0,800,3199,0.0003125,0.0,False,max_tpr_with_empirical_fpr_le_target,32,True,False,9.029783510833056,9.046719945891962,0.76625,KIDNEY_STONE,GNB,dp,0.2,19
0.51037265625,0.03093749999999995,3200,800,0.1075,0.1075,0.1,0.3924403086857464,344,80,720,2856,0.1075,0.1,True,max_tpr_with_empirical_fpr_le_target,0.0153125,0.0153125,0.01,0.8742238125123265,49,8,792,3151,0.0153125,0.01,True,max_tpr_with_empirical_fpr_le_target,0.0015625,0.0015625,0.001,1.5316642302747887,5,0,800,3195,0.0015625,0.0,False,max_tpr_with_empirical_fpr_le_target,32,True,False,8.422514134010315,8.466709704559053,0.76625,KIDNEY_STONE,GNB,dp,0.2,20
0.496307421875,0.032187499999999994,3200,800,0.1228125,0.1228125,0.1,0.3221309921450417,393,79,721,2807,0.1228125,0.09875,True,max_tpr_with_empirical_fpr_le_target,0.0159375,0.0159375,0.01,0.743902575381199,51,8,792,3149,0.0159375,0.01,True,max_tpr_with_empirical_fpr_le_target,0.0015625,0.0015625,0.001,1.4622248005737237,5,0,800,3195,0.0015625,0.0,False,max_tpr_with_empirical_fpr_le_target,32,True,False,9.363076555358713,9.364863890399338,0.76625,KIDNEY_STONE,GNB,dp,0.2,21
0.48512304687499996,0.0028125000000000003,3200,800,0.0946875,0.0946875,0.1,0.38190619866109055,303,80,720,2897,0.0946875,0.1,True,max_tpr_with_empirical_fpr_le_target,0.011875,0.011875,0.01,0.916911680178881,38,8,792,3162,0.011875,0.01,True,max_tpr_with_empirical_fpr_le_target,0.001875,0.001875,0.001,1.5967553681160584,6,0,800,3194,0.001875,0.0,False,max_tpr_with_empirical_fpr_le_target,32,True,False,9.165772270625148,9.141518371762167,0.76625,KIDNEY_STONE,GNB,dp,0.2,22
0.49440273437500004,0.015625,3200,800,0.0971875,0.0971875,0.1,0.4236949891400674,311,80,720,2889,0.0971875,0.1,True,max_tpr_with_empirical_fpr_le_target,0.0125,0.0125,0.01,1.0809660049023133,40,8,792,3160,0.0125,0.01,True,max_tpr_with_empirical_fpr_le_target,0.0003125,0.0003125,0.001,2.746444021178802,1,0,800,3199,0.0003125,0.0,False,max_tpr_with_empirical_fpr_le_target,32,True,False,7.834450148799767,7.825077591882821,0.76625,KIDNEY_STONE,GNB,dp,0.2,23
0.5039828125,0.02906249999999999,3200,800,0.1146875,0.1146875,0.1,0.2811183109286097,367,80,720,2833,0.1146875,0.1,True,max_tpr_with_empirical_fpr_le_target,0.0115625,0.0115625,0.01,1.1775227196877402,37,8,792,3163,0.0115625,0.01,True,max_tpr_with_empirical_fpr_le_target,0.0,0.0,0.001,inf,0,0,800,3200,0.0,0.0,False,max_tpr_with_empirical_fpr_le_target,32,True,False,7.967800173348677,8.00276782743318,0.76625,KIDNEY_STONE,GNB,dp,0.2,24
0.48002148437500003,0.001875,3200,800,0.096875,0.096875,0.1,0.3341487227421558,310,79,721,2890,0.096875,0.09875,True,max_tpr_with_empirical_fpr_le_target,0.0078125,0.0078125,0.01,1.0279635562214113,25,8,792,3175,0.0078125,0.01,True,max_tpr_with_empirical_fpr_le_target,0.001875,0.001875,0.001,1.5101698633881995,6,0,800,3194,0.001875,0.0,False,max_tpr_with_empirical_fpr_le_target,32,True,False,8.73615642411489,8.69781662529622,0.76625,KIDNEY_STONE,GNB,dp,0.2,25
0.500328515625,0.02375000000000002,3200,800,0.1078125,0.1078125,0.1,0.327607714401855,345,80,720,2855,0.1078125,0.1,True,max_tpr_with_empirical_fpr_le_target,0.014375,0.014375,0.01,0.8551069553197235,46,7,793,3154,0.014375,0.00875,True,max_tpr_with_empirical_fpr_le_target,0.00125,0.00125,0.001,1.9739351641835805,4,0,800,3196,0.00125,0.0,False,max_tpr_with_empirical_fpr_le_target,32,True,False,8.721689571447246,8.723265267794286,0.76625,KIDNEY_STONE,GNB,dp,0.2,26
0.506197265625,0.03375,3200,800,0.131875,0.131875,0.1,0.3458372615964147,422,80,720,2778,0.131875,0.1,True,max_tpr_with_empirical_fpr_le_target,0.0203125,0.0203125,0.01,0.9902818200268806,65,8,792,3135,0.0203125,0.01,True,max_tpr_with_empirical_fpr_le_target,0.003125,0.003125,0.001,1.7831189067303255,10,0,800,3190,0.003125,0.0,False,max_tpr_with_empirical_fpr_le_target,32,True,False,7.9330051008102345,7.963764144206315,0.76625,KIDNEY_STONE,GNB,dp,0.2,27
0.517823046875,0.05624999999999997,3200,800,0.105625,0.105625,0.1,0.34419216693741683,338,80,720,2862,0.105625,0.1,True,max_tpr_with_empirical_fpr_le_target,0.0090625,0.0090625,0.01,1.0090698663278008,29,8,792,3171,0.0090625,0.01,True,max_tpr_with_empirical_fpr_le_target,0.0015625,0.0015625,0.001,1.5452936153197285,5,0,800,3195,0.0015625,0.0,False,max_tpr_with_empirical_fpr_le_target,32,True,False,8.602249967086136,8.635576705035923,0.76625,KIDNEY_STONE,GNB,dp,0.2,28
0.48234257812500003,0.009062499999999973,3200,800,0.0878125,0.0878125,0.1,0.4041041585801617,281,80,720,2919,0.0878125,0.1,True,max_tpr_with_empirical_fpr_le_target,0.0109375,0.0109375,0.01,1.0359590758962893,35,8,792,3165,0.0109375,0.01,True,max_tpr_with_empirical_fpr_le_target,0.0025,0.0025,0.001,1.7703449861707998,8,0,800,3192,0.0025,0.0,False,max_tpr_with_empirical_fpr_le_target,32,True,False,8.40153511889778,8.489747278882046,0.76625,KIDNEY_STONE,GNB,dp,0.2,29
0.49013749999999995,0.015625,3200,800,0.091875,0.091875,0.1,0.3970422930366597,294,80,720,2906,0.091875,0.1,True,max_tpr_with_empirical_fpr_le_target,0.0071875,0.0071875,0.01,0.830619111848109,23,8,792,3177,0.0071875,0.01,True,max_tpr_with_empirical_fpr_le_target,0.0015625,0.0015625,0.001,1.2368019826801238,5,0,800,3195,0.0015625,0.0,False,max_tpr_with_empirical_fpr_le_target,32,True,False,8.750561480963901,8.783661229685384,0.88875,KIDNEY_STONE,GNB,dp,0.4,0
0.50804765625,0.024687500000000084,3200,800,0.1040625,0.1040625,0.1,0.2567133436738791,333,79,721,2867,0.1040625,0.09875,True,max_tpr_with_empirical_fpr_le_target,0.0115625,0.0115625,0.01,0.6276024017863504,37,8,792,3163,0.0115625,0.01,True,max_tpr_with_empirical_fpr_le_target,0.001875,0.001875,0.001,0.9381907622280155,6,0,800,3194,0.001875,0.0,False,max_tpr_with_empirical_fpr_le_target,32,True,False,7.504953502954645,7.4471582556106215,0.88875,KIDNEY_STONE,GNB,dp,0.4,1
0.482103125,0.010000000000000009,3200,800,0.0821875,0.0821875,0.1,0.3774756851050145,263,80,720,2937,0.0821875,0.1,True,max_tpr_with_empirical_fpr_le_target,0.0153125,0.0153125,0.01,0.7187902688847867,49,8,792,3151,0.0153125,0.01,True,max_tpr_with_empirical_fpr_le_target,0.001875,0.001875,0.001,1.0595276123674249,6,0,800,3194,0.001875,0.0,False,max_tpr_with_empirical_fpr_le_target,32,True,False,7.273641624948159,7.286086635790546,0.88875,KIDNEY_STONE,GNB,dp,0.4,2
0.500884765625,0.03874999999999995,3200,800,0.0803125,0.0803125,0.1,0.2995421226010926,257,80,720,2943,0.0803125,0.1,True,max_tpr_with_empirical_fpr_le_target,0.0090625,0.0090625,0.01,0.595877338034208,29,8,792,3171,0.0090625,0.01,True,max_tpr_with_empirical_fpr_le_target,0.0009375,0.0009375,0.001,1.0513199659417198,3,0,800,3197,0.0009375,0.0,False,max_tpr_with_empirical_fpr_le_target,32,True,False,7.3930356905542185,7.448092614001839,0.88875,KIDNEY_STONE,GNB,dp,0.4,3
0.5025187499999999,0.03218750000000001,3200,800,0.13,0.13,0.1,0.243719676281001,416,80,720,2784,0.13,0.1,True,max_tpr_with_empirical_fpr_le_target,0.01,0.01,0.01,0.6606509393058517,32,8,792,3168,0.01,0.01,True,max_tpr_with_empirical_fpr_le_target,0.0,0.0,0.001,inf,0,0,800,3200,0.0,0.0,False,max_tpr_with_empirical_fpr_le_target,32,True,False,6.724962049707163,6.732446837786125,0.88875,KIDNEY_STONE,GNB,dp,0.4,4
0.516090234375,0.03093749999999995,3200,800,0.1290625,0.1290625,0.1,0.2577988382913974,413,80,720,2787,0.1290625,0.1,True,max_tpr_with_empirical_fpr_le_target,0.0078125,0.0078125,0.01,0.7079317765259723,25,8,792,3175,0.0078125,0.01,True,max_tpr_with_empirical_fpr_le_target,0.0003125,0.0003125,0.001,1.2068878140461137,1,0,800,3199,0.0003125,0.0,False,max_tpr_with_empirical_fpr_le_target,32,True,False,6.279068841560693,6.254169626410153,0.88875,KIDNEY_STONE,GNB,dp,0.4,5
0.49511484375,0.020000000000000004,3200,800,0.1078125,0.1078125,0.1,0.274558134660841,345,80,720,2855,0.1078125,0.1,True,max_tpr_with_empirical_fpr_le_target,0.01625,0.01625,0.01,0.5486805608472309,52,8,792,3148,0.01625,0.01,True,max_tpr_with_empirical_fpr_le_target,0.00625,0.00625,0.001,0.7060391611039352,20,0,800,3180,0.00625,0.0,False,max_tpr_with_empirical_fpr_le_target,32,True,False,7.854903066644269,7.87100355474897,0.88875,KIDNEY_STONE,GNB,dp,0.4,6
0.490391796875,0.015312500000000062,3200,800,0.086875,0.086875,0.1,0.35023190808949645,278,79,721,2922,0.086875,0.09875,True,max_tpr_with_empirical_fpr_le_target,0.0125,0.0125,0.01,0.751060024767507,40,8,792,3160,0.0125,0.01,True,max_tpr_with_empirical_fpr_le_target,0.0015625,0.0015625,0.001,1.2174387515649818,5,0,800,3195,0.0015625,0.0,False,max_tpr_with_empirical_fpr_le_target,32,True,False,8.006999133163179,8.04708417842081,0.88875,KIDNEY_STONE,GNB,dp,0.4,7
0.501009375,0.025312500000000016,3200,800,0.08375,0.08375,0.1,0.3083652932219634,268,80,720,2932,0.08375,0.1,True,max_tpr_with_empirical_fpr_le_target,0.0128125,0.0128125,0.01,0.5669309497376358,41,7,793,3159,0.0128125,0.00875,True,max_tpr_with_empirical_fpr_le_target,0.0025,0.0025,0.001,0.8691113946182596,8,0,800,3192,0.0025,0.0,False,max_tpr_with_empirical_fpr_le_target,32,True,False,7.491776939406784,7.507570642288608,0.88875,KIDNEY_STONE,GNB,dp,0.4,8
0.5120480468749999,0.03500000000000003,3200,800,0.1053125,0.1053125,0.1,0.3029706298021071,337,80,720,2863,0.1053125,0.1,True,max_tpr_with_empirical_fpr_le_target,0.0078125,0.0078125,0.01,0.6678311287129448,25,8,792,3175,0.0078125,0.01,True,max_tpr_with_empirical_fpr_le_target,0.0009375,0.0009375,0.001,0.9864265762528897,3,0,800,3197,0.0009375,0.0,False,max_tpr_with_empirical_fpr_le_target,32,True,False,7.353308818650592,7.2945332426703455,0.88875,KIDNEY_STONE,GNB,dp,0.4,9
0.5134062500000001,0.03687499999999999,3200,800,0.1090625,0.1090625,0.1,0.3228984846720304,349,80,720,2851,0.1090625,0.1,True,max_tpr_with_empirical_fpr_le_target,0.0165625,0.0165625,0.01,0.6471389496045483,53,8,792,3147,0.0165625,0.01,True,max_tpr_with_empirical_fpr_le_target,0.0003125,0.0003125,0.001,1.6847630393861568,1,0,800,3199,0.0003125,0.0,False,max_tpr_with_empirical_fpr_le_target,32,True,False,8.166369511256116,8.222637162902284,0.88875,KIDNEY_STONE,GNB,dp,0.4,10
0.506704296875,0.027812499999999962,3200,800,0.1025,0.1025,0.1,0.27782680578107,328,80,720,2872,0.1025,0.1,True,max_tpr_with_empirical_fpr_le_target,0.0109375,0.0109375,0.01,0.6553707968556659,35,8,792,3165,0.0109375,0.01,True,max_tpr_with_empirical_fpr_le_target,0.0,0.0,0.001,inf,0,0,800,3200,0.0,0.0,False,max_tpr_with_empirical_fpr_le_target,32,True,False,7.785371878807235,7.777788443871766,0.88875,KIDNEY_STONE,GNB,dp,0.4,11
0.5059046875,0.0409375,3200,800,0.129375,0.129375,0.1,0.26174484741204385,414,79,721,2786,0.129375,0.09875,True,max_tpr_with_empirical_fpr_le_target,0.0171875,0.0171875,0.01,0.548392304531363,55,7,793,3145,0.0171875,0.00875,True,max_tpr_with_empirical_fpr_le_target,0.000625,0.000625,0.001,1.0856791306839666,2,0,800,3198,0.000625,0.0,False,max_tpr_with_empirical_fpr_le_target,32,True,False,6.951042546462251,7.018455477022259,0.88875,KIDNEY_STONE,GNB,dp,0.4,12
0.498130859375,0.019374999999999976,3200,800,0.090625,0.090625,0.1,0.38805920912332814,290,80,720,2910,0.090625,0.1,True,max_tpr_with_empirical_fpr_le_target,0.0078125,0.0078125,0.01,0.9017964066466062,25,8,792,3175,0.0078125,0.01,True,max_tpr_with_empirical_fpr_le_target,0.0,0.0,0.001,inf,0,0,800,3200,0.0,0.0,False,max_tpr_with_empirical_fpr_le_target,32,True,False,7.018083846746786,7.017701275329866,0.88875,KIDNEY_STONE,GNB,dp,0.4,13
0.493918359375,0.019999999999999962,3200,800,0.1084375,0.1084375,0.1,0.30852218122545416,347,80,720,2853,0.1084375,0.1,True,max_tpr_with_empirical_fpr_le_target,0.0096875,0.0096875,0.01,0.8143889250521297,31,6,794,3169,0.0096875,0.0075,True,max_tpr_with_empirical_fpr_le_target,0.000625,0.000625,0.001,1.7723729790778142,2,0,800,3198,0.000625,0.0,False,max_tpr_with_empirical_fpr_le_target,32,True,False,6.677293865832712,6.708730233397775,0.88875,KIDNEY_STONE,GNB,dp,0.4,14
0.511659375,0.0384374999999999,3200,800,0.0896875,0.0896875,0.1,0.37825599020189227,287,80,720,2913,0.0896875,0.1,True,max_tpr_with_empirical_fpr_le_target,0.0115625,0.0115625,0.01,0.800105721811577,37,8,792,3163,0.0115625,0.01,True,max_tpr_with_empirical_fpr_le_target,0.0003125,0.0003125,0.001,1.4006198295548193,1,0,800,3199,0.0003125,0.0,False,max_tpr_with_empirical_fpr_le_target,32,True,False,6.1818806681682155,6.169906951451184,0.88875,KIDNEY_STONE,GNB,dp,0.4,15
0.513903125,0.03656250000000005,3200,800,0.0934375,0.0934375,0.1,0.26993657087259937,299,79,721,2901,0.0934375,0.09875,True,max_tpr_with_empirical_fpr_le_target,0.016875,0.016875,0.01,0.5312242947749342,54,8,792,3146,0.016875,0.01,True,max_tpr_with_empirical_fpr_le_target,0.00625,0.00625,0.001,0.669539409923082,20,0,800,3180,0.00625,0.0,False,max_tpr_with_empirical_fpr_le_target,32,True,False,7.508076951834362,7.546850251757143,0.88875,KIDNEY_STONE,GNB,dp,0.4,16
0.501552734375,0.020937499999999998,3200,800,0.1125,0.1125,0.1,0.3452064073240022,360,80,720,2840,0.1125,0.1,True,max_tpr_with_empirical_fpr_le_target,0.0084375,0.0084375,0.01,0.904850246832364,27,8,792,3173,0.0084375,0.01,True,max_tpr_with_empirical_fpr_le_target,0.0040625,0.0040625,0.001,1.113797669363052,13,0,800,3187,0.0040625,0.0,False,max_tpr_with_empirical_fpr_le_target,32,True,False,7.848800285910109,7.901079394450233,0.88875,KIDNEY_STONE,GNB,dp,0.4,17
0.497256640625,0.013125000000000053,3200,800,0.0890625,0.0890625,0.1,0.31473253710178284,285,80,720,2915,0.0890625,0.1,True,max_tpr_with_empirical_fpr_le_target,0.01125,0.01125,0.01,0.664751663702857,36,8,792,3164,0.01125,0.01,True,max_tpr_with_empirical_fpr_le_target,0.0009375,0.0009375,0.001,1.1603674884129465,3,0,800,3197,0.0009375,0.0,False,max_tpr_with_empirical_fpr_le_target,32,True,False,8.552371161067668,8.554451315279634,0.88875,KIDNEY_STONE,GNB,dp,0.4,18
0.50464375,0.029687499999999978,3200,800,0.0915625,0.0915625,0.1,0.3082575209509142,293,79,721,2907,0.0915625,0.09875,True,max_tpr_with_empirical_fpr_le_target,0.0071875,0.0071875,0.01,0.6988878749394791,23,7,793,3177,0.0071875,0.00875,True,max_tpr_with_empirical_fpr_le_target,0.0003125,0.0003125,0.001,1.328871785465156,1,0,800,3199,0.0003125,0.0,False,max_tpr_with_empirical_fpr_le_target,32,True,False,8.572481420977784,8.611475166724862,0.88875,KIDNEY_STONE,GNB,dp,0.4,19
0.5060855468750001,0.027812500000000018,3200,800,0.108125,0.108125,0.1,0.237851525987689,346,80,720,2854,0.108125,0.1,True,max_tpr_with_empirical_fpr_le_target,0.0140625,0.0140625,0.01,0.6874847905236208,45,8,792,3155,0.0140625,0.01,True,max_tpr_with_empirical_fpr_le_target,0.0028125,0.0028125,0.001,1.254117175407063,9,0,800,3191,0.0028125,0.0,False,max_tpr_with_empirical_fpr_le_target,32,True,False,6.0653131887938025,6.071484635899879,0.88875,KIDNEY_STONE,GNB,dp,0.4,20
0.492518359375,0.016875000000000084,3200,800,0.0959375,0.0959375,0.1,0.3360882062826427,307,80,720,2893,0.0959375,0.1,True,max_tpr_with_empirical_fpr_le_target,0.009375,0.009375,0.01,0.7219221706362262,30,8,792,3170,0.009375,0.01,True,max_tpr_with_empirical_fpr_le_target,0.001875,0.001875,0.001,1.0495718580837066,6,0,800,3194,0.001875,0.0,False,max_tpr_with_empirical_fpr_le_target,32,True,False,7.20392998660279,7.178033918554746,0.88875,KIDNEY_STONE,GNB,dp,0.4,21
0.481040234375,0.012812500000000004,3200,800,0.10875,0.10875,0.1,0.29426243300330057,348,80,720,2852,0.10875,0.1,True,max_tpr_with_empirical_fpr_le_target,0.0090625,0.0090625,0.01,0.7099691425391992,29,7,793,3171,0.0090625,0.00875,True,max_tpr_with_empirical_fpr_le_target,0.0025,0.0025,0.001,0.9092465138055834,8,0,800,3192,0.0025,0.0,False,max_tpr_with_empirical_fpr_le_target,32,True,False,7.38496825953287,7.418344730252332,0.88875,KIDNEY_STONE,GNB,dp,0.4,22
0.491682421875,0.010937500000000044,3200,800,0.0878125,0.0878125,0.1,0.26501782657945494,281,80,720,2919,0.0878125,0.1,True,max_tpr_with_empirical_fpr_le_target,0.00625,0.00625,0.01,0.6850378227580061,20,7,793,3180,0.00625,0.00875,True,max_tpr_with_empirical_fpr_le_target,0.0015625,0.0015625,0.001,0.9019365805411592,5,0,800,3195,0.0015625,0.0,False,max_tpr_with_empirical_fpr_le_target,32,True,False,6.73762671777695,6.70170986822375,0.88875,KIDNEY_STONE,GNB,dp,0.4,23
0.47942187499999994,0.007499999999999951,3200,800,0.083125,0.083125,0.1,0.2677870101904096,266,80,720,2934,0.083125,0.1,True,max_tpr_with_empirical_fpr_le_target,0.0128125,0.0128125,0.01,0.5585829892008887,41,8,792,3159,0.0128125,0.01,True,max_tpr_with_empirical_fpr_le_target,0.0015625,0.0015625,0.001,1.01782191895601,5,0,800,3195,0.0015625,0.0,False,max_tpr_with_empirical_fpr_le_target,32,True,False,6.719503042519654,6.706273145346754,0.88875,KIDNEY_STONE,GNB,dp,0.4,24
0.499106640625,0.013125000000000053,3200,800,0.1078125,0.1078125,0.1,0.27692579961148445,345,80,720,2855,0.1078125,0.1,True,max_tpr_with_empirical_fpr_le_target,0.0053125,0.0053125,0.01,0.8137374353921301,17,8,792,3183,0.0053125,0.01,True,max_tpr_with_empirical_fpr_le_target,0.0009375,0.0009375,0.001,1.2231634828953943,3,0,800,3197,0.0009375,0.0,False,max_tpr_with_empirical_fpr_le_target,32,True,False,7.263559607668163,7.24726678106513,0.88875,KIDNEY_STONE,GNB,dp,0.4,25
0.49713359375,0.020937500000000053,3200,800,0.1028125,0.1028125,0.1,0.2913172189232678,329,80,720,2871,0.1028125,0.1,True,max_tpr_with_empirical_fpr_le_target,0.010625,0.010625,0.01,0.6372849630599036,34,8,792,3166,0.010625,0.01,True,max_tpr_with_empirical_fpr_le_target,0.0,0.0,0.001,inf,0,0,800,3200,0.0,0.0,False,max_tpr_with_empirical_fpr_le_target,32,True,False,7.429881022941593,7.459926594318205,0.88875,KIDNEY_STONE,GNB,dp,0.4,26
0.49974765625,0.020937499999999998,3200,800,0.0928125,0.0928125,0.1,0.3125795810423466,297,80,720,2903,0.0928125,0.1,True,max_tpr_with_empirical_fpr_le_target,0.0084375,0.0084375,0.01,0.7013087301643566,27,8,792,3173,0.0084375,0.01,True,max_tpr_with_empirical_fpr_le_target,0.0021875,0.0021875,0.001,0.9142874055212089,7,0,800,3193,0.0021875,0.0,False,max_tpr_with_empirical_fpr_le_target,32,True,False,7.4921368891182,7.502835486628478,0.88875,KIDNEY_STONE,GNB,dp,0.4,27
0.479894140625,0.018437499999999996,3200,800,0.1065625,0.1065625,0.1,0.32285879439798615,341,80,720,2859,0.1065625,0.1,True,max_tpr_with_empirical_fpr_le_target,0.009375,0.009375,0.01,0.779712461864897,30,6,794,3170,0.009375,0.0075,True,max_tpr_with_empirical_fpr_le_target,0.0009375,0.0009375,0.001,1.2853875432074653,3,0,800,3197,0.0009375,0.0,False,max_tpr_with_empirical_fpr_le_target,32,True,False,8.738482101170753,8.753837592971749,0.88875,KIDNEY_STONE,GNB,dp,0.4,28
0.49131054687500003,0.011874999999999997,3200,800,0.1053125,0.1053125,0.1,0.31955925421226183,337,80,720,2863,0.1053125,0.1,True,max_tpr_with_empirical_fpr_le_target,0.015,0.015,0.01,0.6452771446383809,48,8,792,3152,0.015,0.01,True,max_tpr_with_empirical_fpr_le_target,0.0,0.0,0.001,inf,0,0,800,3200,0.0,0.0,False,max_tpr_with_empirical_fpr_le_target,32,True,False,7.2824727155947295,7.265787833955634,0.88875,KIDNEY_STONE,GNB,dp,0.4,29
0.49480683593749997,0.02156250000000004,3200,800,0.1090625,0.1090625,0.1,0.2132886712072306,349,80,720,2851,0.1090625,0.1,True,max_tpr_with_empirical_fpr_le_target,0.0084375,0.0084375,0.01,0.6178167318426344,27,8,792,3173,0.0084375,0.01,True,max_tpr_with_empirical_fpr_le_target,0.0,0.0,0.001,inf,0,0,800,3200,0.0,0.0,False,max_tpr_with_empirical_fpr_le_target,32,True,False,7.854890746397248,7.910949322047064,0.885,KIDNEY_STONE,GNB,dp,0.8,0
0.488834375,0.015312500000000007,3200,800,0.0975,0.0975,0.1,0.20450297479813084,312,80,720,2888,0.0975,0.1,True,max_tpr_with_empirical_fpr_le_target,0.00375,0.00375,0.01,0.7440404611571179,12,8,792,3188,0.00375,0.01,True,max_tpr_with_empirical_fpr_le_target,0.0009375,0.0009375,0.001,1.2840010935313404,3,0,800,3197,0.0009375,0.0,False,max_tpr_with_empirical_fpr_le_target,32,True,False,5.899806922926165,5.922617693082249,0.885,KIDNEY_STONE,GNB,dp,0.8,1
0.49650976562500004,0.016875000000000084,3200,800,0.0890625,0.0890625,0.1,0.21881022777164372,285,80,720,2915,0.0890625,0.1,True,max_tpr_with_empirical_fpr_le_target,0.0084375,0.0084375,0.01,0.6533605919513819,27,8,792,3173,0.0084375,0.01,True,max_tpr_with_empirical_fpr_le_target,0.0003125,0.0003125,0.001,1.8675813912439763,1,0,800,3199,0.0003125,0.0,False,max_tpr_with_empirical_fpr_le_target,32,True,False,5.6802024511220415,5.711591646588653,0.885,KIDNEY_STONE,GNB,dp,0.8,2
0.49724355468750003,0.024375000000000036,3200,800,0.1075,0.1075,0.1,0.1640417206641871,344,80,720,2856,0.1075,0.1,True,max_tpr_with_empirical_fpr_le_target,0.0121875,0.0121875,0.01,0.555818524424553,39,8,792,3161,0.0121875,0.01,True,max_tpr_with_empirical_fpr_le_target,0.000625,0.000625,0.001,1.4373718403923297,2,0,800,3198,0.000625,0.0,False,max_tpr_with_empirical_fpr_le_target,32,True,False,6.3328398296311486,6.356202879912769,0.885,KIDNEY_STONE,GNB,dp,0.8,3
0.4917337890625,0.013750000000000012,3200,800,0.1034375,0.1034375,0.1,0.2039071358309923,331,80,720,2869,0.1034375,0.1,True,max_tpr_with_empirical_fpr_le_target,0.0109375,0.0109375,0.01,0.9141099262913799,35,8,792,3165,0.0109375,0.01,True,max_tpr_with_empirical_fpr_le_target,0.0,0.0,0.001,inf,0,0,800,3200,0.0,0.0,False,max_tpr_with_empirical_fpr_le_target,32,True,False,4.339537547186067,4.372199747217183,0.885,KIDNEY_STONE,GNB,dp,0.8,4
0.49561542968750005,0.013437499999999991,3200,800,0.09125,0.09125,0.1,0.17777117466263714,292,80,720,2908,0.09125,0.1,True,max_tpr_with_empirical_fpr_le_target,0.0090625,0.0090625,0.01,0.7112591251571385,29,8,792,3171,0.0090625,0.01,True,max_tpr_with_empirical_fpr_le_target,0.0003125,0.0003125,0.001,2.847140378808703,1,0,800,3199,0.0003125,0.0,False,max_tpr_with_empirical_fpr_le_target,32,True,False,5.723669251462792,5.7208153487722395,0.885,KIDNEY_STONE,GNB,dp,0.8,5
0.49636367187499997,0.017187500000000022,3200,800,0.088125,0.088125,0.1,0.2131968296244704,282,79,721,2918,0.088125,0.09875,True,max_tpr_with_empirical_fpr_le_target,0.0078125,0.0078125,0.01,1.0048960343016131,25,8,792,3175,0.0078125,0.01,True,max_tpr_with_empirical_fpr_le_target,0.001875,0.001875,0.001,1.5864322258755204,6,0,800,3194,0.001875,0.0,False,max_tpr_with_empirical_fpr_le_target,32,True,False,4.885803046856786,4.818464788388637,0.885,KIDNEY_STONE,GNB,dp,0.8,6
0.49124746093750005,0.012187499999999962,3200,800,0.095625,0.095625,0.1,0.19176537268496396,306,80,720,2894,0.095625,0.1,True,max_tpr_with_empirical_fpr_le_target,0.0096875,0.0096875,0.01,0.5717453848078997,31,8,792,3169,0.0096875,0.01,True,max_tpr_with_empirical_fpr_le_target,0.0,0.0,0.001,inf,0,0,800,3200,0.0,0.0,False,max_tpr_with_empirical_fpr_le_target,32,True,False,5.977486929741548,5.945464529045327,0.885,KIDNEY_STONE,GNB,dp,0.8,7
0.480094921875,0.0096875,3200,800,0.0915625,0.0915625,0.1,0.211930278930879,293,80,720,2907,0.0915625,0.1,True,max_tpr_with_empirical_fpr_le_target,0.0175,0.0175,0.01,0.5534153212311232,56,8,792,3144,0.0175,0.01,True,max_tpr_with_empirical_fpr_le_target,0.00625,0.00625,0.001,0.864759613455659,20,0,800,3180,0.00625,0.0,False,max_tpr_with_empirical_fpr_le_target,32,True,False,5.7838376577241,5.858970426976415,0.885,KIDNEY_STONE,GNB,dp,0.8,8
0.49155585937499996,0.02531250000000007,3200,800,0.096875,0.096875,0.1,0.19260367913845,310,80,720,2890,0.096875,0.1,True,max_tpr_with_empirical_fpr_le_target,0.0084375,0.0084375,0.01,0.8578855590598349,27,8,792,3173,0.0084375,0.01,True,max_tpr_with_empirical_fpr_le_target,0.00125,0.00125,0.001,1.7843340264351202,4,0,800,3196,0.00125,0.0,False,max_tpr_with_empirical_fpr_le_target,32,True,False,4.823604628424445,4.867612225056984,0.885,KIDNEY_STONE,GNB,dp,0.8,9
0.48990957031250004,0.018749999999999933,3200,800,0.105625,0.105625,0.1,0.16676533882530986,338,80,720,2862,0.105625,0.1,True,max_tpr_with_empirical_fpr_le_target,0.0140625,0.0140625,0.01,0.5760547538528416,45,8,792,3155,0.0140625,0.01,True,max_tpr_with_empirical_fpr_le_target,0.0003125,0.0003125,0.001,4.835486801372498,1,0,800,3199,0.0003125,0.0,False,max_tpr_with_empirical_fpr_le_target,32,True,False,5.419265013172697,5.357516791333882,0.885,KIDNEY_STONE,GNB,dp,0.8,10
0.5038341796875,0.036250000000000004,3200,800,0.11875,0.11875,0.1,0.17641647826114326,380,80,720,2820,0.11875,0.1,True,max_tpr_with_empirical_fpr_le_target,0.0084375,0.0084375,0.01,0.5451070447957505,27,8,792,3173,0.0084375,0.01,True,max_tpr_with_empirical_fpr_le_target,0.0,0.0,0.001,inf,0,0,800,3200,0.0,0.0,False,max_tpr_with_empirical_fpr_le_target,32,True,False,6.119827830277647,6.124604618427597,0.885,KIDNEY_STONE,GNB,dp,0.8,11
0.5059021484374999,0.02500000000000001,3200,800,0.121875,0.121875,0.1,0.19014203087961734,390,78,722,2810,0.121875,0.0975,True,max_tpr_with_empirical_fpr_le_target,0.0115625,0.0115625,0.01,0.7123193724001449,37,8,792,3163,0.0115625,0.01,True,max_tpr_with_empirical_fpr_le_target,0.0003125,0.0003125,0.001,2.3355512614670806,1,0,800,3199,0.0003125,0.0,False,max_tpr_with_empirical_fpr_le_target,32,True,False,5.38895743813237,5.443522791792262,0.885,KIDNEY_STONE,GNB,dp,0.8,12
0.515076953125,0.045624999999999916,3200,800,0.1009375,0.1009375,0.1,0.22915165575087304,323,80,720,2877,0.1009375,0.1,True,max_tpr_with_empirical_fpr_le_target,0.009375,0.009375,0.01,0.7232525683937405,30,8,792,3170,0.009375,0.01,True,max_tpr_with_empirical_fpr_le_target,0.000625,0.000625,0.001,1.4210402463789746,2,0,800,3198,0.000625,0.0,False,max_tpr_with_empirical_fpr_le_target,32,True,False,5.133464600293779,5.0993275997376895,0.885,KIDNEY_STONE,GNB,dp,0.8,13
0.5005734374999999,0.015937499999999993,3200,800,0.0990625,0.0990625,0.1,0.21630650763150072,317,80,720,2883,0.0990625,0.1,True,max_tpr_with_empirical_fpr_le_target,0.011875,0.011875,0.01,0.6396691770406608,38,8,792,3162,0.011875,0.01,True,max_tpr_with_empirical_fpr_le_target,0.0015625,0.0015625,0.001,1.2165261550605724,5,0,800,3195,0.0015625,0.0,False,max_tpr_with_empirical_fpr_le_target,32,True,False,5.585498886217993,5.633621657668995,0.885,KIDNEY_STONE,GNB,dp,0.8,14
0.51723671875,0.04812500000000003,3200,800,0.10625,0.10625,0.1,0.1865105004713743,340,80,720,2860,0.10625,0.1,True,max_tpr_with_empirical_fpr_le_target,0.008125,0.008125,0.01,0.9368697049377608,26,7,793,3174,0.008125,0.00875,True,max_tpr_with_empirical_fpr_le_target,0.001875,0.001875,0.001,1.6937803485385272,6,0,800,3194,0.001875,0.0,False,max_tpr_with_empirical_fpr_le_target,32,True,False,4.694890384347774,4.695728866045569,0.885,KIDNEY_STONE,GNB,dp,0.8,15
0.49935859374999997,0.020937500000000053,3200,800,0.0896875,0.0896875,0.1,0.25157509705750725,287,78,722,2913,0.0896875,0.0975,True,max_tpr_with_empirical_fpr_le_target,0.0159375,0.0159375,0.01,0.6594358949791643,51,8,792,3149,0.0159375,0.01,True,max_tpr_with_empirical_fpr_le_target,0.0028125,0.0028125,0.001,1.6089009543487442,9,0,800,3191,0.0028125,0.0,False,max_tpr_with_empirical_fpr_le_target,32,True,False,4.635627104941259,4.707973938804116,0.885,KIDNEY_STONE,GNB,dp,0.8,16
0.5121464843750001,0.03937499999999994,3200,800,0.1059375,0.1059375,0.1,0.20121465244116044,339,80,720,2861,0.1059375,0.1,True,max_tpr_with_empirical_fpr_le_target,0.014375,0.014375,0.01,0.5004450544996386,46,8,792,3154,0.014375,0.01,True,max_tpr_with_empirical_fpr_le_target,0.0003125,0.0003125,0.001,1.770378174565315,1,0,800,3199,0.0003125,0.0,False,max_tpr_with_empirical_fpr_le_target,32,True,False,5.809538926040753,5.911894844608851,0.885,KIDNEY_STONE,GNB,dp,0.8,17
0.4829685546875,0.0003125,3200,800,0.0790625,0.0790625,0.1,0.23715130997958633,253,80,720,2947,0.0790625,0.1,True,max_tpr_with_empirical_fpr_le_target,0.006875,0.006875,0.01,0.6146824515519649,22,7,793,3178,0.006875,0.00875,True,max_tpr_with_empirical_fpr_le_target,0.0003125,0.0003125,0.001,1.5977298231854178,1,0,800,3199,0.0003125,0.0,False,max_tpr_with_empirical_fpr_le_target,32,True,False,7.012148403450043,7.037270776707338,0.885,KIDNEY_STONE,GNB,dp,0.8,18
0.4881039062499999,0.0071874999999999925,3200,800,0.10375,0.10375,0.1,0.1864714965908414,332,80,720,2868,0.10375,0.1,True,max_tpr_with_empirical_fpr_le_target,0.005,0.005,0.01,1.1070883795215591,16,8,792,3184,0.005,0.01,True,max_tpr_with_empirical_fpr_le_target,0.0003125,0.0003125,0.001,2.4427779354580625,1,0,800,3199,0.0003125,0.0,False,max_tpr_with_empirical_fpr_le_target,32,True,False,4.749676346793993,4.7129603479393,0.885,KIDNEY_STONE,GNB,dp,0.8,19
0.49308046875,0.025000000000000022,3200,800,0.0896875,0.0896875,0.1,0.21267434233589722,287,80,720,2913,0.0896875,0.1,True,max_tpr_with_empirical_fpr_le_target,0.0103125,0.0103125,0.01,0.6086220018660198,33,7,793,3167,0.0103125,0.00875,True,max_tpr_with_empirical_fpr_le_target,0.0009375,0.0009375,0.001,1.4331123134938357,3,0,800,3197,0.0009375,0.0,False,max_tpr_with_empirical_fpr_le_target,32,True,False,5.676486735859799,5.573622241844642,0.885,KIDNEY_STONE,GNB,dp,0.8,20
0.4977128906249999,0.025625000000000064,3200,800,0.1025,0.1025,0.1,0.20234944050979076,328,79,721,2872,0.1025,0.09875,True,max_tpr_with_empirical_fpr_le_target,0.0040625,0.0040625,0.01,0.7272980585979125,13,8,792,3187,0.0040625,0.01,True,max_tpr_with_empirical_fpr_le_target,0.0009375,0.0009375,0.001,1.2281147456040857,3,0,800,3197,0.0009375,0.0,False,max_tpr_with_empirical_fpr_le_target,32,True,False,6.437564942600424,6.472369312056529,0.885,KIDNEY_STONE,GNB,dp,0.8,21
0.49945937500000004,0.016875000000000084,3200,800,0.105,0.105,0.1,0.18424802724288192,336,80,720,2864,0.105,0.1,True,max_tpr_with_empirical_fpr_le_target,0.0059375,0.0059375,0.01,0.9226713502403499,19,7,793,3181,0.0059375,0.00875,True,max_tpr_with_empirical_fpr_le_target,0.00125,0.00125,0.001,1.4305024208338377,4,0,800,3196,0.00125,0.0,False,max_tpr_with_empirical_fpr_le_target,32,True,False,5.279934141532557,5.231531245666389,0.885,KIDNEY_STONE,GNB,dp,0.8,22
0.5103765625000001,0.03875000000000001,3200,800,0.09125,0.09125,0.1,0.20833546670345138,292,80,720,2908,0.09125,0.1,True,max_tpr_with_empirical_fpr_le_target,0.010625,0.010625,0.01,0.567903159934243,34,8,792,3166,0.010625,0.01,True,max_tpr_with_empirical_fpr_le_target,0.0003125,0.0003125,0.001,1.188808803277591,1,0,800,3199,0.0003125,0.0,False,max_tpr_with_empirical_fpr_le_target,32,True,False,6.29912831955179,6.290764026189232,0.885,KIDNEY_STONE,GNB,dp,0.8,23
0.5077173828125,0.03437499999999993,3200,800,0.1003125,0.1003125,0.1,0.18315421401117682,321,79,721,2879,0.1003125,0.09875,True,max_tpr_with_empirical_fpr_le_target,0.00625,0.00625,0.01,0.7682649365395204,20,8,792,3180,0.00625,0.01,True,max_tpr_with_empirical_fpr_le_target,0.0,0.0,0.001,inf,0,0,800,3200,0.0,0.0,False,max_tpr_with_empirical_fpr_le_target,32,True,False,5.540890468431553,5.542140759853916,0.885,KIDNEY_STONE,GNB,dp,0.8,24
0.49174921875,0.024374999999999925,3200,800,0.0803125,0.0803125,0.1,0.21376971672022638,257,80,720,2943,0.0803125,0.1,True,max_tpr_with_empirical_fpr_le_target,0.0053125,0.0053125,0.01,0.7671892778113367,17,8,792,3183,0.0053125,0.01,True,max_tpr_with_empirical_fpr_le_target,0.0,0.0,0.001,inf,0,0,800,3200,0.0,0.0,False,max_tpr_with_empirical_fpr_le_target,32,True,False,5.016176296557571,5.031251695770424,0.885,KIDNEY_STONE,GNB,dp,0.8,25
0.49368671875000003,0.008125000000000049,3200,800,0.096875,0.096875,0.1,0.21534057763512626,310,80,720,2890,0.096875,0.1,True,max_tpr_with_empirical_fpr_le_target,0.008125,0.008125,0.01,0.8730365188281484,26,8,792,3174,0.008125,0.01,True,max_tpr_with_empirical_fpr_le_target,0.0009375,0.0009375,0.001,2.178420534113191,3,0,800,3197,0.0009375,0.0,False,max_tpr_with_empirical_fpr_le_target,32,True,False,4.640836668868523,4.7679477304181015,0.885,KIDNEY_STONE,GNB,dp,0.8,26
0.5028380859375,0.022187500000000027,3200,800,0.1096875,0.1096875,0.1,0.2290319335261901,351,79,721,2849,0.1096875,0.09875,True,max_tpr_with_empirical_fpr_le_target,0.0128125,0.0128125,0.01,1.066571575382956,41,8,792,3159,0.0128125,0.01,True,max_tpr_with_empirical_fpr_le_target,0.000625,0.000625,0.001,4.212660993488035,2,0,800,3198,0.000625,0.0,False,max_tpr_with_empirical_fpr_le_target,32,True,False,3.62102617955514,3.5612882918738955,0.885,KIDNEY_STONE,GNB,dp,0.8,27
0.50838671875,0.033749999999999974,3200,800,0.120625,0.120625,0.1,0.17678216710096395,386,80,720,2814,0.120625,0.1,True,max_tpr_with_empirical_fpr_le_target,0.0071875,0.0071875,0.01,0.5742750749236092,23,8,792,3177,0.0071875,0.01,True,max_tpr_with_empirical_fpr_le_target,0.0,0.0,0.001,inf,0,0,800,3200,0.0,0.0,False,max_tpr_with_empirical_fpr_le_target,32,True,False,5.874330608274142,5.9476098192893465,0.885,KIDNEY_STONE,GNB,dp,0.8,28
0.4877033203125,0.010624999999999996,3200,800,0.0859375,0.0859375,0.1,0.31879838103918323,275,80,720,2925,0.0859375,0.1,True,max_tpr_with_empirical_fpr_le_target,0.0103125,0.0103125,0.01,1.5409975149683772,33,8,792,3167,0.0103125,0.01,True,max_tpr_with_empirical_fpr_le_target,0.0,0.0,0.001,inf,0,0,800,3200,0.0,0.0,False,max_tpr_with_empirical_fpr_le_target,32,True,False,2.7386138518970897,2.76039468921735,0.885,KIDNEY_STONE,GNB,dp,0.8,29
0.504468359375,0.022812500000000013,3200,800,0.1153125,0.1153125,0.1,0.28841380003824924,369,80,720,2831,0.1153125,0.1,True,max_tpr_with_empirical_fpr_le_target,0.016875,0.016875,0.01,1.313223494743756,54,8,792,3146,0.016875,0.01,True,max_tpr_with_empirical_fpr_le_target,0.000625,0.000625,0.001,3.48441558360667,2,0,800,3198,0.000625,0.0,False,max_tpr_with_empirical_fpr_le_target,32,True,False,4.949179478714043,5.050926625127361,0.8125,KIDNEY_STONE,GNB,dp,1.0,0
0.4996330078125,0.02937500000000004,3200,800,0.1165625,0.1165625,0.1,0.334086904204995,373,80,720,2827,0.1165625,0.1,True,max_tpr_with_empirical_fpr_le_target,0.0134375,0.0134375,0.01,1.9003085026204172,43,8,792,3157,0.0134375,0.01,True,max_tpr_with_empirical_fpr_le_target,0.00125,0.00125,0.001,3.9274280402769612,4,0,800,3196,0.00125,0.0,False,max_tpr_with_empirical_fpr_le_target,32,True,False,5.259315464510932,5.148756759714632,0.8125,KIDNEY_STONE,GNB,dp,1.0,1
0.4982375,0.024375000000000036,3200,800,0.0975,0.0975,0.1,0.4221965710538669,312,80,720,2888,0.0975,0.1,True,max_tpr_with_empirical_fpr_le_target,0.0103125,0.0103125,0.01,2.392731527177503,33,8,792,3167,0.0103125,0.01,True,max_tpr_with_empirical_fpr_le_target,0.0009375,0.0009375,0.001,6.12023423148198,3,0,800,3197,0.0009375,0.0,False,max_tpr_with_empirical_fpr_le_target,32,True,False,3.7448209426434276,3.731388149354461,0.8125,KIDNEY_STONE,GNB,dp,1.0,2
0.5149011718750001,0.03656249999999994,3200,800,0.1084375,0.1084375,0.1,0.30958987227996104,347,80,720,2853,0.1084375,0.1,True,max_tpr_with_empirical_fpr_le_target,0.0109375,0.0109375,0.01,1.779380535067566,35,8,792,3165,0.0109375,0.01,True,max_tpr_with_empirical_fpr_le_target,0.0,0.0,0.001,inf,0,0,800,3200,0.0,0.0,False,max_tpr_with_empirical_fpr_le_target,32,True,False,5.796739055885689,5.73559859946711,0.8125,KIDNEY_STONE,GNB,dp,1.0,3
0.5008369140625,0.023124999999999993,3200,800,0.1159375,0.1159375,0.1,0.3420288384577148,371,80,720,2829,0.1159375,0.1,True,max_tpr_with_empirical_fpr_le_target,0.0121875,0.0121875,0.01,2.0310263609454244,39,7,793,3161,0.0121875,0.00875,True,max_tpr_with_empirical_fpr_le_target,0.00125,0.00125,0.001,4.325237692302424,4,0,800,3196,0.00125,0.0,False,max_tpr_with_empirical_fpr_le_target,32,True,False,5.389784357269937,5.371809349707939,0.8125,KIDNEY_STONE,GNB,dp,1.0,4
0.4988046875,0.025624999999999995,3200,800,0.1253125,0.1253125,0.1,0.35480143219150584,401,80,720,2799,0.1253125,0.1,True,max_tpr_with_empirical_fpr_le_target,0.0171875,0.0171875,0.01,2.0357557126615715,55,8,792,3145,0.0171875,0.01,True,max_tpr_with_empirical_fpr_le_target,0.000625,0.000625,0.001,5.231240648199876,2,0,800,3198,0.000625,0.0,False,max_tpr_with_empirical_fpr_le_target,32,True,False,4.483748947228542,4.46535375389146,0.8125,KIDNEY_STONE,GNB,dp,1.0,5
0.51497421875,0.0390625,3200,800,0.114375,0.114375,0.1,0.32283612175701215,366,80,720,2834,0.114375,0.1,True,max_tpr_with_empirical_fpr_le_target,0.01125,0.01125,0.01,2.186989065043507,36,7,793,3164,0.01125,0.00875,True,max_tpr_with_empirical_fpr_le_target,0.0,0.0,0.001,inf,0,0,800,3200,0.0,0.0,False,max_tpr_with_empirical_fpr_le_target,32,True,False,3.576942965712462,3.651152108147769,0.8125,KIDNEY_STONE,GNB,dp,1.0,6
0.477801953125,0.0084375,3200,800,0.090625,0.090625,0.1,0.3708819750137513,290,80,720,2910,0.090625,0.1,True,max_tpr_with_empirical_fpr_le_target,0.0159375,0.0159375,0.01,1.2542865053958199,51,8,792,3149,0.0159375,0.01,True,max_tpr_with_empirical_fpr_le_target,0.0003125,0.0003125,0.001,3.850535149854359,1,0,800,3199,0.0003125,0.0,False,max_tpr_with_empirical_fpr_le_target,32,True,False,5.404720515645399,5.356915866912948,0.8125,KIDNEY_STONE,GNB,dp,1.0,7
0.4885392578125,0.022812500000000013,3200,800,0.0971875,0.0971875,0.1,0.2780059704596609,311,80,720,2889,0.0971875,0.1,True,max_tpr_with_empirical_fpr_le_target,0.01375,0.01375,0.01,1.1212467641469388,44,8,792,3156,0.01375,0.01,True,max_tpr_with_empirical_fpr_le_target,0.00125,0.00125,0.001,2.3202049887462293,4,0,800,3196,0.00125,0.0,False,max_tpr_with_empirical_fpr_le_target,32,True,False,5.492977285128582,5.591320060314183,0.8125,KIDNEY_STONE,GNB,dp,1.0,8
0.5049740234375,0.034999999999999976,3200,800,0.1125,0.1125,0.1,0.26678586879201394,360,80,720,2840,0.1125,0.1,True,max_tpr_with_empirical_fpr_le_target,0.010625,0.010625,0.01,1.3088903113805923,34,8,792,3166,0.010625,0.01,True,max_tpr_with_empirical_fpr_le_target,0.0009375,0.0009375,0.001,2.696035764600154,3,0,800,3197,0.0009375,0.0,False,max_tpr_with_empirical_fpr_le_target,32,True,False,4.886724821841668,5.030435547678921,0.8125,KIDNEY_STONE,GNB,dp,1.0,9
0.520509765625,0.041874999999999996,3200,800,0.1121875,0.1121875,0.1,0.35309178179508294,359,80,720,2841,0.1121875,0.1,True,max_tpr_with_empirical_fpr_le_target,0.0165625,0.0165625,0.01,2.3510024887043555,53,8,792,3147,0.0165625,0.01,True,max_tpr_with_empirical_fpr_le_target,0.000625,0.000625,0.001,5.936215451309096,2,0,800,3198,0.000625,0.0,False,max_tpr_with_empirical_fpr_le_target,32,True,False,4.518092689118892,4.52893658304532,0.8125,KIDNEY_STONE,GNB,dp,1.0,10
0.49924296874999996,0.021562499999999984,3200,800,0.11625,0.11625,0.1,0.2858432896167411,372,80,720,2828,0.11625,0.1,True,max_tpr_with_empirical_fpr_le_target,0.009375,0.009375,0.01,1.6448897828175024,30,8,792,3170,0.009375,0.01,True,max_tpr_with_empirical_fpr_le_target,0.0003125,0.0003125,0.001,4.186334091079898,1,0,800,3199,0.0003125,0.0,False,max_tpr_with_empirical_fpr_le_target,32,True,False,6.267427379216371,6.281115471017424,0.8125,KIDNEY_STONE,GNB,dp,1.0,11
0.49000195312499994,0.014687499999999992,3200,800,0.094375,0.094375,0.1,0.3205269008641549,302,80,720,2898,0.094375,0.1,True,max_tpr_with_empirical_fpr_le_target,0.0203125,0.0203125,0.01,1.1735484840515902,65,8,792,3135,0.0203125,0.01,True,max_tpr_with_empirical_fpr_le_target,0.000625,0.000625,0.001,3.2398839465443885,2,0,800,3198,0.000625,0.0,False,max_tpr_with_empirical_fpr_le_target,32,True,False,5.421714700635434,5.441206513980764,0.8125,KIDNEY_STONE,GNB,dp,1.0,12
0.50716328125,0.03937500000000005,3200,800,0.103125,0.103125,0.1,0.3188587666135936,330,79,721,2870,0.103125,0.09875,True,max_tpr_with_empirical_fpr_le_target,0.0121875,0.0121875,0.01,1.3473820345938474,39,8,792,3161,0.0121875,0.01,True,max_tpr_with_empirical_fpr_le_target,0.00125,0.00125,0.001,2.4465558440027015,4,0,800,3196,0.00125,0.0,False,max_tpr_with_empirical_fpr_le_target,32,True,False,5.835783864268347,5.911237326762481,0.8125,KIDNEY_STONE,GNB,dp,1.0,13
0.4902126953125,0.006562500000000027,3200,800,0.0890625,0.0890625,0.1,0.39117316732643603,285,79,721,2915,0.0890625,0.09875,True,max_tpr_with_empirical_fpr_le_target,0.0109375,0.0109375,0.01,1.7216348418950407,35,8,792,3165,0.0109375,0.01,True,max_tpr_with_empirical_fpr_le_target,0.003125,0.003125,0.001,2.6203005498476646,10,0,800,3190,0.003125,0.0,False,max_tpr_with_empirical_fpr_le_target,32,True,False,4.968765906013327,5.004815992688559,0.8125,KIDNEY_STONE,GNB,dp,1.0,14
0.515019921875,0.04312499999999997,3200,800,0.1059375,0.1059375,0.1,0.32017066324789045,339,80,720,2861,0.1059375,0.1,True,max_tpr_with_empirical_fpr_le_target,0.01125,0.01125,0.01,1.2597120380260725,36,8,792,3164,0.01125,0.01,True,max_tpr_with_empirical_fpr_le_target,0.0,0.0,0.001,inf,0,0,800,3200,0.0,0.0,False,max_tpr_with_empirical_fpr_le_target,32,True,False,7.319860039551029,7.3203243052965945,0.8125,KIDNEY_STONE,GNB,dp,1.0,15
0.5047390625,0.021875000000000006,3200,800,0.1115625,0.1115625,0.1,0.4070278182592659,357,80,720,2843,0.1115625,0.1,True,max_tpr_with_empirical_fpr_le_target,0.019375,0.019375,0.01,2.107664494361451,62,7,793,3138,0.019375,0.00875,True,max_tpr_with_empirical_fpr_le_target,0.0071875,0.0071875,0.001,3.3630557165183674,23,0,800,3177,0.0071875,0.0,False,max_tpr_with_empirical_fpr_le_target,32,True,False,4.258492210733295,4.19103690435748,0.8125,KIDNEY_STONE,GNB,dp,1.0,16
0.5259210937500001,0.050937500000000024,3200,800,0.12,0.12,0.1,0.3062096653245838,384,80,720,2816,0.12,0.1,True,max_tpr_with_empirical_fpr_le_target,0.010625,0.010625,0.01,1.8573826992389328,34,8,792,3166,0.010625,0.01,True,max_tpr_with_empirical_fpr_le_target,0.0,0.0,0.001,inf,0,0,800,3200,0.0,0.0,False,max_tpr_with_empirical_fpr_le_target,32,True,False,4.873253395053727,4.95160832987352,0.8125,KIDNEY_STONE,GNB,dp,1.0,17
0.49664492187500003,0.021562500000000005,3200,800,0.114375,0.114375,0.1,0.3548760522720156,366,80,720,2834,0.114375,0.1,True,max_tpr_with_empirical_fpr_le_target,0.01,0.01,0.01,2.0131960266799647,32,7,793,3168,0.01,0.00875,True,max_tpr_with_empirical_fpr_le_target,0.0009375,0.0009375,0.001,4.10140769361657,3,0,800,3197,0.0009375,0.0,False,max_tpr_with_empirical_fpr_le_target,32,True,False,5.518057678043327,5.461932825862401,0.8125,KIDNEY_STONE,GNB,dp,1.0,18
0.49146503906250005,0.015937500000000007,3200,800,0.11,0.11,0.1,0.2766594338823145,352,80,720,2848,0.11,0.1,True,max_tpr_with_empirical_fpr_le_target,0.0128125,0.0128125,0.01,1.5945180856747179,41,8,792,3159,0.0128125,0.01,True,max_tpr_with_empirical_fpr_le_target,0.001875,0.001875,0.001,2.8632404867485963,6,0,800,3194,0.001875,0.0,False,max_tpr_with_empirical_fpr_le_target,32,True,False,5.528306429651404,5.459906702968078,0.8125,KIDNEY_STONE,GNB,dp,1.0,19
0.5095447265625,0.02749999999999997,3200,800,0.1046875,0.1046875,0.1,0.4344367954433137,335,80,720,2865,0.1046875,0.1,True,max_tpr_with_empirical_fpr_le_target,0.01125,0.01125,0.01,2.495760277194929,36,6,794,3164,0.01125,0.0075,True,max_tpr_with_empirical_fpr_le_target,0.0009375,0.0009375,0.001,4.4715411062530706,3,0,800,3197,0.0009375,0.0,False,max_tpr_with_empirical_fpr_le_target,32,True,False,4.230855302992711,4.209803201943843,0.8125,KIDNEY_STONE,GNB,dp,1.0,20
0.4777119140625,0.0031250000000000444,3200,800,0.09,0.09,0.1,0.3910749624499461,288,80,720,2912,0.09,0.1,True,max_tpr_with_empirical_fpr_le_target,0.0034375,0.0034375,0.01,2.207546072393556,11,6,794,3189,0.0034375,0.0075,True,max_tpr_with_empirical_fpr_le_target,0.0,0.0,0.001,inf,0,0,800,3200,0.0,0.0,False,max_tpr_with_empirical_fpr_le_target,32,True,False,5.96077999673455,5.906430868858541,0.8125,KIDNEY_STONE,GNB,dp,1.0,21
0.509878515625,0.034062499999999996,3200,800,0.103125,0.103125,0.1,0.3684983368541319,330,80,720,2870,0.103125,0.1,True,max_tpr_with_empirical_fpr_le_target,0.0134375,0.0134375,0.01,1.7007009710072722,43,8,792,3157,0.0134375,0.01,True,max_tpr_with_empirical_fpr_le_target,0.0009375,0.0009375,0.001,4.333815366647908,3,0,800,3197,0.0009375,0.0,False,max_tpr_with_empirical_fpr_le_target,32,True,False,4.962063987701089,4.983635062461614,0.8125,KIDNEY_STONE,GNB,dp,1.0,22
0.5063962890625,0.02749999999999997,3200,800,0.0971875,0.0971875,0.1,0.5833403767032266,311,78,722,2889,0.0971875,0.0975,True,max_tpr_with_empirical_fpr_le_target,0.0140625,0.0140625,0.01,3.511381979269178,45,7,793,3155,0.0140625,0.00875,True,max_tpr_with_empirical_fpr_le_target,0.0021875,0.0021875,0.001,6.001611642962693,7,0,800,3193,0.0021875,0.0,False,max_tpr_with_empirical_fpr_le_target,32,True,False,3.1401743174224066,3.133710712951196,0.8125,KIDNEY_STONE,GNB,dp,1.0,23
0.4976671875,0.017812499999999995,3200,800,0.104375,0.104375,0.1,0.39830627483292513,334,80,720,2866,0.104375,0.1,True,max_tpr_with_empirical_fpr_le_target,0.0165625,0.0165625,0.01,1.8707243924523147,53,8,792,3147,0.0165625,0.01,True,max_tpr_with_empirical_fpr_le_target,0.0009375,0.0009375,0.001,3.82130592919685,3,0,800,3197,0.0009375,0.0,False,max_tpr_with_empirical_fpr_le_target,32,True,False,3.754663090138004,3.7842779941957185,0.8125,KIDNEY_STONE,GNB,dp,1.0,24
0.4930021484375,0.018437499999999996,3200,800,0.101875,0.101875,0.1,0.4056750728501459,326,80,720,2874,0.101875,0.1,True,max_tpr_with_empirical_fpr_le_target,0.0078125,0.0078125,0.01,2.4466336183343014,25,7,793,3175,0.0078125,0.00875,True,max_tpr_with_empirical_fpr_le_target,0.0,0.0,0.001,inf,0,0,800,3200,0.0,0.0,False,max_tpr_with_empirical_fpr_le_target,32,True,False,4.454053790126911,4.442668114326739,0.8125,KIDNEY_STONE,GNB,dp,1.0,25
0.49823339843750003,0.03125,3200,800,0.0975,0.0975,0.1,0.3955203497336459,312,80,720,2888,0.0975,0.1,True,max_tpr_with_empirical_fpr_le_target,0.0059375,0.0059375,0.01,2.6984850338173043,19,8,792,3181,0.0059375,0.01,True,max_tpr_with_empirical_fpr_le_target,0.0,0.0,0.001,inf,0,0,800,3200,0.0,0.0,False,max_tpr_with_empirical_fpr_le_target,32,True,False,4.446886631591663,4.478811270066517,0.8125,KIDNEY_STONE,GNB,dp,1.0,26
0.482866796875,0.0078125,3200,800,0.0959375,0.0959375,0.1,0.4899875837959762,307,79,721,2893,0.0959375,0.09875,True,max_tpr_with_empirical_fpr_le_target,0.0103125,0.0103125,0.01,3.6941171371330253,33,8,792,3167,0.0103125,0.01,True,max_tpr_with_empirical_fpr_le_target,0.003125,0.003125,0.001,5.305618520345675,10,0,800,3190,0.003125,0.0,False,max_tpr_with_empirical_fpr_le_target,32,True,False,3.5264923976044313,3.5403744292265396,0.8125,KIDNEY_STONE,GNB,dp,1.0,27
0.5001324218750001,0.015937499999999938,3200,800,0.100625,0.100625,0.1,0.3860898004731168,322,80,720,2878,0.100625,0.1,True,max_tpr_with_empirical_fpr_le_target,0.0121875,0.0121875,0.01,2.1821657672900425,39,8,792,3161,0.0121875,0.01,True,max_tpr_with_empirical_fpr_le_target,0.00125,0.00125,0.001,4.353350760093456,4,0,800,3196,0.00125,0.0,False,max_tpr_with_empirical_fpr_le_target,32,True,False,4.675971949387918,4.693079730515557,0.8125,KIDNEY_STONE,GNB,dp,1.0,28
0.48600449218749997,0.012812500000000004,3200,800,0.0965625,0.0965625,0.1,0.39887779665537115,309,80,720,2891,0.0965625,0.1,True,max_tpr_with_empirical_fpr_le_target,0.0109375,0.0109375,0.01,1.7960882263935964,35,6,794,3165,0.0109375,0.0075,True,max_tpr_with_empirical_fpr_le_target,0.00125,0.00125,0.001,3.0526730653407395,4,0,800,3196,0.00125,0.0,False,max_tpr_with_empirical_fpr_le_target,32,True,False,5.3969710585331585,5.337433542410996,0.8125,KIDNEY_STONE,GNB,dp,1.0,29
0.49850800781250004,0.01593750000000005,3200,800,0.08625,0.08625,0.1,0.1344769654043887,276,80,720,2924,0.08625,0.1,True,max_tpr_with_empirical_fpr_le_target,0.0165625,0.0165625,0.01,0.4133080434753724,53,8,792,3147,0.0165625,0.01,True,max_tpr_with_empirical_fpr_le_target,0.0021875,0.0021875,0.001,1.2207747916036271,7,0,800,3193,0.0021875,0.0,False,max_tpr_with_empirical_fpr_le_target,32,True,False,4.518390467566778,4.5105252385182295,0.89,KIDNEY_STONE,GNB,dp,2.0,0
0.49112500000000003,0.012187500000000018,3200,800,0.0909375,0.0909375,0.1,0.23813092270426406,291,79,721,2909,0.0909375,0.09875,True,max_tpr_with_empirical_fpr_le_target,0.013125,0.013125,0.01,0.6880406248161433,42,7,793,3158,0.013125,0.00875,True,max_tpr_with_empirical_fpr_le_target,0.0046875,0.0046875,0.001,0.9604421133094072,15,0,800,3185,0.0046875,0.0,False,max_tpr_with_empirical_fpr_le_target,32,True,False,5.257167166572258,5.3528093943899915,0.89,KIDNEY_STONE,GNB,dp,2.0,1
0.47961933593750006,0.013124999999999942,3200,800,0.0878125,0.0878125,0.1,0.17306365956637748,281,80,720,2919,0.0878125,0.1,True,max_tpr_with_empirical_fpr_le_target,0.006875,0.006875,0.01,0.6319924680596114,22,8,792,3178,0.006875,0.01,True,max_tpr_with_empirical_fpr_le_target,0.001875,0.001875,0.001,0.9807468846326297,6,0,800,3194,0.001875,0.0,False,max_tpr_with_empirical_fpr_le_target,32,True,False,4.312086487477626,4.201924269126594,0.89,KIDNEY_STONE,GNB,dp,2.0,2
0.511521484375,0.02906249999999999,3200,800,0.115,0.115,0.1,0.16773979414346485,368,80,720,2832,0.115,0.1,True,max_tpr_with_empirical_fpr_le_target,0.019375,0.019375,0.01,0.6785760723076981,62,8,792,3138,0.019375,0.01,True,max_tpr_with_empirical_fpr_le_target,0.0028125,0.0028125,0.001,2.1699730192033257,9,0,800,3191,0.0028125,0.0,False,max_tpr_with_empirical_fpr_le_target,32,True,False,3.0486136199373868,3.0420903150689917,0.89,KIDNEY_STONE,GNB,dp,2.0,3
0.49760156250000004,0.022812500000000013,3200,800,0.0946875,0.0946875,0.1,0.21615339671870792,303,80,720,2897,0.0946875,0.1,True,max_tpr_with_empirical_fpr_le_target,0.0090625,0.0090625,0.01,0.6323306131237616,29,8,792,3171,0.0090625,0.01,True,max_tpr_with_empirical_fpr_le_target,0.000625,0.000625,0.001,1.5530352074789846,2,0,800,3198,0.000625,0.0,False,max_tpr_with_empirical_fpr_le_target,32,True,False,5.271018156224426,5.340951029670552,0.89,KIDNEY_STONE,GNB,dp,2.0,4
0.5075111328125,0.03500000000000003,3200,800,0.094375,0.094375,0.1,0.19670108630805494,302,80,720,2898,0.094375,0.1,True,max_tpr_with_empirical_fpr_le_target,0.009375,0.009375,0.01,0.8659008431225761,30,8,792,3170,0.009375,0.01,True,max_tpr_with_empirical_fpr_le_target,0.00125,0.00125,0.001,1.756145332723095,4,0,800,3196,0.00125,0.0,False,max_tpr_with_empirical_fpr_le_target,32,True,False,3.9571218608827303,3.9774936230882982,0.89,KIDNEY_STONE,GNB,dp,2.0,5
0.5056044921875,0.02125000000000002,3200,800,0.0925,0.0925,0.1,0.20023912563118484,296,80,720,2904,0.0925,0.1,True,max_tpr_with_empirical_fpr_le_target,0.0103125,0.0103125,0.01,0.7819603883238115,33,7,793,3167,0.0103125,0.00875,True,max_tpr_with_empirical_fpr_le_target,0.0009375,0.0009375,0.001,1.9944397662427575,3,0,800,3197,0.0009375,0.0,False,max_tpr_with_empirical_fpr_le_target,32,True,False,4.16914018216454,4.190959971065848,0.89,KIDNEY_STONE,GNB,dp,2.0,6
0.5194832031250001,0.0396875000000001,3200,800,0.098125,0.098125,0.1,0.1680188608123383,314,79,721,2886,0.098125,0.09875,True,max_tpr_with_empirical_fpr_le_target,0.0140625,0.0140625,0.01,0.5013130314147993,45,8,792,3155,0.0140625,0.01,True,max_tpr_with_empirical_fpr_le_target,0.0028125,0.0028125,0.001,1.259959817541192,9,0,800,3191,0.0028125,0.0,False,max_tpr_with_empirical_fpr_le_target,32,True,False,3.3649545226188766,3.439953451397817,0.89,KIDNEY_STONE,GNB,dp,2.0,7
0.49384277343749994,0.022500000000000075,3200,800,0.1040625,0.1040625,0.1,0.18363765786887631,333,79,721,2867,0.1040625,0.09875,True,max_tpr_with_empirical_fpr_le_target,0.0078125,0.0078125,0.01,0.8380837477127785,25,8,792,3175,0.0078125,0.01,True,max_tpr_with_empirical_fpr_le_target,0.0,0.0,0.001,inf,0,0,800,3200,0.0,0.0,False,max_tpr_with_empirical_fpr_le_target,32,True,False,4.128039219696861,4.167844721209992,0.89,KIDNEY_STONE,GNB,dp,2.0,8
0.5066890625,0.023749999999999938,3200,800,0.096875,0.096875,0.1,0.20766274767195592,310,80,720,2890,0.096875,0.1,True,max_tpr_with_empirical_fpr_le_target,0.015625,0.015625,0.01,0.6416723228749444,50,8,792,3150,0.015625,0.01,True,max_tpr_with_empirical_fpr_le_target,0.00375,0.00375,0.001,0.9752912024707197,12,0,800,3188,0.00375,0.0,False,max_tpr_with_empirical_fpr_le_target,32,True,False,4.253217608265496,4.267301187926236,0.89,KIDNEY_STONE,GNB,dp,2.0,9
0.53101796875,0.05343750000000003,3200,800,0.1325,0.1325,0.1,0.055466167845874104,424,79,721,2776,0.1325,0.09875,True,max_tpr_with_empirical_fpr_le_target,0.0175,0.0175,0.01,0.6857162345449357,56,7,793,3144,0.0175,0.00875,True,max_tpr_with_empirical_fpr_le_target,0.0034375,0.0034375,0.001,6.739790839563012,11,0,800,3189,0.0034375,0.0,False,max_tpr_with_empirical_fpr_le_target,32,True,False,1.6994110756363525,1.7351318559398308,0.89,KIDNEY_STONE,GNB,dp,2.0,10
0.502276171875,0.024062500000000014,3200,800,0.0959375,0.0959375,0.1,0.17016199647621377,307,80,720,2893,0.0959375,0.1,True,max_tpr_with_empirical_fpr_le_target,0.013125,0.013125,0.01,0.7217230273670272,42,8,792,3158,0.013125,0.01,True,max_tpr_with_empirical_fpr_le_target,0.0,0.0,0.001,inf,0,0,800,3200,0.0,0.0,False,max_tpr_with_empirical_fpr_le_target,32,True,False,3.25945060541064,3.2807559355093425,0.89,KIDNEY_STONE,GNB,dp,2.0,11
0.499434375,0.022812500000000013,3200,800,0.1071875,0.1071875,0.1,0.11742868207097512,343,80,720,2857,0.1071875,0.1,True,max_tpr_with_empirical_fpr_le_target,0.013125,0.013125,0.01,0.4878638487663589,42,8,792,3158,0.013125,0.01,True,max_tpr_with_empirical_fpr_le_target,0.0,0.0,0.001,inf,0,0,800,3200,0.0,0.0,False,max_tpr_with_empirical_fpr_le_target,32,True,False,4.053027349595311,3.946020946738478,0.89,KIDNEY_STONE,GNB,dp,2.0,12
0.5064630859375,0.027812499999999962,3200,800,0.1125,0.1125,0.1,0.17919969533093916,360,80,720,2840,0.1125,0.1,True,max_tpr_with_empirical_fpr_le_target,0.0115625,0.0115625,0.01,0.42619482957597743,37,8,792,3163,0.0115625,0.01,True,max_tpr_with_empirical_fpr_le_target,0.0003125,0.0003125,0.001,0.839698195717129,1,0,800,3199,0.0003125,0.0,False,max_tpr_with_empirical_fpr_le_target,32,True,False,5.190993079384874,5.224948604883888,0.89,KIDNEY_STONE,GNB,dp,2.0,13
0.499732421875,0.020000000000000018,3200,800,0.100625,0.100625,0.1,0.23097027253688562,322,79,721,2878,0.100625,0.09875,True,max_tpr_with_empirical_fpr_le_target,0.0053125,0.0053125,0.01,0.8472419353618115,17,8,792,3183,0.0053125,0.01,True,max_tpr_with_empirical_fpr_le_target,0.0,0.0,0.001,inf,0,0,800,3200,0.0,0.0,False,max_tpr_with_empirical_fpr_le_target,32,True,False,6.474364794138908,6.399989879219337,0.89,KIDNEY_STONE,GNB,dp,2.0,14
0.5064724609375,0.02156250000000004,3200,800,0.1146875,0.11729166666666667,0.1,0.12153497502314092,367,77,723,2833,0.1146875,0.09625,True,max_tpr_with_empirical_fpr_le_target,0.0109375,0.0115625,0.01,0.6906730696870165,35,7,793,3165,0.0109375,0.00875,True,max_tpr_with_empirical_fpr_le_target,0.0,0.0,0.001,inf,0,0,800,3200,0.0,0.0,False,max_tpr_with_empirical_fpr_le_target,32,True,False,3.377437117520795,3.3332388464357185,0.89,KIDNEY_STONE,GNB,dp,2.0,15
0.4858341796875,0.005625000000000005,3200,800,0.1034375,0.1034375,0.1,0.20101830259091402,331,80,720,2869,0.1034375,0.1,True,max_tpr_with_empirical_fpr_le_target,0.01,0.01,0.01,0.6303745974755581,32,8,792,3168,0.01,0.01,True,max_tpr_with_empirical_fpr_le_target,0.0021875,0.0021875,0.001,1.0198821275418162,7,0,800,3193,0.0021875,0.0,False,max_tpr_with_empirical_fpr_le_target,32,True,False,4.820987769359041,4.876695559037281,0.89,KIDNEY_STONE,GNB,dp,2.0,16
0.4999138671875,0.022812500000000013,3200,800,0.1121875,0.1121875,0.1,0.16701077580899248,359,80,720,2841,0.1121875,0.1,True,max_tpr_with_empirical_fpr_le_target,0.02,0.02,0.01,0.46506549039730016,64,8,792,3136,0.02,0.01,True,max_tpr_with_empirical_fpr_le_target,0.0025,0.0025,0.001,1.063135877734573,8,0,800,3192,0.0025,0.0,False,max_tpr_with_empirical_fpr_le_target,32,True,False,4.235401724750069,4.328761200090387,0.89,KIDNEY_STONE,GNB,dp,2.0,17
0.499475390625,0.02562500000000001,3200,800,0.105,0.105,0.1,0.1434562837661013,336,80,720,2864,0.105,0.1,True,max_tpr_with_empirical_fpr_le_target,0.008125,0.008125,0.01,1.8495504381869337,26,8,792,3174,0.008125,0.01,True,max_tpr_with_empirical_fpr_le_target,0.0003125,0.0003125,0.001,6.56659108769525,1,0,800,3199,0.0003125,0.0,False,max_tpr_with_empirical_fpr_le_target,32,True,False,2.5908704044870623,2.5986961840362524,0.89,KIDNEY_STONE,GNB,dp,2.0,18
0.513473828125,0.038124999999999964,3200,800,0.1003125,0.1003125,0.1,0.12009207686144574,321,78,722,2879,0.1003125,0.0975,True,max_tpr_with_empirical_fpr_le_target,0.0103125,0.0103125,0.01,1.6766495042803848,33,8,792,3167,0.0103125,0.01,True,max_tpr_with_empirical_fpr_le_target,0.0021875,0.0021875,0.001,4.182084179656133,7,0,800,3193,0.0021875,0.0,False,max_tpr_with_empirical_fpr_le_target,32,True,False,1.9906207022080153,2.0240319208042696,0.89,KIDNEY_STONE,GNB,dp,2.0,19
0.5336439453125,0.05343750000000003,3200,800,0.1334375,0.1334375,0.1,0.0837862068934685,427,80,720,2773,0.1334375,0.1,True,max_tpr_with_empirical_fpr_le_target,0.0234375,0.0234375,0.01,0.7254188428034327,75,8,792,3125,0.0234375,0.01,True,max_tpr_with_empirical_fpr_le_target,0.009375,0.009375,0.001,1.7963409493242195,30,0,800,3170,0.009375,0.0,False,max_tpr_with_empirical_fpr_le_target,32,True,False,2.050006720249816,2.0681008174092548,0.89,KIDNEY_STONE,GNB,dp,2.0,20
0.495390234375,0.015312499999999951,3200,800,0.0840625,0.08875,0.1,0.21626877615000906,269,77,723,2931,0.0840625,0.09625,True,max_tpr_with_empirical_fpr_le_target,0.0115625,0.0115625,0.01,0.9722298574735104,37,8,792,3163,0.0115625,0.01,True,max_tpr_with_empirical_fpr_le_target,0.001875,0.001875,0.001,2.2001992821718637,6,0,800,3194,0.001875,0.0,False,max_tpr_with_empirical_fpr_le_target,32,True,False,2.8568830127101514,2.8978233981297667,0.89,KIDNEY_STONE,GNB,dp,2.0,21
0.4827167968749999,0.0037500000000000016,3200,800,0.0971875,0.0971875,0.1,0.14381239447167138,311,80,720,2889,0.0971875,0.1,True,max_tpr_with_empirical_fpr_le_target,0.0103125,0.0103125,0.01,0.8158203127793282,33,8,792,3167,0.0103125,0.01,True,max_tpr_with_empirical_fpr_le_target,0.0003125,0.0003125,0.001,2.378190143813025,1,0,800,3199,0.0003125,0.0,False,max_tpr_with_empirical_fpr_le_target,32,True,False,4.003567572373784,4.019680820676041,0.89,KIDNEY_STONE,GNB,dp,2.0,22
0.49649550781250007,0.01749999999999996,3200,800,0.09375,0.09375,0.1,0.19682968294447756,300,80,720,2900,0.09375,0.1,True,max_tpr_with_empirical_fpr_le_target,0.0171875,0.0171875,0.01,0.6384115227184317,55,8,792,3145,0.0171875,0.01,True,max_tpr_with_empirical_fpr_le_target,0.00125,0.00125,0.001,1.671348616406723,4,0,800,3196,0.00125,0.0,False,max_tpr_with_empirical_fpr_le_target,32,True,False,4.751189659912386,4.776294258432741,0.89,KIDNEY_STONE,GNB,dp,2.0,23
0.5075572265625,0.032187500000000036,3200,800,0.095625,0.095625,0.1,0.15978840236008196,306,79,721,2894,0.095625,0.09875,True,max_tpr_with_empirical_fpr_le_target,0.01,0.01,0.01,0.7539826452873672,32,7,793,3168,0.01,0.00875,True,max_tpr_with_empirical_fpr_le_target,0.0025,0.0025,0.001,1.8951323892019296,8,0,800,3192,0.0025,0.0,False,max_tpr_with_empirical_fpr_le_target,32,True,False,3.706007642677201,3.6642719222081896,0.89,KIDNEY_STONE,GNB,dp,2.0,24
0.48556484375,0.007500000000000062,3200,800,0.07625,0.07625,0.1,0.21006476555264575,244,80,720,2956,0.07625,0.1,True,max_tpr_with_empirical_fpr_le_target,0.0109375,0.0109375,0.01,1.3314275690976145,35,8,792,3165,0.0109375,0.01,True,max_tpr_with_empirical_fpr_le_target,0.0009375,0.0009375,0.001,4.613938565396467,3,0,800,3197,0.0009375,0.0,False,max_tpr_with_empirical_fpr_le_target,32,True,False,2.6164041258621586,2.6199709123283323,0.89,KIDNEY_STONE,GNB,dp,2.0,25
0.4862054687499999,0.012499999999999983,3200,800,0.09625,0.09625,0.1,0.151710492361524,308,80,720,2892,0.09625,0.1,True,max_tpr_with_empirical_fpr_le_target,0.0190625,0.0190625,0.01,0.40273241587249187,61,6,794,3139,0.0190625,0.0075,True,max_tpr_with_empirical_fpr_le_target,0.0,0.0,0.001,inf,0,0,800,3200,0.0,0.0,False,max_tpr_with_empirical_fpr_le_target,32,True,False,3.6577408132531803,3.643308908377268,0.89,KIDNEY_STONE,GNB,dp,2.0,26
0.507601171875,0.025000000000000022,3200,800,0.0828125,0.0828125,0.1,0.19146062271695197,265,79,721,2935,0.0828125,0.09875,True,max_tpr_with_empirical_fpr_le_target,0.0084375,0.0084375,0.01,1.8521013418019843,27,7,793,3173,0.0084375,0.00875,True,max_tpr_with_empirical_fpr_le_target,0.000625,0.000625,0.001,4.151116160573343,2,0,800,3198,0.000625,0.0,False,max_tpr_with_empirical_fpr_le_target,32,True,False,1.6954873489574052,1.7289277104897485,0.89,KIDNEY_STONE,GNB,dp,2.0,27
0.49749863281250006,0.012499999999999997,3200,800,0.103125,0.103125,0.1,0.180812561513072,330,79,721,2870,0.103125,0.09875,True,max_tpr_with_empirical_fpr_le_target,0.008125,0.008125,0.01,1.1467020526740501,26,8,792,3174,0.008125,0.01,True,max_tpr_with_empirical_fpr_le_target,0.0,0.0,0.001,inf,0,0,800,3200,0.0,0.0,False,max_tpr_with_empirical_fpr_le_target,32,True,False,2.7177549992002503,2.7881765714200393,0.89,KIDNEY_STONE,GNB,dp,2.0,28
0.5061466796875,0.024687500000000084,3200,800,0.1115625,0.1115625,0.1,0.155297857968133,357,80,720,2843,0.1115625,0.1,True,max_tpr_with_empirical_fpr_le_target,0.016875,0.016875,0.01,0.7623819261002258,54,8,792,3146,0.016875,0.01,True,max_tpr_with_empirical_fpr_le_target,0.005,0.005,0.001,1.2114511440742057,16,0,800,3184,0.005,0.0,False,max_tpr_with_empirical_fpr_le_target,32,True,False,3.0164825924432073,3.0036048628314753,0.89,KIDNEY_STONE,GNB,dp,2.0,29
0.5060208984375,0.028437500000000004,3200,800,0.098125,0.098125,0.1,0.19147660092355556,314,80,720,2886,0.098125,0.1,True,max_tpr_with_empirical_fpr_le_target,0.016875,0.016875,0.01,0.5074916692190756,54,8,792,3146,0.016875,0.01,True,max_tpr_with_empirical_fpr_le_target,0.0078125,0.0078125,0.001,0.6593956079117098,25,0,800,3175,0.0078125,0.0,False,max_tpr_with_empirical_fpr_le_target,32,True,False,5.4600733453758705,5.495517060627893,0.89,KIDNEY_STONE,GNB,dp,4.0,0
0.4975462890625001,0.02312499999999995,3200,800,0.095625,0.095625,0.1,0.14696100255784605,306,80,720,2894,0.095625,0.1,True,max_tpr_with_empirical_fpr_le_target,0.0146875,0.0146875,0.01,0.5300033888297238,47,7,793,3153,0.0146875,0.00875,True,max_tpr_with_empirical_fpr_le_target,0.005,0.005,0.001,1.0011180838169516,16,0,800,3184,0.005,0.0,False,max_tpr_with_empirical_fpr_le_target,32,True,False,4.178458387182461,4.158254005352438,0.89,KIDNEY_STONE,GNB,dp,4.0,1
0.513914453125,0.04437500000000005,3200,800,0.095625,0.095625,0.1,0.1748741876676132,306,79,721,2894,0.095625,0.09875,True,max_tpr_with_empirical_fpr_le_target,0.0175,0.0175,0.01,0.49715070157378793,56,8,792,3144,0.0175,0.01,True,max_tpr_with_empirical_fpr_le_target,0.0003125,0.0003125,0.001,4.144643227680758,1,0,800,3199,0.0003125,0.0,False,max_tpr_with_empirical_fpr_le_target,32,True,False,2.729041311179165,2.752090712225908,0.89,KIDNEY_STONE,GNB,dp,4.0,2
0.525573828125,0.055624999999999925,3200,800,0.1121875,0.1121875,0.1,0.14715767057386087,359,80,720,2841,0.1121875,0.1,True,max_tpr_with_empirical_fpr_le_target,0.0153125,0.0153125,0.01,0.5816525276290743,49,8,792,3151,0.0153125,0.01,True,max_tpr_with_empirical_fpr_le_target,0.003125,0.003125,0.001,1.0046300547449958,10,0,800,3190,0.003125,0.0,False,max_tpr_with_empirical_fpr_le_target,32,True,False,2.682126373426998,2.6466981630323927,0.89,KIDNEY_STONE,GNB,dp,4.0,3
0.48850019531249994,0.005624999999999998,3200,800,0.0878125,0.0878125,0.1,0.17858542322074022,281,79,721,2919,0.0878125,0.09875,True,max_tpr_with_empirical_fpr_le_target,0.0084375,0.0084375,0.01,0.7317186064766634,27,8,792,3173,0.0084375,0.01,True,max_tpr_with_empirical_fpr_le_target,0.00125,0.00125,0.001,1.7126053009690896,4,0,800,3196,0.00125,0.0,False,max_tpr_with_empirical_fpr_le_target,32,True,False,2.3629096214092744,2.3825923319759346,0.89,KIDNEY_STONE,GNB,dp,4.0,4
0.49887597656250005,0.015625,3200,800,0.091875,0.091875,0.1,0.13960468543931714,294,80,720,2906,0.091875,0.1,True,max_tpr_with_empirical_fpr_le_target,0.013125,0.013125,0.01,0.38671112421969367,42,7,793,3158,0.013125,0.00875,True,max_tpr_with_empirical_fpr_le_target,0.005625,0.005625,0.001,0.5729511878747564,18,0,800,3182,0.005625,0.0,False,max_tpr_with_empirical_fpr_le_target,32,True,False,3.926399156288543,3.9002581081900787,0.89,KIDNEY_STONE,GNB,dp,4.0,5
0.51600390625,0.03374999999999995,3200,800,0.1190625,0.1190625,0.1,0.10444405027852555,381,80,720,2819,0.1190625,0.1,True,max_tpr_with_empirical_fpr_le_target,0.0134375,0.0134375,0.01,1.0260488871622004,43,8,792,3157,0.0134375,0.01,True,max_tpr_with_empirical_fpr_le_target,0.0034375,0.0034375,0.001,2.0674827403946905,11,0,800,3189,0.0034375,0.0,False,max_tpr_with_empirical_fpr_le_target,32,True,False,2.343341290246151,2.415663200418976,0.89,KIDNEY_STONE,GNB,dp,4.0,6
0.5119453125,0.042187500000000044,3200,800,0.10375,0.10375,0.1,0.09159541320254139,332,79,721,2868,0.10375,0.09875,True,max_tpr_with_empirical_fpr_le_target,0.0109375,0.0109375,0.01,0.7668194372671089,35,8,792,3165,0.0109375,0.01,True,max_tpr_with_empirical_fpr_le_target,0.0025,0.0025,0.001,1.7111412926159333,8,0,800,3192,0.0025,0.0,False,max_tpr_with_empirical_fpr_le_target,32,True,False,2.0361756738241383,2.012721619446635,0.89,KIDNEY_STONE,GNB,dp,4.0,7
0.4894722656249999,0.009687500000000071,3200,800,0.101875,0.101875,0.1,0.18813456971639964,326,80,720,2874,0.101875,0.1,True,max_tpr_with_empirical_fpr_le_target,0.0159375,0.0159375,0.01,0.6651699773650375,51,7,793,3149,0.0159375,0.00875,True,max_tpr_with_empirical_fpr_le_target,0.0015625,0.0015625,0.001,1.3263415066956872,5,0,800,3195,0.0015625,0.0,False,max_tpr_with_empirical_fpr_le_target,32,True,False,2.460191144724433,2.5846951068181294,0.89,KIDNEY_STONE,GNB,dp,4.0,8
0.523046875,0.042187500000000044,3200,800,0.1190625,0.1190625,0.1,0.10267486902888345,381,80,720,2819,0.1190625,0.1,True,max_tpr_with_empirical_fpr_le_target,0.014375,0.014375,0.01,0.8420689027004635,46,8,792,3154,0.014375,0.01,True,max_tpr_with_empirical_fpr_le_target,0.0028125,0.0028125,0.001,1.8683471821068798,9,0,800,3191,0.0028125,0.0,False,max_tpr_with_empirical_fpr_le_target,32,True,False,3.286184139717018,3.239063421971099,0.89,KIDNEY_STONE,GNB,dp,4.0,9
0.4944671874999999,0.024062499999999987,3200,800,0.07125,0.07125,0.1,0.20201567818279864,228,80,720,2972,0.07125,0.1,True,max_tpr_with_empirical_fpr_le_target,0.010625,0.010625,0.01,0.8587500713378096,34,8,792,3166,0.010625,0.01,True,max_tpr_with_empirical_fpr_le_target,0.0015625,0.0015625,0.001,2.374962849619819,5,0,800,3195,0.0015625,0.0,False,max_tpr_with_empirical_fpr_le_target,32,True,False,2.11501667122215,2.1227712650156016,0.89,KIDNEY_STONE,GNB,dp,4.0,10
0.49419296875,0.010000000000000009,3200,800,0.0928125,0.0928125,0.1,0.18773160324383542,297,80,720,2903,0.0928125,0.1,True,max_tpr_with_empirical_fpr_le_target,0.0103125,0.0103125,0.01,0.765460933765074,33,8,792,3167,0.0103125,0.01,True,max_tpr_with_empirical_fpr_le_target,0.0015625,0.0015625,0.001,1.342157695312629,5,0,800,3195,0.0015625,0.0,False,max_tpr_with_empirical_fpr_le_target,32,True,False,2.448199450528519,2.51429698913361,0.89,KIDNEY_STONE,GNB,dp,4.0,11
0.49023984374999996,0.0068749999999999645,3200,800,0.0825,0.0825,0.1,0.20649737277033964,264,80,720,2936,0.0825,0.1,True,max_tpr_with_empirical_fpr_le_target,0.009375,0.009375,0.01,0.8513953724487267,30,8,792,3170,0.009375,0.01,True,max_tpr_with_empirical_fpr_le_target,0.0028125,0.0028125,0.001,1.3754513212780193,9,0,800,3191,0.0028125,0.0,False,max_tpr_with_empirical_fpr_le_target,32,True,False,3.091782808741496,3.2019591339167333,0.89,KIDNEY_STONE,GNB,dp,4.0,12
0.4750095703125,0.0024999999999999467,3200,800,0.0628125,0.0628125,0.1,0.2558228080093783,201,80,720,2999,0.0628125,0.1,True,max_tpr_with_empirical_fpr_le_target,0.0084375,0.0084375,0.01,0.6603784774934778,27,8,792,3173,0.0084375,0.01,True,max_tpr_with_empirical_fpr_le_target,0.0003125,0.0003125,0.001,1.5348681839199516,1,0,800,3199,0.0003125,0.0,False,max_tpr_with_empirical_fpr_le_target,32,True,False,6.00316186721927,5.956624293416198,0.89,KIDNEY_STONE,GNB,dp,4.0,13
0.5035269531250001,0.028124999999999956,3200,800,0.0765625,0.0765625,0.1,0.1548007976605974,245,80,720,2955,0.0765625,0.1,True,max_tpr_with_empirical_fpr_le_target,0.0065625,0.0065625,0.01,0.7115931472698418,21,8,792,3179,0.0065625,0.01,True,max_tpr_with_empirical_fpr_le_target,0.0003125,0.0003125,0.001,1.9743868902986463,1,0,800,3199,0.0003125,0.0,False,max_tpr_with_empirical_fpr_le_target,32,True,False,4.486736050344901,4.426138030139017,0.89,KIDNEY_STONE,GNB,dp,4.0,14
0.5093839843749999,0.03343750000000001,3200,800,0.113125,0.113125,0.1,0.09396082201440348,362,80,720,2838,0.113125,0.1,True,max_tpr_with_empirical_fpr_le_target,0.0184375,0.0184375,0.01,0.7221435437595844,59,7,793,3141,0.0184375,0.00875,True,max_tpr_with_empirical_fpr_le_target,0.0003125,0.0003125,0.001,13.254955523680604,1,0,800,3199,0.0003125,0.0,False,max_tpr_with_empirical_fpr_le_target,32,True,False,1.8207540758375864,1.8864933600924854,0.89,KIDNEY_STONE,GNB,dp,4.0,15
0.5012708984375001,0.014687499999999964,3200,800,0.0865625,0.0865625,0.1,0.12085253341534985,277,80,720,2923,0.0865625,0.1,True,max_tpr_with_empirical_fpr_le_target,0.0140625,0.0140625,0.01,0.9550088852851442,45,8,792,3155,0.0140625,0.01,True,max_tpr_with_empirical_fpr_le_target,0.0,0.0,0.001,inf,0,0,800,3200,0.0,0.0,False,max_tpr_with_empirical_fpr_le_target,32,True,False,1.5270953424581302,1.6528640392209506,0.89,KIDNEY_STONE,GNB,dp,4.0,16
0.49586972656249995,0.013437499999999991,3200,800,0.0853125,0.0853125,0.1,0.1583717682005057,273,80,720,2927,0.0853125,0.1,True,max_tpr_with_empirical_fpr_le_target,0.013125,0.013125,0.01,0.6013328038988313,42,8,792,3158,0.013125,0.01,True,max_tpr_with_empirical_fpr_le_target,0.0009375,0.0009375,0.001,1.8597698563709346,3,0,800,3197,0.0009375,0.0,False,max_tpr_with_empirical_fpr_le_target,32,True,False,3.3807385963474523,3.4091023422453897,0.89,KIDNEY_STONE,GNB,dp,4.0,17
0.5039796875,0.021874999999999978,3200,800,0.093125,0.093125,0.1,0.006702516049337692,298,80,720,2902,0.093125,0.1,True,max_tpr_with_empirical_fpr_le_target,0.0090625,0.0090625,0.01,2.334623064901531,29,8,792,3171,0.0090625,0.01,True,max_tpr_with_empirical_fpr_le_target,0.00125,0.00125,0.001,10.784056393281038,4,0,800,3196,0.00125,0.0,False,max_tpr_with_empirical_fpr_le_target,32,True,False,1.0371504925771253,0.9997396307852398,0.89,KIDNEY_STONE,GNB,dp,4.0,18
0.5187078125,0.034062499999999996,3200,800,0.0990625,0.0990625,0.1,0.1017531906226361,317,79,721,2883,0.0990625,0.09875,True,max_tpr_with_empirical_fpr_le_target,0.00875,0.00875,0.01,1.147915178813304,28,8,792,3172,0.00875,0.01,True,max_tpr_with_empirical_fpr_le_target,0.0,0.0,0.001,inf,0,0,800,3200,0.0,0.0,False,max_tpr_with_empirical_fpr_le_target,32,True,False,1.1437346776829294,1.1370942785326315,0.89,KIDNEY_STONE,GNB,dp,4.0,19
0.49751601562500003,0.015625,3200,800,0.09875,0.09875,0.1,0.06087083365914925,316,79,721,2884,0.09875,0.09875,True,max_tpr_with_empirical_fpr_le_target,0.00875,0.00875,0.01,1.276269397612705,28,8,792,3172,0.00875,0.01,True,max_tpr_with_empirical_fpr_le_target,0.0,0.0,0.001,inf,0,0,800,3200,0.0,0.0,False,max_tpr_with_empirical_fpr_le_target,32,True,False,1.6589860539577592,1.6513396749892122,0.89,KIDNEY_STONE,GNB,dp,4.0,20
0.518183984375,0.04749999999999999,3200,800,0.106875,0.106875,0.1,0.1482160111943589,342,80,720,2858,0.106875,0.1,True,max_tpr_with_empirical_fpr_le_target,0.0084375,0.0084375,0.01,0.6904847737071189,27,8,792,3173,0.0084375,0.01,True,max_tpr_with_empirical_fpr_le_target,0.0009375,0.0009375,0.001,1.8236100321730029,3,0,800,3197,0.0009375,0.0,False,max_tpr_with_empirical_fpr_le_target,32,True,False,4.950063555630716,4.847099115999083,0.89,KIDNEY_STONE,GNB,dp,4.0,21
0.5055033203125,0.024062500000000014,3200,800,0.1065625,0.1065625,0.1,0.18266448634291077,341,79,721,2859,0.1065625,0.09875,True,max_tpr_with_empirical_fpr_le_target,0.0215625,0.0215625,0.01,0.4404400735322245,69,8,792,3131,0.0215625,0.01,True,max_tpr_with_empirical_fpr_le_target,0.000625,0.000625,0.001,1.2918316038719055,2,0,800,3198,0.000625,0.0,False,max_tpr_with_empirical_fpr_le_target,32,True,False,4.910949357291759,4.9664933162176474,0.89,KIDNEY_STONE,GNB,dp,4.0,22
0.5123568359374999,0.03187499999999999,3200,800,0.0984375,0.0984375,0.1,0.15966052023549615,315,80,720,2885,0.0984375,0.1,True,max_tpr_with_empirical_fpr_le_target,0.0125,0.0125,0.01,0.5556168194813087,40,8,792,3160,0.0125,0.01,True,max_tpr_with_empirical_fpr_le_target,0.0009375,0.0009375,0.001,1.4114200997560036,3,0,800,3197,0.0009375,0.0,False,max_tpr_with_empirical_fpr_le_target,32,True,False,4.6078763388574435,4.584539144443987,0.89,KIDNEY_STONE,GNB,dp,4.0,23
0.500844921875,0.02718750000000003,3200,800,0.085625,0.085625,0.1,0.17143689028700249,274,80,720,2926,0.085625,0.1,True,max_tpr_with_empirical_fpr_le_target,0.016875,0.016875,0.01,0.6900461239801752,54,8,792,3146,0.016875,0.01,True,max_tpr_with_empirical_fpr_le_target,0.0003125,0.0003125,0.001,2.2109703363659268,1,0,800,3199,0.0003125,0.0,False,max_tpr_with_empirical_fpr_le_target,32,True,False,2.303594480723059,2.379391373838222,0.89,KIDNEY_STONE,GNB,dp,4.0,24
0.4935224609375,0.025000000000000022,3200,800,0.0821875,0.0821875,0.1,0.19800646214098094,263,80,720,2937,0.0821875,0.1,True,max_tpr_with_empirical_fpr_le_target,0.016875,0.016875,0.01,0.4168564619396742,54,8,792,3146,0.016875,0.01,True,max_tpr_with_empirical_fpr_le_target,0.000625,0.000625,0.001,1.292279434233814,2,0,800,3198,0.000625,0.0,False,max_tpr_with_empirical_fpr_le_target,32,True,False,3.002649054075242,3.092915389013741,0.89,KIDNEY_STONE,GNB,dp,4.0,25
0.4841921875,0.0031250000000000444,3200,800,0.085,0.085,0.1,0.19322717042723125,272,80,720,2928,0.085,0.1,True,max_tpr_with_empirical_fpr_le_target,0.00625,0.00625,0.01,0.7085642552477212,20,8,792,3180,0.00625,0.01,True,max_tpr_with_empirical_fpr_le_target,0.0009375,0.0009375,0.001,1.2727208910963137,3,0,800,3197,0.0009375,0.0,False,max_tpr_with_empirical_fpr_le_target,32,True,False,3.6547138940947437,3.6983193678312554,0.89,KIDNEY_STONE,GNB,dp,4.0,26
0.5065388671875,0.026874999999999982,3200,800,0.0978125,0.0978125,0.1,0.02760348249598432,313,80,720,2887,0.0978125,0.1,True,max_tpr_with_empirical_fpr_le_target,0.0103125,0.0103125,0.01,0.8700641051276028,33,8,792,3167,0.0103125,0.01,True,max_tpr_with_empirical_fpr_le_target,0.0,0.0,0.001,inf,0,0,800,3200,0.0,0.0,False,max_tpr_with_empirical_fpr_le_target,32,True,False,1.7131647666941576,1.6042114333825745,0.89,KIDNEY_STONE,GNB,dp,4.0,27
0.4994625,0.023125000000000062,3200,800,0.0921875,0.0921875,0.1,0.11300476984901875,295,80,720,2905,0.0921875,0.1,True,max_tpr_with_empirical_fpr_le_target,0.0065625,0.0065625,0.01,1.1872379685669225,21,6,794,3179,0.0065625,0.0075,True,max_tpr_with_empirical_fpr_le_target,0.0003125,0.0003125,0.001,6.128483578831516,1,0,800,3199,0.0003125,0.0,False,max_tpr_with_empirical_fpr_le_target,32,True,False,0.9445034292484488,0.9460529984023145,0.89,KIDNEY_STONE,GNB,dp,4.0,28
0.51831953125,0.0546875,3200,800,0.0909375,0.0909375,0.1,0.1544035093207201,291,80,720,2909,0.0909375,0.1,True,max_tpr_with_empirical_fpr_le_target,0.0078125,0.0078125,0.01,0.6647805516263361,25,8,792,3175,0.0078125,0.01,True,max_tpr_with_empirical_fpr_le_target,0.000625,0.000625,0.001,2.1761413666526073,2,0,800,3198,0.000625,0.0,False,max_tpr_with_empirical_fpr_le_target,32,True,False,4.34683832290207,4.331712897563701,0.89,KIDNEY_STONE,GNB,dp,4.0,29
0.5046447265625,0.016562500000000008,3200,800,0.11375,0.11375,0.1,0.20416369458073835,364,80,720,2836,0.11375,0.1,True,max_tpr_with_empirical_fpr_le_target,0.0090625,0.0090625,0.01,0.4763001513465457,29,8,792,3171,0.0090625,0.01,True,max_tpr_with_empirical_fpr_le_target,0.0003125,0.0003125,0.001,1.6531595525082365,1,0,800,3199,0.0003125,0.0,False,max_tpr_with_empirical_fpr_le_target,32,True,False,2.9396839486536237,3.08172552272836,0.89,KIDNEY_STONE,GNB,dp,8.0,0
0.5127982421875001,0.028125000000000067,3200,800,0.1125,0.1125,0.1,0.16193848083925388,360,80,720,2840,0.1125,0.1,True,max_tpr_with_empirical_fpr_le_target,0.0153125,0.0153125,0.01,0.7142590937575464,49,8,792,3151,0.0153125,0.01,True,max_tpr_with_empirical_fpr_le_target,0.0015625,0.0015625,0.001,1.2045180124544845,5,0,800,3195,0.0015625,0.0,False,max_tpr_with_empirical_fpr_le_target,32,True,False,2.2722236473284925,2.407520252471459,0.89,KIDNEY_STONE,GNB,dp,8.0,1
0.503575390625,0.02749999999999997,3200,800,0.0896875,0.0896875,0.1,0.10590993115257508,287,80,720,2913,0.0896875,0.1,True,max_tpr_with_empirical_fpr_le_target,0.0096875,0.0096875,0.01,1.0210578536383381,31,8,792,3169,0.0096875,0.01,True,max_tpr_with_empirical_fpr_le_target,0.0,0.0,0.001,inf,0,0,800,3200,0.0,0.0,False,max_tpr_with_empirical_fpr_le_target,32,True,False,0.7067005914668177,0.732473926453323,0.89,KIDNEY_STONE,GNB,dp,8.0,2
0.5036580078125,0.020625000000000004,3200,800,0.0853125,0.0853125,0.1,0.027230392945475135,273,80,720,2927,0.0853125,0.1,True,max_tpr_with_empirical_fpr_le_target,0.006875,0.006875,0.01,1.026911787159111,22,7,793,3178,0.006875,0.00875,True,max_tpr_with_empirical_fpr_le_target,0.0,0.0,0.001,inf,0,0,800,3200,0.0,0.0,False,max_tpr_with_empirical_fpr_le_target,32,True,False,0.5744089655157387,0.5493389681323444,0.89,KIDNEY_STONE,GNB,dp,8.0,3
0.5122984375,0.038124999999999964,3200,800,0.099375,0.099375,0.1,0.1752730187435909,318,79,721,2882,0.099375,0.09875,True,max_tpr_with_empirical_fpr_le_target,0.0121875,0.0121875,0.01,0.4722399501723218,39,8,792,3161,0.0121875,0.01,True,max_tpr_with_empirical_fpr_le_target,0.004375,0.004375,0.001,0.6759759089908486,14,0,800,3186,0.004375,0.0,False,max_tpr_with_empirical_fpr_le_target,32,True,False,4.094285791248128,4.181006695476542,0.89,KIDNEY_STONE,GNB,dp,8.0,4
0.4922767578125,0.005937499999999998,3200,800,0.103125,0.103125,0.1,0.17886635123502304,330,79,721,2870,0.103125,0.09875,True,max_tpr_with_empirical_fpr_le_target,0.0065625,0.0065625,0.01,0.8118025207056867,21,8,792,3179,0.0065625,0.01,True,max_tpr_with_empirical_fpr_le_target,0.0015625,0.0015625,0.001,1.3933900166838225,5,0,800,3195,0.0015625,0.0,False,max_tpr_with_empirical_fpr_le_target,32,True,False,3.477308494664074,3.5305564468968744,0.89,KIDNEY_STONE,GNB,dp,8.0,5
0.4980328125,0.020625000000000004,3200,800,0.1109375,0.1109375,0.1,0.14206958122095514,355,80,720,2845,0.1109375,0.1,True,max_tpr_with_empirical_fpr_le_target,0.0115625,0.0115625,0.01,0.4406252569687985,37,7,793,3163,0.0115625,0.00875,True,max_tpr_with_empirical_fpr_le_target,0.0003125,0.0003125,0.001,1.1656694431664096,1,0,800,3199,0.0003125,0.0,False,max_tpr_with_empirical_fpr_le_target,32,True,False,4.332288470511727,4.368226181484718,0.89,KIDNEY_STONE,GNB,dp,8.0,6
0.5003068359375,0.018437499999999996,3200,800,0.0934375,0.0934375,0.1,0.02490980362201234,299,80,720,2901,0.0934375,0.1,True,max_tpr_with_empirical_fpr_le_target,0.020625,0.020625,0.01,0.7975188393355928,66,8,792,3134,0.020625,0.01,True,max_tpr_with_empirical_fpr_le_target,0.0,0.0,0.001,inf,0,0,800,3200,0.0,0.0,False,max_tpr_with_empirical_fpr_le_target,32,True,False,1.5139810822739554,1.5193112950966197,0.89,KIDNEY_STONE,GNB,dp,8.0,7
0.49352695312500006,0.008437499999999997,3200,800,0.0915625,0.0915625,0.1,0.1676609797285864,293,80,720,2907,0.0915625,0.1,True,max_tpr_with_empirical_fpr_le_target,0.01125,0.01125,0.01,0.5996111618603499,36,8,792,3164,0.01125,0.01,True,max_tpr_with_empirical_fpr_le_target,0.0,0.0,0.001,inf,0,0,800,3200,0.0,0.0,False,max_tpr_with_empirical_fpr_le_target,32,True,False,4.1603520387142945,4.2018814013141865,0.89,KIDNEY_STONE,GNB,dp,8.0,8
0.48475039062499997,0.014062499999999978,3200,800,0.098125,0.098125,0.1,0.1480848927900813,314,80,720,2886,0.098125,0.1,True,max_tpr_with_empirical_fpr_le_target,0.0134375,0.0134375,0.01,0.6416688226635687,43,8,792,3157,0.0134375,0.01,True,max_tpr_with_empirical_fpr_le_target,0.0025,0.0025,0.001,1.3552773152785407,8,0,800,3192,0.0025,0.0,False,max_tpr_with_empirical_fpr_le_target,32,True,False,2.2608157447513526,2.267250346478593,0.89,KIDNEY_STONE,GNB,dp,8.0,9
0.506105859375,0.03687499999999999,3200,800,0.086875,0.0871875,0.1,0.1338853633715944,278,79,721,2922,0.086875,0.09875,True,max_tpr_with_empirical_fpr_le_target,0.006875,0.006875,0.01,0.24786549663885804,22,8,792,3178,0.006875,0.01,True,max_tpr_with_empirical_fpr_le_target,0.0,0.0,0.001,inf,0,0,800,3200,0.0,0.0,False,max_tpr_with_empirical_fpr_le_target,32,True,False,3.6085729082232025,3.625895941925477,0.89,KIDNEY_STONE,GNB,dp,8.0,10
0.4980046875,0.011249999999999982,3200,800,0.0884375,0.0884375,0.1,0.16993124419879635,283,80,720,2917,0.0884375,0.1,True,max_tpr_with_empirical_fpr_le_target,0.01,0.01,0.01,0.6291390967504347,32,7,793,3168,0.01,0.00875,True,max_tpr_with_empirical_fpr_le_target,0.0021875,0.0021875,0.001,1.1135601880197137,7,0,800,3193,0.0021875,0.0,False,max_tpr_with_empirical_fpr_le_target,32,True,False,3.2451615581480073,3.305753243155295,0.89,KIDNEY_STONE,GNB,dp,8.0,11
0.49878574218749994,0.0196875,3200,800,0.1109375,0.1109375,0.1,0.046916343162149765,355,80,720,2845,0.1109375,0.1,True,max_tpr_with_empirical_fpr_le_target,0.020625,0.020625,0.01,0.4888266921504316,66,8,792,3134,0.020625,0.01,True,max_tpr_with_empirical_fpr_le_target,0.0,0.0,0.001,inf,0,0,800,3200,0.0,0.0,False,max_tpr_with_empirical_fpr_le_target,32,True,False,1.9240440190095367,1.8813228300821239,0.89,KIDNEY_STONE,GNB,dp,8.0,12
0.49651230468749996,0.0171875,3200,800,0.108125,0.108125,0.1,0.17329170400708893,346,79,721,2854,0.108125,0.09875,True,max_tpr_with_empirical_fpr_le_target,0.00875,0.00875,0.01,0.4533097905978436,28,8,792,3172,0.00875,0.01,True,max_tpr_with_empirical_fpr_le_target,0.0,0.0,0.001,inf,0,0,800,3200,0.0,0.0,False,max_tpr_with_empirical_fpr_le_target,32,True,False,3.242043917278512,3.3025266637229302,0.89,KIDNEY_STONE,GNB,dp,8.0,13
0.4979597656250001,0.01937499999999992,3200,800,0.0840625,0.0840625,0.1,0.1087261461228568,269,79,721,2931,0.0840625,0.09875,True,max_tpr_with_empirical_fpr_le_target,0.0075,0.0075,0.01,0.790236419738019,24,8,792,3176,0.0075,0.01,True,max_tpr_with_empirical_fpr_le_target,0.0,0.0,0.001,inf,0,0,800,3200,0.0,0.0,False,max_tpr_with_empirical_fpr_le_target,32,True,False,1.2954567656527984,1.2679854554218457,0.89,KIDNEY_STONE,GNB,dp,8.0,14
0.502388671875,0.010312500000000058,3200,800,0.1046875,0.1046875,0.1,0.06255508152562705,335,80,720,2865,0.1046875,0.1,True,max_tpr_with_empirical_fpr_le_target,0.01125,0.01125,0.01,1.2817635505970397,36,8,792,3164,0.01125,0.01,True,max_tpr_with_empirical_fpr_le_target,0.005,0.005,0.001,2.666255810105728,16,0,800,3184,0.005,0.0,False,max_tpr_with_empirical_fpr_le_target,32,True,False,0.33952249087771685,0.3593471482743933,0.89,KIDNEY_STONE,GNB,dp,8.0,15
0.4915488281250001,0.021874999999999978,3200,800,0.0875,0.0875,0.1,0.01802279311974264,280,80,720,2920,0.0875,0.1,True,max_tpr_with_empirical_fpr_le_target,0.0153125,0.0153125,0.01,0.6952393667046207,49,8,792,3151,0.0153125,0.01,True,max_tpr_with_empirical_fpr_le_target,0.0009375,0.0009375,0.001,4.026922391423487,3,0,800,3197,0.0009375,0.0,False,max_tpr_with_empirical_fpr_le_target,32,True,False,0.6923161611354508,0.6853767767532102,0.89,KIDNEY_STONE,GNB,dp,8.0,16
0.501150390625,0.020312499999999956,3200,800,0.1,0.1,0.1,0.10819191695453512,320,79,721,2880,0.1,0.09875,True,max_tpr_with_empirical_fpr_le_target,0.0121875,0.0121875,0.01,0.4265549511066373,39,8,792,3161,0.0121875,0.01,True,max_tpr_with_empirical_fpr_le_target,0.0040625,0.0040625,0.001,0.6372896341357306,13,0,800,3187,0.0040625,0.0,False,max_tpr_with_empirical_fpr_le_target,32,True,False,4.342759416891482,4.22284643280992,0.89,KIDNEY_STONE,GNB,dp,8.0,17
0.49885683593749997,0.014374999999999999,3200,800,0.1,0.1,0.1,0.14541337738923676,320,79,721,2880,0.1,0.09875,True,max_tpr_with_empirical_fpr_le_target,0.0065625,0.0065625,0.01,0.582956299051987,21,8,792,3179,0.0065625,0.01,True,max_tpr_with_empirical_fpr_le_target,0.0003125,0.0003125,0.001,1.257686042686621,1,0,800,3199,0.0003125,0.0,False,max_tpr_with_empirical_fpr_le_target,32,True,False,3.6558291413453756,3.6546467636291426,0.89,KIDNEY_STONE,GNB,dp,8.0,18
0.5019175781249999,0.02531250000000007,3200,800,0.0903125,0.0903125,0.1,0.13434132322441705,289,80,720,2911,0.0903125,0.1,True,max_tpr_with_empirical_fpr_le_target,0.0196875,0.0196875,0.01,0.30484327186447224,63,8,792,3137,0.0196875,0.01,True,max_tpr_with_empirical_fpr_le_target,0.0021875,0.0021875,0.001,0.656492342041552,7,0,800,3193,0.0021875,0.0,False,max_tpr_with_empirical_fpr_le_target,32,True,False,2.580289229864693,2.574105966219373,0.89,KIDNEY_STONE,GNB,dp,8.0,19
0.507856640625,0.017187500000000022,3200,800,0.106875,0.106875,0.1,0.02610264838872922,342,80,720,2858,0.106875,0.1,True,max_tpr_with_empirical_fpr_le_target,0.01875,0.01875,0.01,0.8304727146362978,60,8,792,3140,0.01875,0.01,True,max_tpr_with_empirical_fpr_le_target,0.0003125,0.0003125,0.001,4.852467532149375,1,0,800,3199,0.0003125,0.0,False,max_tpr_with_empirical_fpr_le_target,32,True,False,0.9015638718958134,0.9230701325013632,0.89,KIDNEY_STONE,GNB,dp,8.0,20
0.5082316406249999,0.030625000000000013,3200,800,0.0971875,0.0971875,0.1,-0.02612808345871187,311,80,720,2889,0.0971875,0.1,True,max_tpr_with_empirical_fpr_le_target,0.013125,0.013125,0.01,0.8501190250123616,42,7,793,3158,0.013125,0.00875,True,max_tpr_with_empirical_fpr_le_target,0.0,0.0,0.001,inf,0,0,800,3200,0.0,0.0,False,max_tpr_with_empirical_fpr_le_target,32,True,False,0.9193372696200762,0.860727680239071,0.89,KIDNEY_STONE,GNB,dp,8.0,21
0.5043712890625,0.020312500000000067,3200,800,0.0940625,0.0940625,0.1,0.17017474979849911,301,80,720,2899,0.0940625,0.1,True,max_tpr_with_empirical_fpr_le_target,0.01375,0.01375,0.01,0.26687412680328526,44,8,792,3156,0.01375,0.01,True,max_tpr_with_empirical_fpr_le_target,0.0,0.0,0.001,inf,0,0,800,3200,0.0,0.0,False,max_tpr_with_empirical_fpr_le_target,32,True,False,3.696687633885176,3.8500803751686243,0.89,KIDNEY_STONE,GNB,dp,8.0,22
0.47897226562500006,0.009375,3200,800,0.0878125,0.0878125,0.1,0.2027318460106664,281,80,720,2919,0.0878125,0.1,True,max_tpr_with_empirical_fpr_le_target,0.019375,0.019375,0.01,0.6623124466882357,62,8,792,3138,0.019375,0.01,True,max_tpr_with_empirical_fpr_le_target,0.00125,0.00125,0.001,1.2035150700659951,4,0,800,3196,0.00125,0.0,False,max_tpr_with_empirical_fpr_le_target,32,True,False,3.4998375589345176,3.5281266728086296,0.89,KIDNEY_STONE,GNB,dp,8.0,23
0.49713046875000005,0.016562499999999925,3200,800,0.1115625,0.1115625,0.1,0.18513684433930422,357,80,720,2843,0.1115625,0.1,True,max_tpr_with_empirical_fpr_le_target,0.0109375,0.0109375,0.01,0.6466405269027589,35,8,792,3165,0.0109375,0.01,True,max_tpr_with_empirical_fpr_le_target,0.000625,0.000625,0.001,1.285990499275226,2,0,800,3198,0.000625,0.0,False,max_tpr_with_empirical_fpr_le_target,32,True,False,3.276605145508988,3.430358667841322,0.89,KIDNEY_STONE,GNB,dp,8.0,24
0.5110550781250001,0.029687499999999978,3200,800,0.1109375,0.1109375,0.1,0.150455650012141,355,79,721,2845,0.1109375,0.09875,True,max_tpr_with_empirical_fpr_le_target,0.015625,0.015625,0.01,0.4906508593280745,50,8,792,3150,0.015625,0.01,True,max_tpr_with_empirical_fpr_le_target,0.0003125,0.0003125,0.001,2.271267215463668,1,0,800,3199,0.0003125,0.0,False,max_tpr_with_empirical_fpr_le_target,32,True,False,2.559408420268908,2.60241699491917,0.89,KIDNEY_STONE,GNB,dp,8.0,25
0.5088386718750001,0.028437500000000004,3200,800,0.114375,0.114375,0.1,0.15440874748900146,366,79,721,2834,0.114375,0.09875,True,max_tpr_with_empirical_fpr_le_target,0.0153125,0.0153125,0.01,0.4892773944203537,49,8,792,3151,0.0153125,0.01,True,max_tpr_with_empirical_fpr_le_target,0.0,0.0,0.001,inf,0,0,800,3200,0.0,0.0,False,max_tpr_with_empirical_fpr_le_target,32,True,False,3.186631104202737,3.211693349569888,0.89,KIDNEY_STONE,GNB,dp,8.0,26
0.4850994140624999,0.024062499999999987,3200,800,0.0878125,0.0878125,0.1,0.24644864641231368,281,80,720,2919,0.0878125,0.1,True,max_tpr_with_empirical_fpr_le_target,0.006875,0.006875,0.01,0.7056917193629424,22,8,792,3178,0.006875,0.01,True,max_tpr_with_empirical_fpr_le_target,0.000625,0.000625,0.001,1.372410900816318,2,0,800,3198,0.000625,0.0,False,max_tpr_with_empirical_fpr_le_target,32,True,False,2.242051427661735,2.3942456995864156,0.89,KIDNEY_STONE,GNB,dp,8.0,27
0.517200390625,0.05125000000000002,3200,800,0.095625,0.095625,0.1,0.13588327807116052,306,80,720,2894,0.095625,0.1,True,max_tpr_with_empirical_fpr_le_target,0.0184375,0.0184375,0.01,0.6650003890868859,59,7,793,3141,0.0184375,0.00875,True,max_tpr_with_empirical_fpr_le_target,0.0034375,0.0034375,0.001,1.221826561008619,11,0,800,3189,0.0034375,0.0,False,max_tpr_with_empirical_fpr_le_target,32,True,False,2.2186426469958436,2.2593898898038285,0.89,KIDNEY_STONE,GNB,dp,8.0,28
0.5008853515625,0.014687499999999964,3200,800,0.0996875,0.0996875,0.1,0.17681590558632077,319,79,721,2881,0.0996875,0.09875,True,max_tpr_with_empirical_fpr_le_target,0.0096875,0.0096875,0.01,0.5483464129403175,31,7,793,3169,0.0096875,0.00875,True,max_tpr_with_empirical_fpr_le_target,0.0,0.0,0.001,inf,0,0,800,3200,0.0,0.0,False,max_tpr_with_empirical_fpr_le_target,32,True,False,2.236133819294854,2.311124003185051,0.89,KIDNEY_STONE,GNB,dp,8.0,29
0.4977724609375,0.014375000000000027,3200,800,0.0909375,0.0909375,0.1,0.2026058858658064,291,80,720,2909,0.0909375,0.1,True,max_tpr_with_empirical_fpr_le_target,0.0128125,0.0128125,0.01,1.3743987498906662,41,7,793,3159,0.0128125,0.00875,True,max_tpr_with_empirical_fpr_le_target,0.0009375,0.0009375,0.001,3.267044520749396,3,0,800,3197,0.0009375,0.0,False,max_tpr_with_empirical_fpr_le_target,32,True,False,0.43531386238972014,0.5326161908423256,0.89,KIDNEY_STONE,GNB,dp,10.0,0
0.5034275390624999,0.011874999999999997,3200,800,0.0996875,0.0996875,0.1,0.02505703973725182,319,80,720,2881,0.0996875,0.1,True,max_tpr_with_empirical_fpr_le_target,0.0159375,0.0159375,0.01,1.0195886868804498,51,8,792,3149,0.0159375,0.01,True,max_tpr_with_empirical_fpr_le_target,0.001875,0.001875,0.001,6.402679787394004,6,0,800,3194,0.001875,0.0,False,max_tpr_with_empirical_fpr_le_target,32,True,False,0.35712778819274654,0.3642052755365601,0.89,KIDNEY_STONE,GNB,dp,10.0,1
0.4990330078125,0.01937499999999992,3200,800,0.0921875,0.09489583333333333,0.1,0.15816707783001904,295,78,722,2905,0.0921875,0.0975,True,max_tpr_with_empirical_fpr_le_target,0.010625,0.010625,0.01,0.5471490442638456,34,8,792,3166,0.010625,0.01,True,max_tpr_with_empirical_fpr_le_target,0.0,0.0,0.001,inf,0,0,800,3200,0.0,0.0,False,max_tpr_with_empirical_fpr_le_target,32,True,False,3.8226984517556306,3.8423880084609894,0.89,KIDNEY_STONE,GNB,dp,10.0,2
0.49958320312500004,0.016249999999999987,3200,800,0.100625,0.100625,0.1,0.1530951240594498,322,80,720,2878,0.100625,0.1,True,max_tpr_with_empirical_fpr_le_target,0.0121875,0.0121875,0.01,0.2830788910101627,39,8,792,3161,0.0121875,0.01,True,max_tpr_with_empirical_fpr_le_target,0.0028125,0.0028125,0.001,0.45941125399490934,9,0,800,3191,0.0028125,0.0,False,max_tpr_with_empirical_fpr_le_target,32,True,False,3.3757010890751844,3.3970983032269846,0.89,KIDNEY_STONE,GNB,dp,10.0,3
0.508498828125,0.03187499999999999,3200,800,0.100625,0.100625,0.1,0.16180535858794798,322,80,720,2878,0.100625,0.1,True,max_tpr_with_empirical_fpr_le_target,0.018125,0.018125,0.01,0.3733182738132821,58,8,792,3142,0.018125,0.01,True,max_tpr_with_empirical_fpr_le_target,0.0021875,0.0021875,0.001,0.7411547906631317,7,0,800,3193,0.0021875,0.0,False,max_tpr_with_empirical_fpr_le_target,32,True,False,2.526509807058129,2.5117262933572198,0.89,KIDNEY_STONE,GNB,dp,10.0,4
0.50733515625,0.025937500000000002,3200,800,0.1078125,0.1086875,0.1,0.15766627064819927,345,79,721,2855,0.1078125,0.09875,True,max_tpr_with_empirical_fpr_le_target,0.0084375,0.0084375,0.01,0.7181015299607845,27,8,792,3173,0.0084375,0.01,True,max_tpr_with_empirical_fpr_le_target,0.00125,0.00125,0.001,1.3980684714164786,4,0,800,3196,0.00125,0.0,False,max_tpr_with_empirical_fpr_le_target,32,True,False,3.2685403447631383,3.2630697650132428,0.89,KIDNEY_STONE,GNB,dp,10.0,5
0.51245390625,0.026562500000000044,3200,800,0.1046875,0.10877403846153846,0.1,0.1786587580222867,335,75,725,2865,0.1046875,0.09375,True,max_tpr_with_empirical_fpr_le_target,0.004375,0.0054687500000000005,0.01,0.3912400938206477,14,7,793,3186,0.004375,0.00875,True,max_tpr_with_empirical_fpr_le_target,0.0003125,0.0005625000000000001,0.001,1.2510962750662964,1,0,800,3199,0.0003125,0.0,False,max_tpr_with_empirical_fpr_le_target,32,True,False,2.863726932305811,2.938121004538587,0.89,KIDNEY_STONE,GNB,dp,10.0,6
0.49859726562500006,0.014062499999999992,3200,800,0.101875,0.101875,0.1,-0.004544944931156758,326,77,723,2874,0.101875,0.09625,True,max_tpr_with_empirical_fpr_le_target,0.01125,0.01125,0.01,1.1661736458686816,36,8,792,3164,0.01125,0.01,True,max_tpr_with_empirical_fpr_le_target,0.003125,0.003125,0.001,3.111176498437346,10,0,800,3190,0.003125,0.0,False,max_tpr_with_empirical_fpr_le_target,32,True,False,0.7333142559306168,0.7159590008584729,0.89,KIDNEY_STONE,GNB,dp,10.0,7
0.507097265625,0.030937500000000062,3200,800,0.0846875,0.0846875,0.1,0.06747418170714115,271,80,720,2929,0.0846875,0.1,True,max_tpr_with_empirical_fpr_le_target,0.009375,0.009375,0.01,1.1989769793436582,30,8,792,3170,0.009375,0.01,True,max_tpr_with_empirical_fpr_le_target,0.0,0.0,0.001,inf,0,0,800,3200,0.0,0.0,False,max_tpr_with_empirical_fpr_le_target,32,True,False,0.8289441618467163,0.8505591111297222,0.89,KIDNEY_STONE,GNB,dp,10.0,8
0.5171250000000001,0.036250000000000004,3200,800,0.1021875,0.11699519230769233,0.1,0.15964366237423633,327,69,731,2873,0.1021875,0.08625,True,max_tpr_with_empirical_fpr_le_target,0.0059375,0.0059375,0.01,0.40540088845821387,19,8,792,3181,0.0059375,0.01,True,max_tpr_with_empirical_fpr_le_target,0.0,0.0,0.001,inf,0,0,800,3200,0.0,0.0,False,max_tpr_with_empirical_fpr_le_target,32,True,False,3.4639557472316396,3.5523448030060316,0.89,KIDNEY_STONE,GNB,dp,10.0,9
0.49571249999999994,0.015312500000000062,3200,800,0.1,0.1,0.1,0.07865556809115903,320,80,720,2880,0.1,0.1,True,max_tpr_with_empirical_fpr_le_target,0.0090625,0.0090625,0.01,1.2072199935255354,29,6,794,3171,0.0090625,0.0075,True,max_tpr_with_empirical_fpr_le_target,0.0009375,0.0009375,0.001,5.442030140438721,3,0,800,3197,0.0009375,0.0,False,max_tpr_with_empirical_fpr_le_target,32,True,False,0.8819498739564522,0.9009005299728345,0.89,KIDNEY_STONE,GNB,dp,10.0,10
0.504947265625,0.014687499999999964,3200,800,0.0703125,0.10524909420289856,0.1,-0.014814705865984323,225,52,748,2975,0.0703125,0.065,True,max_tpr_with_empirical_fpr_le_target,0.02,0.02,0.01,0.7946103974977818,64,8,792,3136,0.02,0.01,True,max_tpr_with_empirical_fpr_le_target,0.0021875,0.0021875,0.001,6.510288936566132,7,0,800,3193,0.0021875,0.0,False,max_tpr_with_empirical_fpr_le_target,32,True,False,0.17463663683200503,0.17206843825292728,0.89,KIDNEY_STONE,GNB,dp,10.0,11
0.49076386718749987,0.0078125,3200,800,0.096875,0.096875,0.1,0.10453422036851912,310,80,720,2890,0.096875,0.1,True,max_tpr_with_empirical_fpr_le_target,0.0071875,0.0071875,0.01,1.1694993617378053,23,8,792,3177,0.0071875,0.01,True,max_tpr_with_empirical_fpr_le_target,0.0,0.0,0.001,inf,0,0,800,3200,0.0,0.0,False,max_tpr_with_empirical_fpr_le_target,32,True,False,1.1774506854629672,1.225556901967499,0.89,KIDNEY_STONE,GNB,dp,10.0,12
0.5076712890625,0.024687500000000084,3200,800,0.1028125,0.1028125,0.1,0.206641712619275,329,80,720,2871,0.1028125,0.1,True,max_tpr_with_empirical_fpr_le_target,0.0125,0.0125,0.01,0.62656687794059,40,7,793,3160,0.0125,0.00875,True,max_tpr_with_empirical_fpr_le_target,0.0003125,0.0003125,0.001,1.6028839150261964,1,0,800,3199,0.0003125,0.0,False,max_tpr_with_empirical_fpr_le_target,32,True,False,5.370642024535055,5.396679767960539,0.89,KIDNEY_STONE,GNB,dp,10.0,13
0.49599355468750006,0.022187500000000027,3200,800,0.0990625,0.0990625,0.1,0.16497557518998507,317,80,720,2883,0.0990625,0.1,True,max_tpr_with_empirical_fpr_le_target,0.01625,0.01625,0.01,0.4192732720596897,52,8,792,3148,0.01625,0.01,True,max_tpr_with_empirical_fpr_le_target,0.000625,0.000625,0.001,1.2301000836912328,2,0,800,3198,0.000625,0.0,False,max_tpr_with_empirical_fpr_le_target,32,True,False,2.7347633111539382,2.6855328177640003,0.89,KIDNEY_STONE,GNB,dp,10.0,14
0.5062294921874999,0.03343750000000001,3200,800,0.0765625,0.07752604166666667,0.1,0.14340807752230944,245,79,721,2955,0.0765625,0.09875,True,max_tpr_with_empirical_fpr_le_target,0.00625,0.00625,0.01,0.30613020829490045,20,8,792,3180,0.00625,0.01,True,max_tpr_with_empirical_fpr_le_target,0.0003125,0.0003125,0.001,0.8370573969364021,1,0,800,3199,0.0003125,0.0,False,max_tpr_with_empirical_fpr_le_target,32,True,False,3.304777119665618,3.2475895892297886,0.89,KIDNEY_STONE,GNB,dp,10.0,15
0.508191796875,0.030625000000000013,3200,800,0.0940625,0.0940625,0.1,0.15922944929772176,301,80,720,2899,0.0940625,0.1,True,max_tpr_with_empirical_fpr_le_target,0.0040625,0.0040625,0.01,1.550694928404822,13,8,792,3187,0.0040625,0.01,True,max_tpr_with_empirical_fpr_le_target,0.0009375,0.0009375,0.001,3.405656529324755,3,0,800,3197,0.0009375,0.0,False,max_tpr_with_empirical_fpr_le_target,32,True,False,1.134556356502526,1.1781648716023339,0.89,KIDNEY_STONE,GNB,dp,10.0,16
0.4996296875,0.020625000000000004,3200,800,0.0953125,0.0953125,0.1,0.00829967466884518,305,80,720,2895,0.0953125,0.1,True,max_tpr_with_empirical_fpr_le_target,0.011875,0.011875,0.01,1.4033695832580513,38,8,792,3162,0.011875,0.01,True,max_tpr_with_empirical_fpr_le_target,0.000625,0.000625,0.001,3.32486065949447,2,0,800,3198,0.000625,0.0,False,max_tpr_with_empirical_fpr_le_target,32,True,False,0.9772579695921554,0.9662901313133955,0.89,KIDNEY_STONE,GNB,dp,10.0,17
0.5004859374999999,0.018437499999999996,3200,800,0.1,0.1,0.1,0.00011949900341007291,320,80,720,2880,0.1,0.1,True,max_tpr_with_empirical_fpr_le_target,0.011875,0.011875,0.01,1.2223776020242578,38,8,792,3162,0.011875,0.01,True,max_tpr_with_empirical_fpr_le_target,0.0,0.0,0.001,inf,0,0,800,3200,0.0,0.0,False,max_tpr_with_empirical_fpr_le_target,32,True,False,0.6313254704067967,0.6091365333840203,0.89,KIDNEY_STONE,GNB,dp,10.0,18
0.4883953124999999,0.01749999999999996,3200,800,0.08875,0.08875,0.1,0.09842515303004284,284,80,720,2916,0.08875,0.1,True,max_tpr_with_empirical_fpr_le_target,0.0121875,0.0121875,0.01,0.8222561701482203,39,8,792,3161,0.0121875,0.01,True,max_tpr_with_empirical_fpr_le_target,0.00625,0.00625,0.001,1.1546093765429823,20,0,800,3180,0.00625,0.0,False,max_tpr_with_empirical_fpr_le_target,32,True,False,1.6008754134076901,1.5861952538937105,0.89,KIDNEY_STONE,GNB,dp,10.0,19
0.5049427734375,0.026874999999999982,3200,800,0.086875,0.086875,0.1,0.11761185167097543,278,80,720,2922,0.086875,0.1,True,max_tpr_with_empirical_fpr_le_target,0.014375,0.014375,0.01,0.6084302165199205,46,8,792,3154,0.014375,0.01,True,max_tpr_with_empirical_fpr_le_target,0.0028125,0.0028125,0.001,1.8081542475288306,9,0,800,3191,0.0028125,0.0,False,max_tpr_with_empirical_fpr_le_target,32,True,False,2.8646021426391943,2.796534543209384,0.89,KIDNEY_STONE,GNB,dp,10.0,20
0.4976732421875,0.020312500000000067,3200,800,0.0903125,0.0903125,0.1,0.0994728464778244,289,80,720,2911,0.0903125,0.1,True,max_tpr_with_empirical_fpr_le_target,0.0165625,0.0165625,0.01,0.9643879529581525,53,8,792,3147,0.0165625,0.01,True,max_tpr_with_empirical_fpr_le_target,0.000625,0.000625,0.001,5.124717781570514,2,0,800,3198,0.000625,0.0,False,max_tpr_with_empirical_fpr_le_target,32,True,False,1.0630550536199161,1.0531363112888235,0.89,KIDNEY_STONE,GNB,dp,10.0,21
0.518176953125,0.05406250000000001,3200,800,0.1090625,0.1090625,0.1,0.1464600231656612,349,80,720,2851,0.1090625,0.1,True,max_tpr_with_empirical_fpr_le_target,0.008125,0.008125,0.01,0.5272146439219343,26,8,792,3174,0.008125,0.01,True,max_tpr_with_empirical_fpr_le_target,0.0003125,0.0003125,0.001,1.0081809853470909,1,0,800,3199,0.0003125,0.0,False,max_tpr_with_empirical_fpr_le_target,32,True,False,3.5126323741506655,3.5633710730865253,0.89,KIDNEY_STONE,GNB,dp,10.0,22
0.484362890625,0.007499999999999951,3200,800,0.090625,0.090625,0.1,0.16490782273196603,290,80,720,2910,0.090625,0.1,True,max_tpr_with_empirical_fpr_le_target,0.00875,0.00875,0.01,0.6587672619321303,28,8,792,3172,0.00875,0.01,True,max_tpr_with_empirical_fpr_le_target,0.0021875,0.0021875,0.001,0.9929372013220821,7,0,800,3193,0.0021875,0.0,False,max_tpr_with_empirical_fpr_le_target,32,True,False,2.8888088542378862,2.8551691826093055,0.89,KIDNEY_STONE,GNB,dp,10.0,23
0.4829431640625,0.006875000000000001,3200,800,0.07625,0.07625,0.1,0.21922084290312793,244,80,720,2956,0.07625,0.1,True,max_tpr_with_empirical_fpr_le_target,0.0140625,0.0140625,0.01,0.3951187735549315,45,8,792,3155,0.0140625,0.01,True,max_tpr_with_empirical_fpr_le_target,0.0034375,0.0034375,0.001,0.6559197300839836,11,0,800,3189,0.0034375,0.0,False,max_tpr_with_empirical_fpr_le_target,32,True,False,2.6158358468377103,2.696388322123439,0.89,KIDNEY_STONE,GNB,dp,10.0,24
0.4891154296875,0.013437500000000002,3200,800,0.103125,0.103125,0.1,0.2048973218633383,330,79,721,2870,0.103125,0.09875,True,max_tpr_with_empirical_fpr_le_target,0.0203125,0.0203125,0.01,0.47915796975155245,65,8,792,3135,0.0203125,0.01,True,max_tpr_with_empirical_fpr_le_target,0.0025,0.0025,0.001,0.985265482494496,8,0,800,3192,0.0025,0.0,False,max_tpr_with_empirical_fpr_le_target,32,True,False,2.4168958688305113,2.5146558696121546,0.89,KIDNEY_STONE,GNB,dp,10.0,25
0.5049564453125,0.03125,3200,800,0.0940625,0.0940625,0.1,0.16068236284645376,301,80,720,2899,0.0940625,0.1,True,max_tpr_with_empirical_fpr_le_target,0.0103125,0.0103125,0.01,0.5937941198900996,33,8,792,3167,0.0103125,0.01,True,max_tpr_with_empirical_fpr_le_target,0.000625,0.000625,0.001,1.6648695760003882,2,0,800,3198,0.000625,0.0,False,max_tpr_with_empirical_fpr_le_target,32,True,False,3.3751837368572266,3.3875360351104704,0.89,KIDNEY_STONE,GNB,dp,10.0,26
0.5215681640625001,0.03937499999999994,3200,800,0.11,0.11,0.1,0.07965042855064786,352,80,720,2848,0.11,0.1,True,max_tpr_with_empirical_fpr_le_target,0.015625,0.015625,0.01,0.5862561115670148,50,8,792,3150,0.015625,0.01,True,max_tpr_with_empirical_fpr_le_target,0.0078125,0.0078125,0.001,0.802139861603762,25,0,800,3175,0.0078125,0.0,False,max_tpr_with_empirical_fpr_le_target,32,True,False,3.2922102876492962,3.2187021036675296,0.89,KIDNEY_STONE,GNB,dp,10.0,27
0.502387890625,0.026562500000000044,3200,800,0.115625,0.115625,0.1,0.0954843688857352,370,78,722,2830,0.115625,0.0975,True,max_tpr_with_empirical_fpr_le_target,0.0090625,0.0090625,0.01,0.2200059124774576,29,8,792,3171,0.0090625,0.01,True,max_tpr_with_empirical_fpr_le_target,0.0,0.0,0.001,inf,0,0,800,3200,0.0,0.0,False,max_tpr_with_empirical_fpr_le_target,32,True,False,4.063651075332847,3.976731475932114,0.89,KIDNEY_STONE,GNB,dp,10.0,28
0.47857500000000003,0.0034374999999999996,3200,800,0.0825,0.0825,0.1,0.06412801899993803,264,80,720,2936,0.0825,0.1,True,max_tpr_with_empirical_fpr_le_target,0.0121875,0.0121875,0.01,0.8048587672182117,39,8,792,3161,0.0121875,0.01,True,max_tpr_with_empirical_fpr_le_target,0.0,0.0,0.001,inf,0,0,800,3200,0.0,0.0,False,max_tpr_with_empirical_fpr_le_target,32,True,False,1.634427031207793,1.5977736021275353,0.89,KIDNEY_STONE,GNB,dp,10.0,29
0.555070703125,0.07843750000000005,3200,800,0.154375,0.154375,0.1,0.8386755528145722,494,77,723,2706,0.154375,0.09625,True,max_tpr_with_empirical_fpr_le_target,0.0303125,0.0303125,0.01,3.0008419573627885,97,8,792,3103,0.0303125,0.01,True,max_tpr_with_empirical_fpr_le_target,0.0096875,0.0096875,0.001,4.622619491360955,31,0,800,3169,0.0096875,0.0,False,max_tpr_with_empirical_fpr_le_target,32,True,False,0.262440028920218,0.27985083950757045,0.9325,KIDNEY_STONE,SVM,standard,,0
0.5581328125,0.09375,3200,800,0.146875,0.146875,0.1,0.838371413755188,470,80,720,2730,0.146875,0.1,True,max_tpr_with_empirical_fpr_le_target,0.0296875,0.0296875,0.01,2.9903260086569983,95,8,792,3105,0.0296875,0.01,True,max_tpr_with_empirical_fpr_le_target,0.009375,0.009375,0.001,5.5260785872602005,30,0,800,3170,0.009375,0.0,False,max_tpr_with_empirical_fpr_le_target,32,True,False,0.27123024405800467,0.28629836445464196,0.9325,KIDNEY_STONE,SVM,standard,,1
0.5542796875,0.09062499999999996,3200,800,0.141875,0.141875,0.1,0.8496528783662987,454,80,720,2746,0.141875,0.1,True,max_tpr_with_empirical_fpr_le_target,0.035625,0.035625,0.01,2.9546646493940925,114,8,792,3086,0.035625,0.01,True,max_tpr_with_empirical_fpr_le_target,0.0184375,0.0184375,0.001,4.424012959046793,59,0,800,3141,0.0184375,0.0,False,max_tpr_with_empirical_fpr_le_target,32,True,False,0.274574035250516,0.29233679581246885,0.9325,KIDNEY_STONE,SVM,standard,,2
0.5445683593749999,0.07562500000000005,3200,800,0.128125,0.128125,0.1,0.997378450673337,410,79,721,2790,0.128125,0.09875,True,max_tpr_with_empirical_fpr_le_target,0.0328125,0.0328125,0.01,3.30344100919611,105,8,792,3095,0.0328125,0.01,True,max_tpr_with_empirical_fpr_le_target,0.0059375,0.0059375,0.001,6.537338838809944,19,0,800,3181,0.0059375,0.0,False,max_tpr_with_empirical_fpr_le_target,32,True,False,0.2661370984584543,0.2823774904633992,0.9325,KIDNEY_STONE,SVM,standard,,3
0.548040234375,0.07874999999999999,3200,800,0.1340625,0.1340625,0.1,0.9513227801808544,429,79,721,2771,0.1340625,0.09875,True,max_tpr_with_empirical_fpr_le_target,0.026875,0.026875,0.01,3.6510967861053416,86,8,792,3114,0.026875,0.01,True,max_tpr_with_empirical_fpr_le_target,0.005,0.005,0.001,7.393849208138795,16,0,800,3184,0.005,0.0,False,max_tpr_with_empirical_fpr_le_target,32,True,False,0.26551754947772876,0.2811810611211639,0.9325,KIDNEY_STONE,SVM,standard,,4
0.56359921875,0.09624999999999995,3200,800,0.1671875,0.1671875,0.1,0.703953458450584,535,80,720,2665,0.1671875,0.1,True,max_tpr_with_empirical_fpr_le_target,0.0278125,0.0278125,0.01,3.312025176744715,89,8,792,3111,0.0278125,0.01,True,max_tpr_with_empirical_fpr_le_target,0.010625,0.010625,0.001,5.2921780389101825,34,0,800,3166,0.010625,0.0,False,max_tpr_with_empirical_fpr_le_target,32,True,False,0.2661734291640789,0.2828068533143616,0.9325,KIDNEY_STONE,SVM,standard,,5
0.549937890625,0.08374999999999994,3200,800,0.149375,0.149375,0.1,0.8036925357310367,478,80,720,2722,0.149375,0.1,True,max_tpr_with_empirical_fpr_le_target,0.023125,0.023125,0.01,3.650125316624462,74,7,793,3126,0.023125,0.00875,True,max_tpr_with_empirical_fpr_le_target,0.0125,0.0125,0.001,5.3995865095281115,40,0,800,3160,0.0125,0.0,False,max_tpr_with_empirical_fpr_le_target,32,True,False,0.2716733980530368,0.2864186992771366,0.9325,KIDNEY_STONE,SVM,standard,,6
0.5460578125,0.07437500000000008,3200,800,0.1365625,0.1365625,0.1,0.9067827559928903,437,80,720,2763,0.1365625,0.1,True,max_tpr_with_empirical_fpr_le_target,0.0378125,0.0378125,0.01,3.119841666279229,121,8,792,3079,0.0378125,0.01,True,max_tpr_with_empirical_fpr_le_target,0.00875,0.00875,0.001,5.690859691152798,28,0,800,3172,0.00875,0.0,False,max_tpr_with_empirical_fpr_le_target,32,True,False,0.258609245649106,0.27631508525062737,0.9325,KIDNEY_STONE,SVM,standard,,7
0.56507734375,0.09999999999999998,3200,800,0.1653125,0.1653125,0.1,0.7555073130520611,529,80,720,2671,0.1653125,0.1,True,max_tpr_with_empirical_fpr_le_target,0.0275,0.0275,0.01,3.326744418528202,88,7,793,3112,0.0275,0.00875,True,max_tpr_with_empirical_fpr_le_target,0.02125,0.02125,0.001,3.83913798402199,68,0,800,3132,0.02125,0.0,False,max_tpr_with_empirical_fpr_le_target,32,True,False,0.26161827819207345,0.2784897912752272,0.9325,KIDNEY_STONE,SVM,standard,,8
0.535724609375,0.05218750000000005,3200,800,0.135625,0.135625,0.1,0.9464457975287237,434,80,720,2766,0.135625,0.1,True,max_tpr_with_empirical_fpr_le_target,0.04,0.04,0.01,2.7961463556577457,128,8,792,3072,0.04,0.01,True,max_tpr_with_empirical_fpr_le_target,0.0134375,0.0134375,0.001,4.53809927409673,43,0,800,3157,0.0134375,0.0,False,max_tpr_with_empirical_fpr_le_target,32,True,False,0.2676212474987252,0.28265255134558515,0.9325,KIDNEY_STONE,SVM,standard,,9
0.54715859375,0.07250000000000001,3200,800,0.1471875,0.1471875,0.1,0.8647618059674709,471,80,720,2729,0.1471875,0.1,True,max_tpr_with_empirical_fpr_le_target,0.034375,0.034375,0.01,3.149198582685597,110,8,792,3090,0.034375,0.01,True,max_tpr_with_empirical_fpr_le_target,0.01625,0.01625,0.001,4.686318368696027,52,0,800,3148,0.01625,0.0,False,max_tpr_with_empirical_fpr_le_target,32,True,False,0.2696582673269158,0.2858474837553396,0.9325,KIDNEY_STONE,SVM,standard,,10
0.5508066406250001,0.0884375,3200,800,0.12375,0.12375,0.1,1.0377557928661303,396,80,720,2804,0.12375,0.1,True,max_tpr_with_empirical_fpr_le_target,0.03125,0.03125,0.01,3.3967345484528417,100,8,792,3100,0.03125,0.01,True,max_tpr_with_empirical_fpr_le_target,0.008125,0.008125,0.001,5.658519214801829,26,0,800,3174,0.008125,0.0,False,max_tpr_with_empirical_fpr_le_target,32,True,False,0.2720435185386905,0.2886664991842955,0.9325,KIDNEY_STONE,SVM,standard,,11
0.55081953125,0.09000000000000002,3200,800,0.1221875,0.1221875,0.1,0.9934042810577359,391,80,720,2809,0.1221875,0.1,True,max_tpr_with_empirical_fpr_le_target,0.0221875,0.0221875,0.01,3.730938779986539,71,7,793,3129,0.0221875,0.00875,True,max_tpr_with_empirical_fpr_le_target,0.013125,0.013125,0.001,5.075258741595392,42,0,800,3158,0.013125,0.0,False,max_tpr_with_empirical_fpr_le_target,32,True,False,0.2699246148345528,0.28785675013506584,0.9325,KIDNEY_STONE,SVM,standard,,12
0.5477785156249999,0.08406250000000004,3200,800,0.13875,0.13875,0.1,0.8964251797821892,444,80,720,2756,0.13875,0.1,True,max_tpr_with_empirical_fpr_le_target,0.0309375,0.0309375,0.01,3.1566711794602678,99,7,793,3101,0.0309375,0.00875,True,max_tpr_with_empirical_fpr_le_target,0.0109375,0.0109375,0.001,5.107521883676286,35,0,800,3165,0.0109375,0.0,False,max_tpr_with_empirical_fpr_le_target,32,True,False,0.2650659380217481,0.2816910977100848,0.9325,KIDNEY_STONE,SVM,standard,,13
0.554233203125,0.08687499999999998,3200,800,0.1321875,0.1321875,0.1,0.9466826235845209,423,80,720,2777,0.1321875,0.1,True,max_tpr_with_empirical_fpr_le_target,0.0359375,0.0359375,0.01,2.91687891808696,115,8,792,3085,0.0359375,0.01,True,max_tpr_with_empirical_fpr_le_target,0.006875,0.006875,0.001,5.987880869193926,22,0,800,3178,0.006875,0.0,False,max_tpr_with_empirical_fpr_le_target,32,True,False,0.2727393039974278,0.29051884244630666,0.9325,KIDNEY_STONE,SVM,standard,,14
0.556675,0.08531249999999996,3200,800,0.1453125,0.1453125,0.1,0.8508827114986364,465,80,720,2735,0.1453125,0.1,True,max_tpr_with_empirical_fpr_le_target,0.0321875,0.0321875,0.01,2.8634953622943398,103,8,792,3097,0.0321875,0.01,True,max_tpr_with_empirical_fpr_le_target,0.0146875,0.0146875,0.001,4.070411107830177,47,0,800,3153,0.0146875,0.0,False,max_tpr_with_empirical_fpr_le_target,32,True,False,0.2648499368459178,0.28203650555431375,0.9325,KIDNEY_STONE,SVM,standard,,15
0.5538624999999999,0.07500000000000001,3200,800,0.149375,0.149375,0.1,0.866326504007267,478,79,721,2722,0.149375,0.09875,True,max_tpr_with_empirical_fpr_le_target,0.04,0.04,0.01,2.8892225849813937,128,8,792,3072,0.04,0.01,True,max_tpr_with_empirical_fpr_le_target,0.01375,0.01375,0.001,4.589450104199425,44,0,800,3156,0.01375,0.0,False,max_tpr_with_empirical_fpr_le_target,32,True,False,0.27042985737448,0.2863948493067962,0.9325,KIDNEY_STONE,SVM,standard,,16
0.564794921875,0.09406250000000005,3200,800,0.145625,0.145625,0.1,0.8742242959815916,466,80,720,2734,0.145625,0.1,True,max_tpr_with_empirical_fpr_le_target,0.024375,0.024375,0.01,3.454749304021957,78,7,793,3122,0.024375,0.00875,True,max_tpr_with_empirical_fpr_le_target,0.0121875,0.0121875,0.001,5.079532181689171,39,0,800,3161,0.0121875,0.0,False,max_tpr_with_empirical_fpr_le_target,32,True,False,0.2651608959572815,0.2818425545890591,0.9325,KIDNEY_STONE,SVM,standard,,17
0.5647171875,0.11062500000000008,3200,800,0.1453125,0.1453125,0.1,0.897807699230877,465,80,720,2735,0.1453125,0.1,True,max_tpr_with_empirical_fpr_le_target,0.0278125,0.0278125,0.01,3.175987925036803,89,8,792,3111,0.0278125,0.01,True,max_tpr_with_empirical_fpr_le_target,0.0196875,0.0196875,0.001,3.861485345711409,63,0,800,3137,0.0196875,0.0,False,max_tpr_with_empirical_fpr_le_target,32,True,False,0.2779403208344812,0.2955524591388702,0.9325,KIDNEY_STONE,SVM,standard,,18
0.5583101562499999,0.08499999999999996,3200,800,0.1565625,0.1565625,0.1,0.8271866390998532,501,80,720,2699,0.1565625,0.1,True,max_tpr_with_empirical_fpr_le_target,0.0321875,0.0321875,0.01,2.9499501660057375,103,8,792,3097,0.0321875,0.01,True,max_tpr_with_empirical_fpr_le_target,0.015,0.015,0.001,4.146199468940993,48,0,800,3152,0.015,0.0,False,max_tpr_with_empirical_fpr_le_target,32,True,False,0.2643986258776557,0.28142084448048443,0.9325,KIDNEY_STONE,SVM,standard,,19
0.550791015625,0.08562500000000006,3200,800,0.14625,0.14625,0.1,0.8470694062362041,468,80,720,2732,0.14625,0.1,True,max_tpr_with_empirical_fpr_le_target,0.0390625,0.0390625,0.01,2.771324716122472,125,8,792,3075,0.0390625,0.01,True,max_tpr_with_empirical_fpr_le_target,0.0075,0.0075,0.001,5.956739109835238,24,0,800,3176,0.0075,0.0,False,max_tpr_with_empirical_fpr_le_target,32,True,False,0.25980882809394124,0.2799939636183343,0.9325,KIDNEY_STONE,SVM,standard,,20
0.555065234375,0.07625000000000001,3200,800,0.1546875,0.1546875,0.1,0.8174924582924383,495,79,721,2705,0.1546875,0.09875,True,max_tpr_with_empirical_fpr_le_target,0.0378125,0.0378125,0.01,2.8776129690448506,121,8,792,3079,0.0378125,0.01,True,max_tpr_with_empirical_fpr_le_target,0.0075,0.0075,0.001,6.148046990463595,24,0,800,3176,0.0075,0.0,False,max_tpr_with_empirical_fpr_le_target,32,True,False,0.2636698282895555,0.27917739817287335,0.9325,KIDNEY_STONE,SVM,standard,,21
0.5418640625,0.07499999999999996,3200,800,0.135625,0.135625,0.1,0.917576309661751,434,80,720,2766,0.135625,0.1,True,max_tpr_with_empirical_fpr_le_target,0.02625,0.02625,0.01,3.152849387766415,84,8,792,3116,0.02625,0.01,True,max_tpr_with_empirical_fpr_le_target,0.0115625,0.0115625,0.001,5.114105139923721,37,0,800,3163,0.0115625,0.0,False,max_tpr_with_empirical_fpr_le_target,32,True,False,0.2797144962212117,0.2983153481317345,0.9325,KIDNEY_STONE,SVM,standard,,22
0.5610515625,0.09343750000000006,3200,800,0.148125,0.148125,0.1,0.9019533929987402,474,80,720,2726,0.148125,0.1,True,max_tpr_with_empirical_fpr_le_target,0.03875,0.03875,0.01,2.912172199117477,124,8,792,3076,0.03875,0.01,True,max_tpr_with_empirical_fpr_le_target,0.0084375,0.0084375,0.001,6.079914555644508,27,0,800,3173,0.0084375,0.0,False,max_tpr_with_empirical_fpr_le_target,32,True,False,0.265449879689961,0.28039886669334696,0.9325,KIDNEY_STONE,SVM,standard,,23
0.550185546875,0.07874999999999999,3200,800,0.1465625,0.1465625,0.1,0.94260866601094,469,80,720,2731,0.1465625,0.1,True,max_tpr_with_empirical_fpr_le_target,0.0371875,0.0371875,0.01,3.106305359733766,119,8,792,3081,0.0371875,0.01,True,max_tpr_with_empirical_fpr_le_target,0.006875,0.006875,0.001,6.419239198778598,22,0,800,3178,0.006875,0.0,False,max_tpr_with_empirical_fpr_le_target,32,True,False,0.2559641305035382,0.27306847914451093,0.9325,KIDNEY_STONE,SVM,standard,,24
0.541994921875,0.07156249999999997,3200,800,0.139375,0.139375,0.1,0.9304331656980598,446,79,721,2754,0.139375,0.09875,True,max_tpr_with_empirical_fpr_le_target,0.0365625,0.0365625,0.01,2.799553485535381,117,8,792,3083,0.0365625,0.01,True,max_tpr_with_empirical_fpr_le_target,0.0084375,0.0084375,0.001,5.7346005418461745,27,0,800,3173,0.0084375,0.0,False,max_tpr_with_empirical_fpr_le_target,32,True,False,0.2744357444649741,0.2907117492220127,0.9325,KIDNEY_STONE,SVM,standard,,25
0.548749609375,0.0753125,3200,800,0.1425,0.1425,0.1,0.8748225882594136,456,80,720,2744,0.1425,0.1,True,max_tpr_with_empirical_fpr_le_target,0.0396875,0.0396875,0.01,2.836656579815483,127,8,792,3073,0.0396875,0.01,True,max_tpr_with_empirical_fpr_le_target,0.01,0.01,0.001,5.434933698708346,32,0,800,3168,0.01,0.0,False,max_tpr_with_empirical_fpr_le_target,32,True,False,0.261233308284619,0.2792259396700626,0.9325,KIDNEY_STONE,SVM,standard,,26
0.545498828125,0.07468750000000002,3200,800,0.13875,0.13875,0.1,0.9304798498405544,444,79,721,2756,0.13875,0.09875,True,max_tpr_with_empirical_fpr_le_target,0.0315625,0.0315625,0.01,2.8555564207600552,101,8,792,3099,0.0315625,0.01,True,max_tpr_with_empirical_fpr_le_target,0.0140625,0.0140625,0.001,4.480019754301649,45,0,800,3155,0.0140625,0.0,False,max_tpr_with_empirical_fpr_le_target,32,True,False,0.2674926462236775,0.28159474568107223,0.9325,KIDNEY_STONE,SVM,standard,,27
0.54084296875,0.06968749999999996,3200,800,0.123125,0.123125,0.1,1.011655142997157,394,80,720,2806,0.123125,0.1,True,max_tpr_with_empirical_fpr_le_target,0.03375,0.03375,0.01,3.21894398514915,108,8,792,3092,0.03375,0.01,True,max_tpr_with_empirical_fpr_le_target,0.005625,0.005625,0.001,6.843557315911554,18,0,800,3182,0.005625,0.0,False,max_tpr_with_empirical_fpr_le_target,32,True,False,0.2571672979005197,0.27662350027519755,0.9325,KIDNEY_STONE,SVM,standard,,28
0.548583984375,0.07968749999999991,3200,800,0.135625,0.135625,0.1,0.9157777747670233,434,80,720,2766,0.135625,0.1,True,max_tpr_with_empirical_fpr_le_target,0.0309375,0.0309375,0.01,3.3386922739814584,99,8,792,3101,0.0309375,0.01,True,max_tpr_with_empirical_fpr_le_target,0.0053125,0.0053125,0.001,7.164328223239787,17,0,800,3183,0.0053125,0.0,False,max_tpr_with_empirical_fpr_le_target,32,True,False,0.2643842169643872,0.28235732476975417,0.9325,KIDNEY_STONE,SVM,standard,,29
0.498990625,0.016875,3200,800,0.1015625,0.1015625,0.1,0.3519133543823241,325,80,720,2875,0.1015625,0.1,True,max_tpr_with_empirical_fpr_le_target,0.0165625,0.0165625,0.01,0.7288382393701198,53,7,793,3147,0.0165625,0.00875,True,max_tpr_with_empirical_fpr_le_target,0.0021875,0.0021875,0.001,1.012037233598722,7,0,800,3193,0.0021875,0.0,False,max_tpr_with_empirical_fpr_le_target,32,True,False,12.86765451938785,12.831207266030622,0.79,KIDNEY_STONE,SVM,dp,0.1,0
0.5002343749999999,0.01968749999999997,3200,800,0.1125,0.1125,0.1,0.32659208862169997,360,80,720,2840,0.1125,0.1,True,max_tpr_with_empirical_fpr_le_target,0.0165625,0.0165625,0.01,0.7190155519251533,53,8,792,3147,0.0165625,0.01,True,max_tpr_with_empirical_fpr_le_target,0.0021875,0.0021875,0.001,1.095840796547293,7,0,800,3193,0.0021875,0.0,False,max_tpr_with_empirical_fpr_le_target,32,True,False,13.14348434644315,13.142299842303974,0.79,KIDNEY_STONE,SVM,dp,0.1,1
0.494054296875,0.022812499999999986,3200,800,0.1146875,0.1146875,0.1,0.29765340528065387,367,80,720,2833,0.1146875,0.1,True,max_tpr_with_empirical_fpr_le_target,0.01375,0.01375,0.01,0.6964428841491239,44,8,792,3156,0.01375,0.01,True,max_tpr_with_empirical_fpr_le_target,0.00125,0.00125,0.001,1.0574686461333913,4,0,800,3196,0.00125,0.0,False,max_tpr_with_empirical_fpr_le_target,32,True,False,13.00892207222871,12.985940515710793,0.79,KIDNEY_STONE,SVM,dp,0.1,2
0.509944140625,0.040937500000000016,3200,800,0.093125,0.093125,0.1,0.3573847916955204,298,80,720,2902,0.093125,0.1,True,max_tpr_with_empirical_fpr_le_target,0.01125,0.01125,0.01,0.7801579527491409,36,8,792,3164,0.01125,0.01,True,max_tpr_with_empirical_fpr_le_target,0.0003125,0.0003125,0.001,1.3085066870245305,1,0,800,3199,0.0003125,0.0,False,max_tpr_with_empirical_fpr_le_target,32,True,False,13.010976375616885,12.995917712985902,0.79,KIDNEY_STONE,SVM,dp,0.1,3
0.50518671875,0.026562499999999933,3200,800,0.11875,0.11875,0.1,0.2662186242090301,380,80,720,2820,0.11875,0.1,True,max_tpr_with_empirical_fpr_le_target,0.0178125,0.0178125,0.01,0.6102152822590519,57,8,792,3143,0.0178125,0.01,True,max_tpr_with_empirical_fpr_le_target,0.000625,0.000625,0.001,1.3201468333113269,2,0,800,3198,0.000625,0.0,False,max_tpr_with_empirical_fpr_le_target,32,True,False,12.616636419648975,12.58019445759283,0.79,KIDNEY_STONE,SVM,dp,0.1,4
0.49717500000000003,0.016250000000000014,3200,800,0.1121875,0.1121875,0.1,0.3041561590538624,359,80,720,2841,0.1121875,0.1,True,max_tpr_with_empirical_fpr_le_target,0.0053125,0.0053125,0.01,0.8008165456829683,17,8,792,3183,0.0053125,0.01,True,max_tpr_with_empirical_fpr_le_target,0.0003125,0.0003125,0.001,1.337470218459294,1,0,800,3199,0.0003125,0.0,False,max_tpr_with_empirical_fpr_le_target,32,True,False,13.070266280559034,13.058278313506001,0.79,KIDNEY_STONE,SVM,dp,0.1,5
0.47258398437500004,0.0125,3200,800,0.0946875,0.0946875,0.1,0.34697104162823234,303,80,720,2897,0.0946875,0.1,True,max_tpr_with_empirical_fpr_le_target,0.0184375,0.0184375,0.01,0.7205362298937166,59,7,793,3141,0.0184375,0.00875,True,max_tpr_with_empirical_fpr_le_target,0.000625,0.000625,0.001,1.3015589399385172,2,0,800,3198,0.000625,0.0,False,max_tpr_with_empirical_fpr_le_target,32,True,False,12.834497088106268,12.819472488101706,0.79,KIDNEY_STONE,SVM,dp,0.1,6
0.475132421875,0.010937500000000003,3200,800,0.101875,0.101875,0.1,0.3552398971311854,326,79,721,2874,0.101875,0.09875,True,max_tpr_with_empirical_fpr_le_target,0.01125,0.01125,0.01,0.7766669965812598,36,8,792,3164,0.01125,0.01,True,max_tpr_with_empirical_fpr_le_target,0.000625,0.000625,0.001,1.3375261758637826,2,0,800,3198,0.000625,0.0,False,max_tpr_with_empirical_fpr_le_target,32,True,False,13.099884725891128,13.119404658882795,0.79,KIDNEY_STONE,SVM,dp,0.1,7
0.5136953125,0.041874999999999996,3200,800,0.0828125,0.0828125,0.1,0.38096804382357785,265,79,721,2935,0.0828125,0.09875,True,max_tpr_with_empirical_fpr_le_target,0.0090625,0.0090625,0.01,0.8278219933456525,29,8,792,3171,0.0090625,0.01,True,max_tpr_with_empirical_fpr_le_target,0.0025,0.0025,0.001,1.0801647804642056,8,0,800,3192,0.0025,0.0,False,max_tpr_with_empirical_fpr_le_target,32,True,False,13.119638080966345,13.107261814954137,0.79,KIDNEY_STONE,SVM,dp,0.1,8
0.49686035156249997,0.009062499999999973,3200,800,0.0834375,0.0834375,0.1,0.33229032231356825,267,80,720,2933,0.0834375,0.1,True,max_tpr_with_empirical_fpr_le_target,0.01125,0.01125,0.01,0.6764075904091946,36,8,792,3164,0.01125,0.01,True,max_tpr_with_empirical_fpr_le_target,0.0003125,0.0003125,0.001,1.5882224181759153,1,0,800,3199,0.0003125,0.0,False,max_tpr_with_empirical_fpr_le_target,32,True,False,13.179426899146485,13.172402159976626,0.79,KIDNEY_STONE,SVM,dp,0.1,9
0.5148669921875,0.03593750000000001,3200,800,0.125625,0.125625,0.1,0.26006371533278516,402,80,720,2798,0.125625,0.1,True,max_tpr_with_empirical_fpr_le_target,0.0128125,0.0128125,0.01,0.6588587292563579,41,7,793,3159,0.0128125,0.00875,True,max_tpr_with_empirical_fpr_le_target,0.0003125,0.0003125,0.001,1.257618052082245,1,0,800,3199,0.0003125,0.0,False,max_tpr_with_empirical_fpr_le_target,32,True,False,13.08528850905158,13.087847621186835,0.79,KIDNEY_STONE,SVM,dp,0.1,10
0.49220859375000003,0.010000000000000002,3200,800,0.1046875,0.1046875,0.1,0.35476424033393705,335,80,720,2865,0.1046875,0.1,True,max_tpr_with_empirical_fpr_le_target,0.0075,0.0075,0.01,0.906882013709704,24,8,792,3176,0.0075,0.01,True,max_tpr_with_empirical_fpr_le_target,0.0003125,0.0003125,0.001,1.8231610483168859,1,0,800,3199,0.0003125,0.0,False,max_tpr_with_empirical_fpr_le_target,32,True,False,12.953137377255176,12.94816132870644,0.79,KIDNEY_STONE,SVM,dp,0.1,11
0.495783984375,0.015937499999999938,3200,800,0.1053125,0.1053125,0.1,0.27214836464832937,337,80,720,2863,0.1053125,0.1,True,max_tpr_with_empirical_fpr_le_target,0.00375,0.00375,0.01,0.7970941221438639,12,7,793,3188,0.00375,0.00875,True,max_tpr_with_empirical_fpr_le_target,0.000625,0.000625,0.001,1.2314903206962606,2,0,800,3198,0.000625,0.0,False,max_tpr_with_empirical_fpr_le_target,32,True,False,12.814202828388998,12.819200656192423,0.79,KIDNEY_STONE,SVM,dp,0.1,12
0.49906523437500006,0.018125000000000002,3200,800,0.1059375,0.1059375,0.1,0.31041461329092,339,79,721,2861,0.1059375,0.09875,True,max_tpr_with_empirical_fpr_le_target,0.0046875,0.0046875,0.01,0.8635869230091049,15,8,792,3185,0.0046875,0.01,True,max_tpr_with_empirical_fpr_le_target,0.000625,0.000625,0.001,1.3463061823127296,2,0,800,3198,0.000625,0.0,False,max_tpr_with_empirical_fpr_le_target,32,True,False,13.055130831485554,13.082196321763309,0.79,KIDNEY_STONE,SVM,dp,0.1,13
0.51079609375,0.04468749999999999,3200,800,0.1090625,0.1090625,0.1,0.35638811643437673,349,80,720,2851,0.1090625,0.1,True,max_tpr_with_empirical_fpr_le_target,0.0065625,0.0065625,0.01,0.899680063847307,21,8,792,3179,0.0065625,0.01,True,max_tpr_with_empirical_fpr_le_target,0.0003125,0.0003125,0.001,1.474065076451489,1,0,800,3199,0.0003125,0.0,False,max_tpr_with_empirical_fpr_le_target,32,True,False,13.073444802693832,13.099571507393977,0.79,KIDNEY_STONE,SVM,dp,0.1,14
0.49314375,0.015625,3200,800,0.10375,0.10375,0.1,0.3093029302438577,332,80,720,2868,0.10375,0.1,True,max_tpr_with_empirical_fpr_le_target,0.0128125,0.0128125,0.01,0.6973119036146072,41,8,792,3159,0.0128125,0.01,True,max_tpr_with_empirical_fpr_le_target,0.0003125,0.0003125,0.001,1.2837195309332223,1,0,800,3199,0.0003125,0.0,False,max_tpr_with_empirical_fpr_le_target,32,True,False,12.916909824425082,12.899490576034427,0.79,KIDNEY_STONE,SVM,dp,0.1,15
0.5036066406249999,0.03593750000000001,3200,800,0.1003125,0.1003125,0.1,0.31972226944681736,321,79,721,2879,0.1003125,0.09875,True,max_tpr_with_empirical_fpr_le_target,0.016875,0.016875,0.01,0.6809266408281762,54,8,792,3146,0.016875,0.01,True,max_tpr_with_empirical_fpr_le_target,0.001875,0.001875,0.001,1.0953019665410642,6,0,800,3194,0.001875,0.0,False,max_tpr_with_empirical_fpr_le_target,32,True,False,12.815200869109526,12.782950803017329,0.79,KIDNEY_STONE,SVM,dp,0.1,16
0.49183398437500003,0.005312499999999942,3200,800,0.09,0.09,0.1,0.35131478337132505,288,80,720,2912,0.09,0.1,True,max_tpr_with_empirical_fpr_le_target,0.0071875,0.0071875,0.01,0.7761482233230046,23,8,792,3177,0.0071875,0.01,True,max_tpr_with_empirical_fpr_le_target,0.0,0.0,0.001,inf,0,0,800,3200,0.0,0.0,False,max_tpr_with_empirical_fpr_le_target,32,True,False,13.218136655376929,13.226361365615146,0.79,KIDNEY_STONE,SVM,dp,0.1,17
0.503408984375,0.021874999999999978,3200,800,0.0903125,0.0903125,0.1,0.35786423915388266,289,80,720,2911,0.0903125,0.1,True,max_tpr_with_empirical_fpr_le_target,0.0115625,0.0115625,0.01,0.6895016576242807,37,8,792,3163,0.0115625,0.01,True,max_tpr_with_empirical_fpr_le_target,0.0021875,0.0021875,0.001,0.992674873957899,7,0,800,3193,0.0021875,0.0,False,max_tpr_with_empirical_fpr_le_target,32,True,False,13.011782379031828,12.995403590308094,0.79,KIDNEY_STONE,SVM,dp,0.1,18
0.499989453125,0.019687500000000024,3200,800,0.099375,0.099375,0.1,0.3240441529544791,318,79,721,2882,0.099375,0.09875,True,max_tpr_with_empirical_fpr_le_target,0.0146875,0.0146875,0.01,0.6661246252911495,47,8,792,3153,0.0146875,0.01,True,max_tpr_with_empirical_fpr_le_target,0.00125,0.00125,0.001,0.952380095751729,4,0,800,3196,0.00125,0.0,False,max_tpr_with_empirical_fpr_le_target,32,True,False,12.712358126665613,12.692726903699509,0.79,KIDNEY_STONE,SVM,dp,0.1,19
0.46995039062499994,0.0068749999999999645,3200,800,0.085625,0.085625,0.1,0.3431401737540405,274,80,720,2926,0.085625,0.1,True,max_tpr_with_empirical_fpr_le_target,0.0078125,0.0078125,0.01,0.7698659072390397,25,8,792,3175,0.0078125,0.01,True,max_tpr_with_empirical_fpr_le_target,0.0003125,0.0003125,0.001,1.4698696268380518,1,0,800,3199,0.0003125,0.0,False,max_tpr_with_empirical_fpr_le_target,32,True,False,13.01753926081181,12.990492720480939,0.79,KIDNEY_STONE,SVM,dp,0.1,20
0.504999609375,0.026249999999999996,3200,800,0.125,0.125,0.1,0.31776583484037113,400,80,720,2800,0.125,0.1,True,max_tpr_with_empirical_fpr_le_target,0.013125,0.013125,0.01,0.7390228966725823,42,8,792,3158,0.013125,0.01,True,max_tpr_with_empirical_fpr_le_target,0.0009375,0.0009375,0.001,1.3411951945517826,3,0,800,3197,0.0009375,0.0,False,max_tpr_with_empirical_fpr_le_target,32,True,False,12.707235423005983,12.673861533688108,0.79,KIDNEY_STONE,SVM,dp,0.1,21
0.5040197265625,0.03437499999999999,3200,800,0.0990625,0.0990625,0.1,0.29845680195550583,317,80,720,2883,0.0990625,0.1,True,max_tpr_with_empirical_fpr_le_target,0.014375,0.014375,0.01,0.6423525176693943,46,7,793,3154,0.014375,0.00875,True,max_tpr_with_empirical_fpr_le_target,0.0015625,0.0015625,0.001,0.9805531617007266,5,0,800,3195,0.0015625,0.0,False,max_tpr_with_empirical_fpr_le_target,32,True,False,13.110952318265626,13.12749482563158,0.79,KIDNEY_STONE,SVM,dp,0.1,22
0.502326953125,0.030624999999999986,3200,800,0.0959375,0.0959375,0.1,0.26460529481922235,307,80,720,2893,0.0959375,0.1,True,max_tpr_with_empirical_fpr_le_target,0.01,0.01,0.01,0.6626349512591676,32,8,792,3168,0.01,0.01,True,max_tpr_with_empirical_fpr_le_target,0.0,0.0,0.001,inf,0,0,800,3200,0.0,0.0,False,max_tpr_with_empirical_fpr_le_target,32,True,False,12.379088422808236,12.364568088722393,0.79,KIDNEY_STONE,SVM,dp,0.1,23
0.51052890625,0.029687500000000033,3200,800,0.1003125,0.1003125,0.1,0.3076570946320625,321,80,720,2879,0.1003125,0.1,True,max_tpr_with_empirical_fpr_le_target,0.0121875,0.0121875,0.01,0.6684979358338183,39,8,792,3161,0.0121875,0.01,True,max_tpr_with_empirical_fpr_le_target,0.0009375,0.0009375,0.001,1.1892703300126772,3,0,800,3197,0.0009375,0.0,False,max_tpr_with_empirical_fpr_le_target,32,True,False,12.476715022490742,12.48655195532866,0.79,KIDNEY_STONE,SVM,dp,0.1,24
0.5029357421875,0.029374999999999984,3200,800,0.0846875,0.0846875,0.1,0.360957565889112,271,80,720,2929,0.0846875,0.1,True,max_tpr_with_empirical_fpr_le_target,0.0075,0.0075,0.01,0.7699267555002578,24,7,793,3176,0.0075,0.00875,True,max_tpr_with_empirical_fpr_le_target,0.0003125,0.0003125,0.001,1.4656158167604358,1,0,800,3199,0.0003125,0.0,False,max_tpr_with_empirical_fpr_le_target,32,True,False,13.252217209734034,13.259425131721658,0.79,KIDNEY_STONE,SVM,dp,0.1,25
0.5055736328125,0.028749999999999942,3200,800,0.1125,0.1125,0.1,0.31362224961988305,360,80,720,2840,0.1125,0.1,True,max_tpr_with_empirical_fpr_le_target,0.02125,0.02125,0.01,0.6487765817155378,68,8,792,3132,0.02125,0.01,True,max_tpr_with_empirical_fpr_le_target,0.001875,0.001875,0.001,1.0683139266868582,6,0,800,3194,0.001875,0.0,False,max_tpr_with_empirical_fpr_le_target,32,True,False,13.126768459634317,13.09763390375522,0.79,KIDNEY_STONE,SVM,dp,0.1,26
0.48105195312499993,0.0068749999999999645,3200,800,0.0778125,0.0778125,0.1,0.4359399808149984,249,80,720,2951,0.0778125,0.1,True,max_tpr_with_empirical_fpr_le_target,0.0053125,0.0053125,0.01,0.8945682355503637,17,8,792,3183,0.0053125,0.01,True,max_tpr_with_empirical_fpr_le_target,0.0003125,0.0003125,0.001,1.4634820437612195,1,0,800,3199,0.0003125,0.0,False,max_tpr_with_empirical_fpr_le_target,32,True,False,12.781248845647227,12.75133658687197,0.79,KIDNEY_STONE,SVM,dp,0.1,27
0.48836601562500004,0.022499999999999964,3200,800,0.0803125,0.0803125,0.1,0.35808156085342624,257,80,720,2943,0.0803125,0.1,True,max_tpr_with_empirical_fpr_le_target,0.016875,0.016875,0.01,0.663123835792021,54,8,792,3146,0.016875,0.01,True,max_tpr_with_empirical_fpr_le_target,0.00125,0.00125,0.001,1.208455732855915,4,0,800,3196,0.00125,0.0,False,max_tpr_with_empirical_fpr_le_target,32,True,False,12.743669567637786,12.724368935552171,0.79,KIDNEY_STONE,SVM,dp,0.1,28
0.50843203125,0.03968749999999999,3200,800,0.1171875,0.1171875,0.1,0.2786139193285213,375,80,720,2825,0.1171875,0.1,True,max_tpr_with_empirical_fpr_le_target,0.01875,0.01875,0.01,0.6658538335403881,60,8,792,3140,0.01875,0.01,True,max_tpr_with_empirical_fpr_le_target,0.0028125,0.0028125,0.001,1.0428425186317787,9,0,800,3191,0.0028125,0.0,False,max_tpr_with_empirical_fpr_le_target,32,True,False,12.98146233427607,12.980690783910537,0.79,KIDNEY_STONE,SVM,dp,0.1,29
0.493640625,0.0078125,3200,800,0.1,0.1,0.1,0.21892937562840942,320,80,720,2880,0.1,0.1,True,max_tpr_with_empirical_fpr_le_target,0.0084375,0.0084375,0.01,0.6912631000213123,27,8,792,3173,0.0084375,0.01,True,max_tpr_with_empirical_fpr_le_target,0.0015625,0.0015625,0.001,1.0183676948965603,5,0,800,3195,0.0015625,0.0,False,max_tpr_with_empirical_fpr_le_target,32,True,False,4.561767342237623,4.568797546933319,0.88625,KIDNEY_STONE,SVM,dp,0.2,0
0.504666015625,0.028437499999999977,3200,800,0.1096875,0.1096875,0.1,0.2345908813133657,351,79,721,2849,0.1096875,0.09875,True,max_tpr_with_empirical_fpr_le_target,0.0078125,0.0078125,0.01,0.7489405585071118,25,7,793,3175,0.0078125,0.00875,True,max_tpr_with_empirical_fpr_le_target,0.0009375,0.0009375,0.001,1.3520847732755392,3,0,800,3197,0.0009375,0.0,False,max_tpr_with_empirical_fpr_le_target,32,True,False,4.648815490450332,4.673495292544287,0.88625,KIDNEY_STONE,SVM,dp,0.2,1
0.496154296875,0.01781249999999998,3200,800,0.109375,0.109375,0.1,0.249069310642124,350,80,720,2850,0.109375,0.1,True,max_tpr_with_empirical_fpr_le_target,0.0046875,0.0046875,0.01,0.7890056051557028,15,8,792,3185,0.0046875,0.01,True,max_tpr_with_empirical_fpr_le_target,0.00125,0.00125,0.001,1.2442694807541814,4,0,800,3196,0.00125,0.0,False,max_tpr_with_empirical_fpr_le_target,32,True,False,5.022827406877936,5.01558369289908,0.88625,KIDNEY_STONE,SVM,dp,0.2,2
0.49207851562500005,0.017499999999999988,3200,800,0.099375,0.099375,0.1,0.19035905090562366,318,80,720,2882,0.099375,0.1,True,max_tpr_with_empirical_fpr_le_target,0.0125,0.0125,0.01,0.533394986488025,40,8,792,3160,0.0125,0.01,True,max_tpr_with_empirical_fpr_le_target,0.000625,0.000625,0.001,1.1627640771014045,2,0,800,3198,0.000625,0.0,False,max_tpr_with_empirical_fpr_le_target,32,True,False,4.748073017367559,4.753731283430223,0.88625,KIDNEY_STONE,SVM,dp,0.2,3
0.50371484375,0.03187499999999999,3200,800,0.09,0.09,0.1,0.2982805123489696,288,80,720,2912,0.09,0.1,True,max_tpr_with_empirical_fpr_le_target,0.0071875,0.0071875,0.01,0.7401860759308629,23,8,792,3177,0.0071875,0.01,True,max_tpr_with_empirical_fpr_le_target,0.0009375,0.0009375,0.001,1.0982481571789036,3,0,800,3197,0.0009375,0.0,False,max_tpr_with_empirical_fpr_le_target,32,True,False,4.942328387050815,4.916066846934508,0.88625,KIDNEY_STONE,SVM,dp,0.2,4
0.5028203124999999,0.03249999999999997,3200,800,0.0946875,0.0946875,0.1,0.23497317306500864,303,79,721,2897,0.0946875,0.09875,True,max_tpr_with_empirical_fpr_le_target,0.0153125,0.0153125,0.01,0.5832151122870073,49,8,792,3151,0.0153125,0.01,True,max_tpr_with_empirical_fpr_le_target,0.0034375,0.0034375,0.001,0.8830994341455636,11,0,800,3189,0.0034375,0.0,False,max_tpr_with_empirical_fpr_le_target,32,True,False,4.703111203034032,4.704070225793666,0.88625,KIDNEY_STONE,SVM,dp,0.2,5
0.513487109375,0.037812499999999916,3200,800,0.1096875,0.1096875,0.1,0.20887652258191824,351,80,720,2849,0.1096875,0.1,True,max_tpr_with_empirical_fpr_le_target,0.00625,0.00625,0.01,0.6897540061779912,20,8,792,3180,0.00625,0.01,True,max_tpr_with_empirical_fpr_le_target,0.0,0.0,0.001,inf,0,0,800,3200,0.0,0.0,False,max_tpr_with_empirical_fpr_le_target,32,True,False,4.671635546003546,4.676953105490002,0.88625,KIDNEY_STONE,SVM,dp,0.2,6
0.5064515625,0.025312499999999988,3200,800,0.1096875,0.1096875,0.1,0.19679368113435158,351,80,720,2849,0.1096875,0.1,True,max_tpr_with_empirical_fpr_le_target,0.013125,0.013125,0.01,0.5368583409116412,42,8,792,3158,0.013125,0.01,True,max_tpr_with_empirical_fpr_le_target,0.0003125,0.0003125,0.001,1.5709120760752215,1,0,800,3199,0.0003125,0.0,False,max_tpr_with_empirical_fpr_le_target,32,True,False,4.891216018590605,4.8953610298555,0.88625,KIDNEY_STONE,SVM,dp,0.2,7
0.487993359375,0.011562500000000031,3200,800,0.0971875,0.0971875,0.1,0.23907424725021276,311,80,720,2889,0.0971875,0.1,True,max_tpr_with_empirical_fpr_le_target,0.0109375,0.0109375,0.01,0.6233207726077046,35,8,792,3165,0.0109375,0.01,True,max_tpr_with_empirical_fpr_le_target,0.0025,0.0025,0.001,0.8670246341641934,8,0,800,3192,0.0025,0.0,False,max_tpr_with_empirical_fpr_le_target,32,True,False,4.511649414503311,4.523522787900968,0.88625,KIDNEY_STONE,SVM,dp,0.2,8
0.512378125,0.029687500000000033,3200,800,0.10875,0.10875,0.1,0.25951621304756367,348,80,720,2852,0.10875,0.1,True,max_tpr_with_empirical_fpr_le_target,0.0128125,0.0128125,0.01,0.6614038799977817,41,7,793,3159,0.0128125,0.00875,True,max_tpr_with_empirical_fpr_le_target,0.0040625,0.0040625,0.001,0.857829768343481,13,0,800,3187,0.0040625,0.0,False,max_tpr_with_empirical_fpr_le_target,32,True,False,4.5703588244564495,4.604276147084696,0.88625,KIDNEY_STONE,SVM,dp,0.2,9
0.50896171875,0.051562499999999956,3200,800,0.103125,0.103125,0.1,0.2539646705439771,330,79,721,2870,0.103125,0.09875,True,max_tpr_with_empirical_fpr_le_target,0.009375,0.009375,0.01,0.713878367674702,30,8,792,3170,0.009375,0.01,True,max_tpr_with_empirical_fpr_le_target,0.0003125,0.0003125,0.001,1.5746373063122778,1,0,800,3199,0.0003125,0.0,False,max_tpr_with_empirical_fpr_le_target,32,True,False,4.40310240604014,4.408389931581717,0.88625,KIDNEY_STONE,SVM,dp,0.2,10
0.5027390625,0.02656249999999999,3200,800,0.089375,0.089375,0.1,0.2395327080742744,286,80,720,2914,0.089375,0.1,True,max_tpr_with_empirical_fpr_le_target,0.0109375,0.0109375,0.01,0.6209627077323625,35,8,792,3165,0.0109375,0.01,True,max_tpr_with_empirical_fpr_le_target,0.003125,0.003125,0.001,0.8962874256173352,10,0,800,3190,0.003125,0.0,False,max_tpr_with_empirical_fpr_le_target,32,True,False,4.858038727611148,4.86291229108217,0.88625,KIDNEY_STONE,SVM,dp,0.2,11
0.49234453125000005,0.01781250000000001,3200,800,0.09625,0.09625,0.1,0.2698024252979119,308,80,720,2892,0.09625,0.1,True,max_tpr_with_empirical_fpr_le_target,0.011875,0.011875,0.01,0.6591622904872465,38,7,793,3162,0.011875,0.00875,True,max_tpr_with_empirical_fpr_le_target,0.0,0.0,0.001,inf,0,0,800,3200,0.0,0.0,False,max_tpr_with_empirical_fpr_le_target,32,True,False,4.778378944927113,4.801407890888879,0.88625,KIDNEY_STONE,SVM,dp,0.2,12
0.51202109375,0.03375,3200,800,0.12,0.12,0.1,0.23167206438304744,384,80,720,2816,0.12,0.1,True,max_tpr_with_empirical_fpr_le_target,0.0240625,0.0240625,0.01,0.5778235684113335,77,8,792,3123,0.0240625,0.01,True,max_tpr_with_empirical_fpr_le_target,0.0125,0.0125,0.001,0.7607357480848815,40,0,800,3160,0.0125,0.0,False,max_tpr_with_empirical_fpr_le_target,32,True,False,4.422630055806217,4.451888001181508,0.88625,KIDNEY_STONE,SVM,dp,0.2,13
0.506756640625,0.03468750000000004,3200,800,0.116875,0.116875,0.1,0.17154378321038033,374,79,721,2826,0.116875,0.09875,True,max_tpr_with_empirical_fpr_le_target,0.0125,0.0125,0.01,0.4501537010320149,40,8,792,3160,0.0125,0.01,True,max_tpr_with_empirical_fpr_le_target,0.0,0.0,0.001,inf,0,0,800,3200,0.0,0.0,False,max_tpr_with_empirical_fpr_le_target,32,True,False,4.566609824579181,4.5901623927115,0.88625,KIDNEY_STONE,SVM,dp,0.2,14
0.50876015625,0.028749999999999998,3200,800,0.09625,0.09625,0.1,0.24244131171931782,308,80,720,2892,0.09625,0.1,True,max_tpr_with_empirical_fpr_le_target,0.0121875,0.0121875,0.01,0.5914216825746417,39,8,792,3161,0.0121875,0.01,True,max_tpr_with_empirical_fpr_le_target,0.0021875,0.0021875,0.001,0.9745295468471551,7,0,800,3193,0.0021875,0.0,False,max_tpr_with_empirical_fpr_le_target,32,True,False,4.756785434130354,4.786547386917559,0.88625,KIDNEY_STONE,SVM,dp,0.2,15
0.53234375,0.05812500000000009,3200,800,0.1328125,0.1328125,0.1,0.22319692601308372,425,80,720,2775,0.1328125,0.1,True,max_tpr_with_empirical_fpr_le_target,0.0115625,0.0115625,0.01,0.6415224153707908,37,8,792,3163,0.0115625,0.01,True,max_tpr_with_empirical_fpr_le_target,0.0021875,0.0021875,0.001,0.9822986613980076,7,0,800,3193,0.0021875,0.0,False,max_tpr_with_empirical_fpr_le_target,32,True,False,4.968319540344005,4.986788704906508,0.88625,KIDNEY_STONE,SVM,dp,0.2,16
0.5019304687499999,0.026562500000000044,3200,800,0.100625,0.100625,0.1,0.24587518439433476,322,80,720,2878,0.100625,0.1,True,max_tpr_with_empirical_fpr_le_target,0.01,0.01,0.01,0.6165307548170409,32,8,792,3168,0.01,0.01,True,max_tpr_with_empirical_fpr_le_target,0.0,0.0,0.001,inf,0,0,800,3200,0.0,0.0,False,max_tpr_with_empirical_fpr_le_target,32,True,False,4.829689549981871,4.842596092793075,0.88625,KIDNEY_STONE,SVM,dp,0.2,17
0.48851132812500003,0.01593750000000005,3200,800,0.0853125,0.0853125,0.1,0.23871795071403223,273,80,720,2927,0.0853125,0.1,True,max_tpr_with_empirical_fpr_le_target,0.0084375,0.0084375,0.01,0.6701881963499954,27,8,792,3173,0.0084375,0.01,True,max_tpr_with_empirical_fpr_le_target,0.0,0.0,0.001,inf,0,0,800,3200,0.0,0.0,False,max_tpr_with_empirical_fpr_le_target,32,True,False,5.10382226367532,5.113749121626723,0.88625,KIDNEY_STONE,SVM,dp,0.2,18
0.48843945312500003,0.009687500000000002,3200,800,0.0853125,0.0853125,0.1,0.28490109630487837,273,80,720,2927,0.0853125,0.1,True,max_tpr_with_empirical_fpr_le_target,0.0190625,0.0190625,0.01,0.6024013491799995,61,8,792,3139,0.0190625,0.01,True,max_tpr_with_empirical_fpr_le_target,0.00125,0.00125,0.001,1.1198739859462492,4,0,800,3196,0.00125,0.0,False,max_tpr_with_empirical_fpr_le_target,32,True,False,4.705218353550951,4.730179909822076,0.88625,KIDNEY_STONE,SVM,dp,0.2,19
0.49395234375,0.027812500000000018,3200,800,0.104375,0.104375,0.1,0.2442657373782371,334,80,720,2866,0.104375,0.1,True,max_tpr_with_empirical_fpr_le_target,0.00875,0.00875,0.01,0.7068490952227302,28,8,792,3172,0.00875,0.01,True,max_tpr_with_empirical_fpr_le_target,0.00125,0.00125,0.001,1.0432246821543876,4,0,800,3196,0.00125,0.0,False,max_tpr_with_empirical_fpr_le_target,32,True,False,4.702442516557072,4.718888667118928,0.88625,KIDNEY_STONE,SVM,dp,0.2,20
0.49847265625,0.02843749999999995,3200,800,0.0825,0.0825,0.1,0.31683456142472544,264,80,720,2936,0.0825,0.1,True,max_tpr_with_empirical_fpr_le_target,0.0059375,0.0059375,0.01,0.7969436505518446,19,8,792,3181,0.0059375,0.01,True,max_tpr_with_empirical_fpr_le_target,0.0015625,0.0015625,0.001,1.1794712708974133,5,0,800,3195,0.0015625,0.0,False,max_tpr_with_empirical_fpr_le_target,32,True,False,4.617201994601545,4.656728347820826,0.88625,KIDNEY_STONE,SVM,dp,0.2,21
0.502298046875,0.020937500000000053,3200,800,0.10625,0.10625,0.1,0.24577425901131456,340,80,720,2860,0.10625,0.1,True,max_tpr_with_empirical_fpr_le_target,0.0140625,0.0140625,0.01,0.6173579012468844,45,8,792,3155,0.0140625,0.01,True,max_tpr_with_empirical_fpr_le_target,0.0046875,0.0046875,0.001,0.871995442433859,15,0,800,3185,0.0046875,0.0,False,max_tpr_with_empirical_fpr_le_target,32,True,False,4.3586320782292916,4.361329187937456,0.88625,KIDNEY_STONE,SVM,dp,0.2,22
0.49821640624999997,0.010312500000000058,3200,800,0.0915625,0.0915625,0.1,0.2633225671212731,293,80,720,2907,0.0915625,0.1,True,max_tpr_with_empirical_fpr_le_target,0.009375,0.009375,0.01,0.7159659433003158,30,8,792,3170,0.009375,0.01,True,max_tpr_with_empirical_fpr_le_target,0.0025,0.0025,0.001,0.969263814415422,8,0,800,3192,0.0025,0.0,False,max_tpr_with_empirical_fpr_le_target,32,True,False,4.304475826512725,4.309724749976153,0.88625,KIDNEY_STONE,SVM,dp,0.2,23
0.520111328125,0.05437500000000006,3200,800,0.106875,0.106875,0.1,0.25495868974997693,342,80,720,2858,0.106875,0.1,True,max_tpr_with_empirical_fpr_le_target,0.013125,0.013125,0.01,0.6236852423667782,42,7,793,3158,0.013125,0.00875,True,max_tpr_with_empirical_fpr_le_target,0.0,0.0,0.001,inf,0,0,800,3200,0.0,0.0,False,max_tpr_with_empirical_fpr_le_target,32,True,False,4.588496536090549,4.60434322171473,0.88625,KIDNEY_STONE,SVM,dp,0.2,24
0.49980234375,0.016874999999999987,3200,800,0.109375,0.109375,0.1,0.21474271539038936,350,80,720,2850,0.109375,0.1,True,max_tpr_with_empirical_fpr_le_target,0.0171875,0.0171875,0.01,0.5683783513311145,55,7,793,3145,0.0171875,0.00875,True,max_tpr_with_empirical_fpr_le_target,0.0009375,0.0009375,0.001,1.0377574965722234,3,0,800,3197,0.0009375,0.0,False,max_tpr_with_empirical_fpr_le_target,32,True,False,4.554221528567298,4.597991967458344,0.88625,KIDNEY_STONE,SVM,dp,0.2,25
0.503443359375,0.034062499999999996,3200,800,0.1025,0.1025,0.1,0.23704452574273338,328,79,721,2872,0.1025,0.09875,True,max_tpr_with_empirical_fpr_le_target,0.015625,0.015625,0.01,0.5578350477634828,50,8,792,3150,0.015625,0.01,True,max_tpr_with_empirical_fpr_le_target,0.0003125,0.0003125,0.001,1.4666599140916512,1,0,800,3199,0.0003125,0.0,False,max_tpr_with_empirical_fpr_le_target,32,True,False,4.957077438459771,4.959093175244608,0.88625,KIDNEY_STONE,SVM,dp,0.2,26
0.499611328125,0.019062500000000003,3200,800,0.1115625,0.1115625,0.1,0.23423094191441773,357,78,722,2843,0.1115625,0.0975,True,max_tpr_with_empirical_fpr_le_target,0.015625,0.015625,0.01,0.6670685182234135,50,8,792,3150,0.015625,0.01,True,max_tpr_with_empirical_fpr_le_target,0.0015625,0.0015625,0.001,1.2389882603166553,5,0,800,3195,0.0015625,0.0,False,max_tpr_with_empirical_fpr_le_target,32,True,False,4.500608835805684,4.511995674168566,0.88625,KIDNEY_STONE,SVM,dp,0.2,27
0.5125078125,0.04093750000000007,3200,800,0.0925,0.0925,0.1,0.25558889740737145,296,79,721,2904,0.0925,0.09875,True,max_tpr_with_empirical_fpr_le_target,0.0134375,0.0134375,0.01,0.627385662958734,43,8,792,3157,0.0134375,0.01,True,max_tpr_with_empirical_fpr_le_target,0.0009375,0.0009375,0.001,1.1511686984394127,3,0,800,3197,0.0009375,0.0,False,max_tpr_with_empirical_fpr_le_target,32,True,False,5.091356440083504,5.092689747401347,0.88625,KIDNEY_STONE,SVM,dp,0.2,28
0.501666015625,0.03250000000000003,3200,800,0.09,0.09,0.1,0.26719936097262664,288,80,720,2912,0.09,0.1,True,max_tpr_with_empirical_fpr_le_target,0.0140625,0.0140625,0.01,0.6378090465005761,45,8,792,3155,0.0140625,0.01,True,max_tpr_with_empirical_fpr_le_target,0.0015625,0.0015625,0.001,1.0359937746383618,5,0,800,3195,0.0015625,0.0,False,max_tpr_with_empirical_fpr_le_target,32,True,False,4.785992819350004,4.800369957936721,0.88625,KIDNEY_STONE,SVM,dp,0.2,29
0.48052460937499997,0.008437499999999987,3200,800,0.0859375,0.0859375,0.1,0.25179761776967036,275,80,720,2925,0.0859375,0.1,True,max_tpr_with_empirical_fpr_le_target,0.01,0.01,0.01,0.7512891735237435,32,6,794,3168,0.01,0.0075,True,max_tpr_with_empirical_fpr_le_target,0.0,0.0,0.001,inf,0,0,800,3200,0.0,0.0,False,max_tpr_with_empirical_fpr_le_target,32,True,False,1.1325611562107578,1.144658223443189,0.89,KIDNEY_STONE,SVM,dp,0.4,0
0.5033058593749999,0.02656249999999999,3200,800,0.1228125,0.1228125,0.1,0.21636635259618608,393,79,721,2807,0.1228125,0.09875,True,max_tpr_with_empirical_fpr_le_target,0.0096875,0.0096875,0.01,0.8029953245666475,31,8,792,3169,0.0096875,0.01,True,max_tpr_with_empirical_fpr_le_target,0.00125,0.00125,0.001,1.5399394992648507,4,0,800,3196,0.00125,0.0,False,max_tpr_with_empirical_fpr_le_target,32,True,False,1.1127417953655805,1.115574353192678,0.89,KIDNEY_STONE,SVM,dp,0.4,1
0.5119574218749999,0.04531249999999998,3200,800,0.10875,0.10875,0.1,0.23956244703789142,348,80,720,2852,0.10875,0.1,True,max_tpr_with_empirical_fpr_le_target,0.00375,0.00375,0.01,0.835393677812053,12,6,794,3188,0.00375,0.0075,True,max_tpr_with_empirical_fpr_le_target,0.000625,0.000625,0.001,1.628497531609407,2,0,800,3198,0.000625,0.0,False,max_tpr_with_empirical_fpr_le_target,32,True,False,1.3312584254067485,1.3424073983228373,0.89,KIDNEY_STONE,SVM,dp,0.4,2
0.49207578124999996,0.016874999999999987,3200,800,0.1021875,0.1021875,0.1,0.18487033800138275,327,79,721,2873,0.1021875,0.09875,True,max_tpr_with_empirical_fpr_le_target,0.0140625,0.0140625,0.01,0.5992477527823517,45,8,792,3155,0.0140625,0.01,True,max_tpr_with_empirical_fpr_le_target,0.00125,0.00125,0.001,1.1143707750038794,4,0,800,3196,0.00125,0.0,False,max_tpr_with_empirical_fpr_le_target,32,True,False,1.1400073625574976,1.1414133613324866,0.89,KIDNEY_STONE,SVM,dp,0.4,3
0.501436328125,0.022812500000000013,3200,800,0.0909375,0.0909375,0.1,0.25784996668631965,291,80,720,2909,0.0909375,0.1,True,max_tpr_with_empirical_fpr_le_target,0.008125,0.008125,0.01,0.7790527348321037,26,8,792,3174,0.008125,0.01,True,max_tpr_with_empirical_fpr_le_target,0.0003125,0.0003125,0.001,1.7660777566415828,1,0,800,3199,0.0003125,0.0,False,max_tpr_with_empirical_fpr_le_target,32,True,False,1.201000009951876,1.1897709928267173,0.89,KIDNEY_STONE,SVM,dp,0.4,4
0.50823515625,0.026249999999999996,3200,800,0.1040625,0.1040625,0.1,0.20148694249048904,333,80,720,2867,0.1040625,0.1,True,max_tpr_with_empirical_fpr_le_target,0.0125,0.0125,0.01,0.6209213750540701,40,6,794,3160,0.0125,0.0075,True,max_tpr_with_empirical_fpr_le_target,0.005,0.005,0.001,0.7864968680866284,16,0,800,3184,0.005,0.0,False,max_tpr_with_empirical_fpr_le_target,32,True,False,1.0956561210490021,1.0966765012265212,0.89,KIDNEY_STONE,SVM,dp,0.4,5
0.504005078125,0.022187500000000027,3200,800,0.110625,0.110625,0.1,0.20861709165497677,354,80,720,2846,0.110625,0.1,True,max_tpr_with_empirical_fpr_le_target,0.0065625,0.0065625,0.01,0.846673317158531,21,8,792,3179,0.0065625,0.01,True,max_tpr_with_empirical_fpr_le_target,0.000625,0.000625,0.001,1.8231270917205364,2,0,800,3198,0.000625,0.0,False,max_tpr_with_empirical_fpr_le_target,32,True,False,1.1618219478028504,1.1686107365575704,0.89,KIDNEY_STONE,SVM,dp,0.4,6
0.49472226562500005,0.03281250000000002,3200,800,0.09625,0.09625,0.1,0.20699243052710692,308,80,720,2892,0.09625,0.1,True,max_tpr_with_empirical_fpr_le_target,0.0096875,0.0096875,0.01,0.7144003918556434,31,8,792,3169,0.0096875,0.01,True,max_tpr_with_empirical_fpr_le_target,0.0,0.0,0.001,inf,0,0,800,3200,0.0,0.0,False,max_tpr_with_empirical_fpr_le_target,32,True,False,1.2640488863729216,1.2701529239295548,0.89,KIDNEY_STONE,SVM,dp,0.4,7
0.497528125,0.027812499999999962,3200,800,0.0796875,0.0796875,0.1,0.2644804150138149,255,80,720,2945,0.0796875,0.1,True,max_tpr_with_empirical_fpr_le_target,0.009375,0.009375,0.01,0.7333679228274668,30,7,793,3170,0.009375,0.00875,True,max_tpr_with_empirical_fpr_le_target,0.0021875,0.0021875,0.001,1.081326718973482,7,0,800,3193,0.0021875,0.0,False,max_tpr_with_empirical_fpr_le_target,32,True,False,1.0752713524183992,1.0781573101378257,0.89,KIDNEY_STONE,SVM,dp,0.4,8
0.5205953125,0.04906250000000001,3200,800,0.119375,0.119375,0.1,0.19908213509973205,382,79,721,2818,0.119375,0.09875,True,max_tpr_with_empirical_fpr_le_target,0.0165625,0.0165625,0.01,0.6086770671822159,53,8,792,3147,0.0165625,0.01,True,max_tpr_with_empirical_fpr_le_target,0.0003125,0.0003125,0.001,1.3840396143930973,1,0,800,3199,0.0003125,0.0,False,max_tpr_with_empirical_fpr_le_target,32,True,False,1.1036200147141062,1.107976782430894,0.89,KIDNEY_STONE,SVM,dp,0.4,9
0.512497265625,0.04562500000000003,3200,800,0.0878125,0.0878125,0.1,0.2598807201180222,281,79,721,2919,0.0878125,0.09875,True,max_tpr_with_empirical_fpr_le_target,0.01,0.01,0.01,0.7154423244592636,32,8,792,3168,0.01,0.01,True,max_tpr_with_empirical_fpr_le_target,0.000625,0.000625,0.001,1.56448654481163,2,0,800,3198,0.000625,0.0,False,max_tpr_with_empirical_fpr_le_target,32,True,False,1.08963266484483,1.0980678052250952,0.89,KIDNEY_STONE,SVM,dp,0.4,10
0.5023234375,0.022187499999999916,3200,800,0.0971875,0.0971875,0.1,0.23432925139868055,311,80,720,2889,0.0971875,0.1,True,max_tpr_with_empirical_fpr_le_target,0.0096875,0.0096875,0.01,0.8044020106141676,31,8,792,3169,0.0096875,0.01,True,max_tpr_with_empirical_fpr_le_target,0.0053125,0.0053125,0.001,1.0835291105035876,17,0,800,3183,0.0053125,0.0,False,max_tpr_with_empirical_fpr_le_target,32,True,False,1.2219273979235539,1.2255011762273265,0.89,KIDNEY_STONE,SVM,dp,0.4,11
0.495564453125,0.02937499999999993,3200,800,0.0965625,0.0965625,0.1,0.22729247027394117,309,80,720,2891,0.0965625,0.1,True,max_tpr_with_empirical_fpr_le_target,0.00875,0.00875,0.01,0.7357140007889231,28,7,793,3172,0.00875,0.00875,True,max_tpr_with_empirical_fpr_le_target,0.001875,0.001875,0.001,1.213981693831862,6,0,800,3194,0.001875,0.0,False,max_tpr_with_empirical_fpr_le_target,32,True,False,1.1337144174069642,1.1371515769459524,0.89,KIDNEY_STONE,SVM,dp,0.4,12
0.503120703125,0.029062500000000005,3200,800,0.1171875,0.1171875,0.1,0.2141806903447674,375,80,720,2825,0.1171875,0.1,True,max_tpr_with_empirical_fpr_le_target,0.0215625,0.0215625,0.01,0.605506376816051,69,8,792,3131,0.0215625,0.01,True,max_tpr_with_empirical_fpr_le_target,0.0021875,0.0021875,0.001,1.4126911140191123,7,0,800,3193,0.0021875,0.0,False,max_tpr_with_empirical_fpr_le_target,32,True,False,1.0202500757250041,1.0303026052914133,0.89,KIDNEY_STONE,SVM,dp,0.4,13
0.5092769531250001,0.029374999999999984,3200,800,0.1134375,0.1134375,0.1,0.17707255926843013,363,80,720,2837,0.1134375,0.1,True,max_tpr_with_empirical_fpr_le_target,0.008125,0.008125,0.01,0.5771972085233434,26,8,792,3174,0.008125,0.01,True,max_tpr_with_empirical_fpr_le_target,0.000625,0.000625,0.001,1.124373136022847,2,0,800,3198,0.000625,0.0,False,max_tpr_with_empirical_fpr_le_target,32,True,False,1.1564944435609021,1.1610753142800265,0.89,KIDNEY_STONE,SVM,dp,0.4,14
0.5079,0.028750000000000053,3200,800,0.0909375,0.0909375,0.1,0.2365006167307162,291,80,720,2909,0.0909375,0.1,True,max_tpr_with_empirical_fpr_le_target,0.013125,0.013125,0.01,0.6264198668100869,42,8,792,3158,0.013125,0.01,True,max_tpr_with_empirical_fpr_le_target,0.0040625,0.0040625,0.001,0.9195885256370926,13,0,800,3187,0.0040625,0.0,False,max_tpr_with_empirical_fpr_le_target,32,True,False,1.1843226681133179,1.1908337224851866,0.89,KIDNEY_STONE,SVM,dp,0.4,15
0.5156109375,0.03749999999999998,3200,800,0.1178125,0.1178125,0.1,0.22228921245661137,377,79,721,2823,0.1178125,0.09875,True,max_tpr_with_empirical_fpr_le_target,0.0103125,0.0103125,0.01,0.7735592816975732,33,8,792,3167,0.0103125,0.01,True,max_tpr_with_empirical_fpr_le_target,0.0,0.0,0.001,inf,0,0,800,3200,0.0,0.0,False,max_tpr_with_empirical_fpr_le_target,32,True,False,1.2571607628157864,1.262880417462262,0.89,KIDNEY_STONE,SVM,dp,0.4,16
0.503915234375,0.018124999999999947,3200,800,0.1053125,0.1053125,0.1,0.2153459495765937,337,80,720,2863,0.1053125,0.1,True,max_tpr_with_empirical_fpr_le_target,0.0140625,0.0140625,0.01,0.6107328983749707,45,8,792,3155,0.0140625,0.01,True,max_tpr_with_empirical_fpr_le_target,0.0,0.0,0.001,inf,0,0,800,3200,0.0,0.0,False,max_tpr_with_empirical_fpr_le_target,32,True,False,1.1515046167845935,1.1584322256094055,0.89,KIDNEY_STONE,SVM,dp,0.4,17
0.48144335937500005,0.010624999999999996,3200,800,0.0934375,0.0934375,0.1,0.22275688050687648,299,80,720,2901,0.0934375,0.1,True,max_tpr_with_empirical_fpr_le_target,0.0065625,0.0065625,0.01,0.8868493320929143,21,7,793,3179,0.0065625,0.00875,True,max_tpr_with_empirical_fpr_le_target,0.0009375,0.0009375,0.001,1.312991787882579,3,0,800,3197,0.0009375,0.0,False,max_tpr_with_empirical_fpr_le_target,32,True,False,1.2551773268593505,1.2622657001458837,0.89,KIDNEY_STONE,SVM,dp,0.4,18
0.481271484375,0.009062500000000001,3200,800,0.0925,0.0925,0.1,0.25484847925584386,296,80,720,2904,0.0925,0.1,True,max_tpr_with_empirical_fpr_le_target,0.0171875,0.0171875,0.01,0.633560897549238,55,8,792,3145,0.0171875,0.01,True,max_tpr_with_empirical_fpr_le_target,0.0028125,0.0028125,0.001,1.1223262035575563,9,0,800,3191,0.0028125,0.0,False,max_tpr_with_empirical_fpr_le_target,32,True,False,1.167411131809981,1.182346254922569,0.89,KIDNEY_STONE,SVM,dp,0.4,19
0.4865125,0.006562499999999999,3200,800,0.0965625,0.0965625,0.1,0.22768166790417776,309,79,721,2891,0.0965625,0.09875,True,max_tpr_with_empirical_fpr_le_target,0.0121875,0.0121875,0.01,0.61483871042208,39,8,792,3161,0.0121875,0.01,True,max_tpr_with_empirical_fpr_le_target,0.0003125,0.0003125,0.001,1.2694571292615238,1,0,800,3199,0.0003125,0.0,False,max_tpr_with_empirical_fpr_le_target,32,True,False,1.164067017776607,1.171301195586584,0.89,KIDNEY_STONE,SVM,dp,0.4,20
0.48975703125000003,0.014062499999999978,3200,800,0.089375,0.089375,0.1,0.2919041772706912,286,80,720,2914,0.089375,0.1,True,max_tpr_with_empirical_fpr_le_target,0.00875,0.00875,0.01,0.8406831314312724,28,7,793,3172,0.00875,0.00875,True,max_tpr_with_empirical_fpr_le_target,0.0,0.0,0.001,inf,0,0,800,3200,0.0,0.0,False,max_tpr_with_empirical_fpr_le_target,32,True,False,1.0702524253075458,1.0796877243985803,0.89,KIDNEY_STONE,SVM,dp,0.4,21
0.506158203125,0.038124999999999964,3200,800,0.0984375,0.0984375,0.1,0.23697943003479693,315,80,720,2885,0.0984375,0.1,True,max_tpr_with_empirical_fpr_le_target,0.0125,0.0125,0.01,0.6722424938782303,40,8,792,3160,0.0125,0.01,True,max_tpr_with_empirical_fpr_le_target,0.00125,0.00125,0.001,1.4403805292195928,4,0,800,3196,0.00125,0.0,False,max_tpr_with_empirical_fpr_le_target,32,True,False,0.9873771554441384,0.9845495874828001,0.89,KIDNEY_STONE,SVM,dp,0.4,22
0.5058421875,0.025937499999999947,3200,800,0.088125,0.088125,0.1,0.2448016266444396,282,80,720,2918,0.088125,0.1,True,max_tpr_with_empirical_fpr_le_target,0.01,0.01,0.01,0.7383134592479959,32,8,792,3168,0.01,0.01,True,max_tpr_with_empirical_fpr_le_target,0.0025,0.0025,0.001,1.0153835197572196,8,0,800,3192,0.0025,0.0,False,max_tpr_with_empirical_fpr_le_target,32,True,False,1.0103255319772042,1.015248622611993,0.89,KIDNEY_STONE,SVM,dp,0.4,23
0.520328515625,0.04874999999999996,3200,800,0.1125,0.1125,0.1,0.21137525657374545,360,80,720,2840,0.1125,0.1,True,max_tpr_with_empirical_fpr_le_target,0.00875,0.00875,0.01,0.6932941689535561,28,8,792,3172,0.00875,0.01,True,max_tpr_with_empirical_fpr_le_target,0.001875,0.001875,0.001,1.2231925593539468,6,0,800,3194,0.001875,0.0,False,max_tpr_with_empirical_fpr_le_target,32,True,False,1.296897309556513,1.310635509631341,0.89,KIDNEY_STONE,SVM,dp,0.4,24
0.49930351562499997,0.0171875,3200,800,0.1034375,0.1034375,0.1,0.2220864786948944,331,80,720,2869,0.1034375,0.1,True,max_tpr_with_empirical_fpr_le_target,0.0134375,0.0134375,0.01,0.6506380199863531,43,8,792,3157,0.0134375,0.01,True,max_tpr_with_empirical_fpr_le_target,0.003125,0.003125,0.001,0.984286532034298,10,0,800,3190,0.003125,0.0,False,max_tpr_with_empirical_fpr_le_target,32,True,False,1.0708798794590297,1.0842411322852805,0.89,KIDNEY_STONE,SVM,dp,0.4,25
0.506734375,0.026874999999999982,3200,800,0.09125,0.09125,0.1,0.24430703172282486,292,80,720,2908,0.09125,0.1,True,max_tpr_with_empirical_fpr_le_target,0.0090625,0.0090625,0.01,0.7081298944006595,29,8,792,3171,0.0090625,0.01,True,max_tpr_with_empirical_fpr_le_target,0.000625,0.000625,0.001,1.6911972277519691,2,0,800,3198,0.000625,0.0,False,max_tpr_with_empirical_fpr_le_target,32,True,False,1.2495967699183335,1.2538193284433918,0.89,KIDNEY_STONE,SVM,dp,0.4,26
0.504168359375,0.026562500000000044,3200,800,0.1071875,0.1071875,0.1,0.25778433551714675,343,80,720,2857,0.1071875,0.1,True,max_tpr_with_empirical_fpr_le_target,0.011875,0.011875,0.01,0.839505234088535,38,8,792,3162,0.011875,0.01,True,max_tpr_with_empirical_fpr_le_target,0.0021875,0.0021875,0.001,1.4005526765359693,7,0,800,3193,0.0021875,0.0,False,max_tpr_with_empirical_fpr_le_target,32,True,False,1.026848819047148,1.0364983090905333,0.89,KIDNEY_STONE,SVM,dp,0.4,27
0.51221328125,0.035937499999999956,3200,800,0.0878125,0.0878125,0.1,0.24574484237693683,281,79,721,2919,0.0878125,0.09875,True,max_tpr_with_empirical_fpr_le_target,0.0071875,0.0071875,0.01,0.800807522497188,23,8,792,3177,0.0071875,0.01,True,max_tpr_with_empirical_fpr_le_target,0.0,0.0,0.001,inf,0,0,800,3200,0.0,0.0,False,max_tpr_with_empirical_fpr_le_target,32,True,False,1.36740840585704,1.369926539389107,0.89,KIDNEY_STONE,SVM,dp,0.4,28
0.508005859375,0.03562499999999996,3200,800,0.111875,0.111875,0.1,0.21354390687022073,358,80,720,2842,0.111875,0.1,True,max_tpr_with_empirical_fpr_le_target,0.0115625,0.0115625,0.01,0.693979026140559,37,8,792,3163,0.0115625,0.01,True,max_tpr_with_empirical_fpr_le_target,0.0009375,0.0009375,0.001,1.4360465865123806,3,0,800,3197,0.0009375,0.0,False,max_tpr_with_empirical_fpr_le_target,32,True,False,1.195815762685539,1.194447748775118,0.89,KIDNEY_STONE,SVM,dp,0.4,29
0.4758671875,0.005937499999999929,3200,800,0.079375,0.079375,0.1,0.30162523526529794,254,80,720,2946,0.079375,0.1,True,max_tpr_with_empirical_fpr_le_target,0.00875,0.00875,0.01,0.9077839810805295,28,8,792,3172,0.00875,0.01,True,max_tpr_with_empirical_fpr_le_target,0.0003125,0.0003125,0.001,1.6782004897685279,1,0,800,3199,0.0003125,0.0,False,max_tpr_with_empirical_fpr_le_target,32,True,False,0.35905160649894396,0.36324681403069714,0.89,KIDNEY_STONE,SVM,dp,0.8,0
0.51243828125,0.04187500000000002,3200,800,0.103125,0.103125,0.1,0.2783027328919796,330,80,720,2870,0.103125,0.1,True,max_tpr_with_empirical_fpr_le_target,0.01125,0.01125,0.01,0.8787317392751961,36,6,794,3164,0.01125,0.0075,True,max_tpr_with_empirical_fpr_le_target,0.001875,0.001875,0.001,1.6416098918184339,6,0,800,3194,0.001875,0.0,False,max_tpr_with_empirical_fpr_le_target,32,True,False,0.35369287814418643,0.35450589646487063,0.89,KIDNEY_STONE,SVM,dp,0.8,1
0.50893203125,0.03531249999999997,3200,800,0.110625,0.110625,0.1,0.2434331557665087,354,80,720,2846,0.110625,0.1,True,max_tpr_with_empirical_fpr_le_target,0.0046875,0.0046875,0.01,0.8293496829855008,15,7,793,3185,0.0046875,0.00875,True,max_tpr_with_empirical_fpr_le_target,0.0009375,0.0009375,0.001,1.4582083952343918,3,0,800,3197,0.0009375,0.0,False,max_tpr_with_empirical_fpr_le_target,32,True,False,0.39207745374299874,0.39569591222671097,0.89,KIDNEY_STONE,SVM,dp,0.8,2
0.49946328125000006,0.02250000000000002,3200,800,0.1009375,0.1009375,0.1,0.20705713297830153,323,80,720,2877,0.1009375,0.1,True,max_tpr_with_empirical_fpr_le_target,0.01,0.01,0.01,0.7881958241265241,32,8,792,3168,0.01,0.01,True,max_tpr_with_empirical_fpr_le_target,0.00125,0.00125,0.001,1.52495377588631,4,0,800,3196,0.00125,0.0,False,max_tpr_with_empirical_fpr_le_target,32,True,False,0.36472547853527254,0.3644006633201725,0.89,KIDNEY_STONE,SVM,dp,0.8,3
0.5133171875,0.04562499999999997,3200,800,0.108125,0.108125,0.1,0.24092993665644258,346,80,720,2854,0.108125,0.1,True,max_tpr_with_empirical_fpr_le_target,0.0084375,0.0084375,0.01,0.8125395256817693,27,7,793,3173,0.0084375,0.00875,True,max_tpr_with_empirical_fpr_le_target,0.0003125,0.0003125,0.001,2.2074603291744,1,0,800,3199,0.0003125,0.0,False,max_tpr_with_empirical_fpr_le_target,32,True,False,0.37126020443926433,0.36930324499363737,0.89,KIDNEY_STONE,SVM,dp,0.8,4
0.5084875,0.02562500000000001,3200,800,0.106875,0.106875,0.1,0.22332435718749488,342,80,720,2858,0.106875,0.1,True,max_tpr_with_empirical_fpr_le_target,0.0203125,0.0203125,0.01,0.5839334618890866,65,8,792,3135,0.0203125,0.01,True,max_tpr_with_empirical_fpr_le_target,0.001875,0.001875,0.001,1.2059013566832881,6,0,800,3194,0.001875,0.0,False,max_tpr_with_empirical_fpr_le_target,32,True,False,0.3468729354190415,0.3484495077372029,0.89,KIDNEY_STONE,SVM,dp,0.8,5
0.5030847656249999,0.02031250000000001,3200,800,0.0953125,0.0953125,0.1,0.2487460439849265,305,80,720,2895,0.0953125,0.1,True,max_tpr_with_empirical_fpr_le_target,0.008125,0.008125,0.01,0.7875041099427984,26,8,792,3174,0.008125,0.01,True,max_tpr_with_empirical_fpr_le_target,0.000625,0.000625,0.001,1.9493428434829583,2,0,800,3198,0.000625,0.0,False,max_tpr_with_empirical_fpr_le_target,32,True,False,0.36998749311677753,0.3722859318822573,0.89,KIDNEY_STONE,SVM,dp,0.8,6
0.49185742187500003,0.015312499999999993,3200,800,0.105,0.105,0.1,0.20269854945875942,336,80,720,2864,0.105,0.1,True,max_tpr_with_empirical_fpr_le_target,0.0134375,0.0134375,0.01,0.6279626593262053,43,8,792,3157,0.0134375,0.01,True,max_tpr_with_empirical_fpr_le_target,0.000625,0.000625,0.001,1.7249315206229603,2,0,800,3198,0.000625,0.0,False,max_tpr_with_empirical_fpr_le_target,32,True,False,0.3902792932481268,0.39216284223005965,0.89,KIDNEY_STONE,SVM,dp,0.8,7
0.507560546875,0.03531249999999997,3200,800,0.0875,0.0875,0.1,0.2984638999153445,280,80,720,2920,0.0875,0.1,True,max_tpr_with_empirical_fpr_le_target,0.0121875,0.0121875,0.01,0.8078915637142949,39,8,792,3161,0.0121875,0.01,True,max_tpr_with_empirical_fpr_le_target,0.0,0.0,0.001,inf,0,0,800,3200,0.0,0.0,False,max_tpr_with_empirical_fpr_le_target,32,True,False,0.3356587391118775,0.33556467478367547,0.89,KIDNEY_STONE,SVM,dp,0.8,8
0.513289453125,0.03781249999999997,3200,800,0.12625,0.12625,0.1,0.21554858884772832,404,80,720,2796,0.12625,0.1,True,max_tpr_with_empirical_fpr_le_target,0.0128125,0.0128125,0.01,0.7109183742209715,41,8,792,3159,0.0128125,0.01,True,max_tpr_with_empirical_fpr_le_target,0.0003125,0.0003125,0.001,1.5799272512836615,1,0,800,3199,0.0003125,0.0,False,max_tpr_with_empirical_fpr_le_target,32,True,False,0.3447687552273503,0.34725162451514885,0.89,KIDNEY_STONE,SVM,dp,0.8,9
0.5036937499999999,0.018750000000000044,3200,800,0.1003125,0.1003125,0.1,0.2677573165951157,321,80,720,2879,0.1003125,0.1,True,max_tpr_with_empirical_fpr_le_target,0.0128125,0.0128125,0.01,0.838690703380415,41,8,792,3159,0.0128125,0.01,True,max_tpr_with_empirical_fpr_le_target,0.0015625,0.0015625,0.001,1.632374441607176,5,0,800,3195,0.0015625,0.0,False,max_tpr_with_empirical_fpr_le_target,32,True,False,0.33821333706966455,0.3405356142028012,0.89,KIDNEY_STONE,SVM,dp,0.8,10
0.501783203125,0.02312499999999995,3200,800,0.1078125,0.1078125,0.1,0.22794794722390588,345,80,720,2855,0.1078125,0.1,True,max_tpr_with_empirical_fpr_le_target,0.01,0.01,0.01,0.8906712322339052,32,8,792,3168,0.01,0.01,True,max_tpr_with_empirical_fpr_le_target,0.001875,0.001875,0.001,1.4775127167802882,6,0,800,3194,0.001875,0.0,False,max_tpr_with_empirical_fpr_le_target,32,True,False,0.36888228014974944,0.3695270534885512,0.89,KIDNEY_STONE,SVM,dp,0.8,11
0.5093406250000001,0.02906249999999999,3200,800,0.095,0.095,0.1,0.25237164731291206,304,78,722,2896,0.095,0.0975,True,max_tpr_with_empirical_fpr_le_target,0.0103125,0.0103125,0.01,0.7785512302172255,33,8,792,3167,0.0103125,0.01,True,max_tpr_with_empirical_fpr_le_target,0.0021875,0.0021875,0.001,1.1792165086577355,7,0,800,3193,0.0021875,0.0,False,max_tpr_with_empirical_fpr_le_target,32,True,False,0.3428261462882488,0.3447209495988369,0.89,KIDNEY_STONE,SVM,dp,0.8,12
0.51067734375,0.02906249999999999,3200,800,0.1290625,0.1290625,0.1,0.21199884058768204,413,80,720,2787,0.1290625,0.1,True,max_tpr_with_empirical_fpr_le_target,0.0175,0.0175,0.01,0.7063147744434963,56,8,792,3144,0.0175,0.01,True,max_tpr_with_empirical_fpr_le_target,0.0015625,0.0015625,0.001,1.5269418354608402,5,0,800,3195,0.0015625,0.0,False,max_tpr_with_empirical_fpr_le_target,32,True,False,0.3337970237886705,0.33684994539048296,0.89,KIDNEY_STONE,SVM,dp,0.8,13
0.51179609375,0.03156249999999999,3200,800,0.1028125,0.1028125,0.1,0.19899918190162502,329,79,721,2871,0.1028125,0.09875,True,max_tpr_with_empirical_fpr_le_target,0.00625,0.00625,0.01,0.7745212836902409,20,8,792,3180,0.00625,0.01,True,max_tpr_with_empirical_fpr_le_target,0.000625,0.000625,0.001,1.480346590064179,2,0,800,3198,0.000625,0.0,False,max_tpr_with_empirical_fpr_le_target,32,True,False,0.364131706554674,0.36565446333943,0.89,KIDNEY_STONE,SVM,dp,0.8,14
0.49753281250000003,0.018437499999999996,3200,800,0.09875,0.09875,0.1,0.23908504625382876,316,80,720,2884,0.09875,0.1,True,max_tpr_with_empirical_fpr_le_target,0.011875,0.011875,0.01,0.7131364690652022,38,8,792,3162,0.011875,0.01,True,max_tpr_with_empirical_fpr_le_target,0.0034375,0.0034375,0.001,1.1465587330876619,11,0,800,3189,0.0034375,0.0,False,max_tpr_with_empirical_fpr_le_target,32,True,False,0.3728249772147673,0.3739903556399149,0.89,KIDNEY_STONE,SVM,dp,0.8,15
0.5111875,0.03687499999999999,3200,800,0.10125,0.10125,0.1,0.24846537468056018,324,79,721,2876,0.10125,0.09875,True,max_tpr_with_empirical_fpr_le_target,0.0115625,0.0115625,0.01,0.7541024587541978,37,8,792,3163,0.0115625,0.01,True,max_tpr_with_empirical_fpr_le_target,0.0003125,0.0003125,0.001,1.9118785172783255,1,0,800,3199,0.0003125,0.0,False,max_tpr_with_empirical_fpr_le_target,32,True,False,0.383750065563681,0.3863392270938141,0.89,KIDNEY_STONE,SVM,dp,0.8,16
0.510355859375,0.03156250000000005,3200,800,0.105625,0.105625,0.1,0.221770189588536,338,80,720,2862,0.105625,0.1,True,max_tpr_with_empirical_fpr_le_target,0.0121875,0.0121875,0.01,0.6478231726670116,39,8,792,3161,0.0121875,0.01,True,max_tpr_with_empirical_fpr_le_target,0.0,0.0,0.001,inf,0,0,800,3200,0.0,0.0,False,max_tpr_with_empirical_fpr_le_target,32,True,False,0.3640570830046762,0.36707307444544124,0.89,KIDNEY_STONE,SVM,dp,0.8,17
0.48426484375,0.014374999999999916,3200,800,0.0875,0.0875,0.1,0.2498101323637466,280,80,720,2920,0.0875,0.1,True,max_tpr_with_empirical_fpr_le_target,0.008125,0.008125,0.01,0.857993938983161,26,8,792,3174,0.008125,0.01,True,max_tpr_with_empirical_fpr_le_target,0.0003125,0.0003125,0.001,1.6335295553837135,1,0,800,3199,0.0003125,0.0,False,max_tpr_with_empirical_fpr_le_target,32,True,False,0.38840195301388,0.39179010688374505,0.89,KIDNEY_STONE,SVM,dp,0.8,18
0.48288671875,0.005624999999999991,3200,800,0.0921875,0.0921875,0.1,0.25303598038779596,295,80,720,2905,0.0921875,0.1,True,max_tpr_with_empirical_fpr_le_target,0.010625,0.010625,0.01,0.7630317505195061,34,7,793,3166,0.010625,0.00875,True,max_tpr_with_empirical_fpr_le_target,0.0028125,0.0028125,0.001,1.3028257972111899,9,0,800,3191,0.0028125,0.0,False,max_tpr_with_empirical_fpr_le_target,32,True,False,0.3607019215291435,0.3658880206425127,0.89,KIDNEY_STONE,SVM,dp,0.8,19
0.49159609375,0.011249999999999982,3200,800,0.09625,0.09625,0.1,0.23373831255511712,308,80,720,2892,0.09625,0.1,True,max_tpr_with_empirical_fpr_le_target,0.018125,0.018125,0.01,0.5777046761367666,58,8,792,3142,0.018125,0.01,True,max_tpr_with_empirical_fpr_le_target,0.0015625,0.0015625,0.001,1.1911886454950613,5,0,800,3195,0.0015625,0.0,False,max_tpr_with_empirical_fpr_le_target,32,True,False,0.3626016792296291,0.36623849002707837,0.89,KIDNEY_STONE,SVM,dp,0.8,20
0.495891796875,0.017187500000000022,3200,800,0.090625,0.090625,0.1,0.3208593873595329,290,78,722,2910,0.090625,0.0975,True,max_tpr_with_empirical_fpr_le_target,0.0159375,0.0159375,0.01,0.7478714178879988,51,8,792,3149,0.0159375,0.01,True,max_tpr_with_empirical_fpr_le_target,0.0003125,0.0003125,0.001,2.474326495934537,1,0,800,3199,0.0003125,0.0,False,max_tpr_with_empirical_fpr_le_target,32,True,False,0.3405531642395012,0.34396339114668223,0.89,KIDNEY_STONE,SVM,dp,0.8,21
0.50853203125,0.030000000000000027,3200,800,0.113125,0.113125,0.1,0.25196033818212915,362,80,720,2838,0.113125,0.1,True,max_tpr_with_empirical_fpr_le_target,0.0115625,0.0115625,0.01,0.796579436261261,37,7,793,3163,0.0115625,0.00875,True,max_tpr_with_empirical_fpr_le_target,0.000625,0.000625,0.001,2.317082390079502,2,0,800,3198,0.000625,0.0,False,max_tpr_with_empirical_fpr_le_target,32,True,False,0.32215863967416103,0.32165835476566623,0.89,KIDNEY_STONE,SVM,dp,0.8,22
0.50903046875,0.024375000000000008,3200,800,0.1115625,0.1115625,0.1,0.24604881233225862,357,80,720,2843,0.1115625,0.1,True,max_tpr_with_empirical_fpr_le_target,0.0121875,0.0121875,0.01,0.8252940096548824,39,8,792,3161,0.0121875,0.01,True,max_tpr_with_empirical_fpr_le_target,0.0015625,0.0015625,0.001,1.317226525693599,5,0,800,3195,0.0015625,0.0,False,max_tpr_with_empirical_fpr_le_target,32,True,False,0.3209377509403728,0.32324366339456245,0.89,KIDNEY_STONE,SVM,dp,0.8,23
0.518305078125,0.0390625,3200,800,0.1178125,0.1178125,0.1,0.20645674149427184,377,80,720,2823,0.1178125,0.1,True,max_tpr_with_empirical_fpr_le_target,0.00875,0.00875,0.01,0.7363480997531132,28,8,792,3172,0.00875,0.01,True,max_tpr_with_empirical_fpr_le_target,0.000625,0.000625,0.001,1.7318564333097655,2,0,800,3198,0.000625,0.0,False,max_tpr_with_empirical_fpr_le_target,32,True,False,0.3939145091862761,0.39854237045460716,0.89,KIDNEY_STONE,SVM,dp,0.8,24
0.49703203124999995,0.020312500000000067,3200,800,0.1059375,0.1059375,0.1,0.24855859738989472,339,80,720,2861,0.1059375,0.1,True,max_tpr_with_empirical_fpr_le_target,0.0134375,0.0134375,0.01,0.7083385190452901,43,8,792,3157,0.0134375,0.01,True,max_tpr_with_empirical_fpr_le_target,0.0021875,0.0021875,0.001,1.222314025137013,7,0,800,3193,0.0021875,0.0,False,max_tpr_with_empirical_fpr_le_target,32,True,False,0.34252299776412026,0.3465975902557701,0.89,KIDNEY_STONE,SVM,dp,0.8,25
0.510829296875,0.028437500000000004,3200,800,0.109375,0.109375,0.1,0.21376286184254434,350,80,720,2850,0.109375,0.1,True,max_tpr_with_empirical_fpr_le_target,0.01,0.01,0.01,0.7201164859811958,32,7,793,3168,0.01,0.00875,True,max_tpr_with_empirical_fpr_le_target,0.0009375,0.0009375,0.001,1.599749667905824,3,0,800,3197,0.0009375,0.0,False,max_tpr_with_empirical_fpr_le_target,32,True,False,0.3847122864691145,0.38695366046863344,0.89,KIDNEY_STONE,SVM,dp,0.8,26
0.51113515625,0.03781249999999997,3200,800,0.0984375,0.0984375,0.1,0.31297056158494807,315,80,720,2885,0.0984375,0.1,True,max_tpr_with_empirical_fpr_le_target,0.00625,0.00625,0.01,1.221744665782286,20,7,793,3180,0.00625,0.00875,True,max_tpr_with_empirical_fpr_le_target,0.001875,0.001875,0.001,1.840507953889469,6,0,800,3194,0.001875,0.0,False,max_tpr_with_empirical_fpr_le_target,32,True,False,0.32763090278570944,0.3308731935957856,0.89,KIDNEY_STONE,SVM,dp,0.8,27
0.508778515625,0.040000000000000036,3200,800,0.0971875,0.0971875,0.1,0.24674856048251037,311,80,720,2889,0.0971875,0.1,True,max_tpr_with_empirical_fpr_le_target,0.00875,0.00875,0.01,0.8667380849341647,28,7,793,3172,0.00875,0.00875,True,max_tpr_with_empirical_fpr_le_target,0.0,0.0,0.001,inf,0,0,800,3200,0.0,0.0,False,max_tpr_with_empirical_fpr_le_target,32,True,False,0.4007413666165996,0.4028238945447401,0.89,KIDNEY_STONE,SVM,dp,0.8,28
0.510357421875,0.0325,3200,800,0.11625,0.11625,0.1,0.23748702920140252,372,80,720,2828,0.11625,0.1,True,max_tpr_with_empirical_fpr_le_target,0.0121875,0.0121875,0.01,0.7189656531998287,39,8,792,3161,0.0121875,0.01,True,max_tpr_with_empirical_fpr_le_target,0.00125,0.00125,0.001,1.5593652984349378,4,0,800,3196,0.00125,0.0,False,max_tpr_with_empirical_fpr_le_target,32,True,False,0.3585365833398496,0.35925075065054984,0.89,KIDNEY_STONE,SVM,dp,0.8,29
0.47634765625,0.0021875,3200,800,0.0759375,0.0759375,0.1,0.32351371935171724,243,80,720,2957,0.0759375,0.1,True,max_tpr_with_empirical_fpr_le_target,0.0075,0.0075,0.01,0.9542235720825396,24,7,793,3176,0.0075,0.00875,True,max_tpr_with_empirical_fpr_le_target,0.000625,0.000625,0.001,1.687426826325763,2,0,800,3198,0.000625,0.0,False,max_tpr_with_empirical_fpr_le_target,32,True,False,0.26885518519803514,0.2718411778434699,0.89,KIDNEY_STONE,SVM,dp,1.0,0
0.513348046875,0.03937500000000005,3200,800,0.106875,0.106875,0.1,0.2802759524626093,342,80,720,2858,0.106875,0.1,True,max_tpr_with_empirical_fpr_le_target,0.0125,0.0125,0.01,0.8887095526423288,40,8,792,3160,0.0125,0.01,True,max_tpr_with_empirical_fpr_le_target,0.0015625,0.0015625,0.001,1.6366521733158539,5,0,800,3195,0.0015625,0.0,False,max_tpr_with_empirical_fpr_le_target,32,True,False,0.2645824445439912,0.2653341542761918,0.89,KIDNEY_STONE,SVM,dp,1.0,1
0.508708984375,0.04218749999999999,3200,800,0.109375,0.109375,0.1,0.25345186319930224,350,80,720,2850,0.109375,0.1,True,max_tpr_with_empirical_fpr_le_target,0.0040625,0.0040625,0.01,0.8673168256023793,13,8,792,3187,0.0040625,0.01,True,max_tpr_with_empirical_fpr_le_target,0.00125,0.00125,0.001,1.3907506037360458,4,0,800,3196,0.00125,0.0,False,max_tpr_with_empirical_fpr_le_target,32,True,False,0.2888741139338528,0.291645302246959,0.89,KIDNEY_STONE,SVM,dp,1.0,2
0.500030859375,0.021875000000000033,3200,800,0.1009375,0.1009375,0.1,0.2203768324642017,323,80,720,2877,0.1009375,0.1,True,max_tpr_with_empirical_fpr_le_target,0.0103125,0.0103125,0.01,0.7583024960102294,33,8,792,3167,0.0103125,0.01,True,max_tpr_with_empirical_fpr_le_target,0.0009375,0.0009375,0.001,1.630423381201952,3,0,800,3197,0.0009375,0.0,False,max_tpr_with_empirical_fpr_le_target,32,True,False,0.2734152416507055,0.2731235994374756,0.89,KIDNEY_STONE,SVM,dp,1.0,3
0.514719140625,0.04812499999999997,3200,800,0.106875,0.106875,0.1,0.2540087275656615,342,80,720,2858,0.106875,0.1,True,max_tpr_with_empirical_fpr_le_target,0.009375,0.009375,0.01,0.8069099771138788,30,8,792,3170,0.009375,0.01,True,max_tpr_with_empirical_fpr_le_target,0.0003125,0.0003125,0.001,2.3362775521183297,1,0,800,3199,0.0003125,0.0,False,max_tpr_with_empirical_fpr_le_target,32,True,False,0.2775843194551044,0.2764666444058983,0.89,KIDNEY_STONE,SVM,dp,1.0,4
0.508953125,0.02843750000000006,3200,800,0.105625,0.105625,0.1,0.23049226645510723,338,80,720,2862,0.105625,0.1,True,max_tpr_with_empirical_fpr_le_target,0.0215625,0.0215625,0.01,0.5896691466391657,69,8,792,3131,0.0215625,0.01,True,max_tpr_with_empirical_fpr_le_target,0.0021875,0.0021875,0.001,1.1820331210929995,7,0,800,3193,0.0021875,0.0,False,max_tpr_with_empirical_fpr_le_target,32,True,False,0.2607550809397995,0.26206712472039123,0.89,KIDNEY_STONE,SVM,dp,1.0,5
0.503267578125,0.0234375,3200,800,0.09375,0.09375,0.1,0.25599500256930496,300,79,721,2900,0.09375,0.09875,True,max_tpr_with_empirical_fpr_le_target,0.01,0.01,0.01,0.7581891827245899,32,8,792,3168,0.01,0.01,True,max_tpr_with_empirical_fpr_le_target,0.0003125,0.0003125,0.001,2.1975000524460064,1,0,800,3199,0.0003125,0.0,False,max_tpr_with_empirical_fpr_le_target,32,True,False,0.2757608139440496,0.2775826095057143,0.89,KIDNEY_STONE,SVM,dp,1.0,6
0.4909890625,0.019687499999999997,3200,800,0.1084375,0.1084375,0.1,0.2045907592033438,347,80,720,2853,0.1084375,0.1,True,max_tpr_with_empirical_fpr_le_target,0.0159375,0.0159375,0.01,0.6044763739716431,51,7,793,3149,0.0159375,0.00875,True,max_tpr_with_empirical_fpr_le_target,0.0009375,0.0009375,0.001,1.6987642738646318,3,0,800,3197,0.0009375,0.0,False,max_tpr_with_empirical_fpr_le_target,32,True,False,0.2895536729091971,0.29088593713931093,0.89,KIDNEY_STONE,SVM,dp,1.0,7
0.509057421875,0.036250000000000004,3200,800,0.0878125,0.0878125,0.1,0.3035916987498193,281,80,720,2919,0.0878125,0.1,True,max_tpr_with_empirical_fpr_le_target,0.0125,0.0125,0.01,0.8468199592115602,40,7,793,3160,0.0125,0.00875,True,max_tpr_with_empirical_fpr_le_target,0.0,0.0,0.001,inf,0,0,800,3200,0.0,0.0,False,max_tpr_with_empirical_fpr_le_target,32,True,False,0.2517976331762,0.2515029869261141,0.89,KIDNEY_STONE,SVM,dp,1.0,8
0.5124585937499999,0.036250000000000004,3200,800,0.1178125,0.1178125,0.1,0.2347417176040809,377,80,720,2823,0.1178125,0.1,True,max_tpr_with_empirical_fpr_le_target,0.0128125,0.0128125,0.01,0.7520675055520765,41,7,793,3159,0.0128125,0.00875,True,max_tpr_with_empirical_fpr_le_target,0.0003125,0.0003125,0.001,1.708072801013203,1,0,800,3199,0.0003125,0.0,False,max_tpr_with_empirical_fpr_le_target,32,True,False,0.2579232876414011,0.25998906516335146,0.89,KIDNEY_STONE,SVM,dp,1.0,9
0.50103046875,0.020625000000000004,3200,800,0.104375,0.104375,0.1,0.2734502801335851,334,80,720,2866,0.104375,0.1,True,max_tpr_with_empirical_fpr_le_target,0.0121875,0.0121875,0.01,0.9185888664375061,39,6,794,3161,0.0121875,0.0075,True,max_tpr_with_empirical_fpr_le_target,0.001875,0.001875,0.001,1.699681930304067,6,0,800,3194,0.001875,0.0,False,max_tpr_with_empirical_fpr_le_target,32,True,False,0.25255688205292537,0.2541807768521204,0.89,KIDNEY_STONE,SVM,dp,1.0,10
0.502106640625,0.020312499999999956,3200,800,0.1,0.1,0.1,0.2499723770894422,320,79,721,2880,0.1,0.09875,True,max_tpr_with_empirical_fpr_le_target,0.0096875,0.0096875,0.01,0.9160367400796792,31,8,792,3169,0.0096875,0.01,True,max_tpr_with_empirical_fpr_le_target,0.0009375,0.0009375,0.001,1.633674563507461,3,0,800,3197,0.0009375,0.0,False,max_tpr_with_empirical_fpr_le_target,32,True,False,0.2741422124940076,0.27453332304933425,0.89,KIDNEY_STONE,SVM,dp,1.0,11
0.5108808593749999,0.03562500000000002,3200,800,0.095625,0.095625,0.1,0.26328204248678544,306,80,720,2894,0.095625,0.1,True,max_tpr_with_empirical_fpr_le_target,0.01,0.01,0.01,0.7873562691354787,32,7,793,3168,0.01,0.00875,True,max_tpr_with_empirical_fpr_le_target,0.0021875,0.0021875,0.001,1.1682109285500704,7,0,800,3193,0.0021875,0.0,False,max_tpr_with_empirical_fpr_le_target,32,True,False,0.2568605646203656,0.25847937328886206,0.89,KIDNEY_STONE,SVM,dp,1.0,12
0.5126871093750001,0.03156250000000005,3200,800,0.1246875,0.1246875,0.1,0.22213632438106368,399,80,720,2801,0.1246875,0.1,True,max_tpr_with_empirical_fpr_le_target,0.0140625,0.0140625,0.01,0.7392146809911675,45,8,792,3155,0.0140625,0.01,True,max_tpr_with_empirical_fpr_le_target,0.001875,0.001875,0.001,1.6091724346814198,6,0,800,3194,0.001875,0.0,False,max_tpr_with_empirical_fpr_le_target,32,True,False,0.25143266977738987,0.25368735301745854,0.89,KIDNEY_STONE,SVM,dp,1.0,13
0.512171484375,0.04749999999999999,3200,800,0.1009375,0.1009375,0.1,0.21001107595067026,323,80,720,2877,0.1009375,0.1,True,max_tpr_with_empirical_fpr_le_target,0.0071875,0.0071875,0.01,0.8138124606629102,23,8,792,3177,0.0071875,0.01,True,max_tpr_with_empirical_fpr_le_target,0.000625,0.000625,0.001,1.6076068163262989,2,0,800,3198,0.000625,0.0,False,max_tpr_with_empirical_fpr_le_target,32,True,False,0.27199269820338673,0.27321657108162045,0.89,KIDNEY_STONE,SVM,dp,1.0,14
0.4971640625,0.01375000000000004,3200,800,0.1025,0.1025,0.1,0.24108893478231064,328,80,720,2872,0.1025,0.1,True,max_tpr_with_empirical_fpr_le_target,0.0115625,0.0115625,0.01,0.7350566496276203,37,8,792,3163,0.0115625,0.01,True,max_tpr_with_empirical_fpr_le_target,0.0025,0.0025,0.001,1.3753928446485746,8,0,800,3192,0.0025,0.0,False,max_tpr_with_empirical_fpr_le_target,32,True,False,0.27899404219987306,0.27970053273893297,0.89,KIDNEY_STONE,SVM,dp,1.0,15
0.51191015625,0.04468749999999999,3200,800,0.101875,0.101875,0.1,0.24912711990535197,326,79,721,2874,0.101875,0.09875,True,max_tpr_with_empirical_fpr_le_target,0.0121875,0.0121875,0.01,0.7676168430241392,39,7,793,3161,0.0121875,0.00875,True,max_tpr_with_empirical_fpr_le_target,0.0,0.0,0.001,inf,0,0,800,3200,0.0,0.0,False,max_tpr_with_empirical_fpr_le_target,32,True,False,0.2846545651745193,0.2866499436839539,0.89,KIDNEY_STONE,SVM,dp,1.0,16
0.509287109375,0.02906249999999999,3200,800,0.0959375,0.0959375,0.1,0.24433227816913838,307,79,721,2893,0.0959375,0.09875,True,max_tpr_with_empirical_fpr_le_target,0.0128125,0.0128125,0.01,0.6616735150989075,41,8,792,3159,0.0128125,0.01,True,max_tpr_with_empirical_fpr_le_target,0.0,0.0,0.001,inf,0,0,800,3200,0.0,0.0,False,max_tpr_with_empirical_fpr_le_target,32,True,False,0.2723025591176904,0.27466313477868065,0.89,KIDNEY_STONE,SVM,dp,1.0,17
0.48738281250000004,0.014374999999999916,3200,800,0.094375,0.094375,0.1,0.24804425468582347,302,80,720,2898,0.094375,0.1,True,max_tpr_with_empirical_fpr_le_target,0.009375,0.009375,0.01,0.8178217798210358,30,8,792,3170,0.009375,0.01,True,max_tpr_with_empirical_fpr_le_target,0.0003125,0.0003125,0.001,1.693706084765978,1,0,800,3199,0.0003125,0.0,False,max_tpr_with_empirical_fpr_le_target,32,True,False,0.29000854646439594,0.2926895516118632,0.89,KIDNEY_STONE,SVM,dp,1.0,18
0.483754296875,0.005624999999999991,3200,800,0.0896875,0.0896875,0.1,0.25204218163981307,287,80,720,2913,0.0896875,0.1,True,max_tpr_with_empirical_fpr_le_target,0.0109375,0.0109375,0.01,0.7866224867919256,35,8,792,3165,0.0109375,0.01,True,max_tpr_with_empirical_fpr_le_target,0.0025,0.0025,0.001,1.2787281257571512,8,0,800,3192,0.0025,0.0,False,max_tpr_with_empirical_fpr_le_target,32,True,False,0.26837887630812085,0.27223797816200374,0.89,KIDNEY_STONE,SVM,dp,1.0,19
0.49317968749999996,0.016249999999999987,3200,800,0.0965625,0.0965625,0.1,0.2404042245390181,309,80,720,2891,0.0965625,0.1,True,max_tpr_with_empirical_fpr_le_target,0.01625,0.01625,0.01,0.613983079066603,52,8,792,3148,0.01625,0.01,True,max_tpr_with_empirical_fpr_le_target,0.0025,0.0025,0.001,1.116505788966913,8,0,800,3192,0.0025,0.0,False,max_tpr_with_empirical_fpr_le_target,32,True,False,0.2697960899586552,0.27267765271216543,0.89,KIDNEY_STONE,SVM,dp,1.0,20
0.49776757812499994,0.02124999999999999,3200,800,0.0875,0.0875,0.1,0.3296846109589828,280,80,720,2920,0.0875,0.1,True,max_tpr_with_empirical_fpr_le_target,0.0175,0.0175,0.01,0.7592149939993709,56,8,792,3144,0.0175,0.01,True,max_tpr_with_empirical_fpr_le_target,0.0003125,0.0003125,0.001,2.5235323610708824,1,0,800,3199,0.0003125,0.0,False,max_tpr_with_empirical_fpr_le_target,32,True,False,0.25576039505508963,0.25843610205281287,0.89,KIDNEY_STONE,SVM,dp,1.0,21
0.50961796875,0.02531250000000007,3200,800,0.11,0.11,0.1,0.2636580835745901,352,80,720,2848,0.11,0.1,True,max_tpr_with_empirical_fpr_le_target,0.0121875,0.0121875,0.01,0.8209496453859746,39,7,793,3161,0.0121875,0.00875,True,max_tpr_with_empirical_fpr_le_target,0.000625,0.000625,0.001,2.3660856903438514,2,0,800,3198,0.000625,0.0,False,max_tpr_with_empirical_fpr_le_target,32,True,False,0.2434489414080646,0.24317205465860817,0.89,KIDNEY_STONE,SVM,dp,1.0,22
0.509467578125,0.033125000000000016,3200,800,0.1096875,0.1096875,0.1,0.2589341057335999,351,80,720,2849,0.1096875,0.1,True,max_tpr_with_empirical_fpr_le_target,0.013125,0.013125,0.01,0.8639258097048248,42,8,792,3158,0.013125,0.01,True,max_tpr_with_empirical_fpr_le_target,0.001875,0.001875,0.001,1.3676552462398934,6,0,800,3194,0.001875,0.0,False,max_tpr_with_empirical_fpr_le_target,32,True,False,0.2405736643536552,0.24245588658909284,0.89,KIDNEY_STONE,SVM,dp,1.0,23
0.5176453125,0.04343749999999996,3200,800,0.1209375,0.1209375,0.1,0.20981446438110507,387,79,721,2813,0.1209375,0.09875,True,max_tpr_with_empirical_fpr_le_target,0.01125,0.01125,0.01,0.7302658691556714,36,8,792,3164,0.01125,0.01,True,max_tpr_with_empirical_fpr_le_target,0.000625,0.000625,0.001,1.9141473280338117,2,0,800,3198,0.000625,0.0,False,max_tpr_with_empirical_fpr_le_target,32,True,False,0.2859966403574831,0.2891498029349271,0.89,KIDNEY_STONE,SVM,dp,1.0,24
0.49690703125,0.01718749999999991,3200,800,0.1065625,0.1065625,0.1,0.2570347213197339,341,80,720,2859,0.1065625,0.1,True,max_tpr_with_empirical_fpr_le_target,0.0128125,0.0128125,0.01,0.7479230200546112,41,8,792,3159,0.0128125,0.01,True,max_tpr_with_empirical_fpr_le_target,0.0021875,0.0021875,0.001,1.2816437586110674,7,0,800,3193,0.0021875,0.0,False,max_tpr_with_empirical_fpr_le_target,32,True,False,0.25765143837956983,0.260665297811311,0.89,KIDNEY_STONE,SVM,dp,1.0,25
0.5103992187499999,0.034375000000000044,3200,800,0.1121875,0.1121875,0.1,0.21602299705410877,359,80,720,2841,0.1121875,0.1,True,max_tpr_with_empirical_fpr_le_target,0.009375,0.009375,0.01,0.7675149877685931,30,8,792,3170,0.009375,0.01,True,max_tpr_with_empirical_fpr_le_target,0.0021875,0.0021875,0.001,1.4097763360537465,7,0,800,3193,0.0021875,0.0,False,max_tpr_with_empirical_fpr_le_target,32,True,False,0.2857884774451328,0.2876628981040356,0.89,KIDNEY_STONE,SVM,dp,1.0,26
0.5115464843749999,0.04281250000000003,3200,800,0.0928125,0.0928125,0.1,0.33721293098524563,297,79,721,2903,0.0928125,0.09875,True,max_tpr_with_empirical_fpr_le_target,0.0071875,0.0071875,0.01,1.2126036521380117,23,8,792,3177,0.0071875,0.01,True,max_tpr_with_empirical_fpr_le_target,0.0025,0.0025,0.001,1.8243358701498642,8,0,800,3192,0.0025,0.0,False,max_tpr_with_empirical_fpr_le_target,32,True,False,0.24658974269093129,0.2489848595203491,0.89,KIDNEY_STONE,SVM,dp,1.0,27
0.508050390625,0.04093749999999996,3200,800,0.096875,0.096875,0.1,0.2583175097469784,310,80,720,2890,0.096875,0.1,True,max_tpr_with_empirical_fpr_le_target,0.0096875,0.0096875,0.01,0.8420283083687001,31,7,793,3169,0.0096875,0.00875,True,max_tpr_with_empirical_fpr_le_target,0.0,0.0,0.001,inf,0,0,800,3200,0.0,0.0,False,max_tpr_with_empirical_fpr_le_target,32,True,False,0.29473279614288383,0.29630891964313916,0.89,KIDNEY_STONE,SVM,dp,1.0,28
0.512555078125,0.03531249999999997,3200,800,0.1115625,0.1115625,0.1,0.2554655894132033,357,80,720,2843,0.1115625,0.1,True,max_tpr_with_empirical_fpr_le_target,0.010625,0.010625,0.01,0.7622828365892633,34,7,793,3166,0.010625,0.00875,True,max_tpr_with_empirical_fpr_le_target,0.001875,0.001875,0.001,1.522564753872205,6,0,800,3194,0.001875,0.0,False,max_tpr_with_empirical_fpr_le_target,32,True,False,0.26635996799232425,0.2671450567314028,0.89,KIDNEY_STONE,SVM,dp,1.0,29
0.47453515625,0.002812499999999999,3200,800,0.07625,0.07625,0.1,0.3366458181793124,244,80,720,2956,0.07625,0.1,True,max_tpr_with_empirical_fpr_le_target,0.0121875,0.0121875,0.01,0.8055844864753896,39,8,792,3161,0.0121875,0.01,True,max_tpr_with_empirical_fpr_le_target,0.0003125,0.0003125,0.001,1.709480664170668,1,0,800,3199,0.0003125,0.0,False,max_tpr_with_empirical_fpr_le_target,32,True,False,0.12687536889581374,0.1280493660279696,0.89,KIDNEY_STONE,SVM,dp,2.0,0
0.514398828125,0.043125000000000024,3200,800,0.111875,0.111875,0.1,0.2832325484226208,358,80,720,2842,0.111875,0.1,True,max_tpr_with_empirical_fpr_le_target,0.0125,0.0125,0.01,0.895325025986135,40,7,793,3160,0.0125,0.00875,True,max_tpr_with_empirical_fpr_le_target,0.0025,0.0025,0.001,1.5804292435809009,8,0,800,3192,0.0025,0.0,False,max_tpr_with_empirical_fpr_le_target,32,True,False,0.125863768145365,0.12636445149923556,0.89,KIDNEY_STONE,SVM,dp,2.0,1
0.507468359375,0.03343750000000001,3200,800,0.1065625,0.1065625,0.1,0.2708273251158537,341,80,720,2859,0.1065625,0.1,True,max_tpr_with_empirical_fpr_le_target,0.0040625,0.0040625,0.01,0.9600357320805675,13,6,794,3187,0.0040625,0.0075,True,max_tpr_with_empirical_fpr_le_target,0.0015625,0.0015625,0.001,1.2913259257477665,5,0,800,3195,0.0015625,0.0,False,max_tpr_with_empirical_fpr_le_target,32,True,False,0.1332301438806309,0.1345841439668266,0.89,KIDNEY_STONE,SVM,dp,2.0,2
0.49678359375,0.022499999999999964,3200,800,0.091875,0.091875,0.1,0.24598429741166816,294,79,721,2906,0.091875,0.09875,True,max_tpr_with_empirical_fpr_le_target,0.0090625,0.0090625,0.01,0.8010445709311833,29,8,792,3171,0.0090625,0.01,True,max_tpr_with_empirical_fpr_le_target,0.0003125,0.0003125,0.001,2.3375713020168947,1,0,800,3199,0.0003125,0.0,False,max_tpr_with_empirical_fpr_le_target,32,True,False,0.12910436046259458,0.12902071073603566,0.89,KIDNEY_STONE,SVM,dp,2.0,3
0.51352890625,0.03125,3200,800,0.11125,0.11125,0.1,0.25727276080608097,356,80,720,2844,0.11125,0.1,True,max_tpr_with_empirical_fpr_le_target,0.0115625,0.0115625,0.01,0.7469249238901281,37,8,792,3163,0.0115625,0.01,True,max_tpr_with_empirical_fpr_le_target,0.000625,0.000625,0.001,1.5466707429403783,2,0,800,3198,0.000625,0.0,False,max_tpr_with_empirical_fpr_le_target,32,True,False,0.1311456896698776,0.1311140798832105,0.89,KIDNEY_STONE,SVM,dp,2.0,4
0.509953515625,0.024062499999999987,3200,800,0.1078125,0.1078125,0.1,0.2342592098258356,345,80,720,2855,0.1078125,0.1,True,max_tpr_with_empirical_fpr_le_target,0.0196875,0.0196875,0.01,0.6387405744777006,63,8,792,3137,0.0196875,0.01,True,max_tpr_with_empirical_fpr_le_target,0.001875,0.001875,0.001,1.3461160796467837,6,0,800,3194,0.001875,0.0,False,max_tpr_with_empirical_fpr_le_target,32,True,False,0.12465656368906772,0.1253728142742434,0.89,KIDNEY_STONE,SVM,dp,2.0,5
0.500641796875,0.02468750000000003,3200,800,0.093125,0.093125,0.1,0.25615220830279295,298,80,720,2902,0.093125,0.1,True,max_tpr_with_empirical_fpr_le_target,0.01,0.01,0.01,0.7557490475788362,32,7,793,3168,0.01,0.00875,True,max_tpr_with_empirical_fpr_le_target,0.0,0.0,0.001,inf,0,0,800,3200,0.0,0.0,False,max_tpr_with_empirical_fpr_le_target,32,True,False,0.12921497742360077,0.13034908587077348,0.89,KIDNEY_STONE,SVM,dp,2.0,6
0.494134375,0.027812500000000018,3200,800,0.1071875,0.1071875,0.1,0.21939862938687082,343,79,721,2857,0.1071875,0.09875,True,max_tpr_with_empirical_fpr_le_target,0.016875,0.016875,0.01,0.5927141023866671,54,8,792,3146,0.016875,0.01,True,max_tpr_with_empirical_fpr_le_target,0.000625,0.000625,0.001,1.6965155067959647,2,0,800,3198,0.000625,0.0,False,max_tpr_with_empirical_fpr_le_target,32,True,False,0.13523158999696516,0.1357636870844483,0.89,KIDNEY_STONE,SVM,dp,2.0,7
0.5123074218750001,0.04500000000000004,3200,800,0.0975,0.0975,0.1,0.29492546143343845,312,80,720,2888,0.0975,0.1,True,max_tpr_with_empirical_fpr_le_target,0.01125,0.01125,0.01,0.9147505950259294,36,8,792,3164,0.01125,0.01,True,max_tpr_with_empirical_fpr_le_target,0.0,0.0,0.001,inf,0,0,800,3200,0.0,0.0,False,max_tpr_with_empirical_fpr_le_target,32,True,False,0.12007352388224622,0.11976112201642394,0.89,KIDNEY_STONE,SVM,dp,2.0,8
0.50990859375,0.03218749999999998,3200,800,0.1053125,0.1053125,0.1,0.26454649544726494,337,79,721,2863,0.1053125,0.09875,True,max_tpr_with_empirical_fpr_le_target,0.01625,0.01625,0.01,0.6806453995401884,52,8,792,3148,0.01625,0.01,True,max_tpr_with_empirical_fpr_le_target,0.0015625,0.0015625,0.001,1.4350713181953902,5,0,800,3195,0.0015625,0.0,False,max_tpr_with_empirical_fpr_le_target,32,True,False,0.12217467347450123,0.1233121384495515,0.89,KIDNEY_STONE,SVM,dp,2.0,9
0.49521835937500003,0.016875000000000084,3200,800,0.095,0.095,0.1,0.2960644997572828,304,79,721,2896,0.095,0.09875,True,max_tpr_with_empirical_fpr_le_target,0.0096875,0.0096875,0.01,0.9763764873191261,31,7,793,3169,0.0096875,0.00875,True,max_tpr_with_empirical_fpr_le_target,0.0015625,0.0015625,0.001,1.8447863370222506,5,0,800,3195,0.0015625,0.0,False,max_tpr_with_empirical_fpr_le_target,32,True,False,0.11943117504670112,0.12004379026673138,0.89,KIDNEY_STONE,SVM,dp,2.0,10
0.500539453125,0.024687499999999973,3200,800,0.0978125,0.0978125,0.1,0.25730805975591853,313,78,722,2887,0.0978125,0.0975,True,max_tpr_with_empirical_fpr_le_target,0.0078125,0.0078125,0.01,0.9796961077610582,25,8,792,3175,0.0078125,0.01,True,max_tpr_with_empirical_fpr_le_target,0.000625,0.000625,0.001,2.6941894536113797,2,0,800,3198,0.000625,0.0,False,max_tpr_with_empirical_fpr_le_target,32,True,False,0.1292928699415591,0.12940780426515963,0.89,KIDNEY_STONE,SVM,dp,2.0,11
0.5103890625,0.041874999999999996,3200,800,0.099375,0.099375,0.1,0.27680210434259833,318,80,720,2882,0.099375,0.1,True,max_tpr_with_empirical_fpr_le_target,0.0090625,0.0090625,0.01,0.8151823243114094,29,8,792,3171,0.0090625,0.01,True,max_tpr_with_empirical_fpr_le_target,0.0021875,0.0021875,0.001,1.2415139784472529,7,0,800,3193,0.0021875,0.0,False,max_tpr_with_empirical_fpr_le_target,32,True,False,0.12283625430055142,0.12382161849780615,0.89,KIDNEY_STONE,SVM,dp,2.0,12
0.51999609375,0.0390625,3200,800,0.111875,0.111875,0.1,0.24024176246289497,358,80,720,2842,0.111875,0.1,True,max_tpr_with_empirical_fpr_le_target,0.0109375,0.0109375,0.01,0.81831499613304,35,8,792,3165,0.0109375,0.01,True,max_tpr_with_empirical_fpr_le_target,0.001875,0.001875,0.001,1.6158213669759887,6,0,800,3194,0.001875,0.0,False,max_tpr_with_empirical_fpr_le_target,32,True,False,0.11967293755018994,0.12070940481404348,0.89,KIDNEY_STONE,SVM,dp,2.0,13
0.50914140625,0.03374999999999995,3200,800,0.0996875,0.0996875,0.1,0.2183875210482944,319,80,720,2881,0.0996875,0.1,True,max_tpr_with_empirical_fpr_le_target,0.0065625,0.0065625,0.01,0.8320574222873534,21,8,792,3179,0.0065625,0.01,True,max_tpr_with_empirical_fpr_le_target,0.000625,0.000625,0.001,1.5168241051785571,2,0,800,3198,0.000625,0.0,False,max_tpr_with_empirical_fpr_le_target,32,True,False,0.12843494967888447,0.12916591986023832,0.89,KIDNEY_STONE,SVM,dp,2.0,14
0.49504218749999995,0.008750000000000036,3200,800,0.1025,0.1025,0.1,0.24729993380839055,328,79,721,2872,0.1025,0.09875,True,max_tpr_with_empirical_fpr_le_target,0.009375,0.009375,0.01,0.8089190938026327,30,8,792,3170,0.009375,0.01,True,max_tpr_with_empirical_fpr_le_target,0.0015625,0.0015625,0.001,1.3959575116299732,5,0,800,3195,0.0015625,0.0,False,max_tpr_with_empirical_fpr_le_target,32,True,False,0.13210252802249026,0.13230081050570885,0.89,KIDNEY_STONE,SVM,dp,2.0,15
0.511290625,0.053749999999999964,3200,800,0.0953125,0.0953125,0.1,0.26121731317478813,305,80,720,2895,0.0953125,0.1,True,max_tpr_with_empirical_fpr_le_target,0.011875,0.011875,0.01,0.7564357908713291,38,8,792,3162,0.011875,0.01,True,max_tpr_with_empirical_fpr_le_target,0.0,0.0,0.001,inf,0,0,800,3200,0.0,0.0,False,max_tpr_with_empirical_fpr_le_target,32,True,False,0.1314545157746271,0.132468224455666,0.89,KIDNEY_STONE,SVM,dp,2.0,16
0.505116796875,0.023125000000000007,3200,800,0.0953125,0.0953125,0.1,0.24611282247809463,305,80,720,2895,0.0953125,0.1,True,max_tpr_with_empirical_fpr_le_target,0.013125,0.013125,0.01,0.7011639729145025,42,8,792,3158,0.013125,0.01,True,max_tpr_with_empirical_fpr_le_target,0.0,0.0,0.001,inf,0,0,800,3200,0.0,0.0,False,max_tpr_with_empirical_fpr_le_target,32,True,False,0.1276575465865943,0.12884181527780453,0.89,KIDNEY_STONE,SVM,dp,2.0,17
0.498547265625,0.022499999999999964,3200,800,0.0878125,0.0878125,0.1,0.2622661183876478,281,80,720,2919,0.0878125,0.1,True,max_tpr_with_empirical_fpr_le_target,0.01,0.01,0.01,0.8245284019959587,32,8,792,3168,0.01,0.01,True,max_tpr_with_empirical_fpr_le_target,0.0003125,0.0003125,0.001,1.8338910162915922,1,0,800,3199,0.0003125,0.0,False,max_tpr_with_empirical_fpr_le_target,32,True,False,0.13630657511663435,0.13763478097864026,0.89,KIDNEY_STONE,SVM,dp,2.0,18
0.485771875,0.004375000000000018,3200,800,0.090625,0.090625,0.1,0.26051207696039547,290,80,720,2910,0.090625,0.1,True,max_tpr_with_empirical_fpr_le_target,0.008125,0.008125,0.01,0.8609719070975146,26,7,793,3174,0.008125,0.00875,True,max_tpr_with_empirical_fpr_le_target,0.00375,0.00375,0.001,1.1853248532303482,12,0,800,3188,0.00375,0.0,False,max_tpr_with_empirical_fpr_le_target,32,True,False,0.12421720868852981,0.12590687219562544,0.89,KIDNEY_STONE,SVM,dp,2.0,19
0.49599843749999994,0.02156250000000004,3200,800,0.095,0.095,0.1,0.2567208806815975,304,80,720,2896,0.095,0.1,True,max_tpr_with_empirical_fpr_le_target,0.0128125,0.0128125,0.01,0.7317794848132095,41,7,793,3159,0.0128125,0.00875,True,max_tpr_with_empirical_fpr_le_target,0.003125,0.003125,0.001,1.0845487396533415,10,0,800,3190,0.003125,0.0,False,max_tpr_with_empirical_fpr_le_target,32,True,False,0.12565788452894755,0.12703566365764285,0.89,KIDNEY_STONE,SVM,dp,2.0,20
0.49805625,0.013437499999999991,3200,800,0.0965625,0.0965625,0.1,0.3139788979205975,309,80,720,2891,0.0965625,0.1,True,max_tpr_with_empirical_fpr_le_target,0.0159375,0.0159375,0.01,0.8092104138242855,51,8,792,3149,0.0159375,0.01,True,max_tpr_with_empirical_fpr_le_target,0.0009375,0.0009375,0.001,2.107425774471648,3,0,800,3197,0.0009375,0.0,False,max_tpr_with_empirical_fpr_le_target,32,True,False,0.12140668845729964,0.12281065390374604,0.89,KIDNEY_STONE,SVM,dp,2.0,21
0.510630859375,0.027812500000000018,3200,800,0.113125,0.113125,0.1,0.2521260384950128,362,79,721,2838,0.113125,0.09875,True,max_tpr_with_empirical_fpr_le_target,0.011875,0.011875,0.01,0.8111803511474269,38,8,792,3162,0.011875,0.01,True,max_tpr_with_empirical_fpr_le_target,0.000625,0.000625,0.001,2.1154939919248306,2,0,800,3198,0.000625,0.0,False,max_tpr_with_empirical_fpr_le_target,32,True,False,0.11832428746845025,0.11829795729620522,0.89,KIDNEY_STONE,SVM,dp,2.0,22
0.518376171875,0.04062500000000002,3200,800,0.106875,0.106875,0.1,0.2763181411895963,342,80,720,2858,0.106875,0.1,True,max_tpr_with_empirical_fpr_le_target,0.015625,0.015625,0.01,0.7985642066761571,50,8,792,3150,0.015625,0.01,True,max_tpr_with_empirical_fpr_le_target,0.003125,0.003125,0.001,1.348979907578445,10,0,800,3190,0.003125,0.0,False,max_tpr_with_empirical_fpr_le_target,32,True,False,0.11507931393939765,0.11619936952999689,0.89,KIDNEY_STONE,SVM,dp,2.0,23
0.5139796875,0.0415625,3200,800,0.1153125,0.1153125,0.1,0.23751505709372545,369,80,720,2831,0.1153125,0.1,True,max_tpr_with_empirical_fpr_le_target,0.0065625,0.0065625,0.01,0.9042638231496154,21,8,792,3179,0.0065625,0.01,True,max_tpr_with_empirical_fpr_le_target,0.0009375,0.0009375,0.001,1.7644203137591181,3,0,800,3197,0.0009375,0.0,False,max_tpr_with_empirical_fpr_le_target,32,True,False,0.12701959051357406,0.12820290313993654,0.89,KIDNEY_STONE,SVM,dp,2.0,24
0.498695703125,0.01968749999999997,3200,800,0.1015625,0.1015625,0.1,0.264674925831375,325,80,720,2875,0.1015625,0.1,True,max_tpr_with_empirical_fpr_le_target,0.01375,0.01375,0.01,0.7467217821875574,44,8,792,3156,0.01375,0.01,True,max_tpr_with_empirical_fpr_le_target,0.0025,0.0025,0.001,1.2121408807324139,8,0,800,3192,0.0025,0.0,False,max_tpr_with_empirical_fpr_le_target,32,True,False,0.12365256381720369,0.12497414967015101,0.89,KIDNEY_STONE,SVM,dp,2.0,25
0.5098972656249999,0.041874999999999996,3200,800,0.1146875,0.1146875,0.1,0.22850559126452197,367,80,720,2833,0.1146875,0.1,True,max_tpr_with_empirical_fpr_le_target,0.01125,0.01125,0.01,0.730739978727347,36,8,792,3164,0.01125,0.01,True,max_tpr_with_empirical_fpr_le_target,0.00125,0.00125,0.001,1.4486413076864002,4,0,800,3196,0.00125,0.0,False,max_tpr_with_empirical_fpr_le_target,32,True,False,0.13274491404316996,0.13381456998252342,0.89,KIDNEY_STONE,SVM,dp,2.0,26
0.508252734375,0.042187500000000044,3200,800,0.0996875,0.0996875,0.1,0.32899761489085,319,79,721,2881,0.0996875,0.09875,True,max_tpr_with_empirical_fpr_le_target,0.008125,0.008125,0.01,1.2249320055936481,26,8,792,3174,0.008125,0.01,True,max_tpr_with_empirical_fpr_le_target,0.0025,0.0025,0.001,1.8553445011720824,8,0,800,3192,0.0025,0.0,False,max_tpr_with_empirical_fpr_le_target,32,True,False,0.1173349688664223,0.11824554858722235,0.89,KIDNEY_STONE,SVM,dp,2.0,27
0.51125,0.03937499999999994,3200,800,0.0934375,0.0934375,0.1,0.2787661646961732,299,80,720,2901,0.0934375,0.1,True,max_tpr_with_empirical_fpr_le_target,0.0075,0.0075,0.01,0.8781978728450102,24,7,793,3176,0.0075,0.00875,True,max_tpr_with_empirical_fpr_le_target,0.0,0.0,0.001,inf,0,0,800,3200,0.0,0.0,False,max_tpr_with_empirical_fpr_le_target,32,True,False,0.1348219680374208,0.13535220703611492,0.89,KIDNEY_STONE,SVM,dp,2.0,28
0.520276171875,0.04343749999999999,3200,800,0.114375,0.114375,0.1,0.26535176985182707,366,80,720,2834,0.114375,0.1,True,max_tpr_with_empirical_fpr_le_target,0.0121875,0.0121875,0.01,0.7935252684785374,39,8,792,3161,0.0121875,0.01,True,max_tpr_with_empirical_fpr_le_target,0.0025,0.0025,0.001,1.354918273064497,8,0,800,3192,0.0025,0.0,False,max_tpr_with_empirical_fpr_le_target,32,True,False,0.12570960748838356,0.12627222701335006,0.89,KIDNEY_STONE,SVM,dp,2.0,29
0.47578828125,0.003125000000000001,3200,800,0.07625,0.07625,0.1,0.32224575438000436,244,80,720,2956,0.07625,0.1,True,max_tpr_with_empirical_fpr_le_target,0.0090625,0.0090625,0.01,0.7767235987884298,29,8,792,3171,0.0090625,0.01,True,max_tpr_with_empirical_fpr_le_target,0.0,0.0,0.001,inf,0,0,800,3200,0.0,0.0,False,max_tpr_with_empirical_fpr_le_target,32,True,False,0.07252739779354739,0.07308694439225982,0.89,KIDNEY_STONE,SVM,dp,4.0,0
0.51730703125,0.05343749999999997,3200,800,0.1025,0.1025,0.1,0.26698591083321066,328,80,720,2872,0.1025,0.1,True,max_tpr_with_empirical_fpr_le_target,0.0121875,0.0121875,0.01,0.7750051888377698,39,8,792,3161,0.0121875,0.01,True,max_tpr_with_empirical_fpr_le_target,0.0021875,0.0021875,0.001,1.2872688721459655,7,0,800,3193,0.0021875,0.0,False,max_tpr_with_empirical_fpr_le_target,32,True,False,0.07373452965444284,0.07401742248997768,0.89,KIDNEY_STONE,SVM,dp,4.0,1
0.50600390625,0.03968749999999999,3200,800,0.091875,0.091875,0.1,0.2645423847339754,294,80,720,2906,0.091875,0.1,True,max_tpr_with_empirical_fpr_le_target,0.0075,0.0075,0.01,0.7303640762226462,24,8,792,3176,0.0075,0.01,True,max_tpr_with_empirical_fpr_le_target,0.00125,0.00125,0.001,1.3180622126901862,4,0,800,3196,0.00125,0.0,False,max_tpr_with_empirical_fpr_le_target,32,True,False,0.07658957719372111,0.07728575901307294,0.89,KIDNEY_STONE,SVM,dp,4.0,2
0.4923691406249999,0.016249999999999987,3200,800,0.0828125,0.0828125,0.1,0.24934841440311506,265,80,720,2935,0.0828125,0.1,True,max_tpr_with_empirical_fpr_le_target,0.0075,0.0075,0.01,0.7491136675933312,24,8,792,3176,0.0075,0.01,True,max_tpr_with_empirical_fpr_le_target,0.0003125,0.0003125,0.001,2.001071799747379,1,0,800,3199,0.0003125,0.0,False,max_tpr_with_empirical_fpr_le_target,32,True,False,0.07379653927550374,0.07387032588765205,0.89,KIDNEY_STONE,SVM,dp,4.0,3
0.512194140625,0.0365625,3200,800,0.123125,0.123125,0.1,0.2318978667959588,394,80,720,2806,0.123125,0.1,True,max_tpr_with_empirical_fpr_le_target,0.0153125,0.0153125,0.01,0.6513924274317455,49,8,792,3151,0.0153125,0.01,True,max_tpr_with_empirical_fpr_le_target,0.000625,0.000625,0.001,1.4933747622031874,2,0,800,3198,0.000625,0.0,False,max_tpr_with_empirical_fpr_le_target,32,True,False,0.07536954571032205,0.07572483068108828,0.89,KIDNEY_STONE,SVM,dp,4.0,4
0.508894921875,0.027187499999999976,3200,800,0.1134375,0.1134375,0.1,0.203161848657603,363,80,720,2837,0.1134375,0.1,True,max_tpr_with_empirical_fpr_le_target,0.0140625,0.0140625,0.01,0.6442851317013445,45,8,792,3155,0.0140625,0.01,True,max_tpr_with_empirical_fpr_le_target,0.0015625,0.0015625,0.001,1.1713714993665008,5,0,800,3195,0.0015625,0.0,False,max_tpr_with_empirical_fpr_le_target,32,True,False,0.07310734240328311,0.07363048050198692,0.89,KIDNEY_STONE,SVM,dp,4.0,5
0.49190781250000004,0.0075,3200,800,0.1009375,0.1009375,0.1,0.22081454523281763,323,80,720,2877,0.1009375,0.1,True,max_tpr_with_empirical_fpr_le_target,0.0071875,0.0071875,0.01,0.6750779417557746,23,8,792,3177,0.0071875,0.01,True,max_tpr_with_empirical_fpr_le_target,0.0,0.0,0.001,inf,0,0,800,3200,0.0,0.0,False,max_tpr_with_empirical_fpr_le_target,32,True,False,0.07469107670051674,0.07557872669703332,0.89,KIDNEY_STONE,SVM,dp,4.0,6
0.49675468749999996,0.032812499999999994,3200,800,0.106875,0.106875,0.1,0.20243767782040534,342,80,720,2858,0.106875,0.1,True,max_tpr_with_empirical_fpr_le_target,0.0153125,0.0153125,0.01,0.5406456552404775,49,7,793,3151,0.0153125,0.00875,True,max_tpr_with_empirical_fpr_le_target,0.0003125,0.0003125,0.001,1.7194936414322977,1,0,800,3199,0.0003125,0.0,False,max_tpr_with_empirical_fpr_le_target,32,True,False,0.07750659807439862,0.07782612300087079,0.89,KIDNEY_STONE,SVM,dp,4.0,7
0.5114109375,0.042187500000000044,3200,800,0.1025,0.1025,0.1,0.2599456766517054,328,80,720,2872,0.1025,0.1,True,max_tpr_with_empirical_fpr_le_target,0.0090625,0.0090625,0.01,0.828819667537168,29,8,792,3171,0.0090625,0.01,True,max_tpr_with_empirical_fpr_le_target,0.0,0.0,0.001,inf,0,0,800,3200,0.0,0.0,False,max_tpr_with_empirical_fpr_le_target,32,True,False,0.06960108557745602,0.06951030911229379,0.89,KIDNEY_STONE,SVM,dp,4.0,8
0.508551171875,0.03687499999999999,3200,800,0.1009375,0.1009375,0.1,0.2493254289311404,323,80,720,2877,0.1009375,0.1,True,max_tpr_with_empirical_fpr_le_target,0.01125,0.01125,0.01,0.6814487085642489,36,7,793,3164,0.01125,0.00875,True,max_tpr_with_empirical_fpr_le_target,0.00125,0.00125,0.001,1.1216357027514445,4,0,800,3196,0.00125,0.0,False,max_tpr_with_empirical_fpr_le_target,32,True,False,0.0713663598309541,0.07196777568594302,0.89,KIDNEY_STONE,SVM,dp,4.0,9
0.48653828125,0.015000000000000013,3200,800,0.0859375,0.0859375,0.1,0.2779328119543589,275,80,720,2925,0.0859375,0.1,True,max_tpr_with_empirical_fpr_le_target,0.0084375,0.0084375,0.01,0.8447863549192685,27,7,793,3173,0.0084375,0.00875,True,max_tpr_with_empirical_fpr_le_target,0.000625,0.000625,0.001,1.732080713213905,2,0,800,3198,0.000625,0.0,False,max_tpr_with_empirical_fpr_le_target,32,True,False,0.06949472820574627,0.0697442356077398,0.89,KIDNEY_STONE,SVM,dp,4.0,10
0.49932929687500005,0.015625,3200,800,0.085,0.085,0.1,0.2666377944380851,272,80,720,2928,0.085,0.1,True,max_tpr_with_empirical_fpr_le_target,0.0103125,0.0103125,0.01,0.753323118068413,33,8,792,3167,0.0103125,0.01,True,max_tpr_with_empirical_fpr_le_target,0.0009375,0.0009375,0.001,1.588239818409244,3,0,800,3197,0.0009375,0.0,False,max_tpr_with_empirical_fpr_le_target,32,True,False,0.07570226212368347,0.07580576183168036,0.89,KIDNEY_STONE,SVM,dp,4.0,11
0.5057937499999999,0.026562500000000044,3200,800,0.0953125,0.0953125,0.1,0.27253973387462427,305,80,720,2895,0.0953125,0.1,True,max_tpr_with_empirical_fpr_le_target,0.0109375,0.0109375,0.01,0.7002725458531984,35,8,792,3165,0.0109375,0.01,True,max_tpr_with_empirical_fpr_le_target,0.00125,0.00125,0.001,1.2114236656326667,4,0,800,3196,0.00125,0.0,False,max_tpr_with_empirical_fpr_le_target,32,True,False,0.07210995604368785,0.07281249450716008,0.89,KIDNEY_STONE,SVM,dp,4.0,12
0.526933203125,0.06625000000000003,3200,800,0.1059375,0.1059375,0.1,0.23059691782339486,339,80,720,2861,0.1059375,0.1,True,max_tpr_with_empirical_fpr_le_target,0.005,0.005,0.01,0.8683839461687306,16,7,793,3184,0.005,0.00875,True,max_tpr_with_empirical_fpr_le_target,0.001875,0.001875,0.001,1.2016355209889655,6,0,800,3194,0.001875,0.0,False,max_tpr_with_empirical_fpr_le_target,32,True,False,0.06945978372190764,0.06997283882855987,0.89,KIDNEY_STONE,SVM,dp,4.0,13
0.508829296875,0.035937499999999956,3200,800,0.09,0.09,0.1,0.2148455518657928,288,77,723,2912,0.09,0.09625,True,max_tpr_with_empirical_fpr_le_target,0.00625,0.00625,0.01,0.7281829623666689,20,8,792,3180,0.00625,0.01,True,max_tpr_with_empirical_fpr_le_target,0.0009375,0.0009375,0.001,1.13759986160394,3,0,800,3197,0.0009375,0.0,False,max_tpr_with_empirical_fpr_le_target,32,True,False,0.07552579650275267,0.07609189873437998,0.89,KIDNEY_STONE,SVM,dp,4.0,14
0.4993515625,0.016249999999999987,3200,800,0.10125,0.10125,0.1,0.23723157404466022,324,80,720,2876,0.10125,0.1,True,max_tpr_with_empirical_fpr_le_target,0.0109375,0.0109375,0.01,0.7010992540847139,35,8,792,3165,0.0109375,0.01,True,max_tpr_with_empirical_fpr_le_target,0.0009375,0.0009375,0.001,1.2681627166109757,3,0,800,3197,0.0009375,0.0,False,max_tpr_with_empirical_fpr_le_target,32,True,False,0.07686384143473099,0.07690872045624324,0.89,KIDNEY_STONE,SVM,dp,4.0,15
0.505490234375,0.04249999999999998,3200,800,0.0940625,0.0940625,0.1,0.24371939318239977,301,80,720,2899,0.0940625,0.1,True,max_tpr_with_empirical_fpr_le_target,0.0159375,0.0159375,0.01,0.5949022616570172,51,7,793,3149,0.0159375,0.00875,True,max_tpr_with_empirical_fpr_le_target,0.0003125,0.0003125,0.001,1.5691901945977955,1,0,800,3199,0.0003125,0.0,False,max_tpr_with_empirical_fpr_le_target,32,True,False,0.07369078025221854,0.07435225089530961,0.89,KIDNEY_STONE,SVM,dp,4.0,16
0.497326171875,0.016875,3200,800,0.1009375,0.1009375,0.1,0.23548559649783396,323,80,720,2877,0.1009375,0.1,True,max_tpr_with_empirical_fpr_le_target,0.014375,0.014375,0.01,0.6957091216903408,46,8,792,3154,0.014375,0.01,True,max_tpr_with_empirical_fpr_le_target,0.0,0.0,0.001,inf,0,0,800,3200,0.0,0.0,False,max_tpr_with_empirical_fpr_le_target,32,True,False,0.0733219735666517,0.07402818441012964,0.89,KIDNEY_STONE,SVM,dp,4.0,17
0.50614609375,0.027812500000000018,3200,800,0.091875,0.091875,0.1,0.24968192323522342,294,80,720,2906,0.091875,0.1,True,max_tpr_with_empirical_fpr_le_target,0.0125,0.0125,0.01,0.6920504060477959,40,8,792,3160,0.0125,0.01,True,max_tpr_with_empirical_fpr_le_target,0.0009375,0.0009375,0.001,1.2732347665109256,3,0,800,3197,0.0009375,0.0,False,max_tpr_with_empirical_fpr_le_target,32,True,False,0.07804804654148556,0.0787133377082801,0.89,KIDNEY_STONE,SVM,dp,4.0,18
0.48892226562499996,0.010624999999999996,3200,800,0.09,0.09,0.1,0.25810287488919537,288,80,720,2912,0.09,0.1,True,max_tpr_with_empirical_fpr_le_target,0.008125,0.008125,0.01,0.7646027888575762,26,8,792,3174,0.008125,0.01,True,max_tpr_with_empirical_fpr_le_target,0.0034375,0.0034375,0.001,1.0917953564751377,11,0,800,3189,0.0034375,0.0,False,max_tpr_with_empirical_fpr_le_target,32,True,False,0.06944743124880251,0.07023994699436562,0.89,KIDNEY_STONE,SVM,dp,4.0,19
0.49575234375,0.01749999999999996,3200,800,0.0959375,0.0959375,0.1,0.2500594887426961,307,80,720,2893,0.0959375,0.1,True,max_tpr_with_empirical_fpr_le_target,0.01125,0.01125,0.01,0.6722965355850441,36,7,793,3164,0.01125,0.00875,True,max_tpr_with_empirical_fpr_le_target,0.0028125,0.0028125,0.001,1.0596805951810675,9,0,800,3191,0.0028125,0.0,False,max_tpr_with_empirical_fpr_le_target,32,True,False,0.07241274899500694,0.07310395948256333,0.89,KIDNEY_STONE,SVM,dp,4.0,20
0.49835937500000005,0.013437499999999998,3200,800,0.1034375,0.1034375,0.1,0.2737730011765147,331,80,720,2869,0.1034375,0.1,True,max_tpr_with_empirical_fpr_le_target,0.0134375,0.0134375,0.01,0.7611861884707287,43,8,792,3157,0.0134375,0.01,True,max_tpr_with_empirical_fpr_le_target,0.0028125,0.0028125,0.001,1.3078902757201654,9,0,800,3191,0.0028125,0.0,False,max_tpr_with_empirical_fpr_le_target,32,True,False,0.07003403990520324,0.07087000491546849,0.89,KIDNEY_STONE,SVM,dp,4.0,21
0.51225703125,0.02843749999999995,3200,800,0.101875,0.101875,0.1,0.22774339445958747,326,80,720,2874,0.101875,0.1,True,max_tpr_with_empirical_fpr_le_target,0.0121875,0.0121875,0.01,0.7080177216722328,39,7,793,3161,0.0121875,0.00875,True,max_tpr_with_empirical_fpr_le_target,0.0003125,0.0003125,0.001,1.9796446694445802,1,0,800,3199,0.0003125,0.0,False,max_tpr_with_empirical_fpr_le_target,32,True,False,0.07145991210942372,0.07158716985049202,0.89,KIDNEY_STONE,SVM,dp,4.0,22
0.5266941406250001,0.0521875,3200,800,0.10625,0.10625,0.1,0.2572556770238297,340,80,720,2860,0.10625,0.1,True,max_tpr_with_empirical_fpr_le_target,0.01625,0.01625,0.01,0.6959359441900479,52,7,793,3148,0.01625,0.00875,True,max_tpr_with_empirical_fpr_le_target,0.0059375,0.0059375,0.001,1.0475114105281198,19,0,800,3181,0.0059375,0.0,False,max_tpr_with_empirical_fpr_le_target,32,True,False,0.06898256993354286,0.06975466322487883,0.89,KIDNEY_STONE,SVM,dp,4.0,23
0.503094921875,0.02812500000000001,3200,800,0.0953125,0.0953125,0.1,0.27758802766901414,305,77,723,2895,0.0953125,0.09625,True,max_tpr_with_empirical_fpr_le_target,0.0078125,0.0078125,0.01,0.8260651849694118,25,8,792,3175,0.0078125,0.01,True,max_tpr_with_empirical_fpr_le_target,0.00125,0.00125,0.001,1.5197435456437511,4,0,800,3196,0.00125,0.0,False,max_tpr_with_empirical_fpr_le_target,32,True,False,0.07077594075781903,0.07133709194800603,0.89,KIDNEY_STONE,SVM,dp,4.0,24
0.5009671874999999,0.02187500000000009,3200,800,0.093125,0.093125,0.1,0.25930651518449555,298,80,720,2902,0.093125,0.1,True,max_tpr_with_empirical_fpr_le_target,0.010625,0.010625,0.01,0.6778747372517675,34,8,792,3166,0.010625,0.01,True,max_tpr_with_empirical_fpr_le_target,0.00125,0.00125,0.001,1.316377000489283,4,0,800,3196,0.00125,0.0,False,max_tpr_with_empirical_fpr_le_target,32,True,False,0.07370509020328063,0.07440531196905197,0.89,KIDNEY_STONE,SVM,dp,4.0,25
0.504217578125,0.021562499999999984,3200,800,0.0915625,0.0915625,0.1,0.24826458245583094,293,80,720,2907,0.0915625,0.1,True,max_tpr_with_empirical_fpr_le_target,0.0128125,0.0128125,0.01,0.6506460459938099,41,8,792,3159,0.0128125,0.01,True,max_tpr_with_empirical_fpr_le_target,0.001875,0.001875,0.001,1.1802736234357085,6,0,800,3194,0.001875,0.0,False,max_tpr_with_empirical_fpr_le_target,32,True,False,0.07468382991498343,0.07538246335172878,0.89,KIDNEY_STONE,SVM,dp,4.0,26
0.49748593750000003,0.016249999999999987,3200,800,0.105,0.105,0.1,0.2878730332928858,336,80,720,2864,0.105,0.1,True,max_tpr_with_empirical_fpr_le_target,0.0040625,0.0040625,0.01,1.2193302732137248,13,7,793,3187,0.0040625,0.00875,True,max_tpr_with_empirical_fpr_le_target,0.0021875,0.0021875,0.001,1.5373026393865818,7,0,800,3193,0.0021875,0.0,False,max_tpr_with_empirical_fpr_le_target,32,True,False,0.0683986841433235,0.06859046733251543,0.89,KIDNEY_STONE,SVM,dp,4.0,27
0.5161242187499999,0.044062500000000004,3200,800,0.0846875,0.0846875,0.1,0.299825524509981,271,80,720,2929,0.0846875,0.1,True,max_tpr_with_empirical_fpr_le_target,0.008125,0.008125,0.01,0.8781814918714077,26,8,792,3174,0.008125,0.01,True,max_tpr_with_empirical_fpr_le_target,0.0,0.0,0.001,inf,0,0,800,3200,0.0,0.0,False,max_tpr_with_empirical_fpr_le_target,32,True,False,0.07534207542540258,0.07545138339385454,0.89,KIDNEY_STONE,SVM,dp,4.0,28
0.530582421875,0.05687500000000001,3200,800,0.11625,0.11625,0.1,0.2478999862553486,372,78,722,2828,0.11625,0.0975,True,max_tpr_with_empirical_fpr_le_target,0.0146875,0.0146875,0.01,0.744816935588904,47,8,792,3153,0.0146875,0.01,True,max_tpr_with_empirical_fpr_le_target,0.0034375,0.0034375,0.001,1.244298022811184,11,0,800,3189,0.0034375,0.0,False,max_tpr_with_empirical_fpr_le_target,32,True,False,0.07393265108825939,0.074329055067664,0.89,KIDNEY_STONE,SVM,dp,4.0,29
0.48280742187500003,0.015625,3200,800,0.083125,0.083125,0.1,0.24154495338943072,266,80,720,2934,0.083125,0.1,True,max_tpr_with_empirical_fpr_le_target,0.008125,0.008125,0.01,0.668829092047402,26,8,792,3174,0.008125,0.01,True,max_tpr_with_empirical_fpr_le_target,0.00125,0.00125,0.001,0.996099243677832,4,0,800,3196,0.00125,0.0,False,max_tpr_with_empirical_fpr_le_target,32,True,False,0.05235412086935538,0.05272069278401391,0.89,KIDNEY_STONE,SVM,dp,8.0,0
0.515725390625,0.04468749999999999,3200,800,0.1028125,0.1028125,0.1,0.2032372541836922,329,80,720,2871,0.1028125,0.1,True,max_tpr_with_empirical_fpr_le_target,0.0115625,0.0115625,0.01,0.6184544181401752,37,8,792,3163,0.0115625,0.01,True,max_tpr_with_empirical_fpr_le_target,0.00125,0.00125,0.001,1.190725867567516,4,0,800,3196,0.00125,0.0,False,max_tpr_with_empirical_fpr_le_target,32,True,False,0.0547567836926931,0.054919442700441086,0.89,KIDNEY_STONE,SVM,dp,8.0,1
0.499667578125,0.020312499999999956,3200,800,0.088125,0.088125,0.1,0.2076851342008048,282,77,723,2918,0.088125,0.09625,True,max_tpr_with_empirical_fpr_le_target,0.0075,0.0075,0.01,0.6039995420206423,24,8,792,3176,0.0075,0.01,True,max_tpr_with_empirical_fpr_le_target,0.0003125,0.0003125,0.001,1.489446193519003,1,0,800,3199,0.0003125,0.0,False,max_tpr_with_empirical_fpr_le_target,32,True,False,0.05734134462326992,0.05770120477752185,0.89,KIDNEY_STONE,SVM,dp,8.0,2
0.49865351562500004,0.020000000000000018,3200,800,0.0759375,0.0759375,0.1,0.20594175525152125,243,79,721,2957,0.0759375,0.09875,True,max_tpr_with_empirical_fpr_le_target,0.013125,0.013125,0.01,0.4887421528978555,42,7,793,3158,0.013125,0.00875,True,max_tpr_with_empirical_fpr_le_target,0.0009375,0.0009375,0.001,1.1623972014699206,3,0,800,3197,0.0009375,0.0,False,max_tpr_with_empirical_fpr_le_target,32,True,False,0.05365373922362974,0.05384828890065741,0.89,KIDNEY_STONE,SVM,dp,8.0,3
0.511716015625,0.029687499999999978,3200,800,0.116875,0.116875,0.1,0.2002043397467752,374,80,720,2826,0.116875,0.1,True,max_tpr_with_empirical_fpr_le_target,0.019375,0.019375,0.01,0.48569249510929935,62,8,792,3138,0.019375,0.01,True,max_tpr_with_empirical_fpr_le_target,0.000625,0.000625,0.001,1.1319747278470484,2,0,800,3198,0.000625,0.0,False,max_tpr_with_empirical_fpr_le_target,32,True,False,0.05476175363396148,0.05525959897507342,0.89,KIDNEY_STONE,SVM,dp,8.0,4
0.5036371093750001,0.020625000000000004,3200,800,0.1146875,0.1146875,0.1,0.17025083272826302,367,80,720,2833,0.1146875,0.1,True,max_tpr_with_empirical_fpr_le_target,0.01375,0.01375,0.01,0.48540582098381346,44,8,792,3156,0.01375,0.01,True,max_tpr_with_empirical_fpr_le_target,0.0009375,0.0009375,0.001,0.9880235246565183,3,0,800,3197,0.0009375,0.0,False,max_tpr_with_empirical_fpr_le_target,32,True,False,0.05484087720701586,0.05535712698145941,0.89,KIDNEY_STONE,SVM,dp,8.0,5
0.48856328125000004,0.014375000000000027,3200,800,0.10375,0.10375,0.1,0.17607400765113512,332,80,720,2868,0.10375,0.1,True,max_tpr_with_empirical_fpr_le_target,0.015625,0.015625,0.01,0.42665067272720814,50,8,792,3150,0.015625,0.01,True,max_tpr_with_empirical_fpr_le_target,0.0,0.0,0.001,inf,0,0,800,3200,0.0,0.0,False,max_tpr_with_empirical_fpr_le_target,32,True,False,0.05479006053569864,0.05549922693721038,0.89,KIDNEY_STONE,SVM,dp,8.0,6
0.50324296875,0.037500000000000006,3200,800,0.10375,0.10375,0.1,0.16203693390237284,332,80,720,2868,0.10375,0.1,True,max_tpr_with_empirical_fpr_le_target,0.0125,0.0125,0.01,0.46360062430035653,40,8,792,3160,0.0125,0.01,True,max_tpr_with_empirical_fpr_le_target,0.0,0.0,0.001,inf,0,0,800,3200,0.0,0.0,False,max_tpr_with_empirical_fpr_le_target,32,True,False,0.0564294175625845,0.056720179032640324,0.89,KIDNEY_STONE,SVM,dp,8.0,7
0.508732421875,0.025937500000000002,3200,800,0.11125,0.11125,0.1,0.20008765059861977,356,80,720,2844,0.11125,0.1,True,max_tpr_with_empirical_fpr_le_target,0.010625,0.010625,0.01,0.6077998952637071,34,8,792,3166,0.010625,0.01,True,max_tpr_with_empirical_fpr_le_target,0.0,0.0,0.001,inf,0,0,800,3200,0.0,0.0,False,max_tpr_with_empirical_fpr_le_target,32,True,False,0.05123488564418621,0.05136640433206889,0.89,KIDNEY_STONE,SVM,dp,8.0,8
0.5030617187499999,0.03281250000000002,3200,800,0.1115625,0.1115625,0.1,0.1829584248280547,357,80,720,2843,0.1115625,0.1,True,max_tpr_with_empirical_fpr_le_target,0.01125,0.01125,0.01,0.5102308402639537,36,8,792,3164,0.01125,0.01,True,max_tpr_with_empirical_fpr_le_target,0.0015625,0.0015625,0.001,0.8576813892258732,5,0,800,3195,0.0015625,0.0,False,max_tpr_with_empirical_fpr_le_target,32,True,False,0.05364361205431652,0.05393568164139561,0.89,KIDNEY_STONE,SVM,dp,8.0,9
0.48634218749999997,0.011249999999999982,3200,800,0.0871875,0.0871875,0.1,0.2213919963460289,279,79,721,2921,0.0871875,0.09875,True,max_tpr_with_empirical_fpr_le_target,0.008125,0.008125,0.01,0.6055579266579991,26,8,792,3174,0.008125,0.01,True,max_tpr_with_empirical_fpr_le_target,0.0015625,0.0015625,0.001,0.8979872484818094,5,0,800,3195,0.0015625,0.0,False,max_tpr_with_empirical_fpr_le_target,32,True,False,0.052088556351272707,0.05223380935149858,0.89,KIDNEY_STONE,SVM,dp,8.0,10
0.49442343750000006,0.012500000000000011,3200,800,0.0909375,0.0909375,0.1,0.21607006464753042,291,80,720,2909,0.0909375,0.1,True,max_tpr_with_empirical_fpr_le_target,0.01,0.01,0.01,0.5800536796439915,32,8,792,3168,0.01,0.01,True,max_tpr_with_empirical_fpr_le_target,0.001875,0.001875,0.001,1.0448735493611523,6,0,800,3194,0.001875,0.0,False,max_tpr_with_empirical_fpr_le_target,32,True,False,0.056832586431517035,0.05703928467512091,0.89,KIDNEY_STONE,SVM,dp,8.0,11
0.50286328125,0.01937500000000003,3200,800,0.09875,0.09875,0.1,0.21657203214993626,316,80,720,2884,0.09875,0.1,True,max_tpr_with_empirical_fpr_le_target,0.011875,0.011875,0.01,0.543586967988432,38,7,793,3162,0.011875,0.00875,True,max_tpr_with_empirical_fpr_le_target,0.003125,0.003125,0.001,0.8712699035855491,10,0,800,3190,0.003125,0.0,False,max_tpr_with_empirical_fpr_le_target,32,True,False,0.05389756962933246,0.054487209274750766,0.89,KIDNEY_STONE,SVM,dp,8.0,12
0.523370703125,0.05718749999999995,3200,800,0.11875,0.11875,0.1,0.18055167428480945,380,80,720,2820,0.11875,0.1,True,max_tpr_with_empirical_fpr_le_target,0.0115625,0.0115625,0.01,0.5317244637741418,37,8,792,3163,0.0115625,0.01,True,max_tpr_with_empirical_fpr_le_target,0.0003125,0.0003125,0.001,1.0815614768354793,1,0,800,3199,0.0003125,0.0,False,max_tpr_with_empirical_fpr_le_target,32,True,False,0.05196712671473198,0.052225029775789994,0.89,KIDNEY_STONE,SVM,dp,8.0,13
0.5101457031250001,0.03312499999999996,3200,800,0.109375,0.109375,0.1,0.15717487203476188,350,80,720,2850,0.109375,0.1,True,max_tpr_with_empirical_fpr_le_target,0.0046875,0.0046875,0.01,0.5667653634421286,15,8,792,3185,0.0046875,0.01,True,max_tpr_with_empirical_fpr_le_target,0.001875,0.001875,0.001,0.7643306372261405,6,0,800,3194,0.001875,0.0,False,max_tpr_with_empirical_fpr_le_target,32,True,False,0.05683766636249366,0.05736183605527445,0.89,KIDNEY_STONE,SVM,dp,8.0,14
0.49361093749999996,0.014375000000000027,3200,800,0.094375,0.094375,0.1,0.21999234651132515,302,80,720,2898,0.094375,0.1,True,max_tpr_with_empirical_fpr_le_target,0.0165625,0.0165625,0.01,0.526837852072201,53,8,792,3147,0.0165625,0.01,True,max_tpr_with_empirical_fpr_le_target,0.000625,0.000625,0.001,1.2434685018936884,2,0,800,3198,0.000625,0.0,False,max_tpr_with_empirical_fpr_le_target,32,True,False,0.05648398733842463,0.056485626864324165,0.89,KIDNEY_STONE,SVM,dp,8.0,15
0.50155078125,0.016874999999999973,3200,800,0.1053125,0.1053125,0.1,0.17528019186311727,337,80,720,2863,0.1053125,0.1,True,max_tpr_with_empirical_fpr_le_target,0.015625,0.015625,0.01,0.4620976155307239,50,8,792,3150,0.015625,0.01,True,max_tpr_with_empirical_fpr_le_target,0.0003125,0.0003125,0.001,0.9599206975202184,1,0,800,3199,0.0003125,0.0,False,max_tpr_with_empirical_fpr_le_target,32,True,False,0.05285948305422242,0.05333392625784313,0.89,KIDNEY_STONE,SVM,dp,8.0,16
0.496474609375,0.018125000000000002,3200,800,0.1040625,0.1040625,0.1,0.20994537454670503,333,79,721,2867,0.1040625,0.09875,True,max_tpr_with_empirical_fpr_le_target,0.0096875,0.0096875,0.01,0.6177360788174115,31,8,792,3169,0.0096875,0.01,True,max_tpr_with_empirical_fpr_le_target,0.0025,0.0025,0.001,0.9513805905007151,8,0,800,3192,0.0025,0.0,False,max_tpr_with_empirical_fpr_le_target,32,True,False,0.05417250188537574,0.05469188827547818,0.89,KIDNEY_STONE,SVM,dp,8.0,17
0.510751953125,0.03500000000000003,3200,800,0.1075,0.1075,0.1,0.19167657076992728,344,80,720,2856,0.1075,0.1,True,max_tpr_with_empirical_fpr_le_target,0.010625,0.010625,0.01,0.5686741858668416,34,7,793,3166,0.010625,0.00875,True,max_tpr_with_empirical_fpr_le_target,0.0021875,0.0021875,0.001,0.9378982679322678,7,0,800,3193,0.0021875,0.0,False,max_tpr_with_empirical_fpr_le_target,32,True,False,0.05689934379274679,0.05722538808247483,0.89,KIDNEY_STONE,SVM,dp,8.0,18
0.49054375,0.015000000000000013,3200,800,0.09125,0.09125,0.1,0.2219199658794535,292,80,720,2908,0.09125,0.1,True,max_tpr_with_empirical_fpr_le_target,0.0103125,0.0103125,0.01,0.6020910911830115,33,8,792,3167,0.0103125,0.01,True,max_tpr_with_empirical_fpr_le_target,0.0003125,0.0003125,0.001,1.5061906936086231,1,0,800,3199,0.0003125,0.0,False,max_tpr_with_empirical_fpr_le_target,32,True,False,0.049280803996227286,0.049700899673959936,0.89,KIDNEY_STONE,SVM,dp,8.0,19
0.49215585937499995,0.019062499999999982,3200,800,0.0909375,0.0909375,0.1,0.2235442669327603,291,79,721,2909,0.0909375,0.09875,True,max_tpr_with_empirical_fpr_le_target,0.01,0.01,0.01,0.618562243394021,32,7,793,3168,0.01,0.00875,True,max_tpr_with_empirical_fpr_le_target,0.000625,0.000625,0.001,1.1183586820681652,2,0,800,3198,0.000625,0.0,False,max_tpr_with_empirical_fpr_le_target,32,True,False,0.053898608397119276,0.05432634985480965,0.89,KIDNEY_STONE,SVM,dp,8.0,20
0.49978085937499994,0.020937499999999998,3200,800,0.1115625,0.1115625,0.1,0.2162445198150751,357,80,720,2843,0.1115625,0.1,True,max_tpr_with_empirical_fpr_le_target,0.01375,0.01375,0.01,0.5757608534310372,44,8,792,3156,0.01375,0.01,True,max_tpr_with_empirical_fpr_le_target,0.00125,0.00125,0.001,1.3148144045556478,4,0,800,3196,0.00125,0.0,False,max_tpr_with_empirical_fpr_le_target,32,True,False,0.051536043143938545,0.05209849912631952,0.89,KIDNEY_STONE,SVM,dp,8.0,21
0.50654921875,0.021874999999999978,3200,800,0.103125,0.103125,0.1,0.18021903393876082,330,76,724,2870,0.103125,0.095,True,max_tpr_with_empirical_fpr_le_target,0.0159375,0.0159375,0.01,0.45199380299894476,51,7,793,3149,0.0159375,0.00875,True,max_tpr_with_empirical_fpr_le_target,0.000625,0.000625,0.001,1.140952418935583,2,0,800,3198,0.000625,0.0,False,max_tpr_with_empirical_fpr_le_target,32,True,False,0.05550339686997883,0.05577453962252959,0.89,KIDNEY_STONE,SVM,dp,8.0,22
0.526354296875,0.04812500000000003,3200,800,0.1153125,0.1153125,0.1,0.19885290748910678,369,80,720,2831,0.1153125,0.1,True,max_tpr_with_empirical_fpr_le_target,0.0203125,0.0203125,0.01,0.5024414270804156,65,8,792,3135,0.0203125,0.01,True,max_tpr_with_empirical_fpr_le_target,0.0003125,0.0003125,0.001,1.0819538058073281,1,0,800,3199,0.0003125,0.0,False,max_tpr_with_empirical_fpr_le_target,32,True,False,0.053511577218007714,0.054113047316977345,0.89,KIDNEY_STONE,SVM,dp,8.0,23
0.4951015625,0.019062499999999982,3200,800,0.111875,0.111875,0.1,0.22822439797201266,358,80,720,2842,0.111875,0.1,True,max_tpr_with_empirical_fpr_le_target,0.0134375,0.0134375,0.01,0.6199142871321657,43,8,792,3157,0.0134375,0.01,True,max_tpr_with_empirical_fpr_le_target,0.0,0.0,0.001,inf,0,0,800,3200,0.0,0.0,False,max_tpr_with_empirical_fpr_le_target,32,True,False,0.050656406348035206,0.05093520668968131,0.89,KIDNEY_STONE,SVM,dp,8.0,24
0.507134375,0.03437499999999999,3200,800,0.0871875,0.0871875,0.1,0.22121551756257185,279,80,720,2921,0.0871875,0.1,True,max_tpr_with_empirical_fpr_le_target,0.0096875,0.0096875,0.01,0.6022095634691258,31,8,792,3169,0.0096875,0.01,True,max_tpr_with_empirical_fpr_le_target,0.000625,0.000625,0.001,1.1427185434950595,2,0,800,3198,0.000625,0.0,False,max_tpr_with_empirical_fpr_le_target,32,True,False,0.05659614408652161,0.05710719878854705,0.89,KIDNEY_STONE,SVM,dp,8.0,25
0.49531015624999997,0.018749999999999933,3200,800,0.0865625,0.0865625,0.1,0.22165103621687,277,79,721,2923,0.0865625,0.09875,True,max_tpr_with_empirical_fpr_le_target,0.0096875,0.0096875,0.01,0.5555916499009219,31,7,793,3169,0.0096875,0.00875,True,max_tpr_with_empirical_fpr_le_target,0.00375,0.00375,0.001,0.7538410640064841,12,0,800,3188,0.00375,0.0,False,max_tpr_with_empirical_fpr_le_target,32,True,False,0.053061261197598554,0.053568559098849285,0.89,KIDNEY_STONE,SVM,dp,8.0,26
0.48992539062499996,0.01625,3200,800,0.1075,0.1075,0.1,0.2200897969660458,344,80,720,2856,0.1075,0.1,True,max_tpr_with_empirical_fpr_le_target,0.01125,0.01125,0.01,0.6780164602156531,36,7,793,3164,0.01125,0.00875,True,max_tpr_with_empirical_fpr_le_target,0.0009375,0.0009375,0.001,1.40682179587585,3,0,800,3197,0.0009375,0.0,False,max_tpr_with_empirical_fpr_le_target,32,True,False,0.05150669325644794,0.05135901241759571,0.89,KIDNEY_STONE,SVM,dp,8.0,27
0.5146859375,0.03812500000000002,3200,800,0.088125,0.088125,0.1,0.2542905811543157,282,80,720,2918,0.088125,0.1,True,max_tpr_with_empirical_fpr_le_target,0.0075,0.0075,0.01,0.7898160091218227,24,8,792,3176,0.0075,0.01,True,max_tpr_with_empirical_fpr_le_target,0.00125,0.00125,0.001,1.1965029419587014,4,0,800,3196,0.00125,0.0,False,max_tpr_with_empirical_fpr_le_target,32,True,False,0.05371800855551985,0.05374891211609743,0.89,KIDNEY_STONE,SVM,dp,8.0,28
0.535962109375,0.07656249999999998,3200,800,0.0996875,0.0996875,0.1,0.2194432721049644,319,79,721,2881,0.0996875,0.09875,True,max_tpr_with_empirical_fpr_le_target,0.011875,0.011875,0.01,0.6984824474456679,38,7,793,3162,0.011875,0.00875,True,max_tpr_with_empirical_fpr_le_target,0.0053125,0.0053125,0.001,0.9121107166798965,17,0,800,3183,0.0053125,0.0,False,max_tpr_with_empirical_fpr_le_target,32,True,False,0.05625692656948867,0.05661043184714121,0.89,KIDNEY_STONE,SVM,dp,8.0,29
0.486203515625,0.01937500000000003,3200,800,0.0925,0.0925,0.1,0.21066293257898794,296,78,722,2904,0.0925,0.0975,True,max_tpr_with_empirical_fpr_le_target,0.0059375,0.0059375,0.01,0.6824951752715636,19,6,794,3181,0.0059375,0.0075,True,max_tpr_with_empirical_fpr_le_target,0.0015625,0.0015625,0.001,0.9835659239688859,5,0,800,3195,0.0015625,0.0,False,max_tpr_with_empirical_fpr_le_target,32,True,False,0.04939083670733891,0.04973926614988021,0.89,KIDNEY_STONE,SVM,dp,10.0,0
0.514619921875,0.05093749999999997,3200,800,0.101875,0.101875,0.1,0.18917682540683245,326,80,720,2874,0.101875,0.1,True,max_tpr_with_empirical_fpr_le_target,0.011875,0.011875,0.01,0.5855986955238204,38,7,793,3162,0.011875,0.00875,True,max_tpr_with_empirical_fpr_le_target,0.0009375,0.0009375,0.001,1.0589799484415037,3,0,800,3197,0.0009375,0.0,False,max_tpr_with_empirical_fpr_le_target,32,True,False,0.05197727597045593,0.052117579045526656,0.89,KIDNEY_STONE,SVM,dp,10.0,1
0.500173828125,0.024687499999999973,3200,800,0.0928125,0.0928125,0.1,0.185014492569062,297,80,720,2903,0.0928125,0.1,True,max_tpr_with_empirical_fpr_le_target,0.008125,0.008125,0.01,0.528700965184528,26,8,792,3174,0.008125,0.01,True,max_tpr_with_empirical_fpr_le_target,0.0003125,0.0003125,0.001,1.4278725347431638,1,0,800,3199,0.0003125,0.0,False,max_tpr_with_empirical_fpr_le_target,32,True,False,0.054805999832373005,0.05509975112241199,0.89,KIDNEY_STONE,SVM,dp,10.0,2
0.5044195312499999,0.028437500000000004,3200,800,0.0784375,0.0784375,0.1,0.1872445824850537,251,80,720,2949,0.0784375,0.1,True,max_tpr_with_empirical_fpr_le_target,0.01125,0.01125,0.01,0.4570998753451492,36,7,793,3164,0.01125,0.00875,True,max_tpr_with_empirical_fpr_le_target,0.00125,0.00125,0.001,0.9372331293050371,4,0,800,3196,0.00125,0.0,False,max_tpr_with_empirical_fpr_le_target,32,True,False,0.05075246503320944,0.05097537437586001,0.89,KIDNEY_STONE,SVM,dp,10.0,3
0.512955859375,0.02906249999999999,3200,800,0.1090625,0.1090625,0.1,0.19536933363399678,349,80,720,2851,0.1090625,0.1,True,max_tpr_with_empirical_fpr_le_target,0.0209375,0.0209375,0.01,0.43774024430191805,67,8,792,3133,0.0209375,0.01,True,max_tpr_with_empirical_fpr_le_target,0.000625,0.000625,0.001,1.0356888793766967,2,0,800,3198,0.000625,0.0,False,max_tpr_with_empirical_fpr_le_target,32,True,False,0.051734810752467345,0.052246187675648176,0.89,KIDNEY_STONE,SVM,dp,10.0,4
0.501778515625,0.0246875,3200,800,0.1190625,0.1190625,0.1,0.15266029721945462,381,79,721,2819,0.1190625,0.09875,True,max_tpr_with_empirical_fpr_le_target,0.0153125,0.0153125,0.01,0.4290869250754814,49,8,792,3151,0.0153125,0.01,True,max_tpr_with_empirical_fpr_le_target,0.000625,0.000625,0.001,0.9696266310724684,2,0,800,3198,0.000625,0.0,False,max_tpr_with_empirical_fpr_le_target,32,True,False,0.052285033247122255,0.05280963133661451,0.89,KIDNEY_STONE,SVM,dp,10.0,5
0.49036953124999993,0.014375000000000027,3200,800,0.09875,0.09875,0.1,0.16831523855728392,316,79,721,2884,0.09875,0.09875,True,max_tpr_with_empirical_fpr_le_target,0.009375,0.009375,0.01,0.45763352267345647,30,7,793,3170,0.009375,0.00875,True,max_tpr_with_empirical_fpr_le_target,0.0,0.0,0.001,inf,0,0,800,3200,0.0,0.0,False,max_tpr_with_empirical_fpr_le_target,32,True,False,0.05188158105723427,0.05254010068659185,0.89,KIDNEY_STONE,SVM,dp,10.0,6
0.5045968750000001,0.029687499999999978,3200,800,0.1053125,0.1053125,0.1,0.14847071773184406,337,80,720,2863,0.1053125,0.1,True,max_tpr_with_empirical_fpr_le_target,0.010625,0.010625,0.01,0.43888641577988063,34,8,792,3166,0.010625,0.01,True,max_tpr_with_empirical_fpr_le_target,0.0,0.0,0.001,inf,0,0,800,3200,0.0,0.0,False,max_tpr_with_empirical_fpr_le_target,32,True,False,0.05335104739514952,0.053644660083794364,0.89,KIDNEY_STONE,SVM,dp,10.0,7
0.506617578125,0.03187499999999999,3200,800,0.105,0.105,0.1,0.18927759248130438,336,80,720,2864,0.105,0.1,True,max_tpr_with_empirical_fpr_le_target,0.0078125,0.0078125,0.01,0.5780142504420698,25,8,792,3175,0.0078125,0.01,True,max_tpr_with_empirical_fpr_le_target,0.0,0.0,0.001,inf,0,0,800,3200,0.0,0.0,False,max_tpr_with_empirical_fpr_le_target,32,True,False,0.04859748021220304,0.04878508474491971,0.89,KIDNEY_STONE,SVM,dp,10.0,8
0.5036632812499999,0.02749999999999997,3200,800,0.0959375,0.0959375,0.1,0.18252016982785113,307,78,722,2893,0.0959375,0.0975,True,max_tpr_with_empirical_fpr_le_target,0.006875,0.006875,0.01,0.506797037865846,22,8,792,3178,0.006875,0.01,True,max_tpr_with_empirical_fpr_le_target,0.0015625,0.0015625,0.001,0.8321952039989604,5,0,800,3195,0.0015625,0.0,False,max_tpr_with_empirical_fpr_le_target,32,True,False,0.051206492503043176,0.051436036062976545,0.89,KIDNEY_STONE,SVM,dp,10.0,9
0.48789921875000003,0.008749999999999925,3200,800,0.086875,0.086875,0.1,0.20470845635385726,278,79,721,2922,0.086875,0.09875,True,max_tpr_with_empirical_fpr_le_target,0.01,0.01,0.01,0.5388753290655277,32,8,792,3168,0.01,0.01,True,max_tpr_with_empirical_fpr_le_target,0.0015625,0.0015625,0.001,0.7904738875284523,5,0,800,3195,0.0015625,0.0,False,max_tpr_with_empirical_fpr_le_target,32,True,False,0.04972707248134264,0.04986372841046153,0.89,KIDNEY_STONE,SVM,dp,10.0,10
0.494644921875,0.014062499999999978,3200,800,0.096875,0.096875,0.1,0.19300306794444366,310,80,720,2890,0.096875,0.1,True,max_tpr_with_empirical_fpr_le_target,0.0109375,0.0109375,0.01,0.520372819184284,35,8,792,3165,0.0109375,0.01,True,max_tpr_with_empirical_fpr_le_target,0.0021875,0.0021875,0.001,0.9115312373088562,7,0,800,3193,0.0021875,0.0,False,max_tpr_with_empirical_fpr_le_target,32,True,False,0.054207849779844886,0.05444775205041872,0.89,KIDNEY_STONE,SVM,dp,10.0,11
0.5026015625,0.017187500000000022,3200,800,0.095,0.095,0.1,0.20442452924509968,304,80,720,2896,0.095,0.1,True,max_tpr_with_empirical_fpr_le_target,0.01625,0.01625,0.01,0.4812223157806488,52,8,792,3148,0.01625,0.01,True,max_tpr_with_empirical_fpr_le_target,0.0028125,0.0028125,0.001,0.8098081769810066,9,0,800,3191,0.0028125,0.0,False,max_tpr_with_empirical_fpr_le_target,32,True,False,0.05130585045974565,0.051874489112228646,0.89,KIDNEY_STONE,SVM,dp,10.0,12
0.522098828125,0.05406250000000001,3200,800,0.120625,0.120625,0.1,0.16924646207907257,386,80,720,2814,0.120625,0.1,True,max_tpr_with_empirical_fpr_le_target,0.0065625,0.0065625,0.01,0.5717666894308555,21,6,794,3179,0.0065625,0.0075,True,max_tpr_with_empirical_fpr_le_target,0.000625,0.000625,0.001,1.020769048362875,2,0,800,3198,0.000625,0.0,False,max_tpr_with_empirical_fpr_le_target,32,True,False,0.049614435788157905,0.049822785255332985,0.89,KIDNEY_STONE,SVM,dp,10.0,13
0.50970859375,0.03718750000000004,3200,800,0.10875,0.10875,0.1,0.1460790744651792,348,78,722,2852,0.10875,0.0975,True,max_tpr_with_empirical_fpr_le_target,0.0046875,0.0046875,0.01,0.5432148031588679,15,4,796,3185,0.0046875,0.005,True,max_tpr_with_empirical_fpr_le_target,0.0021875,0.0021875,0.001,0.6791052269552549,7,0,800,3193,0.0021875,0.0,False,max_tpr_with_empirical_fpr_le_target,32,True,False,0.05418669011955701,0.05470634395780871,0.89,KIDNEY_STONE,SVM,dp,10.0,14
0.491034765625,0.014687500000000075,3200,800,0.08625,0.08625,0.1,0.21900864132882458,276,80,720,2924,0.08625,0.1,True,max_tpr_with_empirical_fpr_le_target,0.0171875,0.0171875,0.01,0.5083449123557113,55,8,792,3145,0.0171875,0.01,True,max_tpr_with_empirical_fpr_le_target,0.000625,0.000625,0.001,1.1486614258520391,2,0,800,3198,0.000625,0.0,False,max_tpr_with_empirical_fpr_le_target,32,True,False,0.05342915856839377,0.05342850241161887,0.89,KIDNEY_STONE,SVM,dp,10.0,15
0.50364609375,0.01937500000000003,3200,800,0.1065625,0.1065625,0.1,0.16188029998179942,341,80,720,2859,0.1065625,0.1,True,max_tpr_with_empirical_fpr_le_target,0.01,0.01,0.01,0.4686675481185212,32,7,793,3168,0.01,0.00875,True,max_tpr_with_empirical_fpr_le_target,0.000625,0.000625,0.001,0.8633448918743056,2,0,800,3198,0.000625,0.0,False,max_tpr_with_empirical_fpr_le_target,32,True,False,0.04992719250240768,0.0503585500171895,0.89,KIDNEY_STONE,SVM,dp,10.0,16
0.49822968749999996,0.01375000000000004,3200,800,0.10625,0.10625,0.1,0.20394174063351356,340,80,720,2860,0.10625,0.1,True,max_tpr_with_empirical_fpr_le_target,0.010625,0.010625,0.01,0.5708966335624441,34,6,794,3166,0.010625,0.0075,True,max_tpr_with_empirical_fpr_le_target,0.0028125,0.0028125,0.001,0.8328062419184326,9,0,800,3191,0.0028125,0.0,False,max_tpr_with_empirical_fpr_le_target,32,True,False,0.051530386912324075,0.05202029674197607,0.89,KIDNEY_STONE,SVM,dp,10.0,17
0.5135343750000001,0.03187499999999999,3200,800,0.11125,0.11125,0.1,0.1748997109691699,356,80,720,2844,0.11125,0.1,True,max_tpr_with_empirical_fpr_le_target,0.0096875,0.0096875,0.01,0.5377505730038106,31,6,794,3169,0.0096875,0.0075,True,max_tpr_with_empirical_fpr_le_target,0.0021875,0.0021875,0.001,0.8212828274623687,7,0,800,3193,0.0021875,0.0,False,max_tpr_with_empirical_fpr_le_target,32,True,False,0.05386988994657394,0.054129547360808404,0.89,KIDNEY_STONE,SVM,dp,10.0,18
0.49080039062499997,0.012500000000000011,3200,800,0.09,0.09,0.1,0.21596201277077798,288,80,720,2912,0.09,0.1,True,max_tpr_with_empirical_fpr_le_target,0.0084375,0.0084375,0.01,0.5802549119916773,27,8,792,3173,0.0084375,0.01,True,max_tpr_with_empirical_fpr_le_target,0.0,0.0,0.001,inf,0,0,800,3200,0.0,0.0,False,max_tpr_with_empirical_fpr_le_target,32,True,False,0.04637762181113472,0.04674002687318224,0.89,KIDNEY_STONE,SVM,dp,10.0,19
0.491355859375,0.017187500000000022,3200,800,0.0903125,0.0903125,0.1,0.21420277756090234,289,79,721,2911,0.0903125,0.09875,True,max_tpr_with_empirical_fpr_le_target,0.010625,0.010625,0.01,0.567881221020708,34,8,792,3166,0.010625,0.01,True,max_tpr_with_empirical_fpr_le_target,0.0003125,0.0003125,0.001,1.071195130351168,1,0,800,3199,0.0003125,0.0,False,max_tpr_with_empirical_fpr_le_target,32,True,False,0.05136860280546185,0.05176125293601125,0.89,KIDNEY_STONE,SVM,dp,10.0,20
0.5002234375,0.0215625,3200,800,0.1134375,0.1134375,0.1,0.20268580774454792,363,80,720,2837,0.1134375,0.1,True,max_tpr_with_empirical_fpr_le_target,0.0128125,0.0128125,0.01,0.5540722631005737,41,8,792,3159,0.0128125,0.01,True,max_tpr_with_empirical_fpr_le_target,0.0003125,0.0003125,0.001,1.6956173318625178,1,0,800,3199,0.0003125,0.0,False,max_tpr_with_empirical_fpr_le_target,32,True,False,0.048919108067062324,0.04943022690366226,0.89,KIDNEY_STONE,SVM,dp,10.0,21
0.504701953125,0.01625,3200,800,0.1115625,0.1115625,0.1,0.1526720441076015,357,80,720,2843,0.1115625,0.1,True,max_tpr_with_empirical_fpr_le_target,0.018125,0.018125,0.01,0.38336646140865227,58,7,793,3142,0.018125,0.00875,True,max_tpr_with_empirical_fpr_le_target,0.000625,0.000625,0.001,1.0047137310739986,2,0,800,3198,0.000625,0.0,False,max_tpr_with_empirical_fpr_le_target,32,True,False,0.0533437967938304,0.0536506644974628,0.89,KIDNEY_STONE,SVM,dp,10.0,22
0.52626015625,0.04312499999999997,3200,800,0.1178125,0.1178125,0.1,0.18494747607574102,377,80,720,2823,0.1178125,0.1,True,max_tpr_with_empirical_fpr_le_target,0.021875,0.021875,0.01,0.44752971994694035,70,8,792,3130,0.021875,0.01,True,max_tpr_with_empirical_fpr_le_target,0.0,0.0,0.001,inf,0,0,800,3200,0.0,0.0,False,max_tpr_with_empirical_fpr_le_target,32,True,False,0.05146129193674486,0.052028692726406305,0.89,KIDNEY_STONE,SVM,dp,10.0,23
0.49513125,0.019062499999999982,3200,800,0.105625,0.105625,0.1,0.22297656938997013,338,80,720,2862,0.105625,0.1,True,max_tpr_with_empirical_fpr_le_target,0.0109375,0.0109375,0.01,0.6181338349576078,35,8,792,3165,0.0109375,0.01,True,max_tpr_with_empirical_fpr_le_target,0.0,0.0,0.001,inf,0,0,800,3200,0.0,0.0,False,max_tpr_with_empirical_fpr_le_target,32,True,False,0.047765743468261415,0.04799262866646899,0.89,KIDNEY_STONE,SVM,dp,10.0,24
0.5060511718749999,0.03812500000000002,3200,800,0.086875,0.086875,0.1,0.2125372544034958,278,78,722,2922,0.086875,0.0975,True,max_tpr_with_empirical_fpr_le_target,0.0078125,0.0078125,0.01,0.6017643164257462,25,8,792,3175,0.0078125,0.01,True,max_tpr_with_empirical_fpr_le_target,0.000625,0.000625,0.001,1.0250708159979414,2,0,800,3198,0.000625,0.0,False,max_tpr_with_empirical_fpr_le_target,32,True,False,0.054281642015509945,0.05477290817486138,0.89,KIDNEY_STONE,SVM,dp,10.0,25
0.494148828125,0.018750000000000044,3200,800,0.0915625,0.0915625,0.1,0.20018109696109354,293,80,720,2907,0.0915625,0.1,True,max_tpr_with_empirical_fpr_le_target,0.0096875,0.0096875,0.01,0.5265070557099802,31,6,794,3169,0.0096875,0.0075,True,max_tpr_with_empirical_fpr_le_target,0.0059375,0.0059375,0.001,0.6035068578786897,19,0,800,3181,0.0059375,0.0,False,max_tpr_with_empirical_fpr_le_target,32,True,False,0.04988735154244702,0.05035370545731589,0.89,KIDNEY_STONE,SVM,dp,10.0,26
0.48954375,0.02,3200,800,0.1078125,0.1078125,0.1,0.20386563430763038,345,80,720,2855,0.1078125,0.1,True,max_tpr_with_empirical_fpr_le_target,0.015625,0.015625,0.01,0.542163965916604,50,8,792,3150,0.015625,0.01,True,max_tpr_with_empirical_fpr_le_target,0.0009375,0.0009375,0.001,1.3897395372215793,3,0,800,3197,0.0009375,0.0,False,max_tpr_with_empirical_fpr_le_target,32,True,False,0.04924787194761164,0.04904598057422288,0.89,KIDNEY_STONE,SVM,dp,10.0,27
0.51308671875,0.04312500000000008,3200,800,0.0946875,0.0946875,0.1,0.23886961396833173,303,79,721,2897,0.0946875,0.09875,True,max_tpr_with_empirical_fpr_le_target,0.0121875,0.0121875,0.01,0.6799319166265174,39,8,792,3161,0.0121875,0.01,True,max_tpr_with_empirical_fpr_le_target,0.0015625,0.0015625,0.001,1.1147744887325017,5,0,800,3195,0.0015625,0.0,False,max_tpr_with_empirical_fpr_le_target,32,True,False,0.05065445024925579,0.05069606210040383,0.89,KIDNEY_STONE,SVM,dp,10.0,28
0.533840625,0.07406250000000003,3200,800,0.0946875,0.0946875,0.1,0.21173261957399858,303,79,721,2897,0.0946875,0.09875,True,max_tpr_with_empirical_fpr_le_target,0.0115625,0.0115625,0.01,0.6447383571401948,37,8,792,3163,0.0115625,0.01,True,max_tpr_with_empirical_fpr_le_target,0.004375,0.004375,0.001,0.9155073334243968,14,0,800,3186,0.004375,0.0,False,max_tpr_with_empirical_fpr_le_target,32,True,False,0.05390283886088239,0.05425532025689948,0.89,KIDNEY_STONE,SVM,dp,10.0,29
0.5396744140625,0.06656249999999997,3200,800,0.1284375,0.1284375,0.1,0.694638405472132,411,80,720,2789,0.1284375,0.1,True,max_tpr_with_empirical_fpr_le_target,0.0259375,0.0259375,0.01,3.2186298146891676,83,8,792,3117,0.0259375,0.01,True,max_tpr_with_empirical_fpr_le_target,0.008125,0.008125,0.001,6.637471757998707,26,0,800,3174,0.008125,0.0,False,max_tpr_with_empirical_fpr_le_target,32,True,False,1.230424438389715,1.3290397557026072,0.97375,KIDNEY_STONE,DNN,standard,,0
0.5641544921875,0.10218749999999999,3200,800,0.1484375,0.1484375,0.1,0.5953222469775539,475,80,720,2725,0.1484375,0.1,True,max_tpr_with_empirical_fpr_le_target,0.03,0.03,0.01,2.7593514093652463,96,7,793,3104,0.03,0.00875,True,max_tpr_with_empirical_fpr_le_target,0.013125,0.013125,0.001,4.663535384569114,42,0,800,3158,0.013125,0.0,False,max_tpr_with_empirical_fpr_le_target,32,True,False,1.290224142345981,1.3733686368152784,0.97375,KIDNEY_STONE,DNN,standard,,1
0.5271890625,0.04499999999999993,3200,800,0.1134375,0.1134375,0.1,0.7108545989396531,363,80,720,2837,0.1134375,0.1,True,max_tpr_with_empirical_fpr_le_target,0.0365625,0.0365625,0.01,2.341353438014112,117,8,792,3083,0.0365625,0.01,True,max_tpr_with_empirical_fpr_le_target,0.0090625,0.0090625,0.001,5.864500384804224,29,0,800,3171,0.0090625,0.0,False,max_tpr_with_empirical_fpr_le_target,32,True,False,1.2262124536951597,1.3635269453515029,0.97375,KIDNEY_STONE,DNN,standard,,2
0.5187916015625,0.0403125,3200,800,0.1371875,0.1371875,0.1,0.5582191757256147,439,80,720,2761,0.1371875,0.1,True,max_tpr_with_empirical_fpr_le_target,0.02125,0.02125,0.01,3.2715980782452108,68,7,793,3132,0.02125,0.00875,True,max_tpr_with_empirical_fpr_le_target,0.00875,0.00875,0.001,6.172610835375737,28,0,800,3172,0.00875,0.0,False,max_tpr_with_empirical_fpr_le_target,32,True,False,1.2823990037106978,1.3725873603992358,0.97375,KIDNEY_STONE,DNN,standard,,3
0.519296875,0.03718749999999993,3200,800,0.11,0.11,0.1,0.8993083720884691,352,80,720,2848,0.11,0.1,True,max_tpr_with_empirical_fpr_le_target,0.0278125,0.0278125,0.01,2.957186163529635,89,8,792,3111,0.0278125,0.01,True,max_tpr_with_empirical_fpr_le_target,0.0078125,0.0078125,0.001,6.33917361034594,25,0,800,3175,0.0078125,0.0,False,max_tpr_with_empirical_fpr_le_target,32,True,False,1.2068368939346292,1.29838664699585,0.97375,KIDNEY_STONE,DNN,standard,,4
0.479303125,0.0146875,3200,800,0.09375,0.09375,0.1,2.0803664231681793,300,80,720,2900,0.09375,0.1,True,max_tpr_with_empirical_fpr_le_target,0.0159375,0.0159375,0.01,5.987745559646935,51,8,792,3149,0.0159375,0.01,True,max_tpr_with_empirical_fpr_le_target,0.000625,0.000625,0.001,12.074549317415148,2,0,800,3198,0.000625,0.0,False,max_tpr_with_empirical_fpr_le_target,32,True,False,0.7914417344375458,0.799680023408504,0.60875,KIDNEY_STONE,DNN,dp,0.1,0
0.47648320312500003,0.0075,3200,800,0.08625,0.08625,0.1,2.409302282332632,276,80,720,2924,0.08625,0.1,True,max_tpr_with_empirical_fpr_le_target,0.0165625,0.0165625,0.01,6.396954204924757,53,8,792,3147,0.0165625,0.01,True,max_tpr_with_empirical_fpr_le_target,0.0075,0.0075,0.001,8.345106394541048,24,0,800,3176,0.0075,0.0,False,max_tpr_with_empirical_fpr_le_target,32,True,False,0.8432604419264669,0.8462703547551045,0.60875,KIDNEY_STONE,DNN,dp,0.1,1
0.5079449218750001,0.04468749999999999,3200,800,0.121875,0.121875,0.1,1.6619838605546766,390,80,720,2810,0.121875,0.1,True,max_tpr_with_empirical_fpr_le_target,0.019375,0.019375,0.01,5.307009256220198,62,8,792,3138,0.019375,0.01,True,max_tpr_with_empirical_fpr_le_target,0.0015625,0.0015625,0.001,10.372494253585112,5,0,800,3195,0.0015625,0.0,False,max_tpr_with_empirical_fpr_le_target,32,True,False,0.9693813027394014,0.9780153436445671,0.60875,KIDNEY_STONE,DNN,dp,0.1,2
0.5160015625000001,0.051875000000000004,3200,800,0.1284375,0.1284375,0.1,1.807041812717383,411,80,720,2789,0.1284375,0.1,True,max_tpr_with_empirical_fpr_le_target,0.0128125,0.0128125,0.01,6.093817888705409,41,8,792,3159,0.0128125,0.01,True,max_tpr_with_empirical_fpr_le_target,0.001875,0.001875,0.001,10.876602300727178,6,0,800,3194,0.001875,0.0,False,max_tpr_with_empirical_fpr_le_target,32,True,False,0.9018222580999846,0.9069894012436924,0.60875,KIDNEY_STONE,DNN,dp,0.1,3
0.4956125,0.020937499999999998,3200,800,0.110625,0.110625,0.1,1.7074264009368605,354,80,720,2846,0.110625,0.1,True,max_tpr_with_empirical_fpr_le_target,0.02125,0.02125,0.01,4.774125530718585,68,8,792,3132,0.02125,0.01,True,max_tpr_with_empirical_fpr_le_target,0.0009375,0.0009375,0.001,12.240634751024857,3,0,800,3197,0.0009375,0.0,False,max_tpr_with_empirical_fpr_le_target,32,True,False,0.904441934423196,0.9157283165436281,0.60875,KIDNEY_STONE,DNN,dp,0.1,4
0.477267578125,0.014374999999999999,3200,800,0.099375,0.099375,0.1,1.7530005254747811,318,79,721,2882,0.099375,0.09875,True,max_tpr_with_empirical_fpr_le_target,0.013125,0.013125,0.01,5.549373385025362,42,8,792,3158,0.013125,0.01,True,max_tpr_with_empirical_fpr_le_target,0.0003125,0.0003125,0.001,13.957628249005072,1,0,800,3199,0.0003125,0.0,False,max_tpr_with_empirical_fpr_le_target,32,True,False,0.7914417344375458,0.799680023408504,0.645,KIDNEY_STONE,DNN,dp,0.2,0
0.4819328125,0.009687499999999998,3200,800,0.0825,0.0825,0.1,2.1565147147523547,264,80,720,2936,0.0825,0.1,True,max_tpr_with_empirical_fpr_le_target,0.01875,0.01875,0.01,5.185888003223339,60,8,792,3140,0.01875,0.01,True,max_tpr_with_empirical_fpr_le_target,0.006875,0.006875,0.001,7.338659845262427,22,0,800,3178,0.006875,0.0,False,max_tpr_with_empirical_fpr_le_target,32,True,False,0.8432604419264669,0.8462703547551045,0.645,KIDNEY_STONE,DNN,dp,0.2,1
0.50888203125,0.04468750000000002,3200,800,0.1259375,0.1259375,0.1,1.394842017906928,403,80,720,2797,0.1259375,0.1,True,max_tpr_with_empirical_fpr_le_target,0.02,0.02,0.01,4.666326779809591,64,7,793,3136,0.02,0.00875,True,max_tpr_with_empirical_fpr_le_target,0.0025,0.0025,0.001,8.887736344545932,8,0,800,3192,0.0025,0.0,False,max_tpr_with_empirical_fpr_le_target,32,True,False,0.9693813027394014,0.9780153436445671,0.645,KIDNEY_STONE,DNN,dp,0.2,2
0.51684921875,0.0571875,3200,800,0.13125,0.13125,0.1,1.5381585517384484,420,80,720,2780,0.13125,0.1,True,max_tpr_with_empirical_fpr_le_target,0.0175,0.0175,0.01,4.782613715477947,56,8,792,3144,0.0175,0.01,True,max_tpr_with_empirical_fpr_le_target,0.00375,0.00375,0.001,7.966648233032487,12,0,800,3188,0.00375,0.0,False,max_tpr_with_empirical_fpr_le_target,32,True,False,0.9018222580999846,0.9069894012436924,0.645,KIDNEY_STONE,DNN,dp,0.2,3
0.49508828125000004,0.0228125,3200,800,0.11625,0.11625,0.1,1.4343193717635359,372,80,720,2828,0.11625,0.1,True,max_tpr_with_empirical_fpr_le_target,0.0278125,0.0278125,0.01,3.774563368224012,89,8,792,3111,0.0278125,0.01,True,max_tpr_with_empirical_fpr_le_target,0.00125,0.00125,0.001,9.819661886249431,4,0,800,3196,0.00125,0.0,False,max_tpr_with_empirical_fpr_le_target,32,True,False,0.904441934423196,0.9157283165436281,0.645,KIDNEY_STONE,DNN,dp,0.2,4
0.47677109375000004,0.0175,3200,800,0.0990625,0.0990625,0.1,1.3594285631199448,317,80,720,2883,0.0990625,0.1,True,max_tpr_with_empirical_fpr_le_target,0.016875,0.016875,0.01,3.6130230661663116,54,8,792,3146,0.016875,0.01,True,max_tpr_with_empirical_fpr_le_target,0.0003125,0.0003125,0.001,11.202357015121748,1,0,800,3199,0.0003125,0.0,False,max_tpr_with_empirical_fpr_le_target,32,True,False,0.7914417344375458,0.799680023408504,0.89,KIDNEY_STONE,DNN,dp,0.4,0
0.490897265625,0.009375000000000001,3200,800,0.096875,0.096875,0.1,1.4424706323299308,310,80,720,2890,0.096875,0.1,True,max_tpr_with_empirical_fpr_le_target,0.0171875,0.0171875,0.01,3.8686405529187233,55,8,792,3145,0.0171875,0.01,True,max_tpr_with_empirical_fpr_le_target,0.0040625,0.0040625,0.001,5.8301227212801425,13,0,800,3187,0.0040625,0.0,False,max_tpr_with_empirical_fpr_le_target,32,True,False,0.8432604419264669,0.8462703547551045,0.89,KIDNEY_STONE,DNN,dp,0.4,1
0.50810703125,0.04000000000000001,3200,800,0.1309375,0.1309375,0.1,1.050040914036912,419,80,720,2781,0.1309375,0.1,True,max_tpr_with_empirical_fpr_le_target,0.020625,0.020625,0.01,3.3964180207780554,66,8,792,3134,0.020625,0.01,True,max_tpr_with_empirical_fpr_le_target,0.0015625,0.0015625,0.001,7.163641158436757,5,0,800,3195,0.0015625,0.0,False,max_tpr_with_empirical_fpr_le_target,32,True,False,0.9693813027394014,0.9780153436445671,0.89,KIDNEY_STONE,DNN,dp,0.4,2
0.5159125,0.054375000000000034,3200,800,0.1121875,0.1121875,0.1,1.3093234141531234,359,80,720,2841,0.1121875,0.1,True,max_tpr_with_empirical_fpr_le_target,0.0146875,0.0146875,0.01,3.78792723436948,47,8,792,3153,0.0146875,0.01,True,max_tpr_with_empirical_fpr_le_target,0.0034375,0.0034375,0.001,6.604247756295273,11,0,800,3189,0.0034375,0.0,False,max_tpr_with_empirical_fpr_le_target,32,True,False,0.9018222580999846,0.9069894012436924,0.89,KIDNEY_STONE,DNN,dp,0.4,3
0.4948625,0.019375,3200,800,0.1125,0.1125,0.1,1.120013108161193,360,80,720,2840,0.1125,0.1,True,max_tpr_with_empirical_fpr_le_target,0.023125,0.023125,0.01,2.9519852021511204,74,8,792,3126,0.023125,0.01,True,max_tpr_with_empirical_fpr_le_target,0.00125,0.00125,0.001,8.088487056399966,4,0,800,3196,0.00125,0.0,False,max_tpr_with_empirical_fpr_le_target,32,True,False,0.904441934423196,0.9157283165436281,0.89,KIDNEY_STONE,DNN,dp,0.4,4
0.4848984375,0.018437499999999996,3200,800,0.1040625,0.1040625,0.1,0.9274557400667582,333,80,720,2867,0.1040625,0.1,True,max_tpr_with_empirical_fpr_le_target,0.01125,0.01125,0.01,2.9112797953581193,36,8,792,3164,0.01125,0.01,True,max_tpr_with_empirical_fpr_le_target,0.0015625,0.0015625,0.001,5.128370559698022,5,0,800,3195,0.0015625,0.0,False,max_tpr_with_empirical_fpr_le_target,32,True,False,0.7914417344375458,0.799680023408504,0.89,KIDNEY_STONE,DNN,dp,0.8,0
0.507412109375,0.02562500000000001,3200,800,0.115625,0.115625,0.1,0.7833153222033591,370,80,720,2830,0.115625,0.1,True,max_tpr_with_empirical_fpr_le_target,0.0146875,0.0146875,0.01,2.643265344387128,47,8,792,3153,0.0146875,0.01,True,max_tpr_with_empirical_fpr_le_target,0.0015625,0.0015625,0.001,4.924122904542767,5,0,800,3195,0.0015625,0.0,False,max_tpr_with_empirical_fpr_le_target,32,True,False,0.8432604419264669,0.8462703547551045,0.89,KIDNEY_STONE,DNN,dp,0.8,1
0.5060703124999999,0.03812500000000002,3200,800,0.121875,0.121875,0.1,0.656209570479722,390,80,720,2810,0.121875,0.1,True,max_tpr_with_empirical_fpr_le_target,0.0109375,0.0109375,0.01,2.468216327204482,35,8,792,3165,0.0109375,0.01,True,max_tpr_with_empirical_fpr_le_target,0.000625,0.000625,0.001,5.301737202168916,2,0,800,3198,0.000625,0.0,False,max_tpr_with_empirical_fpr_le_target,32,True,False,0.9693813027394014,0.9780153436445671,0.89,KIDNEY_STONE,DNN,dp,0.8,2
0.518042578125,0.050624999999999976,3200,800,0.1159375,0.1159375,0.1,0.8770924301098102,371,80,720,2829,0.1159375,0.1,True,max_tpr_with_empirical_fpr_le_target,0.0121875,0.0121875,0.01,2.9468070795926984,39,7,793,3161,0.0121875,0.00875,True,max_tpr_with_empirical_fpr_le_target,0.005625,0.005625,0.001,3.8935244302292773,18,0,800,3182,0.005625,0.0,False,max_tpr_with_empirical_fpr_le_target,32,True,False,0.9018222580999846,0.9069894012436924,0.89,KIDNEY_STONE,DNN,dp,0.8,3
0.499173828125,0.014374999999999999,3200,800,0.1071875,0.1071875,0.1,0.7708704551819132,343,80,720,2857,0.1071875,0.1,True,max_tpr_with_empirical_fpr_le_target,0.019375,0.019375,0.01,2.2695619030978875,62,8,792,3138,0.019375,0.01,True,max_tpr_with_empirical_fpr_le_target,0.00125,0.00125,0.001,6.545603713540816,4,0,800,3196,0.00125,0.0,False,max_tpr_with_empirical_fpr_le_target,32,True,False,0.904441934423196,0.9157283165436281,0.89,KIDNEY_STONE,DNN,dp,0.8,4
0.48993945312500004,0.019062499999999982,3200,800,0.100625,0.100625,0.1,0.8786593519030976,322,80,720,2878,0.100625,0.1,True,max_tpr_with_empirical_fpr_le_target,0.0175,0.0175,0.01,2.4639772775039077,56,8,792,3144,0.0175,0.01,True,max_tpr_with_empirical_fpr_le_target,0.0015625,0.0015625,0.001,4.944986436298375,5,0,800,3195,0.0015625,0.0,False,max_tpr_with_empirical_fpr_le_target,32,True,False,0.7914417344375458,0.799680023408504,0.89,KIDNEY_STONE,DNN,dp,1.0,0
0.509784375,0.02749999999999997,3200,800,0.10625,0.10625,0.1,0.7913478525091355,340,80,720,2860,0.10625,0.1,True,max_tpr_with_empirical_fpr_le_target,0.018125,0.018125,0.01,2.447403706155928,58,8,792,3142,0.018125,0.01,True,max_tpr_with_empirical_fpr_le_target,0.0015625,0.0015625,0.001,4.722434606815739,5,0,800,3195,0.0015625,0.0,False,max_tpr_with_empirical_fpr_le_target,32,True,False,0.8432604419264669,0.8462703547551045,0.89,KIDNEY_STONE,DNN,dp,1.0,1
0.50369375,0.028437500000000032,3200,800,0.1103125,0.1103125,0.1,0.6338683409039199,353,80,720,2847,0.1103125,0.1,True,max_tpr_with_empirical_fpr_le_target,0.011875,0.011875,0.01,2.2803344714331057,38,8,792,3162,0.011875,0.01,True,max_tpr_with_empirical_fpr_le_target,0.0003125,0.0003125,0.001,5.725240619815051,1,0,800,3199,0.0003125,0.0,False,max_tpr_with_empirical_fpr_le_target,32,True,False,0.9693813027394014,0.9780153436445671,0.89,KIDNEY_STONE,DNN,dp,1.0,2
0.512433984375,0.03906250000000003,3200,800,0.1128125,0.1128125,0.1,0.82020499204953,361,80,720,2839,0.1128125,0.1,True,max_tpr_with_empirical_fpr_le_target,0.0128125,0.0128125,0.01,2.7693282927138423,41,8,792,3159,0.0128125,0.01,True,max_tpr_with_empirical_fpr_le_target,0.0053125,0.0053125,0.001,3.7236529885331784,17,0,800,3183,0.0053125,0.0,False,max_tpr_with_empirical_fpr_le_target,32,True,False,0.9018222580999846,0.9069894012436924,0.89,KIDNEY_STONE,DNN,dp,1.0,3
0.501753515625,0.018437499999999996,3200,800,0.10125,0.10125,0.1,0.7412778398885533,324,79,721,2876,0.10125,0.09875,True,max_tpr_with_empirical_fpr_le_target,0.0209375,0.0209375,0.01,2.116811750908166,67,8,792,3133,0.0209375,0.01,True,max_tpr_with_empirical_fpr_le_target,0.00125,0.00125,0.001,6.2883936498064426,4,0,800,3196,0.00125,0.0,False,max_tpr_with_empirical_fpr_le_target,32,True,False,0.904441934423196,0.9157283165436281,0.89,KIDNEY_STONE,DNN,dp,1.0,4
0.5036097656249999,0.025000000000000022,3200,800,0.09875,0.09875,0.1,0.9876125629126293,316,80,720,2884,0.09875,0.1,True,max_tpr_with_empirical_fpr_le_target,0.01875,0.01875,0.01,2.3295734148981087,60,8,792,3140,0.01875,0.01,True,max_tpr_with_empirical_fpr_le_target,0.0015625,0.0015625,0.001,4.634169478432188,5,0,800,3195,0.0015625,0.0,False,max_tpr_with_empirical_fpr_le_target,32,True,False,0.7914417344375458,0.799680023408504,0.89,KIDNEY_STONE,DNN,dp,2.0,0
0.50740546875,0.042187500000000044,3200,800,0.103125,0.103125,0.1,0.9778254737370116,330,79,721,2870,0.103125,0.09875,True,max_tpr_with_empirical_fpr_le_target,0.013125,0.013125,0.01,2.611439741579745,42,8,792,3158,0.013125,0.01,True,max_tpr_with_empirical_fpr_le_target,0.00125,0.00125,0.001,5.01339535998705,4,0,800,3196,0.00125,0.0,False,max_tpr_with_empirical_fpr_le_target,32,True,False,0.8432604419264669,0.8462703547551045,0.89,KIDNEY_STONE,DNN,dp,2.0,1
0.50056953125,0.01937500000000003,3200,800,0.1034375,0.1034375,0.1,0.7881363381934294,331,79,721,2869,0.1034375,0.09875,True,max_tpr_with_empirical_fpr_le_target,0.0096875,0.0096875,0.01,2.3258015544683515,31,8,792,3169,0.0096875,0.01,True,max_tpr_with_empirical_fpr_le_target,0.0003125,0.0003125,0.001,5.7299317798855816,1,0,800,3199,0.0003125,0.0,False,max_tpr_with_empirical_fpr_le_target,32,True,False,0.9693813027394014,0.9780153436445671,0.89,KIDNEY_STONE,DNN,dp,2.0,2
0.5063222656249999,0.02031250000000001,3200,800,0.101875,0.101875,0.1,0.9788739227947758,326,79,721,2874,0.101875,0.09875,True,max_tpr_with_empirical_fpr_le_target,0.0121875,0.0121875,0.01,2.7078095596497427,39,8,792,3161,0.0121875,0.01,True,max_tpr_with_empirical_fpr_le_target,0.0053125,0.0053125,0.001,3.554080063322372,17,0,800,3183,0.0053125,0.0,False,max_tpr_with_empirical_fpr_le_target,32,True,False,0.9018222580999846,0.9069894012436924,0.89,KIDNEY_STONE,DNN,dp,2.0,3
0.50421328125,0.021874999999999978,3200,800,0.109375,0.109375,0.1,0.8129825577544187,350,80,720,2850,0.109375,0.1,True,max_tpr_with_empirical_fpr_le_target,0.0190625,0.0190625,0.01,2.149478479979887,61,8,792,3139,0.0190625,0.01,True,max_tpr_with_empirical_fpr_le_target,0.00125,0.00125,0.001,5.993029600162,4,0,800,3196,0.00125,0.0,False,max_tpr_with_empirical_fpr_le_target,32,True,False,0.904441934423196,0.9157283165436281,0.89,KIDNEY_STONE,DNN,dp,2.0,4
0.5097390625,0.026562500000000044,3200,800,0.104375,0.104375,0.1,1.0882996413935242,334,80,720,2866,0.104375,0.1,True,max_tpr_with_empirical_fpr_le_target,0.014375,0.014375,0.01,2.547283046533117,46,8,792,3154,0.014375,0.01,True,max_tpr_with_empirical_fpr_le_target,0.0015625,0.0015625,0.001,4.387722303658206,5,0,800,3195,0.0015625,0.0,False,max_tpr_with_empirical_fpr_le_target,32,True,False,0.7914417344375458,0.799680023408504,0.89,KIDNEY_STONE,DNN,dp,4.0,0
0.5072078125,0.030624999999999902,3200,800,0.10625,0.10625,0.1,1.0819340756577507,340,79,721,2860,0.10625,0.09875,True,max_tpr_with_empirical_fpr_le_target,0.0103125,0.0103125,0.01,2.9100281471739002,33,8,792,3167,0.0103125,0.01,True,max_tpr_with_empirical_fpr_le_target,0.0015625,0.0015625,0.001,4.419525004908364,5,0,800,3195,0.0015625,0.0,False,max_tpr_with_empirical_fpr_le_target,32,True,False,0.8432604419264669,0.8462703547551045,0.89,KIDNEY_STONE,DNN,dp,4.0,1
0.49902890625,0.01593750000000005,3200,800,0.09875,0.09875,0.1,0.9745885315323721,316,80,720,2884,0.09875,0.1,True,max_tpr_with_empirical_fpr_le_target,0.01,0.01,0.01,2.4844889517398814,32,8,792,3168,0.01,0.01,True,max_tpr_with_empirical_fpr_le_target,0.000625,0.000625,0.001,5.1047018263802375,2,0,800,3198,0.000625,0.0,False,max_tpr_with_empirical_fpr_le_target,32,True,False,0.9693813027394014,0.9780153436445671,0.89,KIDNEY_STONE,DNN,dp,4.0,2
0.50688125,0.028749999999999998,3200,800,0.0915625,0.0915625,0.1,1.1482343583132963,293,80,720,2907,0.0915625,0.1,True,max_tpr_with_empirical_fpr_le_target,0.013125,0.013125,0.01,2.600537381723356,42,8,792,3158,0.013125,0.01,True,max_tpr_with_empirical_fpr_le_target,0.0053125,0.0053125,0.001,3.3730513467683085,17,0,800,3183,0.0053125,0.0,False,max_tpr_with_empirical_fpr_le_target,32,True,False,0.9018222580999846,0.9069894012436924,0.89,KIDNEY_STONE,DNN,dp,4.0,3
0.503372265625,0.02125000000000002,3200,800,0.106875,0.106875,0.1,0.9061876461722553,342,80,720,2858,0.106875,0.1,True,max_tpr_with_empirical_fpr_le_target,0.020625,0.020625,0.01,2.122431802691203,66,8,792,3134,0.020625,0.01,True,max_tpr_with_empirical_fpr_le_target,0.00125,0.00125,0.001,5.6577887484422895,4,0,800,3196,0.00125,0.0,False,max_tpr_with_empirical_fpr_le_target,32,True,False,0.904441934423196,0.9157283165436281,0.89,KIDNEY_STONE,DNN,dp,4.0,4
0.511494140625,0.02937499999999993,3200,800,0.1115625,0.1115625,0.1,1.0567457028312162,357,80,720,2843,0.1115625,0.1,True,max_tpr_with_empirical_fpr_le_target,0.010625,0.010625,0.01,2.548998472930636,34,8,792,3166,0.010625,0.01,True,max_tpr_with_empirical_fpr_le_target,0.0025,0.0025,0.001,3.779348732273686,8,0,800,3192,0.0025,0.0,False,max_tpr_with_empirical_fpr_le_target,32,True,False,0.7914417344375458,0.799680023408504,0.89,KIDNEY_STONE,DNN,dp,8.0,0
0.5092828125,0.03874999999999995,3200,800,0.111875,0.111875,0.1,1.0926561891173225,358,80,720,2842,0.111875,0.1,True,max_tpr_with_empirical_fpr_le_target,0.013125,0.013125,0.01,2.7735554419841746,42,8,792,3158,0.013125,0.01,True,max_tpr_with_empirical_fpr_le_target,0.0009375,0.0009375,0.001,4.631262279976021,3,0,800,3197,0.0009375,0.0,False,max_tpr_with_empirical_fpr_le_target,32,True,False,0.8432604419264669,0.8462703547551045,0.89,KIDNEY_STONE,DNN,dp,8.0,1
0.5001949218749999,0.0246875,3200,800,0.089375,0.089375,0.1,1.079896937505974,286,78,722,2914,0.089375,0.0975,True,max_tpr_with_empirical_fpr_le_target,0.0084375,0.0084375,0.01,2.798639487794847,27,8,792,3173,0.0084375,0.01,True,max_tpr_with_empirical_fpr_le_target,0.0009375,0.0009375,0.001,4.895939486295762,3,0,800,3197,0.0009375,0.0,False,max_tpr_with_empirical_fpr_le_target,32,True,False,0.9693813027394014,0.9780153436445671,0.89,KIDNEY_STONE,DNN,dp,8.0,2
0.504646875,0.03281249999999997,3200,800,0.0984375,0.0984375,0.1,1.1098699061466863,315,80,720,2885,0.0984375,0.1,True,max_tpr_with_empirical_fpr_le_target,0.013125,0.013125,0.01,2.498157617913039,42,8,792,3158,0.013125,0.01,True,max_tpr_with_empirical_fpr_le_target,0.005625,0.005625,0.001,3.0635056536622365,18,0,800,3182,0.005625,0.0,False,max_tpr_with_empirical_fpr_le_target,32,True,False,0.9018222580999846,0.9069894012436924,0.89,KIDNEY_STONE,DNN,dp,8.0,3
0.50281953125,0.021562500000000012,3200,800,0.1134375,0.1134375,0.1,0.8767368339426596,363,79,721,2837,0.1134375,0.09875,True,max_tpr_with_empirical_fpr_le_target,0.015625,0.015625,0.01,2.293779827004255,50,8,792,3150,0.015625,0.01,True,max_tpr_with_empirical_fpr_le_target,0.0015625,0.0015625,0.001,4.647108973981858,5,0,800,3195,0.0015625,0.0,False,max_tpr_with_empirical_fpr_le_target,32,True,False,0.904441934423196,0.9157283165436281,0.89,KIDNEY_STONE,DNN,dp,8.0,4
0.5119164062499999,0.03281249999999991,3200,800,0.1075,0.1075,0.1,1.0648022032549123,344,80,720,2856,0.1075,0.1,True,max_tpr_with_empirical_fpr_le_target,0.0090625,0.0090625,0.01,2.59051345407455,29,8,792,3171,0.0090625,0.01,True,max_tpr_with_empirical_fpr_le_target,0.0040625,0.0040625,0.001,3.3401246896544468,13,0,800,3187,0.0040625,0.0,False,max_tpr_with_empirical_fpr_le_target,32,True,False,0.7914417344375458,0.799680023408504,0.89,KIDNEY_STONE,DNN,dp,10.0,0
0.51046484375,0.03343750000000001,3200,800,0.1121875,0.1121875,0.1,1.081735737666925,359,80,720,2841,0.1121875,0.1,True,max_tpr_with_empirical_fpr_le_target,0.011875,0.011875,0.01,2.871921704166862,38,7,793,3162,0.011875,0.00875,True,max_tpr_with_empirical_fpr_le_target,0.000625,0.000625,0.001,4.7507753927289915,2,0,800,3198,0.000625,0.0,False,max_tpr_with_empirical_fpr_le_target,32,True,False,0.8432604419264669,0.8462703547551045,0.89,KIDNEY_STONE,DNN,dp,10.0,1
0.501417578125,0.024375000000000008,3200,800,0.0909375,0.0909375,0.1,1.046508667420321,291,80,720,2909,0.0909375,0.1,True,max_tpr_with_empirical_fpr_le_target,0.0084375,0.0084375,0.01,2.7795513313537326,27,8,792,3173,0.0084375,0.01,True,max_tpr_with_empirical_fpr_le_target,0.0009375,0.0009375,0.001,4.667689268049342,3,0,800,3197,0.0009375,0.0,False,max_tpr_with_empirical_fpr_le_target,32,True,False,0.9693813027394014,0.9780153436445671,0.89,KIDNEY_STONE,DNN,dp,10.0,2
0.5034359375,0.02718750000000003,3200,800,0.0971875,0.0971875,0.1,1.0942868565129733,311,80,720,2889,0.0971875,0.1,True,max_tpr_with_empirical_fpr_le_target,0.0125,0.0125,0.01,2.5022383098005476,40,8,792,3160,0.0125,0.01,True,max_tpr_with_empirical_fpr_le_target,0.005625,0.005625,0.001,3.0351126401985606,18,0,800,3182,0.005625,0.0,False,max_tpr_with_empirical_fpr_le_target,32,True,False,0.9018222580999846,0.9069894012436924,0.89,KIDNEY_STONE,DNN,dp,10.0,3
0.50263984375,0.021562499999999984,3200,800,0.1153125,0.1153125,0.1,0.8570275611563956,369,79,721,2831,0.1153125,0.09875,True,max_tpr_with_empirical_fpr_le_target,0.0140625,0.0140625,0.01,2.3289021208750413,45,7,793,3155,0.0140625,0.00875,True,max_tpr_with_empirical_fpr_le_target,0.0015625,0.0015625,0.001,4.4385917204513845,5,0,800,3195,0.0015625,0.0,False,max_tpr_with_empirical_fpr_le_target,32,True,False,0.904441934423196,0.9157283165436281,0.89,KIDNEY_STONE,DNN,dp,10.0,4
