analysis,subset,al_definition,dataset,model,metric,epsilon,rho,n,n_dataset_clusters,p,p_method,ci_low,ci_high,ci_method,n_permutations,n_bootstrap_valid,note
within-pair (n=9 across epsilons),all_pairs,AL_exported,Breast Cancer,DP-DNN,yeom_advantage,,-1.0,9,,0.0,asymptotic Spearman,-1.0,-1.0,Bonett-Wright Fisher-z,0,0,perfect monotone rank agreement; CI degenerate at rho
within-pair (n=9 across epsilons),all_pairs,AL_exported,Breast Cancer,DP-DNN,lira_auc,,-0.7074749701108396,9,,0.03301307820972575,asymptotic Spearman,-0.9443500147923596,0.012579242004185837,Bonett-Wright Fisher-z,0,0,
within-pair (n=9 across epsilons),all_pairs,AL_exported,Breast Cancer,DP-DNN,shokri_auc,,-0.5595028849441883,9,,0.11725801179643583,asymptotic Spearman,-0.9038031776906018,0.22449792913959635,Bonett-Wright Fisher-z,0,0,
within-pair (n=9 across epsilons),all_pairs,AL_exported,Breast Cancer,DP-DNN,lira_tpr_at_1pct,,0.7226912263862432,9,,0.027837748006815696,asymptotic Spearman,0.014679637472477561,0.9480175564804276,Bonett-Wright Fisher-z,0,0,
within-pair (n=9 across epsilons),all_pairs,AL_exported,Breast Cancer,DP-GNB,yeom_advantage,,0.34045327482409776,9,,0.3699806113477238,asymptotic Spearman,-0.4369107825075652,0.8266985968188567,Bonett-Wright Fisher-z,0,0,
within-pair (n=9 across epsilons),all_pairs,AL_exported,Breast Cancer,DP-GNB,lira_auc,,0.2203706386767634,9,,0.5688380139511053,asymptotic Spearman,-0.5268411383994889,0.7754493643589655,Bonett-Wright Fisher-z,0,0,
within-pair (n=9 across epsilons),all_pairs,AL_exported,Breast Cancer,DP-GNB,shokri_auc,,-0.45769286494404704,9,,0.21541170296009043,asymptotic Spearman,-0.8705634271215743,0.3333783798216748,Bonett-Wright Fisher-z,0,0,
within-pair (n=9 across epsilons),all_pairs,AL_exported,Breast Cancer,DP-GNB,lira_tpr_at_1pct,,0.30512857662936466,9,,0.4246269982624868,asymptotic Spearman,-0.46478634172375477,0.8122917640530617,Bonett-Wright Fisher-z,0,0,
within-pair (n=9 across epsilons),all_pairs,AL_exported,Breast Cancer,DP-LR,yeom_advantage,,0.4267819784654187,9,,0.25195669028740064,asymptotic Spearman,-0.36256702134681074,0.8595839097501113,Bonett-Wright Fisher-z,0,0,
within-pair (n=9 across epsilons),all_pairs,AL_exported,Breast Cancer,DP-LR,lira_auc,,-0.1338923854009157,9,,0.7312787650945741,asymptotic Spearman,-0.7345006701681411,0.5843407013560225,Bonett-Wright Fisher-z,0,0,
within-pair (n=9 across epsilons),all_pairs,AL_exported,Breast Cancer,DP-LR,shokri_auc,,0.04184137043778616,9,,0.9148857180816651,asymptotic Spearman,-0.640272989786712,0.6870612168128701,Bonett-Wright Fisher-z,0,0,
within-pair (n=9 across epsilons),all_pairs,AL_exported,Breast Cancer,DP-LR,lira_tpr_at_1pct,,-0.8451956828432803,9,,0.0041165974193028195,asymptotic Spearman,-0.9743259209445725,-0.29764031077743375,Bonett-Wright Fisher-z,0,0,
within-pair (n=9 across epsilons),all_pairs,AL_exported,Breast Cancer,DP-RF,yeom_advantage,,-0.6168897525164957,9,,0.0767914836315314,asymptotic Spearman,-0.9205977554320541,0.15181299297625012,Bonett-Wright Fisher-z,0,0,
within-pair (n=9 across epsilons),all_pairs,AL_exported,Breast Cancer,DP-RF,lira_auc,,-0.7278253428740509,9,,0.02621983802051682,asymptotic Spearman,-0.9492345505343426,-0.024182151275454738,Bonett-Wright Fisher-z,0,0,
within-pair (n=9 across epsilons),all_pairs,AL_exported,Breast Cancer,DP-RF,shokri_auc,,-0.7711482799498873,9,,0.014968562414476522,asymptotic Spearman,-0.9590981782647867,-0.11131341484495079,Bonett-Wright Fisher-z,0,0,
within-pair (n=9 across epsilons),all_pairs,AL_exported,Breast Cancer,DP-RF,lira_tpr_at_1pct,,-0.017401834162972505,9,,0.9645582194331808,asymptotic Spearman,-0.6737702812317797,0.6543160033175779,Bonett-Wright Fisher-z,0,0,
within-pair (n=9 across epsilons),all_pairs,AL_exported,Breast Cancer,DP-SVM,yeom_advantage,,0.22594340036404525,9,,0.5588463751684138,asymptotic Spearman,-0.5229482114560563,0.7779710186899499,Bonett-Wright Fisher-z,0,0,
within-pair (n=9 across epsilons),all_pairs,AL_exported,Breast Cancer,DP-SVM,lira_auc,,-0.54393781569122,9,,0.13005468899084704,asymptotic Spearman,-0.8990088920903377,0.2426285293800077,Bonett-Wright Fisher-z,0,0,
within-pair (n=9 across epsilons),all_pairs,AL_exported,Breast Cancer,DP-SVM,shokri_auc,,0.15062893357603013,9,,0.6988841292948215,asymptotic Spearman,-0.5736149075233876,0.7426944553057333,Bonett-Wright Fisher-z,0,0,
within-pair (n=9 across epsilons),all_pairs,AL_exported,Breast Cancer,DP-SVM,lira_tpr_at_1pct,,0.1898751079416854,9,,0.6246231323438359,asymptotic Spearman,-0.5477239632291391,0.7614005716771168,Bonett-Wright Fisher-z,0,0,
within-pair (n=9 across epsilons),all_pairs,AL_exported,Cancer Risk,DP-DNN,yeom_advantage,,-0.319327731092437,9,,0.402244256401878,asymptotic Spearman,-0.8181494403807983,0.4537384711082163,Bonett-Wright Fisher-z,0,0,
within-pair (n=9 across epsilons),all_pairs,AL_exported,Cancer Risk,DP-DNN,lira_auc,,0.7698812160552653,9,,0.015240184856772946,asymptotic Spearman,0.10857145634959559,0.9588198844830634,Bonett-Wright Fisher-z,0,0,
within-pair (n=9 across epsilons),all_pairs,AL_exported,Cancer Risk,DP-DNN,shokri_auc,,0.34309923758984645,9,,0.366029243023804,asymptotic Spearman,-0.4347688290842066,0.8277554151852513,Bonett-Wright Fisher-z,0,0,
within-pair (n=9 across epsilons),all_pairs,AL_exported,Cancer Risk,DP-DNN,lira_tpr_at_1pct,,0.6276205565667923,9,,0.07036502278970762,asymptotic Spearman,-0.13706068677748764,0.9235859410415502,Bonett-Wright Fisher-z,0,0,
within-pair (n=9 across epsilons),all_pairs,AL_exported,Cancer Risk,DP-GNB,yeom_advantage,,-0.326362689414732,9,,0.3913604492997979,asymptotic Spearman,-0.8210183871751168,0.44818780050875545,Bonett-Wright Fisher-z,0,0,
within-pair (n=9 across epsilons),all_pairs,AL_exported,Cancer Risk,DP-GNB,lira_auc,,0.02510482226267169,9,,0.9488837293174807,asymptotic Spearman,-0.6499244599877587,0.6779918617468083,Bonett-Wright Fisher-z,0,0,
within-pair (n=9 across epsilons),all_pairs,AL_exported,Cancer Risk,DP-GNB,shokri_auc,,0.108787563138244,9,,0.7805538526280621,asymptotic Spearman,-0.6000952722385908,0.7219642660839113,Bonett-Wright Fisher-z,0,0,
within-pair (n=9 across epsilons),all_pairs,AL_exported,Cancer Risk,DP-GNB,lira_tpr_at_1pct,,0.23949579831932777,9,,0.5348261148175906,asymptotic Spearman,-0.5133776802177548,0.784044840815901,Bonett-Wright Fisher-z,0,0,
within-pair (n=9 across epsilons),all_pairs,AL_exported,Cancer Risk,DP-LR,yeom_advantage,,-0.9532691695074738,9,,6.938268647974957e-05,asymptotic Spearman,-0.9930782874628813,-0.7170126053010529,Bonett-Wright Fisher-z,0,0,
within-pair (n=9 across epsilons),all_pairs,AL_exported,Cancer Risk,DP-LR,lira_auc,,-0.7119666788018509,9,,0.03142525586076605,asymptotic Spearman,-0.9454421112133331,0.004669154536897828,Bonett-Wright Fisher-z,0,0,
within-pair (n=9 across epsilons),all_pairs,AL_exported,Cancer Risk,DP-LR,shokri_auc,,-0.33903175181040524,9,,0.3721117934172025,asymptotic Spearman,-0.8261295473399263,0.43805830969241133,Bonett-Wright Fisher-z,0,0,
within-pair (n=9 across epsilons),all_pairs,AL_exported,Cancer Risk,DP-LR,lira_tpr_at_1pct,,0.7319745408718102,9,,0.024958398350333106,asymptotic Spearman,0.03197953919594809,0.9502105710162378,Bonett-Wright Fisher-z,0,0,
within-pair (n=9 across epsilons),all_pairs,AL_exported,Cancer Risk,DP-RF,yeom_advantage,,-0.5000000000000001,9,,0.1704706607870537,asymptotic Spearman,-0.8849175889269288,0.29074801452819277,Bonett-Wright Fisher-z,0,0,
within-pair (n=9 across epsilons),all_pairs,AL_exported,Cancer Risk,DP-RF,lira_auc,,-0.18646746349572288,9,,0.6309668238972302,asymptotic Spearman,-0.759804403733726,0.5500147454083432,Bonett-Wright Fisher-z,0,0,
within-pair (n=9 across epsilons),all_pairs,AL_exported,Cancer Risk,DP-RF,shokri_auc,,0.22129462863566354,9,,0.5671768423586119,asymptotic Spearman,-0.5261973580436926,0.7758684388008804,Bonett-Wright Fisher-z,0,0,
within-pair (n=9 across epsilons),all_pairs,AL_exported,Cancer Risk,DP-RF,lira_tpr_at_1pct,,-0.35598333940092547,9,,0.3470801223983502,asymptotic Spearman,-0.8328570978274973,0.42422534398380674,Bonett-Wright Fisher-z,0,0,
within-pair (n=9 across epsilons),all_pairs,AL_exported,Cancer Risk,DP-SVM,yeom_advantage,,-0.5858290865554853,9,,0.09739836684069947,asymptotic Spearman,-0.9116789613443769,0.1923684791189833,Bonett-Wright Fisher-z,0,0,
within-pair (n=9 across epsilons),all_pairs,AL_exported,Cancer Risk,DP-SVM,lira_auc,,0.13989948335653377,9,,0.7196066014451042,asymptotic Spearman,-0.5805119187626591,0.7374565926146858,Bonett-Wright Fisher-z,0,0,
within-pair (n=9 across epsilons),all_pairs,AL_exported,Cancer Risk,DP-SVM,shokri_auc,,0.3759798615206846,9,,0.31864671185858867,asymptotic Spearman,-0.4074729969399534,0.8406296437572368,Bonett-Wright Fisher-z,0,0,
within-pair (n=9 across epsilons),all_pairs,AL_exported,Cancer Risk,DP-SVM,lira_tpr_at_1pct,,0.2282898581798495,9,,0.5546589995080073,asymptotic Spearman,-0.5213017275739668,0.7790285782348133,Bonett-Wright Fisher-z,0,0,
within-pair (n=9 across epsilons),all_pairs,AL_exported,Diabetes,DP-DNN,yeom_advantage,,0.5166666666666667,9,,0.15439012098622507,asymptotic Spearman,-0.2729949929181571,0.8903601408134023,Bonett-Wright Fisher-z,0,0,
within-pair (n=9 across epsilons),all_pairs,AL_exported,Diabetes,DP-DNN,lira_auc,,-0.08333333333333334,9,,0.831214097710308,asymptotic Spearman,-0.7089486377732402,0.6156769091154475,Bonett-Wright Fisher-z,0,0,
within-pair (n=9 across epsilons),all_pairs,AL_exported,Diabetes,DP-DNN,shokri_auc,,-0.8333333333333333,9,,0.005265691029161747,asymptotic Spearman,-0.9720211788120464,-0.2638221413574253,Bonett-Wright Fisher-z,0,0,
within-pair (n=9 across epsilons),all_pairs,AL_exported,Diabetes,DP-DNN,lira_tpr_at_1pct,,-0.5333333333333333,9,,0.13922686754397814,asymptotic Spearman,-0.8956835405976523,0.254640389802388,Bonett-Wright Fisher-z,0,0,
within-pair (n=9 across epsilons),all_pairs,AL_exported,Diabetes,DP-GNB,yeom_advantage,,0.31666666666666665,9,,0.406397014486386,asymptotic Spearman,-0.4558246201185339,0.8170584869066698,Bonett-Wright Fisher-z,0,0,
within-pair (n=9 across epsilons),all_pairs,AL_exported,Diabetes,DP-GNB,lira_auc,,0.38333333333333336,9,,0.3084952723803716,asymptotic Spearman,-0.40118808453581994,0.8434435035777011,Bonett-Wright Fisher-z,0,0,
within-pair (n=9 across epsilons),all_pairs,AL_exported,Diabetes,DP-GNB,shokri_auc,,0.09999999999999999,9,,0.797971695234851,asymptotic Spearman,-0.6055182390386287,0.717505794453041,Bonett-Wright Fisher-z,0,0,
within-pair (n=9 across epsilons),all_pairs,AL_exported,Diabetes,DP-GNB,lira_tpr_at_1pct,,-0.26666666666666666,9,,0.48792227483870076,asymptotic Spearman,-0.7959728312436334,0.49373001543893047,Bonett-Wright Fisher-z,0,0,
within-pair (n=9 across epsilons),all_pairs,AL_exported,Diabetes,DP-LR,yeom_advantage,,-0.45379753568064973,9,,0.21984567541906394,asymptotic Spearman,-0.8692027567496706,0.3371422528007339,Bonett-Wright Fisher-z,0,0,
within-pair (n=9 across epsilons),all_pairs,AL_exported,Diabetes,DP-LR,lira_auc,,0.9075950713612995,9,,0.0007207661476132482,asymptotic Spearman,0.5101654398579257,0.9856354340785372,Bonett-Wright Fisher-z,0,0,
within-pair (n=9 across epsilons),all_pairs,AL_exported,Diabetes,DP-LR,shokri_auc,,-0.25210974204480535,9,,0.5128371802316591,asymptotic Spearman,-0.7896236428529251,0.5043345146148401,Bonett-Wright Fisher-z,0,0,
within-pair (n=9 across epsilons),all_pairs,AL_exported,Diabetes,DP-LR,lira_tpr_at_1pct,,-0.1176512129542425,9,,0.7630703618815534,asymptotic Spearman,-0.7264243040883771,0.5945776806038577,Bonett-Wright Fisher-z,0,0,
within-pair (n=9 across epsilons),all_pairs,AL_exported,Diabetes,DP-RF,yeom_advantage,,0.8595822506667449,9,,0.002969521996401982,asymptotic Spearman,0.34113807906152044,0.9770537984642886,Bonett-Wright Fisher-z,0,0,
within-pair (n=9 across epsilons),all_pairs,AL_exported,Diabetes,DP-RF,lira_auc,,-0.14347141033685276,9,,0.7126896628339858,asymptotic Spearman,-0.7392062642516946,0.5782242007620358,Bonett-Wright Fisher-z,0,0,
within-pair (n=9 across epsilons),all_pairs,AL_exported,Diabetes,DP-RF,shokri_auc,,0.7848730094898416,9,,0.012231053084833868,asymptotic Spearman,0.1418530135340612,0.9620738267887788,Bonett-Wright Fisher-z,0,0,
within-pair (n=9 across epsilons),all_pairs,AL_exported,Diabetes,DP-RF,lira_tpr_at_1pct,,0.4322189107537832,9,,0.2453042346940975,asymptotic Spearman,-0.35754256649438254,0.861545345015527,Bonett-Wright Fisher-z,0,0,
within-pair (n=9 across epsilons),all_pairs,AL_exported,Diabetes,DP-SVM,yeom_advantage,,-0.7949860383179369,9,,0.010444517709683928,asymptotic Spearman,-0.964221240538883,-0.16539273899519,Bonett-Wright Fisher-z,0,0,
within-pair (n=9 across epsilons),all_pairs,AL_exported,Diabetes,DP-SVM,lira_auc,,0.9121418755437382,9,,0.000606850679471499,asymptotic Spearman,0.5284414885952452,0.9864073176783287,Bonett-Wright Fisher-z,0,0,
within-pair (n=9 across epsilons),all_pairs,AL_exported,Diabetes,DP-SVM,shokri_auc,,-0.4100454302903043,9,,0.27302974714377237,asymptotic Spearman,-0.8534647430950537,0.37775751389995155,Bonett-Wright Fisher-z,0,0,
within-pair (n=9 across epsilons),all_pairs,AL_exported,Diabetes,DP-SVM,lira_tpr_at_1pct,,0.9411764705882354,9,,0.0001534134477425025,asymptotic Spearman,0.656764699347236,0.9911742772854737,Bonett-Wright Fisher-z,0,0,
within-pair (n=9 across epsilons),all_pairs,AL_exported,Gallstone,DP-DNN,yeom_advantage,,0.6137846542001533,9,,0.07871663583387468,asymptotic Spearman,-0.1560075542803008,0.9197242046415541,Bonett-Wright Fisher-z,0,0,
within-pair (n=9 across epsilons),all_pairs,AL_exported,Gallstone,DP-DNN,lira_auc,,-0.7768985960673559,9,,0.01377648436154386,asymptotic Spearman,-0.9603535336033975,-0.123919018596683,Bonett-Wright Fisher-z,0,0,
within-pair (n=9 across epsilons),all_pairs,AL_exported,Gallstone,DP-DNN,shokri_auc,,,9,,,asymptotic Spearman,,,Bonett-Wright Fisher-z,0,0,undefined: leakage series constant (zero variance)
within-pair (n=9 across epsilons),all_pairs,AL_exported,Gallstone,DP-DNN,lira_tpr_at_1pct,,-0.7990709194465474,9,,0.009775862585910695,asymptotic Spearman,-0.9650778355023185,-0.1751656723232722,Bonett-Wright Fisher-z,0,0,
within-pair (n=9 across epsilons),all_pairs,AL_exported,Gallstone,DP-GNB,yeom_advantage,,0.43885372573625553,9,,0.23731540935901643,asymptotic Spearman,-0.3513492789800594,0.8639214207008648,Bonett-Wright Fisher-z,0,0,
within-pair (n=9 across epsilons),all_pairs,AL_exported,Gallstone,DP-GNB,lira_auc,,0.10971343143406388,9,,0.7787234682933726,asymptotic Spearman,-0.5995211750320499,0.7224318838018383,Bonett-Wright Fisher-z,0,0,
within-pair (n=9 across epsilons),all_pairs,AL_exported,Gallstone,DP-GNB,shokri_auc,,-0.3122613048507972,9,,0.4133146518907889,asymptotic Spearman,-0.8152454993246439,0.4592622125532576,Bonett-Wright Fisher-z,0,0,
within-pair (n=9 across epsilons),all_pairs,AL_exported,Gallstone,DP-GNB,lira_tpr_at_1pct,,0.2616243364966139,9,,0.4964952585060011,asymptotic Spearman,-0.4974241250928948,0.7937843272867671,Bonett-Wright Fisher-z,0,0,
within-pair (n=9 across epsilons),all_pairs,AL_exported,Gallstone,DP-LR,yeom_advantage,,0.6272087408492496,9,,0.07060520621579136,asymptotic Spearman,-0.13763433809530262,0.9234721401589608,Bonett-Wright Fisher-z,0,0,
within-pair (n=9 across epsilons),all_pairs,AL_exported,Gallstone,DP-LR,lira_auc,,0.5594023904871686,9,,0.11733810288497039,asymptotic Spearman,-0.2246169691933668,0.9037725533103791,Bonett-Wright Fisher-z,0,0,
within-pair (n=9 across epsilons),all_pairs,AL_exported,Gallstone,DP-LR,shokri_auc,,0.38988651458196605,9,,0.299588758586314,asymptotic Spearman,-0.3955285122739781,0.8459310418109148,Bonett-Wright Fisher-z,0,0,
within-pair (n=9 across epsilons),all_pairs,AL_exported,Gallstone,DP-LR,lira_tpr_at_1pct,,0.8645309671165332,9,,0.002632371844833852,asymptotic Spearman,0.3567795449637528,0.9779752417074198,Bonett-Wright Fisher-z,0,0,
within-pair (n=9 across epsilons),all_pairs,AL_exported,Gallstone,DP-RF,yeom_advantage,,0.9139289531633575,9,,0.0005657488177664984,asymptotic Spearman,0.5357490195928047,0.9867088004539625,Bonett-Wright Fisher-z,0,0,
within-pair (n=9 across epsilons),all_pairs,AL_exported,Gallstone,DP-RF,lira_auc,,-0.3505426036290943,9,,0.35502268778864143,asymptotic Spearman,-0.8307117122776102,0.4287009244015502,Bonett-Wright Fisher-z,0,0,
within-pair (n=9 across epsilons),all_pairs,AL_exported,Gallstone,DP-RF,shokri_auc,,0.47024007803902895,9,,0.20146787949139733,asymptotic Spearman,-0.32107711885095636,0.874901415321722,Bonett-Wright Fisher-z,0,0,
within-pair (n=9 across epsilons),all_pairs,AL_exported,Gallstone,DP-RF,lira_tpr_at_1pct,,-0.5386386348447059,9,,0.13459200563808751,asymptotic Spearman,-0.8973531667888169,0.2486644418771793,Bonett-Wright Fisher-z,0,0,
within-pair (n=9 across epsilons),all_pairs,AL_exported,Gallstone,DP-SVM,yeom_advantage,,0.5941474602165634,9,,0.09158336570110653,asymptotic Spearman,-0.1818036080162584,0.914106954322448,Bonett-Wright Fisher-z,0,0,
within-pair (n=9 across epsilons),all_pairs,AL_exported,Gallstone,DP-SVM,lira_auc,,-0.7113032974423645,9,,0.031656557033302335,asymptotic Spearman,-0.945281319681928,0.0058444403878531144,Bonett-Wright Fisher-z,0,0,
within-pair (n=9 across epsilons),all_pairs,AL_exported,Gallstone,DP-SVM,shokri_auc,,-0.18410202992625907,9,,0.6353826478012163,asymptotic Spearman,-0.7586932929555662,0.5516000009248041,Bonett-Wright Fisher-z,0,0,
within-pair (n=9 across epsilons),all_pairs,AL_exported,Gallstone,DP-SVM,lira_tpr_at_1pct,,0.7447763937925935,9,,0.02131972812332017,asymptotic Spearman,0.05673027254048923,0.9531798695008836,Bonett-Wright Fisher-z,0,0,
within-pair (n=9 across epsilons),all_pairs,AL_exported,Kidney Stone,DP-DNN,yeom_advantage,,-0.8677218312746247,9,,0.0024295765147508406,asymptotic Spearman,-0.9785648198925258,-0.36705986395368995,Bonett-Wright Fisher-z,0,0,
within-pair (n=9 across epsilons),all_pairs,AL_exported,Kidney Stone,DP-DNN,lira_auc,,-0.7302967433402214,9,,0.025463561683239266,asymptotic Spearman,-0.9498167077350951,-0.028813665985880588,Bonett-Wright Fisher-z,0,0,
within-pair (n=9 across epsilons),all_pairs,AL_exported,Kidney Stone,DP-DNN,shokri_auc,,-0.59336610396393,9,,0.09212027344886972,asymptotic Spearman,-0.9138801214753932,0.18280486543890687,Bonett-Wright Fisher-z,0,0,
within-pair (n=9 across epsilons),all_pairs,AL_exported,Kidney Stone,DP-DNN,lira_tpr_at_1pct,,0.5958540230683373,9,,0.09041738746264182,asymptotic Spearman,-0.17961025184025498,0.9146014937741709,Bonett-Wright Fisher-z,0,0,
within-pair (n=9 across epsilons),all_pairs,AL_exported,Kidney Stone,DP-GNB,yeom_advantage,,-0.8181818181818182,9,,0.007029018964856406,asymptotic Spearman,-0.9690035772156191,-0.22306523939945969,Bonett-Wright Fisher-z,0,0,
within-pair (n=9 across epsilons),all_pairs,AL_exported,Kidney Stone,DP-GNB,lira_auc,,-0.8355727485873495,9,,0.005033821845567632,asymptotic Spearman,-0.9724601428690166,-0.27007278666299406,Bonett-Wright Fisher-z,0,0,
within-pair (n=9 across epsilons),all_pairs,AL_exported,Kidney Stone,DP-GNB,shokri_auc,,-0.6353834442382971,9,,0.06593282386038873,asymptotic Spearman,-0.9257180783853431,0.12613164782047206,Bonett-Wright Fisher-z,0,0,
within-pair (n=9 across epsilons),all_pairs,AL_exported,Kidney Stone,DP-GNB,lira_tpr_at_1pct,,-0.08703882797784893,9,,0.8238015497960073,asymptotic Spearman,-0.710862649934473,0.6134324912345925,Bonett-Wright Fisher-z,0,0,
within-pair (n=9 across epsilons),all_pairs,AL_exported,Kidney Stone,DP-LR,yeom_advantage,,-0.8645309671165332,9,,0.002632371844833852,asymptotic Spearman,-0.9779752417074198,-0.3567795449637528,Bonett-Wright Fisher-z,0,0,
within-pair (n=9 across epsilons),all_pairs,AL_exported,Kidney Stone,DP-LR,lira_auc,,-0.4407412773535268,9,,0.23506870996364326,asymptotic Spearman,-0.8645938814960707,0.34957469866555835,Bonett-Wright Fisher-z,0,0,
within-pair (n=9 across epsilons),all_pairs,AL_exported,Kidney Stone,DP-LR,shokri_auc,,-0.35598333940092547,9,,0.3470801223983502,asymptotic Spearman,-0.8328570978274973,0.42422534398380674,Bonett-Wright Fisher-z,0,0,
within-pair (n=9 across epsilons),all_pairs,AL_exported,Kidney Stone,DP-LR,lira_tpr_at_1pct,,0.5594023904871686,9,,0.11733810288497039,asymptotic Spearman,-0.2246169691933668,0.9037725533103791,Bonett-Wright Fisher-z,0,0,
within-pair (n=9 across epsilons),all_pairs,AL_exported,Kidney Stone,DP-RF,yeom_advantage,,0.6843158461850065,9,,0.042028338225670155,asymptotic Spearman,-0.0516727724397115,0.938592335991078,Bonett-Wright Fisher-z,0,0,
within-pair (n=9 across epsilons),all_pairs,AL_exported,Kidney Stone,DP-RF,lira_auc,,0.5865557254410011,9,,0.09688167145319519,asymptotic Spearman,-0.19145383533375468,0.9118922099291257,Bonett-Wright Fisher-z,0,0,
within-pair (n=9 across epsilons),all_pairs,AL_exported,Kidney Stone,DP-RF,shokri_auc,,0.0,9,,1.0,asymptotic Spearman,-0.6641217079267975,0.6641217079267975,Bonett-Wright Fisher-z,0,0,
within-pair (n=9 across epsilons),all_pairs,AL_exported,Kidney Stone,DP-RF,lira_tpr_at_1pct,,0.3811274107713804,9,,0.31152314481330473,asymptotic Spearman,-0.40308068993344015,0.8426018947683094,Bonett-Wright Fisher-z,0,0,
within-pair (n=9 across epsilons),all_pairs,AL_exported,Kidney Stone,DP-SVM,yeom_advantage,,-0.7592566023652966,9,,0.017648307110135198,asymptotic Spearman,-0.9564623519332872,-0.08606793535933181,Bonett-Wright Fisher-z,0,0,
within-pair (n=9 across epsilons),all_pairs,AL_exported,Kidney Stone,DP-SVM,lira_auc,,-0.6390096504226938,9,,0.06392412293886497,asymptotic Spearman,-0.9267055642217179,0.12094982435228824,Bonett-Wright Fisher-z,0,0,
within-pair (n=9 across epsilons),all_pairs,AL_exported,Kidney Stone,DP-SVM,shokri_auc,,-0.15975241260567344,9,,0.6813971672244921,asymptotic Spearman,-0.7471063252232562,0.5676903443841156,Bonett-Wright Fisher-z,0,0,
within-pair (n=9 across epsilons),all_pairs,AL_exported,Kidney Stone,DP-SVM,lira_tpr_at_1pct,,0.7302967433402214,9,,0.025463561683239266,asymptotic Spearman,0.028813665985880588,0.9498167077350951,Bonett-Wright Fisher-z,0,0,
within-pair (n=9 across epsilons),all_pairs,AL_exported,Lung Cancer,DP-DNN,yeom_advantage,,-0.16110055813220658,9,,0.678824061526354,asymptotic Spearman,-0.7477549888252831,0.5668101530984867,Bonett-Wright Fisher-z,0,0,
within-pair (n=9 across epsilons),all_pairs,AL_exported,Lung Cancer,DP-DNN,lira_auc,,-0.09128709291752768,9,,0.8153180714600264,asymptotic Spearman,-0.7130489132308946,0.6108494076248272,Bonett-Wright Fisher-z,0,0,
within-pair (n=9 across epsilons),all_pairs,AL_exported,Lung Cancer,DP-DNN,shokri_auc,,0.5249007842757842,9,,0.14678430726681804,asymptotic Spearman,-0.26400482311913964,0.8930050077763385,Bonett-Wright Fisher-z,0,0,
within-pair (n=9 across epsilons),all_pairs,AL_exported,Lung Cancer,DP-DNN,lira_tpr_at_1pct,,0.15975241260567344,9,,0.6813971672244921,asymptotic Spearman,-0.5676903443841156,0.7471063252232562,Bonett-Wright Fisher-z,0,0,
within-pair (n=9 across epsilons),all_pairs,AL_exported,Lung Cancer,DP-GNB,yeom_advantage,,0.6019820970270344,9,,0.08630583364982958,asymptotic Spearman,-0.17165957758862668,0.9163673110991533,Bonett-Wright Fisher-z,0,0,
within-pair (n=9 across epsilons),all_pairs,AL_exported,Lung Cancer,DP-GNB,lira_auc,,-0.6701989754294366,9,,0.04822931198294204,asymptotic Spearman,-0.9349775943238647,0.07421432424592272,Bonett-Wright Fisher-z,0,0,
within-pair (n=9 across epsilons),all_pairs,AL_exported,Lung Cancer,DP-GNB,shokri_auc,,-0.44389802268702944,9,,0.23133718370585238,asymptotic Spearman,-0.8657150307948336,0.3465941871769602,Bonett-Wright Fisher-z,0,0,
within-pair (n=9 across epsilons),all_pairs,AL_exported,Lung Cancer,DP-GNB,lira_tpr_at_1pct,,-0.5222329678670935,9,,0.1492240544995434,asymptotic Spearman,-0.8921512638439398,0.26693398692933434,Bonett-Wright Fisher-z,0,0,
within-pair (n=9 across epsilons),all_pairs,AL_exported,Lung Cancer,DP-LR,yeom_advantage,,-0.9532691695074738,9,,6.938268647974957e-05,asymptotic Spearman,-0.9930782874628813,-0.7170126053010529,Bonett-Wright Fisher-z,0,0,
within-pair (n=9 across epsilons),all_pairs,AL_exported,Lung Cancer,DP-LR,lira_auc,,0.5254992153061281,9,,0.14624025831231627,asymptotic Spearman,-0.26334558333141816,0.8931960969527715,Bonett-Wright Fisher-z,0,0,
within-pair (n=9 across epsilons),all_pairs,AL_exported,Lung Cancer,DP-LR,shokri_auc,,0.4746444525345673,9,,0.19669605234939094,asymptotic Spearman,-0.3166930565243352,0.8764079448657016,Bonett-Wright Fisher-z,0,0,
within-pair (n=9 across epsilons),all_pairs,AL_exported,Lung Cancer,DP-LR,lira_tpr_at_1pct,,0.7119666788018509,9,,0.03142525586076605,asymptotic Spearman,-0.004669154536897828,0.9454421112133331,Bonett-Wright Fisher-z,0,0,
within-pair (n=9 across epsilons),all_pairs,AL_exported,Lung Cancer,DP-RF,yeom_advantage,,1.0,9,,0.0,asymptotic Spearman,1.0,1.0,Bonett-Wright Fisher-z,0,0,perfect monotone rank agreement; CI degenerate at rho
within-pair (n=9 across epsilons),all_pairs,AL_exported,Lung Cancer,DP-RF,lira_auc,,-0.09166984970282113,9,,0.8145545364084783,asymptotic Spearman,-0.7132454648993215,0.6106161567051613,Bonett-Wright Fisher-z,0,0,
within-pair (n=9 across epsilons),all_pairs,AL_exported,Lung Cancer,DP-RF,shokri_auc,,0.09128709291752768,9,,0.8153180714600264,asymptotic Spearman,-0.6108494076248272,0.7130489132308946,Bonett-Wright Fisher-z,0,0,
within-pair (n=9 across epsilons),all_pairs,AL_exported,Lung Cancer,DP-RF,lira_tpr_at_1pct,,-0.5500190982169268,9,,0.12496097654595263,asymptotic Spearman,-0.900894262864078,0.23561740625825092,Bonett-Wright Fisher-z,0,0,
within-pair (n=9 across epsilons),all_pairs,AL_exported,Lung Cancer,DP-SVM,yeom_advantage,,0.4793458824562353,9,,0.19167295370239645,asymptotic Spearman,-0.311974346122734,0.8780068037470881,Bonett-Wright Fisher-z,0,0,
within-pair (n=9 across epsilons),all_pairs,AL_exported,Lung Cancer,DP-SVM,lira_auc,,-0.3663545909013695,9,,0.33218307415500037,asymptotic Spearman,-0.8369104050759636,0.4155972551412793,Bonett-Wright Fisher-z,0,0,
within-pair (n=9 across epsilons),all_pairs,AL_exported,Lung Cancer,DP-SVM,shokri_auc,,0.03960590171906697,9,,0.9194209150358497,asymptotic Spearman,-0.6415709066657068,0.6858579472117932,Bonett-Wright Fisher-z,0,0,
within-pair (n=9 across epsilons),all_pairs,AL_exported,Lung Cancer,DP-SVM,lira_tpr_at_1pct,,-0.11881770515720091,9,,0.7607761854873133,asymptotic Spearman,-0.727008503334872,0.5938479365897308,Bonett-Wright Fisher-z,0,0,
"within-pair, robustness subset",robustness_excluded_near_majority,AL_exported,Breast Cancer,DP-DNN,yeom_advantage,,-1.0,9,,0.0,asymptotic Spearman,-1.0,-1.0,Bonett-Wright Fisher-z,0,0,perfect monotone rank agreement; CI degenerate at rho
"within-pair, robustness subset",robustness_excluded_near_majority,AL_exported,Breast Cancer,DP-DNN,lira_auc,,-0.7074749701108396,9,,0.03301307820972575,asymptotic Spearman,-0.9443500147923596,0.012579242004185837,Bonett-Wright Fisher-z,0,0,
"within-pair, robustness subset",robustness_excluded_near_majority,AL_exported,Breast Cancer,DP-DNN,shokri_auc,,-0.5595028849441883,9,,0.11725801179643583,asymptotic Spearman,-0.9038031776906018,0.22449792913959635,Bonett-Wright Fisher-z,0,0,
"within-pair, robustness subset",robustness_excluded_near_majority,AL_exported,Breast Cancer,DP-DNN,lira_tpr_at_1pct,,0.7226912263862432,9,,0.027837748006815696,asymptotic Spearman,0.014679637472477561,0.9480175564804276,Bonett-Wright Fisher-z,0,0,
"within-pair, robustness subset",robustness_excluded_near_majority,AL_exported,Breast Cancer,DP-GNB,yeom_advantage,,0.34045327482409776,9,,0.3699806113477238,asymptotic Spearman,-0.4369107825075652,0.8266985968188567,Bonett-Wright Fisher-z,0,0,
"within-pair, robustness subset",robustness_excluded_near_majority,AL_exported,Breast Cancer,DP-GNB,lira_auc,,0.2203706386767634,9,,0.5688380139511053,asymptotic Spearman,-0.5268411383994889,0.7754493643589655,Bonett-Wright Fisher-z,0,0,
"within-pair, robustness subset",robustness_excluded_near_majority,AL_exported,Breast Cancer,DP-GNB,shokri_auc,,-0.45769286494404704,9,,0.21541170296009043,asymptotic Spearman,-0.8705634271215743,0.3333783798216748,Bonett-Wright Fisher-z,0,0,
"within-pair, robustness subset",robustness_excluded_near_majority,AL_exported,Breast Cancer,DP-GNB,lira_tpr_at_1pct,,0.30512857662936466,9,,0.4246269982624868,asymptotic Spearman,-0.46478634172375477,0.8122917640530617,Bonett-Wright Fisher-z,0,0,
"within-pair, robustness subset",robustness_excluded_near_majority,AL_exported,Breast Cancer,DP-LR,yeom_advantage,,0.4267819784654187,9,,0.25195669028740064,asymptotic Spearman,-0.36256702134681074,0.8595839097501113,Bonett-Wright Fisher-z,0,0,
"within-pair, robustness subset",robustness_excluded_near_majority,AL_exported,Breast Cancer,DP-LR,lira_auc,,-0.1338923854009157,9,,0.7312787650945741,asymptotic Spearman,-0.7345006701681411,0.5843407013560225,Bonett-Wright Fisher-z,0,0,
"within-pair, robustness subset",robustness_excluded_near_majority,AL_exported,Breast Cancer,DP-LR,shokri_auc,,0.04184137043778616,9,,0.9148857180816651,asymptotic Spearman,-0.640272989786712,0.6870612168128701,Bonett-Wright Fisher-z,0,0,
"within-pair, robustness subset",robustness_excluded_near_majority,AL_exported,Breast Cancer,DP-LR,lira_tpr_at_1pct,,-0.8451956828432803,9,,0.0041165974193028195,asymptotic Spearman,-0.9743259209445725,-0.29764031077743375,Bonett-Wright Fisher-z,0,0,
"within-pair, robustness subset",robustness_excluded_near_majority,AL_exported,Breast Cancer,DP-RF,yeom_advantage,,-0.6168897525164957,9,,0.0767914836315314,asymptotic Spearman,-0.9205977554320541,0.15181299297625012,Bonett-Wright Fisher-z,0,0,
"within-pair, robustness subset",robustness_excluded_near_majority,AL_exported,Breast Cancer,DP-RF,lira_auc,,-0.7278253428740509,9,,0.02621983802051682,asymptotic Spearman,-0.9492345505343426,-0.024182151275454738,Bonett-Wright Fisher-z,0,0,
"within-pair, robustness subset",robustness_excluded_near_majority,AL_exported,Breast Cancer,DP-RF,shokri_auc,,-0.7711482799498873,9,,0.014968562414476522,asymptotic Spearman,-0.9590981782647867,-0.11131341484495079,Bonett-Wright Fisher-z,0,0,
"within-pair, robustness subset",robustness_excluded_near_majority,AL_exported,Breast Cancer,DP-RF,lira_tpr_at_1pct,,-0.017401834162972505,9,,0.9645582194331808,asymptotic Spearman,-0.6737702812317797,0.6543160033175779,Bonett-Wright Fisher-z,0,0,
"within-pair, robustness subset",robustness_excluded_near_majority,AL_exported,Breast Cancer,DP-SVM,yeom_advantage,,0.22594340036404525,9,,0.5588463751684138,asymptotic Spearman,-0.5229482114560563,0.7779710186899499,Bonett-Wright Fisher-z,0,0,
"within-pair, robustness subset",robustness_excluded_near_majority,AL_exported,Breast Cancer,DP-SVM,lira_auc,,-0.54393781569122,9,,0.13005468899084704,asymptotic Spearman,-0.8990088920903377,0.2426285293800077,Bonett-Wright Fisher-z,0,0,
"within-pair, robustness subset",robustness_excluded_near_majority,AL_exported,Breast Cancer,DP-SVM,shokri_auc,,0.15062893357603013,9,,0.6988841292948215,asymptotic Spearman,-0.5736149075233876,0.7426944553057333,Bonett-Wright Fisher-z,0,0,
"within-pair, robustness subset",robustness_excluded_near_majority,AL_exported,Breast Cancer,DP-SVM,lira_tpr_at_1pct,,0.1898751079416854,9,,0.6246231323438359,asymptotic Spearman,-0.5477239632291391,0.7614005716771168,Bonett-Wright Fisher-z,0,0,
"within-pair, robustness subset",robustness_excluded_near_majority,AL_exported,Cancer Risk,DP-DNN,yeom_advantage,,-0.319327731092437,9,,0.402244256401878,asymptotic Spearman,-0.8181494403807983,0.4537384711082163,Bonett-Wright Fisher-z,0,0,
"within-pair, robustness subset",robustness_excluded_near_majority,AL_exported,Cancer Risk,DP-DNN,lira_auc,,0.7698812160552653,9,,0.015240184856772946,asymptotic Spearman,0.10857145634959559,0.9588198844830634,Bonett-Wright Fisher-z,0,0,
"within-pair, robustness subset",robustness_excluded_near_majority,AL_exported,Cancer Risk,DP-DNN,shokri_auc,,0.34309923758984645,9,,0.366029243023804,asymptotic Spearman,-0.4347688290842066,0.8277554151852513,Bonett-Wright Fisher-z,0,0,
"within-pair, robustness subset",robustness_excluded_near_majority,AL_exported,Cancer Risk,DP-DNN,lira_tpr_at_1pct,,0.6276205565667923,9,,0.07036502278970762,asymptotic Spearman,-0.13706068677748764,0.9235859410415502,Bonett-Wright Fisher-z,0,0,
"within-pair, robustness subset",robustness_excluded_near_majority,AL_exported,Cancer Risk,DP-GNB,yeom_advantage,,-0.326362689414732,9,,0.3913604492997979,asymptotic Spearman,-0.8210183871751168,0.44818780050875545,Bonett-Wright Fisher-z,0,0,
"within-pair, robustness subset",robustness_excluded_near_majority,AL_exported,Cancer Risk,DP-GNB,lira_auc,,0.02510482226267169,9,,0.9488837293174807,asymptotic Spearman,-0.6499244599877587,0.6779918617468083,Bonett-Wright Fisher-z,0,0,
"within-pair, robustness subset",robustness_excluded_near_majority,AL_exported,Cancer Risk,DP-GNB,shokri_auc,,0.108787563138244,9,,0.7805538526280621,asymptotic Spearman,-0.6000952722385908,0.7219642660839113,Bonett-Wright Fisher-z,0,0,
"within-pair, robustness subset",robustness_excluded_near_majority,AL_exported,Cancer Risk,DP-GNB,lira_tpr_at_1pct,,0.23949579831932777,9,,0.5348261148175906,asymptotic Spearman,-0.5133776802177548,0.784044840815901,Bonett-Wright Fisher-z,0,0,
"within-pair, robustness subset",robustness_excluded_near_majority,AL_exported,Cancer Risk,DP-LR,yeom_advantage,,-0.9532691695074738,9,,6.938268647974957e-05,asymptotic Spearman,-0.9930782874628813,-0.7170126053010529,Bonett-Wright Fisher-z,0,0,
"within-pair, robustness subset",robustness_excluded_near_majority,AL_exported,Cancer Risk,DP-LR,lira_auc,,-0.7119666788018509,9,,0.03142525586076605,asymptotic Spearman,-0.9454421112133331,0.004669154536897828,Bonett-Wright Fisher-z,0,0,
"within-pair, robustness subset",robustness_excluded_near_majority,AL_exported,Cancer Risk,DP-LR,shokri_auc,,-0.33903175181040524,9,,0.3721117934172025,asymptotic Spearman,-0.8261295473399263,0.43805830969241133,Bonett-Wright Fisher-z,0,0,
"within-pair, robustness subset",robustness_excluded_near_majority,AL_exported,Cancer Risk,DP-LR,lira_tpr_at_1pct,,0.7319745408718102,9,,0.024958398350333106,asymptotic Spearman,0.03197953919594809,0.9502105710162378,Bonett-Wright Fisher-z,0,0,
"within-pair, robustness subset",robustness_excluded_near_majority,AL_exported,Cancer Risk,DP-RF,yeom_advantage,,-0.5000000000000001,9,,0.1704706607870537,asymptotic Spearman,-0.8849175889269288,0.29074801452819277,Bonett-Wright Fisher-z,0,0,
"within-pair, robustness subset",robustness_excluded_near_majority,AL_exported,Cancer Risk,DP-RF,lira_auc,,-0.18646746349572288,9,,0.6309668238972302,asymptotic Spearman,-0.759804403733726,0.5500147454083432,Bonett-Wright Fisher-z,0,0,
"within-pair, robustness subset",robustness_excluded_near_majority,AL_exported,Cancer Risk,DP-RF,shokri_auc,,0.22129462863566354,9,,0.5671768423586119,asymptotic Spearman,-0.5261973580436926,0.7758684388008804,Bonett-Wright Fisher-z,0,0,
"within-pair, robustness subset",robustness_excluded_near_majority,AL_exported,Cancer Risk,DP-RF,lira_tpr_at_1pct,,-0.35598333940092547,9,,0.3470801223983502,asymptotic Spearman,-0.8328570978274973,0.42422534398380674,Bonett-Wright Fisher-z,0,0,
"within-pair, robustness subset",robustness_excluded_near_majority,AL_exported,Cancer Risk,DP-SVM,yeom_advantage,,-0.5858290865554853,9,,0.09739836684069947,asymptotic Spearman,-0.9116789613443769,0.1923684791189833,Bonett-Wright Fisher-z,0,0,
"within-pair, robustness subset",robustness_excluded_near_majority,AL_exported,Cancer Risk,DP-SVM,lira_auc,,0.13989948335653377,9,,0.7196066014451042,asymptotic Spearman,-0.5805119187626591,0.7374565926146858,Bonett-Wright Fisher-z,0,0,
"within-pair, robustness subset",robustness_excluded_near_majority,AL_exported,Cancer Risk,DP-SVM,shokri_auc,,0.3759798615206846,9,,0.31864671185858867,asymptotic Spearman,-0.4074729969399534,0.8406296437572368,Bonett-Wright Fisher-z,0,0,
"within-pair, robustness subset",robustness_excluded_near_majority,AL_exported,Cancer Risk,DP-SVM,lira_tpr_at_1pct,,0.2282898581798495,9,,0.5546589995080073,asymptotic Spearman,-0.5213017275739668,0.7790285782348133,Bonett-Wright Fisher-z,0,0,
"within-pair, robustness subset",robustness_excluded_near_majority,AL_exported,Diabetes,DP-DNN,yeom_advantage,,0.5166666666666667,9,,0.15439012098622507,asymptotic Spearman,-0.2729949929181571,0.8903601408134023,Bonett-Wright Fisher-z,0,0,
"within-pair, robustness subset",robustness_excluded_near_majority,AL_exported,Diabetes,DP-DNN,lira_auc,,-0.08333333333333334,9,,0.831214097710308,asymptotic Spearman,-0.7089486377732402,0.6156769091154475,Bonett-Wright Fisher-z,0,0,
"within-pair, robustness subset",robustness_excluded_near_majority,AL_exported,Diabetes,DP-DNN,shokri_auc,,-0.8333333333333333,9,,0.005265691029161747,asymptotic Spearman,-0.9720211788120464,-0.2638221413574253,Bonett-Wright Fisher-z,0,0,
"within-pair, robustness subset",robustness_excluded_near_majority,AL_exported,Diabetes,DP-DNN,lira_tpr_at_1pct,,-0.5333333333333333,9,,0.13922686754397814,asymptotic Spearman,-0.8956835405976523,0.254640389802388,Bonett-Wright Fisher-z,0,0,
"within-pair, robustness subset",robustness_excluded_near_majority,AL_exported,Diabetes,DP-GNB,yeom_advantage,,0.31666666666666665,9,,0.406397014486386,asymptotic Spearman,-0.4558246201185339,0.8170584869066698,Bonett-Wright Fisher-z,0,0,
"within-pair, robustness subset",robustness_excluded_near_majority,AL_exported,Diabetes,DP-GNB,lira_auc,,0.38333333333333336,9,,0.3084952723803716,asymptotic Spearman,-0.40118808453581994,0.8434435035777011,Bonett-Wright Fisher-z,0,0,
"within-pair, robustness subset",robustness_excluded_near_majority,AL_exported,Diabetes,DP-GNB,shokri_auc,,0.09999999999999999,9,,0.797971695234851,asymptotic Spearman,-0.6055182390386287,0.717505794453041,Bonett-Wright Fisher-z,0,0,
"within-pair, robustness subset",robustness_excluded_near_majority,AL_exported,Diabetes,DP-GNB,lira_tpr_at_1pct,,-0.26666666666666666,9,,0.48792227483870076,asymptotic Spearman,-0.7959728312436334,0.49373001543893047,Bonett-Wright Fisher-z,0,0,
"within-pair, robustness subset",robustness_excluded_near_majority,AL_exported,Diabetes,DP-LR,yeom_advantage,,-0.45379753568064973,9,,0.21984567541906394,asymptotic Spearman,-0.8692027567496706,0.3371422528007339,Bonett-Wright Fisher-z,0,0,
"within-pair, robustness subset",robustness_excluded_near_majority,AL_exported,Diabetes,DP-LR,lira_auc,,0.9075950713612995,9,,0.0007207661476132482,asymptotic Spearman,0.5101654398579257,0.9856354340785372,Bonett-Wright Fisher-z,0,0,
"within-pair, robustness subset",robustness_excluded_near_majority,AL_exported,Diabetes,DP-LR,shokri_auc,,-0.25210974204480535,9,,0.5128371802316591,asymptotic Spearman,-0.7896236428529251,0.5043345146148401,Bonett-Wright Fisher-z,0,0,
"within-pair, robustness subset",robustness_excluded_near_majority,AL_exported,Diabetes,DP-LR,lira_tpr_at_1pct,,-0.1176512129542425,9,,0.7630703618815534,asymptotic Spearman,-0.7264243040883771,0.5945776806038577,Bonett-Wright Fisher-z,0,0,
"within-pair, robustness subset",robustness_excluded_near_majority,AL_exported,Diabetes,DP-RF,yeom_advantage,,0.8595822506667449,9,,0.002969521996401982,asymptotic Spearman,0.34113807906152044,0.9770537984642886,Bonett-Wright Fisher-z,0,0,
"within-pair, robustness subset",robustness_excluded_near_majority,AL_exported,Diabetes,DP-RF,lira_auc,,-0.14347141033685276,9,,0.7126896628339858,asymptotic Spearman,-0.7392062642516946,0.5782242007620358,Bonett-Wright Fisher-z,0,0,
"within-pair, robustness subset",robustness_excluded_near_majority,AL_exported,Diabetes,DP-RF,shokri_auc,,0.7848730094898416,9,,0.012231053084833868,asymptotic Spearman,0.1418530135340612,0.9620738267887788,Bonett-Wright Fisher-z,0,0,
"within-pair, robustness subset",robustness_excluded_near_majority,AL_exported,Diabetes,DP-RF,lira_tpr_at_1pct,,0.4322189107537832,9,,0.2453042346940975,asymptotic Spearman,-0.35754256649438254,0.861545345015527,Bonett-Wright Fisher-z,0,0,
"within-pair, robustness subset",robustness_excluded_near_majority,AL_exported,Diabetes,DP-SVM,yeom_advantage,,-0.7949860383179369,9,,0.010444517709683928,asymptotic Spearman,-0.964221240538883,-0.16539273899519,Bonett-Wright Fisher-z,0,0,
"within-pair, robustness subset",robustness_excluded_near_majority,AL_exported,Diabetes,DP-SVM,lira_auc,,0.9121418755437382,9,,0.000606850679471499,asymptotic Spearman,0.5284414885952452,0.9864073176783287,Bonett-Wright Fisher-z,0,0,
"within-pair, robustness subset",robustness_excluded_near_majority,AL_exported,Diabetes,DP-SVM,shokri_auc,,-0.4100454302903043,9,,0.27302974714377237,asymptotic Spearman,-0.8534647430950537,0.37775751389995155,Bonett-Wright Fisher-z,0,0,
"within-pair, robustness subset",robustness_excluded_near_majority,AL_exported,Diabetes,DP-SVM,lira_tpr_at_1pct,,0.9411764705882354,9,,0.0001534134477425025,asymptotic Spearman,0.656764699347236,0.9911742772854737,Bonett-Wright Fisher-z,0,0,
"within-pair, robustness subset",robustness_excluded_near_majority,AL_exported,Gallstone,DP-DNN,yeom_advantage,,0.6137846542001533,9,,0.07871663583387468,asymptotic Spearman,-0.1560075542803008,0.9197242046415541,Bonett-Wright Fisher-z,0,0,
"within-pair, robustness subset",robustness_excluded_near_majority,AL_exported,Gallstone,DP-DNN,lira_auc,,-0.7768985960673559,9,,0.01377648436154386,asymptotic Spearman,-0.9603535336033975,-0.123919018596683,Bonett-Wright Fisher-z,0,0,
"within-pair, robustness subset",robustness_excluded_near_majority,AL_exported,Gallstone,DP-DNN,shokri_auc,,,9,,,asymptotic Spearman,,,Bonett-Wright Fisher-z,0,0,undefined: leakage series constant (zero variance)
"within-pair, robustness subset",robustness_excluded_near_majority,AL_exported,Gallstone,DP-DNN,lira_tpr_at_1pct,,-0.7990709194465474,9,,0.009775862585910695,asymptotic Spearman,-0.9650778355023185,-0.1751656723232722,Bonett-Wright Fisher-z,0,0,
"within-pair, robustness subset",robustness_excluded_near_majority,AL_exported,Gallstone,DP-LR,yeom_advantage,,0.6272087408492496,9,,0.07060520621579136,asymptotic Spearman,-0.13763433809530262,0.9234721401589608,Bonett-Wright Fisher-z,0,0,
"within-pair, robustness subset",robustness_excluded_near_majority,AL_exported,Gallstone,DP-LR,lira_auc,,0.5594023904871686,9,,0.11733810288497039,asymptotic Spearman,-0.2246169691933668,0.9037725533103791,Bonett-Wright Fisher-z,0,0,
"within-pair, robustness subset",robustness_excluded_near_majority,AL_exported,Gallstone,DP-LR,shokri_auc,,0.38988651458196605,9,,0.299588758586314,asymptotic Spearman,-0.3955285122739781,0.8459310418109148,Bonett-Wright Fisher-z,0,0,
"within-pair, robustness subset",robustness_excluded_near_majority,AL_exported,Gallstone,DP-LR,lira_tpr_at_1pct,,0.8645309671165332,9,,0.002632371844833852,asymptotic Spearman,0.3567795449637528,0.9779752417074198,Bonett-Wright Fisher-z,0,0,
"within-pair, robustness subset",robustness_excluded_near_majority,AL_exported,Gallstone,DP-RF,yeom_advantage,,0.9139289531633575,9,,0.0005657488177664984,asymptotic Spearman,0.5357490195928047,0.9867088004539625,Bonett-Wright Fisher-z,0,0,
"within-pair, robustness subset",robustness_excluded_near_majority,AL_exported,Gallstone,DP-RF,lira_auc,,-0.3505426036290943,9,,0.35502268778864143,asymptotic Spearman,-0.8307117122776102,0.4287009244015502,Bonett-Wright Fisher-z,0,0,
"within-pair, robustness subset",robustness_excluded_near_majority,AL_exported,Gallstone,DP-RF,shokri_auc,,0.47024007803902895,9,,0.20146787949139733,asymptotic Spearman,-0.32107711885095636,0.874901415321722,Bonett-Wright Fisher-z,0,0,
"within-pair, robustness subset",robustness_excluded_near_majority,AL_exported,Gallstone,DP-RF,lira_tpr_at_1pct,,-0.5386386348447059,9,,0.13459200563808751,asymptotic Spearman,-0.8973531667888169,0.2486644418771793,Bonett-Wright Fisher-z,0,0,
"within-pair, robustness subset",robustness_excluded_near_majority,AL_exported,Gallstone,DP-SVM,yeom_advantage,,0.5941474602165634,9,,0.09158336570110653,asymptotic Spearman,-0.1818036080162584,0.914106954322448,Bonett-Wright Fisher-z,0,0,
"within-pair, robustness subset",robustness_excluded_near_majority,AL_exported,Gallstone,DP-SVM,lira_auc,,-0.7113032974423645,9,,0.031656557033302335,asymptotic Spearman,-0.945281319681928,0.0058444403878531144,Bonett-Wright Fisher-z,0,0,
"within-pair, robustness subset",robustness_excluded_near_majority,AL_exported,Gallstone,DP-SVM,shokri_auc,,-0.18410202992625907,9,,0.6353826478012163,asymptotic Spearman,-0.7586932929555662,0.5516000009248041,Bonett-Wright Fisher-z,0,0,
"within-pair, robustness subset",robustness_excluded_near_majority,AL_exported,Gallstone,DP-SVM,lira_tpr_at_1pct,,0.7447763937925935,9,,0.02131972812332017,asymptotic Spearman,0.05673027254048923,0.9531798695008836,Bonett-Wright Fisher-z,0,0,
"within-pair, robustness subset",robustness_excluded_near_majority,AL_exported,Kidney Stone,DP-DNN,yeom_advantage,,-0.8677218312746247,9,,0.0024295765147508406,asymptotic Spearman,-0.9785648198925258,-0.36705986395368995,Bonett-Wright Fisher-z,0,0,
"within-pair, robustness subset",robustness_excluded_near_majority,AL_exported,Kidney Stone,DP-DNN,lira_auc,,-0.7302967433402214,9,,0.025463561683239266,asymptotic Spearman,-0.9498167077350951,-0.028813665985880588,Bonett-Wright Fisher-z,0,0,
"within-pair, robustness subset",robustness_excluded_near_majority,AL_exported,Kidney Stone,DP-DNN,shokri_auc,,-0.59336610396393,9,,0.09212027344886972,asymptotic Spearman,-0.9138801214753932,0.18280486543890687,Bonett-Wright Fisher-z,0,0,
"within-pair, robustness subset",robustness_excluded_near_majority,AL_exported,Kidney Stone,DP-DNN,lira_tpr_at_1pct,,0.5958540230683373,9,,0.09041738746264182,asymptotic Spearman,-0.17961025184025498,0.9146014937741709,Bonett-Wright Fisher-z,0,0,
"within-pair, robustness subset",robustness_excluded_near_majority,AL_exported,Kidney Stone,DP-GNB,yeom_advantage,,-0.8181818181818182,9,,0.007029018964856406,asymptotic Spearman,-0.9690035772156191,-0.22306523939945969,Bonett-Wright Fisher-z,0,0,
"within-pair, robustness subset",robustness_excluded_near_majority,AL_exported,Kidney Stone,DP-GNB,lira_auc,,-0.8355727485873495,9,,0.005033821845567632,asymptotic Spearman,-0.9724601428690166,-0.27007278666299406,Bonett-Wright Fisher-z,0,0,
"within-pair, robustness subset",robustness_excluded_near_majority,AL_exported,Kidney Stone,DP-GNB,shokri_auc,,-0.6353834442382971,9,,0.06593282386038873,asymptotic Spearman,-0.9257180783853431,0.12613164782047206,Bonett-Wright Fisher-z,0,0,
"within-pair, robustness subset",robustness_excluded_near_majority,AL_exported,Kidney Stone,DP-GNB,lira_tpr_at_1pct,,-0.08703882797784893,9,,0.8238015497960073,asymptotic Spearman,-0.710862649934473,0.6134324912345925,Bonett-Wright Fisher-z,0,0,
"within-pair, robustness subset",robustness_excluded_near_majority,AL_exported,Kidney Stone,DP-LR,yeom_advantage,,-0.8645309671165332,9,,0.002632371844833852,asymptotic Spearman,-0.9779752417074198,-0.3567795449637528,Bonett-Wright Fisher-z,0,0,
"within-pair, robustness subset",robustness_excluded_near_majority,AL_exported,Kidney Stone,DP-LR,lira_auc,,-0.4407412773535268,9,,0.23506870996364326,asymptotic Spearman,-0.8645938814960707,0.34957469866555835,Bonett-Wright Fisher-z,0,0,
"within-pair, robustness subset",robustness_excluded_near_majority,AL_exported,Kidney Stone,DP-LR,shokri_auc,,-0.35598333940092547,9,,0.3470801223983502,asymptotic Spearman,-0.8328570978274973,0.42422534398380674,Bonett-Wright Fisher-z,0,0,
"within-pair, robustness subset",robustness_excluded_near_majority,AL_exported,Kidney Stone,DP-LR,lira_tpr_at_1pct,,0.5594023904871686,9,,0.11733810288497039,asymptotic Spearman,-0.2246169691933668,0.9037725533103791,Bonett-Wright Fisher-z,0,0,
"within-pair, robustness subset",robustness_excluded_near_majority,AL_exported,Kidney Stone,DP-RF,yeom_advantage,,0.6843158461850065,9,,0.042028338225670155,asymptotic Spearman,-0.0516727724397115,0.938592335991078,Bonett-Wright Fisher-z,0,0,
"within-pair, robustness subset",robustness_excluded_near_majority,AL_exported,Kidney Stone,DP-RF,lira_auc,,0.5865557254410011,9,,0.09688167145319519,asymptotic Spearman,-0.19145383533375468,0.9118922099291257,Bonett-Wright Fisher-z,0,0,
"within-pair, robustness subset",robustness_excluded_near_majority,AL_exported,Kidney Stone,DP-RF,shokri_auc,,0.0,9,,1.0,asymptotic Spearman,-0.6641217079267975,0.6641217079267975,Bonett-Wright Fisher-z,0,0,
"within-pair, robustness subset",robustness_excluded_near_majority,AL_exported,Kidney Stone,DP-RF,lira_tpr_at_1pct,,0.3811274107713804,9,,0.31152314481330473,asymptotic Spearman,-0.40308068993344015,0.8426018947683094,Bonett-Wright Fisher-z,0,0,
"within-pair, robustness subset",robustness_excluded_near_majority,AL_exported,Kidney Stone,DP-SVM,yeom_advantage,,-0.7592566023652966,9,,0.017648307110135198,asymptotic Spearman,-0.9564623519332872,-0.08606793535933181,Bonett-Wright Fisher-z,0,0,
"within-pair, robustness subset",robustness_excluded_near_majority,AL_exported,Kidney Stone,DP-SVM,lira_auc,,-0.6390096504226938,9,,0.06392412293886497,asymptotic Spearman,-0.9267055642217179,0.12094982435228824,Bonett-Wright Fisher-z,0,0,
"within-pair, robustness subset",robustness_excluded_near_majority,AL_exported,Kidney Stone,DP-SVM,shokri_auc,,-0.15975241260567344,9,,0.6813971672244921,asymptotic Spearman,-0.7471063252232562,0.5676903443841156,Bonett-Wright Fisher-z,0,0,
"within-pair, robustness subset",robustness_excluded_near_majority,AL_exported,Kidney Stone,DP-SVM,lira_tpr_at_1pct,,0.7302967433402214,9,,0.025463561683239266,asymptotic Spearman,0.028813665985880588,0.9498167077350951,Bonett-Wright Fisher-z,0,0,
"within-pair, robustness subset",robustness_excluded_near_majority,AL_exported,Lung Cancer,DP-DNN,yeom_advantage,,-0.16110055813220658,9,,0.678824061526354,asymptotic Spearman,-0.7477549888252831,0.5668101530984867,Bonett-Wright Fisher-z,0,0,
"within-pair, robustness subset",robustness_excluded_near_majority,AL_exported,Lung Cancer,DP-DNN,lira_auc,,-0.09128709291752768,9,,0.8153180714600264,asymptotic Spearman,-0.7130489132308946,0.6108494076248272,Bonett-Wright Fisher-z,0,0,
"within-pair, robustness subset",robustness_excluded_near_majority,AL_exported,Lung Cancer,DP-DNN,shokri_auc,,0.5249007842757842,9,,0.14678430726681804,asymptotic Spearman,-0.26400482311913964,0.8930050077763385,Bonett-Wright Fisher-z,0,0,
"within-pair, robustness subset",robustness_excluded_near_majority,AL_exported,Lung Cancer,DP-DNN,lira_tpr_at_1pct,,0.15975241260567344,9,,0.6813971672244921,asymptotic Spearman,-0.5676903443841156,0.7471063252232562,Bonett-Wright Fisher-z,0,0,
"within-pair, robustness subset",robustness_excluded_near_majority,AL_exported,Lung Cancer,DP-GNB,yeom_advantage,,0.6019820970270344,9,,0.08630583364982958,asymptotic Spearman,-0.17165957758862668,0.9163673110991533,Bonett-Wright Fisher-z,0,0,
"within-pair, robustness subset",robustness_excluded_near_majority,AL_exported,Lung Cancer,DP-GNB,lira_auc,,-0.6701989754294366,9,,0.04822931198294204,asymptotic Spearman,-0.9349775943238647,0.07421432424592272,Bonett-Wright Fisher-z,0,0,
"within-pair, robustness subset",robustness_excluded_near_majority,AL_exported,Lung Cancer,DP-GNB,shokri_auc,,-0.44389802268702944,9,,0.23133718370585238,asymptotic Spearman,-0.8657150307948336,0.3465941871769602,Bonett-Wright Fisher-z,0,0,
"within-pair, robustness subset",robustness_excluded_near_majority,AL_exported,Lung Cancer,DP-GNB,lira_tpr_at_1pct,,-0.5222329678670935,9,,0.1492240544995434,asymptotic Spearman,-0.8921512638439398,0.26693398692933434,Bonett-Wright Fisher-z,0,0,
"within-pair, robustness subset",robustness_excluded_near_majority,AL_exported,Lung Cancer,DP-LR,yeom_advantage,,-0.9532691695074738,9,,6.938268647974957e-05,asymptotic Spearman,-0.9930782874628813,-0.7170126053010529,Bonett-Wright Fisher-z,0,0,
"within-pair, robustness subset",robustness_excluded_near_majority,AL_exported,Lung Cancer,DP-LR,lira_auc,,0.5254992153061281,9,,0.14624025831231627,asymptotic Spearman,-0.26334558333141816,0.8931960969527715,Bonett-Wright Fisher-z,0,0,
"within-pair, robustness subset",robustness_excluded_near_majority,AL_exported,Lung Cancer,DP-LR,shokri_auc,,0.4746444525345673,9,,0.19669605234939094,asymptotic Spearman,-0.3166930565243352,0.8764079448657016,Bonett-Wright Fisher-z,0,0,
"within-pair, robustness subset",robustness_excluded_near_majority,AL_exported,Lung Cancer,DP-LR,lira_tpr_at_1pct,,0.7119666788018509,9,,0.03142525586076605,asymptotic Spearman,-0.004669154536897828,0.9454421112133331,Bonett-Wright Fisher-z,0,0,
"within-pair, robustness subset",robustness_excluded_near_majority,AL_exported,Lung Cancer,DP-RF,yeom_advantage,,1.0,9,,0.0,asymptotic Spearman,1.0,1.0,Bonett-Wright Fisher-z,0,0,perfect monotone rank agreement; CI degenerate at rho
"within-pair, robustness subset",robustness_excluded_near_majority,AL_exported,Lung Cancer,DP-RF,lira_auc,,-0.09166984970282113,9,,0.8145545364084783,asymptotic Spearman,-0.7132454648993215,0.6106161567051613,Bonett-Wright Fisher-z,0,0,
"within-pair, robustness subset",robustness_excluded_near_majority,AL_exported,Lung Cancer,DP-RF,shokri_auc,,0.09128709291752768,9,,0.8153180714600264,asymptotic Spearman,-0.6108494076248272,0.7130489132308946,Bonett-Wright Fisher-z,0,0,
"within-pair, robustness subset",robustness_excluded_near_majority,AL_exported,Lung Cancer,DP-RF,lira_tpr_at_1pct,,-0.5500190982169268,9,,0.12496097654595263,asymptotic Spearman,-0.900894262864078,0.23561740625825092,Bonett-Wright Fisher-z,0,0,
"within-pair, robustness subset",robustness_excluded_near_majority,AL_exported,Lung Cancer,DP-SVM,yeom_advantage,,0.4793458824562353,9,,0.19167295370239645,asymptotic Spearman,-0.311974346122734,0.8780068037470881,Bonett-Wright Fisher-z,0,0,
"within-pair, robustness subset",robustness_excluded_near_majority,AL_exported,Lung Cancer,DP-SVM,lira_auc,,-0.3663545909013695,9,,0.33218307415500037,asymptotic Spearman,-0.8369104050759636,0.4155972551412793,Bonett-Wright Fisher-z,0,0,
"within-pair, robustness subset",robustness_excluded_near_majority,AL_exported,Lung Cancer,DP-SVM,shokri_auc,,0.03960590171906697,9,,0.9194209150358497,asymptotic Spearman,-0.6415709066657068,0.6858579472117932,Bonett-Wright Fisher-z,0,0,
"within-pair, robustness subset",robustness_excluded_near_majority,AL_exported,Lung Cancer,DP-SVM,lira_tpr_at_1pct,,-0.11881770515720091,9,,0.7607761854873133,asymptotic Spearman,-0.727008503334872,0.5938479365897308,Bonett-Wright Fisher-z,0,0,
"within-pair, balanced-accuracy AL",all_pairs,AL_balanced,Breast Cancer,DP-DNN,yeom_advantage,,-0.7302967433402214,9,,0.025463561683239266,asymptotic Spearman,-0.9498167077350951,-0.028813665985880588,Bonett-Wright Fisher-z,0,0,
"within-pair, balanced-accuracy AL",all_pairs,AL_balanced,Breast Cancer,DP-DNN,lira_auc,,-0.5333333333333333,9,,0.13922686754397814,asymptotic Spearman,-0.8956835405976523,0.254640389802388,Bonett-Wright Fisher-z,0,0,
"within-pair, balanced-accuracy AL",all_pairs,AL_balanced,Breast Cancer,DP-DNN,shokri_auc,,-0.4171157000717869,9,,0.2640184707660533,asymptotic Spearman,-0.8560647329633714,0.3713903021334588,Bonett-Wright Fisher-z,0,0,
"within-pair, balanced-accuracy AL",all_pairs,AL_balanced,Breast Cancer,DP-DNN,lira_tpr_at_1pct,,0.6554675286842364,9,,0.055293404906068225,asymptotic Spearman,-0.09678888494789709,0.9311197945674671,Bonett-Wright Fisher-z,0,0,
"within-pair, balanced-accuracy AL",all_pairs,AL_balanced,Breast Cancer,DP-GNB,yeom_advantage,,0.07531446678801507,9,,0.8472940220818163,asymptotic Spearman,-0.6205066075145815,0.7047839822840358,Bonett-Wright Fisher-z,0,0,
"within-pair, balanced-accuracy AL",all_pairs,AL_balanced,Breast Cancer,DP-GNB,lira_auc,,0.2333333333333333,9,,0.5456987782182728,asymptotic Spearman,-0.517747896868221,0.7812932725705493,Bonett-Wright Fisher-z,0,0,
"within-pair, balanced-accuracy AL",all_pairs,AL_balanced,Breast Cancer,DP-GNB,shokri_auc,,-0.06666666666666667,9,,0.8646897846262036,asymptotic Spearman,-0.7002578050228124,0.6256736731201111,Bonett-Wright Fisher-z,0,0,
"within-pair, balanced-accuracy AL",all_pairs,AL_balanced,Breast Cancer,DP-GNB,lira_tpr_at_1pct,,0.25,9,,0.5164895523012261,asymptotic Spearman,-0.5058563153143267,0.7886955505569053,Bonett-Wright Fisher-z,0,0,
"within-pair, balanced-accuracy AL",all_pairs,AL_balanced,Breast Cancer,DP-LR,yeom_advantage,,0.35,9,,0.35581957250178897,asymptotic Spearman,-0.42914539519876416,0.8304970346595542,Bonett-Wright Fisher-z,0,0,
"within-pair, balanced-accuracy AL",all_pairs,AL_balanced,Breast Cancer,DP-LR,lira_auc,,-0.16666666666666669,9,,0.668231040071504,asymptotic Spearman,-0.750424258414512,0.5631630243270963,Bonett-Wright Fisher-z,0,0,
"within-pair, balanced-accuracy AL",all_pairs,AL_balanced,Breast Cancer,DP-LR,shokri_auc,,0.15,9,,0.7000942309691418,asymptotic Spearman,-0.574021279039974,0.742388899825438,Bonett-Wright Fisher-z,0,0,
"within-pair, balanced-accuracy AL",all_pairs,AL_balanced,Breast Cancer,DP-LR,lira_tpr_at_1pct,,-0.8833333333333333,9,,0.0015905004234978695,asymptotic Spearman,-0.9813982498625006,-0.4196988870958978,Bonett-Wright Fisher-z,0,0,
"within-pair, balanced-accuracy AL",all_pairs,AL_balanced,Breast Cancer,DP-RF,yeom_advantage,,-0.4655172413793104,9,,0.2066556970894752,asymptotic Spearman,-0.8732766017152509,0.3257396608144586,Bonett-Wright Fisher-z,0,0,
"within-pair, balanced-accuracy AL",all_pairs,AL_balanced,Breast Cancer,DP-RF,lira_auc,,-0.9153857298880941,9,,0.0005337168926636565,asymptotic Spearman,-0.986953770337531,-0.5417589824507457,Bonett-Wright Fisher-z,0,0,
"within-pair, balanced-accuracy AL",all_pairs,AL_balanced,Breast Cancer,DP-RF,shokri_auc,,-0.9153857298880941,9,,0.0005337168926636565,asymptotic Spearman,-0.986953770337531,-0.5417589824507457,Bonett-Wright Fisher-z,0,0,
"within-pair, balanced-accuracy AL",all_pairs,AL_balanced,Breast Cancer,DP-RF,lira_tpr_at_1pct,,-0.49365724849494175,9,,0.17683169504161358,asymptotic Spearman,-0.8828149300046781,0.2973547616384526,Bonett-Wright Fisher-z,0,0,
"within-pair, balanced-accuracy AL",all_pairs,AL_balanced,Breast Cancer,DP-SVM,yeom_advantage,,0.07531446678801507,9,,0.8472940220818163,asymptotic Spearman,-0.6205066075145815,0.7047839822840358,Bonett-Wright Fisher-z,0,0,
"within-pair, balanced-accuracy AL",all_pairs,AL_balanced,Breast Cancer,DP-SVM,lira_auc,,-0.36820405985251814,9,,0.3295603649720029,asymptotic Spearman,-0.8376282218313813,0.4140450490436583,Bonett-Wright Fisher-z,0,0,
"within-pair, balanced-accuracy AL",all_pairs,AL_balanced,Breast Cancer,DP-SVM,shokri_auc,,0.17573375583870185,9,,0.6510838503222885,asymptotic Spearman,-0.5571763208498791,0.7547419065038595,Bonett-Wright Fisher-z,0,0,
"within-pair, balanced-accuracy AL",all_pairs,AL_balanced,Breast Cancer,DP-SVM,lira_tpr_at_1pct,,0.2151917890005768,9,,0.5781814156264586,asymptotic Spearman,-0.5304371630149671,0.7730933428251427,Bonett-Wright Fisher-z,0,0,
"within-pair, balanced-accuracy AL",all_pairs,AL_balanced,Cancer Risk,DP-DNN,yeom_advantage,,0.0,9,,1.0,asymptotic Spearman,-0.6641217079267975,0.6641217079267975,Bonett-Wright Fisher-z,0,0,
"within-pair, balanced-accuracy AL",all_pairs,AL_balanced,Cancer Risk,DP-DNN,lira_auc,,0.9333333333333332,9,,0.00023589981215941651,asymptotic Spearman,0.6199651557776426,0.9899139629456528,Bonett-Wright Fisher-z,0,0,
"within-pair, balanced-accuracy AL",all_pairs,AL_balanced,Cancer Risk,DP-DNN,shokri_auc,,-0.06666666666666667,9,,0.8646897846262036,asymptotic Spearman,-0.7002578050228124,0.6256736731201111,Bonett-Wright Fisher-z,0,0,
"within-pair, balanced-accuracy AL",all_pairs,AL_balanced,Cancer Risk,DP-DNN,lira_tpr_at_1pct,,0.7833333333333333,9,,0.012519873019449885,asymptotic Spearman,0.13834831853875343,0.9617435373970705,Bonett-Wright Fisher-z,0,0,
"within-pair, balanced-accuracy AL",all_pairs,AL_balanced,Cancer Risk,DP-GNB,yeom_advantage,,-0.06666666666666667,9,,0.8646897846262036,asymptotic Spearman,-0.7002578050228124,0.6256736731201111,Bonett-Wright Fisher-z,0,0,
"within-pair, balanced-accuracy AL",all_pairs,AL_balanced,Cancer Risk,DP-GNB,lira_auc,,-0.03333333333333333,9,,0.9321567355405039,asymptotic Spearman,-0.6824683452206413,0.6451982485056751,Bonett-Wright Fisher-z,0,0,
"within-pair, balanced-accuracy AL",all_pairs,AL_balanced,Cancer Risk,DP-GNB,shokri_auc,,0.43333333333333335,9,,0.24395243588005172,asymptotic Spearman,-0.35650709397049735,0.8619457890476541,Bonett-Wright Fisher-z,0,0,
"within-pair, balanced-accuracy AL",all_pairs,AL_balanced,Cancer Risk,DP-GNB,lira_tpr_at_1pct,,0.10878756313824399,9,,0.7805538526280621,asymptotic Spearman,-0.6000952722385909,0.7219642660839112,Bonett-Wright Fisher-z,0,0,
"within-pair, balanced-accuracy AL",all_pairs,AL_balanced,Cancer Risk,DP-LR,yeom_advantage,,-0.9623515200690814,9,,3.285856459769502e-05,asymptotic Spearman,-0.9944773869689011,-0.7653328083343095,Bonett-Wright Fisher-z,0,0,
"within-pair, balanced-accuracy AL",all_pairs,AL_balanced,Cancer Risk,DP-LR,lira_auc,,-0.7166666666666667,9,,0.02981803569584528,asymptotic Spearman,-0.9465763448947222,-0.0037287466283677734,Bonett-Wright Fisher-z,0,0,
"within-pair, balanced-accuracy AL",all_pairs,AL_balanced,Cancer Risk,DP-LR,shokri_auc,,-0.43333333333333335,9,,0.24395243588005172,asymptotic Spearman,-0.8619457890476541,0.35650709397049735,Bonett-Wright Fisher-z,0,0,
"within-pair, balanced-accuracy AL",all_pairs,AL_balanced,Cancer Risk,DP-LR,lira_tpr_at_1pct,,0.6945667492672501,9,,0.03786405384345162,asymptotic Spearman,-0.034707146971786174,0.9411671558068503,Bonett-Wright Fisher-z,0,0,
"within-pair, balanced-accuracy AL",all_pairs,AL_balanced,Cancer Risk,DP-RF,yeom_advantage,,-0.6950150912113306,9,,0.03768829245270158,asymptotic Spearman,-0.9412788143824347,0.03395313780308903,Bonett-Wright Fisher-z,0,0,
"within-pair, balanced-accuracy AL",all_pairs,AL_balanced,Cancer Risk,DP-RF,lira_auc,,0.15,9,,0.7000942309691418,asymptotic Spearman,-0.574021279039974,0.742388899825438,Bonett-Wright Fisher-z,0,0,
"within-pair, balanced-accuracy AL",all_pairs,AL_balanced,Cancer Risk,DP-RF,shokri_auc,,0.2928895930645031,9,,0.4443546956852246,asymptotic Spearman,-0.47414798589084745,0.8071706241794132,Bonett-Wright Fisher-z,0,0,
"within-pair, balanced-accuracy AL",all_pairs,AL_balanced,Cancer Risk,DP-RF,lira_tpr_at_1pct,,-0.2333333333333333,9,,0.5456987782182728,asymptotic Spearman,-0.7812932725705493,0.517747896868221,Bonett-Wright Fisher-z,0,0,
"within-pair, balanced-accuracy AL",all_pairs,AL_balanced,Cancer Risk,DP-SVM,yeom_advantage,,-0.06666666666666667,9,,0.8646897846262036,asymptotic Spearman,-0.7002578050228124,0.6256736731201111,Bonett-Wright Fisher-z,0,0,
"within-pair, balanced-accuracy AL",all_pairs,AL_balanced,Cancer Risk,DP-SVM,lira_auc,,0.5833333333333334,9,,0.09918581647988327,asymptotic Spearman,-0.19549815979195748,0.9109448400796804,Bonett-Wright Fisher-z,0,0,
"within-pair, balanced-accuracy AL",all_pairs,AL_balanced,Cancer Risk,DP-SVM,shokri_auc,,0.5,9,,0.1704706607870538,asymptotic Spearman,-0.2907480145281928,0.8849175889269288,Bonett-Wright Fisher-z,0,0,
"within-pair, balanced-accuracy AL",all_pairs,AL_balanced,Cancer Risk,DP-SVM,lira_tpr_at_1pct,,0.35983578576496095,9,,0.3415091184940341,asymptotic Spearman,-0.4210353583285599,0.8343682689965264,Bonett-Wright Fisher-z,0,0,
"within-pair, balanced-accuracy AL",all_pairs,AL_balanced,Diabetes,DP-DNN,yeom_advantage,,0.5166666666666667,9,,0.15439012098622507,asymptotic Spearman,-0.2729949929181571,0.8903601408134023,Bonett-Wright Fisher-z,0,0,
"within-pair, balanced-accuracy AL",all_pairs,AL_balanced,Diabetes,DP-DNN,lira_auc,,-0.08333333333333334,9,,0.831214097710308,asymptotic Spearman,-0.7089486377732402,0.6156769091154475,Bonett-Wright Fisher-z,0,0,
"within-pair, balanced-accuracy AL",all_pairs,AL_balanced,Diabetes,DP-DNN,shokri_auc,,-0.8333333333333333,9,,0.005265691029161747,asymptotic Spearman,-0.9720211788120464,-0.2638221413574253,Bonett-Wright Fisher-z,0,0,
"within-pair, balanced-accuracy AL",all_pairs,AL_balanced,Diabetes,DP-DNN,lira_tpr_at_1pct,,-0.5333333333333333,9,,0.13922686754397814,asymptotic Spearman,-0.8956835405976523,0.254640389802388,Bonett-Wright Fisher-z,0,0,
"within-pair, balanced-accuracy AL",all_pairs,AL_balanced,Diabetes,DP-GNB,yeom_advantage,,0.31666666666666665,9,,0.406397014486386,asymptotic Spearman,-0.4558246201185339,0.8170584869066698,Bonett-Wright Fisher-z,0,0,
"within-pair, balanced-accuracy AL",all_pairs,AL_balanced,Diabetes,DP-GNB,lira_auc,,0.16666666666666669,9,,0.668231040071504,asymptotic Spearman,-0.5631630243270963,0.750424258414512,Bonett-Wright Fisher-z,0,0,
"within-pair, balanced-accuracy AL",all_pairs,AL_balanced,Diabetes,DP-GNB,shokri_auc,,0.03333333333333333,9,,0.9321567355405039,asymptotic Spearman,-0.6451982485056751,0.6824683452206413,Bonett-Wright Fisher-z,0,0,
"within-pair, balanced-accuracy AL",all_pairs,AL_balanced,Diabetes,DP-GNB,lira_tpr_at_1pct,,-0.06666666666666667,9,,0.8646897846262036,asymptotic Spearman,-0.7002578050228124,0.6256736731201111,Bonett-Wright Fisher-z,0,0,
"within-pair, balanced-accuracy AL",all_pairs,AL_balanced,Diabetes,DP-LR,yeom_advantage,,-0.45,9,,0.22421610749233675,asymptotic Spearman,-0.8678698858696136,0.34078716035057216,Bonett-Wright Fisher-z,0,0,
"within-pair, balanced-accuracy AL",all_pairs,AL_balanced,Diabetes,DP-LR,lira_auc,,0.9166666666666666,9,,0.0005066190663052083,asymptotic Spearman,0.5470834089274791,0.9871685853445952,Bonett-Wright Fisher-z,0,0,
"within-pair, balanced-accuracy AL",all_pairs,AL_balanced,Diabetes,DP-LR,shokri_auc,,-0.2333333333333333,9,,0.5456987782182728,asymptotic Spearman,-0.7812932725705493,0.517747896868221,Bonett-Wright Fisher-z,0,0,
"within-pair, balanced-accuracy AL",all_pairs,AL_balanced,Diabetes,DP-LR,lira_tpr_at_1pct,,-0.09999999999999999,9,,0.797971695234851,asymptotic Spearman,-0.717505794453041,0.6055182390386287,Bonett-Wright Fisher-z,0,0,
"within-pair, balanced-accuracy AL",all_pairs,AL_balanced,Diabetes,DP-RF,yeom_advantage,,0.2025334484711311,9,,0.6012470777329938,asymptotic Spearman,-0.5391403257929179,0.7672834241973521,Bonett-Wright Fisher-z,0,0,
"within-pair, balanced-accuracy AL",all_pairs,AL_balanced,Diabetes,DP-RF,lira_auc,,-0.619252282479235,9,,0.07534651435930134,asymptotic Spearman,-0.9212597276664197,0.14859952946093333,Bonett-Wright Fisher-z,0,0,
"within-pair, balanced-accuracy AL",all_pairs,AL_balanced,Diabetes,DP-RF,shokri_auc,,0.20920685218893076,9,,0.5890472411061645,asymptotic Spearman,-0.5345672044762053,0.7703554527579036,Bonett-Wright Fisher-z,0,0,
"within-pair, balanced-accuracy AL",all_pairs,AL_balanced,Diabetes,DP-RF,lira_tpr_at_1pct,,0.5294117647058825,9,,0.14271234057816773,asymptotic Spearman,-0.25901553526409593,0.8944416656482576,Bonett-Wright Fisher-z,0,0,
"within-pair, balanced-accuracy AL",all_pairs,AL_balanced,Diabetes,DP-SVM,yeom_advantage,,0.9333333333333332,9,,0.00023589981215941651,asymptotic Spearman,0.6199651557776426,0.9899139629456528,Bonett-Wright Fisher-z,0,0,
"within-pair, balanced-accuracy AL",all_pairs,AL_balanced,Diabetes,DP-SVM,lira_auc,,-0.9666666666666667,9,,2.1550312748357717e-05,asymptotic Spearman,-0.9951329051395948,-0.7892927845129246,Bonett-Wright Fisher-z,0,0,
"within-pair, balanced-accuracy AL",all_pairs,AL_balanced,Diabetes,DP-SVM,shokri_auc,,0.09999999999999999,9,,0.797971695234851,asymptotic Spearman,-0.6055182390386287,0.717505794453041,Bonett-Wright Fisher-z,0,0,
"within-pair, balanced-accuracy AL",all_pairs,AL_balanced,Diabetes,DP-SVM,lira_tpr_at_1pct,,-0.9288784237188525,9,,0.0002945257641989605,asymptotic Spearman,-0.9891891267392529,-0.5998022515849457,Bonett-Wright Fisher-z,0,0,
"within-pair, balanced-accuracy AL",all_pairs,AL_balanced,Gallstone,DP-DNN,yeom_advantage,,0.9052038109696288,9,,0.0007862938555142691,asymptotic Spearman,0.5007314157619589,0.9852266933015028,Bonett-Wright Fisher-z,0,0,
"within-pair, balanced-accuracy AL",all_pairs,AL_balanced,Gallstone,DP-DNN,lira_auc,,-1.0,9,,0.0,asymptotic Spearman,-1.0,-1.0,Bonett-Wright Fisher-z,0,0,perfect monotone rank agreement; CI degenerate at rho
"within-pair, balanced-accuracy AL",all_pairs,AL_balanced,Gallstone,DP-DNN,shokri_auc,,,9,,,asymptotic Spearman,,,Bonett-Wright Fisher-z,0,0,undefined: leakage series constant (zero variance)
"within-pair, balanced-accuracy AL",all_pairs,AL_balanced,Gallstone,DP-DNN,lira_tpr_at_1pct,,-0.9036961141150639,9,,0.0008296808246244144,asymptotic Spearman,-0.9849679894089769,-0.4948447239737843,Bonett-Wright Fisher-z,0,0,
"within-pair, balanced-accuracy AL",all_pairs,AL_balanced,Gallstone,DP-GNB,yeom_advantage,,0.25,9,,0.5164895523012261,asymptotic Spearman,-0.5058563153143267,0.7886955505569053,Bonett-Wright Fisher-z,0,0,
"within-pair, balanced-accuracy AL",all_pairs,AL_balanced,Gallstone,DP-GNB,lira_auc,,-0.38333333333333336,9,,0.3084952723803716,asymptotic Spearman,-0.8434435035777011,0.40118808453581994,Bonett-Wright Fisher-z,0,0,
"within-pair, balanced-accuracy AL",all_pairs,AL_balanced,Gallstone,DP-GNB,shokri_auc,,0.35,9,,0.35581957250178897,asymptotic Spearman,-0.42914539519876416,0.8304970346595542,Bonett-Wright Fisher-z,0,0,
"within-pair, balanced-accuracy AL",all_pairs,AL_balanced,Gallstone,DP-GNB,lira_tpr_at_1pct,,-0.16666666666666669,9,,0.668231040071504,asymptotic Spearman,-0.750424258414512,0.5631630243270963,Bonett-Wright Fisher-z,0,0,
"within-pair, balanced-accuracy AL",all_pairs,AL_balanced,Gallstone,DP-LR,yeom_advantage,,0.65,9,,0.058073058017148654,asymptotic Spearman,-0.10493522273444046,0.9296655817141054,Bonett-Wright Fisher-z,0,0,
"within-pair, balanced-accuracy AL",all_pairs,AL_balanced,Gallstone,DP-LR,lira_auc,,0.33333333333333337,9,,0.38071318167686347,asymptotic Spearman,-0.4426360103413414,0.8238394151981814,Bonett-Wright Fisher-z,0,0,
"within-pair, balanced-accuracy AL",all_pairs,AL_balanced,Gallstone,DP-LR,shokri_auc,,0.06666666666666667,9,,0.8646897846262036,asymptotic Spearman,-0.6256736731201111,0.7002578050228124,Bonett-Wright Fisher-z,0,0,
"within-pair, balanced-accuracy AL",all_pairs,AL_balanced,Gallstone,DP-LR,lira_tpr_at_1pct,,0.9500000000000001,9,,8.762523965086185e-05,asymptotic Spearman,0.7002827081716563,0.9925682118389675,Bonett-Wright Fisher-z,0,0,
"within-pair, balanced-accuracy AL",all_pairs,AL_balanced,Gallstone,DP-RF,yeom_advantage,,0.6837856599513579,9,,0.042251381883015075,asymptotic Spearman,-0.052536253391897346,0.9384580224707949,Bonett-Wright Fisher-z,0,0,
"within-pair, balanced-accuracy AL",all_pairs,AL_balanced,Gallstone,DP-RF,lira_auc,,-0.7458698539828915,9,,0.021026303106069583,asymptotic Spearman,-0.9534305541207035,-0.05889458390355147,Bonett-Wright Fisher-z,0,0,
"within-pair, balanced-accuracy AL",all_pairs,AL_balanced,Gallstone,DP-RF,shokri_auc,,0.6780635036208105,9,,0.0447072359709457,asymptotic Spearman,-0.06177051714989139,0.9370012464185359,Bonett-Wright Fisher-z,0,0,
"within-pair, balanced-accuracy AL",all_pairs,AL_balanced,Gallstone,DP-RF,lira_tpr_at_1pct,,-0.5085476277156078,9,,0.16210889894108835,asymptotic Spearman,-0.88772376161489,0.28171578209730014,Bonett-Wright Fisher-z,0,0,
"within-pair, balanced-accuracy AL",all_pairs,AL_balanced,Gallstone,DP-SVM,yeom_advantage,,0.5499999999999999,9,,0.12497678418833194,asymptotic Spearman,-0.23563956815507967,0.9008883664705107,Bonett-Wright Fisher-z,0,0,
"within-pair, balanced-accuracy AL",all_pairs,AL_balanced,Gallstone,DP-SVM,lira_auc,,-0.9333333333333332,9,,0.00023589981215941651,asymptotic Spearman,-0.9899139629456528,-0.6199651557776426,Bonett-Wright Fisher-z,0,0,
"within-pair, balanced-accuracy AL",all_pairs,AL_balanced,Gallstone,DP-SVM,shokri_auc,,-0.4666666666666666,9,,0.2053863511058121,asymptotic Spearman,-0.8736729341451432,0.3246085407704431,Bonett-Wright Fisher-z,0,0,
"within-pair, balanced-accuracy AL",all_pairs,AL_balanced,Gallstone,DP-SVM,lira_tpr_at_1pct,,0.9,9,,0.0009430623223403288,asymptotic Spearman,0.48061047491189596,0.9843305251295531,Bonett-Wright Fisher-z,0,0,
"within-pair, balanced-accuracy AL",all_pairs,AL_balanced,Kidney Stone,DP-DNN,yeom_advantage,,-1.0,9,,0.0,asymptotic Spearman,-1.0,-1.0,Bonett-Wright Fisher-z,0,0,perfect monotone rank agreement; CI degenerate at rho
"within-pair, balanced-accuracy AL",all_pairs,AL_balanced,Kidney Stone,DP-DNN,lira_auc,,-0.8416254115301731,9,,0.004442222838201251,asymptotic Spearman,-0.9736375542145369,-0.2872755873547186,Bonett-Wright Fisher-z,0,0,
"within-pair, balanced-accuracy AL",all_pairs,AL_balanced,Kidney Stone,DP-DNN,shokri_auc,,-0.5742855749264711,9,,0.10583238712021263,asymptotic Spearman,-0.9082615267972693,0.20669363906971625,Bonett-Wright Fisher-z,0,0,
"within-pair, balanced-accuracy AL",all_pairs,AL_balanced,Kidney Stone,DP-DNN,lira_tpr_at_1pct,,0.7854963073359155,9,,0.012115415988321165,asymptotic Spearman,0.14327762555153079,0.9622072833333609,Bonett-Wright Fisher-z,0,0,
"within-pair, balanced-accuracy AL",all_pairs,AL_balanced,Kidney Stone,DP-GNB,yeom_advantage,,-0.5570484990582331,9,,0.11922346278102963,asymptotic Spearman,-0.9030540124089613,0.22739774564493365,Bonett-Wright Fisher-z,0,0,
"within-pair, balanced-accuracy AL",all_pairs,AL_balanced,Kidney Stone,DP-GNB,lira_auc,,-0.8833333333333333,9,,0.0015905004234978695,asymptotic Spearman,-0.9813982498625006,-0.4196988870958978,Bonett-Wright Fisher-z,0,0,
"within-pair, balanced-accuracy AL",all_pairs,AL_balanced,Kidney Stone,DP-GNB,shokri_auc,,-0.65,9,,0.058073058017148654,asymptotic Spearman,-0.9296655817141054,0.10493522273444046,Bonett-Wright Fisher-z,0,0,
"within-pair, balanced-accuracy AL",all_pairs,AL_balanced,Kidney Stone,DP-GNB,lira_tpr_at_1pct,,-0.25,9,,0.5164895523012261,asymptotic Spearman,-0.7886955505569053,0.5058563153143267,Bonett-Wright Fisher-z,0,0,
"within-pair, balanced-accuracy AL",all_pairs,AL_balanced,Kidney Stone,DP-LR,yeom_advantage,,-0.8166666666666667,9,,0.0072247852463587885,asymptotic Spearman,-0.9686972272167684,-0.21913024606359227,Bonett-Wright Fisher-z,0,0,
"within-pair, balanced-accuracy AL",all_pairs,AL_balanced,Kidney Stone,DP-LR,lira_auc,,-0.4666666666666666,9,,0.2053863511058121,asymptotic Spearman,-0.8736729341451432,0.3246085407704431,Bonett-Wright Fisher-z,0,0,
"within-pair, balanced-accuracy AL",all_pairs,AL_balanced,Kidney Stone,DP-LR,shokri_auc,,-0.4666666666666666,9,,0.2053863511058121,asymptotic Spearman,-0.8736729341451432,0.3246085407704431,Bonett-Wright Fisher-z,0,0,
"within-pair, balanced-accuracy AL",all_pairs,AL_balanced,Kidney Stone,DP-LR,lira_tpr_at_1pct,,0.48333333333333334,9,,0.18746985521554216,asymptotic Spearman,-0.30794014681079274,0.8793553508028455,Bonett-Wright Fisher-z,0,0,
"within-pair, balanced-accuracy AL",all_pairs,AL_balanced,Kidney Stone,DP-RF,yeom_advantage,,0.7758620689655173,9,,0.013986487853532084,asymptotic Spearman,0.12162695349689795,0.9601281706385802,Bonett-Wright Fisher-z,0,0,
"within-pair, balanced-accuracy AL",all_pairs,AL_balanced,Kidney Stone,DP-RF,lira_auc,,0.5085476277156078,9,,0.16210889894108835,asymptotic Spearman,-0.28171578209730014,0.88772376161489,Bonett-Wright Fisher-z,0,0,
"within-pair, balanced-accuracy AL",all_pairs,AL_balanced,Kidney Stone,DP-RF,shokri_auc,,-0.05085476277156078,9,,0.896622545113034,asymptotic Spearman,-0.6918876321457654,0.6350119845401837,Bonett-Wright Fisher-z,0,0,
"within-pair, balanced-accuracy AL",all_pairs,AL_balanced,Kidney Stone,DP-RF,lira_tpr_at_1pct,,0.4766345847537369,9,,0.1945608573072786,asymptotic Spearman,-0.3147005624812336,0.8770859166036568,Bonett-Wright Fisher-z,0,0,
"within-pair, balanced-accuracy AL",all_pairs,AL_balanced,Kidney Stone,DP-SVM,yeom_advantage,,-0.9764705882352942,9,,6.429820157893403e-06,asymptotic Spearman,-0.9966003545134432,-0.846323736192968,Bonett-Wright Fisher-z,0,0,
"within-pair, balanced-accuracy AL",all_pairs,AL_balanced,Kidney Stone,DP-SVM,lira_auc,,-0.8218224606706397,9,,0.006573427983343723,asymptotic Spearman,-0.9697362599083889,-0.2326221508007796,Bonett-Wright Fisher-z,0,0,
"within-pair, balanced-accuracy AL",all_pairs,AL_balanced,Kidney Stone,DP-SVM,shokri_auc,,-0.42576344347996997,9,,0.2532135193500454,asymptotic Spearman,-0.8592150231246294,0.36350329205477694,Bonett-Wright Fisher-z,0,0,
"within-pair, balanced-accuracy AL",all_pairs,AL_balanced,Kidney Stone,DP-SVM,lira_tpr_at_1pct,,0.49507377148833714,9,,0.17539954824280501,asymptotic Spearman,-0.2958862134181554,0.8832860204071031,Bonett-Wright Fisher-z,0,0,
"within-pair, balanced-accuracy AL",all_pairs,AL_balanced,Lung Cancer,DP-DNN,yeom_advantage,,-0.4293564476313732,9,,0.2487947811524876,asymptotic Spearman,-0.8605142907723291,0.360193487063896,Bonett-Wright Fisher-z,0,0,
"within-pair, balanced-accuracy AL",all_pairs,AL_balanced,Lung Cancer,DP-DNN,lira_auc,,-0.019802950859533486,9,,0.9596709411933118,asymptotic Spearman,-0.67508942959201,0.6529504902587642,Bonett-Wright Fisher-z,0,0,
"within-pair, balanced-accuracy AL",all_pairs,AL_balanced,Lung Cancer,DP-DNN,shokri_auc,,0.22773393488463511,9,,0.5556500092057025,asymptotic Spearman,-0.5216922083156658,0.7787782460660188,Bonett-Wright Fisher-z,0,0,
"within-pair, balanced-accuracy AL",all_pairs,AL_balanced,Lung Cancer,DP-DNN,lira_tpr_at_1pct,,0.28714278746323557,9,,0.453753297696265,asymptotic Spearman,-0.47849396005175776,0.8047429258202309,Bonett-Wright Fisher-z,0,0,
"within-pair, balanced-accuracy AL",all_pairs,AL_balanced,Lung Cancer,DP-GNB,yeom_advantage,,0.33903175181040524,9,,0.3721117934172025,asymptotic Spearman,-0.43805830969241133,0.8261295473399263,Bonett-Wright Fisher-z,0,0,
"within-pair, balanced-accuracy AL",all_pairs,AL_balanced,Lung Cancer,DP-GNB,lira_auc,,-0.25,9,,0.5164895523012261,asymptotic Spearman,-0.7886955505569053,0.5058563153143267,Bonett-Wright Fisher-z,0,0,
"within-pair, balanced-accuracy AL",all_pairs,AL_balanced,Lung Cancer,DP-GNB,shokri_auc,,-0.25,9,,0.5164895523012261,asymptotic Spearman,-0.7886955505569053,0.5058563153143267,Bonett-Wright Fisher-z,0,0,
"within-pair, balanced-accuracy AL",all_pairs,AL_balanced,Lung Cancer,DP-GNB,lira_tpr_at_1pct,,-0.65,9,,0.058073058017148654,asymptotic Spearman,-0.9296655817141054,0.10493522273444046,Bonett-Wright Fisher-z,0,0,
"within-pair, balanced-accuracy AL",all_pairs,AL_balanced,Lung Cancer,DP-LR,yeom_advantage,,-0.9623515200690814,9,,3.285856459769502e-05,asymptotic Spearman,-0.9944773869689011,-0.7653328083343095,Bonett-Wright Fisher-z,0,0,
"within-pair, balanced-accuracy AL",all_pairs,AL_balanced,Lung Cancer,DP-LR,lira_auc,,0.45,9,,0.22421610749233675,asymptotic Spearman,-0.34078716035057216,0.8678698858696136,Bonett-Wright Fisher-z,0,0,
"within-pair, balanced-accuracy AL",all_pairs,AL_balanced,Lung Cancer,DP-LR,shokri_auc,,0.45,9,,0.22421610749233675,asymptotic Spearman,-0.34078716035057216,0.8678698858696136,Bonett-Wright Fisher-z,0,0,
"within-pair, balanced-accuracy AL",all_pairs,AL_balanced,Lung Cancer,DP-LR,lira_tpr_at_1pct,,0.75,9,,0.01994212613199253,asymptotic Spearman,0.06714339622647121,0.9543732720143068,Bonett-Wright Fisher-z,0,0,
"within-pair, balanced-accuracy AL",all_pairs,AL_balanced,Lung Cancer,DP-RF,yeom_advantage,,0.5500190982169268,9,,0.12496097654595263,asymptotic Spearman,-0.23561740625825092,0.900894262864078,Bonett-Wright Fisher-z,0,0,
"within-pair, balanced-accuracy AL",all_pairs,AL_balanced,Lung Cancer,DP-RF,lira_auc,,0.22689075630252106,9,,0.5571543537016607,asymptotic Spearman,-0.5222839882617821,0.77839829617025,Bonett-Wright Fisher-z,0,0,
"within-pair, balanced-accuracy AL",all_pairs,AL_balanced,Lung Cancer,DP-RF,shokri_auc,,-0.15899720766358738,9,,0.6828398157150526,asymptotic Spearman,-0.7467425896888753,0.568182874023227,Bonett-Wright Fisher-z,0,0,
"within-pair, balanced-accuracy AL",all_pairs,AL_balanced,Lung Cancer,DP-RF,lira_tpr_at_1pct,,-0.02521008403361345,9,,0.948669630930436,asymptotic Spearman,-0.6780493417586444,0.6498642302320757,Bonett-Wright Fisher-z,0,0,
"within-pair, balanced-accuracy AL",all_pairs,AL_balanced,Lung Cancer,DP-SVM,yeom_advantage,,0.7657236095785827,9,,0.01615453944711641,asymptotic Spearman,0.09966263468585991,0.9579024478555236,Bonett-Wright Fisher-z,0,0,
"within-pair, balanced-accuracy AL",all_pairs,AL_balanced,Lung Cancer,DP-SVM,lira_auc,,-0.6945667492672501,9,,0.03786405384345162,asymptotic Spearman,-0.9411671558068503,0.034707146971786174,Bonett-Wright Fisher-z,0,0,
"within-pair, balanced-accuracy AL",all_pairs,AL_balanced,Lung Cancer,DP-SVM,shokri_auc,,0.06694619270045785,9,,0.8641266713551773,asymptotic Spearman,-0.6255073227592208,0.7004046747059187,Bonett-Wright Fisher-z,0,0,
"within-pair, balanced-accuracy AL",all_pairs,AL_balanced,Lung Cancer,DP-SVM,lira_tpr_at_1pct,,-0.5355695416036628,9,,0.1372619794414504,asymptotic Spearman,-0.8963887592299087,0.25212956748352594,Bonett-Wright Fisher-z,0,0,
across-pair at fixed epsilon (n=30),all_pairs,AL_exported,n/a,n/a,yeom_advantage,0.1,0.14527252502780869,30,6.0,0.5444444444444444,exact dataset-block permutation,-0.36512935883014624,0.49091010665312335,dataset-cluster percentile bootstrap (20000 resamples),720,20000,
across-pair at fixed epsilon (n=30),all_pairs,AL_exported,n/a,n/a,yeom_advantage,0.2,-0.06206896551724137,30,6.0,0.8291666666666667,exact dataset-block permutation,-0.6859060402684564,0.5445810055865922,dataset-cluster percentile bootstrap (20000 resamples),720,20000,
across-pair at fixed epsilon (n=30),all_pairs,AL_exported,n/a,n/a,yeom_advantage,0.4,-0.11590656284760845,30,6.0,0.6680555555555555,exact dataset-block permutation,-0.6964285714285714,0.4469798657718121,dataset-cluster percentile bootstrap (20000 resamples),720,20000,
across-pair at fixed epsilon (n=30),all_pairs,AL_exported,n/a,n/a,yeom_advantage,0.8,0.11637739495952071,30,6.0,0.6041666666666666,exact dataset-block permutation,-0.33255112510675505,0.4672665916760405,dataset-cluster percentile bootstrap (20000 resamples),720,20000,
across-pair at fixed epsilon (n=30),all_pairs,AL_exported,n/a,n/a,yeom_advantage,1.0,-0.15665331941013877,30,6.0,0.36944444444444446,exact dataset-block permutation,-0.2771498105419903,0.05361932435978084,dataset-cluster percentile bootstrap (20000 resamples),720,20000,
across-pair at fixed epsilon (n=30),all_pairs,AL_exported,n/a,n/a,yeom_advantage,2.0,0.00934891537921665,30,6.0,0.9611111111111111,exact dataset-block permutation,-0.21990452070982747,0.28025477881980565,dataset-cluster percentile bootstrap (20000 resamples),720,20000,
across-pair at fixed epsilon (n=30),all_pairs,AL_exported,n/a,n/a,yeom_advantage,4.0,-0.17357401382311383,30,6.0,0.49444444444444446,exact dataset-block permutation,-0.38733745671510855,0.16854835356392497,dataset-cluster percentile bootstrap (20000 resamples),720,20000,
across-pair at fixed epsilon (n=30),all_pairs,AL_exported,n/a,n/a,yeom_advantage,8.0,0.09024066187209383,30,6.0,0.6763888888888889,exact dataset-block permutation,-0.3961169381834412,0.5416166821471755,dataset-cluster percentile bootstrap (20000 resamples),720,20000,
across-pair at fixed epsilon (n=30),all_pairs,AL_exported,n/a,n/a,yeom_advantage,10.0,-0.11443248200502762,30,6.0,0.3819444444444444,exact dataset-block permutation,-0.5371568846239678,0.31635401372270694,dataset-cluster percentile bootstrap (20000 resamples),720,20000,
across-pair at fixed epsilon (n=30),all_pairs,AL_exported,n/a,n/a,lira_auc,0.1,-0.22313681868743046,30,6.0,0.24027777777777778,exact dataset-block permutation,-0.4268456375838926,0.14496644295302014,dataset-cluster percentile bootstrap (20000 resamples),720,20000,
across-pair at fixed epsilon (n=30),all_pairs,AL_exported,n/a,n/a,lira_auc,0.2,-0.1884315906562848,30,6.0,0.3958333333333333,exact dataset-block permutation,-0.5716598635872857,0.16424581005586592,dataset-cluster percentile bootstrap (20000 resamples),720,20000,
across-pair at fixed epsilon (n=30),all_pairs,AL_exported,n/a,n/a,lira_auc,0.4,0.0967741935483871,30,6.0,0.5097222222222222,exact dataset-block permutation,-0.13109619686800894,0.2764245810055866,dataset-cluster percentile bootstrap (20000 resamples),720,20000,
across-pair at fixed epsilon (n=30),all_pairs,AL_exported,n/a,n/a,lira_auc,0.8,0.3543937708565072,30,6.0,0.08472222222222223,exact dataset-block permutation,-0.10933717503189191,0.6925139664804469,dataset-cluster percentile bootstrap (20000 resamples),720,20000,
across-pair at fixed epsilon (n=30),all_pairs,AL_exported,n/a,n/a,lira_auc,1.0,0.2956618464961067,30,6.0,0.15138888888888888,exact dataset-block permutation,-0.11865921787709498,0.7158836689038032,dataset-cluster percentile bootstrap (20000 resamples),720,20000,
across-pair at fixed epsilon (n=30),all_pairs,AL_exported,n/a,n/a,lira_auc,2.0,0.2963622223255886,30,6.0,0.09861111111111111,exact dataset-block permutation,-0.08808736953181269,0.6787350584336123,dataset-cluster percentile bootstrap (20000 resamples),720,20000,
across-pair at fixed epsilon (n=30),all_pairs,AL_exported,n/a,n/a,lira_auc,4.0,0.26837433121265175,30,6.0,0.2,exact dataset-block permutation,0.09473623409369397,0.43698420587813885,dataset-cluster percentile bootstrap (20000 resamples),720,20000,
across-pair at fixed epsilon (n=30),all_pairs,AL_exported,n/a,n/a,lira_auc,8.0,0.1474388442014734,30,6.0,0.31666666666666665,exact dataset-block permutation,-0.10201342281879194,0.31349496063423865,dataset-cluster percentile bootstrap (20000 resamples),720,20000,
across-pair at fixed epsilon (n=30),all_pairs,AL_exported,n/a,n/a,lira_auc,10.0,0.1741364417665181,30,6.0,0.37777777777777777,exact dataset-block permutation,-0.07730997195665129,0.3714436114391635,dataset-cluster percentile bootstrap (20000 resamples),720,20000,
across-pair at fixed epsilon (n=30),all_pairs,AL_exported,n/a,n/a,shokri_auc,0.1,-0.23005896237586987,30,6.0,0.44305555555555554,exact dataset-block permutation,-0.7612143180112035,0.4935123042505593,dataset-cluster percentile bootstrap (20000 resamples),720,20000,
across-pair at fixed epsilon (n=30),all_pairs,AL_exported,n/a,n/a,shokri_auc,0.2,-0.12237178849780311,30,6.0,0.4875,exact dataset-block permutation,-0.503463687150838,0.2958751393534002,dataset-cluster percentile bootstrap (20000 resamples),720,20000,
across-pair at fixed epsilon (n=30),all_pairs,AL_exported,n/a,n/a,shokri_auc,0.4,0.031594170848523714,30,6.0,0.8527777777777777,exact dataset-block permutation,-0.28472536313595476,0.25405405405405407,dataset-cluster percentile bootstrap (20000 resamples),720,20000,
across-pair at fixed epsilon (n=30),all_pairs,AL_exported,n/a,n/a,shokri_auc,0.8,0.0020022246941045607,30,6.0,0.9861111111111112,exact dataset-block permutation,-0.24026845637583893,0.28,dataset-cluster percentile bootstrap (20000 resamples),720,20000,
across-pair at fixed epsilon (n=30),all_pairs,AL_exported,n/a,n/a,shokri_auc,1.0,-0.23470522803114574,30,6.0,0.3958333333333333,exact dataset-block permutation,-0.7615212527964206,0.4092238470191226,dataset-cluster percentile bootstrap (20000 resamples),720,20000,
across-pair at fixed epsilon (n=30),all_pairs,AL_exported,n/a,n/a,shokri_auc,2.0,0.117476916957891,30,6.0,0.4708333333333333,exact dataset-block permutation,-0.054626532887402456,0.34258858344899473,dataset-cluster percentile bootstrap (20000 resamples),720,20000,
across-pair at fixed epsilon (n=30),all_pairs,AL_exported,n/a,n/a,shokri_auc,4.0,0.19688208198504908,30,6.0,0.20277777777777778,exact dataset-block permutation,-0.1514598781261118,0.45100671140939597,dataset-cluster percentile bootstrap (20000 resamples),720,20000,
across-pair at fixed epsilon (n=30),all_pairs,AL_exported,n/a,n/a,shokri_auc,8.0,-0.07817376784700478,30,6.0,0.7305555555555555,exact dataset-block permutation,-0.5860409007145403,0.43910614525139663,dataset-cluster percentile bootstrap (20000 resamples),720,20000,
across-pair at fixed epsilon (n=30),all_pairs,AL_exported,n/a,n/a,shokri_auc,10.0,-0.06399124044429026,30,6.0,0.7152777777777778,exact dataset-block permutation,-0.6394328804497768,0.5838552297654112,dataset-cluster percentile bootstrap (20000 resamples),720,20000,
across-pair at fixed epsilon (n=30),all_pairs,AL_exported,n/a,n/a,lira_tpr_at_1pct,0.1,0.5012235817575084,30,6.0,0.075,exact dataset-block permutation,-0.014285714285714285,0.8326621923937361,dataset-cluster percentile bootstrap (20000 resamples),720,20000,
across-pair at fixed epsilon (n=30),all_pairs,AL_exported,n/a,n/a,lira_tpr_at_1pct,0.2,0.5301446051167964,30,6.0,0.041666666666666664,exact dataset-block permutation,0.02371364653243848,0.9241917502787068,dataset-cluster percentile bootstrap (20000 resamples),720,20000,
across-pair at fixed epsilon (n=30),all_pairs,AL_exported,n/a,n/a,lira_tpr_at_1pct,0.4,0.2645161290322581,30,6.0,0.2986111111111111,exact dataset-block permutation,-0.060714285714285714,0.6071428571428571,dataset-cluster percentile bootstrap (20000 resamples),720,20000,
across-pair at fixed epsilon (n=30),all_pairs,AL_exported,n/a,n/a,lira_tpr_at_1pct,0.8,0.6262513904338153,30,6.0,0.022222222222222223,exact dataset-block permutation,0.2150170648464164,0.8528428093645485,dataset-cluster percentile bootstrap (20000 resamples),720,20000,
across-pair at fixed epsilon (n=30),all_pairs,AL_exported,n/a,n/a,lira_tpr_at_1pct,1.0,0.31078976640711903,30,6.0,0.2569444444444444,exact dataset-block permutation,-0.15838926174496645,0.752572706935123,dataset-cluster percentile bootstrap (20000 resamples),720,20000,
across-pair at fixed epsilon (n=30),all_pairs,AL_exported,n/a,n/a,lira_tpr_at_1pct,2.0,0.23028145653677495,30,6.0,0.4236111111111111,exact dataset-block permutation,-0.16471114193795597,0.7103702919492478,dataset-cluster percentile bootstrap (20000 resamples),720,20000,
across-pair at fixed epsilon (n=30),all_pairs,AL_exported,n/a,n/a,lira_tpr_at_1pct,4.0,0.30883187359328435,30,6.0,0.1986111111111111,exact dataset-block permutation,-0.055142927036323584,0.6275739214233227,dataset-cluster percentile bootstrap (20000 resamples),720,20000,
across-pair at fixed epsilon (n=30),all_pairs,AL_exported,n/a,n/a,lira_tpr_at_1pct,8.0,0.438801868718911,30,6.0,0.05555555555555555,exact dataset-block permutation,0.09753914988814318,0.6280215490420269,dataset-cluster percentile bootstrap (20000 resamples),720,20000,
across-pair at fixed epsilon (n=30),all_pairs,AL_exported,n/a,n/a,lira_tpr_at_1pct,10.0,0.1895421802337922,30,6.0,0.2833333333333333,exact dataset-block permutation,-0.2096198179385585,0.3269396802798149,dataset-cluster percentile bootstrap (20000 resamples),720,20000,
"across-pair at fixed epsilon, robustness subset",robustness_excluded_near_majority,AL_exported,n/a,n/a,yeom_advantage,0.1,0.2113300492610837,29,6.0,0.40476831272620034,"CR1 dataset-cluster rank regression (t, df=G-1)",-0.36512935883014624,0.6840490797546013,dataset-cluster percentile bootstrap (20000 resamples),0,20000,unbalanced cluster strata; exact block permutation unavailable
"across-pair at fixed epsilon, robustness subset",robustness_excluded_near_majority,AL_exported,n/a,n/a,yeom_advantage,0.2,-0.0669950738916256,29,6.0,0.8253740710295647,"CR1 dataset-cluster rank regression (t, df=G-1)",-0.6859060402684564,0.5447852760736196,dataset-cluster percentile bootstrap (20000 resamples),0,20000,unbalanced cluster strata; exact block permutation unavailable
"across-pair at fixed epsilon, robustness subset",robustness_excluded_near_majority,AL_exported,n/a,n/a,yeom_advantage,0.4,-0.15418719211822657,29,6.0,0.6523034236639133,"CR1 dataset-cluster rank regression (t, df=G-1)",-0.6964285714285714,0.46831955922865015,dataset-cluster percentile bootstrap (20000 resamples),0,20000,unbalanced cluster strata; exact block permutation unavailable
"across-pair at fixed epsilon, robustness subset",robustness_excluded_near_majority,AL_exported,n/a,n/a,yeom_advantage,0.8,0.0763734933254299,29,6.0,0.7415120211002085,"CR1 dataset-cluster rank regression (t, df=G-1)",-0.33255112510675505,0.5654241514599477,dataset-cluster percentile bootstrap (20000 resamples),0,20000,unbalanced cluster strata; exact block permutation unavailable
"across-pair at fixed epsilon, robustness subset",robustness_excluded_near_majority,AL_exported,n/a,n/a,yeom_advantage,1.0,-0.13845775241577937,29,6.0,0.2729014584897664,"CR1 dataset-cluster rank regression (t, df=G-1)",-0.2812229257834587,0.15334835029221514,dataset-cluster percentile bootstrap (20000 resamples),0,20000,unbalanced cluster strata; exact block permutation unavailable
"across-pair at fixed epsilon, robustness subset",robustness_excluded_near_majority,AL_exported,n/a,n/a,yeom_advantage,2.0,0.012076402550426548,29,6.0,0.9470055003196832,"CR1 dataset-cluster rank regression (t, df=G-1)",-0.23064429186891502,0.28501118568232664,dataset-cluster percentile bootstrap (20000 resamples),0,20000,unbalanced cluster strata; exact block permutation unavailable
"across-pair at fixed epsilon, robustness subset",robustness_excluded_near_majority,AL_exported,n/a,n/a,yeom_advantage,4.0,-0.2136689457770153,29,6.0,0.1848209597757806,"CR1 dataset-cluster rank regression (t, df=G-1)",-0.43929444884157137,0.16854835356392497,dataset-cluster percentile bootstrap (20000 resamples),0,20000,unbalanced cluster strata; exact block permutation unavailable
"across-pair at fixed epsilon, robustness subset",robustness_excluded_near_majority,AL_exported,n/a,n/a,yeom_advantage,8.0,0.036022709103284346,29,6.0,0.89960761841009,"CR1 dataset-cluster rank regression (t, df=G-1)",-0.5408441232768434,0.5416166821471755,dataset-cluster percentile bootstrap (20000 resamples),0,20000,unbalanced cluster strata; exact block permutation unavailable
"across-pair at fixed epsilon, robustness subset",robustness_excluded_near_majority,AL_exported,n/a,n/a,yeom_advantage,10.0,-0.03162061511007433,29,6.0,0.8836353495765203,"CR1 dataset-cluster rank regression (t, df=G-1)",-0.43037627025542435,0.3503470680401387,dataset-cluster percentile bootstrap (20000 resamples),0,20000,unbalanced cluster strata; exact block permutation unavailable
"across-pair at fixed epsilon, robustness subset",robustness_excluded_near_majority,AL_exported,n/a,n/a,lira_auc,0.1,-0.25665024630541866,29,6.0,0.018527702777976676,"CR1 dataset-cluster rank regression (t, df=G-1)",-0.511520737327189,0.12366790582403965,dataset-cluster percentile bootstrap (20000 resamples),0,20000,unbalanced cluster strata; exact block permutation unavailable
"across-pair at fixed epsilon, robustness subset",robustness_excluded_near_majority,AL_exported,n/a,n/a,lira_auc,0.2,-0.23251231527093594,29,6.0,0.14151344875163188,"CR1 dataset-cluster rank regression (t, df=G-1)",-0.5719063545150501,0.12623762376237624,dataset-cluster percentile bootstrap (20000 resamples),0,20000,unbalanced cluster strata; exact block permutation unavailable
"across-pair at fixed epsilon, robustness subset",robustness_excluded_near_majority,AL_exported,n/a,n/a,lira_auc,0.4,0.07142857142857141,29,6.0,0.17263266445684658,"CR1 dataset-cluster rank regression (t, df=G-1)",-0.13830155979202774,0.27293064876957496,dataset-cluster percentile bootstrap (20000 resamples),0,20000,unbalanced cluster strata; exact block permutation unavailable
"across-pair at fixed epsilon, robustness subset",robustness_excluded_near_majority,AL_exported,n/a,n/a,lira_auc,0.8,0.3625615763546797,29,6.0,0.15403975022258604,"CR1 dataset-cluster rank regression (t, df=G-1)",-0.14969325153374233,0.6925139664804469,dataset-cluster percentile bootstrap (20000 resamples),0,20000,unbalanced cluster strata; exact block permutation unavailable
"across-pair at fixed epsilon, robustness subset",robustness_excluded_near_majority,AL_exported,n/a,n/a,lira_auc,1.0,0.29655172413793096,29,6.0,0.18884688737774435,"CR1 dataset-cluster rank regression (t, df=G-1)",-0.12142857142857143,0.7158836689038032,dataset-cluster percentile bootstrap (20000 resamples),0,20000,unbalanced cluster strata; exact block permutation unavailable
"across-pair at fixed epsilon, robustness subset",robustness_excluded_near_majority,AL_exported,n/a,n/a,lira_auc,2.0,0.29437123021659556,29,6.0,0.12991886354821555,"CR1 dataset-cluster rank regression (t, df=G-1)",-0.14627504098079616,0.6787350584336123,dataset-cluster percentile bootstrap (20000 resamples),0,20000,unbalanced cluster strata; exact block permutation unavailable
"across-pair at fixed epsilon, robustness subset",robustness_excluded_near_majority,AL_exported,n/a,n/a,lira_auc,4.0,0.26263891729093114,29,6.0,0.12715813049517713,"CR1 dataset-cluster rank regression (t, df=G-1)",0.08475059308801786,0.41861109794584295,dataset-cluster percentile bootstrap (20000 resamples),0,20000,unbalanced cluster strata; exact block permutation unavailable
"across-pair at fixed epsilon, robustness subset",robustness_excluded_near_majority,AL_exported,n/a,n/a,lira_auc,8.0,0.13810121472574785,29,6.0,0.2669526557738409,"CR1 dataset-cluster rank regression (t, df=G-1)",-0.10297029702970296,0.2942169922926391,dataset-cluster percentile bootstrap (20000 resamples),0,20000,unbalanced cluster strata; exact block permutation unavailable
"across-pair at fixed epsilon, robustness subset",robustness_excluded_near_majority,AL_exported,n/a,n/a,lira_auc,10.0,0.18074129169811665,29,6.0,0.2007911386485382,"CR1 dataset-cluster rank regression (t, df=G-1)",-0.07730997195665129,0.38274867000589463,dataset-cluster percentile bootstrap (20000 resamples),0,20000,unbalanced cluster strata; exact block permutation unavailable
"across-pair at fixed epsilon, robustness subset",robustness_excluded_near_majority,AL_exported,n/a,n/a,shokri_auc,0.1,-0.16775465085983396,29,6.0,0.5442217277913817,"CR1 dataset-cluster rank regression (t, df=G-1)",-0.7036592030913527,0.4935123042505593,dataset-cluster percentile bootstrap (20000 resamples),0,20000,unbalanced cluster strata; exact block permutation unavailable
"across-pair at fixed epsilon, robustness subset",robustness_excluded_near_majority,AL_exported,n/a,n/a,shokri_auc,0.2,-0.09139056603377152,29,6.0,0.5763427590623413,"CR1 dataset-cluster rank regression (t, df=G-1)",-0.43514851485148515,0.2958751393534002,dataset-cluster percentile bootstrap (20000 resamples),0,20000,unbalanced cluster strata; exact block permutation unavailable
"across-pair at fixed epsilon, robustness subset",robustness_excluded_near_majority,AL_exported,n/a,n/a,shokri_auc,0.4,0.009607094542633665,29,6.0,0.9459496646217683,"CR1 dataset-cluster rank regression (t, df=G-1)",-0.2867663760197888,0.2217283950617284,dataset-cluster percentile bootstrap (20000 resamples),0,20000,unbalanced cluster strata; exact block permutation unavailable
"across-pair at fixed epsilon, robustness subset",robustness_excluded_near_majority,AL_exported,n/a,n/a,shokri_auc,0.8,0.044827586206896544,29,6.0,0.7382691803811561,"CR1 dataset-cluster rank regression (t, df=G-1)",-0.24026845637583893,0.3423312883435583,dataset-cluster percentile bootstrap (20000 resamples),0,20000,unbalanced cluster strata; exact block permutation unavailable
"across-pair at fixed epsilon, robustness subset",robustness_excluded_near_majority,AL_exported,n/a,n/a,shokri_auc,1.0,-0.23201970443349748,29,6.0,0.513902191462453,"CR1 dataset-cluster rank regression (t, df=G-1)",-0.7585185185185185,0.4092238470191226,dataset-cluster percentile bootstrap (20000 resamples),0,20000,unbalanced cluster strata; exact block permutation unavailable
"across-pair at fixed epsilon, robustness subset",robustness_excluded_near_majority,AL_exported,n/a,n/a,shokri_auc,2.0,0.13376031632436103,29,6.0,0.2189688680671682,"CR1 dataset-cluster rank regression (t, df=G-1)",-0.054626532887402456,0.42307102814067715,dataset-cluster percentile bootstrap (20000 resamples),0,20000,unbalanced cluster strata; exact block permutation unavailable
"across-pair at fixed epsilon, robustness subset",robustness_excluded_near_majority,AL_exported,n/a,n/a,shokri_auc,4.0,0.19358830992805726,29,6.0,0.3453600668873475,"CR1 dataset-cluster rank regression (t, df=G-1)",-0.23348721863251426,0.45100671140939597,dataset-cluster percentile bootstrap (20000 resamples),0,20000,unbalanced cluster strata; exact block permutation unavailable
"across-pair at fixed epsilon, robustness subset",robustness_excluded_near_majority,AL_exported,n/a,n/a,shokri_auc,8.0,-0.02515414982504693,29,6.0,0.9206816862004426,"CR1 dataset-cluster rank regression (t, df=G-1)",-0.5201235015063772,0.43910614525139663,dataset-cluster percentile bootstrap (20000 resamples),0,20000,unbalanced cluster strata; exact block permutation unavailable
"across-pair at fixed epsilon, robustness subset",robustness_excluded_near_majority,AL_exported,n/a,n/a,shokri_auc,10.0,-0.008888915985153277,29,6.0,0.9800973407819753,"CR1 dataset-cluster rank regression (t, df=G-1)",-0.5579830008519668,0.5838552297654112,dataset-cluster percentile bootstrap (20000 resamples),0,20000,unbalanced cluster strata; exact block permutation unavailable
"across-pair at fixed epsilon, robustness subset",robustness_excluded_near_majority,AL_exported,n/a,n/a,lira_tpr_at_1pct,0.1,0.5546798029556649,29,6.0,0.04058613887223288,"CR1 dataset-cluster rank regression (t, df=G-1)",0.028257887517146776,0.8326621923937361,dataset-cluster percentile bootstrap (20000 resamples),0,20000,unbalanced cluster strata; exact block permutation unavailable
"across-pair at fixed epsilon, robustness subset",robustness_excluded_near_majority,AL_exported,n/a,n/a,lira_tpr_at_1pct,0.2,0.5541871921182264,29,6.0,0.08829154418523168,"CR1 dataset-cluster rank regression (t, df=G-1)",0.10918544194107452,0.9241917502787068,dataset-cluster percentile bootstrap (20000 resamples),0,20000,unbalanced cluster strata; exact block permutation unavailable
"across-pair at fixed epsilon, robustness subset",robustness_excluded_near_majority,AL_exported,n/a,n/a,lira_tpr_at_1pct,0.4,0.24630541871921177,29,6.0,0.34458228389541573,"CR1 dataset-cluster rank regression (t, df=G-1)",-0.10906298003072197,0.6071428571428571,dataset-cluster percentile bootstrap (20000 resamples),0,20000,unbalanced cluster strata; exact block permutation unavailable
"across-pair at fixed epsilon, robustness subset",robustness_excluded_near_majority,AL_exported,n/a,n/a,lira_tpr_at_1pct,0.8,0.6103448275862068,29,6.0,0.017906935292355063,"CR1 dataset-cluster rank regression (t, df=G-1)",0.17810055865921787,0.8528428093645485,dataset-cluster percentile bootstrap (20000 resamples),0,20000,unbalanced cluster strata; exact block permutation unavailable
"across-pair at fixed epsilon, robustness subset",robustness_excluded_near_majority,AL_exported,n/a,n/a,lira_tpr_at_1pct,1.0,0.3113300492610837,29,6.0,0.2590434290092276,"CR1 dataset-cluster rank regression (t, df=G-1)",-0.19815668202764977,0.752572706935123,dataset-cluster percentile bootstrap (20000 resamples),0,20000,unbalanced cluster strata; exact block permutation unavailable
"across-pair at fixed epsilon, robustness subset",robustness_excluded_near_majority,AL_exported,n/a,n/a,lira_tpr_at_1pct,2.0,0.22071683872307088,29,6.0,0.4168899862725731,"CR1 dataset-cluster rank regression (t, df=G-1)",-0.23742331288343557,0.7103702919492478,dataset-cluster percentile bootstrap (20000 resamples),0,20000,unbalanced cluster strata; exact block permutation unavailable
"across-pair at fixed epsilon, robustness subset",robustness_excluded_near_majority,AL_exported,n/a,n/a,lira_tpr_at_1pct,4.0,0.3394995308440204,29,6.0,0.15599225791959212,"CR1 dataset-cluster rank regression (t, df=G-1)",0.022871536708625982,0.6275739214233227,dataset-cluster percentile bootstrap (20000 resamples),0,20000,unbalanced cluster strata; exact block permutation unavailable
"across-pair at fixed epsilon, robustness subset",robustness_excluded_near_majority,AL_exported,n/a,n/a,lira_tpr_at_1pct,8.0,0.4190408302971236,29,6.0,0.02862444885982479,"CR1 dataset-cluster rank regression (t, df=G-1)",0.07813958261935681,0.6322898674481452,dataset-cluster percentile bootstrap (20000 resamples),0,20000,unbalanced cluster strata; exact block permutation unavailable
"across-pair at fixed epsilon, robustness subset",robustness_excluded_near_majority,AL_exported,n/a,n/a,lira_tpr_at_1pct,10.0,0.2447222439880533,29,6.0,0.11659555683395394,"CR1 dataset-cluster rank regression (t, df=G-1)",-0.16247679139868051,0.4411349376099191,dataset-cluster percentile bootstrap (20000 resamples),0,20000,unbalanced cluster strata; exact block permutation unavailable
"across-pair at fixed epsilon, balanced-accuracy AL",all_pairs,AL_balanced,n/a,n/a,yeom_advantage,0.1,0.021579532814238044,30,6.0,0.9305555555555556,exact dataset-block permutation,-0.38344519015659956,0.3595530726256983,dataset-cluster percentile bootstrap (20000 resamples),720,20000,
"across-pair at fixed epsilon, balanced-accuracy AL",all_pairs,AL_balanced,n/a,n/a,yeom_advantage,0.2,-0.12658509454949946,30,6.0,0.6805555555555556,exact dataset-block permutation,-0.7,0.29988751406074243,dataset-cluster percentile bootstrap (20000 resamples),720,20000,
"across-pair at fixed epsilon, balanced-accuracy AL",all_pairs,AL_balanced,n/a,n/a,yeom_advantage,0.4,-0.18665183537263624,30,6.0,0.5305555555555556,exact dataset-block permutation,-0.643701226309922,0.2731326644370123,dataset-cluster percentile bootstrap (20000 resamples),720,20000,
"across-pair at fixed epsilon, balanced-accuracy AL",all_pairs,AL_balanced,n/a,n/a,yeom_advantage,0.8,-0.019581664926267346,30,6.0,0.9180555555555555,exact dataset-block permutation,-0.26260098019560635,0.2727272727272727,dataset-cluster percentile bootstrap (20000 resamples),720,20000,
"across-pair at fixed epsilon, balanced-accuracy AL",all_pairs,AL_balanced,n/a,n/a,yeom_advantage,1.0,-0.17935024921103954,30,6.0,0.3486111111111111,exact dataset-block permutation,-0.35883668903803134,0.08702785639997258,dataset-cluster percentile bootstrap (20000 resamples),720,20000,
"across-pair at fixed epsilon, balanced-accuracy AL",all_pairs,AL_balanced,n/a,n/a,yeom_advantage,2.0,0.1417761101958109,30,6.0,0.4722222222222222,exact dataset-block permutation,-0.1899766035535108,0.37225950782997763,dataset-cluster percentile bootstrap (20000 resamples),720,20000,
"across-pair at fixed epsilon, balanced-accuracy AL",all_pairs,AL_balanced,n/a,n/a,yeom_advantage,4.0,-0.10928111476631577,30,6.0,0.6847222222222222,exact dataset-block permutation,-0.3352730864094641,0.32616696964335756,dataset-cluster percentile bootstrap (20000 resamples),720,20000,
"across-pair at fixed epsilon, balanced-accuracy AL",all_pairs,AL_balanced,n/a,n/a,yeom_advantage,8.0,0.051858451610084684,30,6.0,0.7791666666666667,exact dataset-block permutation,-0.5132724133361907,0.4750727056601706,dataset-cluster percentile bootstrap (20000 resamples),720,20000,
"across-pair at fixed epsilon, balanced-accuracy AL",all_pairs,AL_balanced,n/a,n/a,yeom_advantage,10.0,0.03850434389933326,30,6.0,0.8222222222222222,exact dataset-block permutation,-0.4294657259167942,0.33993250843644546,dataset-cluster percentile bootstrap (20000 resamples),720,20000,
"across-pair at fixed epsilon, balanced-accuracy AL",all_pairs,AL_balanced,n/a,n/a,lira_auc,0.1,-0.1604004449388209,30,6.0,0.49722222222222223,exact dataset-block permutation,-0.44659977703455966,0.26040268456375837,dataset-cluster percentile bootstrap (20000 resamples),720,20000,
"across-pair at fixed epsilon, balanced-accuracy AL",all_pairs,AL_balanced,n/a,n/a,lira_auc,0.2,-0.07675194660734148,30,6.0,0.7777777777777778,exact dataset-block permutation,-0.5326644370122631,0.46935123042505594,dataset-cluster percentile bootstrap (20000 resamples),720,20000,
"across-pair at fixed epsilon, balanced-accuracy AL",all_pairs,AL_balanced,n/a,n/a,lira_auc,0.4,0.1332591768631813,30,6.0,0.3763888888888889,exact dataset-block permutation,-0.17452513966480446,0.32513966480446926,dataset-cluster percentile bootstrap (20000 resamples),720,20000,
"across-pair at fixed epsilon, balanced-accuracy AL",all_pairs,AL_balanced,n/a,n/a,lira_auc,0.8,0.4887652947719689,30,6.0,0.030555555555555555,exact dataset-block permutation,0.16375838926174496,0.7114827201783723,dataset-cluster percentile bootstrap (20000 resamples),720,20000,
"across-pair at fixed epsilon, balanced-accuracy AL",all_pairs,AL_balanced,n/a,n/a,lira_auc,1.0,0.432258064516129,30,6.0,0.03888888888888889,exact dataset-block permutation,-0.0689419795221843,0.7600891861761427,dataset-cluster percentile bootstrap (20000 resamples),720,20000,
"across-pair at fixed epsilon, balanced-accuracy AL",all_pairs,AL_balanced,n/a,n/a,lira_auc,2.0,0.4202447163515017,30,6.0,0.04027777777777778,exact dataset-block permutation,0.008501118568232663,0.7208053691275168,dataset-cluster percentile bootstrap (20000 resamples),720,20000,
"across-pair at fixed epsilon, balanced-accuracy AL",all_pairs,AL_balanced,n/a,n/a,lira_auc,4.0,0.24671857619577306,30,6.0,0.24722222222222223,exact dataset-block permutation,0.0348993288590604,0.45953177257525085,dataset-cluster percentile bootstrap (20000 resamples),720,20000,
"across-pair at fixed epsilon, balanced-accuracy AL",all_pairs,AL_balanced,n/a,n/a,lira_auc,8.0,0.22758620689655173,30,6.0,0.30277777777777776,exact dataset-block permutation,-0.05771812080536913,0.4037904124860647,dataset-cluster percentile bootstrap (20000 resamples),720,20000,
"across-pair at fixed epsilon, balanced-accuracy AL",all_pairs,AL_balanced,n/a,n/a,lira_auc,10.0,0.31167964404894327,30,6.0,0.15,exact dataset-block permutation,0.05511811023622047,0.4699441340782123,dataset-cluster percentile bootstrap (20000 resamples),720,20000,
"across-pair at fixed epsilon, balanced-accuracy AL",all_pairs,AL_balanced,n/a,n/a,shokri_auc,0.1,-0.06185337673161685,30,6.0,0.8277777777777777,exact dataset-block permutation,-0.4442953020134228,0.5190156599552572,dataset-cluster percentile bootstrap (20000 resamples),720,20000,
"across-pair at fixed epsilon, balanced-accuracy AL",all_pairs,AL_balanced,n/a,n/a,shokri_auc,0.2,0.008899766436203863,30,6.0,0.9694444444444444,exact dataset-block permutation,-0.4210290827740492,0.3999105070342187,dataset-cluster percentile bootstrap (20000 resamples),720,20000,
"across-pair at fixed epsilon, balanced-accuracy AL",all_pairs,AL_balanced,n/a,n/a,shokri_auc,0.4,0.10390477314268008,30,6.0,0.5430555555555555,exact dataset-block permutation,-0.25560389520154825,0.4113966480446927,dataset-cluster percentile bootstrap (20000 resamples),720,20000,
"across-pair at fixed epsilon, balanced-accuracy AL",all_pairs,AL_balanced,n/a,n/a,shokri_auc,0.8,0.06696329254727475,30,6.0,0.5305555555555556,exact dataset-block permutation,-0.1734533183352081,0.28859060402684567,dataset-cluster percentile bootstrap (20000 resamples),720,20000,
"across-pair at fixed epsilon, balanced-accuracy AL",all_pairs,AL_balanced,n/a,n/a,shokri_auc,1.0,-0.05494994438264739,30,6.0,0.8666666666666667,exact dataset-block permutation,-0.7177257525083612,0.515273132664437,dataset-cluster percentile bootstrap (20000 resamples),720,20000,
"across-pair at fixed epsilon, balanced-accuracy AL",all_pairs,AL_balanced,n/a,n/a,shokri_auc,2.0,0.0771968854282536,30,6.0,0.6333333333333333,exact dataset-block permutation,-0.168268156424581,0.315185601799775,dataset-cluster percentile bootstrap (20000 resamples),720,20000,
"across-pair at fixed epsilon, balanced-accuracy AL",all_pairs,AL_balanced,n/a,n/a,shokri_auc,4.0,0.16840934371523916,30,6.0,0.33055555555555555,exact dataset-block permutation,-0.1928491620111732,0.3609810479375697,dataset-cluster percentile bootstrap (20000 resamples),720,20000,
"across-pair at fixed epsilon, balanced-accuracy AL",all_pairs,AL_balanced,n/a,n/a,shokri_auc,8.0,0.09276974416017797,30,6.0,0.7069444444444445,exact dataset-block permutation,-0.4,0.4666666666666667,dataset-cluster percentile bootstrap (20000 resamples),720,20000,
"across-pair at fixed epsilon, balanced-accuracy AL",all_pairs,AL_balanced,n/a,n/a,shokri_auc,10.0,0.061179087875417135,30,6.0,0.7597222222222222,exact dataset-block permutation,-0.5070391061452514,0.6071508379888269,dataset-cluster percentile bootstrap (20000 resamples),720,20000,
"across-pair at fixed epsilon, balanced-accuracy AL",all_pairs,AL_balanced,n/a,n/a,lira_tpr_at_1pct,0.1,0.6387096774193549,30,6.0,0.013888888888888888,exact dataset-block permutation,0.04670391061452514,0.8412486064659978,dataset-cluster percentile bootstrap (20000 resamples),720,20000,
"across-pair at fixed epsilon, balanced-accuracy AL",all_pairs,AL_balanced,n/a,n/a,lira_tpr_at_1pct,0.2,0.603559510567297,30,6.0,0.030555555555555555,exact dataset-block permutation,0.15039106145251396,0.8814317673378076,dataset-cluster percentile bootstrap (20000 resamples),720,20000,
"across-pair at fixed epsilon, balanced-accuracy AL",all_pairs,AL_balanced,n/a,n/a,lira_tpr_at_1pct,0.4,0.4251390433815351,30,6.0,0.10555555555555556,exact dataset-block permutation,0.12446927374301676,0.6102908277404921,dataset-cluster percentile bootstrap (20000 resamples),720,20000,
"across-pair at fixed epsilon, balanced-accuracy AL",all_pairs,AL_balanced,n/a,n/a,lira_tpr_at_1pct,0.8,0.7174638487208009,30,6.0,0.002777777777777778,exact dataset-block permutation,0.36957494407158836,0.8822742474916387,dataset-cluster percentile bootstrap (20000 resamples),720,20000,
"across-pair at fixed epsilon, balanced-accuracy AL",all_pairs,AL_balanced,n/a,n/a,lira_tpr_at_1pct,1.0,0.4540600667408231,30,6.0,0.09722222222222222,exact dataset-block permutation,0.03803131991051454,0.7614269788182831,dataset-cluster percentile bootstrap (20000 resamples),720,20000,
"across-pair at fixed epsilon, balanced-accuracy AL",all_pairs,AL_balanced,n/a,n/a,lira_tpr_at_1pct,2.0,0.4189098998887653,30,6.0,0.11666666666666667,exact dataset-block permutation,0.013631284916201117,0.7474860335195531,dataset-cluster percentile bootstrap (20000 resamples),720,20000,
"across-pair at fixed epsilon, balanced-accuracy AL",all_pairs,AL_balanced,n/a,n/a,lira_tpr_at_1pct,4.0,0.3675603538152195,30,6.0,0.12916666666666668,exact dataset-block permutation,-0.026398210290827742,0.6250559284116332,dataset-cluster percentile bootstrap (20000 resamples),720,20000,
"across-pair at fixed epsilon, balanced-accuracy AL",all_pairs,AL_balanced,n/a,n/a,lira_tpr_at_1pct,8.0,0.31549672016342695,30,6.0,0.15416666666666667,exact dataset-block permutation,-0.064343189231737,0.5271508379888268,dataset-cluster percentile bootstrap (20000 resamples),720,20000,
"across-pair at fixed epsilon, balanced-accuracy AL",all_pairs,AL_balanced,n/a,n/a,lira_tpr_at_1pct,10.0,0.27122038214331273,30,6.0,0.1736111111111111,exact dataset-block permutation,-0.09549549549549549,0.4182673740848147,dataset-cluster percentile bootstrap (20000 resamples),720,20000,
"pooled over all paired points, artifact-matched ACL",all_pairs,AL_exported,n/a,n/a,yeom_advantage,,-0.043675942298903044,270,6.0,0.7083333333333334,exact dataset-block permutation,-0.29540859212162074,0.21128340977693635,dataset-cluster percentile bootstrap (20000 resamples),720,20000,all model/budget rows are nested inside six dataset clusters
"pooled over all paired points, artifact-matched ACL",all_pairs,AL_exported,n/a,n/a,lira_auc,,0.06139123924053284,270,6.0,0.5236111111111111,exact dataset-block permutation,-0.11718499880467477,0.17616369401281876,dataset-cluster percentile bootstrap (20000 resamples),720,20000,all model/budget rows are nested inside six dataset clusters
"pooled over all paired points, artifact-matched ACL",all_pairs,AL_exported,n/a,n/a,shokri_auc,,-0.058336882492266845,270,6.0,0.3958333333333333,exact dataset-block permutation,-0.22700782501957542,0.10101706874323624,dataset-cluster percentile bootstrap (20000 resamples),720,20000,all model/budget rows are nested inside six dataset clusters
"pooled over all paired points, artifact-matched ACL",all_pairs,AL_exported,n/a,n/a,lira_tpr_at_1pct,,0.386850077867073,270,6.0,0.07916666666666666,exact dataset-block permutation,0.11043763686955073,0.5963169379498261,dataset-cluster percentile bootstrap (20000 resamples),720,20000,all model/budget rows are nested inside six dataset clusters
"pooled, balanced-accuracy AL",all_pairs,AL_balanced,n/a,n/a,yeom_advantage,,-0.05964970360391044,270,6.0,0.6486111111111111,exact dataset-block permutation,-0.23718047416926732,0.06989659521062602,dataset-cluster percentile bootstrap (20000 resamples),720,20000,all model/budget rows are nested inside six dataset clusters
"pooled, balanced-accuracy AL",all_pairs,AL_balanced,n/a,n/a,lira_auc,,0.13960823001036007,270,6.0,0.18055555555555555,exact dataset-block permutation,-0.03711098339327214,0.22908634914799508,dataset-cluster percentile bootstrap (20000 resamples),720,20000,all model/budget rows are nested inside six dataset clusters
"pooled, balanced-accuracy AL",all_pairs,AL_balanced,n/a,n/a,shokri_auc,,0.025097473509011783,270,6.0,0.7138888888888889,exact dataset-block permutation,-0.19026978923961912,0.16899891022223557,dataset-cluster percentile bootstrap (20000 resamples),720,20000,all model/budget rows are nested inside six dataset clusters
"pooled, balanced-accuracy AL",all_pairs,AL_balanced,n/a,n/a,lira_tpr_at_1pct,,0.4551817189118023,270,6.0,0.04027777777777778,exact dataset-block permutation,0.17704202004376576,0.6008211679240196,dataset-cluster percentile bootstrap (20000 resamples),720,20000,all model/budget rows are nested inside six dataset clusters
"pooled, robustness subset, artifact-matched ACL",robustness_excluded_near_majority,AL_exported,n/a,n/a,yeom_advantage,,-0.047412292209835026,261,6.0,0.7618238639043663,"CR1 dataset-cluster rank regression (t, df=G-1)",-0.30039187962155905,0.2647668340873093,dataset-cluster percentile bootstrap (20000 resamples),0,20000,unbalanced cluster strata; exact block permutation unavailable; all model/budget rows are nested inside six dataset clusters
"pooled, robustness subset, artifact-matched ACL",robustness_excluded_near_majority,AL_exported,n/a,n/a,lira_auc,,0.05617082981753946,261,6.0,0.4746482546327523,"CR1 dataset-cluster rank regression (t, df=G-1)",-0.15675936368080212,0.17616369401281876,dataset-cluster percentile bootstrap (20000 resamples),0,20000,unbalanced cluster strata; exact block permutation unavailable; all model/budget rows are nested inside six dataset clusters
"pooled, robustness subset, artifact-matched ACL",robustness_excluded_near_majority,AL_exported,n/a,n/a,shokri_auc,,-0.04615298738671768,261,6.0,0.6566461480769425,"CR1 dataset-cluster rank regression (t, df=G-1)",-0.2228560604280004,0.10101706874323624,dataset-cluster percentile bootstrap (20000 resamples),0,20000,unbalanced cluster strata; exact block permutation unavailable; all model/budget rows are nested inside six dataset clusters
"pooled, robustness subset, artifact-matched ACL",robustness_excluded_near_majority,AL_exported,n/a,n/a,lira_tpr_at_1pct,,0.3921439457863758,261,6.0,0.04867705213087528,"CR1 dataset-cluster rank regression (t, df=G-1)",0.11934068777043695,0.5963169379498261,dataset-cluster percentile bootstrap (20000 resamples),0,20000,unbalanced cluster strata; exact block permutation unavailable; all model/budget rows are nested inside six dataset clusters
trend of per-epsilon rho against epsilon (n=9),all_pairs,see subset,n/a,n/a,yeom_advantage,,-0.33333333333333337,9,,0.38071318167686347,asymptotic Spearman,-0.8238394151981814,0.4426360103413414,Bonett-Wright Fisher-z,0,0,"Spearman of the per-epsilon rho against epsilon, n=9 budgets"
trend of per-epsilon rho against epsilon (n=9),all_pairs,see subset,n/a,n/a,yeom_advantage,,-0.09999999999999999,9,,0.797971695234851,asymptotic Spearman,-0.717505794453041,0.6055182390386287,Bonett-Wright Fisher-z,0,0,"Spearman of the per-epsilon abs_rho against epsilon, n=9 budgets"
trend of per-epsilon rho against epsilon (n=9),all_pairs,see subset,n/a,n/a,lira_auc,,0.45,9,,0.22421610749233675,asymptotic Spearman,-0.34078716035057216,0.8678698858696136,Bonett-Wright Fisher-z,0,0,"Spearman of the per-epsilon rho against epsilon, n=9 budgets"
trend of per-epsilon rho against epsilon (n=9),all_pairs,see subset,n/a,n/a,lira_auc,,-0.08333333333333334,9,,0.831214097710308,asymptotic Spearman,-0.7089486377732402,0.6156769091154475,Bonett-Wright Fisher-z,0,0,"Spearman of the per-epsilon abs_rho against epsilon, n=9 budgets"
trend of per-epsilon rho against epsilon (n=9),all_pairs,see subset,n/a,n/a,shokri_auc,,0.35,9,,0.35581957250178897,asymptotic Spearman,-0.42914539519876416,0.8304970346595542,Bonett-Wright Fisher-z,0,0,"Spearman of the per-epsilon rho against epsilon, n=9 budgets"
trend of per-epsilon rho against epsilon (n=9),all_pairs,see subset,n/a,n/a,shokri_auc,,-0.19999999999999998,9,,0.6059012741795534,asymptotic Spearman,-0.7661118726141584,0.540867708332201,Bonett-Wright Fisher-z,0,0,"Spearman of the per-epsilon abs_rho against epsilon, n=9 budgets"
trend of per-epsilon rho against epsilon (n=9),all_pairs,see subset,n/a,n/a,lira_tpr_at_1pct,,-0.5833333333333334,9,,0.09918581647988327,asymptotic Spearman,-0.9109448400796804,0.19549815979195748,Bonett-Wright Fisher-z,0,0,"Spearman of the per-epsilon rho against epsilon, n=9 budgets"
trend of per-epsilon rho against epsilon (n=9),all_pairs,see subset,n/a,n/a,lira_tpr_at_1pct,,-0.5833333333333334,9,,0.09918581647988327,asymptotic Spearman,-0.9109448400796804,0.19549815979195748,Bonett-Wright Fisher-z,0,0,"Spearman of the per-epsilon abs_rho against epsilon, n=9 budgets"
trend of per-epsilon rho against epsilon (n=9),robustness_excluded_near_majority,see subset,n/a,n/a,yeom_advantage,,-0.18333333333333335,9,,0.6368198117628943,asymptotic Spearman,-0.7583316631960848,0.5521143020484701,Bonett-Wright Fisher-z,0,0,"Spearman of the per-epsilon rho against epsilon, n=9 budgets"
trend of per-epsilon rho against epsilon (n=9),robustness_excluded_near_majority,see subset,n/a,n/a,yeom_advantage,,-0.45,9,,0.22421610749233675,asymptotic Spearman,-0.8678698858696136,0.34078716035057216,Bonett-Wright Fisher-z,0,0,"Spearman of the per-epsilon abs_rho against epsilon, n=9 budgets"
trend of per-epsilon rho against epsilon (n=9),robustness_excluded_near_majority,see subset,n/a,n/a,lira_auc,,0.43333333333333335,9,,0.24395243588005172,asymptotic Spearman,-0.35650709397049735,0.8619457890476541,Bonett-Wright Fisher-z,0,0,"Spearman of the per-epsilon rho against epsilon, n=9 budgets"
trend of per-epsilon rho against epsilon (n=9),robustness_excluded_near_majority,see subset,n/a,n/a,lira_auc,,-0.09999999999999999,9,,0.797971695234851,asymptotic Spearman,-0.717505794453041,0.6055182390386287,Bonett-Wright Fisher-z,0,0,"Spearman of the per-epsilon abs_rho against epsilon, n=9 budgets"
trend of per-epsilon rho against epsilon (n=9),robustness_excluded_near_majority,see subset,n/a,n/a,shokri_auc,,0.3666666666666667,9,,0.3317398014330152,asymptotic Spearman,-0.41533563093382475,0.837031634053216,Bonett-Wright Fisher-z,0,0,"Spearman of the per-epsilon rho against epsilon, n=9 budgets"
trend of per-epsilon rho against epsilon (n=9),robustness_excluded_near_majority,see subset,n/a,n/a,shokri_auc,,-0.26666666666666666,9,,0.48792227483870076,asymptotic Spearman,-0.7959728312436334,0.49373001543893047,Bonett-Wright Fisher-z,0,0,"Spearman of the per-epsilon abs_rho against epsilon, n=9 budgets"
trend of per-epsilon rho against epsilon (n=9),robustness_excluded_near_majority,see subset,n/a,n/a,lira_tpr_at_1pct,,-0.5166666666666667,9,,0.15439012098622507,asymptotic Spearman,-0.8903601408134023,0.2729949929181571,Bonett-Wright Fisher-z,0,0,"Spearman of the per-epsilon rho against epsilon, n=9 budgets"
trend of per-epsilon rho against epsilon (n=9),robustness_excluded_near_majority,see subset,n/a,n/a,lira_tpr_at_1pct,,-0.5166666666666667,9,,0.15439012098622507,asymptotic Spearman,-0.8903601408134023,0.2729949929181571,Bonett-Wright Fisher-z,0,0,"Spearman of the per-epsilon abs_rho against epsilon, n=9 budgets"
trend of per-epsilon rho against epsilon (n=9),all_pairs_balanced_AL,see subset,n/a,n/a,yeom_advantage,,0.48333333333333334,9,,0.18746985521554216,asymptotic Spearman,-0.30794014681079274,0.8793553508028455,Bonett-Wright Fisher-z,0,0,"Spearman of the per-epsilon rho against epsilon, n=9 budgets"
trend of per-epsilon rho against epsilon (n=9),all_pairs_balanced_AL,see subset,n/a,n/a,yeom_advantage,,-0.06666666666666667,9,,0.8646897846262036,asymptotic Spearman,-0.7002578050228124,0.6256736731201111,Bonett-Wright Fisher-z,0,0,"Spearman of the per-epsilon abs_rho against epsilon, n=9 budgets"
trend of per-epsilon rho against epsilon (n=9),all_pairs_balanced_AL,see subset,n/a,n/a,lira_auc,,0.4666666666666666,9,,0.2053863511058121,asymptotic Spearman,-0.3246085407704431,0.8736729341451432,Bonett-Wright Fisher-z,0,0,"Spearman of the per-epsilon rho against epsilon, n=9 budgets"
trend of per-epsilon rho against epsilon (n=9),all_pairs_balanced_AL,see subset,n/a,n/a,lira_auc,,0.41666666666666663,9,,0.26458604674749636,asymptotic Spearman,-0.37179682937506653,0.8559002594048695,Bonett-Wright Fisher-z,0,0,"Spearman of the per-epsilon abs_rho against epsilon, n=9 budgets"
trend of per-epsilon rho against epsilon (n=9),all_pairs_balanced_AL,see subset,n/a,n/a,shokri_auc,,0.45,9,,0.22421610749233675,asymptotic Spearman,-0.34078716035057216,0.8678698858696136,Bonett-Wright Fisher-z,0,0,"Spearman of the per-epsilon rho against epsilon, n=9 budgets"
trend of per-epsilon rho against epsilon (n=9),all_pairs_balanced_AL,see subset,n/a,n/a,shokri_auc,,0.2833333333333333,9,,0.46003032896572005,asymptotic Spearman,-0.4813576782777298,0.8031255131778656,Bonett-Wright Fisher-z,0,0,"Spearman of the per-epsilon abs_rho against epsilon, n=9 budgets"
trend of per-epsilon rho against epsilon (n=9),all_pairs_balanced_AL,see subset,n/a,n/a,lira_tpr_at_1pct,,-0.8666666666666667,9,,0.002495398285990204,asymptotic Spearman,-0.9783702508350078,-0.36364311977874886,Bonett-Wright Fisher-z,0,0,"Spearman of the per-epsilon rho against epsilon, n=9 budgets"
trend of per-epsilon rho against epsilon (n=9),all_pairs_balanced_AL,see subset,n/a,n/a,lira_tpr_at_1pct,,-0.8666666666666667,9,,0.002495398285990204,asymptotic Spearman,-0.9783702508350078,-0.36364311977874886,Bonett-Wright Fisher-z,0,0,"Spearman of the per-epsilon abs_rho against epsilon, n=9 budgets"
