model,variant,epsilon,n_runs,attack_auc,attack_auc_std,advantage,advantage_std,tpr_at_10pct,tpr_at_10pct_std,tpr_at_1pct,tpr_at_1pct_std,tpr_at_0p1pct,tpr_at_0p1pct_std,sd_in,sd_in_std,sd_out,sd_out_std,test_acc,test_acc_std,n_members,n_nonmembers,n_shadow_trained,online,balanced,dataset
LR,standard,,30,0.5305106209150326,0.0207495005271992,0.1138929738562091,0.0312063682545023,0.1079738562091503,0.032127091803758,0.0132026143790849,0.0142291649720729,0.0132026143790849,0.0142291649720729,0.1809288960940017,0.0086306892316864,0.1901665773706252,0.0095075197078845,0.765625,0.0,255,64,32,True,False,GALLSTONE
LR,dp,0.1,30,0.4969546568627451,0.0348568354308753,0.0756127450980392,0.0397825747829339,0.1122875816993464,0.0462732173668336,0.0199999999999999,0.0174013393979088,0.0199999999999999,0.0174013393979088,11.523544697348465,0.3346055963467115,11.529921332303982,0.340712081815117,0.484375,0.0,255,64,32,True,False,GALLSTONE
LR,dp,0.2,30,0.495140931372549,0.0373772271436027,0.0731168300653594,0.0388546555690917,0.1129411764705882,0.0442564266028733,0.0188235294117647,0.0174616255994735,0.0188235294117647,0.0174616255994735,11.08512713600647,0.3148737162420508,11.11157316540744,0.3199058054847534,0.484375,0.0,255,64,32,True,False,GALLSTONE
LR,dp,0.4,30,0.4957393790849673,0.0401499956696198,0.0781862745098039,0.0429084294529038,0.110718954248366,0.0486936438933806,0.0172549019607843,0.0171416365676188,0.0172549019607843,0.0171416365676188,10.422066219933988,0.2893335769404767,10.467525610447495,0.2876613426263833,0.5,0.0,255,64,32,True,False,GALLSTONE
LR,dp,0.8,30,0.4995741421568627,0.0379615331318458,0.0795404411764706,0.042600805968452,0.1116339869281045,0.0412384635523529,0.0190849673202614,0.0156448254121591,0.0190849673202614,0.0156448254121591,12.748104471129812,0.1880916518579637,12.781692762931726,0.1968654817603638,0.4375,0.0,255,64,32,True,False,GALLSTONE
LR,dp,1.0,30,0.5010130718954249,0.0376484494863172,0.0835212418300653,0.0428198676933216,0.1275816993464052,0.0516172720525474,0.0147712418300653,0.0129938848710802,0.0147712418300653,0.0129938848710802,11.30830195495834,0.2083895074967701,11.371756037867437,0.1997732069396551,0.515625,0.0,255,64,32,True,False,GALLSTONE
LR,dp,2.0,30,0.4996160130718954,0.0497946338684887,0.0766299019607842,0.049580887441733,0.1078431372549019,0.0550674443467925,0.0124183006535947,0.0135121926356427,0.0124183006535947,0.0135121926356427,5.107968991989755,0.1862466420081207,5.215152789507303,0.1784915412771303,0.484375,0.0,255,64,32,True,False,GALLSTONE
LR,dp,4.0,30,0.4960559640522876,0.0504203525430477,0.0771221405228758,0.051526707664883,0.1009150326797385,0.0402597402239475,0.0118954248366013,0.0139011479922553,0.0118954248366013,0.0139011479922553,1.866427894079372,0.0706371450959188,1.9374193464712175,0.0711075469532565,0.609375,0.0,255,64,32,True,False,GALLSTONE
LR,dp,8.0,30,0.493517156862745,0.0456274001157621,0.0724959150326797,0.0495590385183646,0.1113725490196078,0.0326158853307204,0.0115032679738562,0.0110424638336956,0.0115032679738562,0.0110424638336956,0.795943862340804,0.0272797716531031,0.8362757569722802,0.0290600155145262,0.640625,0.0,255,64,32,True,False,GALLSTONE
LR,dp,10.0,30,0.491938316993464,0.0439168128802724,0.0727716503267973,0.0472655948779625,0.1105882352941176,0.0360755895442296,0.0113725490196078,0.010343330853437,0.0113725490196078,0.010343330853437,0.6273388233353319,0.0212689170047574,0.6606196411921296,0.0228260055287154,0.65625,0.0,255,64,32,True,False,GALLSTONE
RF,standard,,30,0.7682700163398692,0.0113322296508156,0.4552124183006534,0.0281474847349451,0.4652287581699346,0.0588887075360094,0.1641830065359477,0.0676871782771503,0.1641830065359477,0.0676871782771503,0.464256970637911,0.0106136761053734,0.4799342214051767,0.0111074091418017,0.828125,0.0,255,64,32,True,False,GALLSTONE
RF,dp,0.1,30,0.4990543300653595,0.039356841303101,0.0857312091503268,0.0458733701890521,0.1069281045751634,0.0467301521631665,0.0108496732026143,0.0102603970997074,0.0108496732026143,0.0102603970997074,0.4552661356685409,0.0263840304739792,0.4564276522662767,0.0267546076239438,0.484375,0.0,255,64,32,True,False,GALLSTONE
RF,dp,0.2,30,0.506062091503268,0.0346728873851428,0.0869669117647058,0.0373617377972799,0.1194771241830065,0.0347928577953129,0.0137254901960784,0.0160337335022691,0.0137254901960784,0.0160337335022691,0.4466876912438258,0.0234998829235317,0.4471453114462694,0.024438173215726,0.5,0.0,255,64,32,True,False,GALLSTONE
RF,dp,0.4,30,0.5037704248366013,0.0353190644821385,0.084015522875817,0.0352318617841922,0.1278431372549019,0.0361210319675904,0.02,0.0235588051700009,0.02,0.0235588051700009,0.4508739549339097,0.031235420900818,0.4513657119469965,0.0304063108035856,0.484375,0.0,255,64,32,True,False,GALLSTONE
RF,dp,0.8,30,0.5009722222222223,0.0393357719350346,0.0854391339869281,0.0499606353640331,0.0972549019607843,0.0336646357794917,0.0184313725490196,0.0214111901093626,0.0184313725490196,0.0214111901093626,0.4439228565392123,0.0307353378475164,0.4460113742010009,0.0335462520480842,0.5,0.0,255,64,32,True,False,GALLSTONE
RF,dp,1.0,30,0.5007965686274509,0.0345998697338369,0.0832291666666666,0.0424199560578401,0.1269281045751634,0.0413594853870743,0.0215686274509803,0.0153810167421416,0.0215686274509803,0.0153810167421416,0.4430076174074795,0.0291547660425139,0.4482911252475294,0.0303362186037336,0.59375,0.0,255,64,32,True,False,GALLSTONE
RF,dp,2.0,30,0.5111499183006536,0.0383747974969794,0.0971711601307189,0.04242703602363,0.1149019607843137,0.0340243634957441,0.0198692810457516,0.013619886303405,0.0198692810457516,0.013619886303405,0.4360462947826293,0.0230029118339488,0.4383572552789063,0.0249541460473399,0.546875,0.0,255,64,32,True,False,GALLSTONE
RF,dp,4.0,30,0.5103819444444444,0.0362923415591394,0.0943688725490196,0.0440560695843028,0.1098039215686274,0.0289594855028454,0.0156862745098039,0.0165141037357947,0.0156862745098039,0.0165141037357947,0.4359899987289723,0.0231089529572571,0.4382550875110098,0.024883743919819,0.578125,0.0,255,64,32,True,False,GALLSTONE
RF,dp,8.0,30,0.5121915849673203,0.0373444569478047,0.0962704248366013,0.0476149880061525,0.1190849673202614,0.0338481328848531,0.0203921568627451,0.0162133665189162,0.0203921568627451,0.0162133665189162,0.4350777466871465,0.0223046574946313,0.4373440073068476,0.0240190522373803,0.546875,0.0,255,64,32,True,False,GALLSTONE
RF,dp,10.0,30,0.5121956699346406,0.037455006606561,0.0963745915032679,0.0471492258581638,0.1190849673202614,0.0338481328848531,0.0202614379084967,0.0159160727606351,0.0202614379084967,0.0159160727606351,0.4351010843311673,0.0222975714676878,0.4373726157578294,0.0240164811689326,0.546875,0.0,255,64,32,True,False,GALLSTONE
GNB,standard,,30,0.5129748774509802,0.0280136463685926,0.0905024509803921,0.0355386416732999,0.1356862745098039,0.0362485333593453,0.0083660130718954,0.0057039017592866,0.0083660130718954,0.0057039017592866,5.373677578847943,0.4174814321107664,5.796974564464091,0.4126505291264357,0.546875,0.0,255,64,32,True,False,GALLSTONE
GNB,dp,0.1,30,0.4985334967320262,0.0314240671983189,0.0794628267973856,0.039648247790206,0.1099346405228758,0.0356479480081128,0.0145098039215686,0.0119011693376419,0.0145098039215686,0.0119011693376419,11.231778387323798,0.4548144638930251,11.232700951604505,0.4446118951952827,0.53125,0.0,255,64,32,True,False,GALLSTONE
GNB,dp,0.2,30,0.4908578431372549,0.0402432408537911,0.0794934640522875,0.0467582389976028,0.0954248366013072,0.0418382344964282,0.0155555555555555,0.0168363780279921,0.0155555555555555,0.0168363780279921,10.968772949333808,0.5310803610205057,10.960475759255532,0.5305225416256711,0.5,0.0,255,64,32,True,False,GALLSTONE
GNB,dp,0.4,30,0.5100531045751634,0.0321122744493196,0.0886601307189542,0.0451766228360464,0.1035294117647058,0.032866395042756,0.0134640522875817,0.0163168465256517,0.0134640522875817,0.0163168465256517,10.995121125851757,0.5063292941537844,11.002427516370062,0.486476596753449,0.46875,0.0,255,64,32,True,False,GALLSTONE
GNB,dp,0.8,30,0.5000837418300653,0.0407547676641096,0.0817626633986928,0.0485815482843344,0.0939869281045751,0.0285760723174965,0.0173856209150326,0.0198593886622944,0.0173856209150326,0.0198593886622944,10.800165758427704,0.4618530542906272,10.803673367004093,0.473453702992824,0.453125,0.0,255,64,32,True,False,GALLSTONE
GNB,dp,1.0,30,0.4993545751633987,0.0447509122657633,0.0825490196078431,0.0428040276925037,0.1041830065359477,0.0356508239249685,0.0129411764705882,0.0122409070416831,0.0129411764705882,0.0122409070416831,10.547221691238851,0.5498344620342943,10.523838415439371,0.5374858549038103,0.515625,0.0,255,64,32,True,False,GALLSTONE
GNB,dp,2.0,30,0.4965604575163398,0.038769729727407,0.0773631535947712,0.0440996714790393,0.0983006535947712,0.0420411341545147,0.0116339869281045,0.0090837917140348,0.0116339869281045,0.0090837917140348,10.122621938285135,0.3098777497910466,10.122169451296148,0.3048276632158783,0.515625,0.0,255,64,32,True,False,GALLSTONE
GNB,dp,4.0,30,0.5034579248366013,0.0453330774129567,0.0816135620915032,0.0452165970054952,0.104313725490196,0.0470762494968779,0.0179084967320261,0.0162853994068823,0.0179084967320261,0.0162853994068823,9.885124587414142,0.4221415365131694,9.898262361244235,0.4286400420618209,0.53125,0.0,255,64,32,True,False,GALLSTONE
GNB,dp,8.0,30,0.5011397058823529,0.041685151849211,0.084734477124183,0.0477764383395706,0.0980392156862744,0.0395022211702138,0.0154248366013071,0.0166665385103364,0.0154248366013071,0.0166665385103364,9.385438142708324,0.5202183776642604,9.42639238049686,0.5002488135507344,0.46875,0.0,255,64,32,True,False,GALLSTONE
GNB,dp,10.0,30,0.5002798202614379,0.0325640082764626,0.0830065359477124,0.0442705551117898,0.1071895424836601,0.041258347893229,0.0133333333333333,0.0158034836702822,0.0133333333333333,0.0158034836702822,9.345825015465282,0.4040485990892494,9.394389327670014,0.3778939679470769,0.578125,0.0,255,64,32,True,False,GALLSTONE
SVM,standard,,30,0.6945200163398694,0.0164653146475385,0.3090298202614379,0.0293750770439391,0.3125490196078432,0.0550246062418183,0.0754248366013072,0.0392507468543688,0.0754248366013072,0.0392507468543688,0.5130443264629543,0.022757057960489,0.5767532324257528,0.0246160214888226,0.78125,0.0,255,64,32,True,False,GALLSTONE
SVM,dp,0.1,30,0.4888766339869281,0.0323634371178468,0.0745853758169934,0.0352209261010268,0.1032679738562091,0.0358465600020969,0.0169934640522875,0.0154004459869523,0.0169934640522875,0.0154004459869523,12.205728210024294,0.3739065670336587,12.227839349895069,0.3708497473524,0.5,0.0,255,64,32,True,False,GALLSTONE
SVM,dp,0.2,30,0.4905269607843137,0.0316649829956705,0.0715584150326797,0.0384126055247673,0.0971241830065359,0.0383122514729512,0.0138562091503267,0.0100611144600752,0.0138562091503267,0.0100611144600752,10.965996849734733,0.538449918089044,10.989982011281642,0.5289471226329806,0.46875,0.0,255,64,32,True,False,GALLSTONE
SVM,dp,0.4,30,0.4984763071895425,0.0410974087223248,0.0886213235294117,0.0466636381090011,0.0879738562091503,0.0403709993872411,0.006797385620915,0.009331538979124,0.006797385620915,0.009331538979124,9.015185865166256,0.6463412456339996,9.055999082444687,0.6451363558864673,0.40625,0.0,255,64,32,True,False,GALLSTONE
SVM,dp,0.8,30,0.5042973856209151,0.0348652381964052,0.0921772875816993,0.0367824519171368,0.0994771241830065,0.0370442386949421,0.0095424836601307,0.0090950712610713,0.0095424836601307,0.0090950712610713,6.941151229786536,0.4347988382317328,7.026908105934909,0.4294292977313748,0.375,0.0,255,64,32,True,False,GALLSTONE
SVM,dp,1.0,30,0.4846732026143791,0.0411027954295149,0.0818974673202614,0.0517934229624431,0.0790849673202614,0.0327489463252116,0.0124183006535947,0.0125278961650804,0.0124183006535947,0.0125278961650804,11.772955874089632,0.4166416342942684,11.57695674026002,0.4323060488046611,0.359375,0.0,255,64,32,True,False,GALLSTONE
SVM,dp,2.0,30,0.5007373366013071,0.0483842854070176,0.0874244281045751,0.0576062578515635,0.0942483660130719,0.0309859072336602,0.0081045751633986,0.0108078570502454,0.0081045751633986,0.0108078570502454,5.821111450774487,0.2508722412681841,6.010029811578716,0.2523959890483578,0.46875,0.0,255,64,32,True,False,GALLSTONE
SVM,dp,4.0,30,0.5122242647058823,0.048376215141956,0.1068014705882352,0.0540853799806049,0.097516339869281,0.0402571935628868,0.0101960784313725,0.0149706021461128,0.0101960784313725,0.0149706021461128,1.7909011982780212,0.0774112427460054,1.8912893801916113,0.0736914973670439,0.59375,0.0,255,64,32,True,False,GALLSTONE
SVM,dp,8.0,30,0.5302062908496732,0.0494642428608853,0.1177103758169934,0.0575795680369886,0.109673202614379,0.0457943777922441,0.0088888888888888,0.0114973246678671,0.0088888888888888,0.0114973246678671,0.8344563224104317,0.031818639545551,0.8850332135584017,0.0326256704037244,0.734375,0.0,255,64,32,True,False,GALLSTONE
SVM,dp,10.0,30,0.5393402777777777,0.0447978788601981,0.1281658496732026,0.0577911199632435,0.1129411764705882,0.0400870512455071,0.0101960784313725,0.0150389302151839,0.0101960784313725,0.0150389302151839,0.7097743310825659,0.0287597534790484,0.7515802959007396,0.0305200336022077,0.75,0.0,255,64,32,True,False,GALLSTONE
DNN,standard,,5,0.6878921568627451,0.0222881462203054,0.288921568627451,0.0415815234458763,0.2588235294117647,0.0516099886317242,0.0352941176470588,0.0454631427331433,0.0352941176470588,0.0454631427331433,0.6752752282050419,0.0259092100226426,0.7952039368177901,0.0273044842732383,0.78125,0.0,255,64,32,True,False,GALLSTONE
DNN,dp,0.1,5,0.5302083333333334,0.0045488637777568,0.0994730392156862,0.0130829099836736,0.1388235294117647,0.0104050973815071,0.0086274509803921,0.0015686274509803,0.0086274509803921,0.0015686274509803,0.7972508009512939,0.0157958833748897,0.983439788871988,0.0380257416061987,0.5,0.0,255,64,32,True,False,GALLSTONE
DNN,dp,0.2,5,0.5305269607843137,0.0044976324990916,0.0994730392156862,0.0130829099836736,0.1380392156862745,0.0114735206575119,0.0086274509803921,0.0015686274509803,0.0086274509803921,0.0015686274509803,0.7972508009512939,0.0157958833748897,0.983439788871988,0.0380257416061987,0.5,0.0,255,64,32,True,False,GALLSTONE
DNN,dp,0.4,5,0.5308946078431374,0.0046422306245045,0.0994485294117646,0.013094521880083,0.1380392156862745,0.0114735206575119,0.0086274509803921,0.0015686274509803,0.0086274509803921,0.0015686274509803,0.7972508009512939,0.0157958833748897,0.983439788871988,0.0380257416061987,0.5,0.0,255,64,32,True,False,GALLSTONE
DNN,dp,0.8,5,0.5311519607843137,0.0047394318280028,0.0971323529411764,0.0109623094934866,0.1380392156862745,0.0114735206575119,0.0086274509803921,0.0015686274509803,0.0086274509803921,0.0015686274509803,0.7972508009512939,0.0157958833748897,0.983439788871988,0.0380257416061987,0.5,0.0,255,64,32,True,False,GALLSTONE
DNN,dp,1.0,5,0.531421568627451,0.0044775527858868,0.0987009803921568,0.0124292379058888,0.1356862745098039,0.0115270105542737,0.0086274509803921,0.0015686274509803,0.0086274509803921,0.0015686274509803,0.7972508009512939,0.0157958833748897,0.983439788871988,0.0380257416061987,0.5,0.0,255,64,32,True,False,GALLSTONE
DNN,dp,2.0,5,0.5323161764705883,0.0051344383088517,0.1040686274509803,0.0167263744507994,0.1341176470588235,0.0129827022409779,0.0094117647058823,0.0031372549019607,0.0094117647058823,0.0031372549019607,0.7972508009512939,0.0157958833748897,0.983439788871988,0.0380257416061987,0.5,0.0,255,64,32,True,False,GALLSTONE
DNN,dp,4.0,5,0.5332720588235295,0.0055283056709019,0.1072794117647058,0.0116198444600129,0.1270588235294117,0.0117908206889199,0.0094117647058823,0.0031372549019607,0.0094117647058823,0.0031372549019607,0.7972508009512939,0.0157958833748897,0.983439788871988,0.0380257416061987,0.6875,0.0,255,64,32,True,False,GALLSTONE
DNN,dp,8.0,5,0.5342892156862746,0.00648405924692,0.1127328431372548,0.0147077919511801,0.1192156862745098,0.0109803921568627,0.0101960784313725,0.0031372549019607,0.0101960784313725,0.0031372549019607,0.7972508009512939,0.0157958833748897,0.983439788871988,0.0380257416061987,0.65625,0.0,255,64,32,True,False,GALLSTONE
DNN,dp,10.0,5,0.5351348039215686,0.0068329843146583,0.1136151960784313,0.0161355412838276,0.1152941176470588,0.0115270105542737,0.0101960784313725,0.0031372549019607,0.0101960784313725,0.0031372549019607,0.7972508009512939,0.0157958833748897,0.983439788871988,0.0380257416061987,0.65625,0.0,255,64,32,True,False,GALLSTONE
LR,standard,,30,0.4980028124999999,0.0117647523069753,0.0263229166666666,0.0134279722358983,0.1095833333333333,0.0107433159129551,0.0141354166666666,0.004118747892429,0.0018541666666666,0.0022301399744311,0.1701669336486759,0.009170108475742,0.1713629644873062,0.0094121073545983,0.9225,1.1102230246251563e-16,3200,800,32,True,False,KIDNEY_STONE
LR,dp,0.1,30,0.4997405729166667,0.0123041744419051,0.0246145833333333,0.0139286882022221,0.1044270833333333,0.0111765785067727,0.0124583333333333,0.0039054026858813,0.00178125,0.0014815488446779,8.96241612922743,0.2483889976340236,8.975560666579263,0.2499872225063574,0.7600000000000003,3.3306690738754696e-16,3200,800,32,True,False,KIDNEY_STONE
LR,dp,0.2,30,0.4992576041666667,0.012285562397538,0.0248749999999999,0.013616922299722,0.1037291666666666,0.0105156546660469,0.0123749999999999,0.0045340149610104,0.0015520833333333,0.0013822802844293,7.845301526826962,0.221255304778154,7.869238302725969,0.2243561634311096,0.7974999999999999,1.1102230246251563e-16,3200,800,32,True,False,KIDNEY_STONE
LR,dp,0.4,30,0.4987109765625001,0.010729843184459,0.02315625,0.0107608805159785,0.1014062499999999,0.009193291117032,0.0132291666666666,0.004250714809169,0.002,0.0025675762728041,6.683450926792115,0.1688540808682108,6.715852159817741,0.1738208150448194,0.8287499999999999,1.1102230246251563e-16,3200,800,32,True,False,KIDNEY_STONE
LR,dp,0.8,30,0.5003642903645834,0.0124652607850015,0.0251979166666666,0.0116774921873115,0.1013854166666666,0.0093984717747827,0.0110208333333333,0.0032962784149535,0.0015416666666666,0.001380984451598,8.756741853262103,0.2110512513903383,8.811020407759077,0.2170248761955987,0.8174999999999998,2.220446049250313e-16,3200,800,32,True,False,KIDNEY_STONE
LR,dp,1.0,30,0.498424609375,0.0123915132381652,0.0220520833333333,0.0119301579006617,0.0970833333333333,0.0097595884120295,0.0120416666666666,0.0036100025007686,0.0014895833333333,0.0013176568665838,6.395901637642288,0.1393662242727854,6.448461088294312,0.1491379299959088,0.8462500000000002,2.220446049250313e-16,3200,800,32,True,False,KIDNEY_STONE
LR,dp,2.0,30,0.4977096223958334,0.0083042823109859,0.0209270833333333,0.009811864142526,0.0954895833333333,0.0088379815305714,0.0112083333333333,0.0032950931532945,0.0014166666666666,0.0011851218877773,2.1141737285921893,0.1300311789550977,2.125308349718733,0.1275006903955712,0.9200000000000004,3.3306690738754696e-16,3200,800,32,True,False,KIDNEY_STONE
LR,dp,4.0,30,0.50057734375,0.0116890577866697,0.0241874999999999,0.0128894033512028,0.09921875,0.0124741268690771,0.0105312499999999,0.0034243593531004,0.00134375,0.0011971918096807,0.7480320669763401,0.034270519604464,0.7531203448270374,0.0343105504443594,0.9250000000000004,2.220446049250313e-16,3200,800,32,True,False,KIDNEY_STONE
LR,dp,8.0,30,0.5015388932291667,0.0143072245869455,0.0280937499999999,0.0165184851473281,0.1056041666666666,0.0131809159446105,0.0118645833333333,0.0041453752887672,0.0014583333333333,0.0013983186828791,0.3621954024188555,0.01541073866561,0.3646907570842618,0.0157078879436482,0.9250000000000004,2.220446049250313e-16,3200,800,32,True,False,KIDNEY_STONE
LR,dp,10.0,30,0.5018203906249998,0.0144485972156835,0.02975,0.0178165930969793,0.1065208333333333,0.0147197636180823,0.0118958333333333,0.0040568336551497,0.0015625,0.0015330559078737,0.302423190696825,0.0130842798212012,0.3044948932960977,0.0134647587259766,0.9250000000000004,2.220446049250313e-16,3200,800,32,True,False,KIDNEY_STONE
RF,standard,,30,0.5098543098958334,0.0098128026330281,0.0339895833333333,0.0129810266524411,0.1135416666666666,0.0122629431339118,0.0141770833333333,0.0039573600777187,0.00203125,0.0014450661389131,0.6678688972631751,0.0853359910366134,0.6906688185885499,0.0859873568590397,0.9437500000000002,2.220446049250313e-16,3200,800,32,True,False,KIDNEY_STONE
RF,dp,0.1,30,0.5012562239583332,0.013100316072464,0.0261354166666666,0.0150607457772865,0.106125,0.0091623806267803,0.0146041666666666,0.0040124588956011,0.0022604166666666,0.0022486734129382,0.995885480139108,0.1014504837917558,0.988508414810056,0.1030143899571108,0.8299999999999996,3.3306690738754696e-16,3200,800,32,True,False,KIDNEY_STONE
RF,dp,0.2,30,0.5015322135416667,0.0116626479421456,0.02403125,0.0127886846754921,0.1055208333333333,0.0135252304098262,0.0116041666666666,0.0038861845755902,0.0014791666666666,0.0013427402536935,1.8596726407422048,0.1422842570919929,1.842112489122195,0.1358808482622887,0.8612499999999996,3.3306690738754696e-16,3200,800,32,True,False,KIDNEY_STONE
RF,dp,0.4,30,0.5015435286458334,0.0106463320326363,0.0243333333333333,0.0104472675521188,0.1099687499999999,0.0089669350660728,0.0134166666666666,0.0043074648544384,0.00184375,0.0019769999104282,2.761115240315178,0.1766613433025999,2.7355783376053764,0.1780834792144484,0.8887500000000004,3.3306690738754696e-16,3200,800,32,True,False,KIDNEY_STONE
RF,dp,0.8,30,0.5007315494791666,0.0131122172599527,0.0229895833333333,0.0135872669726005,0.1046770833333333,0.0098644733362399,0.0110625,0.003396152847954,0.0010625,0.0014151339748118,3.2008638318651226,0.1349438113216517,3.175896622903946,0.1351677107274776,0.8887500000000004,3.3306690738754696e-16,3200,800,32,True,False,KIDNEY_STONE
RF,dp,1.0,30,0.5000891341145832,0.0111127601308147,0.0244791666666666,0.011916138537248,0.1084270833333333,0.0118119166890075,0.012125,0.004253827932972,0.0015208333333333,0.0014872140247978,3.2872112939942997,0.1362649100325001,3.2639789939708304,0.1314152803289369,0.8887500000000004,3.3306690738754696e-16,3200,800,32,True,False,KIDNEY_STONE
RF,dp,2.0,30,0.50112291015625,0.0105768991717588,0.02328125,0.0107355614033842,0.10865625,0.0102342835555711,0.0116770833333333,0.0039721387544649,0.0007916666666666,0.0010512063176285,3.431236979145834,0.140610690081839,3.404603424369384,0.1417758445879716,0.8900000000000001,1.1102230246251563e-16,3200,800,32,True,False,KIDNEY_STONE
RF,dp,4.0,30,0.5003635807291666,0.0100502486675785,0.0218958333333333,0.0094151685755251,0.1055208333333333,0.0102920672998943,0.0114166666666666,0.0031917183416182,0.0012395833333333,0.0014263227900404,3.469176151802702,0.133570308393543,3.4426465717036225,0.1325923992708532,0.8912499999999999,1.1102230246251563e-16,3200,800,32,True,False,KIDNEY_STONE
RF,dp,8.0,30,0.5001144596354167,0.0094920660007124,0.0214895833333333,0.0089113411374526,0.10575,0.0101385583089181,0.0116145833333333,0.0033870188516435,0.0011354166666666,0.001133886583712,3.475022079780644,0.1335988000338143,3.4482806420634597,0.1323776047337882,0.8912499999999999,1.1102230246251563e-16,3200,800,32,True,False,KIDNEY_STONE
RF,dp,10.0,30,0.5001107486979166,0.0094994886567859,0.0214583333333333,0.0090013502073608,0.10575,0.0101494688900454,0.0116145833333333,0.0033870188516435,0.0011354166666666,0.001133886583712,3.474990223349428,0.1336585570338248,3.4482400884331614,0.132424596056752,0.8912499999999999,1.1102230246251563e-16,3200,800,32,True,False,KIDNEY_STONE
GNB,standard,,30,0.5000317903645833,0.0027363753540097,0.0050833333333333,0.0016475465766472,0.1020689817757166,0.0029655463457144,0.013229585356711,0.0023104307199822,0.0023229166666666,0.001643095032164,0.0425675830533607,0.0062551337429497,0.0422524544184377,0.0053741216424949,0.8900000000000001,1.1102230246251563e-16,3200,800,32,True,False,KIDNEY_STONE
GNB,dp,0.1,30,0.4939174088541666,0.0131440705047419,0.0200104166666666,0.0133130094125278,0.0955208333333333,0.0121795736332964,0.0100625,0.0035707142142714,0.0011770833333333,0.0009937412648113,9.542424572258348,0.3552586644451448,9.553630764012304,0.3511543684437675,0.785,0.0,3200,800,32,True,False,KIDNEY_STONE
GNB,dp,0.2,30,0.498449375,0.0110181233760887,0.0232187499999999,0.0127125547974892,0.1069270833333333,0.0116209343622356,0.0134895833333333,0.0053284584654527,0.00115625,0.0010210990300488,8.738168321285578,0.4973141767828864,8.753564256098501,0.4979692844012408,0.7662499999999999,1.1102230246251563e-16,3200,800,32,True,False,KIDNEY_STONE
GNB,dp,0.4,30,0.49877890625,0.0101006465148476,0.02309375,0.009605618337506,0.1005520833333333,0.0134654949018366,0.0109375,0.0033062047098347,0.0015208333333333,0.0015949410037852,7.407095227244544,0.7001917447379086,7.416879435893901,0.711625972687955,0.8887500000000004,3.3306690738754696e-16,3200,800,32,True,False,KIDNEY_STONE
GNB,dp,0.8,30,0.4977275651041666,0.0090833270162018,0.0222291666666666,0.0114589204395042,0.0994374999999999,0.0106606021171414,0.0094270833333333,0.0033161176524246,0.0008333333333333,0.0012138880943297,5.432518738608975,0.9589460181929604,5.446274355077764,0.9675312862469904,0.8850000000000003,3.3306690738754696e-16,3200,800,32,True,False,KIDNEY_STONE
GNB,dp,1.0,30,0.5001843229166666,0.0116406071868892,0.0246979166666666,0.0115809209493339,0.1054166666666666,0.0094972355261354,0.0123958333333333,0.0036141480285431,0.001125,0.0013896005121376,4.934787354969957,0.890515635998154,4.939866756770889,0.8844975030247105,0.8125,0.0,3200,800,32,True,False,KIDNEY_STONE
GNB,dp,2.0,30,0.5018140104166667,0.0123042181329887,0.0233854166666666,0.0117767545947396,0.1008784722222222,0.0127288564739134,0.0126249999999999,0.004379164684427,0.0017916666666666,0.0020008678672571,3.7014612800512534,1.1335267786395185,3.715009477215339,1.1295148786115905,0.8900000000000001,1.1102230246251563e-16,3200,800,32,True,False,KIDNEY_STONE
GNB,dp,4.0,30,0.5031329752604167,0.0118741725819241,0.025625,0.014340538402259,0.0944166666666666,0.0128304582818472,0.0121770833333333,0.00397950751158,0.00159375,0.001833481291378,3.020420324326967,1.3463024849544656,3.03322372680797,1.3342330994953275,0.8900000000000001,1.1102230246251563e-16,3200,800,32,True,False,KIDNEY_STONE
GNB,dp,8.0,30,0.5006246809895835,0.0084649011874053,0.0212395833333333,0.0095662721771887,0.0988333333333333,0.0095749283794826,0.0125729166666666,0.0044213934023173,0.0010625,0.0014492275241198,2.533164776060787,1.2020271100783837,2.5696777241383364,1.2193667472308647,0.8900000000000001,1.1102230246251563e-16,3200,800,32,True,False,KIDNEY_STONE
GNB,dp,10.0,30,0.5011215429687499,0.0100324479421277,0.0220833333333333,0.0108731240399845,0.0975292566657376,0.0100594655474605,0.0116927083333333,0.0041336090980337,0.0015083333333333,0.0018233678013195,2.2463789857809195,1.318987745129406,2.2532067036692824,1.31488478514877,0.8900000000000001,1.1102230246251563e-16,3200,800,32,True,False,KIDNEY_STONE
SVM,standard,,30,0.5518090885416667,0.007437751869486,0.0825208333333333,0.0109597788970499,0.1425416666666666,0.0109234234814711,0.0324791666666666,0.0051253387421927,0.01103125,0.0042336926725771,0.2669042070322492,0.0057327403957934,0.2837340911167232,0.0056233183445312,0.9325000000000002,2.220446049250313e-16,3200,800,32,True,False,KIDNEY_STONE
SVM,dp,0.1,30,0.4987728190104166,0.0098662859380247,0.0245416666666666,0.0139270638556333,0.1040833333333333,0.0101723216854473,0.0127291666666666,0.003571200389536,0.0016729166666666,0.0022370392526854,13.051145746258156,0.2791232296796046,13.035069000023574,0.290631794294707,0.8049999999999999,1.1102230246251563e-16,3200,800,32,True,False,KIDNEY_STONE
SVM,dp,0.2,30,0.50155328125,0.0113049890234746,0.0263541666666666,0.0141426726955064,0.1018229166666666,0.0115380042700079,0.0119687499999999,0.0038061336873306,0.0015416666666666,0.0013451623714464,4.812257221996965,0.2228473675209326,4.829012694339329,0.2204584165040669,0.8825000000000001,1.1102230246251563e-16,3200,800,32,True,False,KIDNEY_STONE
SVM,dp,0.4,30,0.5026397265624999,0.0117064038015656,0.02721875,0.0137945183670603,0.1012499999999999,0.0114242865386275,0.0102916666666666,0.0030103265557447,0.0016875,0.0019189298232782,1.224777814270794,0.0982517913341049,1.2309210963575172,0.0988135825589691,0.8900000000000001,1.1102230246251563e-16,3200,800,32,True,False,KIDNEY_STONE
SVM,dp,0.8,30,0.5050062630208333,0.0107907053992376,0.0289583333333333,0.0126879960220499,0.10284375,0.0119866869510511,0.0113541666666666,0.0030515677892228,0.0012916666666666,0.0012309309372268,0.3814150283179078,0.0231631295794396,0.3836406066365449,0.0235253016189096,0.8900000000000001,1.1102230246251563e-16,3200,800,32,True,False,KIDNEY_STONE
SVM,dp,1.0,30,0.5053585677083333,0.0103662152254482,0.0293333333333333,0.0123540261374806,0.1031770833333333,0.0112416297951582,0.0115416666666666,0.0032152927765428,0.0013125,0.0013292580950791,0.2842640374048931,0.0154478935238245,0.2859758185850046,0.015666459149401,0.8900000000000001,1.1102230246251563e-16,3200,800,32,True,False,KIDNEY_STONE
SVM,dp,2.0,30,0.5055587630208334,0.0100334063126707,0.0299687499999999,0.0141709590617278,0.1006562499999999,0.0098297188360518,0.0115520833333333,0.0038497863622183,0.0013229166666666,0.0014290588516183,0.1333111956436201,0.0057916235151614,0.1341623005386667,0.0058032608378127,0.8900000000000001,1.1102230246251563e-16,3200,800,32,True,False,KIDNEY_STONE
SVM,dp,4.0,30,0.5056334375,0.011453126289471,0.0305833333333333,0.0149331699907361,0.1000416666666666,0.0099522732606955,0.0120833333333333,0.0035367613088185,0.0012708333333333,0.0013232037090167,0.0768403343933368,0.0028154979120144,0.0773350387329079,0.0027991259008137,0.8900000000000001,1.1102230246251563e-16,3200,800,32,True,False,KIDNEY_STONE
SVM,dp,8.0,30,0.5047498437500001,0.0118366515287579,0.0283541666666666,0.013155454086508,0.100375,0.0101304640606111,0.0115520833333333,0.0034132509603097,0.0011666666666666,0.0013596044665841,0.0566158134725307,0.002205018776707,0.0569682946494011,0.0022291226729915,0.8900000000000001,1.1102230246251563e-16,3200,800,32,True,False,KIDNEY_STONE
SVM,dp,10.0,30,0.5049495442708334,0.0117313943521159,0.0290520833333333,0.0145828459739993,0.10125,0.0115281019867394,0.0119583333333333,0.0035327092609245,0.0011145833333333,0.001171168768676,0.0537508651307832,0.0022195539062992,0.0540809511727218,0.0022521107019099,0.8900000000000001,1.1102230246251563e-16,3200,800,32,True,False,KIDNEY_STONE
DNN,standard,,5,0.5338212890625,0.0169422479232897,0.0582499999999999,0.024250966475586,0.1275,0.0144021482772536,0.0283125,0.0050334816479252,0.009375,0.0019263793759278,1.2472193864152366,0.032988245500936,1.3473818690528951,0.0293539002110735,0.97375,1.1102230246251563e-16,3200,800,32,True,False,KIDNEY_STONE
DNN,dp,0.1,5,0.4950690625,0.0154806433275388,0.0279374999999999,0.0172963598048838,0.1081874999999999,0.0160813362317936,0.0171875,0.002911453674713,0.0025,0.0025387620014487,0.8820695343253189,0.0603880502277942,0.8893366879190993,0.0612618427307063,0.60875,0.0,3200,800,32,True,False,KIDNEY_STONE
DNN,dp,0.2,5,0.496003984375,0.0151674466986196,0.02975,0.0182371530124633,0.1110625,0.0179339064344609,0.0194375,0.0047860474297691,0.0029375,0.0022844583603121,0.8820695343253189,0.0603880502277942,0.8893366879190993,0.0612618427307063,0.645,0.0,3200,800,32,True,False,KIDNEY_STONE
DNN,dp,0.4,5,0.497310078125,0.0136498276794511,0.028125,0.0165595516243647,0.1103125,0.0121722661201602,0.0185,0.002993482503707,0.0021249999999999,0.0014031215200402,0.8820695343253189,0.0603880502277942,0.8893366879190993,0.0612618427307063,0.89,0.0,3200,800,32,True,False,KIDNEY_STONE
DNN,dp,0.8,5,0.503119453125,0.0109307593107197,0.0294375,0.0133176339865608,0.1129375,0.00644871595746,0.0136875,0.0031337377841804,0.0021249999999999,0.0017831678272108,0.8820695343253189,0.0603880502277942,0.8893366879190993,0.0612618427307063,0.89,0.0,3200,800,32,True,False,KIDNEY_STONE
DNN,dp,1.0,5,0.503521015625,0.0078266648830084,0.0265,0.0075218431916652,0.10625,0.0048210151939192,0.01625,0.0034061066483596,0.002,0.0017184658856084,0.8820695343253189,0.0603880502277942,0.8893366879190993,0.0612618427307063,0.89,0.0,3200,800,32,True,False,KIDNEY_STONE
DNN,dp,2.0,5,0.5044240625,0.0023688342122027,0.02575,0.0084377314783062,0.1033125,0.0034550687402713,0.0145625,0.0037217687327398,0.0019375,0.0017388034679054,0.8820695343253189,0.0603880502277942,0.8893366879190993,0.0612618427307063,0.89,0.0,3200,800,32,True,False,KIDNEY_STONE
DNN,dp,4.0,5,0.505245859375,0.0037114282043987,0.024625,0.0053597166436295,0.1015625,0.005762215285808,0.0136875,0.0038446391248074,0.0020625,0.0016606662819483,0.8820695343253189,0.0603880502277942,0.8893366879190993,0.0612618427307063,0.89,0.0,3200,800,32,True,False,KIDNEY_STONE
DNN,dp,8.0,5,0.50568765625,0.0041501784732542,0.0294374999999999,0.0060447549578125,0.1049374999999999,0.0094732353237951,0.0121875,0.0024526771087935,0.0023125,0.0017522307211095,0.8820695343253189,0.0603880502277942,0.8893366879190993,0.0612618427307063,0.89,0.0,3200,800,32,True,False,KIDNEY_STONE
DNN,dp,10.0,5,0.5059749218749999,0.004331263206825,0.0278749999999999,0.0046452260440154,0.104625,0.0091906882223258,0.0111875,0.0021231609689328,0.0025624999999999,0.0019505608167909,0.8820695343253189,0.0603880502277942,0.8893366879190993,0.0612618427307063,0.89,0.0,3200,800,32,True,False,KIDNEY_STONE
LR,standard,,30,0.4999796942499999,0.0032325879714048,0.0073075,0.0035923306617478,0.0986091666666666,0.0030163753312359,0.0091708333333333,0.0008625805115401,0.0009374999999999,0.0003612910876287,0.0892491030442747,0.006542337438775,0.0892402296044361,0.0065343919019844,1.0,0.0,40000,10000,32,True,False,LUNG_CANCER
LR,dp,0.1,30,0.5005545619166667,0.0031776896607274,0.0070258333333333,0.0038927522575793,0.1011441666666666,0.0032948740702626,0.0109033333333333,0.0009899228364989,0.0012199999999999,0.0005327757501988,5.454675374984486,0.176184852399009,5.457784167447067,0.1766096518624785,0.8340999999999998,1.1102230246251563e-16,40000,10000,32,True,False,LUNG_CANCER
LR,dp,0.2,30,0.5002600525,0.0033227577966081,0.0077574999999999,0.0038222819863706,0.10195,0.0036723970373585,0.01049,0.0011580263382151,0.0012616666666666,0.0003131648483182,4.616039674568636,0.1441255701539586,4.619135692244201,0.1443369565267167,0.8781,0.0,40000,10000,32,True,False,LUNG_CANCER
LR,dp,0.4,30,0.4997142585416667,0.0030205842303075,0.0073291666666666,0.0032603749997337,0.101515,0.0036788222753122,0.0105916666666666,0.0008862922141646,0.0011841666666666,0.0002805116852388,3.918201093749159,0.1300544990257528,3.9211750605440607,0.1311487306406348,0.9439999999999996,2.220446049250313e-16,40000,10000,32,True,False,LUNG_CANCER
LR,dp,0.8,30,0.499286659875,0.0025915023348205,0.0062866666666666,0.0031416140579149,0.1010225,0.0028746039582291,0.0105658333333333,0.0009670074830228,0.0011308333333333,0.0003508729193818,3.3038601225379014,0.1341901738615294,3.305798136239035,0.1358406798456155,0.9786,0.0,40000,10000,32,True,False,LUNG_CANCER
LR,dp,1.0,30,0.4993450034166666,0.0026355327718727,0.0062958333333333,0.0030131108186649,0.1010141666666666,0.0027636078723694,0.0104416666666666,0.0010153885408497,0.0011483333333333,0.000320672037377,3.131395482864891,0.1313913456840174,3.13293569746541,0.1332027098464348,0.9793999999999996,3.3306690738754696e-16,40000,10000,32,True,False,LUNG_CANCER
LR,dp,2.0,30,0.4988143218333333,0.0032723616209087,0.0060908333333333,0.0036755242445428,0.0994941666666666,0.0030636489908096,0.0098608333333333,0.0010186527731382,0.0012075,0.0002798176489549,6.142178570404386,0.0873614782886103,6.146570299545989,0.0852955356806361,0.9267,1.1102230246251563e-16,40000,10000,32,True,False,LUNG_CANCER
LR,dp,4.0,30,0.4987936522083334,0.003066775101658,0.0054574999999999,0.0031108489596892,0.0987991666666666,0.0033565885666187,0.010315,0.0010922186899456,0.0011083333333333,0.0002815384323478,2.173226322582684,0.0888359413053352,2.17366139619535,0.0898939032050065,1.0,0.0,40000,10000,32,True,False,LUNG_CANCER
LR,dp,8.0,30,0.4996363834166667,0.003133539097852,0.0059624999999999,0.0030824080818952,0.09863,0.0032387201690379,0.0093024999999999,0.0008635283724348,0.0010491666666666,0.0003358746872801,0.8682761930298031,0.0489514141216572,0.8686338048392445,0.0495266910630291,1.0,0.0,40000,10000,32,True,False,LUNG_CANCER
LR,dp,10.0,30,0.499584925625,0.0032104435018187,0.0063325,0.0038636885981317,0.0985858333333333,0.003482376363762,0.0092033333333333,0.0008875230826419,0.0010616666666666,0.0004027888887356,0.6723201961620912,0.0348062684788699,0.672678746027756,0.0353425994555975,1.0,0.0,40000,10000,32,True,False,LUNG_CANCER
RF,standard,,30,0.5008383965833334,0.0031477926747517,0.0078141666666666,0.0041312209824161,0.1003358333333333,0.0026145640437535,0.0097991666666666,0.0008536315396911,0.0009591666666666,0.0002949917607135,0.8537061003049327,0.1897715810826652,0.8532151497963164,0.1895089295984202,1.0,0.0,40000,10000,32,True,False,LUNG_CANCER
RF,dp,0.1,30,0.4999799715,0.003356976232989,0.0067274999999999,0.0030993504023692,0.0992474999999999,0.0032732269373407,0.0094766666666666,0.0007484966414234,0.0010199999999999,0.0003769062659778,1.8215071713725235,0.1415862345924045,1.8194185738194035,0.1394005831449888,0.8697000000000004,3.3306690738754696e-16,40000,10000,32,True,False,LUNG_CANCER
RF,dp,0.2,30,0.499991594625,0.0029494923110481,0.0074024999999999,0.0040130845887753,0.0999575,0.0033091360277268,0.0101316666666666,0.0008573926884585,0.0010483333333333,0.0003247392116076,1.879562757130792,0.1476249899235842,1.877304961971035,0.1487741216908642,0.8991000000000002,2.220446049250313e-16,40000,10000,32,True,False,LUNG_CANCER
RF,dp,0.4,30,0.5000117357916667,0.0032266636550638,0.0068133333333333,0.0035633711410529,0.0997316666666666,0.0031470021007654,0.0092683333333333,0.0006144758380567,0.0009308333333333,0.0003295630524733,1.8868344562796835,0.1485058437823671,1.8846545524028744,0.1498783239914291,0.8798999999999998,2.220446049250313e-16,40000,10000,32,True,False,LUNG_CANCER
RF,dp,0.8,30,0.5000821706249999,0.0034248311923543,0.0066833333333333,0.003640640587711,0.0996041666666666,0.0030214723462062,0.0094966666666666,0.0008492823768073,0.000885,0.0003142849025963,1.8966008526937328,0.1440031983867367,1.8945804585472776,0.1453885580893365,0.8798999999999998,2.220446049250313e-16,40000,10000,32,True,False,LUNG_CANCER
RF,dp,1.0,30,0.5001389719583333,0.003215169727109,0.0068275,0.0036836426152202,0.0997099999999999,0.0029031706804802,0.0094366666666666,0.0006943742186714,0.00091,0.0003005273143437,1.8941082232542867,0.1465236650490886,1.8920022746695373,0.1476093142607309,0.8798999999999998,2.220446049250313e-16,40000,10000,32,True,False,LUNG_CANCER
RF,dp,2.0,30,0.500151580375,0.0033380248438748,0.006915,0.0038590618462695,0.0997408333333333,0.0028838377448963,0.0095158333333333,0.0007315361500902,0.0009158333333333,0.0003075767745169,1.893856799160468,0.1431302425209545,1.8916947265318989,0.1442828012831231,0.8798999999999998,2.220446049250313e-16,40000,10000,32,True,False,LUNG_CANCER
RF,dp,4.0,30,0.5000722850416667,0.0033108799523417,0.0068091666666666,0.003794148363672,0.0997441666666666,0.0028671536650289,0.0094908333333333,0.0007329302869683,0.000905,0.0002975175064877,1.894077866128135,0.1423913409299477,1.8921976962733331,0.1432942553406995,0.8798999999999998,2.220446049250313e-16,40000,10000,32,True,False,LUNG_CANCER
RF,dp,8.0,30,0.5000876464166668,0.0033015938352133,0.0067916666666666,0.0037256841280793,0.0997366666666666,0.0028764107649793,0.0094866666666666,0.0007310874700669,0.000905,0.0002975175064877,1.8940833552649416,0.1424196802454012,1.8922036907783568,0.1433233098891515,0.8798999999999998,2.220446049250313e-16,40000,10000,32,True,False,LUNG_CANCER
RF,dp,10.0,30,0.5000876464166668,0.0033015938352133,0.0067916666666666,0.0037256841280793,0.0997366666666666,0.0028764107649793,0.0094866666666666,0.0007310874700669,0.000905,0.0002975175064877,1.8940833552649416,0.1424196802454012,1.8922036907783568,0.1433233098891515,0.8798999999999998,2.220446049250313e-16,40000,10000,32,True,False,LUNG_CANCER
GNB,standard,,30,0.5008931738333333,0.0026726804644583,0.0059358333333333,0.0022061531691057,0.1014658333333333,0.0023714753085134,0.0115291666666666,0.0008623147949302,0.0013549999999999,0.0003832644865711,0.1449858117116588,0.0083765044960204,0.1452412647192271,0.0084117345564842,0.8931000000000001,1.1102230246251563e-16,40000,10000,32,True,False,LUNG_CANCER
GNB,dp,0.1,30,0.4992443296666666,0.0025433604636521,0.0057708333333333,0.002541522536897,0.0995508333333333,0.0028264504634297,0.0101245833333333,0.0007967020781878,0.0011383333333333,0.0003407548809465,7.294313127922043,0.600921964874684,7.296469399739206,0.6023967073706901,0.6150999999999999,1.1102230246251563e-16,40000,10000,32,True,False,LUNG_CANCER
GNB,dp,0.2,30,0.4999142439166666,0.0034875985480132,0.0065291666666666,0.0038827614922314,0.0999608333333333,0.003964481278245,0.0100916666666666,0.0011560949595753,0.001015,0.000285014619508,6.662168706118203,0.491511427494835,6.663718267136168,0.4862539487762555,0.8720999999999999,1.1102230246251563e-16,40000,10000,32,True,False,LUNG_CANCER
GNB,dp,0.4,30,0.5006536047083334,0.0032430505553586,0.0070891666666666,0.00357474756296,0.1008183333333333,0.002905597567149,0.0103341666666666,0.0010186077780753,0.0010825,0.0004083579924527,5.580821733780955,0.4781414282937338,5.582938170980328,0.4777204758641654,0.6782000000000001,1.1102230246251563e-16,40000,10000,32,True,False,LUNG_CANCER
GNB,dp,0.8,30,0.4995061413333334,0.0029209984289786,0.0056433333333333,0.0027225059942797,0.0979841666666666,0.0034707136834118,0.0099283333333333,0.0009139596392741,0.0012125,0.000412550501959,4.126519417274585,0.4969795620455583,4.129796378597896,0.4961176371577914,0.8531000000000002,2.220446049250313e-16,40000,10000,32,True,False,LUNG_CANCER
GNB,dp,1.0,30,0.5012865430000001,0.0029780130304981,0.0069066666666666,0.003286284206956,0.0999874999999999,0.0032808837097139,0.0102158333333333,0.0009689015114493,0.0012008333333333,0.0004685742263031,3.7370017627027066,0.4180869771995498,3.735633593790382,0.4184466521338919,0.9147,0.0,40000,10000,32,True,False,LUNG_CANCER
GNB,dp,2.0,30,0.5004965128333334,0.0029723379258368,0.0059466666666666,0.0022866891398312,0.1005158333333333,0.0022245456777108,0.0107583333333333,0.0011094355421664,0.0012225,0.0004510335353385,2.1248243890749614,0.4399081554825281,2.120864451271105,0.4368392168087642,0.8931000000000001,1.1102230246251563e-16,40000,10000,32,True,False,LUNG_CANCER
GNB,dp,4.0,30,0.5001084010416667,0.0037153983680141,0.0053549999999999,0.0034427423661958,0.1003649999999999,0.0034613256131141,0.0104378571428571,0.0010091231797143,0.0011216666666666,0.0002880779215574,1.0108924382937077,0.4027038340074299,1.0107154801114342,0.4005223842544671,0.8931000000000001,1.1102230246251563e-16,40000,10000,32,True,False,LUNG_CANCER
GNB,dp,8.0,30,0.5005780251666666,0.0030555178355841,0.0056841666666666,0.00278470886669,0.1023483333333333,0.0026993512595107,0.0104308333333333,0.0011693246507659,0.0011799999999999,0.000319008881799,0.4368618345549985,0.0393907348142885,0.4368368976903407,0.0390715776880927,0.8931000000000001,1.1102230246251563e-16,40000,10000,32,True,False,LUNG_CANCER
GNB,dp,10.0,30,0.5008898118749999,0.0028029904435534,0.0061041666666666,0.0026627764593037,0.1030366666666666,0.002632138969651,0.0107883333333333,0.0008584563018711,0.0012483333333333,0.0003771015188984,0.3627185845855608,0.0257940390655115,0.3627813032392373,0.0253387015949491,0.8931000000000001,1.1102230246251563e-16,40000,10000,32,True,False,LUNG_CANCER
SVM,standard,,30,0.5005812067500001,0.0032745584082196,0.0073658333333333,0.0035977683090432,0.1004649999999999,0.0030329344975892,0.00978,0.0011404567798328,0.0009425,0.0002646656696034,0.001,2.1684043449710093e-19,0.001,2.1684043449710093e-19,1.0,0.0,40000,10000,32,True,False,LUNG_CANCER
SVM,dp,0.1,30,0.4992830489166667,0.0024553019582722,0.0056408333333333,0.0028319051547598,0.0997099999999999,0.0026149697257648,0.0101066666666666,0.0010602463026213,0.0011175,0.0003740070186507,0.7069524961560781,0.0346955425413431,0.7072693451991917,0.0345383614165346,0.9325000000000002,2.220446049250313e-16,40000,10000,32,True,False,LUNG_CANCER
SVM,dp,0.2,30,0.4995175896666666,0.0027751754651537,0.00625,0.0034835566116638,0.099265,0.0031596716601571,0.0096925,0.0011184466534737,0.0011208333333333,0.0003879477699668,0.2705104475688522,0.0114165331569729,0.2706377291747958,0.011353430872923,0.9335999999999997,3.3306690738754696e-16,40000,10000,32,True,False,LUNG_CANCER
SVM,dp,0.4,30,0.49937399375,0.0030834510837801,0.0060258333333333,0.002931378254716,0.0992183333333333,0.0025786861426358,0.0095575,0.0011265942407687,0.0011091666666666,0.0003979365178294,0.1226602137201784,0.0045367831404428,0.1227178864089986,0.0045251902868033,0.9422,1.1102230246251563e-16,40000,10000,32,True,False,LUNG_CANCER
SVM,dp,0.8,30,0.4994179590833332,0.0032123840143967,0.0058725,0.0036989263645009,0.0984433333333333,0.0029388626862936,0.009645,0.0011085162756285,0.0011391666666666,0.0003807713297447,0.0601943753764123,0.0021121863135858,0.0602269799907676,0.0021238928674904,0.9512,0.0,40000,10000,32,True,False,LUNG_CANCER
SVM,dp,1.0,30,0.4994893981666667,0.003270495552144,0.0061483333333333,0.0032383633554964,0.0985366666666666,0.0027991199013658,0.0097041666666666,0.0011136105568026,0.0011175,0.0003580706401442,0.0488873691464289,0.0017158037943754,0.0489161920587791,0.0017307728419814,0.9512,0.0,40000,10000,32,True,False,LUNG_CANCER
SVM,dp,2.0,30,0.4998503279166666,0.003319745568034,0.0073641666666666,0.0043686033396142,0.0983925,0.0023693982182543,0.0101633333333333,0.0007790681755932,0.0011083333333333,0.0003565069735954,0.0284257642132661,0.0010657546282922,0.0284472073399615,0.0010799027991751,0.9512,0.0,40000,10000,32,True,False,LUNG_CANCER
SVM,dp,4.0,30,0.5007205858333333,0.0031392851037106,0.0078408333333333,0.0041425258163213,0.0990716666666666,0.002700646013251,0.0106916666666666,0.001127170745224,0.0012183333333333,0.0004445003437069,0.0206288180130549,0.0008945809088335,0.0206477207905703,0.0009023001263253,0.9512,0.0,40000,10000,32,True,False,LUNG_CANCER
SVM,dp,8.0,30,0.5016697471666666,0.0032309913613758,0.0085475,0.0041380316878921,0.1001058333333333,0.0029218550281551,0.0105449999999999,0.0010058454155584,0.0012699999999999,0.0004044749683231,0.0182055009391065,0.0008432276012749,0.0182232413809665,0.0008480032624521,0.9512,0.0,40000,10000,32,True,False,LUNG_CANCER
SVM,dp,10.0,30,0.50184424675,0.0032967269404554,0.0084566666666666,0.0041278824945592,0.1000966666666666,0.0030955595437479,0.0104733333333333,0.0009441692409497,0.0012566666666666,0.0003819867653321,0.0178959248689084,0.0008325406265737,0.0179134926452763,0.0008370148783311,0.9512,0.0,40000,10000,32,True,False,LUNG_CANCER
DNN,standard,,5,0.49964037375,0.0009641013850699,0.0019449999999999,0.0007880989785553,0.0995595905847954,0.0008018177348727,0.00888,0.0006411708040764,0.00112,0.000270832051279,0.1038319460132223,0.0092860607380695,0.1041620879227852,0.0100523153223762,1.0,0.0,40000,10000,32,True,False,LUNG_CANCER
DNN,dp,0.1,5,0.5002978985000001,0.0019025951978602,0.0065,0.0028307684469062,0.0977280884566201,0.0023539512724978,0.010155,0.0012466354719804,0.00101,0.0003010813843464,0.1563527979648291,0.0105669908254612,0.1568350990448652,0.0109597268046131,0.9679,0.0,40000,10000,32,True,False,LUNG_CANCER
DNN,dp,0.2,5,0.500281855,0.0016735573386263,0.005695,0.0019475882521724,0.0987936620876644,0.0023171996690263,0.009915,0.001068246226298,0.00099,0.0002089258241577,0.1563527979648291,0.0105669908254612,0.1568350990448652,0.0109597268046131,0.9886,1.1102230246251563e-16,40000,10000,32,True,False,LUNG_CANCER
DNN,dp,0.4,5,0.500606214,0.0017224690500745,0.00704,0.0014708500943332,0.0991524519831355,0.0031605174608125,0.010095,0.0012065860930741,0.000965,0.000255244980362,0.1563527979648291,0.0105669908254612,0.1568350990448652,0.0109597268046131,1.0,0.0,40000,10000,32,True,False,LUNG_CANCER
DNN,dp,0.8,5,0.5017854665,0.0014652318746779,0.006125,0.0014755507446373,0.100196514120344,0.0042056969019263,0.01008,0.0013899999999999,0.00099,0.000336377763831,0.1563527979648291,0.0105669908254612,0.1568350990448652,0.0109597268046131,1.0,0.0,40000,10000,32,True,False,LUNG_CANCER
DNN,dp,1.0,5,0.5014592725,0.0014551516277323,0.0058599999999999,0.0014153268173817,0.0997436714699366,0.0039637308054851,0.009935,0.0013764628581985,0.0009999999999999,0.0003339161571412,0.1563527979648291,0.0105669908254612,0.1568350990448652,0.0109597268046131,1.0,0.0,40000,10000,32,True,False,LUNG_CANCER
DNN,dp,2.0,5,0.5016581624999998,0.0024574883505469,0.0039049999999999,0.0028367851522454,0.1014189986886729,0.0043696369091194,0.00985,0.0011822647757587,0.0009999999999999,0.0003376388603226,0.1563527979648291,0.0105669908254612,0.1568350990448652,0.0109597268046131,1.0,0.0,40000,10000,32,True,False,LUNG_CANCER
DNN,dp,4.0,5,0.4998598009999999,0.0017108456321282,0.0031899999999999,0.0025495391740469,0.0999958510122439,0.0029830652762001,0.00983,0.0011119127663625,0.0009749999999999,0.0003251922508301,0.1563527979648291,0.0105669908254612,0.1568350990448652,0.0109597268046131,1.0,0.0,40000,10000,32,True,False,LUNG_CANCER
DNN,dp,8.0,5,0.4994528104999999,0.0019196245125037,0.0028099999999999,0.0023251129004846,0.0992000842618106,0.0031571414838417,0.010055,0.0008213403679352,0.001005,0.000346914975174,0.1563527979648291,0.0105669908254612,0.1568350990448652,0.0109597268046131,1.0,0.0,40000,10000,32,True,False,LUNG_CANCER
DNN,dp,10.0,5,0.49856657225,0.0019852976825347,0.00272,0.00230767198709,0.0982779270396549,0.0033876601330295,0.01018,0.0007751451476981,0.00098,0.0003284052374734,0.1563527979648291,0.0105669908254612,0.1568350990448652,0.0109597268046131,1.0,0.0,40000,10000,32,True,False,LUNG_CANCER
LR,standard,,30,0.50109440267335,0.0195037469158878,0.0640916393547972,0.0213894562504882,0.1123809523809523,0.0244653547525673,0.0269597069597069,0.0129519168531045,0.0167765567765567,0.0128589690113322,0.1145748765022224,0.0067194583264306,0.1174380174687601,0.0072396076694987,0.912280701754386,1.1102230246251563e-16,455,114,32,True,False,BCP
LR,dp,0.1,30,0.4971210076473235,0.0301315699011375,0.0686896729001992,0.0363151940125248,0.11003663003663,0.0340053026939279,0.0139926739926739,0.0110690613029521,0.0076190476190476,0.0081789220436353,10.096704899732172,0.4394645207061304,10.125087857831566,0.4321606588984702,0.6578947368421055,2.220446049250313e-16,455,114,32,True,False,BCP
LR,dp,0.2,30,0.499205063941906,0.0285797502201237,0.064380823854508,0.033815270378999,0.1019047619047619,0.0290380788900989,0.0152380952380952,0.0109145216506746,0.0057875457875457,0.0069843404426169,8.77006784509922,0.4044670631715921,8.817329659072069,0.4047519160061307,0.6754385964912283,2.220446049250313e-16,455,114,32,True,False,BCP
LR,dp,0.4,30,0.5023513912987598,0.0242583555724598,0.0590296253454148,0.0313507004277548,0.0952380952380952,0.0243968143668083,0.0163369963369963,0.0145640214913612,0.0057142857142857,0.0066080423641199,7.579762456098371,0.2971063661060449,7.630547091569542,0.3030028111530213,0.6929824561403506,3.3306690738754696e-16,455,114,32,True,False,BCP
LR,dp,0.8,30,0.5031064841591157,0.0228551710431685,0.0618340723603881,0.0257135903310158,0.1084981684981685,0.0305090165564157,0.0172893772893772,0.0125323984060618,0.0098901098901098,0.0104443790691452,11.213647940998046,0.3651111683931167,11.268899864824432,0.3566475965053871,0.6666666666666669,2.220446049250313e-16,455,114,32,True,False,BCP
LR,dp,1.0,30,0.5039065612749823,0.0297651792673233,0.0641263414947625,0.0354728640426704,0.1018315018315018,0.0247180833389378,0.0146520146520146,0.0117170320723954,0.0054945054945054,0.0052241161863756,8.567278676941713,0.277178488691139,8.64271069721508,0.2793044110139034,0.7192982456140349,2.220446049250313e-16,455,114,32,True,False,BCP
LR,dp,2.0,30,0.5023764539554014,0.0299952569172129,0.0634130197288092,0.0356854650593109,0.0973626373626373,0.0225003857525734,0.0183882783882783,0.0115111602121543,0.0095238095238095,0.0102354574045848,3.292081368981226,0.1624936720556196,3.3634900792864473,0.1635032477131162,0.8508771929824559,2.220446049250313e-16,455,114,32,True,False,BCP
LR,dp,4.0,30,0.5038268748795065,0.0290929592037394,0.0637549000706895,0.0324750171151348,0.0992673992673992,0.0227135765537399,0.0214652014652014,0.009790846321174,0.0126739926739926,0.0094050071123752,1.3576028649540723,0.068197592479561,1.3896468678439424,0.063857718608047,0.9035087719298248,2.220446049250313e-16,455,114,32,True,False,BCP
LR,dp,8.0,30,0.5011111111111112,0.0296100470200639,0.0595032452927189,0.03122241819931,0.1017582417582417,0.0263684366078196,0.0228571428571428,0.0098386941914722,0.0144322344322344,0.009823681401844,0.6173657083978517,0.0306003269168253,0.6314978111930893,0.0284594551548426,0.9035087719298248,2.220446049250313e-16,455,114,32,True,False,BCP
LR,dp,10.0,30,0.4991028854186749,0.030154916464328,0.0599042477989846,0.0333985807130098,0.1031501831501831,0.0280879541254813,0.023076923076923,0.0105211770083114,0.0144322344322344,0.0101778783096434,0.4889755039544182,0.0240066331702657,0.5003022372559288,0.02257880717119,0.912280701754386,1.1102230246251563e-16,455,114,32,True,False,BCP
RF,standard,,30,0.5866216824111561,0.0251180501050844,0.16260780155517,0.0416082720049158,0.1732600732600733,0.0416813764639623,0.0154578754578754,0.0100312811607243,0.0087179487179487,0.0053680190774278,2.1463268751030937,0.1677228682181472,2.1107054429591465,0.1647542219045489,0.9473684210526312,2.220446049250313e-16,455,114,32,True,False,BCP
RF,dp,0.1,30,0.5035640383008804,0.0376467198570067,0.0743474069789859,0.0442477646382342,0.0998534798534798,0.0323889901018218,0.0164835164835164,0.0099711777207444,0.0053479853479853,0.0059431035054526,0.4735393248050815,0.0363906670302713,0.475290361419398,0.0439628336633671,0.7105263157894736,1.1102230246251563e-16,455,114,32,True,False,BCP
RF,dp,0.2,30,0.4914909067540646,0.031484921284986,0.0509163935479725,0.0329342410933172,0.0966300366300366,0.0321334582336486,0.0136263736263736,0.0117727820815242,0.0062271062271062,0.0077409936700598,0.563880439836929,0.1433118233278421,0.5642338487507287,0.1333051642402022,0.7105263157894736,1.1102230246251563e-16,455,114,32,True,False,BCP
RF,dp,0.4,30,0.493709915815179,0.0226549700715444,0.0562495983548615,0.0318900287866352,0.0946520146520146,0.0241886967616512,0.0093040293040293,0.0079178516518236,0.0053479853479853,0.0058886700261124,0.8737249083073685,0.248856334983538,0.8533462531902629,0.2397593554235984,0.7456140350877193,0.0,455,114,32,True,False,BCP
RF,dp,0.8,30,0.5051667630615,0.0265085805422647,0.0676190476190476,0.0297137561967612,0.1102564102564102,0.0317888787586258,0.0135531135531135,0.0093259238793604,0.0074725274725274,0.0085798774927222,1.590671015283008,0.2998497779076624,1.5634665441517837,0.3081357306751042,0.7456140350877193,0.0,455,114,32,True,False,BCP
RF,dp,1.0,30,0.5070066191118822,0.0269891925824674,0.0650510892616155,0.0345068448038359,0.1051282051282051,0.0239488737015027,0.0142857142857142,0.0100675974760086,0.0057875457875457,0.0063059009679136,1.7375865741094556,0.2838769753435518,1.6851800746051466,0.286970620075362,0.7456140350877193,0.0,455,114,32,True,False,BCP
RF,dp,2.0,30,0.5063832658569501,0.0300809255310566,0.0649842555105713,0.0299741922532613,0.1046886446886447,0.0193563317563835,0.0131868131868131,0.0119033529738255,0.0056410256410256,0.0073701964003095,2.066137834528224,0.2741192519866327,1.9999868066584163,0.2684153166932876,0.798245614035088,2.220446049250313e-16,455,114,32,True,False,BCP
RF,dp,4.0,30,0.5084955979692822,0.034204694717509,0.0701426643531906,0.0366050710433253,0.116043956043956,0.0215220091158722,0.0169230769230769,0.0113231258388586,0.0085714285714285,0.0090679873354734,2.156122828884669,0.2598311389059125,2.095436782621238,0.2639885926548023,0.7631578947368423,1.1102230246251563e-16,455,114,32,True,False,BCP
RF,dp,8.0,30,0.5087577919156867,0.0334308210435039,0.0710584152689415,0.0357618738895827,0.1184615384615384,0.0246986425555915,0.0151648351648351,0.0109648085127616,0.0082783882783882,0.0090205137427341,2.166185124272596,0.257848104417349,2.1025393998854813,0.2599248479648233,0.7631578947368423,1.1102230246251563e-16,455,114,32,True,False,BCP
RF,dp,10.0,30,0.5087140929246193,0.0334385826438394,0.0707403123192596,0.0359747501839254,0.1184615384615384,0.0246986425555915,0.0151648351648351,0.0109648085127616,0.0082783882783882,0.0090205137427341,2.166173461889456,0.2578297525749587,2.1025348880255543,0.2599166144312555,0.7631578947368423,1.1102230246251563e-16,455,114,32,True,False,BCP
GNB,standard,,30,0.5114558832979886,0.016839205423116,0.0369526380052695,0.0128080125387663,0.1051326732897992,0.0187035429250884,0.0342857142857142,0.0129477723722287,0.0234432234432234,0.0084041789888351,1.173918385396553,0.0656600259502138,1.3708010341550565,0.0949777308841994,0.9210526315789476,2.220446049250313e-16,455,114,32,True,False,BCP
GNB,dp,0.1,30,0.4966255382044854,0.0284098219526542,0.0618919092603303,0.0339234468171829,0.1028571428571428,0.0321931137118251,0.0155311355311355,0.0153629709945413,0.0089377289377289,0.0103543207291163,10.360456082944392,0.4803994539254432,10.35441870139527,0.4701868822776406,0.3684210526315788,5.551115123125783e-17,455,114,32,True,False,BCP
GNB,dp,0.2,30,0.4975457875457876,0.0265182860869312,0.0563678426836321,0.0272340119204195,0.1,0.0302241089140872,0.0153846153846153,0.0149708891129023,0.009084249084249,0.0102260146147482,10.373561578609724,0.6157001379157183,10.39057726762194,0.6278701560083646,0.6842105263157898,3.3306690738754696e-16,455,114,32,True,False,BCP
GNB,dp,0.4,30,0.5050845061371377,0.024625701076177,0.0613559539875329,0.0283132314651124,0.1132600732600732,0.0265241937291862,0.0216849816849816,0.0168217635557504,0.012014652014652,0.0140697491773622,9.887885889685355,0.7961295933365011,9.903412777657422,0.8059309213021104,0.6228070175438597,0.0,455,114,32,True,False,BCP
GNB,dp,0.8,30,0.5076627466101151,0.0252922544448242,0.0676858813700918,0.0299075410698035,0.1122344322344322,0.0310864512976238,0.0221978021978021,0.0132519757519076,0.0128937728937728,0.0092852627210284,9.254216967179277,0.6193378171269892,9.263485406855938,0.6030311703693422,0.631578947368421,0.0,455,114,32,True,False,BCP
GNB,dp,1.0,30,0.5047882526829894,0.0315047548642959,0.0660221065484223,0.0298691553555592,0.104029304029304,0.0350379272865201,0.0218315018315018,0.0134758713659502,0.0119413919413919,0.0098890244961327,8.935354147296065,0.5715928585413963,8.94350323313596,0.5660354762677561,0.631578947368421,0.0,455,114,32,True,False,BCP
GNB,dp,2.0,30,0.5080316175053017,0.0305762464485942,0.07368999421631,0.0418648532708625,0.1179487179487179,0.0348351455764651,0.0256410256410256,0.0163814503846138,0.0147985347985347,0.0148188306042299,8.242475344930055,0.727940429252948,8.231651451202579,0.7445175054563029,0.631578947368421,0.0,455,114,32,True,False,BCP
GNB,dp,4.0,30,0.4977302229933809,0.0314853216480021,0.060137523295418,0.0340998575152925,0.1106227106227106,0.0297222897803674,0.0184615384615384,0.0146182761743436,0.0101831501831501,0.0135063046736237,7.543989926443188,0.6691710765679935,7.551676974892168,0.655609646045679,0.6929824561403506,3.3306690738754696e-16,455,114,32,True,False,BCP
GNB,dp,8.0,30,0.4904029304029303,0.0260222125215021,0.0482134824240087,0.0282888133507742,0.0955311355311355,0.0226187436025304,0.0135531135531135,0.008719179892749,0.0068864468864468,0.0066112903576137,7.278051714804333,0.5938401861631549,7.305890346785889,0.5983912299093389,0.6578947368421055,2.220446049250313e-16,455,114,32,True,False,BCP
GNB,dp,10.0,30,0.4985826746353062,0.0314553250589306,0.0560381723539618,0.0374316367681775,0.1063736263736263,0.0298102790862848,0.0161904761904761,0.0138127783496985,0.0073260073260073,0.00720783816923,6.8000900596550045,0.7268866101831385,6.826582023778616,0.7219804169021921,0.7456140350877193,0.0,455,114,32,True,False,BCP
SVM,standard,,30,0.5813251076408971,0.0185694831500396,0.1427883812094338,0.0270785384984364,0.1997069597069597,0.0302240201265859,0.0734798534798534,0.0178882137877336,0.057069597069597,0.0133383639827427,0.237526364072635,0.0105107408714136,0.2615332092416491,0.0117686163188078,0.9473684210526312,2.220446049250313e-16,455,114,32,True,False,BCP
SVM,dp,0.1,30,0.5002808302808304,0.0328444451210502,0.0579634984898142,0.0360092976280485,0.1002930402930402,0.0287090701682411,0.0183150183150183,0.015006696121986,0.0105494505494505,0.0113124560568249,10.30242522584556,0.5912938563009622,10.316655435001575,0.5843102187207724,0.5526315789473685,0.0,455,114,32,True,False,BCP
SVM,dp,0.2,30,0.4979641411220359,0.0341245888054216,0.0597789345157766,0.0387081851547911,0.104029304029304,0.0330613222227569,0.0191941391941391,0.0142200047916472,0.0082051282051282,0.0093921585409742,7.554373483817857,0.5583536801948364,7.572448215608166,0.5527896963075307,0.6666666666666669,2.220446049250313e-16,455,114,32,True,False,BCP
SVM,dp,0.4,30,0.5008669108669109,0.0356086092392022,0.0626649958228905,0.0439658398162177,0.1044688644688644,0.0372016931466426,0.0163369963369963,0.0112879961502999,0.0083516483516483,0.009314118725458,5.108859586211491,0.4400028689585069,5.1330287870490725,0.4398807302093662,0.3684210526315788,5.551115123125783e-17,455,114,32,True,False,BCP
SVM,dp,0.8,30,0.499289248762933,0.0372064632755914,0.062749823276139,0.0438836290151627,0.1028571428571428,0.0418906710600497,0.0173626373626373,0.0132154755657529,0.0086446886446886,0.0090071167116798,8.934477332603112,0.334491582815101,9.022329199953647,0.3412247321022839,0.8070175438596494,3.3306690738754696e-16,455,114,32,True,False,BCP
SVM,dp,1.0,30,0.5019188998136367,0.0351477003787686,0.062951609793715,0.0393249190873301,0.107032967032967,0.0363719110293492,0.0154578754578754,0.0144619541155552,0.0082783882783882,0.0095409819821747,5.6338219351260355,0.2623697220515679,5.711109552873195,0.2739405526381019,0.868421052631579,0.0,455,114,32,True,False,BCP
SVM,dp,2.0,30,0.4965002249212776,0.0308207125241552,0.0573452862926547,0.0380745299365148,0.1049084249084249,0.0338914749768227,0.0167765567765567,0.0138593266408609,0.009084249084249,0.0078780982029421,1.5987277736281764,0.1069415228086053,1.6266809466074896,0.1116896846635608,0.8947368421052633,1.1102230246251563e-16,455,114,32,True,False,BCP
SVM,dp,4.0,30,0.4978510378510378,0.0301304833160235,0.0533384743911059,0.0350265401033109,0.1005860805860806,0.0256160003466952,0.0177289377289377,0.0137244882371827,0.0098168498168498,0.0093025870648204,0.6285403614853281,0.0410391865197648,0.643047499124408,0.0442361191570434,0.9035087719298248,2.220446049250313e-16,455,114,32,True,False,BCP
SVM,dp,8.0,30,0.5053576248313091,0.0248974830096386,0.0642375168690958,0.0290349357975372,0.0996336996336996,0.0290704980363747,0.0215384615384615,0.0136240101932405,0.0105494505494505,0.0081723573728259,0.3025611198518305,0.0184010897688037,0.3114209322402622,0.0199471518755751,0.9035087719298248,2.220446049250313e-16,455,114,32,True,False,BCP
SVM,dp,10.0,30,0.5073035151982521,0.0223709023509657,0.0660150375939849,0.0285426071997769,0.1024175824175824,0.0291383595333838,0.0216117216117216,0.0128288826681943,0.012014652014652,0.0086011194850925,0.2508630436439324,0.0147450198396438,0.2585429854997443,0.0158861478124126,0.9035087719298248,2.220446049250313e-16,455,114,32,True,False,BCP
DNN,standard,,5,0.5206092153460574,0.0135512787733457,0.0768266820898399,0.0197579857383168,0.1327472527472527,0.0297345661983081,0.0378021978021978,0.0180915302217641,0.0268131868131868,0.0080332601681305,0.9634810620578464,0.0591255577189395,0.9902998382704986,0.051934590567027,0.9736842105263156,1.1102230246251563e-16,455,114,32,True,False,BCP
DNN,dp,0.1,5,0.5001503759398497,0.0256057089240059,0.0649971081550029,0.0166446277993583,0.1112087912087912,0.0084092863603116,0.0210989010989011,0.0063088791623768,0.0123076923076923,0.0064601927282193,0.8722117644133286,0.0389952914476739,0.8960071779030392,0.0282469679369923,0.631578947368421,0.0,455,114,32,True,False,BCP
DNN,dp,0.2,5,0.5005822247927512,0.0252148525044712,0.0684557547715442,0.0173270120041253,0.1125274725274725,0.0082702803174623,0.0210989010989011,0.0063088791623768,0.0123076923076923,0.0064601927282193,0.8722117644133286,0.0389952914476739,0.8960071779030392,0.0282469679369923,0.631578947368421,0.0,455,114,32,True,False,BCP
DNN,dp,0.4,5,0.5010333526123001,0.0244441167907078,0.0750684403315982,0.0161203862269032,0.1156043956043955,0.0086359923975334,0.021098901098901,0.0067526556025218,0.0123076923076923,0.0064601927282193,0.8722117644133286,0.0389952914476739,0.8960071779030392,0.0282469679369923,0.631578947368421,0.0,455,114,32,True,False,BCP
DNN,dp,0.8,5,0.503165606323501,0.0230773672780783,0.0777520724889146,0.0211176242523489,0.1164835164835164,0.0145121529839289,0.0219780219780219,0.0073552529805193,0.0105494505494505,0.0089437318458794,0.8722117644133286,0.0389952914476739,0.8960071779030392,0.0282469679369923,0.631578947368421,0.0,455,114,32,True,False,BCP
DNN,dp,1.0,5,0.5044457297088876,0.0223123822634762,0.0729091960670908,0.024132656712691,0.1208791208791208,0.0133325282532774,0.0215384615384615,0.0072760199372513,0.0105494505494505,0.0089437318458794,0.8722117644133286,0.0389952914476739,0.8960071779030392,0.0282469679369923,0.631578947368421,0.0,455,114,32,True,False,BCP
DNN,dp,2.0,5,0.5077617119722383,0.0199309332576409,0.074937343358396,0.021074582620866,0.1248351648351648,0.0179844154245967,0.0210989010989011,0.010997798684129,0.0109890109890109,0.0090083083656787,0.8722117644133286,0.0389952914476739,0.8960071779030392,0.0282469679369923,0.631578947368421,0.0,455,114,32,True,False,BCP
DNN,dp,4.0,5,0.5090649701176015,0.0195434657170652,0.0741391941391941,0.0228807097166061,0.1345054945054945,0.0217748854092322,0.0215384615384615,0.0103460239964306,0.0101098901098901,0.0085233931558968,0.8722117644133286,0.0389952914476739,0.8960071779030392,0.0282469679369923,0.631578947368421,0.0,455,114,32,True,False,BCP
DNN,dp,8.0,5,0.5095469442837863,0.020297422735199,0.0688220551378446,0.0168053433009944,0.1305494505494505,0.0268311955376384,0.0193406593406593,0.0098681073936895,0.0118681318681318,0.0107310379039417,0.8722117644133286,0.0389952914476739,0.8960071779030392,0.0282469679369923,0.7631578947368421,0.0,455,114,32,True,False,BCP
DNN,dp,10.0,5,0.5092423366107577,0.0205001243557884,0.0698476961634856,0.0187119389863662,0.123076923076923,0.0207107147066193,0.0206593406593406,0.0123233808957153,0.0114285714285714,0.0103460239964306,0.8722117644133286,0.0389952914476739,0.8960071779030392,0.0282469679369923,0.8421052631578947,0.0,455,114,32,True,False,BCP
LR,standard,,30,0.5069758333333333,0.0206917499755933,0.0481388888888888,0.0255392611096071,0.1022222222222222,0.0149634327942372,0.0122222222222222,0.0064704933313169,0.0029444444444444,0.0026416652062152,0.1733232576232696,0.0055169645194316,0.1755103270946695,0.0056271852310906,0.8500000000000002,2.220446049250313e-16,1200,300,32,True,False,CANCER_RISK
LR,dp,0.1,30,0.5050862962962962,0.0179006187522855,0.0461388888888888,0.0201814492805082,0.1208888888888888,0.0216655270355557,0.0163611111111111,0.0093528648149598,0.0039166666666666,0.0045038563722905,7.612576667065158,0.3423815586208899,7.622534494031305,0.3477800269067894,0.6833333333333333,0.0,1200,300,32,True,False,CANCER_RISK
LR,dp,0.2,30,0.5033790740740741,0.0173796887526372,0.0435555555555555,0.0234441153215444,0.1175833333333333,0.0220031037372929,0.0128333333333333,0.0078693027598336,0.0024722222222222,0.0039410196399496,6.3761240572298465,0.3727441783715783,6.397029615835058,0.3720304756714501,0.7433333333333331,2.220446049250313e-16,1200,300,32,True,False,CANCER_RISK
LR,dp,0.4,30,0.5007894444444445,0.0161541100275407,0.0394444444444444,0.0178423307174847,0.1168611111111111,0.0182633555055194,0.0138333333333333,0.0074523175614728,0.0023888888888888,0.0030560605643277,4.73587595886901,0.3966627680657407,4.766530788327693,0.3965277774660007,0.8033333333333336,2.220446049250313e-16,1200,300,32,True,False,CANCER_RISK
LR,dp,0.8,30,0.5051437962962964,0.0182764527646956,0.0440277777777777,0.0216550004204543,0.1131388888888889,0.0199753126955237,0.0166666666666666,0.0067185481235821,0.0036666666666666,0.0036993492921303,8.207949243077328,0.4013225112249915,8.260159036386755,0.410785441670809,0.7933333333333332,1.1102230246251563e-16,1200,300,32,True,False,CANCER_RISK
LR,dp,1.0,30,0.5010730555555556,0.0202997012023409,0.04075,0.0227774559597862,0.1137777777777777,0.017685175489623,0.0141111111111111,0.0069686245698173,0.0038888888888888,0.0054362182752169,4.07819280808417,0.4035880282849826,4.1171917197823324,0.4073517452125004,0.8433333333333335,1.1102230246251563e-16,1200,300,32,True,False,CANCER_RISK
LR,dp,2.0,30,0.505147037037037,0.0203155208729727,0.0415,0.0244848781752995,0.1029166666666666,0.0171374481656292,0.0103611111111111,0.0059887368564499,0.0026666666666666,0.0031652043407209,0.7427362894873115,0.103434708645899,0.7500962644085312,0.1069334162115558,0.8466666666666669,2.220446049250313e-16,1200,300,32,True,False,CANCER_RISK
LR,dp,4.0,30,0.5089501851851851,0.0180508080073661,0.0499166666666666,0.0204026028659018,0.0965555555555555,0.0214235649648341,0.01075,0.0059564390928361,0.003,0.0038646067309863,0.3148339223183418,0.024204975327712,0.3184037693177705,0.0253044776394215,0.8500000000000002,2.220446049250313e-16,1200,300,32,True,False,CANCER_RISK
LR,dp,8.0,30,0.5084700925925927,0.0195616278146507,0.0534444444444444,0.0245644780169844,0.0915555555555555,0.0181668365605375,0.0105277777777777,0.0060303373981728,0.0025555555555555,0.0026170146029586,0.2095408557775757,0.0101092688375915,0.212196197024617,0.0106189570366676,0.8500000000000002,2.220446049250313e-16,1200,300,32,True,False,CANCER_RISK
LR,dp,10.0,30,0.5075941666666667,0.0202845786585001,0.0500555555555555,0.0246324211729076,0.0921944444444444,0.0172984201448043,0.01075,0.0056982372192992,0.0023611111111111,0.0017491179434923,0.1963432790415264,0.0083819038200305,0.1988760368803787,0.0087406569030572,0.8500000000000002,2.220446049250313e-16,1200,300,32,True,False,CANCER_RISK
RF,standard,,30,0.5647062037037037,0.009900856150455,0.1131666666666666,0.0190739302403782,0.1493055555555555,0.0158349170747886,0.03275,0.0097352690236563,0.0135277777777777,0.0067209020742276,0.2926731721198655,0.006753635558328,0.3000704426055796,0.0068268329724351,0.8500000000000002,2.220446049250313e-16,1200,300,32,True,False,CANCER_RISK
RF,dp,0.1,30,0.4944296296296296,0.0186777517286339,0.0320277777777777,0.0180581408405539,0.1013888888888888,0.0166629625513488,0.0115,0.0049786581562743,0.0022222222222222,0.0022906142364542,0.4915661806767746,0.0258758694187095,0.4873022589043335,0.0215559043046369,0.6400000000000001,1.1102230246251563e-16,1200,300,32,True,False,CANCER_RISK
RF,dp,0.2,30,0.5012628703703704,0.0195085591440848,0.0386666666666666,0.0227899019223345,0.1001388888888889,0.0168229937075405,0.0096388888888888,0.0044756715476528,0.0010277777777777,0.0018718595098701,0.6150949698113994,0.0738616866078279,0.6123806971510294,0.0738682013284469,0.6666666666666669,2.220446049250313e-16,1200,300,32,True,False,CANCER_RISK
RF,dp,0.4,30,0.5007975,0.0145679848746356,0.0369722222222222,0.0169755861369013,0.10675,0.0194357321751763,0.0095555555555555,0.0041260988061393,0.0028333333333333,0.0024494897427831,1.0437008918271116,0.1419701848980248,1.0186558012442468,0.1416942898142334,0.6866666666666669,2.220446049250313e-16,1200,300,32,True,False,CANCER_RISK
RF,dp,0.8,30,0.5030999074074074,0.0156672568755934,0.043,0.0200850045408859,0.1033611111111111,0.0170544923664277,0.0143888888888888,0.0050181768368035,0.0028611111111111,0.0023637240443894,1.5357035575738769,0.1242361107864918,1.5137441635736384,0.13030735875137,0.7333333333333335,2.220446049250313e-16,1200,300,32,True,False,CANCER_RISK
RF,dp,1.0,30,0.5023329629629629,0.0143196683844495,0.04125,0.0157538208181497,0.0993333333333333,0.0148704280244258,0.0084166666666666,0.0050842439985741,0.0012777777777777,0.0015325682471259,1.6654703852481805,0.1210702927530907,1.6298292142779642,0.1267656029230492,0.7100000000000002,2.220446049250313e-16,1200,300,32,True,False,CANCER_RISK
RF,dp,2.0,30,0.4988142592592592,0.0162502394368769,0.0384166666666666,0.0169890351348984,0.1007222222222222,0.0179837031850204,0.0089166666666666,0.0034301900390071,0.0016111111111111,0.0018248964117396,1.8545513484000928,0.1243850575229908,1.8164507974530264,0.1240391732301466,0.7233333333333332,2.220446049250313e-16,1200,300,32,True,False,CANCER_RISK
RF,dp,4.0,30,0.4988743518518518,0.0192069968427592,0.0377777777777777,0.0180204787483847,0.1003888888888888,0.0173335113950968,0.0108888888888888,0.005506449641495,0.0016388888888888,0.0018318596770886,1.9113903808275243,0.1051907787165668,1.875412896345024,0.1105785074070213,0.7266666666666667,0.0,1200,300,32,True,False,CANCER_RISK
RF,dp,8.0,30,0.4977866666666667,0.019711544154185,0.0388333333333333,0.0201758473134293,0.0992777777777778,0.01837965528499,0.0110555555555555,0.0048873103512193,0.0016111111111111,0.0017993483045224,1.9181925721938455,0.1031136693736224,1.882438793878097,0.1076178427916969,0.7266666666666667,0.0,1200,300,32,True,False,CANCER_RISK
RF,dp,10.0,30,0.4981312037037037,0.0199219658697865,0.0392222222222222,0.0198255509163251,0.0997222222222222,0.0188565900325143,0.0109166666666666,0.0050339127701796,0.0016111111111111,0.0017993483045224,1.9179896869850088,0.1035545831935466,1.882577948680301,0.1082242129149142,0.7266666666666667,0.0,1200,300,32,True,False,CANCER_RISK
GNB,standard,,30,0.511094074074074,0.0139703231117381,0.0503888888888889,0.0182062938513709,0.1123055555555555,0.0171360073212396,0.0109444444444444,0.0053650676246701,0.00275,0.0022272512539334,0.7130747966968347,0.0699647099106408,0.7210653291142991,0.0747780537139011,0.8299999999999996,3.3306690738754696e-16,1200,300,32,True,False,CANCER_RISK
GNB,dp,0.1,30,0.5044956481481482,0.0181961314553392,0.046,0.0213972566604364,0.1071666666666666,0.0161325527818525,0.0136111111111111,0.0087277052829579,0.0041111111111111,0.0045741490472188,6.773702425294242,0.6154440985831646,6.7785357665275745,0.619223643746909,0.6900000000000002,2.220446049250313e-16,1200,300,32,True,False,CANCER_RISK
GNB,dp,0.2,30,0.4989826851851852,0.0146079146215396,0.0417777777777777,0.0203871479729052,0.1156388888888888,0.0203188510963721,0.0159444444444444,0.008699545894208,0.0045277777777777,0.0046232270542405,6.411564056885202,0.705857137424463,6.415099882136743,0.6994101879206861,0.5399999999999998,2.220446049250313e-16,1200,300,32,True,False,CANCER_RISK
GNB,dp,0.4,30,0.4938661111111112,0.0155149315343124,0.0338888888888888,0.0192874615447317,0.091,0.0162224124798584,0.0099444444444444,0.0048061175008627,0.0028055555555555,0.0036482068993201,6.02025551263989,0.5124376367188608,6.03978876087078,0.5144851854202955,0.7300000000000001,1.1102230246251563e-16,1200,300,32,True,False,CANCER_RISK
GNB,dp,0.8,30,0.4964363888888888,0.0225103666716099,0.0415555555555555,0.0247905423025459,0.0948333333333333,0.0230130800166308,0.0114444444444444,0.0070969911899774,0.0034722222222222,0.003849502934082,5.12125627964664,0.6386243150580838,5.139562710436356,0.6363326310271951,0.8233333333333336,2.220446049250313e-16,1200,300,32,True,False,CANCER_RISK
GNB,dp,1.0,30,0.4958521296296296,0.0145341617706767,0.0364444444444444,0.0176487505240945,0.0928888888888889,0.0144220980991063,0.0120833333333333,0.008265697747877,0.0031111111111111,0.0054896085897936,4.922785862165482,0.6254649583514933,4.943014673179695,0.6315067179383836,0.7100000000000002,2.220446049250313e-16,1200,300,32,True,False,CANCER_RISK
GNB,dp,2.0,30,0.5009571296296297,0.0203013565056326,0.0451666666666666,0.0226347814951532,0.0944166666666666,0.0135864004717135,0.011,0.0050753580424694,0.0025833333333333,0.0024376483810487,3.2391821910939913,0.4278483891454536,3.2558627870883896,0.4296770007565938,0.7800000000000001,1.1102230246251563e-16,1200,300,32,True,False,CANCER_RISK
GNB,dp,4.0,30,0.5034012962962963,0.0198169991708771,0.0436666666666666,0.021071527217059,0.1038888888888888,0.0152514925397928,0.0134166666666666,0.0064418696963835,0.0029999999999999,0.0026051942417096,1.8609751293509156,0.3336303016975071,1.864671555384558,0.3357278559704933,0.84,0.0,1200,300,32,True,False,CANCER_RISK
GNB,dp,8.0,30,0.4985401851851852,0.0194063847191315,0.0364722222222222,0.0222232812247665,0.1065277777777777,0.0174762846363681,0.0124444444444444,0.0055190467060181,0.0028888888888888,0.0030256108453755,1.219762492850271,0.1015219074912057,1.223968199525493,0.0957573037635189,0.8066666666666663,3.3306690738754696e-16,1200,300,32,True,False,CANCER_RISK
GNB,dp,10.0,30,0.4976988888888888,0.0156592506186685,0.0305833333333333,0.0157058463990678,0.1023611111111111,0.0126126100430785,0.0124444444444444,0.0058449619542742,0.0044444444444444,0.003892855120301,1.099668162870892,0.0915041839577916,1.1032708812199414,0.0855957969204989,0.8233333333333336,2.220446049250313e-16,1200,300,32,True,False,CANCER_RISK
SVM,standard,,30,0.5771351851851853,0.01469690655935,0.1254166666666666,0.0217272124134519,0.1720555555555555,0.0185725969650098,0.0263333333333333,0.0143800916908424,0.0052222222222222,0.0059625891302187,0.4104997484141384,0.0124113078188497,0.4389642579995987,0.0129539926196624,0.8833333333333332,1.1102230246251563e-16,1200,300,32,True,False,CANCER_RISK
SVM,dp,0.1,30,0.5052662037037037,0.0204134647537536,0.0469444444444444,0.0211359502994714,0.0921111111111111,0.0157919537255254,0.0115833333333333,0.0072115840454399,0.0034722222222222,0.0049818342846291,4.871419750245617,0.4738651577569696,4.883108138994817,0.4753479691789546,0.7266666666666667,0.0,1200,300,32,True,False,CANCER_RISK
SVM,dp,0.2,30,0.5037119444444443,0.0223094494335422,0.0463055555555555,0.0266377302493944,0.0960277777777777,0.0171616542484461,0.0136111111111111,0.0095702406538623,0.0039444444444444,0.0058883647565493,3.427109996910656,0.3264309706279945,3.448472721979842,0.3316771544120545,0.7100000000000002,2.220446049250313e-16,1200,300,32,True,False,CANCER_RISK
SVM,dp,0.4,30,0.5057135185185185,0.0198235483790384,0.0456388888888889,0.0267487307879351,0.1057777777777777,0.0196519876166241,0.0148055555555555,0.0082121278125633,0.0038888888888888,0.0048032267960529,4.055712325293893,0.384068690919614,4.101388435041966,0.3958022676776624,0.8133333333333331,2.220446049250313e-16,1200,300,32,True,False,CANCER_RISK
SVM,dp,0.8,30,0.5033416666666668,0.0233360186505947,0.0478888888888889,0.0261926033287224,0.1013888888888888,0.0220818483078604,0.0116111111111111,0.0088006032340942,0.0034999999999999,0.0037908271353848,0.6432653531423642,0.057579258991231,0.6507409577722734,0.0581027792894336,0.8433333333333335,1.1102230246251563e-16,1200,300,32,True,False,CANCER_RISK
SVM,dp,1.0,30,0.5034610185185184,0.0226061188237459,0.0463333333333333,0.0244907389904081,0.1021666666666666,0.0239468934040243,0.0119444444444444,0.0088331586286007,0.0029166666666666,0.0032328607902118,0.4710688397640042,0.0352318462615858,0.4762546425604411,0.0355534546971243,0.8433333333333335,1.1102230246251563e-16,1200,300,32,True,False,CANCER_RISK
SVM,dp,2.0,30,0.5046373148148148,0.0210910015660548,0.04375,0.0263230904833112,0.1023333333333333,0.0189973194990279,0.0110555555555555,0.00591581892727,0.0022222222222222,0.0019285061064121,0.2631702217762203,0.01365913568481,0.2660345305265307,0.0139964867863576,0.8466666666666669,2.220446049250313e-16,1200,300,32,True,False,CANCER_RISK
SVM,dp,4.0,30,0.5069792592592592,0.0208312647952499,0.0491944444444444,0.0251619599474099,0.1042777777777777,0.0186583976393777,0.0134722222222222,0.0066808298626982,0.0030555555555555,0.0034916125249934,0.2121250575709914,0.0095186864458249,0.2145043599086225,0.0096698149133991,0.8500000000000002,2.220446049250313e-16,1200,300,32,True,False,CANCER_RISK
SVM,dp,8.0,30,0.5093148148148148,0.0207691073998843,0.0540833333333333,0.0213397885199004,0.1041388888888888,0.0215493440363056,0.0148333333333333,0.007997105958014,0.0028611111111111,0.0030021854179831,0.1999207279317198,0.0086550488780648,0.2022041105922978,0.0087346091674963,0.8500000000000002,2.220446049250313e-16,1200,300,32,True,False,CANCER_RISK
SVM,dp,10.0,30,0.5100707407407408,0.0208438083262593,0.0524444444444444,0.0201118784384002,0.1049166666666666,0.0218712033742324,0.0145833333333333,0.0072672209268743,0.00275,0.0027483159826957,0.1985311145217364,0.0085348396824177,0.2008067916913285,0.0086036523261991,0.8500000000000002,2.220446049250313e-16,1200,300,32,True,False,CANCER_RISK
DNN,standard,,5,0.5761761111111111,0.013622830396973,0.1476666666666666,0.0171787983023001,0.141,0.0096234666888346,0.0396666666666666,0.0106536378763312,0.0128333333333333,0.0097695672598352,0.6722902870542036,0.0177215163494214,0.7079565469531841,0.0081148944581392,0.89,0.0,1200,300,32,True,False,CANCER_RISK
DNN,dp,0.1,5,0.51616,0.016965726762149,0.0643333333333333,0.0125432584814845,0.1008333333333333,0.0154020200695305,0.0181666666666666,0.0011055415967851,0.0071666666666666,0.0031885210782848,0.491850711870218,0.0142906430002894,0.5073839328971195,0.0118095456692541,0.59,0.0,1200,300,32,True,False,CANCER_RISK
DNN,dp,0.2,5,0.5176627777777778,0.0170753109980173,0.0645,0.0132978695035458,0.0988333333333333,0.0192252727187707,0.0194999999999999,0.002013840995599,0.0075,0.0035355339059327,0.491850711870218,0.0142906430002894,0.5073839328971195,0.0118095456692541,0.67,0.0,1200,300,32,True,False,CANCER_RISK
DNN,dp,0.4,5,0.5188344444444445,0.0165788841602805,0.0605,0.0119443152447792,0.098,0.0177685740064368,0.0205,0.0043969686527576,0.0078333333333333,0.0033582402799349,0.491850711870218,0.0142906430002894,0.5073839328971195,0.0118095456692541,0.6366666666666667,0.0,1200,300,32,True,False,CANCER_RISK
DNN,dp,0.8,5,0.5188427777777778,0.011863625884855,0.0611666666666666,0.0131085214014904,0.1021666666666666,0.0162069943748576,0.0193333333333333,0.0040620192023179,0.0079999999999999,0.0040345728123034,0.491850711870218,0.0142906430002894,0.5073839328971195,0.0118095456692541,0.63,0.0,1200,300,32,True,False,CANCER_RISK
DNN,dp,1.0,5,0.5179927777777777,0.0097372478493161,0.0598333333333333,0.0132748718344932,0.1005,0.0113846875719587,0.0188333333333333,0.0036742346141747,0.0068333333333333,0.0029059326290271,0.491850711870218,0.0142906430002894,0.5073839328971195,0.0118095456692541,0.63,0.0,1200,300,32,True,False,CANCER_RISK
DNN,dp,2.0,5,0.5127022222222222,0.0085801287437461,0.0496666666666666,0.0093926685357369,0.1055,0.0116499880782008,0.018,0.0046127841676993,0.007,0.0035197853469904,0.491850711870218,0.0142906430002894,0.5073839328971195,0.0118095456692541,0.6633333333333333,0.0,1200,300,32,True,False,CANCER_RISK
DNN,dp,4.0,5,0.5040866666666667,0.0102130336722309,0.0408333333333333,0.0101105005920687,0.1118333333333333,0.0188517608962369,0.0175,0.0041163630117428,0.0056666666666666,0.0036285901761795,0.491850711870218,0.0142906430002894,0.5073839328971195,0.0118095456692541,0.7366666666666667,0.0,1200,300,32,True,False,CANCER_RISK
DNN,dp,8.0,5,0.4998155555555555,0.0141789829468621,0.0383333333333333,0.0131339255365636,0.099,0.0108448656566649,0.0115,0.0052014955114424,0.0026666666666666,0.0021984843263788,0.491850711870218,0.0142906430002894,0.5073839328971195,0.0118095456692541,0.8233333333333335,1.1102230246251563e-16,1200,300,32,True,False,CANCER_RISK
DNN,dp,10.0,5,0.4990705555555556,0.0177382311532025,0.044,0.0198774020211674,0.0968333333333333,0.0122972444971311,0.0098333333333333,0.0072533517156629,0.0034999999999999,0.0023213980461973,0.491850711870218,0.0142906430002894,0.5073839328971195,0.0118095456692541,0.8299999999999998,1.1102230246251563e-16,1200,300,32,True,False,CANCER_RISK
LR,standard,,30,0.500626421007234,0.0026576288281783,0.0061833872839277,0.0031873647858656,0.1010650775968265,0.0029234402147946,0.0100696102181434,0.0008778294236145,0.0010562363328794,0.0002712192116786,0.0427779490981126,0.0009275890133428,0.0427814378901412,0.0009334686339247,0.7455265577480726,1.1102230246251563e-16,56553,14139,32,True,False,DIABETES
LR,dp,0.1,30,0.5008816412026863,0.0028711849741805,0.0062203989070989,0.0028885704679637,0.1005186874848961,0.0026781859822258,0.0100831668228623,0.000699800547091,0.0011381653787892,0.0003023482468738,2.2472128247098144,0.1631147748475936,2.248404182126522,0.163925188775482,0.7163872975457957,3.3306690738754696e-16,56553,14139,32,True,False,DIABETES
LR,dp,0.2,30,0.5010571459510954,0.0029589152205038,0.0071068647131301,0.0036835845986094,0.0992667645099876,0.0020528903813289,0.0101203001314401,0.0008378027413214,0.0011534902362975,0.0003243087883869,1.1197917888116558,0.0992154035555569,1.1202495740708105,0.0997178233298222,0.7337152556757902,1.1102230246251563e-16,56553,14139,32,True,False,DIABETES
LR,dp,0.4,30,0.5006635145460695,0.0027984986718944,0.0074856861412429,0.0037122127095377,0.0987728325641433,0.0025000007521058,0.0099175404782534,0.0007676027699237,0.0011564373242798,0.0003531078773204,0.6332104004946337,0.0696731804591043,0.63344854461627,0.0706305667297648,0.7427682297192165,2.220446049250313e-16,56553,14139,32,True,False,DIABETES
LR,dp,0.8,30,0.5008400177067732,0.0029052677684961,0.0076076156690418,0.0039963546795592,0.098125652043216,0.0027888777383675,0.0095591745795978,0.0008505351059943,0.0010550574976865,0.0002864108620284,0.9107285249672764,0.1211805099943628,0.910541649869451,0.1220499821855263,0.7400099016903601,1.1102230246251563e-16,56553,14139,32,True,False,DIABETES
LR,dp,1.0,30,0.5002428888656465,0.0027138525154296,0.0063633850127253,0.0036327871547258,0.0982989408165791,0.0027010173742998,0.0098957320271839,0.0009604231923042,0.0011523114011045,0.0003286313653229,0.4005812838095555,0.0810151999852071,0.4013392207861462,0.0826347008144494,0.7449607468703585,1.1102230246251563e-16,56553,14139,32,True,False,DIABETES
LR,dp,2.0,30,0.4999084761077192,0.0025670620173508,0.0059796730318627,0.0029057581783817,0.0985853977684649,0.0024060982881349,0.009979429325883,0.0008096394667027,0.0011617420826481,0.000333169045886,0.0941495121109811,0.0064254522662244,0.0942130944064175,0.0064817658543842,0.7454558313883586,1.1102230246251563e-16,56553,14139,32,True,False,DIABETES
LR,dp,4.0,30,0.4998851675369659,0.0025953110331699,0.0054143108769018,0.0025121175364316,0.0999935164064387,0.0018921237609268,0.0100548747782316,0.0009657907238434,0.0011523114011045,0.0002786175170497,0.0547351092242332,0.0022467890376119,0.0547584021464651,0.0022616837927011,0.7456680104675011,1.1102230246251563e-16,56553,14139,32,True,False,DIABETES
LR,dp,8.0,30,0.4999722852002563,0.0026664004078372,0.005567377111468,0.0027478222158336,0.1008746957131658,0.0025664030690796,0.0101509498464567,0.0007572298123025,0.0011352182908068,0.0002341583344083,0.0455509797984729,0.001192936409829,0.04556118482183,0.0012069720720552,0.7456680104675011,1.1102230246251563e-16,56553,14139,32,True,False,DIABETES
LR,dp,10.0,30,0.4999685453020434,0.0027084259310006,0.0057014880613228,0.0025659648550599,0.1006536641144884,0.002865813332301,0.0100654842949681,0.0007472785430912,0.0010998532350184,0.0002645454311213,0.0445539804781518,0.0010700097475786,0.0445630563800889,0.0010822377989073,0.7454558313883586,1.1102230246251563e-16,56553,14139,32,True,False,DIABETES
RF,standard,,30,0.5005332063589678,0.0028525695953747,0.0067582529065644,0.0033461823481091,0.0991182312756765,0.0023245931331293,0.0099546737868312,0.000869020042096,0.0010721506079842,0.0002329571922296,0.1303682098826338,0.0025712508458786,0.1305152411510527,0.0025886074070987,0.7373223000212181,2.220446049250313e-16,56553,14139,32,True,False,DIABETES
RF,dp,0.1,30,0.4996226601823827,0.002400293731873,0.0052556972635266,0.0026356986929793,0.1003006029742012,0.0024842038632454,0.0103943793138,0.0009460850150578,0.0010839389599137,0.0002789191078948,1.751158233305649,0.0678129590183778,1.7526524048439165,0.0691926432882309,0.6757903670698072,3.3306690738754696e-16,56553,14139,32,True,False,DIABETES
RF,dp,0.2,30,0.4993094977234493,0.0023628993896315,0.0046879848168428,0.0024628707840888,0.1005180980672997,0.0016223697661329,0.010425618446413,0.0008250701116962,0.0011935706328576,0.0003374151907206,1.8470639038333545,0.066168057640439,1.848046026561626,0.0672385046775535,0.6863285946672328,3.3306690738754696e-16,56553,14139,32,True,False,DIABETES
RF,dp,0.4,30,0.4995912505901508,0.0027504461274746,0.0048632979701409,0.0027308296423693,0.1005959011900341,0.0022960111650844,0.0101639170335791,0.0007891823993588,0.0011151780925267,0.0003155206952838,1.884186048330608,0.0737305371246768,1.8850542373697805,0.0758596022799008,0.687813848221232,0.0,56553,14139,32,True,False,DIABETES
RF,dp,0.8,30,0.49979569322463,0.0028089179349822,0.0051971094295738,0.0031597220707752,0.1007786206449407,0.002197203021472,0.0104562681614296,0.0007598322124933,0.0011388367254316,0.0002811538519812,1.8997824790772777,0.0718484767843727,1.900723192999727,0.0733955079700752,0.6876723955018034,1.1102230246251563e-16,56553,14139,32,True,False,DIABETES
RF,dp,1.0,30,0.4996300766348636,0.0027630982655567,0.0049448411995251,0.0028254870911981,0.1007420767539594,0.0019418707784578,0.0103893044282944,0.0008367039972704,0.0011369865435962,0.0002918831407317,1.9008503326336983,0.0732253326112748,1.9021844540787087,0.0743571445982234,0.6876723955018034,1.1102230246251563e-16,56553,14139,32,True,False,DIABETES
RF,dp,2.0,30,0.4997490015044347,0.0027168282873847,0.0049001213748774,0.0028736326324494,0.1008057338543784,0.0022535650894512,0.0103806930372099,0.0008991947231141,0.0011234299388773,0.0002499325220485,1.9033290176799509,0.0742881737270625,1.9042123964778896,0.075334621234653,0.6877431218615181,3.3306690738754696e-16,56553,14139,32,True,False,DIABETES
RF,dp,4.0,30,0.4997156434032646,0.002765162410851,0.00494743898911,0.0028537755257875,0.100772726468976,0.0021297575361428,0.0103566565876257,0.0009028502037224,0.0011134098397373,0.0002427720855375,1.9044082539378435,0.073678190475611,1.9054669423617083,0.0746851271524765,0.6877431218615181,3.3306690738754696e-16,56553,14139,32,True,False,DIABETES
RF,dp,8.0,30,0.4997475193103162,0.0027477680759496,0.0049782257721694,0.0028351359924812,0.1007668322930112,0.0020907415670479,0.0103164465191943,0.0008867717756044,0.0011163569277197,0.0002421810680178,1.9047496054938189,0.0741492927940283,1.9058496919358392,0.0752031743900352,0.6874602164226608,0.0,56553,14139,32,True,False,DIABETES
RF,dp,10.0,30,0.4997492333903801,0.002744460610168,0.0049835304054756,0.0028364597096888,0.1007674217106077,0.0020909898894894,0.0103164465191943,0.0008867717756044,0.0011163569277197,0.0002421810680178,1.9047492207050607,0.0741501513972686,1.90584727048275,0.0752040351522402,0.6874602164226608,0.0,56553,14139,32,True,False,DIABETES
GNB,standard,,30,0.5001654764785463,0.0023766047720904,0.0058768281029687,0.0026168598372412,0.0995597050554347,0.0022777155135231,0.0099682303915501,0.0009698339534343,0.0010149771011263,0.0002833474518294,0.1650363303543189,0.0100390405541363,0.1650216302483003,0.0100276620755957,0.7153264021500817,3.3306690738754696e-16,56553,14139,32,True,False,DIABETES
GNB,dp,0.1,30,0.5000467262790176,0.0026187241925248,0.0060940514361612,0.0030327065734362,0.0983838169504712,0.0024024881756698,0.0097071183963126,0.000783457496545,0.0010379643873888,0.0002741324149088,5.963574686649275,0.4378251141918059,5.963718463837204,0.4350536537626936,0.6490558030978142,3.3306690738754696e-16,56553,14139,32,True,False,DIABETES
GNB,dp,0.2,30,0.5002745751994242,0.0025248307588096,0.0065812435362365,0.0026834587345737,0.0971825838888594,0.002024225911193,0.0093346064753417,0.0008382133730278,0.0008870734826917,0.0002818901594433,4.601524041375255,0.5001671555580182,4.603882087832332,0.4980150502998051,0.7004738666100856,0.0,56553,14139,32,True,False,DIABETES
GNB,dp,0.4,30,0.4997539080442876,0.0022581995742075,0.0059021986973441,0.0028858918889502,0.0979234818076258,0.0026219388312112,0.0098132135636777,0.0007341335176338,0.0010750976959666,0.0002672500240855,3.658955381828107,0.4493478748013123,3.661504701656265,0.4476492870935518,0.7025249310417995,2.220446049250313e-16,56553,14139,32,True,False,DIABETES
GNB,dp,0.8,30,0.4995294233981279,0.0023142322234348,0.0048101896062861,0.0024190074797637,0.0984327386109785,0.002536492044711,0.0102287529691911,0.000771408709642,0.0010397326401782,0.0003269562684141,2.759381742469055,0.5838487553014983,2.7582395735211938,0.5806490290469329,0.7143362331140817,1.1102230246251563e-16,56553,14139,32,True,False,DIABETES
GNB,dp,1.0,30,0.4998983800125202,0.0025758975716042,0.0056078515786512,0.0028525507257181,0.0984783123795377,0.0024285154805055,0.0097802061782752,0.0007774864951653,0.0009972945732321,0.0002651829003976,2.30667249998212,0.4923314392933193,2.3074512728821364,0.4908497972701125,0.7071928707829406,2.220446049250313e-16,56553,14139,32,True,False,DIABETES
GNB,dp,2.0,30,0.4994800139538102,0.0023101116514559,0.005118472517933,0.0027382349460823,0.0994011517219835,0.0021333107418898,0.0097660601559598,0.0007311983639874,0.0011458278075433,0.0002577608804226,1.4687339601395968,0.4174542007265011,1.4711551799084872,0.4183385000007475,0.7159629393875097,1.1102230246251563e-16,56553,14139,32,True,False,DIABETES
GNB,dp,4.0,30,0.4996099460375413,0.0028848276741826,0.0051136018500543,0.0030959573461329,0.0994760077567355,0.0023557761208915,0.0098952428105788,0.0008544920310067,0.0011788351929458,0.0002577581847853,0.8236838747754113,0.2323424674536495,0.8248101334760939,0.232919677301597,0.7153971285097958,1.1102230246251563e-16,56553,14139,32,True,False,DIABETES
GNB,dp,8.0,30,0.5002322007265473,0.0028813166429986,0.0064555980387699,0.0035243291495505,0.0999805492193164,0.0026267032626031,0.0097896368598188,0.0006149094661279,0.0010114405955475,0.0003342699385968,0.364992717936263,0.0397183290891064,0.3650396932490898,0.0403204154009001,0.7146191385529383,3.3306690738754696e-16,56553,14139,32,True,False,DIABETES
GNB,dp,10.0,30,0.5006696272471802,0.0028763614204548,0.0068544496601961,0.0040256482335141,0.1005782186621399,0.0019305779312089,0.0096906147036113,0.0007451667526761,0.0010049570019863,0.0001803319259291,0.3013363059268236,0.0284590511775909,0.3013711161057102,0.0287302202848254,0.7153264021500817,3.3306690738754696e-16,56553,14139,32,True,False,DIABETES
SVM,standard,,5,0.5482320430449382,0.0013762154460176,0.0640112372183378,0.002890731380317,0.1395469736353509,0.0016461056415898,0.0213569571905999,0.0017460240567048,0.004547946174385,0.0003462164907402,0.214548852389204,0.0029192060217537,0.2211204100111572,0.0030369490364124,0.7475776221797864,0.0,56553,14139,32,True,False,DIABETES
SVM,dp,0.1,5,0.5020846639860785,0.00218610659632,0.007966838368027,0.0020457102442018,0.0988241118950365,0.0020265565599361,0.0087493148020441,0.0006128877425047,0.0010326596290205,0.0002482113011916,0.1745508853486153,0.0063085339249449,0.1746571131568714,0.0063440319546796,0.727208430582078,0.0,56553,14139,32,True,False,DIABETES
SVM,dp,0.2,5,0.5018990798591021,0.0022035158366883,0.0076047303617284,0.0018165710811954,0.0990398387353456,0.0019670729445998,0.0090216257316145,0.0005690807816441,0.0008770533835517,0.0002444029854214,0.0886667477811142,0.0035739517448018,0.0887256190720399,0.0036016822149509,0.7266426197043638,0.0,56553,14139,32,True,False,DIABETES
SVM,dp,0.4,5,0.5022252262634771,0.0018005954338809,0.0087668239938914,0.0021480874971662,0.0998744540519512,0.0033494162001573,0.0097006348027514,0.000646378028955,0.0007709582161865,0.0001607457525134,0.0515260073017889,0.0023990140775135,0.0515636361388961,0.0024337188350631,0.7263597142655067,0.0,56553,14139,32,True,False,DIABETES
SVM,dp,0.8,5,0.5029652803883706,0.0017906607420073,0.0092621126132105,0.0015118969815942,0.0994606828992272,0.0024122079142253,0.0098067299701165,0.0005030795721417,0.0008947359114459,0.0002048732814593,0.0376359606239017,0.0018562111685533,0.0376654370712373,0.0018950630212394,0.7260060824669354,0.0,56553,14139,32,True,False,DIABETES
SVM,dp,1.0,5,0.5031718816986183,0.0017065398561588,0.0096089250265282,0.0022710707703951,0.0995455590331193,0.0028017874775717,0.0097006348027514,0.0003773635399457,0.0009725390341803,0.0002321736786684,0.035675509417941,0.0017456910962156,0.0357038204257527,0.0017837848472059,0.7260768088266497,0.0,56553,14139,32,True,False,DIABETES
SVM,dp,2.0,5,0.5035133367024308,0.0014546755666275,0.009613998294981,0.0022608503113592,0.1001962760596254,0.0036029616143261,0.0100896504164235,0.0004954390620083,0.0012660689972238,0.0001233221634513,0.0329718445256262,0.0015109337106668,0.0329984194626666,0.0015440122593229,0.7257939033877926,0.0,56553,14139,32,True,False,DIABETES
SVM,dp,4.0,5,0.5037832154246139,0.0014809105542414,0.0107255220734469,0.0015667914747772,0.0999345746467915,0.002925560212669,0.0102346471451558,0.0006509860528404,0.001304970558591,0.0002360203520727,0.0323188715698399,0.0014033045389272,0.0323449388970958,0.0014315265025072,0.7256524506683641,0.0,56553,14139,32,True,False,DIABETES
SVM,dp,8.0,5,0.5038182758291685,0.0016204215819955,0.0109382046525353,0.0014340477856322,0.1001361554647852,0.0022325408201262,0.01055646915283,0.0007631808537267,0.0012589959860661,0.0002192633458879,0.0321806582839595,0.0013555109338676,0.0322065638216548,0.0013807360025385,0.7257231770280783,0.0,56553,14139,32,True,False,DIABETES
SVM,dp,10.0,5,0.503829286545067,0.0016223757796906,0.0108379939062924,0.0015231815311997,0.1000229872862624,0.0022123266366365,0.0104998850635686,0.0006583411974112,0.0012589959860661,0.0001995542019651,0.0321684726551233,0.0013464219283152,0.0321943531558498,0.0013710075170759,0.7257231770280783,0.0,56553,14139,32,True,False,DIABETES
DNN,standard,,5,0.5144255164357734,0.0032990504432891,0.0237072424103751,0.0040558993256697,0.1084575530917899,0.0036432290226229,0.011819001644475,0.0012868021552688,0.0013509451311159,0.0002654971354888,0.2169069164714085,0.0020678054888501,0.219295983428753,0.0018865385883163,0.7508310347266426,0.0,56553,14139,32,True,False,DIABETES
DNN,dp,0.1,5,0.4989572569904254,0.0022878357130901,0.0050028249836177,0.0025896681702199,0.0976888936042296,0.00262542609448,0.0102063551005251,0.0005087408015376,0.0012872880306968,0.0002479087888291,0.2169069164714085,0.0020678054888501,0.219295983428753,0.0018865385883163,0.7310276540066483,0.0,56553,14139,32,True,False,DIABETES
DNN,dp,0.2,5,0.4986311273443696,0.002415969615812,0.0039844809610968,0.0022953346418557,0.098442169292522,0.0027113352947746,0.0101179424610542,0.0006512741720228,0.0010998532350184,0.000220117289192,0.2169069164714085,0.0020678054888501,0.219295983428753,0.0018865385883163,0.7371808473017893,0.0,56553,14139,32,True,False,DIABETES
DNN,dp,0.4,5,0.4986324897707,0.0026241437558384,0.0044172973181698,0.0033863127651215,0.0993616607430198,0.0025091102087635,0.0098668505649567,0.0007467806970663,0.0011811928633317,0.000354251253674,0.2169069164714085,0.0020678054888501,0.219295983428753,0.0018865385883163,0.74000990169036,0.0,56553,14139,32,True,False,DIABETES
DNN,dp,0.8,5,0.4986935673405982,0.0028284382571795,0.0044976997312341,0.0023340902555291,0.0998956730854242,0.0026081482885601,0.0099870917546372,0.0007844667714932,0.0011281452796491,0.0001587099228852,0.2169069164714085,0.0020678054888501,0.219295983428753,0.0018865385883163,0.7437583987552161,0.0,56553,14139,32,True,False,DIABETES
DNN,dp,1.0,5,0.4986179858207037,0.002875336007023,0.0046240857212934,0.0020217491808288,0.1001432284759429,0.0023695801371415,0.0099977012713737,0.0008614567544189,0.0011210722684915,0.0001863305553702,0.2169069164714085,0.0020678054888501,0.219295983428753,0.0018865385883163,0.7453143786689299,0.0,56553,14139,32,True,False,DIABETES
DNN,dp,2.0,5,0.498610325768129,0.0028734999157173,0.0048276655316194,0.0022447960863368,0.100291761710254,0.0023972291172115,0.0100648948773716,0.000930269036915,0.0011175357629126,0.0002017358682574,0.2169069164714085,0.0020678054888501,0.219295983428753,0.0018865385883163,0.7478605276186435,0.0,56553,14139,32,True,False,DIABETES
DNN,dp,4.0,5,0.4986361973612083,0.0028228058578536,0.0051381929324672,0.0020929699312985,0.1004190759110922,0.0024863923032845,0.0103301327957844,0.0008496008438212,0.0010750976959666,0.0001626023578953,0.2169069164714085,0.0020678054888501,0.219295983428753,0.0018865385883163,0.7485677912157861,0.0,56553,14139,32,True,False,DIABETES
DNN,dp,8.0,5,0.4987714635095224,0.0028069090272709,0.0052573273227145,0.0022812189207747,0.0998815270631089,0.0026164071171199,0.010273548706523,0.0010733745953053,0.0010680246848089,0.0001986748275803,0.2169069164714085,0.0020678054888501,0.219295983428753,0.0018865385883163,0.7495579602517859,0.0,56553,14139,32,True,False,DIABETES
DNN,dp,10.0,5,0.4988534046864542,0.0027684043123873,0.0051656978363485,0.002311700348739,0.1000512793308931,0.0024565200097768,0.0103159867734691,0.0011584741583746,0.0010503421569147,0.0001679747081433,0.2169069164714085,0.0020678054888501,0.219295983428753,0.0018865385883163,0.7501237711295,0.0,56553,14139,32,True,False,DIABETES
